2018-04-18T23:30:00Z  445.189  56.224  -136.583  2.97420E-16  SWARM-A  14.407  56.098
2018-04-18T23:30:30Z  445.571  58.144  -136.406  2.93324E-16  SWARM-A  14.427  58.030
2018-04-18T23:31:00Z  445.943  60.062  -136.195  2.89340E-16  SWARM-A  14.449  59.962
2018-04-18T23:31:30Z  446.304  61.978  -135.943  2.85524E-16  SWARM-A  14.474  61.894
2018-04-18T23:32:00Z  446.651  63.893  -135.640  2.81393E-16  SWARM-A  14.503  63.825
2018-04-18T23:32:30Z  446.983  65.806  -135.275  2.77041E-16  SWARM-A  14.536  65.757
2018-04-18T23:33:00Z  447.296  67.717  -134.831  2.72805E-16  SWARM-A  14.574  67.689
2018-04-18T23:33:30Z  447.590  69.624  -134.287  2.68626E-16  SWARM-A  14.618  69.621
2018-04-18T23:34:00Z  447.862  71.528  -133.611  2.64717E-16  SWARM-A  14.672  71.553
2018-04-18T23:34:30Z  448.112  73.428  -132.758  2.61134E-16  SWARM-A  14.737  73.485
2018-04-18T23:35:00Z  448.338  75.321  -131.660  2.57496E-16  SWARM-A  14.818  75.418
2018-04-18T23:35:30Z  448.537  77.206  -130.211  2.53847E-16  SWARM-A  14.923  77.350
2018-04-18T23:36:00Z  448.711  79.078  -128.230  2.49867E-16  SWARM-A  15.064  79.282
2018-04-18T23:36:30Z  448.856  80.930  -125.396  2.45461E-16  SWARM-A  15.261  81.214
2018-04-18T23:37:00Z  448.972  82.745  -121.080  2.41005E-16  SWARM-A  15.557  83.146
2018-04-18T23:37:30Z  449.060  84.489  -113.902  2.36539E-16  SWARM-A  16.044  85.079
2018-04-18T23:38:00Z  449.117  86.066  -100.496  2.32094E-16  SWARM-A  16.946  87.011
2018-04-18T23:38:30Z  449.144  87.180  -73.444  2.27558E-16  SWARM-A  18.758  88.943
2018-04-18T23:39:00Z  449.141  87.208  -33.542  2.23045E-16  SWARM-A  21.426  90.875
2018-04-18T23:39:30Z  449.108  86.125  -5.749  2.18498E-16  SWARM-A  23.287  92.808
2018-04-18T23:40:00Z  449.044  84.559  8.046  2.14040E-16  SWARM-A  0.215  94.740
2018-04-18T23:40:30Z  448.950  82.820  15.395  2.09848E-16  SWARM-A  0.714  96.672
2018-04-18T23:41:00Z  448.827  81.006  19.795  2.05896E-16  SWARM-A  1.015  98.605
2018-04-18T23:41:30Z  448.675  79.156  22.674  2.02184E-16  SWARM-A  1.216  100.537
2018-04-18T23:42:00Z  448.495  77.284  24.683  1.98718E-16  SWARM-A  1.358  102.469
2018-04-18T23:42:30Z  448.289  75.400  26.150  1.95221E-16  SWARM-A  1.464  104.401
2018-04-18T23:43:00Z  448.057  73.507  27.260  1.91760E-16  SWARM-A  1.546  106.333
2018-04-18T23:43:30Z  447.800  71.607  28.121  1.88518E-16  SWARM-A  1.612  108.266
2018-04-18T23:44:00Z  447.521  69.703  28.804  1.85422E-16  SWARM-A  1.666  110.198
2018-04-18T23:44:30Z  447.220  67.796  29.353  1.82560E-16  SWARM-A  1.711  112.130
2018-04-18T23:45:00Z  446.900  65.885  29.801  1.79817E-16  SWARM-A  1.749  114.062
2018-04-18T23:45:30Z  446.562  63.973  30.169  1.77197E-16  SWARM-A  1.782  115.994
2018-04-18T23:46:00Z  446.208  62.058  30.474  1.74678E-16  SWARM-A  1.811  117.926
2018-04-18T23:46:30Z  445.840  60.141  30.728  1.72192E-16  SWARM-A  1.836  119.858
2018-04-18T23:47:00Z  445.461  58.223  30.940  1.69769E-16  SWARM-A  1.858  121.789
2018-04-18T23:47:30Z  445.073  56.303  31.118  1.67309E-16  SWARM-A  1.879  123.721
2018-04-18T23:48:00Z  444.678  54.382  31.267  1.64851E-16  SWARM-A  1.897  125.653
2018-04-18T23:48:30Z  444.278  52.460  31.391  1.62356E-16  SWARM-A  1.913  127.584
2018-04-18T23:49:00Z  443.877  50.536  31.495  1.59802E-16  SWARM-A  1.929  129.516
2018-04-18T23:49:30Z  443.475  48.611  31.581  1.57170E-16  SWARM-A  1.943  131.447
2018-04-18T23:50:00Z  443.076  46.686  31.651  1.54549E-16  SWARM-A  1.956  133.379
2018-04-18T23:50:30Z  442.683  44.759  31.708  1.51842E-16  SWARM-A  1.968  135.310
2018-04-18T23:51:00Z  442.297  42.831  31.753  1.49033E-16  SWARM-A  1.979  137.241
2018-04-18T23:51:30Z  441.922  40.902  31.788  1.46151E-16  SWARM-A  1.990  139.172
2018-04-18T23:52:00Z  441.560  38.973  31.814  1.43191E-16  SWARM-A  2.000  141.103
2018-04-18T23:52:30Z  441.212  37.042  31.831  1.40146E-16  SWARM-A  2.009  143.034
2018-04-18T23:53:00Z  440.883  35.111  31.842  1.37051E-16  SWARM-A  2.019  144.965
2018-04-18T23:53:30Z  440.573  33.179  31.847  1.33948E-16  SWARM-A  2.027  146.895
2018-04-18T23:54:00Z  440.287  31.246  31.846  1.30830E-16  SWARM-A  2.035  148.826
2018-04-18T23:54:30Z  440.024  29.312  31.840  1.27756E-16  SWARM-A  2.043  150.756
2018-04-18T23:55:00Z  439.789  27.378  31.829  1.24738E-16  SWARM-A  2.051  152.687
2018-04-18T23:55:30Z  439.582  25.443  31.815  1.21800E-16  SWARM-A  2.058  154.617
2018-04-18T23:56:00Z  439.406  23.508  31.797  1.18947E-16  SWARM-A  2.066  156.547
2018-04-18T23:56:30Z  439.262  21.572  31.776  1.16225E-16  SWARM-A  2.072  158.477
2018-04-18T23:57:00Z  439.153  19.635  31.752  1.13639E-16  SWARM-A  2.079  160.406
2018-04-18T23:57:30Z  439.079  17.698  31.726  1.11217E-16  SWARM-A  2.086  162.336
2018-04-18T23:58:00Z  439.042  15.761  31.698  1.08973E-16  SWARM-A  2.092  164.265
2018-04-18T23:58:30Z  439.043  13.823  31.668  1.06924E-16  SWARM-A  2.099  166.195
2018-04-18T23:59:00Z  439.084  11.885  31.636  1.05085E-16  SWARM-A  2.105  168.124
2018-04-18T23:59:30Z  439.164  9.947  31.603  1.03495E-16  SWARM-A  2.111  170.053
2018-04-19T00:00:00Z  439.286  8.009  31.569  1.02091E-16  SWARM-A  2.117  171.981
2018-04-19T00:00:30Z  439.448  6.071  31.535  1.00925E-16  SWARM-A  2.123  173.910
2018-04-19T00:01:00Z  439.653  4.133  31.499  1.00198E-16  SWARM-A  2.129  175.838
2018-04-19T00:01:30Z  439.899  2.194  31.463  9.97682E-17  SWARM-A  2.135  177.767
2018-04-19T00:02:00Z  440.186  0.256  31.427  9.96518E-17  SWARM-A  2.141  179.695
2018-04-19T00:02:30Z  440.515  -1.682  31.391  9.98732E-17  SWARM-A  2.147  181.623
2018-04-19T00:03:00Z  440.886  -3.619  31.355  1.00408E-16  SWARM-A  2.153  183.550
2018-04-19T00:03:30Z  441.296  -5.557  31.319  1.01241E-16  SWARM-A  2.159  185.478
2018-04-19T00:04:00Z  441.746  -7.494  31.284  1.02372E-16  SWARM-A  2.165  187.405
2018-04-19T00:04:30Z  442.235  -9.431  31.250  1.03814E-16  SWARM-A  2.171  189.332
2018-04-19T00:05:00Z  442.761  -11.367  31.216  1.05521E-16  SWARM-A  2.177  191.259
2018-04-19T00:05:30Z  443.324  -13.303  31.184  1.07453E-16  SWARM-A  2.183  193.186
2018-04-19T00:06:00Z  443.920  -15.238  31.154  1.09614E-16  SWARM-A  2.189  195.113
2018-04-19T00:06:30Z  444.550  -17.172  31.125  1.11934E-16  SWARM-A  2.196  197.039
2018-04-19T00:07:00Z  445.211  -19.106  31.098  1.14413E-16  SWARM-A  2.202  198.965
2018-04-19T00:07:30Z  445.900  -21.039  31.073  1.17000E-16  SWARM-A  2.209  200.891
2018-04-19T00:08:00Z  446.616  -22.971  31.051  1.19744E-16  SWARM-A  2.216  202.817
2018-04-19T00:08:30Z  447.357  -24.902  31.032  1.22592E-16  SWARM-A  2.223  204.743
2018-04-19T00:09:00Z  448.120  -26.833  31.017  1.25545E-16  SWARM-A  2.230  206.669
2018-04-19T00:09:30Z  448.903  -28.762  31.005  1.28572E-16  SWARM-A  2.238  208.594
2018-04-19T00:10:00Z  449.702  -30.691  30.997  1.31661E-16  SWARM-A  2.246  210.519
2018-04-19T00:10:30Z  450.516  -32.618  30.994  1.34825E-16  SWARM-A  2.254  212.444
2018-04-19T00:11:00Z  451.342  -34.545  30.997  1.37793E-16  SWARM-A  2.262  214.369
2018-04-19T00:11:30Z  452.176  -36.470  31.005  1.40698E-16  SWARM-A  2.271  216.293
2018-04-19T00:12:00Z  453.015  -38.395  31.020  1.43617E-16  SWARM-A  2.280  218.218
2018-04-19T00:12:30Z  453.858  -40.318  31.043  1.46489E-16  SWARM-A  2.290  220.142
2018-04-19T00:13:00Z  454.700  -42.240  31.074  1.49359E-16  SWARM-A  2.301  222.066
2018-04-19T00:13:30Z  455.539  -44.161  31.115  1.52249E-16  SWARM-A  2.312  223.990
2018-04-19T00:14:00Z  456.372  -46.080  31.168  1.55054E-16  SWARM-A  2.324  225.914
2018-04-19T00:14:30Z  457.196  -47.999  31.233  1.57811E-16  SWARM-A  2.336  227.837
2018-04-19T00:15:00Z  458.008  -49.916  31.312  1.60433E-16  SWARM-A  2.350  229.761
2018-04-19T00:15:30Z  458.804  -51.832  31.409  1.63035E-16  SWARM-A  2.365  231.684
2018-04-19T00:16:00Z  459.583  -53.746  31.525  1.65427E-16  SWARM-A  2.381  233.607
2018-04-19T00:16:30Z  460.340  -55.659  31.664  1.67702E-16  SWARM-A  2.398  235.530
2018-04-19T00:17:00Z  461.075  -57.570  31.830  1.69881E-16  SWARM-A  2.418  237.453
2018-04-19T00:17:30Z  461.782  -59.480  32.028  1.71892E-16  SWARM-A  2.439  239.376
2018-04-19T00:18:00Z  462.461  -61.388  32.265  1.73537E-16  SWARM-A  2.463  241.299
2018-04-19T00:18:30Z  463.109  -63.295  32.549  1.75062E-16  SWARM-A  2.491  243.221
2018-04-19T00:19:00Z  463.723  -65.199  32.890  1.76413E-16  SWARM-A  2.522  245.144
2018-04-19T00:19:30Z  464.300  -67.101  33.304  1.77612E-16  SWARM-A  2.558  247.066
2018-04-19T00:20:00Z  464.840  -69.000  33.810  1.78678E-16  SWARM-A  2.600  248.989
2018-04-19T00:20:30Z  465.339  -70.895  34.434  1.79494E-16  SWARM-A  2.650  250.911
2018-04-19T00:21:00Z  465.797  -72.787  35.217  1.80123E-16  SWARM-A  2.710  252.833
2018-04-19T00:21:30Z  466.211  -74.673  36.215  1.80477E-16  SWARM-A  2.785  254.755
2018-04-19T00:22:00Z  466.579  -76.551  37.519  1.80335E-16  SWARM-A  2.880  256.677
2018-04-19T00:22:30Z  466.901  -78.418  39.276  1.79995E-16  SWARM-A  3.006  258.599
2018-04-19T00:23:00Z  467.175  -80.268  41.740  1.79448E-16  SWARM-A  3.178  260.521
2018-04-19T00:23:30Z  467.400  -82.090  45.393  1.78703E-16  SWARM-A  3.430  262.442
2018-04-19T00:24:00Z  467.576  -83.857  51.242  1.77689E-16  SWARM-A  3.829  264.364
2018-04-19T00:24:30Z  467.701  -85.506  61.650  1.76592E-16  SWARM-A  4.531  266.286
2018-04-19T00:25:00Z  467.775  -86.847  82.356  1.75425E-16  SWARM-A  5.920  268.208
2018-04-19T00:25:30Z  467.799  -87.358  119.423  1.74330E-16  SWARM-A  8.399  270.129
2018-04-19T00:26:00Z  467.772  -86.637  153.830  1.73128E-16  SWARM-A  10.701  272.051
2018-04-19T00:26:30Z  467.693  -85.212  171.949  1.71834E-16  SWARM-A  11.917  273.973
2018-04-19T00:27:00Z  467.564  -83.532  -178.794  1.70504E-16  SWARM-A  12.543  275.895
2018-04-19T00:27:30Z  467.386  -81.752  -173.477  1.69219E-16  SWARM-A  12.906  277.816
2018-04-19T00:28:00Z  467.157  -79.924  -170.101  1.67858E-16  SWARM-A  13.139  279.738
2018-04-19T00:28:30Z  466.880  -78.070  -167.796  1.66722E-16  SWARM-A  13.301  281.660
2018-04-19T00:29:00Z  466.556  -76.200  -166.139  1.65770E-16  SWARM-A  13.420  283.582
2018-04-19T00:29:30Z  466.186  -74.320  -164.901  1.65053E-16  SWARM-A  13.511  285.504
2018-04-19T00:30:00Z  465.771  -72.433  -163.949  1.64645E-16  SWARM-A  13.583  287.426
2018-04-19T00:30:30Z  465.312  -70.541  -163.200  1.64804E-16  SWARM-A  13.641  289.348
2018-04-19T00:31:00Z  464.812  -68.645  -162.600  1.65580E-16  SWARM-A  13.689  291.270
2018-04-19T00:31:30Z  464.272  -66.745  -162.114  1.66630E-16  SWARM-A  13.730  293.192
2018-04-19T00:32:00Z  463.695  -64.843  -161.715  1.67958E-16  SWARM-A  13.765  295.115
2018-04-19T00:32:30Z  463.082  -62.938  -161.385  1.69544E-16  SWARM-A  13.795  297.037
2018-04-19T00:33:00Z  462.436  -61.032  -161.111  1.71335E-16  SWARM-A  13.822  298.960
2018-04-19T00:33:30Z  461.759  -59.123  -160.882  1.73364E-16  SWARM-A  13.845  300.882
2018-04-19T00:34:00Z  461.053  -57.213  -160.690  1.75553E-16  SWARM-A  13.867  302.805
2018-04-19T00:34:30Z  460.322  -55.302  -160.529  1.77907E-16  SWARM-A  13.886  304.728
2018-04-19T00:35:00Z  459.568  -53.389  -160.395  1.80453E-16  SWARM-A  13.903  306.651
2018-04-19T00:35:30Z  458.793  -51.474  -160.282  1.83129E-16  SWARM-A  13.919  308.574
2018-04-19T00:36:00Z  458.001  -49.558  -160.189  1.85945E-16  SWARM-A  13.933  310.497
2018-04-19T00:36:30Z  457.194  -47.641  -160.113  1.88841E-16  SWARM-A  13.947  312.420
2018-04-19T00:37:00Z  456.375  -45.722  -160.050  1.91855E-16  SWARM-A  13.959  314.344
2018-04-19T00:37:30Z  455.548  -43.803  -160.000  1.95009E-16  SWARM-A  13.971  316.268
2018-04-19T00:38:00Z  454.715  -41.882  -159.961  1.98346E-16  SWARM-A  13.982  318.192
2018-04-19T00:38:30Z  453.879  -39.960  -159.931  2.01871E-16  SWARM-A  13.992  320.116
2018-04-19T00:39:00Z  453.043  -38.036  -159.910  2.05616E-16  SWARM-A  14.002  322.040
2018-04-19T00:39:30Z  452.211  -36.112  -159.896  2.09574E-16  SWARM-A  14.011  323.964
2018-04-19T00:40:00Z  451.385  -34.186  -159.889  2.13793E-16  SWARM-A  14.020  325.889
2018-04-19T00:40:30Z  450.567  -32.260  -159.887  2.18261E-16  SWARM-A  14.028  327.813
2018-04-19T00:41:00Z  449.762  -30.332  -159.891  2.22947E-16  SWARM-A  14.036  329.738
2018-04-19T00:41:30Z  448.971  -28.403  -159.900  2.27850E-16  SWARM-A  14.044  331.663
2018-04-19T00:42:00Z  448.197  -26.474  -159.912  2.32729E-16  SWARM-A  14.052  333.589
2018-04-19T00:42:30Z  447.444  -24.543  -159.929  2.37784E-16  SWARM-A  14.059  335.514
2018-04-19T00:43:00Z  446.712  -22.612  -159.948  2.42960E-16  SWARM-A  14.066  337.440
2018-04-19T00:43:30Z  446.005  -20.680  -159.971  2.48265E-16  SWARM-A  14.073  339.365
2018-04-19T00:44:00Z  445.326  -18.747  -159.996  2.53631E-16  SWARM-A  14.079  341.291
2018-04-19T00:44:30Z  444.675  -16.813  -160.023  2.59026E-16  SWARM-A  14.086  343.217
2018-04-19T00:45:00Z  444.055  -14.879  -160.052  2.64405E-16  SWARM-A  14.092  345.144
2018-04-19T00:45:30Z  443.469  -12.944  -160.083  2.69679E-16  SWARM-A  14.099  347.070
2018-04-19T00:46:00Z  442.916  -11.008  -160.116  2.74857E-16  SWARM-A  14.105  348.997
2018-04-19T00:46:30Z  442.400  -9.072  -160.149  2.79858E-16  SWARM-A  14.111  350.924
2018-04-19T00:47:00Z  441.921  -7.135  -160.184  2.84597E-16  SWARM-A  14.117  352.851
2018-04-19T00:47:30Z  441.481  -5.198  -160.219  2.89033E-16  SWARM-A  14.123  354.778
2018-04-19T00:48:00Z  441.079  -3.261  -160.255  2.93148E-16  SWARM-A  14.129  356.706
2018-04-19T00:48:30Z  440.718  -1.323  -160.291  2.96880E-16  SWARM-A  14.135  358.633
2018-04-19T00:49:00Z  440.398  0.615  -160.327  3.00137E-16  SWARM-A  14.141  0.561
2018-04-19T00:49:30Z  440.119  2.553  -160.363  3.03012E-16  SWARM-A  14.147  2.489
2018-04-19T00:50:00Z  439.881  4.491  -160.399  3.05272E-16  SWARM-A  14.153  4.417
2018-04-19T00:50:30Z  439.684  6.429  -160.435  3.07229E-16  SWARM-A  14.159  6.345
2018-04-19T00:51:00Z  439.529  8.367  -160.469  3.08855E-16  SWARM-A  14.165  8.274
2018-04-19T00:51:30Z  439.415  10.305  -160.503  3.10177E-16  SWARM-A  14.171  10.202
2018-04-19T00:52:00Z  439.340  12.243  -160.536  3.11160E-16  SWARM-A  14.177  12.131
2018-04-19T00:52:30Z  439.306  14.181  -160.567  3.11953E-16  SWARM-A  14.183  14.060
2018-04-19T00:53:00Z  439.310  16.118  -160.597  3.12368E-16  SWARM-A  14.189  15.989
2018-04-19T00:53:30Z  439.352  18.055  -160.625  3.12607E-16  SWARM-A  14.196  17.919
2018-04-19T00:54:00Z  439.430  19.992  -160.651  3.12509E-16  SWARM-A  14.203  19.848
2018-04-19T00:54:30Z  439.543  21.928  -160.674  3.12310E-16  SWARM-A  14.209  21.778
2018-04-19T00:55:00Z  439.690  23.864  -160.694  3.11823E-16  SWARM-A  14.216  23.707
2018-04-19T00:55:30Z  439.868  25.799  -160.712  3.11167E-16  SWARM-A  14.223  25.637
2018-04-19T00:56:00Z  440.077  27.734  -160.725  3.10348E-16  SWARM-A  14.231  27.567
2018-04-19T00:56:30Z  440.314  29.668  -160.735  3.09396E-16  SWARM-A  14.239  29.497
2018-04-19T00:57:00Z  440.577  31.601  -160.740  3.08340E-16  SWARM-A  14.247  31.428
2018-04-19T00:57:30Z  440.863  33.534  -160.740  3.07145E-16  SWARM-A  14.255  33.358
2018-04-19T00:58:00Z  441.172  35.466  -160.735  3.05826E-16  SWARM-A  14.264  35.289
2018-04-19T00:58:30Z  441.500  37.397  -160.723  3.04481E-16  SWARM-A  14.273  37.219
2018-04-19T00:59:00Z  441.846  39.327  -160.704  3.03090E-16  SWARM-A  14.282  39.150
2018-04-19T00:59:30Z  442.206  41.256  -160.676  3.01631E-16  SWARM-A  14.292  41.081
2018-04-19T01:00:00Z  442.578  43.185  -160.640  3.00142E-16  SWARM-A  14.303  43.012
2018-04-19T01:00:30Z  442.960  45.112  -160.593  2.98805E-16  SWARM-A  14.315  44.943
2018-04-19T01:01:00Z  443.349  47.038  -160.534  2.97606E-16  SWARM-A  14.327  46.874
2018-04-19T01:01:30Z  443.743  48.964  -160.461  2.96458E-16  SWARM-A  14.340  48.805
2018-04-19T01:02:00Z  444.139  50.888  -160.372  2.95439E-16  SWARM-A  14.354  50.737
2018-04-19T01:02:30Z  444.534  52.811  -160.265  2.94533E-16  SWARM-A  14.370  52.668
2018-04-19T01:03:00Z  444.927  54.733  -160.137  2.93754E-16  SWARM-A  14.387  54.600
2018-04-19T01:03:30Z  445.314  56.654  -159.983  2.93097E-16  SWARM-A  14.405  56.531
2018-04-19T01:04:00Z  445.693  58.574  -159.799  2.92533E-16  SWARM-A  14.426  58.463
2018-04-19T01:04:30Z  446.063  60.491  -159.580  2.92084E-16  SWARM-A  14.449  60.394
2018-04-19T01:05:00Z  446.420  62.408  -159.318  2.91734E-16  SWARM-A  14.475  62.326
2018-04-19T01:05:30Z  446.764  64.322  -159.002  2.91231E-16  SWARM-A  14.504  64.258
2018-04-19T01:06:00Z  447.090  66.235  -158.621  2.90652E-16  SWARM-A  14.538  66.190
2018-04-19T01:06:30Z  447.399  68.144  -158.157  2.90035E-16  SWARM-A  14.577  68.122
2018-04-19T01:07:00Z  447.687  70.051  -157.587  2.89304E-16  SWARM-A  14.623  70.054
2018-04-19T01:07:30Z  447.954  71.954  -156.876  2.88345E-16  SWARM-A  14.679  71.986
2018-04-19T01:08:00Z  448.198  73.853  -155.976  2.87184E-16  SWARM-A  14.748  73.918
2018-04-19T01:08:30Z  448.416  75.745  -154.811  2.85689E-16  SWARM-A  14.834  75.850
2018-04-19T01:09:00Z  448.609  77.627  -153.262  2.83829E-16  SWARM-A  14.945  77.782
2018-04-19T01:09:30Z  448.775  79.495  -151.127  2.81547E-16  SWARM-A  15.096  79.715
2018-04-19T01:10:00Z  448.913  81.341  -148.034  2.78825E-16  SWARM-A  15.310  81.647
2018-04-19T01:10:30Z  449.022  83.144  -143.241  2.75564E-16  SWARM-A  15.638  83.579
2018-04-19T01:11:00Z  449.101  84.863  -135.077  2.71782E-16  SWARM-A  16.191  85.511
2018-04-19T01:11:30Z  449.150  86.375  -119.409  2.67599E-16  SWARM-A  17.244  87.443
2018-04-19T01:12:00Z  449.169  87.304  -88.339  2.63051E-16  SWARM-A  19.323  89.376
2018-04-19T01:12:30Z  449.158  87.039  -49.114  2.57964E-16  SWARM-A  21.947  91.308
2018-04-19T01:13:00Z  449.116  85.801  -25.201  2.52286E-16  SWARM-A  23.549  93.240
2018-04-19T01:13:30Z  449.044  84.180  -13.349  2.46268E-16  SWARM-A  0.348  95.173
2018-04-19T01:14:00Z  448.942  82.419  -6.860  2.40077E-16  SWARM-A  0.789  97.105
2018-04-19T01:14:30Z  448.811  80.595  -2.887  2.33718E-16  SWARM-A  1.062  99.037
2018-04-19T01:15:00Z  448.651  78.739  -0.245  2.27190E-16  SWARM-A  1.246  100.969
2018-04-19T01:15:30Z  448.464  76.864  1.620  2.20587E-16  SWARM-A  1.379  102.902
2018-04-19T01:16:00Z  448.249  74.977  2.994  2.13977E-16  SWARM-A  1.479  104.834
2018-04-19T01:16:30Z  448.010  73.082  4.040  2.07403E-16  SWARM-A  1.557  106.766
2018-04-19T01:17:00Z  447.746  71.182  4.856  2.00873E-16  SWARM-A  1.620  108.698
2018-04-19T01:17:30Z  447.459  69.277  5.505  1.94464E-16  SWARM-A  1.671  110.630
2018-04-19T01:18:00Z  447.152  67.369  6.029  1.88217E-16  SWARM-A  1.715  112.562
2018-04-19T01:18:30Z  446.825  65.457  6.457  1.82151E-16  SWARM-A  1.751  114.494
2018-04-19T01:19:00Z  446.481  63.544  6.809  1.76276E-16  SWARM-A  1.783  116.426
2018-04-19T01:19:30Z  446.121  61.629  7.102  1.70631E-16  SWARM-A  1.811  118.358
2018-04-19T01:20:00Z  445.748  59.712  7.346  1.65234E-16  SWARM-A  1.836  120.290
2018-04-19T01:20:30Z  445.364  57.793  7.550  1.60148E-16  SWARM-A  1.858  122.222
2018-04-19T01:21:00Z  444.971  55.873  7.720  1.55337E-16  SWARM-A  1.877  124.153
2018-04-19T01:21:30Z  444.572  53.952  7.863  1.50858E-16  SWARM-A  1.895  126.085
2018-04-19T01:22:00Z  444.169  52.029  7.983  1.46756E-16  SWARM-A  1.911  128.017
2018-04-19T01:22:30Z  443.764  50.105  8.082  1.43010E-16  SWARM-A  1.926  129.948
2018-04-19T01:23:00Z  443.360  48.180  8.164  1.39627E-16  SWARM-A  1.940  131.880
2018-04-19T01:23:30Z  442.959  46.254  8.231  1.36641E-16  SWARM-A  1.953  133.811
2018-04-19T01:24:00Z  442.564  44.327  8.285  1.34056E-16  SWARM-A  1.965  135.742
2018-04-19T01:24:30Z  442.178  42.399  8.327  1.31851E-16  SWARM-A  1.976  137.674
2018-04-19T01:25:00Z  441.802  40.470  8.360  1.30075E-16  SWARM-A  1.987  139.605
2018-04-19T01:25:30Z  441.440  38.541  8.384  1.28672E-16  SWARM-A  1.997  141.536
2018-04-19T01:26:00Z  441.094  36.610  8.400  1.27641E-16  SWARM-A  2.006  143.466
2018-04-19T01:26:30Z  440.766  34.678  8.409  1.27026E-16  SWARM-A  2.015  145.397
2018-04-19T01:27:00Z  440.458  32.746  8.413  1.26759E-16  SWARM-A  2.023  147.328
2018-04-19T01:27:30Z  440.174  30.813  8.410  1.26872E-16  SWARM-A  2.032  149.258
2018-04-19T01:28:00Z  439.915  28.879  8.403  1.27329E-16  SWARM-A  2.040  151.189
2018-04-19T01:28:30Z  439.683  26.945  8.392  1.28097E-16  SWARM-A  2.047  153.119
2018-04-19T01:29:00Z  439.481  25.010  8.377  1.29138E-16  SWARM-A  2.054  155.049
2018-04-19T01:29:30Z  439.309  23.074  8.358  1.30438E-16  SWARM-A  2.061  156.979
2018-04-19T01:30:00Z  439.171  21.138  8.336  1.31952E-16  SWARM-A  2.068  158.909
2018-04-19T01:30:30Z  439.067  19.201  8.312  1.33641E-16  SWARM-A  2.075  160.839
2018-04-19T01:31:00Z  438.998  17.264  8.285  1.35439E-16  SWARM-A  2.082  162.768
2018-04-19T01:31:30Z  438.968  15.327  8.257  1.37338E-16  SWARM-A  2.088  164.698
2018-04-19T01:32:00Z  438.976  13.389  8.226  1.39274E-16  SWARM-A  2.094  166.627
2018-04-19T01:32:30Z  439.023  11.451  8.194  1.41203E-16  SWARM-A  2.101  168.556
2018-04-19T01:33:00Z  439.110  9.513  8.161  1.43099E-16  SWARM-A  2.107  170.485
2018-04-19T01:33:30Z  439.239  7.575  8.127  1.44899E-16  SWARM-A  2.113  172.414
2018-04-19T01:34:00Z  439.409  5.636  8.092  1.46620E-16  SWARM-A  2.119  174.342
2018-04-19T01:34:30Z  439.620  3.698  8.056  1.48206E-16  SWARM-A  2.125  176.271
2018-04-19T01:35:00Z  439.874  1.760  8.020  1.49664E-16  SWARM-A  2.131  178.199
2018-04-19T01:35:30Z  440.169  -0.179  7.984  1.50946E-16  SWARM-A  2.137  180.127
2018-04-19T01:36:00Z  440.505  -2.117  7.948  1.52085E-16  SWARM-A  2.142  182.055
2018-04-19T01:36:30Z  440.883  -4.054  7.912  1.53047E-16  SWARM-A  2.148  183.983
2018-04-19T01:37:00Z  441.300  -5.992  7.876  1.53868E-16  SWARM-A  2.154  185.910
2018-04-19T01:37:30Z  441.757  -7.929  7.841  1.54516E-16  SWARM-A  2.160  187.838
2018-04-19T01:38:00Z  442.253  -9.865  7.807  1.55077E-16  SWARM-A  2.166  189.765
2018-04-19T01:38:30Z  442.786  -11.802  7.774  1.55468E-16  SWARM-A  2.173  191.692
2018-04-19T01:39:00Z  443.354  -13.737  7.742  1.55711E-16  SWARM-A  2.179  193.619
2018-04-19T01:39:30Z  443.957  -15.672  7.712  1.55805E-16  SWARM-A  2.185  195.545
2018-04-19T01:40:00Z  444.592  -17.606  7.683  1.55759E-16  SWARM-A  2.192  197.472
2018-04-19T01:40:30Z  445.258  -19.540  7.657  1.55591E-16  SWARM-A  2.198  199.398
2018-04-19T01:41:00Z  445.953  -21.473  7.633  1.55266E-16  SWARM-A  2.205  201.324
2018-04-19T01:41:30Z  446.674  -23.405  7.611  1.54766E-16  SWARM-A  2.212  203.250
2018-04-19T01:42:00Z  447.418  -25.336  7.593  1.54135E-16  SWARM-A  2.219  205.176
2018-04-19T01:42:30Z  448.185  -27.267  7.578  1.53324E-16  SWARM-A  2.226  207.101
2018-04-19T01:43:00Z  448.971  -29.196  7.567  1.52289E-16  SWARM-A  2.234  209.027
2018-04-19T01:43:30Z  449.773  -31.124  7.560  1.51071E-16  SWARM-A  2.242  210.952
2018-04-19T01:44:00Z  450.589  -33.052  7.559  1.49680E-16  SWARM-A  2.250  212.877
2018-04-19T01:44:30Z  451.416  -34.978  7.562  1.48155E-16  SWARM-A  2.258  214.802
2018-04-19T01:45:00Z  452.251  -36.903  7.572  1.46458E-16  SWARM-A  2.267  216.726
2018-04-19T01:45:30Z  453.092  -38.827  7.589  1.44667E-16  SWARM-A  2.277  218.651
2018-04-19T01:46:00Z  453.934  -40.750  7.613  1.42779E-16  SWARM-A  2.287  220.575
2018-04-19T01:46:30Z  454.776  -42.672  7.647  1.40826E-16  SWARM-A  2.297  222.499
2018-04-19T01:47:00Z  455.615  -44.593  7.690  1.38829E-16  SWARM-A  2.309  224.423
2018-04-19T01:47:30Z  456.446  -46.512  7.745  1.36764E-16  SWARM-A  2.321  226.347
2018-04-19T01:48:00Z  457.268  -48.431  7.813  1.34759E-16  SWARM-A  2.334  228.270
2018-04-19T01:48:30Z  458.078  -50.347  7.897  1.32676E-16  SWARM-A  2.347  230.194
2018-04-19T01:49:00Z  458.871  -52.263  7.997  1.30617E-16  SWARM-A  2.362  232.117
2018-04-19T01:49:30Z  459.647  -54.177  8.118  1.28668E-16  SWARM-A  2.379  234.040
2018-04-19T01:50:00Z  460.401  -56.090  8.263  1.26804E-16  SWARM-A  2.397  235.964
2018-04-19T01:50:30Z  461.130  -58.001  8.435  1.25097E-16  SWARM-A  2.417  237.887
2018-04-19T01:51:00Z  461.834  -59.910  8.642  1.23469E-16  SWARM-A  2.439  239.809
2018-04-19T01:51:30Z  462.507  -61.818  8.888  1.21975E-16  SWARM-A  2.464  241.732
2018-04-19T01:52:00Z  463.149  -63.724  9.184  1.20625E-16  SWARM-A  2.492  243.655
2018-04-19T01:52:30Z  463.757  -65.628  9.540  1.19416E-16  SWARM-A  2.524  245.577
2018-04-19T01:53:00Z  464.329  -67.529  9.973  1.18348E-16  SWARM-A  2.561  247.499
2018-04-19T01:53:30Z  464.862  -69.427  10.502  1.17432E-16  SWARM-A  2.604  249.422
2018-04-19T01:54:00Z  465.354  -71.322  11.158  1.16624E-16  SWARM-A  2.657  251.344
2018-04-19T01:54:30Z  465.805  -73.213  11.983  1.15947E-16  SWARM-A  2.720  253.266
2018-04-19T01:55:00Z  466.211  -75.097  13.041  1.15397E-16  SWARM-A  2.799  255.188
2018-04-19T01:55:30Z  466.571  -76.973  14.431  1.14899E-16  SWARM-A  2.900  257.110
2018-04-19T01:56:00Z  466.885  -78.837  16.319  1.14479E-16  SWARM-A  3.034  259.032
2018-04-19T01:56:30Z  467.151  -80.682  18.997  1.14123E-16  SWARM-A  3.221  260.954
2018-04-19T01:57:00Z  467.368  -82.495  23.027  1.13811E-16  SWARM-A  3.498  262.876
2018-04-19T01:57:30Z  467.536  -84.243  29.619  1.13524E-16  SWARM-A  3.946  264.798
2018-04-19T01:58:00Z  467.653  -85.848  41.674  1.13330E-16  SWARM-A  4.758  266.720
2018-04-19T01:58:30Z  467.719  -87.062  65.933  1.13300E-16  SWARM-A  6.383  268.641
2018-04-19T01:59:00Z  467.734  -87.295  105.113  1.13455E-16  SWARM-A  9.004  270.563
2018-04-19T01:59:30Z  467.699  -86.355  135.698  1.13686E-16  SWARM-A  11.051  272.485
2018-04-19T02:00:00Z  467.612  -84.847  151.138  1.13995E-16  SWARM-A  12.089  274.407
2018-04-19T02:00:30Z  467.476  -83.137  159.221  1.14437E-16  SWARM-A  12.636  276.328
2018-04-19T02:01:00Z  467.289  -81.342  163.983  1.15106E-16  SWARM-A  12.962  278.250
2018-04-19T02:01:30Z  467.053  -79.507  167.062  1.15987E-16  SWARM-A  13.175  280.172
2018-04-19T02:02:00Z  466.769  -77.649  169.192  1.17094E-16  SWARM-A  13.326  282.094
2018-04-19T02:02:30Z  466.438  -75.777  170.739  1.18537E-16  SWARM-A  13.437  284.016
2018-04-19T02:03:00Z  466.061  -73.895  171.902  1.20322E-16  SWARM-A  13.523  285.938
2018-04-19T02:03:30Z  465.639  -72.006  172.803  1.22476E-16  SWARM-A  13.591  287.860
2018-04-19T02:04:00Z  465.175  -70.113  173.514  1.25040E-16  SWARM-A  13.647  289.782
2018-04-19T02:04:30Z  464.669  -68.216  174.085  1.28005E-16  SWARM-A  13.693  291.704
2018-04-19T02:05:00Z  464.125  -66.316  174.550  1.31424E-16  SWARM-A  13.733  293.626
2018-04-19T02:05:30Z  463.543  -64.413  174.932  1.35270E-16  SWARM-A  13.766  295.549
2018-04-19T02:06:00Z  462.926  -62.508  175.248  1.39581E-16  SWARM-A  13.796  297.471
2018-04-19T02:06:30Z  462.276  -60.601  175.511  1.44370E-16  SWARM-A  13.822  299.394
2018-04-19T02:07:00Z  461.596  -58.692  175.731  1.49578E-16  SWARM-A  13.845  301.316
2018-04-19T02:07:30Z  460.888  -56.782  175.915  1.55220E-16  SWARM-A  13.865  303.239
2018-04-19T02:08:00Z  460.155  -54.870  176.069  1.61280E-16  SWARM-A  13.884  305.162
2018-04-19T02:08:30Z  459.400  -52.956  176.198  1.67733E-16  SWARM-A  13.901  307.085
2018-04-19T02:09:00Z  458.625  -51.042  176.306  1.74548E-16  SWARM-A  13.916  309.008
2018-04-19T02:09:30Z  457.833  -49.125  176.395  1.81713E-16  SWARM-A  13.931  310.931
2018-04-19T02:10:00Z  457.027  -47.208  176.468  1.89146E-16  SWARM-A  13.944  312.855
2018-04-19T02:10:30Z  456.209  -45.289  176.528  1.96898E-16  SWARM-A  13.956  314.778
2018-04-19T02:11:00Z  455.384  -43.369  176.575  2.04860E-16  SWARM-A  13.968  316.702
2018-04-19T02:11:30Z  454.554  -41.448  176.612  2.13019E-16  SWARM-A  13.979  318.626
2018-04-19T02:12:00Z  453.721  -39.525  176.640  2.21324E-16  SWARM-A  13.989  320.550
2018-04-19T02:12:30Z  452.890  -37.602  176.659  2.29778E-16  SWARM-A  13.998  322.474
2018-04-19T02:13:00Z  452.062  -35.677  176.671  2.38310E-16  SWARM-A  14.008  324.399
2018-04-19T02:13:30Z  451.240  -33.751  176.677  2.46891E-16  SWARM-A  14.016  326.323
2018-04-19T02:14:00Z  450.428  -31.825  176.677  2.55443E-16  SWARM-A  14.025  328.248
2018-04-19T02:14:30Z  449.629  -29.897  176.672  2.64043E-16  SWARM-A  14.033  330.173
2018-04-19T02:15:00Z  448.844  -27.968  176.663  2.72612E-16  SWARM-A  14.040  332.098
2018-04-19T02:15:30Z  448.077  -26.038  176.649  2.81141E-16  SWARM-A  14.048  334.023
2018-04-19T02:16:00Z  447.330  -24.107  176.632  2.89571E-16  SWARM-A  14.055  335.948
2018-04-19T02:16:30Z  446.606  -22.176  176.612  2.97957E-16  SWARM-A  14.062  337.874
2018-04-19T02:17:00Z  445.907  -20.244  176.589  3.06115E-16  SWARM-A  14.069  339.800
2018-04-19T02:17:30Z  445.236  -18.310  176.563  3.14112E-16  SWARM-A  14.075  341.726
2018-04-19T02:18:00Z  444.593  -16.377  176.535  3.21867E-16  SWARM-A  14.082  343.652
2018-04-19T02:18:30Z  443.982  -14.442  176.506  3.29299E-16  SWARM-A  14.088  345.578
2018-04-19T02:19:00Z  443.403  -12.507  176.474  3.36396E-16  SWARM-A  14.094  347.505
2018-04-19T02:19:30Z  442.860  -10.571  176.442  3.43050E-16  SWARM-A  14.101  349.432
2018-04-19T02:20:00Z  442.352  -8.635  176.408  3.49263E-16  SWARM-A  14.107  351.359
2018-04-19T02:20:30Z  441.882  -6.698  176.373  3.54918E-16  SWARM-A  14.113  353.286
2018-04-19T02:21:00Z  441.451  -4.761  176.338  3.60072E-16  SWARM-A  14.119  355.213
2018-04-19T02:21:30Z  441.059  -2.824  176.302  3.64605E-16  SWARM-A  14.125  357.140
2018-04-19T02:22:00Z  440.708  -0.886  176.266  3.68544E-16  SWARM-A  14.130  359.068
2018-04-19T02:22:30Z  440.397  1.052  176.229  3.71917E-16  SWARM-A  14.136  0.996
2018-04-19T02:23:00Z  440.127  2.990  176.193  3.74633E-16  SWARM-A  14.142  2.924
2018-04-19T02:23:30Z  439.899  4.928  176.157  3.76758E-16  SWARM-A  14.148  4.852
2018-04-19T02:24:00Z  439.712  6.866  176.122  3.78244E-16  SWARM-A  14.154  6.780
2018-04-19T02:24:30Z  439.566  8.804  176.087  3.79162E-16  SWARM-A  14.160  8.709
2018-04-19T02:25:00Z  439.460  10.742  176.054  3.79525E-16  SWARM-A  14.166  10.637
2018-04-19T02:25:30Z  439.395  12.680  176.021  3.79368E-16  SWARM-A  14.173  12.566
2018-04-19T02:26:00Z  439.369  14.617  175.990  3.78685E-16  SWARM-A  14.179  14.495
2018-04-19T02:26:30Z  439.382  16.555  175.961  3.77489E-16  SWARM-A  14.185  16.424
2018-04-19T02:27:00Z  439.432  18.492  175.933  3.75825E-16  SWARM-A  14.192  18.353
2018-04-19T02:27:30Z  439.518  20.428  175.908  3.73670E-16  SWARM-A  14.198  20.283
2018-04-19T02:28:00Z  439.639  22.364  175.886  3.71059E-16  SWARM-A  14.205  22.212
2018-04-19T02:28:30Z  439.793  24.300  175.866  3.67937E-16  SWARM-A  14.212  24.142
2018-04-19T02:29:00Z  439.978  26.235  175.849  3.64333E-16  SWARM-A  14.219  26.072
2018-04-19T02:29:30Z  440.193  28.170  175.836  3.60330E-16  SWARM-A  14.227  28.002
2018-04-19T02:30:00Z  440.436  30.103  175.828  3.55894E-16  SWARM-A  14.235  29.932
2018-04-19T02:30:30Z  440.704  32.037  175.823  3.51040E-16  SWARM-A  14.243  31.862
2018-04-19T02:31:00Z  440.996  33.969  175.824  3.45782E-16  SWARM-A  14.251  33.793
2018-04-19T02:31:30Z  441.309  35.901  175.831  3.40182E-16  SWARM-A  14.260  35.723
2018-04-19T02:32:00Z  441.641  37.831  175.845  3.34305E-16  SWARM-A  14.269  37.654
2018-04-19T02:32:30Z  441.989  39.761  175.866  3.28145E-16  SWARM-A  14.279  39.585
2018-04-19T02:33:00Z  442.352  41.690  175.895  3.21828E-16  SWARM-A  14.289  41.515
2018-04-19T02:33:30Z  442.726  43.619  175.934  3.15421E-16  SWARM-A  14.300  43.446
2018-04-19T02:34:00Z  443.109  45.546  175.983  3.08821E-16  SWARM-A  14.312  45.377
2018-04-19T02:34:30Z  443.499  47.472  176.045  3.02201E-16  SWARM-A  14.324  47.309
2018-04-19T02:35:00Z  443.893  49.397  176.121  2.95631E-16  SWARM-A  14.338  49.240
2018-04-19T02:35:30Z  444.289  51.321  176.214  2.89181E-16  SWARM-A  14.352  51.171
2018-04-19T02:36:00Z  444.683  53.244  176.325  2.82949E-16  SWARM-A  14.368  53.103
2018-04-19T02:36:30Z  445.074  55.166  176.459  2.76933E-16  SWARM-A  14.385  55.034
2018-04-19T02:37:00Z  445.459  57.086  176.619  2.71167E-16  SWARM-A  14.404  56.966
2018-04-19T02:37:30Z  445.836  59.005  176.810  2.65621E-16  SWARM-A  14.425  58.897
2018-04-19T02:38:00Z  446.203  60.923  177.038  2.60051E-16  SWARM-A  14.449  60.829
2018-04-19T02:38:30Z  446.557  62.839  177.311  2.54750E-16  SWARM-A  14.475  62.761
2018-04-19T02:39:00Z  446.896  64.753  177.640  2.49743E-16  SWARM-A  14.505  64.693
2018-04-19T02:39:30Z  447.218  66.664  178.038  2.45022E-16  SWARM-A  14.540  66.624
2018-04-19T02:40:00Z  447.522  68.574  178.523  2.40457E-16  SWARM-A  14.581  68.556
2018-04-19T02:40:30Z  447.805  70.480  179.122  2.36106E-16  SWARM-A  14.629  70.488
2018-04-19T02:41:00Z  448.066  72.382  179.870  2.32000E-16  SWARM-A  14.687  72.420
2018-04-19T02:41:30Z  448.303  74.279  -179.179  2.28140E-16  SWARM-A  14.759  74.352
2018-04-19T02:42:00Z  448.516  76.169  -177.941  2.24285E-16  SWARM-A  14.850  76.285
2018-04-19T02:42:30Z  448.701  78.049  -176.282  2.20470E-16  SWARM-A  14.969  78.217
2018-04-19T02:43:00Z  448.860  79.913  -173.973  2.16591E-16  SWARM-A  15.131  80.149
2018-04-19T02:43:30Z  448.990  81.751  -170.584  2.12666E-16  SWARM-A  15.366  82.081
2018-04-19T02:44:00Z  449.091  83.541  -165.233  2.08698E-16  SWARM-A  15.731  84.013
2018-04-19T02:44:30Z  449.163  85.229  -155.883  2.04376E-16  SWARM-A  16.362  85.945
2018-04-19T02:45:00Z  449.204  86.657  -137.494  1.99930E-16  SWARM-A  17.597  87.878
2018-04-19T02:45:30Z  449.215  87.362  -102.605  1.95558E-16  SWARM-A  19.931  89.810
2018-04-19T02:46:00Z  449.195  86.820  -65.631  1.91045E-16  SWARM-A  22.404  91.742
2018-04-19T02:46:30Z  449.145  85.458  -45.233  1.86404E-16  SWARM-A  23.772  93.674
2018-04-19T02:47:00Z  449.064  83.793  -34.996  1.81852E-16  SWARM-A  0.463  95.607
2018-04-19T02:47:30Z  448.954  82.013  -29.236  1.77321E-16  SWARM-A  0.855  97.539
2018-04-19T02:48:00Z  448.815  80.180  -25.634  1.72810E-16  SWARM-A  1.104  99.471
2018-04-19T02:48:30Z  448.647  78.319  -23.203  1.68455E-16  SWARM-A  1.274  101.403
2018-04-19T02:49:00Z  448.451  76.441  -21.468  1.64220E-16  SWARM-A  1.398  103.335
2018-04-19T02:49:30Z  448.229  74.552  -20.179  1.60169E-16  SWARM-A  1.493  105.268
2018-04-19T02:50:00Z  447.982  72.656  -19.192  1.56212E-16  SWARM-A  1.567  107.200
2018-04-19T02:50:30Z  447.711  70.754  -18.418  1.52492E-16  SWARM-A  1.627  109.132
2018-04-19T02:51:00Z  447.418  68.849  -17.801  1.48900E-16  SWARM-A  1.676  111.064
2018-04-19T02:51:30Z  447.103  66.940  -17.301  1.45507E-16  SWARM-A  1.718  112.996
2018-04-19T02:52:00Z  446.770  65.028  -16.892  1.42249E-16  SWARM-A  1.753  114.928
2018-04-19T02:52:30Z  446.420  63.114  -16.554  1.39159E-16  SWARM-A  1.784  116.860
2018-04-19T02:53:00Z  446.054  61.199  -16.273  1.36271E-16  SWARM-A  1.811  118.792
2018-04-19T02:53:30Z  445.676  59.281  -16.039  1.33572E-16  SWARM-A  1.835  120.724
2018-04-19T02:54:00Z  445.287  57.362  -15.843  1.31072E-16  SWARM-A  1.857  122.655
2018-04-19T02:54:30Z  444.890  55.442  -15.679  1.28727E-16  SWARM-A  1.876  124.587
2018-04-19T02:55:00Z  444.486  53.520  -15.542  1.26641E-16  SWARM-A  1.893  126.519
2018-04-19T02:55:30Z  444.080  51.597  -15.428  1.24818E-16  SWARM-A  1.909  128.450
2018-04-19T02:56:00Z  443.671  49.673  -15.333  1.23190E-16  SWARM-A  1.924  130.382
2018-04-19T02:56:30Z  443.265  47.748  -15.254  1.21919E-16  SWARM-A  1.938  132.313
2018-04-19T02:57:00Z  442.862  45.822  -15.190  1.20973E-16  SWARM-A  1.950  134.245
2018-04-19T02:57:30Z  442.465  43.895  -15.139  1.20385E-16  SWARM-A  1.962  136.176
2018-04-19T02:58:00Z  442.078  41.966  -15.099  1.20146E-16  SWARM-A  1.973  138.107
2018-04-19T02:58:30Z  441.702  40.037  -15.068  1.20254E-16  SWARM-A  1.983  140.038
2018-04-19T02:59:00Z  441.340  38.107  -15.046  1.20709E-16  SWARM-A  1.993  141.969
2018-04-19T02:59:30Z  440.994  36.176  -15.032  1.21473E-16  SWARM-A  2.002  143.900
2018-04-19T03:00:00Z  440.667  34.244  -15.024  1.22518E-16  SWARM-A  2.011  145.831
2018-04-19T03:00:30Z  440.362  32.312  -15.022  1.23842E-16  SWARM-A  2.020  147.761
2018-04-19T03:01:00Z  440.080  30.379  -15.026  1.25437E-16  SWARM-A  2.028  149.692
2018-04-19T03:01:30Z  439.823  28.445  -15.034  1.27232E-16  SWARM-A  2.036  151.622
2018-04-19T03:02:00Z  439.595  26.510  -15.046  1.29215E-16  SWARM-A  2.043  153.552
2018-04-19T03:02:30Z  439.396  24.575  -15.062  1.31316E-16  SWARM-A  2.050  155.483
2018-04-19T03:03:00Z  439.228  22.639  -15.082  1.33493E-16  SWARM-A  2.057  157.413
2018-04-19T03:03:30Z  439.094  20.703  -15.104  1.35713E-16  SWARM-A  2.064  159.342
2018-04-19T03:04:00Z  438.995  18.766  -15.129  1.37951E-16  SWARM-A  2.071  161.272
2018-04-19T03:04:30Z  438.932  16.829  -15.156  1.40145E-16  SWARM-A  2.077  163.202
2018-04-19T03:05:00Z  438.907  14.891  -15.185  1.42288E-16  SWARM-A  2.084  165.131
2018-04-19T03:05:30Z  438.920  12.953  -15.216  1.44388E-16  SWARM-A  2.090  167.060
2018-04-19T03:06:00Z  438.973  11.015  -15.248  1.46347E-16  SWARM-A  2.096  168.989
2018-04-19T03:06:30Z  439.067  9.077  -15.281  1.48232E-16  SWARM-A  2.102  170.918
2018-04-19T03:07:00Z  439.202  7.139  -15.316  1.49939E-16  SWARM-A  2.108  172.847
2018-04-19T03:07:30Z  439.378  5.200  -15.351  1.51518E-16  SWARM-A  2.114  174.776
2018-04-19T03:08:00Z  439.596  3.262  -15.387  1.53016E-16  SWARM-A  2.120  176.704
2018-04-19T03:08:30Z  439.856  1.324  -15.423  1.54357E-16  SWARM-A  2.126  178.632
2018-04-19T03:09:00Z  440.158  -0.614  -15.459  1.55549E-16  SWARM-A  2.132  180.561
2018-04-19T03:09:30Z  440.501  -2.552  -15.495  1.56677E-16  SWARM-A  2.138  182.489
2018-04-19T03:10:00Z  440.885  -4.490  -15.531  1.57746E-16  SWARM-A  2.144  184.416
2018-04-19T03:10:30Z  441.309  -6.428  -15.567  1.58790E-16  SWARM-A  2.150  186.344
2018-04-19T03:11:00Z  441.773  -8.365  -15.602  1.59741E-16  SWARM-A  2.156  188.271
2018-04-19T03:11:30Z  442.274  -10.301  -15.636  1.60659E-16  SWARM-A  2.162  190.198
2018-04-19T03:12:00Z  442.813  -12.237  -15.669  1.61564E-16  SWARM-A  2.168  192.125
2018-04-19T03:12:30Z  443.387  -14.173  -15.700  1.62486E-16  SWARM-A  2.175  194.052
2018-04-19T03:13:00Z  443.996  -16.108  -15.730  1.63372E-16  SWARM-A  2.181  195.979
2018-04-19T03:13:30Z  444.636  -18.042  -15.758  1.64219E-16  SWARM-A  2.187  197.905
2018-04-19T03:14:00Z  445.307  -19.975  -15.784  1.64875E-16  SWARM-A  2.194  199.832
2018-04-19T03:14:30Z  446.006  -21.908  -15.807  1.65471E-16  SWARM-A  2.201  201.758
2018-04-19T03:15:00Z  446.731  -23.840  -15.828  1.65984E-16  SWARM-A  2.208  203.684
2018-04-19T03:15:30Z  447.480  -25.771  -15.846  1.66428E-16  SWARM-A  2.215  205.609
2018-04-19T03:16:00Z  448.250  -27.701  -15.860  1.66758E-16  SWARM-A  2.222  207.535
2018-04-19T03:16:30Z  449.039  -29.630  -15.870  1.66977E-16  SWARM-A  2.230  209.460
2018-04-19T03:17:00Z  449.843  -31.559  -15.875  1.67084E-16  SWARM-A  2.238  211.385
2018-04-19T03:17:30Z  450.661  -33.486  -15.876  1.66990E-16  SWARM-A  2.246  213.310
2018-04-19T03:18:00Z  451.490  -35.412  -15.871  1.66716E-16  SWARM-A  2.255  215.235
2018-04-19T03:18:30Z  452.326  -37.337  -15.860  1.66277E-16  SWARM-A  2.264  217.160
2018-04-19T03:19:00Z  453.167  -39.261  -15.841  1.65672E-16  SWARM-A  2.273  219.084
2018-04-19T03:19:30Z  454.010  -41.184  -15.815  1.64885E-16  SWARM-A  2.284  221.009
2018-04-19T03:20:00Z  454.851  -43.106  -15.779  1.63961E-16  SWARM-A  2.294  222.933
2018-04-19T03:20:30Z  455.688  -45.026  -15.733  1.62947E-16  SWARM-A  2.306  224.857
2018-04-19T03:21:00Z  456.518  -46.945  -15.676  1.61826E-16  SWARM-A  2.318  226.781
2018-04-19T03:21:30Z  457.337  -48.863  -15.604  1.60565E-16  SWARM-A  2.331  228.704
2018-04-19T03:22:00Z  458.143  -50.780  -15.517  1.59276E-16  SWARM-A  2.345  230.628
2018-04-19T03:22:30Z  458.934  -52.695  -15.413  1.57978E-16  SWARM-A  2.360  232.551
2018-04-19T03:23:00Z  459.705  -54.609  -15.287  1.56740E-16  SWARM-A  2.377  234.474
2018-04-19T03:23:30Z  460.454  -56.521  -15.136  1.55594E-16  SWARM-A  2.396  236.398
2018-04-19T03:24:00Z  461.178  -58.432  -14.956  1.54510E-16  SWARM-A  2.416  238.321
2018-04-19T03:24:30Z  461.876  -60.341  -14.742  1.53420E-16  SWARM-A  2.438  240.243
2018-04-19T03:25:00Z  462.543  -62.249  -14.485  1.52478E-16  SWARM-A  2.464  242.166
2018-04-19T03:25:30Z  463.179  -64.154  -14.176  1.51706E-16  SWARM-A  2.493  244.089
2018-04-19T03:26:00Z  463.780  -66.058  -13.804  1.51106E-16  SWARM-A  2.526  246.011
2018-04-19T03:26:30Z  464.344  -67.958  -13.352  1.50638E-16  SWARM-A  2.564  247.934
2018-04-19T03:27:00Z  464.869  -69.856  -12.797  1.50337E-16  SWARM-A  2.610  249.856
2018-04-19T03:27:30Z  465.354  -71.750  -12.107  1.50203E-16  SWARM-A  2.664  251.778
2018-04-19T03:28:00Z  465.796  -73.639  -11.236  1.50198E-16  SWARM-A  2.731  253.701
2018-04-19T03:28:30Z  466.194  -75.522  -10.114  1.50370E-16  SWARM-A  2.814  255.623
2018-04-19T03:29:00Z  466.546  -77.396  -8.629  1.50725E-16  SWARM-A  2.921  257.545
2018-04-19T03:29:30Z  466.851  -79.257  -6.594  1.51100E-16  SWARM-A  3.065  259.467
2018-04-19T03:30:00Z  467.108  -81.096  -3.675  1.51468E-16  SWARM-A  3.268  261.389
2018-04-19T03:30:30Z  467.317  -82.898  0.793  1.51974E-16  SWARM-A  3.574  263.310
2018-04-19T03:31:00Z  467.475  -84.624  8.269  1.52578E-16  SWARM-A  4.081  265.232
2018-04-19T03:31:30Z  467.583  -86.172  22.323  1.53318E-16  SWARM-A  5.026  267.154
2018-04-19T03:32:00Z  467.641  -87.226  50.503  1.54255E-16  SWARM-A  6.913  269.076
2018-04-19T03:32:30Z  467.648  -87.167  90.199  1.55320E-16  SWARM-A  9.568  270.998
2018-04-19T03:33:00Z  467.603  -86.044  116.770  1.56424E-16  SWARM-A  11.348  272.920
2018-04-19T03:33:30Z  467.509  -84.472  129.973  1.57536E-16  SWARM-A  12.236  274.841
2018-04-19T03:34:00Z  467.363  -82.736  137.074  1.58738E-16  SWARM-A  12.718  276.763
2018-04-19T03:34:30Z  467.169  -80.930  141.358  1.60057E-16  SWARM-A  13.012  278.685
2018-04-19T03:35:00Z  466.925  -79.088  144.176  1.61587E-16  SWARM-A  13.208  280.607
2018-04-19T03:35:30Z  466.634  -77.226  146.150  1.63338E-16  SWARM-A  13.348  282.529
2018-04-19T03:36:00Z  466.295  -75.351  147.596  1.65325E-16  SWARM-A  13.453  284.451
2018-04-19T03:36:30Z  465.911  -73.468  148.692  1.67533E-16  SWARM-A  13.534  286.373
2018-04-19T03:37:00Z  465.484  -71.578  149.544  1.70050E-16  SWARM-A  13.599  288.295
2018-04-19T03:37:30Z  465.013  -69.684  150.219  1.72808E-16  SWARM-A  13.653  290.217
2018-04-19T03:38:00Z  464.502  -67.786  150.764  1.75845E-16  SWARM-A  13.697  292.139
2018-04-19T03:38:30Z  463.953  -65.885  151.208  1.79089E-16  SWARM-A  13.735  294.062
2018-04-19T03:39:00Z  463.366  -63.982  151.574  1.82475E-16  SWARM-A  13.768  295.984
2018-04-19T03:39:30Z  462.745  -62.076  151.877  1.86134E-16  SWARM-A  13.796  297.907
2018-04-19T03:40:00Z  462.092  -60.169  152.129  1.90105E-16  SWARM-A  13.822  299.829
2018-04-19T03:40:30Z  461.409  -58.260  152.341  1.94338E-16  SWARM-A  13.844  301.752
2018-04-19T03:41:00Z  460.699  -56.349  152.518  1.98832E-16  SWARM-A  13.864  303.675
2018-04-19T03:41:30Z  459.964  -54.436  152.666  2.03604E-16  SWARM-A  13.882  305.598
2018-04-19T03:42:00Z  459.208  -52.523  152.790  2.08533E-16  SWARM-A  13.899  307.521
2018-04-19T03:42:30Z  458.432  -50.607  152.893  2.13742E-16  SWARM-A  13.914  309.444
2018-04-19T03:43:00Z  457.640  -48.691  152.978  2.19100E-16  SWARM-A  13.928  311.367
2018-04-19T03:43:30Z  456.835  -46.773  153.048  2.24622E-16  SWARM-A  13.941  313.291
2018-04-19T03:44:00Z  456.019  -44.854  153.105  2.30272E-16  SWARM-A  13.953  315.214
2018-04-19T03:44:30Z  455.196  -42.934  153.150  2.36021E-16  SWARM-A  13.965  317.138
2018-04-19T03:45:00Z  454.369  -41.012  153.184  2.41916E-16  SWARM-A  13.975  319.062
2018-04-19T03:45:30Z  453.540  -39.090  153.210  2.47886E-16  SWARM-A  13.985  320.986
2018-04-19T03:46:00Z  452.713  -37.166  153.228  2.53933E-16  SWARM-A  13.995  322.910
2018-04-19T03:46:30Z  451.890  -35.241  153.238  2.60075E-16  SWARM-A  14.004  324.835
2018-04-19T03:47:00Z  451.075  -33.315  153.243  2.66238E-16  SWARM-A  14.012  326.759
2018-04-19T03:47:30Z  450.269  -31.388  153.242  2.72401E-16  SWARM-A  14.021  328.684
2018-04-19T03:48:00Z  449.477  -29.460  153.236  2.78622E-16  SWARM-A  14.029  330.609
2018-04-19T03:48:30Z  448.701  -27.531  153.225  2.84828E-16  SWARM-A  14.036  332.534
2018-04-19T03:49:00Z  447.942  -25.601  153.211  2.90994E-16  SWARM-A  14.044  334.459
2018-04-19T03:49:30Z  447.205  -23.670  153.193  2.97108E-16  SWARM-A  14.051  336.385
2018-04-19T03:50:00Z  446.491  -21.738  153.172  3.03098E-16  SWARM-A  14.058  338.310
2018-04-19T03:50:30Z  445.802  -19.806  153.148  3.08917E-16  SWARM-A  14.065  340.236
2018-04-19T03:51:00Z  445.141  -17.873  153.122  3.14510E-16  SWARM-A  14.071  342.162
2018-04-19T03:51:30Z  444.510  -15.939  153.094  3.19933E-16  SWARM-A  14.078  344.088
2018-04-19T03:52:00Z  443.910  -14.004  153.064  3.24984E-16  SWARM-A  14.084  346.015
2018-04-19T03:52:30Z  443.344  -12.069  153.032  3.29699E-16  SWARM-A  14.090  347.941
2018-04-19T03:53:00Z  442.812  -10.133  152.999  3.34009E-16  SWARM-A  14.096  349.868
2018-04-19T03:53:30Z  442.317  -8.197  152.965  3.37905E-16  SWARM-A  14.102  351.795
2018-04-19T03:54:00Z  441.859  -6.260  152.930  3.41324E-16  SWARM-A  14.108  353.722
2018-04-19T03:54:30Z  441.440  -4.323  152.895  3.44287E-16  SWARM-A  14.114  355.649
2018-04-19T03:55:00Z  441.061  -2.385  152.859  3.46796E-16  SWARM-A  14.120  357.576
2018-04-19T03:55:30Z  440.721  -0.448  152.823  3.48830E-16  SWARM-A  14.126  359.504
2018-04-19T03:56:00Z  440.423  1.490  152.786  3.50414E-16  SWARM-A  14.132  1.432
2018-04-19T03:56:30Z  440.165  3.428  152.750  3.51567E-16  SWARM-A  14.138  3.360
2018-04-19T03:57:00Z  439.949  5.366  152.714  3.52295E-16  SWARM-A  14.144  5.288
2018-04-19T03:57:30Z  439.773  7.304  152.679  3.52654E-16  SWARM-A  14.150  7.216
2018-04-19T03:58:00Z  439.639  9.242  152.645  3.52630E-16  SWARM-A  14.156  9.145
2018-04-19T03:58:30Z  439.544  11.180  152.612  3.52242E-16  SWARM-A  14.162  11.073
2018-04-19T03:59:00Z  439.490  13.118  152.579  3.51526E-16  SWARM-A  14.168  13.002
2018-04-19T03:59:30Z  439.475  15.055  152.549  3.50477E-16  SWARM-A  14.175  14.931
2018-04-19T04:00:00Z  439.497  16.993  152.520  3.49164E-16  SWARM-A  14.181  16.860
2018-04-19T04:00:30Z  439.557  18.929  152.493  3.47454E-16  SWARM-A  14.188  18.790
2018-04-19T04:01:00Z  439.652  20.866  152.468  3.45487E-16  SWARM-A  14.194  20.719
2018-04-19T04:01:30Z  439.782  22.802  152.446  3.43208E-16  SWARM-A  14.201  22.648
2018-04-19T04:02:00Z  439.944  24.737  152.427  3.40612E-16  SWARM-A  14.208  24.578
2018-04-19T04:02:30Z  440.136  26.672  152.411  3.37718E-16  SWARM-A  14.215  26.508
2018-04-19T04:03:00Z  440.358  28.606  152.399  3.34390E-16  SWARM-A  14.223  28.438
2018-04-19T04:03:30Z  440.607  30.540  152.391  3.30406E-16  SWARM-A  14.231  30.368
2018-04-19T04:04:00Z  440.881  32.473  152.388  3.26097E-16  SWARM-A  14.239  32.298
2018-04-19T04:04:30Z  441.177  34.405  152.391  3.21514E-16  SWARM-A  14.247  34.229
2018-04-19T04:05:00Z  441.495  36.337  152.399  3.16678E-16  SWARM-A  14.256  36.159
2018-04-19T04:05:30Z  441.830  38.267  152.414  3.11590E-16  SWARM-A  14.266  38.090
2018-04-19T04:06:00Z  442.181  40.197  152.437  3.06358E-16  SWARM-A  14.275  40.020
2018-04-19T04:06:30Z  442.546  42.126  152.468  3.01001E-16  SWARM-A  14.286  41.951
2018-04-19T04:07:00Z  442.921  44.054  152.509  2.95615E-16  SWARM-A  14.297  43.882
2018-04-19T04:07:30Z  443.305  45.981  152.561  2.90218E-16  SWARM-A  14.309  45.813
2018-04-19T04:08:00Z  443.694  47.906  152.626  2.84824E-16  SWARM-A  14.321  47.744
2018-04-19T04:08:30Z  444.087  49.831  152.706  2.79521E-16  SWARM-A  14.335  49.675
2018-04-19T04:09:00Z  444.481  51.755  152.802  2.74334E-16  SWARM-A  14.350  51.607
2018-04-19T04:09:30Z  444.873  53.678  152.919  2.69091E-16  SWARM-A  14.366  53.538
2018-04-19T04:10:00Z  445.260  55.599  153.058  2.63953E-16  SWARM-A  14.384  55.470
2018-04-19T04:10:30Z  445.642  57.519  153.224  2.58997E-16  SWARM-A  14.403  57.401
2018-04-19T04:11:00Z  446.014  59.438  153.423  2.54240E-16  SWARM-A  14.425  59.333
2018-04-19T04:11:30Z  446.375  61.355  153.660  2.49645E-16  SWARM-A  14.449  61.264
2018-04-19T04:12:00Z  446.723  63.270  153.945  2.44970E-16  SWARM-A  14.476  63.196
2018-04-19T04:12:30Z  447.055  65.184  154.288  2.40164E-16  SWARM-A  14.507  65.128
2018-04-19T04:13:00Z  447.370  67.095  154.704  2.35472E-16  SWARM-A  14.543  67.060
2018-04-19T04:13:30Z  447.666  69.003  155.212  2.30833E-16  SWARM-A  14.586  68.992
2018-04-19T04:14:00Z  447.941  70.909  155.841  2.26210E-16  SWARM-A  14.636  70.924
2018-04-19T04:14:30Z  448.193  72.810  156.629  2.21709E-16  SWARM-A  14.697  72.856
2018-04-19T04:15:00Z  448.421  74.705  157.636  2.17302E-16  SWARM-A  14.772  74.788
2018-04-19T04:15:30Z  448.623  76.593  158.955  2.12773E-16  SWARM-A  14.868  76.720
2018-04-19T04:16:00Z  448.799  78.470  160.735  2.08077E-16  SWARM-A  14.995  78.652
2018-04-19T04:16:30Z  448.948  80.330  163.239  2.03217E-16  SWARM-A  15.171  80.584
2018-04-19T04:17:00Z  449.068  82.159  166.968  1.97963E-16  SWARM-A  15.428  82.516
2018-04-19T04:17:30Z  449.158  83.933  172.975  1.92391E-16  SWARM-A  15.836  84.448
2018-04-19T04:18:00Z  449.218  85.583  -176.243  1.86694E-16  SWARM-A  16.564  86.380
2018-04-19T04:18:30Z  449.249  86.904  -154.635  1.80954E-16  SWARM-A  18.012  88.313
2018-04-19T04:19:00Z  449.249  87.349  -116.692  1.75152E-16  SWARM-A  20.550  90.245
2018-04-19T04:19:30Z  449.218  86.559  -83.114  1.69059E-16  SWARM-A  22.797  92.177
2018-04-19T04:20:00Z  449.157  85.099  -65.758  1.62862E-16  SWARM-A  23.963  94.109
2018-04-19T04:20:30Z  449.065  83.399  -56.860  1.56819E-16  SWARM-A  0.564  96.041
2018-04-19T04:21:00Z  448.944  81.604  -51.720  1.50778E-16  SWARM-A  0.915  97.974
2018-04-19T04:21:30Z  448.794  79.763  -48.442  1.45193E-16  SWARM-A  1.142  99.906
2018-04-19T04:22:00Z  448.615  77.897  -46.197  1.39983E-16  SWARM-A  1.300  101.838
2018-04-19T04:22:30Z  448.410  76.017  -44.580  1.35212E-16  SWARM-A  1.416  103.770
2018-04-19T04:23:00Z  448.178  74.126  -43.369  1.30784E-16  SWARM-A  1.505  105.702
2018-04-19T04:23:30Z  447.921  72.228  -42.436  1.26817E-16  SWARM-A  1.576  107.635
2018-04-19T04:24:00Z  447.640  70.326  -41.702  1.23311E-16  SWARM-A  1.633  109.567
2018-04-19T04:24:30Z  447.338  68.419  -41.114  1.20284E-16  SWARM-A  1.680  111.499
2018-04-19T04:25:00Z  447.015  66.510  -40.636  1.17683E-16  SWARM-A  1.721  113.431
2018-04-19T04:25:30Z  446.674  64.598  -40.245  1.15438E-16  SWARM-A  1.755  115.363
2018-04-19T04:26:00Z  446.316  62.683  -39.921  1.13731E-16  SWARM-A  1.785  117.295
2018-04-19T04:26:30Z  445.943  60.767  -39.652  1.12497E-16  SWARM-A  1.811  119.227
2018-04-19T04:27:00Z  445.558  58.849  -39.427  1.11751E-16  SWARM-A  1.835  121.158
2018-04-19T04:27:30Z  445.163  56.930  -39.238  1.11388E-16  SWARM-A  1.856  123.090
2018-04-19T04:28:00Z  444.761  55.009  -39.081  1.11450E-16  SWARM-A  1.874  125.022
2018-04-19T04:28:30Z  444.352  53.087  -38.949  1.11895E-16  SWARM-A  1.891  126.954
2018-04-19T04:29:00Z  443.941  51.164  -38.839  1.12607E-16  SWARM-A  1.907  128.885
2018-04-19T04:29:30Z  443.529  49.240  -38.748  1.13628E-16  SWARM-A  1.922  130.817
2018-04-19T04:30:00Z  443.119  47.314  -38.673  1.14905E-16  SWARM-A  1.935  132.748
2018-04-19T04:30:30Z  442.714  45.388  -38.612  1.16433E-16  SWARM-A  1.947  134.679
2018-04-19T04:31:00Z  442.315  43.460  -38.564  1.18157E-16  SWARM-A  1.959  136.611
2018-04-19T04:31:30Z  441.926  41.532  -38.526  1.20031E-16  SWARM-A  1.970  138.542
2018-04-19T04:32:00Z  441.550  39.603  -38.497  1.22074E-16  SWARM-A  1.980  140.473
2018-04-19T04:32:30Z  441.188  37.672  -38.477  1.24282E-16  SWARM-A  1.990  142.404
2018-04-19T04:33:00Z  440.843  35.741  -38.464  1.26596E-16  SWARM-A  1.999  144.335
2018-04-19T04:33:30Z  440.517  33.809  -38.457  1.29014E-16  SWARM-A  2.008  146.266
2018-04-19T04:34:00Z  440.213  31.876  -38.457  1.31536E-16  SWARM-A  2.016  148.196
2018-04-19T04:34:30Z  439.933  29.943  -38.461  1.34146E-16  SWARM-A  2.024  150.127
2018-04-19T04:35:00Z  439.680  28.009  -38.470  1.36807E-16  SWARM-A  2.032  152.057
2018-04-19T04:35:30Z  439.454  26.074  -38.484  1.39543E-16  SWARM-A  2.039  153.987
2018-04-19T04:36:00Z  439.259  24.139  -38.500  1.42322E-16  SWARM-A  2.046  155.917
2018-04-19T04:36:30Z  439.096  22.203  -38.520  1.45135E-16  SWARM-A  2.053  157.847
2018-04-19T04:37:00Z  438.968  20.266  -38.543  1.47977E-16  SWARM-A  2.060  159.777
2018-04-19T04:37:30Z  438.874  18.329  -38.569  1.50794E-16  SWARM-A  2.067  161.707
2018-04-19T04:38:00Z  438.817  16.392  -38.596  1.53586E-16  SWARM-A  2.073  163.637
2018-04-19T04:38:30Z  438.799  14.454  -38.626  1.56332E-16  SWARM-A  2.080  165.566
2018-04-19T04:39:00Z  438.820  12.516  -38.657  1.59026E-16  SWARM-A  2.086  167.495
2018-04-19T04:39:30Z  438.880  10.578  -38.689  1.61613E-16  SWARM-A  2.092  169.424
2018-04-19T04:40:00Z  438.982  8.640  -38.723  1.64123E-16  SWARM-A  2.098  171.353
2018-04-19T04:40:30Z  439.126  6.701  -38.758  1.66468E-16  SWARM-A  2.104  173.282
2018-04-19T04:41:00Z  439.311  4.763  -38.793  1.68686E-16  SWARM-A  2.110  175.211
2018-04-19T04:41:30Z  439.538  2.825  -38.829  1.70765E-16  SWARM-A  2.116  177.139
2018-04-19T04:42:00Z  439.807  0.886  -38.865  1.72638E-16  SWARM-A  2.122  179.068
2018-04-19T04:42:30Z  440.118  -1.052  -38.901  1.74324E-16  SWARM-A  2.128  180.996
2018-04-19T04:43:00Z  440.471  -2.990  -38.937  1.75829E-16  SWARM-A  2.134  182.924
2018-04-19T04:43:30Z  440.865  -4.928  -38.973  1.77155E-16  SWARM-A  2.140  184.851
2018-04-19T04:44:00Z  441.298  -6.865  -39.008  1.78260E-16  SWARM-A  2.146  186.779
2018-04-19T04:44:30Z  441.771  -8.802  -39.043  1.79182E-16  SWARM-A  2.152  188.706
2018-04-19T04:45:00Z  442.283  -10.738  -39.077  1.79864E-16  SWARM-A  2.158  190.634
2018-04-19T04:45:30Z  442.831  -12.675  -39.109  1.80285E-16  SWARM-A  2.164  192.561
2018-04-19T04:46:00Z  443.414  -14.610  -39.140  1.80507E-16  SWARM-A  2.170  194.488
2018-04-19T04:46:30Z  444.031  -16.545  -39.170  1.80483E-16  SWARM-A  2.177  196.414
2018-04-19T04:47:00Z  444.680  -18.479  -39.197  1.80258E-16  SWARM-A  2.183  198.341
2018-04-19T04:47:30Z  445.360  -20.412  -39.223  1.79832E-16  SWARM-A  2.190  200.267
2018-04-19T04:48:00Z  446.067  -22.345  -39.246  1.79187E-16  SWARM-A  2.197  202.193
2018-04-19T04:48:30Z  446.800  -24.277  -39.266  1.78319E-16  SWARM-A  2.204  204.119
2018-04-19T04:49:00Z  447.556  -26.208  -39.282  1.77278E-16  SWARM-A  2.211  206.045
2018-04-19T04:49:30Z  448.333  -28.138  -39.295  1.76044E-16  SWARM-A  2.218  207.970
2018-04-19T04:50:00Z  449.128  -30.067  -39.305  1.74641E-16  SWARM-A  2.226  209.896
2018-04-19T04:50:30Z  449.939  -31.995  -39.309  1.73064E-16  SWARM-A  2.234  211.821
2018-04-19T04:51:00Z  450.763  -33.922  -39.308  1.71354E-16  SWARM-A  2.243  213.746
2018-04-19T04:51:30Z  451.597  -35.848  -39.302  1.69260E-16  SWARM-A  2.251  215.671
2018-04-19T04:52:00Z  452.438  -37.773  -39.289  1.67086E-16  SWARM-A  2.261  217.595
2018-04-19T04:52:30Z  453.283  -39.696  -39.269  1.64864E-16  SWARM-A  2.270  219.520
2018-04-19T04:53:00Z  454.130  -41.619  -39.241  1.62670E-16  SWARM-A  2.280  221.444
2018-04-19T04:53:30Z  454.975  -43.540  -39.203  1.60497E-16  SWARM-A  2.291  223.368
2018-04-19T04:54:00Z  455.815  -45.461  -39.154  1.58337E-16  SWARM-A  2.303  225.292
2018-04-19T04:54:30Z  456.647  -47.379  -39.093  1.56361E-16  SWARM-A  2.315  227.216
2018-04-19T04:55:00Z  457.468  -49.297  -39.019  1.54536E-16  SWARM-A  2.329  229.140
2018-04-19T04:55:30Z  458.276  -51.213  -38.928  1.52889E-16  SWARM-A  2.343  231.063
2018-04-19T04:56:00Z  459.067  -53.128  -38.819  1.51449E-16  SWARM-A  2.359  232.987
2018-04-19T04:56:30Z  459.839  -55.042  -38.687  1.50299E-16  SWARM-A  2.376  234.910
2018-04-19T04:57:00Z  460.588  -56.954  -38.530  1.49426E-16  SWARM-A  2.394  236.833
2018-04-19T04:57:30Z  461.312  -58.865  -38.343  1.48895E-16  SWARM-A  2.415  238.756
2018-04-19T04:58:00Z  462.008  -60.773  -38.120  1.48408E-16  SWARM-A  2.439  240.679
2018-04-19T04:58:30Z  462.674  -62.680  -37.852  1.48206E-16  SWARM-A  2.465  242.601
2018-04-19T04:59:00Z  463.307  -64.585  -37.530  1.48366E-16  SWARM-A  2.494  244.524
2018-04-19T04:59:30Z  463.905  -66.488  -37.142  1.48693E-16  SWARM-A  2.529  246.447
2018-04-19T05:00:00Z  464.466  -68.388  -36.668  1.49250E-16  SWARM-A  2.569  248.369
2018-04-19T05:00:30Z  464.987  -70.285  -36.086  1.50014E-16  SWARM-A  2.616  250.291
2018-04-19T05:01:00Z  465.468  -72.178  -35.359  1.50925E-16  SWARM-A  2.673  252.214
2018-04-19T05:01:30Z  465.905  -74.066  -34.438  1.51926E-16  SWARM-A  2.742  254.136
2018-04-19T05:02:00Z  466.298  -75.947  -33.245  1.52762E-16  SWARM-A  2.830  256.058
2018-04-19T05:02:30Z  466.645  -77.819  -31.655  1.53621E-16  SWARM-A  2.944  257.980
2018-04-19T05:03:00Z  466.945  -79.675  -29.457  1.54433E-16  SWARM-A  3.099  259.902
2018-04-19T05:03:30Z  467.196  -81.508  -26.261  1.55167E-16  SWARM-A  3.321  261.824
2018-04-19T05:04:00Z  467.399  -83.297  -21.285  1.55720E-16  SWARM-A  3.661  263.746
2018-04-19T05:04:30Z  467.551  -84.996  -12.752  1.56178E-16  SWARM-A  4.238  265.667
2018-04-19T05:05:00Z  467.653  -86.472  3.715  1.56584E-16  SWARM-A  5.344  267.589
2018-04-19T05:05:30Z  467.704  -87.328  35.892  1.57034E-16  SWARM-A  7.498  269.511
2018-04-19T05:06:00Z  467.705  -86.980  74.386  1.57400E-16  SWARM-A  10.072  271.433
2018-04-19T05:06:30Z  467.654  -85.711  97.155  1.57599E-16  SWARM-A  11.599  273.355
2018-04-19T05:07:00Z  467.553  -84.088  108.507  1.57733E-16  SWARM-A  12.364  275.276
2018-04-19T05:07:30Z  467.402  -82.331  114.784  1.57879E-16  SWARM-A  12.790  277.198
2018-04-19T05:08:00Z  467.201  -80.515  118.656  1.57742E-16  SWARM-A  13.057  279.120
2018-04-19T05:08:30Z  466.951  -78.668  121.245  1.57718E-16  SWARM-A  13.238  281.042
2018-04-19T05:09:00Z  466.653  -76.803  123.078  1.57896E-16  SWARM-A  13.368  282.964
2018-04-19T05:09:30Z  466.309  -74.926  124.433  1.58321E-16  SWARM-A  13.467  284.886
2018-04-19T05:10:00Z  465.919  -73.041  125.467  1.59049E-16  SWARM-A  13.544  286.808
2018-04-19T05:10:30Z  465.485  -71.150  126.274  1.60116E-16  SWARM-A  13.606  288.730
2018-04-19T05:11:00Z  465.010  -69.255  126.917  1.61552E-16  SWARM-A  13.658  290.652
2018-04-19T05:11:30Z  464.493  -67.356  127.437  1.63670E-16  SWARM-A  13.701  292.574
2018-04-19T05:12:00Z  463.939  -65.455  127.862  1.66345E-16  SWARM-A  13.737  294.496
2018-04-19T05:12:30Z  463.348  -63.551  128.212  1.69396E-16  SWARM-A  13.769  296.419
2018-04-19T05:13:00Z  462.723  -61.645  128.503  1.72872E-16  SWARM-A  13.797  298.341
2018-04-19T05:13:30Z  462.066  -59.737  128.745  1.76759E-16  SWARM-A  13.821  300.264
2018-04-19T05:14:00Z  461.379  -57.828  128.948  1.81036E-16  SWARM-A  13.843  302.186
2018-04-19T05:14:30Z  460.667  -55.917  129.118  1.85733E-16  SWARM-A  13.863  304.109
2018-04-19T05:15:00Z  459.929  -54.004  129.261  1.90749E-16  SWARM-A  13.881  306.032
2018-04-19T05:15:30Z  459.171  -52.090  129.380  1.96084E-16  SWARM-A  13.897  307.955
2018-04-19T05:16:00Z  458.394  -50.175  129.479  2.01717E-16  SWARM-A  13.912  309.878
2018-04-19T05:16:30Z  457.601  -48.258  129.560  2.07640E-16  SWARM-A  13.926  311.801
2018-04-19T05:17:00Z  456.796  -46.340  129.627  2.13801E-16  SWARM-A  13.938  313.725
2018-04-19T05:17:30Z  455.980  -44.421  129.681  2.20203E-16  SWARM-A  13.950  315.648
2018-04-19T05:18:00Z  455.158  -42.500  129.724  2.26828E-16  SWARM-A  13.961  317.572
2018-04-19T05:18:30Z  454.332  -40.579  129.756  2.33677E-16  SWARM-A  13.972  319.496
2018-04-19T05:19:00Z  453.506  -38.656  129.780  2.40758E-16  SWARM-A  13.982  321.420
2018-04-19T05:19:30Z  452.681  -36.732  129.796  2.48030E-16  SWARM-A  13.991  323.344
2018-04-19T05:20:00Z  451.861  -34.807  129.805  2.55475E-16  SWARM-A  14.000  325.268
2018-04-19T05:20:30Z  451.050  -32.881  129.809  2.63092E-16  SWARM-A  14.009  327.193
2018-04-19T05:21:00Z  450.249  -30.954  129.806  2.70866E-16  SWARM-A  14.017  329.117
2018-04-19T05:21:30Z  449.462  -29.025  129.799  2.78781E-16  SWARM-A  14.025  331.042
2018-04-19T05:22:00Z  448.691  -27.096  129.788  2.86802E-16  SWARM-A  14.032  332.967
2018-04-19T05:22:30Z  447.939  -25.166  129.773  2.94904E-16  SWARM-A  14.040  334.893
2018-04-19T05:23:00Z  447.208  -23.235  129.754  3.03017E-16  SWARM-A  14.047  336.818
2018-04-19T05:23:30Z  446.501  -21.303  129.733  3.10678E-16  SWARM-A  14.054  338.744
2018-04-19T05:24:00Z  445.820  -19.371  129.708  3.18246E-16  SWARM-A  14.060  340.669
2018-04-19T05:24:30Z  445.166  -17.437  129.682  3.25638E-16  SWARM-A  14.067  342.595
2018-04-19T05:25:00Z  444.543  -15.503  129.653  3.32818E-16  SWARM-A  14.073  344.521
2018-04-19T05:25:30Z  443.952  -13.569  129.623  3.39721E-16  SWARM-A  14.080  346.448
2018-04-19T05:26:00Z  443.394  -11.633  129.591  3.46262E-16  SWARM-A  14.086  348.374
2018-04-19T05:26:30Z  442.872  -9.698  129.558  3.52389E-16  SWARM-A  14.092  350.301
2018-04-19T05:27:00Z  442.385  -7.761  129.523  3.58123E-16  SWARM-A  14.098  352.228
2018-04-19T05:27:30Z  441.937  -5.825  129.488  3.63369E-16  SWARM-A  14.104  354.155
2018-04-19T05:28:00Z  441.527  -3.888  129.453  3.68055E-16  SWARM-A  14.110  356.082
2018-04-19T05:28:30Z  441.157  -1.950  129.417  3.72162E-16  SWARM-A  14.116  358.009
2018-04-19T05:29:00Z  440.826  -0.013  129.381  3.75628E-16  SWARM-A  14.122  359.937
2018-04-19T05:29:30Z  440.537  1.925  129.344  3.78470E-16  SWARM-A  14.128  1.865
2018-04-19T05:30:00Z  440.288  3.863  129.308  3.80529E-16  SWARM-A  14.134  3.792
2018-04-19T05:30:30Z  440.080  5.801  129.273  3.81820E-16  SWARM-A  14.140  5.720
2018-04-19T05:31:00Z  439.912  7.739  129.238  3.82537E-16  SWARM-A  14.146  7.649
2018-04-19T05:31:30Z  439.785  9.677  129.204  3.82598E-16  SWARM-A  14.152  9.577
2018-04-19T05:32:00Z  439.699  11.615  129.171  3.82122E-16  SWARM-A  14.158  11.506
2018-04-19T05:32:30Z  439.651  13.552  129.139  3.80986E-16  SWARM-A  14.164  13.434
2018-04-19T05:33:00Z  439.642  15.490  129.108  3.78968E-16  SWARM-A  14.170  15.363
2018-04-19T05:33:30Z  439.671  17.427  129.080  3.76593E-16  SWARM-A  14.177  17.292
2018-04-19T05:34:00Z  439.736  19.363  129.054  3.73590E-16  SWARM-A  14.183  19.222
2018-04-19T05:34:30Z  439.836  21.300  129.030  3.70140E-16  SWARM-A  14.190  21.151
2018-04-19T05:35:00Z  439.970  23.235  129.008  3.66327E-16  SWARM-A  14.197  23.080
2018-04-19T05:35:30Z  440.136  25.171  128.990  3.62100E-16  SWARM-A  14.204  25.010
2018-04-19T05:36:00Z  440.332  27.105  128.975  3.57533E-16  SWARM-A  14.212  26.940
2018-04-19T05:36:30Z  440.557  29.039  128.964  3.52619E-16  SWARM-A  14.219  28.870
2018-04-19T05:37:00Z  440.808  30.973  128.957  3.47319E-16  SWARM-A  14.227  30.800
2018-04-19T05:37:30Z  441.083  32.905  128.955  3.41754E-16  SWARM-A  14.235  32.730
2018-04-19T05:38:00Z  441.380  34.837  128.959  3.35900E-16  SWARM-A  14.244  34.660
2018-04-19T05:38:30Z  441.697  36.768  128.969  3.29840E-16  SWARM-A  14.253  36.591
2018-04-19T05:39:00Z  442.032  38.699  128.986  3.23746E-16  SWARM-A  14.262  38.521
2018-04-19T05:39:30Z  442.381  40.628  129.010  3.17494E-16  SWARM-A  14.272  40.452
2018-04-19T05:40:00Z  442.743  42.557  129.044  3.11089E-16  SWARM-A  14.283  42.383
2018-04-19T05:40:30Z  443.116  44.484  129.087  3.04565E-16  SWARM-A  14.294  44.314
2018-04-19T05:41:00Z  443.495  46.411  129.142  2.97970E-16  SWARM-A  14.306  46.245
2018-04-19T05:41:30Z  443.880  48.337  129.211  2.91362E-16  SWARM-A  14.319  48.176
2018-04-19T05:42:00Z  444.268  50.261  129.294  2.84804E-16  SWARM-A  14.333  50.107
2018-04-19T05:42:30Z  444.656  52.185  129.395  2.78311E-16  SWARM-A  14.348  52.038
2018-04-19T05:43:00Z  445.041  54.107  129.516  2.71892E-16  SWARM-A  14.364  53.969
2018-04-19T05:43:30Z  445.422  56.028  129.661  2.65576E-16  SWARM-A  14.382  55.901
2018-04-19T05:44:00Z  445.795  57.948  129.834  2.59336E-16  SWARM-A  14.402  57.832
2018-04-19T05:44:30Z  446.159  59.866  130.041  2.53094E-16  SWARM-A  14.424  59.764
2018-04-19T05:45:00Z  446.512  61.782  130.289  2.46983E-16  SWARM-A  14.449  61.696
2018-04-19T05:45:30Z  446.850  63.697  130.586  2.41092E-16  SWARM-A  14.477  63.627
2018-04-19T05:46:00Z  447.173  65.610  130.944  2.35371E-16  SWARM-A  14.510  65.559
2018-04-19T05:46:30Z  447.479  67.521  131.379  2.29814E-16  SWARM-A  14.547  67.491
2018-04-19T05:47:00Z  447.764  69.429  131.912  2.24442E-16  SWARM-A  14.591  69.423
2018-04-19T05:47:30Z  448.028  71.333  132.573  2.19219E-16  SWARM-A  14.643  71.355
2018-04-19T05:48:00Z  448.270  73.233  133.405  2.14150E-16  SWARM-A  14.707  73.287
2018-04-19T05:48:30Z  448.487  75.127  134.473  2.09202E-16  SWARM-A  14.787  75.219
2018-04-19T05:49:00Z  448.678  77.013  135.880  2.04390E-16  SWARM-A  14.889  77.151
2018-04-19T05:49:30Z  448.843  78.887  137.795  1.99688E-16  SWARM-A  15.025  79.083
2018-04-19T05:50:00Z  448.979  80.741  140.519  1.95065E-16  SWARM-A  15.215  81.015
2018-04-19T05:50:30Z  449.087  82.561  144.638  1.90560E-16  SWARM-A  15.497  82.947
2018-04-19T05:51:00Z  449.165  84.315  151.416  1.86208E-16  SWARM-A  15.958  84.879
2018-04-19T05:51:30Z  449.214  85.917  163.916  1.82053E-16  SWARM-A  16.799  86.812
2018-04-19T05:52:00Z  449.232  87.104  -170.833  1.78126E-16  SWARM-A  18.491  88.744
2018-04-19T05:52:30Z  449.220  87.266  -131.190  1.74400E-16  SWARM-A  21.142  90.676
2018-04-19T05:53:00Z  449.177  86.268  -101.549  1.70677E-16  SWARM-A  23.127  92.608
2018-04-19T05:53:30Z  449.104  84.731  -86.729  1.67155E-16  SWARM-A  0.123  94.541
2018-04-19T05:54:00Z  449.001  83.003  -78.932  1.63878E-16  SWARM-A  0.651  96.473
2018-04-19T05:54:30Z  448.869  81.195  -74.315  1.60906E-16  SWARM-A  0.967  98.405
2018-04-19T05:55:00Z  448.708  79.348  -71.316  1.58179E-16  SWARM-A  1.176  100.337
2018-04-19T05:55:30Z  448.519  77.478  -69.236  1.55765E-16  SWARM-A  1.323  102.270
2018-04-19T05:56:00Z  448.302  75.595  -67.723  1.53618E-16  SWARM-A  1.432  104.202
2018-04-19T05:56:30Z  448.061  73.702  -66.582  1.51786E-16  SWARM-A  1.516  106.134
2018-04-19T05:57:00Z  447.794  71.803  -65.699  1.50130E-16  SWARM-A  1.583  108.066
2018-04-19T05:57:30Z  447.505  69.900  -65.000  1.48730E-16  SWARM-A  1.638  109.998
2018-04-19T05:58:00Z  447.194  67.992  -64.439  1.47556E-16  SWARM-A  1.684  111.930
2018-04-19T05:58:30Z  446.863  66.082  -63.982  1.46545E-16  SWARM-A  1.723  113.862
2018-04-19T05:59:00Z  446.515  64.170  -63.606  1.45575E-16  SWARM-A  1.756  115.794
2018-04-19T05:59:30Z  446.151  62.255  -63.295  1.44726E-16  SWARM-A  1.785  117.726
2018-04-19T06:00:00Z  445.773  60.338  -63.036  1.44037E-16  SWARM-A  1.811  119.658
2018-04-19T06:00:30Z  445.384  58.420  -62.820  1.43170E-16  SWARM-A  1.834  121.590
2018-04-19T06:01:00Z  444.985  56.501  -62.639  1.42294E-16  SWARM-A  1.854  123.522
2018-04-19T06:01:30Z  444.579  54.580  -62.487  1.41485E-16  SWARM-A  1.873  125.454
2018-04-19T06:02:00Z  444.169  52.657  -62.360  1.40662E-16  SWARM-A  1.889  127.385
2018-04-19T06:02:30Z  443.756  50.734  -62.255  1.39890E-16  SWARM-A  1.905  129.317
2018-04-19T06:03:00Z  443.344  48.809  -62.167  1.39252E-16  SWARM-A  1.919  131.249
2018-04-19T06:03:30Z  442.935  46.884  -62.095  1.38600E-16  SWARM-A  1.932  133.180
2018-04-19T06:04:00Z  442.531  44.957  -62.037  1.37990E-16  SWARM-A  1.944  135.111
2018-04-19T06:04:30Z  442.135  43.029  -61.991  1.37456E-16  SWARM-A  1.956  137.043
2018-04-19T06:05:00Z  441.749  41.100  -61.955  1.37003E-16  SWARM-A  1.966  138.974
2018-04-19T06:05:30Z  441.377  39.171  -61.928  1.36653E-16  SWARM-A  1.976  140.905
2018-04-19T06:06:00Z  441.020  37.240  -61.910  1.36379E-16  SWARM-A  1.986  142.836
2018-04-19T06:06:30Z  440.681  35.309  -61.898  1.36212E-16  SWARM-A  1.995  144.767
2018-04-19T06:07:00Z  440.362  33.377  -61.893  1.36107E-16  SWARM-A  2.004  146.698
2018-04-19T06:07:30Z  440.066  31.444  -61.893  1.36096E-16  SWARM-A  2.012  148.628
2018-04-19T06:08:00Z  439.794  29.510  -61.899  1.36189E-16  SWARM-A  2.020  150.559
2018-04-19T06:08:30Z  439.550  27.576  -61.909  1.36381E-16  SWARM-A  2.028  152.489
2018-04-19T06:09:00Z  439.335  25.641  -61.923  1.36612E-16  SWARM-A  2.035  154.419
2018-04-19T06:09:30Z  439.151  23.705  -61.940  1.36991E-16  SWARM-A  2.042  156.350
2018-04-19T06:10:00Z  438.999  21.769  -61.961  1.37394E-16  SWARM-A  2.049  158.280
2018-04-19T06:10:30Z  438.882  19.832  -61.984  1.37912E-16  SWARM-A  2.056  160.210
2018-04-19T06:11:00Z  438.802  17.895  -62.010  1.38447E-16  SWARM-A  2.063  162.139
2018-04-19T06:11:30Z  438.758  15.958  -62.038  1.39076E-16  SWARM-A  2.069  164.069
2018-04-19T06:12:00Z  438.753  14.020  -62.068  1.39673E-16  SWARM-A  2.075  165.998
2018-04-19T06:12:30Z  438.788  12.082  -62.099  1.40281E-16  SWARM-A  2.082  167.927
2018-04-19T06:13:00Z  438.863  10.144  -62.132  1.40879E-16  SWARM-A  2.088  169.857
2018-04-19T06:13:30Z  438.980  8.206  -62.166  1.41432E-16  SWARM-A  2.094  171.786
2018-04-19T06:14:00Z  439.138  6.267  -62.200  1.41957E-16  SWARM-A  2.100  173.714
2018-04-19T06:14:30Z  439.338  4.329  -62.236  1.42443E-16  SWARM-A  2.106  175.643
2018-04-19T06:15:00Z  439.580  2.390  -62.272  1.42882E-16  SWARM-A  2.112  177.571
2018-04-19T06:15:30Z  439.864  0.452  -62.308  1.43246E-16  SWARM-A  2.118  179.500
2018-04-19T06:16:00Z  440.190  -1.486  -62.344  1.43567E-16  SWARM-A  2.124  181.428
2018-04-19T06:16:30Z  440.557  -3.424  -62.380  1.43853E-16  SWARM-A  2.130  183.356
2018-04-19T06:17:00Z  440.966  -5.362  -62.416  1.44060E-16  SWARM-A  2.136  185.283
2018-04-19T06:17:30Z  441.414  -7.299  -62.451  1.44195E-16  SWARM-A  2.142  187.211
2018-04-19T06:18:00Z  441.901  -9.236  -62.485  1.44250E-16  SWARM-A  2.148  189.138
2018-04-19T06:18:30Z  442.426  -11.172  -62.518  1.44213E-16  SWARM-A  2.154  191.065
2018-04-19T06:19:00Z  442.987  -13.108  -62.551  1.44078E-16  SWARM-A  2.160  192.992
2018-04-19T06:19:30Z  443.583  -15.044  -62.581  1.43825E-16  SWARM-A  2.166  194.919
2018-04-19T06:20:00Z  444.213  -16.978  -62.610  1.43491E-16  SWARM-A  2.173  196.846
2018-04-19T06:20:30Z  444.874  -18.912  -62.637  1.43009E-16  SWARM-A  2.179  198.772
2018-04-19T06:21:00Z  445.564  -20.845  -62.662  1.42401E-16  SWARM-A  2.186  200.698
2018-04-19T06:21:30Z  446.281  -22.778  -62.684  1.41685E-16  SWARM-A  2.193  202.625
2018-04-19T06:22:00Z  447.024  -24.709  -62.704  1.40867E-16  SWARM-A  2.200  204.550
2018-04-19T06:22:30Z  447.789  -26.640  -62.720  1.39859E-16  SWARM-A  2.207  206.476
2018-04-19T06:23:00Z  448.574  -28.570  -62.732  1.38742E-16  SWARM-A  2.215  208.402
2018-04-19T06:23:30Z  449.376  -30.499  -62.740  1.37468E-16  SWARM-A  2.222  210.327
2018-04-19T06:24:00Z  450.194  -32.426  -62.743  1.36053E-16  SWARM-A  2.230  212.252
2018-04-19T06:24:30Z  451.023  -34.353  -62.741  1.34497E-16  SWARM-A  2.239  214.177
2018-04-19T06:25:00Z  451.862  -36.279  -62.734  1.32803E-16  SWARM-A  2.248  216.102
2018-04-19T06:25:30Z  452.707  -38.203  -62.719  1.31026E-16  SWARM-A  2.257  218.026
2018-04-19T06:26:00Z  453.555  -40.127  -62.697  1.29157E-16  SWARM-A  2.267  219.951
2018-04-19T06:26:30Z  454.404  -42.049  -62.666  1.27239E-16  SWARM-A  2.277  221.875
2018-04-19T06:27:00Z  455.250  -43.970  -62.626  1.25318E-16  SWARM-A  2.288  223.799
2018-04-19T06:27:30Z  456.091  -45.890  -62.575  1.23397E-16  SWARM-A  2.300  225.723
2018-04-19T06:28:00Z  456.923  -47.809  -62.511  1.21481E-16  SWARM-A  2.313  227.647
2018-04-19T06:28:30Z  457.743  -49.726  -62.433  1.19649E-16  SWARM-A  2.326  229.570
2018-04-19T06:29:00Z  458.549  -51.642  -62.338  1.17964E-16  SWARM-A  2.341  231.494
2018-04-19T06:29:30Z  459.338  -53.557  -62.224  1.16392E-16  SWARM-A  2.357  233.417
2018-04-19T06:30:00Z  460.106  -55.470  -62.088  1.14992E-16  SWARM-A  2.374  235.340
2018-04-19T06:30:30Z  460.850  -57.381  -61.924  1.13750E-16  SWARM-A  2.393  237.263
2018-04-19T06:31:00Z  461.570  -59.291  -61.729  1.12670E-16  SWARM-A  2.415  239.186
2018-04-19T06:31:30Z  462.260  -61.200  -61.496  1.11750E-16  SWARM-A  2.439  241.109
2018-04-19T06:32:00Z  462.920  -63.106  -61.218  1.10991E-16  SWARM-A  2.466  243.031
2018-04-19T06:32:30Z  463.546  -65.011  -60.882  1.10383E-16  SWARM-A  2.496  244.954
2018-04-19T06:33:00Z  464.136  -66.913  -60.476  1.09916E-16  SWARM-A  2.532  246.876
2018-04-19T06:33:30Z  464.689  -68.812  -59.980  1.09586E-16  SWARM-A  2.573  248.799
2018-04-19T06:34:00Z  465.201  -70.708  -59.369  1.09387E-16  SWARM-A  2.622  250.721
2018-04-19T06:34:30Z  465.672  -72.600  -58.604  1.09321E-16  SWARM-A  2.681  252.643
2018-04-19T06:35:00Z  466.100  -74.487  -57.630  1.09390E-16  SWARM-A  2.755  254.565
2018-04-19T06:35:30Z  466.482  -76.366  -56.360  1.09622E-16  SWARM-A  2.848  256.487
2018-04-19T06:36:00Z  466.819  -78.235  -54.657  1.10002E-16  SWARM-A  2.970  258.409
2018-04-19T06:36:30Z  467.107  -80.087  -52.278  1.10494E-16  SWARM-A  3.137  260.331
2018-04-19T06:37:00Z  467.348  -81.912  -48.773  1.11160E-16  SWARM-A  3.379  262.253
2018-04-19T06:37:30Z  467.538  -83.686  -43.211  1.11987E-16  SWARM-A  3.758  264.175
2018-04-19T06:38:00Z  467.679  -85.352  -33.429  1.13062E-16  SWARM-A  4.418  266.096
2018-04-19T06:38:30Z  467.769  -86.739  -14.126  1.14392E-16  SWARM-A  5.713  268.018
2018-04-19T06:39:00Z  467.808  -87.363  21.613  1.16066E-16  SWARM-A  8.104  269.940
2018-04-19T06:39:30Z  467.796  -86.750  57.491  1.17870E-16  SWARM-A  10.504  271.862
2018-04-19T06:40:00Z  467.734  -85.367  76.929  1.19929E-16  SWARM-A  11.809  273.783
2018-04-19T06:40:30Z  467.620  -83.703  86.771  1.22169E-16  SWARM-A  12.473  275.705
2018-04-19T06:41:00Z  467.456  -81.929  92.361  1.24692E-16  SWARM-A  12.854  277.627
2018-04-19T06:41:30Z  467.243  -80.105  95.880  1.27542E-16  SWARM-A  13.097  279.549
2018-04-19T06:42:00Z  466.981  -78.253  98.267  1.30674E-16  SWARM-A  13.265  281.470
2018-04-19T06:42:30Z  466.671  -76.385  99.976  1.34108E-16  SWARM-A  13.387  283.392
2018-04-19T06:43:00Z  466.314  -74.506  101.249  1.37818E-16  SWARM-A  13.480  285.314
2018-04-19T06:43:30Z  465.912  -72.619  102.226  1.41837E-16  SWARM-A  13.553  287.236
2018-04-19T06:44:00Z  465.467  -70.728  102.992  1.46110E-16  SWARM-A  13.613  289.158
2018-04-19T06:44:30Z  464.980  -68.832  103.605  1.50614E-16  SWARM-A  13.662  291.080
2018-04-19T06:45:00Z  464.452  -66.933  104.102  1.55355E-16  SWARM-A  13.704  293.002
2018-04-19T06:45:30Z  463.886  -65.031  104.509  1.60271E-16  SWARM-A  13.739  294.925
2018-04-19T06:46:00Z  463.285  -63.126  104.845  1.65372E-16  SWARM-A  13.770  296.847
2018-04-19T06:46:30Z  462.649  -61.220  105.124  1.70650E-16  SWARM-A  13.797  298.769
2018-04-19T06:47:00Z  461.982  -59.312  105.357  1.75994E-16  SWARM-A  13.821  300.692
2018-04-19T06:47:30Z  461.287  -57.402  105.553  1.81430E-16  SWARM-A  13.842  302.615
2018-04-19T06:48:00Z  460.565  -55.491  105.716  1.86943E-16  SWARM-A  13.861  304.537
2018-04-19T06:48:30Z  459.819  -53.578  105.853  1.92514E-16  SWARM-A  13.879  306.460
2018-04-19T06:49:00Z  459.053  -51.664  105.967  1.98126E-16  SWARM-A  13.895  308.383
2018-04-19T06:49:30Z  458.268  -49.748  106.062  2.03759E-16  SWARM-A  13.909  310.306
2018-04-19T06:50:00Z  457.468  -47.831  106.141  2.09422E-16  SWARM-A  13.923  312.230
2018-04-19T06:50:30Z  456.657  -45.913  106.204  2.15145E-16  SWARM-A  13.935  314.153
2018-04-19T06:51:00Z  455.836  -43.993  106.256  2.20917E-16  SWARM-A  13.947  316.077
2018-04-19T06:51:30Z  455.008  -42.072  106.296  2.26752E-16  SWARM-A  13.958  318.000
2018-04-19T06:52:00Z  454.178  -40.151  106.327  2.32649E-16  SWARM-A  13.969  319.924
2018-04-19T06:52:30Z  453.347  -38.227  106.349  2.38645E-16  SWARM-A  13.978  321.848
2018-04-19T06:53:00Z  452.519  -36.303  106.363  2.44754E-16  SWARM-A  13.988  323.772
2018-04-19T06:53:30Z  451.697  -34.378  106.371  2.50995E-16  SWARM-A  13.997  325.697
2018-04-19T06:54:00Z  450.883  -32.452  106.373  2.57389E-16  SWARM-A  14.005  327.621
2018-04-19T06:54:30Z  450.081  -30.524  106.370  2.63929E-16  SWARM-A  14.013  329.546
2018-04-19T06:55:00Z  449.293  -28.596  106.362  2.70613E-16  SWARM-A  14.021  331.471
2018-04-19T06:55:30Z  448.522  -26.667  106.349  2.77529E-16  SWARM-A  14.028  333.396
2018-04-19T06:56:00Z  447.770  -24.736  106.334  2.84612E-16  SWARM-A  14.036  335.321
2018-04-19T06:56:30Z  447.041  -22.805  106.314  2.91938E-16  SWARM-A  14.043  337.247
2018-04-19T06:57:00Z  446.335  -20.873  106.292  2.99457E-16  SWARM-A  14.050  339.172
2018-04-19T06:57:30Z  445.656  -18.940  106.267  3.07157E-16  SWARM-A  14.056  341.098
2018-04-19T06:58:00Z  445.006  -17.007  106.240  3.14980E-16  SWARM-A  14.063  343.024
2018-04-19T06:58:30Z  444.386  -15.073  106.211  3.22956E-16  SWARM-A  14.069  344.950
2018-04-19T06:59:00Z  443.799  -13.138  106.181  3.31004E-16  SWARM-A  14.075  346.876
2018-04-19T06:59:30Z  443.246  -11.203  106.148  3.39069E-16  SWARM-A  14.082  348.803
2018-04-19T07:00:00Z  442.729  -9.267  106.115  3.47108E-16  SWARM-A  14.088  350.730
2018-04-19T07:00:30Z  442.248  -7.330  106.081  3.55044E-16  SWARM-A  14.094  352.657
2018-04-19T07:01:00Z  441.805  -5.393  106.045  3.62836E-16  SWARM-A  14.100  354.584
2018-04-19T07:01:30Z  441.401  -3.456  106.010  3.70400E-16  SWARM-A  14.106  356.511
2018-04-19T07:02:00Z  441.037  -1.519  105.974  3.77634E-16  SWARM-A  14.112  358.438
2018-04-19T07:02:30Z  440.713  0.419  105.937  3.84501E-16  SWARM-A  14.118  0.366
2018-04-19T07:03:00Z  440.430  2.357  105.901  3.90940E-16  SWARM-A  14.124  2.294
2018-04-19T07:03:30Z  440.187  4.295  105.865  3.96864E-16  SWARM-A  14.129  4.222
2018-04-19T07:04:00Z  439.986  6.233  105.830  4.02253E-16  SWARM-A  14.135  6.150
2018-04-19T07:04:30Z  439.825  8.171  105.795  4.07038E-16  SWARM-A  14.141  8.078
2018-04-19T07:05:00Z  439.706  10.109  105.761  4.11210E-16  SWARM-A  14.148  10.007
2018-04-19T07:05:30Z  439.626  12.046  105.728  4.14760E-16  SWARM-A  14.154  11.935
2018-04-19T07:06:00Z  439.585  13.984  105.697  4.17604E-16  SWARM-A  14.160  13.864
2018-04-19T07:06:30Z  439.584  15.921  105.667  4.19811E-16  SWARM-A  14.166  15.793
2018-04-19T07:07:00Z  439.619  17.858  105.639  4.21299E-16  SWARM-A  14.173  17.722
2018-04-19T07:07:30Z  439.691  19.795  105.613  4.21959E-16  SWARM-A  14.179  19.651
2018-04-19T07:08:00Z  439.799  21.731  105.590  4.21954E-16  SWARM-A  14.186  21.581
2018-04-19T07:08:30Z  439.939  23.666  105.569  4.21230E-16  SWARM-A  14.193  23.510
2018-04-19T07:09:00Z  440.112  25.602  105.552  4.19784E-16  SWARM-A  14.200  25.440
2018-04-19T07:09:30Z  440.314  27.536  105.538  4.17679E-16  SWARM-A  14.208  27.370
2018-04-19T07:10:00Z  440.545  29.470  105.528  4.14903E-16  SWARM-A  14.215  29.300
2018-04-19T07:10:30Z  440.802  31.403  105.522  4.11440E-16  SWARM-A  14.223  31.230
2018-04-19T07:11:00Z  441.083  33.336  105.521  4.07289E-16  SWARM-A  14.232  33.160
2018-04-19T07:11:30Z  441.386  35.268  105.527  4.02584E-16  SWARM-A  14.240  35.091
2018-04-19T07:12:00Z  441.708  37.199  105.538  3.97356E-16  SWARM-A  14.249  37.021
2018-04-19T07:12:30Z  442.048  39.129  105.556  3.91691E-16  SWARM-A  14.259  38.952
2018-04-19T07:13:00Z  442.402  41.058  105.583  3.85610E-16  SWARM-A  14.269  40.882
2018-04-19T07:13:30Z  442.769  42.986  105.619  3.79213E-16  SWARM-A  14.280  42.813
2018-04-19T07:14:00Z  443.145  44.914  105.665  3.72533E-16  SWARM-A  14.291  44.744
2018-04-19T07:14:30Z  443.529  46.840  105.723  3.65608E-16  SWARM-A  14.303  46.675
2018-04-19T07:15:00Z  443.918  48.766  105.794  3.58540E-16  SWARM-A  14.316  48.606
2018-04-19T07:15:30Z  444.309  50.690  105.881  3.51344E-16  SWARM-A  14.331  50.537
2018-04-19T07:16:00Z  444.701  52.613  105.987  3.44105E-16  SWARM-A  14.346  52.469
2018-04-19T07:16:30Z  445.089  54.535  106.113  3.36854E-16  SWARM-A  14.363  54.400
2018-04-19T07:17:00Z  445.472  56.456  106.264  3.29636E-16  SWARM-A  14.381  56.332
2018-04-19T07:17:30Z  445.848  58.375  106.445  3.22456E-16  SWARM-A  14.401  58.263
2018-04-19T07:18:00Z  446.214  60.293  106.660  3.15364E-16  SWARM-A  14.424  60.195
2018-04-19T07:18:30Z  446.569  62.210  106.918  3.08327E-16  SWARM-A  14.450  62.126
2018-04-19T07:19:00Z  446.909  64.124  107.228  3.01380E-16  SWARM-A  14.479  64.058
2018-04-19T07:19:30Z  447.233  66.037  107.602  2.94523E-16  SWARM-A  14.512  65.990
2018-04-19T07:20:00Z  447.539  67.947  108.057  2.87785E-16  SWARM-A  14.551  67.922
2018-04-19T07:20:30Z  447.825  69.854  108.616  2.81166E-16  SWARM-A  14.596  69.854
2018-04-19T07:21:00Z  448.089  71.757  109.311  2.74584E-16  SWARM-A  14.651  71.786
2018-04-19T07:21:30Z  448.330  73.656  110.189  2.68007E-16  SWARM-A  14.718  73.718
2018-04-19T07:22:00Z  448.546  75.548  111.323  2.61468E-16  SWARM-A  14.802  75.650
2018-04-19T07:22:30Z  448.737  77.432  112.826  2.54871E-16  SWARM-A  14.910  77.582
2018-04-19T07:23:00Z  448.900  79.302  114.889  2.48252E-16  SWARM-A  15.056  79.514
2018-04-19T07:23:30Z  449.036  81.150  117.860  2.41586E-16  SWARM-A  15.263  81.446
2018-04-19T07:24:00Z  449.142  82.959  122.426  2.34879E-16  SWARM-A  15.575  83.378
2018-04-19T07:24:30Z  449.219  84.690  130.115  2.28126E-16  SWARM-A  16.096  85.310
2018-04-19T07:25:00Z  449.266  86.233  144.683  2.21351E-16  SWARM-A  17.076  87.242
2018-04-19T07:25:30Z  449.282  87.252  173.874  2.14559E-16  SWARM-A  19.030  89.175
2018-04-19T07:26:00Z  449.268  87.122  -146.407  2.07678E-16  SWARM-A  21.686  91.107
2018-04-19T07:26:30Z  449.224  85.953  -120.735  2.00559E-16  SWARM-A  23.406  93.039
2018-04-19T07:27:00Z  449.149  84.356  -108.022  1.93409E-16  SWARM-A  0.262  94.971
2018-04-19T07:27:30Z  449.044  82.605  -101.148  1.86235E-16  SWARM-A  0.729  96.903
2018-04-19T07:28:00Z  448.910  80.786  -96.982  1.79074E-16  SWARM-A  1.015  98.836
2018-04-19T07:28:30Z  448.747  78.932  -94.231  1.71900E-16  SWARM-A  1.206  100.768
2018-04-19T07:29:00Z  448.557  77.059  -92.299  1.64814E-16  SWARM-A  1.344  102.700
2018-04-19T07:29:30Z  448.340  75.173  -90.882  1.57819E-16  SWARM-A  1.446  104.632
2018-04-19T07:30:00Z  448.097  73.279  -89.806  1.50934E-16  SWARM-A  1.526  106.564
2018-04-19T07:30:30Z  447.830  71.379  -88.968  1.44227E-16  SWARM-A  1.591  108.496
2018-04-19T07:31:00Z  447.541  69.475  -88.303  1.37696E-16  SWARM-A  1.643  110.428
2018-04-19T07:31:30Z  447.230  67.567  -87.767  1.31353E-16  SWARM-A  1.687  112.361
2018-04-19T07:32:00Z  446.901  65.657  -87.330  1.25267E-16  SWARM-A  1.725  114.293
2018-04-19T07:32:30Z  446.554  63.743  -86.970  1.19392E-16  SWARM-A  1.757  116.224
2018-04-19T07:33:00Z  446.191  61.828  -86.671  1.13829E-16  SWARM-A  1.785  118.156
2018-04-19T07:33:30Z  445.816  59.912  -86.422  1.08527E-16  SWARM-A  1.810  120.088
2018-04-19T07:34:00Z  445.429  57.993  -86.214  1.03571E-16  SWARM-A  1.833  122.020
2018-04-19T07:34:30Z  445.034  56.073  -86.040  9.89487E-17  SWARM-A  1.853  123.952
2018-04-19T07:35:00Z  444.632  54.152  -85.894  9.46682E-17  SWARM-A  1.871  125.883
2018-04-19T07:35:30Z  444.226  52.230  -85.772  9.07363E-17  SWARM-A  1.887  127.815
2018-04-19T07:36:00Z  443.818  50.306  -85.671  8.71525E-17  SWARM-A  1.902  129.746
2018-04-19T07:36:30Z  443.411  48.381  -85.587  8.39310E-17  SWARM-A  1.916  131.678
2018-04-19T07:37:00Z  443.008  46.455  -85.518  8.11201E-17  SWARM-A  1.929  133.609
2018-04-19T07:37:30Z  442.610  44.529  -85.463  7.86366E-17  SWARM-A  1.941  135.540
2018-04-19T07:38:00Z  442.220  42.601  -85.419  7.65105E-17  SWARM-A  1.952  137.472
2018-04-19T07:38:30Z  441.842  40.672  -85.385  7.46670E-17  SWARM-A  1.963  139.403
2018-04-19T07:39:00Z  441.477  38.742  -85.360  7.30896E-17  SWARM-A  1.973  141.334
2018-04-19T07:39:30Z  441.127  36.811  -85.343  7.18031E-17  SWARM-A  1.982  143.265
2018-04-19T07:40:00Z  440.796  34.880  -85.333  7.07656E-17  SWARM-A  1.991  145.195
2018-04-19T07:40:30Z  440.485  32.948  -85.329  6.99422E-17  SWARM-A  2.000  147.126
2018-04-19T07:41:00Z  440.197  31.015  -85.330  6.92837E-17  SWARM-A  2.008  149.056
2018-04-19T07:41:30Z  439.935  29.081  -85.337  6.88178E-17  SWARM-A  2.016  150.987
2018-04-19T07:42:00Z  439.699  27.147  -85.348  6.84963E-17  SWARM-A  2.024  152.917
2018-04-19T07:42:30Z  439.493  25.212  -85.363  6.83461E-17  SWARM-A  2.031  154.847
2018-04-19T07:43:00Z  439.317  23.276  -85.381  6.82350E-17  SWARM-A  2.038  156.777
2018-04-19T07:43:30Z  439.175  21.340  -85.402  6.82830E-17  SWARM-A  2.045  158.707
2018-04-19T07:44:00Z  439.066  19.403  -85.426  6.84062E-17  SWARM-A  2.052  160.637
2018-04-19T07:44:30Z  438.994  17.466  -85.452  6.85887E-17  SWARM-A  2.058  162.566
2018-04-19T07:45:00Z  438.959  15.529  -85.480  6.88405E-17  SWARM-A  2.065  164.496
2018-04-19T07:45:30Z  438.963  13.591  -85.511  6.91274E-17  SWARM-A  2.071  166.425
2018-04-19T07:46:00Z  439.005  11.653  -85.542  6.94758E-17  SWARM-A  2.077  168.354
2018-04-19T07:46:30Z  439.088  9.715  -85.575  6.99013E-17  SWARM-A  2.084  170.283
2018-04-19T07:47:00Z  439.212  7.777  -85.609  7.02772E-17  SWARM-A  2.090  172.212
2018-04-19T07:47:30Z  439.377  5.839  -85.644  7.06707E-17  SWARM-A  2.096  174.141
2018-04-19T07:48:00Z  439.584  3.900  -85.680  7.10660E-17  SWARM-A  2.102  176.069
2018-04-19T07:48:30Z  439.833  1.962  -85.716  7.15006E-17  SWARM-A  2.108  177.997
2018-04-19T07:49:00Z  440.123  0.024  -85.752  7.19128E-17  SWARM-A  2.113  179.926
2018-04-19T07:49:30Z  440.455  -1.914  -85.788  7.23938E-17  SWARM-A  2.119  181.853
2018-04-19T07:50:00Z  440.828  -3.852  -85.824  7.29363E-17  SWARM-A  2.125  183.781
2018-04-19T07:50:30Z  441.241  -5.789  -85.859  7.35422E-17  SWARM-A  2.131  185.709
2018-04-19T07:51:00Z  441.695  -7.727  -85.894  7.41840E-17  SWARM-A  2.137  187.636
2018-04-19T07:51:30Z  442.186  -9.663  -85.928  7.49251E-17  SWARM-A  2.143  189.563
2018-04-19T07:52:00Z  442.715  -11.599  -85.962  7.57050E-17  SWARM-A  2.149  191.490
2018-04-19T07:52:30Z  443.280  -13.535  -85.993  7.65745E-17  SWARM-A  2.156  193.417
2018-04-19T07:53:00Z  443.880  -15.470  -86.024  7.75057E-17  SWARM-A  2.162  195.344
2018-04-19T07:53:30Z  444.512  -17.405  -86.052  7.85137E-17  SWARM-A  2.168  197.270
2018-04-19T07:54:00Z  445.176  -19.338  -86.079  7.95835E-17  SWARM-A  2.175  199.197
2018-04-19T07:54:30Z  445.868  -21.271  -86.103  8.07071E-17  SWARM-A  2.182  201.123
2018-04-19T07:55:00Z  446.587  -23.203  -86.124  8.18348E-17  SWARM-A  2.189  203.049
2018-04-19T07:55:30Z  447.330  -25.135  -86.143  8.29824E-17  SWARM-A  2.196  204.975
2018-04-19T07:56:00Z  448.096  -27.065  -86.158  8.40907E-17  SWARM-A  2.203  206.900
2018-04-19T07:56:30Z  448.880  -28.995  -86.169  8.52194E-17  SWARM-A  2.211  208.825
2018-04-19T07:57:00Z  449.682  -30.923  -86.176  8.63178E-17  SWARM-A  2.219  210.751
2018-04-19T07:57:30Z  450.498  -32.851  -86.179  8.73638E-17  SWARM-A  2.227  212.676
2018-04-19T07:58:00Z  451.325  -34.777  -86.175  8.83275E-17  SWARM-A  2.235  214.600
2018-04-19T07:58:30Z  452.161  -36.702  -86.166  8.92511E-17  SWARM-A  2.244  216.525
2018-04-19T07:59:00Z  453.003  -38.627  -86.150  9.01219E-17  SWARM-A  2.254  218.450
2018-04-19T07:59:30Z  453.847  -40.550  -86.126  9.09339E-17  SWARM-A  2.264  220.374
2018-04-19T08:00:00Z  454.691  -42.472  -86.093  9.16805E-17  SWARM-A  2.274  222.298
2018-04-19T08:00:30Z  455.532  -44.392  -86.051  9.23544E-17  SWARM-A  2.285  224.222
2018-04-19T08:01:00Z  456.366  -46.312  -85.997  9.29747E-17  SWARM-A  2.297  226.146
2018-04-19T08:01:30Z  457.191  -48.230  -85.930  9.35551E-17  SWARM-A  2.310  228.069
2018-04-19T08:02:00Z  458.003  -50.147  -85.848  9.40942E-17  SWARM-A  2.324  229.993
2018-04-19T08:02:30Z  458.801  -52.063  -85.749  9.45893E-17  SWARM-A  2.339  231.916
2018-04-19T08:03:00Z  459.580  -53.977  -85.630  9.50443E-17  SWARM-A  2.355  233.840
2018-04-19T08:03:30Z  460.338  -55.890  -85.488  9.54835E-17  SWARM-A  2.373  235.763
2018-04-19T08:04:00Z  461.073  -57.801  -85.318  9.58472E-17  SWARM-A  2.392  237.686
2018-04-19T08:04:30Z  461.781  -59.711  -85.115  9.61844E-17  SWARM-A  2.414  239.608
2018-04-19T08:05:00Z  462.461  -61.619  -84.873  9.64845E-17  SWARM-A  2.439  241.531
2018-04-19T08:05:30Z  463.108  -63.525  -84.582  9.67139E-17  SWARM-A  2.466  243.454
2018-04-19T08:06:00Z  463.722  -65.429  -84.232  9.69246E-17  SWARM-A  2.498  245.376
2018-04-19T08:06:30Z  464.300  -67.330  -83.808  9.70071E-17  SWARM-A  2.535  247.299
2018-04-19T08:07:00Z  464.840  -69.229  -83.289  9.69993E-17  SWARM-A  2.578  249.221
2018-04-19T08:07:30Z  465.339  -71.124  -82.647  9.69000E-17  SWARM-A  2.629  251.143
2018-04-19T08:08:00Z  465.796  -73.015  -81.841  9.67141E-17  SWARM-A  2.691  253.065
2018-04-19T08:08:30Z  466.210  -74.900  -80.810  9.64556E-17  SWARM-A  2.768  254.987
2018-04-19T08:09:00Z  466.578  -76.777  -79.459  9.60954E-17  SWARM-A  2.866  256.909
2018-04-19T08:09:30Z  466.900  -78.643  -77.631  9.56693E-17  SWARM-A  2.997  258.831
2018-04-19T08:10:00Z  467.174  -80.490  -75.053  9.51991E-17  SWARM-A  3.177  260.753
2018-04-19T08:10:30Z  467.399  -82.306  -71.199  9.47155E-17  SWARM-A  3.442  262.675
2018-04-19T08:11:00Z  467.575  -84.064  -64.962  9.42331E-17  SWARM-A  3.866  264.597
2018-04-19T08:11:30Z  467.700  -85.690  -53.702  9.38802E-17  SWARM-A  4.625  266.518
2018-04-19T08:12:00Z  467.775  -86.965  -31.147  9.36717E-17  SWARM-A  6.137  268.440
2018-04-19T08:12:30Z  467.799  -87.330  7.190  9.36882E-17  SWARM-A  8.701  270.362
2018-04-19T08:13:00Z  467.772  -86.487  39.574  9.38672E-17  SWARM-A  10.869  272.284
2018-04-19T08:13:30Z  467.694  -85.016  56.199  9.42105E-17  SWARM-A  11.985  274.205
2018-04-19T08:14:00Z  467.566  -83.319  64.806  9.47889E-17  SWARM-A  12.567  276.127
2018-04-19T08:14:30Z  467.387  -81.531  69.819  9.56164E-17  SWARM-A  12.910  278.049
2018-04-19T08:15:00Z  467.159  -79.699  73.035  9.68119E-17  SWARM-A  13.133  279.971
2018-04-19T08:15:30Z  466.882  -77.843  75.245  9.83166E-17  SWARM-A  13.288  281.893
2018-04-19T08:16:00Z  466.558  -75.972  76.843  1.00134E-16  SWARM-A  13.403  283.814
2018-04-19T08:16:30Z  466.188  -74.091  78.042  1.02353E-16  SWARM-A  13.491  285.736
2018-04-19T08:17:00Z  465.773  -72.204  78.968  1.04999E-16  SWARM-A  13.561  287.658
2018-04-19T08:17:30Z  465.314  -70.311  79.697  1.07992E-16  SWARM-A  13.618  289.580
2018-04-19T08:18:00Z  464.814  -68.414  80.282  1.11381E-16  SWARM-A  13.666  291.503
2018-04-19T08:18:30Z  464.274  -66.515  80.757  1.15156E-16  SWARM-A  13.706  293.425
2018-04-19T08:19:00Z  463.697  -64.612  81.148  1.19306E-16  SWARM-A  13.740  295.347
2018-04-19T08:19:30Z  463.084  -62.707  81.470  1.23854E-16  SWARM-A  13.770  297.270
2018-04-19T08:20:00Z  462.438  -60.801  81.739  1.28756E-16  SWARM-A  13.796  299.192
2018-04-19T08:20:30Z  461.761  -58.892  81.964  1.34059E-16  SWARM-A  13.820  301.115
2018-04-19T08:21:00Z  461.055  -56.982  82.152  1.39704E-16  SWARM-A  13.840  303.037
2018-04-19T08:21:30Z  460.324  -55.070  82.309  1.45723E-16  SWARM-A  13.859  304.960
2018-04-19T08:22:00Z  459.570  -53.157  82.441  1.52119E-16  SWARM-A  13.876  306.883
2018-04-19T08:22:30Z  458.796  -51.242  82.551  1.58818E-16  SWARM-A  13.892  308.806
2018-04-19T08:23:00Z  458.005  -49.326  82.642  1.65860E-16  SWARM-A  13.906  310.730
2018-04-19T08:23:30Z  457.199  -47.409  82.717  1.73175E-16  SWARM-A  13.920  312.653
2018-04-19T08:24:00Z  456.381  -45.490  82.778  1.80888E-16  SWARM-A  13.932  314.576
2018-04-19T08:24:30Z  455.555  -43.570  82.827  1.88868E-16  SWARM-A  13.944  316.500
2018-04-19T08:25:00Z  454.724  -41.649  82.865  1.97088E-16  SWARM-A  13.955  318.424
2018-04-19T08:25:30Z  453.890  -39.727  82.894  2.05572E-16  SWARM-A  13.965  320.348
2018-04-19T08:26:00Z  453.056  -37.804  82.915  2.14266E-16  SWARM-A  13.975  322.272
2018-04-19T08:26:30Z  452.226  -35.879  82.928  2.23180E-16  SWARM-A  13.984  324.196
2018-04-19T08:27:00Z  451.402  -33.954  82.934  2.32272E-16  SWARM-A  13.993  326.121
2018-04-19T08:27:30Z  450.587  -32.027  82.935  2.41470E-16  SWARM-A  14.001  328.045
2018-04-19T08:28:00Z  449.785  -30.099  82.931  2.50722E-16  SWARM-A  14.009  329.970
2018-04-19T08:28:30Z  448.997  -28.171  82.922  2.60083E-16  SWARM-A  14.017  331.895
2018-04-19T08:29:00Z  448.227  -26.241  82.909  2.69498E-16  SWARM-A  14.024  333.820
2018-04-19T08:29:30Z  447.477  -24.310  82.892  2.78889E-16  SWARM-A  14.032  335.746
2018-04-19T08:30:00Z  446.749  -22.379  82.872  2.88263E-16  SWARM-A  14.039  337.671
2018-04-19T08:30:30Z  446.046  -20.447  82.850  2.97692E-16  SWARM-A  14.045  339.597
2018-04-19T08:31:00Z  445.371  -18.514  82.824  3.07096E-16  SWARM-A  14.052  341.523
2018-04-19T08:31:30Z  444.725  -16.580  82.797  3.16266E-16  SWARM-A  14.058  343.449
2018-04-19T08:32:00Z  444.110  -14.646  82.768  3.25110E-16  SWARM-A  14.065  345.375
2018-04-19T08:32:30Z  443.528  -12.711  82.737  3.33574E-16  SWARM-A  14.071  347.302
2018-04-19T08:33:00Z  442.981  -10.775  82.704  3.41623E-16  SWARM-A  14.077  349.228
2018-04-19T08:33:30Z  442.470  -8.839  82.671  3.49175E-16  SWARM-A  14.083  351.155
2018-04-19T08:34:00Z  441.996  -6.902  82.636  3.56130E-16  SWARM-A  14.089  353.082
2018-04-19T08:34:30Z  441.561  -4.965  82.601  3.61997E-16  SWARM-A  14.095  355.009
2018-04-19T08:35:00Z  441.166  -3.028  82.565  3.67159E-16  SWARM-A  14.101  356.937
2018-04-19T08:35:30Z  440.811  -1.091  82.529  3.71676E-16  SWARM-A  14.107  358.864
2018-04-19T08:36:00Z  440.497  0.847  82.493  3.75474E-16  SWARM-A  14.113  0.792
2018-04-19T08:36:30Z  440.225  2.785  82.457  3.78566E-16  SWARM-A  14.119  2.720
2018-04-19T08:37:00Z  439.993  4.723  82.421  3.81045E-16  SWARM-A  14.125  4.648
2018-04-19T08:37:30Z  439.804  6.661  82.386  3.82852E-16  SWARM-A  14.131  6.576
2018-04-19T08:38:00Z  439.656  8.599  82.351  3.84076E-16  SWARM-A  14.137  8.505
2018-04-19T08:38:30Z  439.548  10.537  82.318  3.84706E-16  SWARM-A  14.143  10.433
2018-04-19T08:39:00Z  439.482  12.475  82.285  3.84738E-16  SWARM-A  14.149  12.362
2018-04-19T08:39:30Z  439.454  14.412  82.254  3.84257E-16  SWARM-A  14.156  14.291
2018-04-19T08:40:00Z  439.466  16.350  82.225  3.83380E-16  SWARM-A  14.162  16.220
2018-04-19T08:40:30Z  439.515  18.287  82.197  3.82013E-16  SWARM-A  14.169  18.149
2018-04-19T08:41:00Z  439.600  20.223  82.172  3.80318E-16  SWARM-A  14.175  20.078
2018-04-19T08:41:30Z  439.720  22.159  82.149  3.78255E-16  SWARM-A  14.182  22.008
2018-04-19T08:42:00Z  439.873  24.095  82.129  3.75902E-16  SWARM-A  14.189  23.938
2018-04-19T08:42:30Z  440.059  26.030  82.112  3.73278E-16  SWARM-A  14.196  25.867
2018-04-19T08:43:00Z  440.273  27.964  82.099  3.70409E-16  SWARM-A  14.204  27.797
2018-04-19T08:43:30Z  440.516  29.898  82.090  3.67333E-16  SWARM-A  14.211  29.727
2018-04-19T08:44:00Z  440.784  31.831  82.086  3.64019E-16  SWARM-A  14.219  31.657
2018-04-19T08:44:30Z  441.076  33.764  82.086  3.60538E-16  SWARM-A  14.228  33.588
2018-04-19T08:45:00Z  441.389  35.695  82.093  3.56931E-16  SWARM-A  14.237  35.518
2018-04-19T08:45:30Z  441.721  37.626  82.106  3.53144E-16  SWARM-A  14.246  37.449
2018-04-19T08:46:00Z  442.070  39.556  82.126  3.49226E-16  SWARM-A  14.255  39.379
2018-04-19T08:46:30Z  442.433  41.485  82.154  3.45205E-16  SWARM-A  14.266  41.310
2018-04-19T08:47:00Z  442.809  43.414  82.192  3.41085E-16  SWARM-A  14.277  43.241
2018-04-19T08:47:30Z  443.193  45.341  82.241  3.36875E-16  SWARM-A  14.288  45.172
2018-04-19T08:48:00Z  443.584  47.267  82.302  3.32567E-16  SWARM-A  14.301  47.103
2018-04-19T08:48:30Z  443.980  49.192  82.377  3.28175E-16  SWARM-A  14.314  49.034
2018-04-19T08:49:00Z  444.377  51.116  82.468  3.23769E-16  SWARM-A  14.328  50.965
2018-04-19T08:49:30Z  444.774  53.039  82.577  3.19333E-16  SWARM-A  14.344  52.897
2018-04-19T08:50:00Z  445.167  54.961  82.709  3.14847E-16  SWARM-A  14.361  54.828
2018-04-19T08:50:30Z  445.555  56.881  82.866  3.10350E-16  SWARM-A  14.380  56.760
2018-04-19T08:51:00Z  445.935  58.800  83.054  3.05821E-16  SWARM-A  14.401  58.691
2018-04-19T08:51:30Z  446.305  60.718  83.278  3.01293E-16  SWARM-A  14.424  60.623
2018-04-19T08:52:00Z  446.663  62.634  83.547  2.96776E-16  SWARM-A  14.450  62.554
2018-04-19T08:52:30Z  447.005  64.548  83.870  2.92251E-16  SWARM-A  14.480  64.486
2018-04-19T08:53:00Z  447.331  66.460  84.260  2.87702E-16  SWARM-A  14.514  66.418
2018-04-19T08:53:30Z  447.639  68.369  84.736  2.83145E-16  SWARM-A  14.554  68.350
2018-04-19T08:54:00Z  447.926  70.276  85.322  2.78534E-16  SWARM-A  14.602  70.282
2018-04-19T08:54:30Z  448.191  72.178  86.053  2.73908E-16  SWARM-A  14.659  72.214
2018-04-19T08:55:00Z  448.433  74.076  86.981  2.69198E-16  SWARM-A  14.729  74.146
2018-04-19T08:55:30Z  448.649  75.966  88.185  2.64418E-16  SWARM-A  14.818  76.078
2018-04-19T08:56:00Z  448.840  77.847  89.791  2.59541E-16  SWARM-A  14.933  78.010
2018-04-19T08:56:30Z  449.003  79.713  92.018  2.54503E-16  SWARM-A  15.090  79.942
2018-04-19T08:57:00Z  449.137  81.555  95.265  2.49352E-16  SWARM-A  15.315  81.874
2018-04-19T08:57:30Z  449.243  83.351  100.344  2.44094E-16  SWARM-A  15.662  83.806
2018-04-19T08:58:00Z  449.318  85.054  109.108  2.38772E-16  SWARM-A  16.254  85.738
2018-04-19T08:58:30Z  449.364  86.523  126.141  2.33433E-16  SWARM-A  17.398  87.670
2018-04-19T08:59:00Z  449.379  87.339  159.238  2.28096E-16  SWARM-A  19.613  89.602
2018-04-19T08:59:30Z  449.363  86.927  -162.584  2.22519E-16  SWARM-A  22.166  91.535
2018-04-19T09:00:00Z  449.317  85.621  -140.568  2.16769E-16  SWARM-A  23.643  93.467
2018-04-19T09:00:30Z  449.240  83.977  -129.592  2.10981E-16  SWARM-A  0.383  95.399
2018-04-19T09:01:00Z  449.134  82.206  -123.493  2.05180E-16  SWARM-A  0.798  97.331
2018-04-19T09:01:30Z  448.998  80.378  -119.716  1.99444E-16  SWARM-A  1.058  99.263
2018-04-19T09:02:00Z  448.834  78.519  -117.184  1.93740E-16  SWARM-A  1.235  101.195
2018-04-19T09:02:30Z  448.642  76.643  -115.386  1.88090E-16  SWARM-A  1.363  103.127
2018-04-19T09:03:00Z  448.423  74.755  -114.056  1.82541E-16  SWARM-A  1.460  105.059
2018-04-19T09:03:30Z  448.179  72.860  -113.040  1.76977E-16  SWARM-A  1.536  106.991
2018-04-19T09:04:00Z  447.911  70.959  -112.245  1.71572E-16  SWARM-A  1.597  108.923
2018-04-19T09:04:30Z  447.621  69.054  -111.612  1.66359E-16  SWARM-A  1.648  110.855
2018-04-19T09:05:00Z  447.310  67.145  -111.100  1.61286E-16  SWARM-A  1.690  112.787
2018-04-19T09:05:30Z  446.980  65.234  -110.681  1.56471E-16  SWARM-A  1.727  114.719
2018-04-19T09:06:00Z  446.632  63.321  -110.336  1.51870E-16  SWARM-A  1.758  116.651
2018-04-19T09:06:30Z  446.270  61.405  -110.049  1.47491E-16  SWARM-A  1.786  118.583
2018-04-19T09:07:00Z  445.894  59.488  -109.810  1.43318E-16  SWARM-A  1.810  120.515
2018-04-19T09:07:30Z  445.508  57.570  -109.609  1.39407E-16  SWARM-A  1.831  122.446
2018-04-19T09:08:00Z  445.113  55.649  -109.442  1.35714E-16  SWARM-A  1.851  124.378
2018-04-19T09:08:30Z  444.712  53.728  -109.302  1.32309E-16  SWARM-A  1.869  126.309
2018-04-19T09:09:00Z  444.307  51.805  -109.184  1.29183E-16  SWARM-A  1.885  128.241
2018-04-19T09:09:30Z  443.901  49.882  -109.087  1.26372E-16  SWARM-A  1.900  130.172
2018-04-19T09:10:00Z  443.495  47.957  -109.007  1.23801E-16  SWARM-A  1.913  132.104
2018-04-19T09:10:30Z  443.093  46.031  -108.941  1.21518E-16  SWARM-A  1.926  134.035
2018-04-19T09:11:00Z  442.697  44.104  -108.888  1.19516E-16  SWARM-A  1.938  135.966
2018-04-19T09:11:30Z  442.310  42.176  -108.847  1.17752E-16  SWARM-A  1.949  137.897
2018-04-19T09:12:00Z  441.934  40.247  -108.815  1.16217E-16  SWARM-A  1.959  139.828
2018-04-19T09:12:30Z  441.571  38.317  -108.792  1.14969E-16  SWARM-A  1.969  141.759
2018-04-19T09:13:00Z  441.224  36.386  -108.777  1.13956E-16  SWARM-A  1.979  143.690
2018-04-19T09:13:30Z  440.896  34.455  -108.768  1.13170E-16  SWARM-A  1.988  145.620
2018-04-19T09:14:00Z  440.589  32.522  -108.765  1.12601E-16  SWARM-A  1.996  147.551
2018-04-19T09:14:30Z  440.304  30.589  -108.768  1.12244E-16  SWARM-A  2.004  149.481
2018-04-19T09:15:00Z  440.045  28.656  -108.775  1.12036E-16  SWARM-A  2.012  151.411
2018-04-19T09:15:30Z  439.814  26.721  -108.787  1.11960E-16  SWARM-A  2.020  153.342
2018-04-19T09:16:00Z  439.612  24.786  -108.803  1.12065E-16  SWARM-A  2.027  155.272
2018-04-19T09:16:30Z  439.441  22.850  -108.822  1.12333E-16  SWARM-A  2.034  157.201
2018-04-19T09:17:00Z  439.303  20.914  -108.843  1.12703E-16  SWARM-A  2.041  159.131
2018-04-19T09:17:30Z  439.200  18.978  -108.868  1.13226E-16  SWARM-A  2.048  161.061
2018-04-19T09:18:00Z  439.133  17.041  -108.895  1.13837E-16  SWARM-A  2.054  162.990
2018-04-19T09:18:30Z  439.104  15.103  -108.923  1.14534E-16  SWARM-A  2.061  164.920
2018-04-19T09:19:00Z  439.113  13.166  -108.954  1.15311E-16  SWARM-A  2.067  166.849
2018-04-19T09:19:30Z  439.161  11.228  -108.986  1.16144E-16  SWARM-A  2.073  168.778
2018-04-19T09:20:00Z  439.250  9.290  -109.019  1.16998E-16  SWARM-A  2.079  170.707
2018-04-19T09:20:30Z  439.380  7.352  -109.053  1.17883E-16  SWARM-A  2.085  172.635
2018-04-19T09:21:00Z  439.551  5.413  -109.088  1.18783E-16  SWARM-A  2.091  174.564
2018-04-19T09:21:30Z  439.764  3.475  -109.124  1.19676E-16  SWARM-A  2.097  176.492
2018-04-19T09:22:00Z  440.019  1.537  -109.160  1.20541E-16  SWARM-A  2.103  178.420
2018-04-19T09:22:30Z  440.315  -0.401  -109.196  1.21398E-16  SWARM-A  2.109  180.348
2018-04-19T09:23:00Z  440.653  -2.339  -109.232  1.22215E-16  SWARM-A  2.115  182.276
2018-04-19T09:23:30Z  441.032  -4.277  -109.268  1.22970E-16  SWARM-A  2.121  184.204
2018-04-19T09:24:00Z  441.451  -6.214  -109.303  1.23665E-16  SWARM-A  2.127  186.131
2018-04-19T09:24:30Z  441.909  -8.151  -109.338  1.24278E-16  SWARM-A  2.133  188.059
2018-04-19T09:25:00Z  442.405  -10.088  -109.372  1.24748E-16  SWARM-A  2.139  189.986
2018-04-19T09:25:30Z  442.938  -12.024  -109.405  1.25133E-16  SWARM-A  2.145  191.913
2018-04-19T09:26:00Z  443.507  -13.959  -109.436  1.25383E-16  SWARM-A  2.151  193.839
2018-04-19T09:26:30Z  444.109  -15.894  -109.466  1.25548E-16  SWARM-A  2.158  195.766
2018-04-19T09:27:00Z  444.744  -17.828  -109.495  1.25516E-16  SWARM-A  2.164  197.692
2018-04-19T09:27:30Z  445.410  -19.762  -109.521  1.25319E-16  SWARM-A  2.171  199.619
2018-04-19T09:28:00Z  446.103  -21.694  -109.544  1.24951E-16  SWARM-A  2.178  201.545
2018-04-19T09:28:30Z  446.823  -23.626  -109.565  1.24404E-16  SWARM-A  2.184  203.470
2018-04-19T09:29:00Z  447.566  -25.557  -109.583  1.23638E-16  SWARM-A  2.192  205.396
2018-04-19T09:29:30Z  448.331  -27.488  -109.597  1.22682E-16  SWARM-A  2.199  207.322
2018-04-19T09:30:00Z  449.115  -29.417  -109.608  1.21510E-16  SWARM-A  2.207  209.247
2018-04-19T09:30:30Z  449.915  -31.345  -109.614  1.20140E-16  SWARM-A  2.215  211.172
2018-04-19T09:31:00Z  450.728  -33.272  -109.615  1.18567E-16  SWARM-A  2.223  213.097
2018-04-19T09:31:30Z  451.553  -35.198  -109.610  1.16821E-16  SWARM-A  2.231  215.022
2018-04-19T09:32:00Z  452.385  -37.124  -109.599  1.14906E-16  SWARM-A  2.241  216.946
2018-04-19T09:32:30Z  453.222  -39.048  -109.582  1.12846E-16  SWARM-A  2.250  218.871
2018-04-19T09:33:00Z  454.061  -40.970  -109.556  1.10696E-16  SWARM-A  2.260  220.795
2018-04-19T09:33:30Z  454.899  -42.892  -109.521  1.08446E-16  SWARM-A  2.271  222.719
2018-04-19T09:34:00Z  455.733  -44.813  -109.476  1.06182E-16  SWARM-A  2.282  224.643
2018-04-19T09:34:30Z  456.560  -46.732  -109.420  1.03902E-16  SWARM-A  2.294  226.567
2018-04-19T09:35:00Z  457.377  -48.650  -109.350  1.01651E-16  SWARM-A  2.307  228.490
2018-04-19T09:35:30Z  458.182  -50.566  -109.264  9.93986E-17  SWARM-A  2.321  230.414
2018-04-19T09:36:00Z  458.970  -52.482  -109.161  9.72080E-17  SWARM-A  2.336  232.337
2018-04-19T09:36:30Z  459.740  -54.396  -109.037  9.50760E-17  SWARM-A  2.353  234.260
2018-04-19T09:37:00Z  460.488  -56.308  -108.889  9.29913E-17  SWARM-A  2.371  236.183
2018-04-19T09:37:30Z  461.212  -58.219  -108.713  9.10321E-17  SWARM-A  2.391  238.106
2018-04-19T09:38:00Z  461.908  -60.128  -108.502  8.91806E-17  SWARM-A  2.414  240.029
2018-04-19T09:38:30Z  462.576  -62.036  -108.250  8.74176E-17  SWARM-A  2.439  241.952
2018-04-19T09:39:00Z  463.211  -63.942  -107.947  8.57850E-17  SWARM-A  2.467  243.874
2018-04-19T09:39:30Z  463.812  -65.845  -107.582  8.42996E-17  SWARM-A  2.500  245.797
2018-04-19T09:40:00Z  464.377  -67.746  -107.139  8.29751E-17  SWARM-A  2.538  247.719
2018-04-19T09:40:30Z  464.903  -69.644  -106.596  8.18431E-17  SWARM-A  2.582  249.641
2018-04-19T09:41:00Z  465.389  -71.538  -105.922  8.08832E-17  SWARM-A  2.636  251.564
2018-04-19T09:41:30Z  465.832  -73.428  -105.073  8.00617E-17  SWARM-A  2.701  253.486
2018-04-19T09:42:00Z  466.231  -75.312  -103.982  7.95114E-17  SWARM-A  2.782  255.408
2018-04-19T09:42:30Z  466.585  -77.187  -102.542  7.91934E-17  SWARM-A  2.886  257.330
2018-04-19T09:43:00Z  466.892  -79.049  -100.580  7.91299E-17  SWARM-A  3.025  259.252
2018-04-19T09:43:30Z  467.151  -80.891  -97.780  7.93665E-17  SWARM-A  3.220  261.174
2018-04-19T09:44:00Z  467.361  -82.698  -93.531  7.99057E-17  SWARM-A  3.512  263.096
2018-04-19T09:44:30Z  467.522  -84.435  -86.504  8.07525E-17  SWARM-A  3.989  265.017
2018-04-19T09:45:00Z  467.632  -86.012  -73.479  8.19621E-17  SWARM-A  4.865  266.939
2018-04-19T09:45:30Z  467.692  -87.148  -47.279  8.35764E-17  SWARM-A  6.620  268.861
2018-04-19T09:46:00Z  467.701  -87.234  -7.674  8.55804E-17  SWARM-A  9.269  270.783
2018-04-19T09:46:30Z  467.659  -86.198  20.856  8.78775E-17  SWARM-A  11.179  272.705
2018-04-19T09:47:00Z  467.566  -84.656  35.117  9.05402E-17  SWARM-A  12.138  274.626
2018-04-19T09:47:30Z  467.423  -82.933  42.688  9.34622E-17  SWARM-A  12.651  276.548
2018-04-19T09:48:00Z  467.230  -81.133  47.204  9.67096E-17  SWARM-A  12.961  278.470
2018-04-19T09:48:30Z  466.989  -79.294  50.151  1.00314E-16  SWARM-A  13.166  280.392
2018-04-19T09:49:00Z  466.698  -77.434  52.202  1.04191E-16  SWARM-A  13.311  282.314
2018-04-19T09:49:30Z  466.361  -75.561  53.699  1.08359E-16  SWARM-A  13.419  284.236
2018-04-19T09:50:00Z  465.978  -73.678  54.829  1.12832E-16  SWARM-A  13.502  286.158
2018-04-19T09:50:30Z  465.551  -71.789  55.706  1.17530E-16  SWARM-A  13.569  288.080
2018-04-19T09:51:00Z  465.080  -69.895  56.400  1.22468E-16  SWARM-A  13.624  290.002
2018-04-19T09:51:30Z  464.569  -67.998  56.958  1.27655E-16  SWARM-A  13.669  291.924
2018-04-19T09:52:00Z  464.018  -66.097  57.413  1.33056E-16  SWARM-A  13.708  293.847
2018-04-19T09:52:30Z  463.431  -64.194  57.788  1.38679E-16  SWARM-A  13.741  295.769
2018-04-19T09:53:00Z  462.808  -62.289  58.098  1.44501E-16  SWARM-A  13.770  297.692
2018-04-19T09:53:30Z  462.153  -60.382  58.356  1.50787E-16  SWARM-A  13.796  299.614
2018-04-19T09:54:00Z  461.468  -58.473  58.572  1.57345E-16  SWARM-A  13.819  301.537
2018-04-19T09:54:30Z  460.756  -56.562  58.753  1.64119E-16  SWARM-A  13.839  303.460
2018-04-19T09:55:00Z  460.018  -54.650  58.904  1.71129E-16  SWARM-A  13.858  305.383
2018-04-19T09:55:30Z  459.258  -52.736  59.031  1.78326E-16  SWARM-A  13.874  307.306
2018-04-19T09:56:00Z  458.479  -50.821  59.137  1.85802E-16  SWARM-A  13.890  309.229
2018-04-19T09:56:30Z  457.683  -48.905  59.224  1.93361E-16  SWARM-A  13.904  311.152
2018-04-19T09:57:00Z  456.874  -46.987  59.296  2.00906E-16  SWARM-A  13.917  313.076
2018-04-19T09:57:30Z  456.053  -45.068  59.354  2.08613E-16  SWARM-A  13.929  314.999
2018-04-19T09:58:00Z  455.226  -43.148  59.401  2.16473E-16  SWARM-A  13.941  316.923
2018-04-19T09:58:30Z  454.393  -41.226  59.437  2.24519E-16  SWARM-A  13.951  318.847
2018-04-19T09:59:00Z  453.559  -39.304  59.464  2.32728E-16  SWARM-A  13.961  320.771
2018-04-19T09:59:30Z  452.726  -37.380  59.482  2.41160E-16  SWARM-A  13.971  322.696
2018-04-19T10:00:00Z  451.897  -35.455  59.494  2.49867E-16  SWARM-A  13.980  324.620
2018-04-19T10:00:30Z  451.075  -33.529  59.499  2.58695E-16  SWARM-A  13.989  326.545
2018-04-19T10:01:00Z  450.263  -31.602  59.499  2.67663E-16  SWARM-A  13.997  328.469
2018-04-19T10:01:30Z  449.464  -29.674  59.493  2.76686E-16  SWARM-A  14.005  330.394
2018-04-19T10:02:00Z  448.681  -27.745  59.484  2.85793E-16  SWARM-A  14.013  332.320
2018-04-19T10:02:30Z  447.915  -25.815  59.470  2.94873E-16  SWARM-A  14.020  334.245
2018-04-19T10:03:00Z  447.171  -23.885  59.452  3.03487E-16  SWARM-A  14.027  336.170
2018-04-19T10:03:30Z  446.450  -21.953  59.432  3.12028E-16  SWARM-A  14.034  338.096
2018-04-19T10:04:00Z  445.754  -20.021  59.409  3.20278E-16  SWARM-A  14.041  340.022
2018-04-19T10:04:30Z  445.086  -18.087  59.383  3.28294E-16  SWARM-A  14.048  341.948
2018-04-19T10:05:00Z  444.447  -16.153  59.355  3.35970E-16  SWARM-A  14.054  343.874
2018-04-19T10:05:30Z  443.841  -14.219  59.325  3.43331E-16  SWARM-A  14.061  345.800
2018-04-19T10:06:00Z  443.268  -12.283  59.294  3.50227E-16  SWARM-A  14.067  347.727
2018-04-19T10:06:30Z  442.730  -10.348  59.261  3.56560E-16  SWARM-A  14.073  349.654
2018-04-19T10:07:00Z  442.228  -8.411  59.228  3.62204E-16  SWARM-A  14.079  351.581
2018-04-19T10:07:30Z  441.764  -6.475  59.193  3.67199E-16  SWARM-A  14.085  353.508
2018-04-19T10:08:00Z  441.340  -4.537  59.157  3.71504E-16  SWARM-A  14.091  355.435
2018-04-19T10:08:30Z  440.955  -2.600  59.122  3.75050E-16  SWARM-A  14.097  357.363
2018-04-19T10:09:00Z  440.610  -0.662  59.086  3.77832E-16  SWARM-A  14.103  359.290
2018-04-19T10:09:30Z  440.307  1.276  59.049  3.79905E-16  SWARM-A  14.109  1.218
2018-04-19T10:10:00Z  440.045  3.214  59.013  3.81220E-16  SWARM-A  14.115  3.146
2018-04-19T10:10:30Z  439.824  5.152  58.978  3.81790E-16  SWARM-A  14.121  5.074
2018-04-19T10:11:00Z  439.645  7.090  58.943  3.81659E-16  SWARM-A  14.127  7.003
2018-04-19T10:11:30Z  439.507  9.028  58.908  3.80835E-16  SWARM-A  14.133  8.931
2018-04-19T10:12:00Z  439.410  10.966  58.875  3.79391E-16  SWARM-A  14.139  10.860
2018-04-19T10:12:30Z  439.353  12.904  58.843  3.77344E-16  SWARM-A  14.145  12.789
2018-04-19T10:13:00Z  439.336  14.841  58.812  3.74723E-16  SWARM-A  14.151  14.718
2018-04-19T10:13:30Z  439.357  16.778  58.783  3.71566E-16  SWARM-A  14.158  16.647
2018-04-19T10:14:00Z  439.415  18.715  58.756  3.67881E-16  SWARM-A  14.164  18.576
2018-04-19T10:14:30Z  439.510  20.652  58.731  3.63727E-16  SWARM-A  14.171  20.506
2018-04-19T10:15:00Z  439.639  22.588  58.709  3.59126E-16  SWARM-A  14.178  22.435
2018-04-19T10:15:30Z  439.800  24.524  58.689  3.54099E-16  SWARM-A  14.185  24.365
2018-04-19T10:16:00Z  439.994  26.459  58.673  3.48685E-16  SWARM-A  14.192  26.295
2018-04-19T10:16:30Z  440.216  28.393  58.661  3.42929E-16  SWARM-A  14.200  28.225
2018-04-19T10:17:00Z  440.466  30.327  58.653  3.36846E-16  SWARM-A  14.207  30.155
2018-04-19T10:17:30Z  440.741  32.260  58.650  3.30472E-16  SWARM-A  14.216  32.085
2018-04-19T10:18:00Z  441.040  34.192  58.651  3.23875E-16  SWARM-A  14.224  34.016
2018-04-19T10:18:30Z  441.359  36.124  58.659  3.17082E-16  SWARM-A  14.233  35.946
2018-04-19T10:19:00Z  441.697  38.054  58.674  3.10142E-16  SWARM-A  14.242  37.877
2018-04-19T10:19:30Z  442.051  39.984  58.696  3.03083E-16  SWARM-A  14.252  39.807
2018-04-19T10:20:00Z  442.419  41.913  58.726  2.96029E-16  SWARM-A  14.262  41.738
2018-04-19T10:20:30Z  442.798  43.841  58.766  2.89028E-16  SWARM-A  14.273  43.669
2018-04-19T10:21:00Z  443.186  45.768  58.817  2.82082E-16  SWARM-A  14.285  45.600
2018-04-19T10:21:30Z  443.580  47.694  58.881  2.75258E-16  SWARM-A  14.298  47.531
2018-04-19T10:22:00Z  443.979  49.619  58.959  2.68584E-16  SWARM-A  14.311  49.463
2018-04-19T10:22:30Z  444.378  51.543  59.054  2.62125E-16  SWARM-A  14.326  51.394
2018-04-19T10:23:00Z  444.776  53.466  59.168  2.55903E-16  SWARM-A  14.342  53.325
2018-04-19T10:23:30Z  445.171  55.387  59.305  2.49979E-16  SWARM-A  14.359  55.257
2018-04-19T10:24:00Z  445.559  57.308  59.468  2.44322E-16  SWARM-A  14.379  57.188
2018-04-19T10:24:30Z  445.939  59.226  59.664  2.39037E-16  SWARM-A  14.400  59.120
2018-04-19T10:25:00Z  446.309  61.144  59.897  2.34068E-16  SWARM-A  14.424  61.052
2018-04-19T10:25:30Z  446.665  63.059  60.176  2.29408E-16  SWARM-A  14.451  62.983
2018-04-19T10:26:00Z  447.006  64.973  60.513  2.25071E-16  SWARM-A  14.481  64.915
2018-04-19T10:26:30Z  447.330  66.884  60.920  2.21031E-16  SWARM-A  14.517  66.847
2018-04-19T10:27:00Z  447.636  68.793  61.418  2.17285E-16  SWARM-A  14.559  68.779
2018-04-19T10:27:30Z  447.920  70.699  62.032  2.13779E-16  SWARM-A  14.608  70.711
2018-04-19T10:28:00Z  448.182  72.600  62.802  2.10451E-16  SWARM-A  14.667  72.643
2018-04-19T10:28:30Z  448.421  74.497  63.782  2.07356E-16  SWARM-A  14.741  74.575
2018-04-19T10:29:00Z  448.634  76.386  65.062  2.04501E-16  SWARM-A  14.835  76.507
2018-04-19T10:29:30Z  448.821  78.264  66.783  2.01859E-16  SWARM-A  14.958  78.439
2018-04-19T10:30:00Z  448.980  80.125  69.191  1.99428E-16  SWARM-A  15.127  80.371
2018-04-19T10:30:30Z  449.110  81.959  72.752  1.97207E-16  SWARM-A  15.372  82.303
2018-04-19T10:31:00Z  449.212  83.741  78.430  1.95161E-16  SWARM-A  15.759  84.235
2018-04-19T10:31:30Z  449.283  85.410  88.483  1.93298E-16  SWARM-A  16.438  86.168
2018-04-19T10:32:00Z  449.324  86.786  108.455  1.91601E-16  SWARM-A  17.778  88.100
2018-04-19T10:32:30Z  449.335  87.361  145.007  1.90069E-16  SWARM-A  20.223  90.032
2018-04-19T10:33:00Z  449.315  86.689  -179.677  1.88286E-16  SWARM-A  22.585  91.964
2018-04-19T10:33:30Z  449.265  85.274  -160.895  1.86525E-16  SWARM-A  23.846  93.896
2018-04-19T10:34:00Z  449.184  83.591  -151.368  1.84813E-16  SWARM-A  0.489  95.828
2018-04-19T10:34:30Z  449.074  81.804  -145.932  1.83254E-16  SWARM-A  0.860  97.761
2018-04-19T10:35:00Z  448.934  79.967  -142.498  1.81799E-16  SWARM-A  1.097  99.693
2018-04-19T10:35:30Z  448.766  78.103  -140.162  1.80407E-16  SWARM-A  1.262  101.625
2018-04-19T10:36:00Z  448.571  76.224  -138.487  1.79108E-16  SWARM-A  1.382  103.557
2018-04-19T10:36:30Z  448.349  74.334  -137.238  1.77879E-16  SWARM-A  1.473  105.489
2018-04-19T10:37:00Z  448.102  72.438  -136.278  1.76677E-16  SWARM-A  1.545  107.421
2018-04-19T10:37:30Z  447.832  70.536  -135.524  1.75555E-16  SWARM-A  1.604  109.353
2018-04-19T10:38:00Z  447.539  68.630  -134.921  1.74391E-16  SWARM-A  1.653  111.285
2018-04-19T10:38:30Z  447.226  66.721  -134.432  1.73175E-16  SWARM-A  1.694  113.217
2018-04-19T10:39:00Z  446.895  64.809  -134.031  1.71817E-16  SWARM-A  1.729  115.149
2018-04-19T10:39:30Z  446.546  62.895  -133.700  1.70425E-16  SWARM-A  1.759  117.081
2018-04-19T10:40:00Z  446.182  60.979  -133.425  1.68865E-16  SWARM-A  1.786  119.013
2018-04-19T10:40:30Z  445.806  59.062  -133.195  1.67248E-16  SWARM-A  1.809  120.944
2018-04-19T10:41:00Z  445.419  57.143  -133.003  1.65544E-16  SWARM-A  1.830  122.876
2018-04-19T10:41:30Z  445.024  55.222  -132.842  1.63695E-16  SWARM-A  1.850  124.808
2018-04-19T10:42:00Z  444.623  53.301  -132.707  1.61695E-16  SWARM-A  1.867  126.739
2018-04-19T10:42:30Z  444.219  51.378  -132.595  1.59650E-16  SWARM-A  1.883  128.671
2018-04-19T10:43:00Z  443.814  49.454  -132.501  1.57605E-16  SWARM-A  1.897  130.602
2018-04-19T10:43:30Z  443.410  47.528  -132.425  1.55578E-16  SWARM-A  1.911  132.533
2018-04-19T10:44:00Z  443.011  45.602  -132.362  1.53589E-16  SWARM-A  1.923  134.464
2018-04-19T10:44:30Z  442.618  43.675  -132.312  1.51671E-16  SWARM-A  1.935  136.396
2018-04-19T10:45:00Z  442.234  41.747  -132.273  1.49813E-16  SWARM-A  1.946  138.327
2018-04-19T10:45:30Z  441.862  39.818  -132.243  1.48029E-16  SWARM-A  1.956  140.257
2018-04-19T10:46:00Z  441.505  37.888  -132.222  1.46329E-16  SWARM-A  1.966  142.188
2018-04-19T10:46:30Z  441.164  35.957  -132.208  1.44723E-16  SWARM-A  1.975  144.119
2018-04-19T10:47:00Z  440.842  34.025  -132.201  1.43132E-16  SWARM-A  1.984  146.050
2018-04-19T10:47:30Z  440.542  32.093  -132.200  1.41669E-16  SWARM-A  1.992  147.980
2018-04-19T10:48:00Z  440.265  30.159  -132.203  1.40258E-16  SWARM-A  2.000  149.910
2018-04-19T10:48:30Z  440.014  28.226  -132.212  1.38924E-16  SWARM-A  2.008  151.841
2018-04-19T10:49:00Z  439.791  26.291  -132.225  1.37664E-16  SWARM-A  2.016  153.771
2018-04-19T10:49:30Z  439.598  24.356  -132.241  1.36444E-16  SWARM-A  2.023  155.701
2018-04-19T10:50:00Z  439.437  22.420  -132.261  1.35257E-16  SWARM-A  2.030  157.631
2018-04-19T10:50:30Z  439.309  20.484  -132.283  1.34101E-16  SWARM-A  2.037  159.560
2018-04-19T10:51:00Z  439.216  18.547  -132.308  1.32951E-16  SWARM-A  2.043  161.490
2018-04-19T10:51:30Z  439.159  16.610  -132.335  1.31794E-16  SWARM-A  2.050  163.419
2018-04-19T10:52:00Z  439.140  14.673  -132.365  1.30628E-16  SWARM-A  2.056  165.348
2018-04-19T10:52:30Z  439.160  12.735  -132.396  1.29459E-16  SWARM-A  2.063  167.278
2018-04-19T10:53:00Z  439.219  10.797  -132.428  1.28222E-16  SWARM-A  2.069  169.206
2018-04-19T10:53:30Z  439.319  8.859  -132.461  1.27002E-16  SWARM-A  2.075  171.135
2018-04-19T10:54:00Z  439.460  6.921  -132.496  1.25768E-16  SWARM-A  2.081  173.064
2018-04-19T10:54:30Z  439.642  4.983  -132.531  1.24474E-16  SWARM-A  2.087  174.992
2018-04-19T10:55:00Z  439.866  3.044  -132.567  1.23184E-16  SWARM-A  2.093  176.921
2018-04-19T10:55:30Z  440.131  1.106  -132.603  1.21842E-16  SWARM-A  2.099  178.849
2018-04-19T10:56:00Z  440.438  -0.832  -132.639  1.20474E-16  SWARM-A  2.105  180.777
2018-04-19T10:56:30Z  440.787  -2.770  -132.675  1.19157E-16  SWARM-A  2.111  182.704
2018-04-19T10:57:00Z  441.175  -4.707  -132.711  1.17678E-16  SWARM-A  2.117  184.632
2018-04-19T10:57:30Z  441.604  -6.644  -132.746  1.16304E-16  SWARM-A  2.123  186.559
2018-04-19T10:58:00Z  442.071  -8.581  -132.781  1.15019E-16  SWARM-A  2.129  188.487
2018-04-19T10:58:30Z  442.577  -10.518  -132.815  1.13656E-16  SWARM-A  2.135  190.414
2018-04-19T10:59:00Z  443.119  -12.453  -132.848  1.12431E-16  SWARM-A  2.141  192.341
2018-04-19T10:59:30Z  443.696  -14.389  -132.879  1.11188E-16  SWARM-A  2.147  194.267
2018-04-19T11:00:00Z  444.306  -16.323  -132.908  1.09963E-16  SWARM-A  2.153  196.194
2018-04-19T11:00:30Z  444.949  -18.257  -132.936  1.08786E-16  SWARM-A  2.160  198.120
2018-04-19T11:01:00Z  445.621  -20.191  -132.962  1.07660E-16  SWARM-A  2.167  200.046
2018-04-19T11:01:30Z  446.321  -22.123  -132.985  1.06566E-16  SWARM-A  2.173  201.972
2018-04-19T11:02:00Z  447.047  -24.055  -133.005  1.05508E-16  SWARM-A  2.180  203.898
2018-04-19T11:02:30Z  447.796  -25.986  -133.022  1.04485E-16  SWARM-A  2.188  205.823
2018-04-19T11:03:00Z  448.565  -27.916  -133.036  1.03502E-16  SWARM-A  2.195  207.749
2018-04-19T11:03:30Z  449.353  -29.845  -133.045  1.02544E-16  SWARM-A  2.203  209.674
2018-04-19T11:04:00Z  450.157  -31.773  -133.050  1.01578E-16  SWARM-A  2.211  211.599
2018-04-19T11:04:30Z  450.973  -33.700  -133.050  1.00682E-16  SWARM-A  2.219  213.524
2018-04-19T11:05:00Z  451.799  -35.626  -133.045  9.98070E-17  SWARM-A  2.228  215.449
2018-04-19T11:05:30Z  452.632  -37.550  -133.033  9.89420E-17  SWARM-A  2.237  217.373
2018-04-19T11:06:00Z  453.470  -39.474  -133.013  9.81139E-17  SWARM-A  2.247  219.297
2018-04-19T11:06:30Z  454.309  -41.397  -132.986  9.73112E-17  SWARM-A  2.257  221.222
2018-04-19T11:07:00Z  455.146  -43.318  -132.949  9.65488E-17  SWARM-A  2.267  223.146
2018-04-19T11:07:30Z  455.978  -45.238  -132.902  9.57840E-17  SWARM-A  2.279  225.069
2018-04-19T11:08:00Z  456.803  -47.157  -132.842  9.50616E-17  SWARM-A  2.291  226.993
2018-04-19T11:08:30Z  457.617  -49.075  -132.769  9.43271E-17  SWARM-A  2.304  228.917
2018-04-19T11:09:00Z  458.417  -50.991  -132.680  9.36418E-17  SWARM-A  2.319  230.840
2018-04-19T11:09:30Z  459.200  -52.906  -132.573  9.29495E-17  SWARM-A  2.334  232.763
2018-04-19T11:10:00Z  459.965  -54.820  -132.445  9.22890E-17  SWARM-A  2.351  234.686
2018-04-19T11:10:30Z  460.706  -56.732  -132.291  9.16551E-17  SWARM-A  2.370  236.609
2018-04-19T11:11:00Z  461.423  -58.642  -132.107  9.10397E-17  SWARM-A  2.390  238.532
2018-04-19T11:11:30Z  462.113  -60.551  -131.888  9.04629E-17  SWARM-A  2.413  240.455
2018-04-19T11:12:00Z  462.772  -62.459  -131.626  8.98939E-17  SWARM-A  2.439  242.378
2018-04-19T11:12:30Z  463.398  -64.364  -131.311  8.93989E-17  SWARM-A  2.468  244.300
2018-04-19T11:13:00Z  463.990  -66.267  -130.931  8.89532E-17  SWARM-A  2.502  246.223
2018-04-19T11:13:30Z  464.545  -68.167  -130.468  8.85550E-17  SWARM-A  2.541  248.145
2018-04-19T11:14:00Z  465.061  -70.064  -129.900  8.82270E-17  SWARM-A  2.587  250.067
2018-04-19T11:14:30Z  465.535  -71.958  -129.192  8.79732E-17  SWARM-A  2.643  251.989
2018-04-19T11:15:00Z  465.967  -73.846  -128.297  8.78149E-17  SWARM-A  2.711  253.911
2018-04-19T11:15:30Z  466.355  -75.728  -127.140  8.77695E-17  SWARM-A  2.796  255.833
2018-04-19T11:16:00Z  466.697  -77.601  -125.605  8.78178E-17  SWARM-A  2.907  257.755
2018-04-19T11:16:30Z  466.991  -79.459  -123.492  8.79743E-17  SWARM-A  3.056  259.677
2018-04-19T11:17:00Z  467.238  -81.295  -120.442  8.82748E-17  SWARM-A  3.268  261.599
2018-04-19T11:17:30Z  467.435  -83.091  -115.735  8.87403E-17  SWARM-A  3.590  263.521
2018-04-19T11:18:00Z  467.583  -84.804  -107.769  8.93432E-17  SWARM-A  4.130  265.443
2018-04-19T11:18:30Z  467.680  -86.320  -92.600  9.01409E-17  SWARM-A  5.149  267.365
2018-04-19T11:19:00Z  467.727  -87.282  -62.479  9.11653E-17  SWARM-A  7.165  269.286
2018-04-19T11:19:30Z  467.722  -87.082  -23.180  9.24292E-17  SWARM-A  9.794  271.208
2018-04-19T11:20:00Z  467.667  -85.884  1.504  9.37775E-17  SWARM-A  11.448  273.130
2018-04-19T11:20:30Z  467.561  -84.286  13.769  9.53033E-17  SWARM-A  12.274  275.052
2018-04-19T11:21:00Z  467.404  -82.540  20.457  9.70150E-17  SWARM-A  12.728  276.974
2018-04-19T11:21:30Z  467.199  -80.729  24.536  9.89465E-17  SWARM-A  13.008  278.895
2018-04-19T11:22:00Z  466.944  -78.885  27.241  1.01090E-16  SWARM-A  13.197  280.817
2018-04-19T11:22:30Z  466.641  -77.021  29.146  1.03512E-16  SWARM-A  13.332  282.739
2018-04-19T11:23:00Z  466.291  -75.145  30.548  1.06210E-16  SWARM-A  13.434  284.661
2018-04-19T11:23:30Z  465.895  -73.261  31.613  1.09195E-16  SWARM-A  13.513  286.583
2018-04-19T11:24:00Z  465.456  -71.371  32.444  1.12492E-16  SWARM-A  13.577  288.505
2018-04-19T11:24:30Z  464.974  -69.476  33.104  1.16129E-16  SWARM-A  13.629  290.427
2018-04-19T11:25:00Z  464.451  -67.578  33.637  1.20121E-16  SWARM-A  13.673  292.350
2018-04-19T11:25:30Z  463.890  -65.677  34.072  1.24497E-16  SWARM-A  13.711  294.272
2018-04-19T11:26:00Z  463.292  -63.773  34.430  1.29222E-16  SWARM-A  13.743  296.194
2018-04-19T11:26:30Z  462.660  -61.867  34.727  1.34314E-16  SWARM-A  13.771  298.117
2018-04-19T11:27:00Z  461.995  -59.960  34.975  1.39735E-16  SWARM-A  13.796  300.040
2018-04-19T11:27:30Z  461.302  -58.050  35.183  1.45532E-16  SWARM-A  13.818  301.962
2018-04-19T11:28:00Z  460.581  -56.139  35.356  1.51638E-16  SWARM-A  13.838  303.885
2018-04-19T11:28:30Z  459.836  -54.227  35.502  1.58069E-16  SWARM-A  13.856  305.808
2018-04-19T11:29:00Z  459.069  -52.313  35.624  1.64778E-16  SWARM-A  13.872  307.731
2018-04-19T11:29:30Z  458.284  -50.397  35.725  1.71752E-16  SWARM-A  13.887  309.654
2018-04-19T11:30:00Z  457.482  -48.481  35.809  1.78926E-16  SWARM-A  13.901  311.578
2018-04-19T11:30:30Z  456.668  -46.563  35.877  1.86274E-16  SWARM-A  13.914  313.501
2018-04-19T11:31:00Z  455.843  -44.643  35.932  1.93790E-16  SWARM-A  13.926  315.425
2018-04-19T11:31:30Z  455.012  -42.723  35.976  2.01426E-16  SWARM-A  13.938  317.349
2018-04-19T11:32:00Z  454.176  -40.801  36.010  2.09189E-16  SWARM-A  13.948  319.273
2018-04-19T11:32:30Z  453.340  -38.878  36.035  2.17190E-16  SWARM-A  13.958  321.197
2018-04-19T11:33:00Z  452.505  -36.954  36.052  2.25164E-16  SWARM-A  13.968  323.121
2018-04-19T11:33:30Z  451.675  -35.029  36.062  2.33196E-16  SWARM-A  13.977  325.046
2018-04-19T11:34:00Z  450.853  -33.103  36.066  2.41261E-16  SWARM-A  13.985  326.971
2018-04-19T11:34:30Z  450.042  -31.176  36.064  2.49386E-16  SWARM-A  13.993  328.895
2018-04-19T11:35:00Z  449.244  -29.248  36.058  2.57561E-16  SWARM-A  14.001  330.820
2018-04-19T11:35:30Z  448.462  -27.318  36.047  2.65699E-16  SWARM-A  14.009  332.746
2018-04-19T11:36:00Z  447.699  -25.388  36.032  2.73841E-16  SWARM-A  14.016  334.671
2018-04-19T11:36:30Z  446.958  -23.457  36.014  2.81887E-16  SWARM-A  14.023  336.597
2018-04-19T11:37:00Z  446.240  -21.525  35.993  2.89818E-16  SWARM-A  14.030  338.522
2018-04-19T11:37:30Z  445.549  -19.593  35.969  2.97569E-16  SWARM-A  14.037  340.448
2018-04-19T11:38:00Z  444.886  -17.659  35.943  3.05084E-16  SWARM-A  14.044  342.374
2018-04-19T11:38:30Z  444.253  -15.725  35.914  3.12285E-16  SWARM-A  14.050  344.301
2018-04-19T11:39:00Z  443.652  -13.790  35.884  3.19135E-16  SWARM-A  14.056  346.227
2018-04-19T11:39:30Z  443.085  -11.855  35.853  3.25703E-16  SWARM-A  14.063  348.154
2018-04-19T11:40:00Z  442.554  -9.919  35.820  3.31773E-16  SWARM-A  14.069  350.081
2018-04-19T11:40:30Z  442.060  -7.982  35.786  3.37228E-16  SWARM-A  14.075  352.008
2018-04-19T11:41:00Z  441.603  -6.046  35.751  3.42061E-16  SWARM-A  14.081  353.935
2018-04-19T11:41:30Z  441.186  -4.108  35.715  3.46275E-16  SWARM-A  14.087  355.862
2018-04-19T11:42:00Z  440.809  -2.171  35.679  3.49752E-16  SWARM-A  14.093  357.790
2018-04-19T11:42:30Z  440.473  -0.233  35.643  3.52600E-16  SWARM-A  14.099  359.717
2018-04-19T11:43:00Z  440.177  1.705  35.607  3.54800E-16  SWARM-A  14.105  1.645
2018-04-19T11:43:30Z  439.923  3.643  35.571  3.56348E-16  SWARM-A  14.111  3.573
2018-04-19T11:44:00Z  439.711  5.581  35.535  3.57241E-16  SWARM-A  14.117  5.502
2018-04-19T11:44:30Z  439.540  7.520  35.500  3.57541E-16  SWARM-A  14.123  7.430
2018-04-19T11:45:00Z  439.410  9.458  35.466  3.57288E-16  SWARM-A  14.129  9.359
2018-04-19T11:45:30Z  439.321  11.396  35.433  3.56514E-16  SWARM-A  14.135  11.288
2018-04-19T11:46:00Z  439.272  13.333  35.401  3.55292E-16  SWARM-A  14.141  13.216
2018-04-19T11:46:30Z  439.261  15.271  35.370  3.53721E-16  SWARM-A  14.147  15.146
2018-04-19T11:47:00Z  439.290  17.208  35.342  3.51797E-16  SWARM-A  14.154  17.075
2018-04-19T11:47:30Z  439.355  19.145  35.315  3.49443E-16  SWARM-A  14.160  19.004
2018-04-19T11:48:00Z  439.456  21.082  35.291  3.46698E-16  SWARM-A  14.167  20.934
2018-04-19T11:48:30Z  439.591  23.018  35.269  3.43748E-16  SWARM-A  14.174  22.863
2018-04-19T11:49:00Z  439.759  24.953  35.250  3.40621E-16  SWARM-A  14.181  24.793
2018-04-19T11:49:30Z  439.957  26.888  35.235  3.37291E-16  SWARM-A  14.188  26.723
2018-04-19T11:50:00Z  440.185  28.822  35.224  3.33854E-16  SWARM-A  14.196  28.653
2018-04-19T11:50:30Z  440.439  30.756  35.216  3.30265E-16  SWARM-A  14.204  30.584
2018-04-19T11:51:00Z  440.719  32.689  35.214  3.26589E-16  SWARM-A  14.212  32.514
2018-04-19T11:51:30Z  441.021  34.621  35.217  3.22819E-16  SWARM-A  14.220  34.444
2018-04-19T11:52:00Z  441.344  36.553  35.226  3.18994E-16  SWARM-A  14.229  36.375
2018-04-19T11:52:30Z  441.684  38.483  35.242  3.15100E-16  SWARM-A  14.239  38.306
2018-04-19T11:53:00Z  442.041  40.413  35.266  3.11190E-16  SWARM-A  14.249  40.236
2018-04-19T11:53:30Z  442.410  42.342  35.298  3.07300E-16  SWARM-A  14.259  42.167
2018-04-19T11:54:00Z  442.790  44.270  35.341  3.03441E-16  SWARM-A  14.270  44.098
2018-04-19T11:54:30Z  443.179  46.196  35.394  2.99622E-16  SWARM-A  14.282  46.030
2018-04-19T11:55:00Z  443.573  48.122  35.461  2.95900E-16  SWARM-A  14.295  47.961
2018-04-19T11:55:30Z  443.971  50.047  35.542  2.92250E-16  SWARM-A  14.309  49.892
2018-04-19T11:56:00Z  444.369  51.971  35.641  2.88706E-16  SWARM-A  14.324  51.823
2018-04-19T11:56:30Z  444.765  53.893  35.760  2.85240E-16  SWARM-A  14.340  53.755
2018-04-19T11:57:00Z  445.157  55.815  35.902  2.81904E-16  SWARM-A  14.358  55.686
2018-04-19T11:57:30Z  445.543  57.735  36.072  2.78721E-16  SWARM-A  14.377  57.618
2018-04-19T11:58:00Z  445.920  59.653  36.275  2.75635E-16  SWARM-A  14.399  59.550
2018-04-19T11:58:30Z  446.286  61.570  36.518  2.72603E-16  SWARM-A  14.424  61.482
2018-04-19T11:59:00Z  446.638  63.485  36.809  2.69724E-16  SWARM-A  14.451  63.413
2018-04-19T11:59:30Z  446.975  65.399  37.159  2.66868E-16  SWARM-A  14.483  65.345
2018-04-19T12:00:00Z  447.294  67.310  37.585  2.64099E-16  SWARM-A  14.520  67.277
2018-04-19T12:00:30Z  447.594  69.218  38.105  2.61295E-16  SWARM-A  14.563  69.209
2018-04-19T12:01:00Z  447.874  71.123  38.750  2.58472E-16  SWARM-A  14.614  71.141
2018-04-19T12:01:30Z  448.130  73.023  39.560  2.55628E-16  SWARM-A  14.677  73.073
2018-04-19T12:02:00Z  448.363  74.918  40.598  2.52722E-16  SWARM-A  14.754  75.005
2018-04-19T12:02:30Z  448.570  76.805  41.961  2.49723E-16  SWARM-A  14.853  76.937
2018-04-19T12:03:00Z  448.750  78.681  43.807  2.46624E-16  SWARM-A  14.985  78.870
2018-04-19T12:03:30Z  448.903  80.537  46.420  2.43396E-16  SWARM-A  15.167  80.802
2018-04-19T12:04:00Z  449.027  82.363  50.340  2.40028E-16  SWARM-A  15.437  82.734
2018-04-19T12:04:30Z  449.121  84.127  56.721  2.36519E-16  SWARM-A  15.871  84.666
2018-04-19T12:05:00Z  449.186  85.754  68.332  2.32890E-16  SWARM-A  16.653  86.598
2018-04-19T12:05:30Z  449.221  87.011  91.731  2.29153E-16  SWARM-A  18.221  88.531
2018-04-19T12:06:00Z  449.225  87.315  130.720  2.25289E-16  SWARM-A  20.829  90.463
2018-04-19T12:06:30Z  449.198  86.415  162.337  2.21114E-16  SWARM-A  22.945  92.395
2018-04-19T12:07:00Z  449.142  84.914  178.354  2.16755E-16  SWARM-A  0.021  94.327
2018-04-19T12:07:30Z  449.055  83.199  -173.329  2.12364E-16  SWARM-A  0.584  96.259
2018-04-19T12:08:00Z  448.939  81.397  -168.462  2.07971E-16  SWARM-A  0.917  98.192
2018-04-19T12:08:30Z  448.793  79.553  -165.330  2.03533E-16  SWARM-A  1.134  100.124
2018-04-19T12:09:00Z  448.620  77.685  -163.170  1.99128E-16  SWARM-A  1.286  102.056
2018-04-19T12:09:30Z  448.420  75.803  -161.607  1.94728E-16  SWARM-A  1.399  103.988
2018-04-19T12:10:00Z  448.193  73.912  -160.432  1.90365E-16  SWARM-A  1.485  105.920
2018-04-19T12:10:30Z  447.942  72.014  -159.524  1.86055E-16  SWARM-A  1.554  107.852
2018-04-19T12:11:00Z  447.668  70.111  -158.808  1.81818E-16  SWARM-A  1.610  109.784
2018-04-19T12:11:30Z  447.371  68.204  -158.234  1.77665E-16  SWARM-A  1.657  111.717
2018-04-19T12:12:00Z  447.055  66.294  -157.767  1.73539E-16  SWARM-A  1.696  113.649
2018-04-19T12:12:30Z  446.721  64.382  -157.383  1.69548E-16  SWARM-A  1.730  115.580
2018-04-19T12:13:00Z  446.370  62.467  -157.066  1.65717E-16  SWARM-A  1.760  117.512
2018-04-19T12:13:30Z  446.005  60.551  -156.802  1.62032E-16  SWARM-A  1.786  119.444
2018-04-19T12:14:00Z  445.628  58.633  -156.581  1.58493E-16  SWARM-A  1.809  121.376
2018-04-19T12:14:30Z  445.241  56.714  -156.397  1.55123E-16  SWARM-A  1.829  123.308
2018-04-19T12:15:00Z  444.846  54.793  -156.242  1.51924E-16  SWARM-A  1.848  125.239
2018-04-19T12:15:30Z  444.446  52.871  -156.113  1.48907E-16  SWARM-A  1.865  127.171
2018-04-19T12:16:00Z  444.043  50.948  -156.005  1.46124E-16  SWARM-A  1.881  129.102
2018-04-19T12:16:30Z  443.639  49.023  -155.916  1.43512E-16  SWARM-A  1.895  131.034
2018-04-19T12:17:00Z  443.238  47.098  -155.843  1.41091E-16  SWARM-A  1.908  132.965
2018-04-19T12:17:30Z  442.842  45.171  -155.783  1.38884E-16  SWARM-A  1.920  134.896
2018-04-19T12:18:00Z  442.453  43.244  -155.736  1.36860E-16  SWARM-A  1.932  136.827
2018-04-19T12:18:30Z  442.073  41.315  -155.699  1.35024E-16  SWARM-A  1.943  138.758
2018-04-19T12:19:00Z  441.706  39.386  -155.671  1.33313E-16  SWARM-A  1.953  140.689
2018-04-19T12:19:30Z  441.354  37.456  -155.652  1.31714E-16  SWARM-A  1.962  142.620
2018-04-19T12:20:00Z  441.019  35.525  -155.639  1.30298E-16  SWARM-A  1.972  144.551
2018-04-19T12:20:30Z  440.704  33.593  -155.634  1.28977E-16  SWARM-A  1.980  146.482
2018-04-19T12:21:00Z  440.410  31.660  -155.634  1.27729E-16  SWARM-A  1.989  148.412
2018-04-19T12:21:30Z  440.141  29.727  -155.639  1.26506E-16  SWARM-A  1.997  150.342
2018-04-19T12:22:00Z  439.898  27.793  -155.648  1.25335E-16  SWARM-A  2.004  152.273
2018-04-19T12:22:30Z  439.683  25.858  -155.662  1.24158E-16  SWARM-A  2.012  154.203
2018-04-19T12:23:00Z  439.499  23.923  -155.679  1.22963E-16  SWARM-A  2.019  156.133
2018-04-19T12:23:30Z  439.346  21.987  -155.699  1.21774E-16  SWARM-A  2.026  158.063
2018-04-19T12:24:00Z  439.228  20.050  -155.722  1.20497E-16  SWARM-A  2.033  159.992
2018-04-19T12:24:30Z  439.144  18.113  -155.748  1.19190E-16  SWARM-A  2.039  161.922
2018-04-19T12:25:00Z  439.097  16.176  -155.776  1.17804E-16  SWARM-A  2.046  163.851
2018-04-19T12:25:30Z  439.088  14.239  -155.805  1.16358E-16  SWARM-A  2.052  165.781
2018-04-19T12:26:00Z  439.118  12.301  -155.837  1.14822E-16  SWARM-A  2.058  167.710
2018-04-19T12:26:30Z  439.188  10.363  -155.869  1.13209E-16  SWARM-A  2.065  169.639
2018-04-19T12:27:00Z  439.298  8.425  -155.903  1.11506E-16  SWARM-A  2.071  171.567
2018-04-19T12:27:30Z  439.450  6.487  -155.938  1.09753E-16  SWARM-A  2.077  173.496
2018-04-19T12:28:00Z  439.642  4.548  -155.973  1.07973E-16  SWARM-A  2.083  175.424
2018-04-19T12:28:30Z  439.877  2.610  -156.009  1.06152E-16  SWARM-A  2.089  177.353
2018-04-19T12:29:00Z  440.153  0.672  -156.045  1.04351E-16  SWARM-A  2.095  179.281
2018-04-19T12:29:30Z  440.470  -1.266  -156.082  1.02544E-16  SWARM-A  2.101  181.209
2018-04-19T12:30:00Z  440.829  -3.204  -156.118  1.00768E-16  SWARM-A  2.106  183.136
2018-04-19T12:30:30Z  441.228  -5.141  -156.153  9.90373E-17  SWARM-A  2.112  185.064
2018-04-19T12:31:00Z  441.666  -7.079  -156.189  9.74120E-17  SWARM-A  2.118  186.991
2018-04-19T12:31:30Z  442.143  -9.015  -156.223  9.58373E-17  SWARM-A  2.124  188.919
2018-04-19T12:32:00Z  442.658  -10.952  -156.257  9.43427E-17  SWARM-A  2.130  190.846
2018-04-19T12:32:30Z  443.209  -12.887  -156.289  9.29243E-17  SWARM-A  2.137  192.773
2018-04-19T12:33:00Z  443.795  -14.823  -156.320  9.15904E-17  SWARM-A  2.143  194.699
2018-04-19T12:33:30Z  444.415  -16.757  -156.349  9.02795E-17  SWARM-A  2.149  196.626
2018-04-19T12:34:00Z  445.065  -18.691  -156.377  8.90098E-17  SWARM-A  2.156  198.552
2018-04-19T12:34:30Z  445.745  -20.624  -156.402  8.77237E-17  SWARM-A  2.163  200.478
2018-04-19T12:35:00Z  446.452  -22.557  -156.424  8.64189E-17  SWARM-A  2.169  202.404
2018-04-19T12:35:30Z  447.185  -24.488  -156.444  8.50633E-17  SWARM-A  2.176  204.330
2018-04-19T12:36:00Z  447.939  -26.419  -156.460  8.36625E-17  SWARM-A  2.184  206.255
2018-04-19T12:36:30Z  448.715  -28.348  -156.473  8.21946E-17  SWARM-A  2.191  208.181
2018-04-19T12:37:00Z  449.507  -30.277  -156.482  8.06638E-17  SWARM-A  2.199  210.106
2018-04-19T12:37:30Z  450.315  -32.205  -156.486  7.90614E-17  SWARM-A  2.207  212.031
2018-04-19T12:38:00Z  451.135  -34.132  -156.485  7.74059E-17  SWARM-A  2.215  213.956
2018-04-19T12:38:30Z  451.964  -36.057  -156.478  7.57124E-17  SWARM-A  2.224  215.880
2018-04-19T12:39:00Z  452.800  -37.982  -156.464  7.39833E-17  SWARM-A  2.233  217.805
2018-04-19T12:39:30Z  453.639  -39.906  -156.443  7.22202E-17  SWARM-A  2.243  219.729
2018-04-19T12:40:00Z  454.479  -41.828  -156.414  7.04512E-17  SWARM-A  2.253  221.653
2018-04-19T12:40:30Z  455.317  -43.749  -156.375  6.86929E-17  SWARM-A  2.264  223.577
2018-04-19T12:41:00Z  456.148  -45.669  -156.325  6.69438E-17  SWARM-A  2.276  225.501
2018-04-19T12:41:30Z  456.972  -47.588  -156.263  6.52226E-17  SWARM-A  2.288  227.425
2018-04-19T12:42:00Z  457.784  -49.505  -156.187  6.35442E-17  SWARM-A  2.302  229.348
2018-04-19T12:42:30Z  458.582  -51.421  -156.094  6.18961E-17  SWARM-A  2.316  231.271
2018-04-19T12:43:00Z  459.362  -53.336  -155.982  6.03249E-17  SWARM-A  2.332  233.195
2018-04-19T12:43:30Z  460.123  -55.249  -155.849  5.87811E-17  SWARM-A  2.349  235.118
2018-04-19T12:44:00Z  460.860  -57.161  -155.689  5.73024E-17  SWARM-A  2.368  237.041
2018-04-19T12:44:30Z  461.572  -59.071  -155.498  5.58952E-17  SWARM-A  2.389  238.964
2018-04-19T12:45:00Z  462.256  -60.979  -155.270  5.45229E-17  SWARM-A  2.413  240.886
2018-04-19T12:45:30Z  462.909  -62.886  -154.997  5.33191E-17  SWARM-A  2.440  242.809
2018-04-19T12:46:00Z  463.529  -64.791  -154.669  5.22284E-17  SWARM-A  2.470  244.731
2018-04-19T12:46:30Z  464.114  -66.693  -154.272  5.11879E-17  SWARM-A  2.505  246.654
2018-04-19T12:47:00Z  464.661  -68.593  -153.788  5.03022E-17  SWARM-A  2.545  248.576
2018-04-19T12:47:30Z  465.169  -70.489  -153.192  4.95774E-17  SWARM-A  2.593  250.498
2018-04-19T12:48:00Z  465.635  -72.382  -152.448  4.90303E-17  SWARM-A  2.651  252.420
2018-04-19T12:48:30Z  466.059  -74.269  -151.502  4.86940E-17  SWARM-A  2.723  254.343
2018-04-19T12:49:00Z  466.437  -76.149  -150.274  4.85801E-17  SWARM-A  2.813  256.265
2018-04-19T12:49:30Z  466.770  -78.019  -148.631  4.87439E-17  SWARM-A  2.931  258.186
2018-04-19T12:50:00Z  467.055  -79.874  -146.349  4.92177E-17  SWARM-A  3.091  260.108
2018-04-19T12:50:30Z  467.292  -81.703  -143.010  5.00126E-17  SWARM-A  3.322  262.030
2018-04-19T12:51:00Z  467.480  -83.485  -137.764  5.11556E-17  SWARM-A  3.680  263.952
2018-04-19T12:51:30Z  467.617  -85.169  -128.660  5.27276E-17  SWARM-A  4.295  265.874
2018-04-19T12:52:00Z  467.705  -86.605  -110.887  5.46896E-17  SWARM-A  5.489  267.796
2018-04-19T12:52:30Z  467.741  -87.354  -76.908  5.71382E-17  SWARM-A  7.762  269.717
2018-04-19T12:53:00Z  467.726  -86.875  -39.513  6.00032E-17  SWARM-A  10.263  271.639
2018-04-19T12:53:30Z  467.661  -85.548  -18.405  6.32362E-17  SWARM-A  11.679  273.561
2018-04-19T12:54:00Z  467.545  -83.904  -7.817  6.68695E-17  SWARM-A  12.393  275.483
2018-04-19T12:54:30Z  467.378  -82.138  -1.886  7.09199E-17  SWARM-A  12.797  277.405
2018-04-19T12:55:00Z  467.163  -80.318  1.809  7.54262E-17  SWARM-A  13.052  279.326
2018-04-19T12:55:30Z  466.898  -78.468  4.297  8.03002E-17  SWARM-A  13.226  281.248
2018-04-19T12:56:00Z  466.585  -76.601  6.069  8.56094E-17  SWARM-A  13.352  283.170
2018-04-19T12:56:30Z  466.226  -74.723  7.383  9.13147E-17  SWARM-A  13.448  285.092
2018-04-19T12:57:00Z  465.822  -72.838  8.388  9.74120E-17  SWARM-A  13.524  287.014
2018-04-19T12:57:30Z  465.374  -70.946  9.175  1.03926E-16  SWARM-A  13.584  288.936
2018-04-19T12:58:00Z  464.884  -69.051  9.803  1.10933E-16  SWARM-A  13.635  290.858
2018-04-19T12:58:30Z  464.353  -67.152  10.311  1.18358E-16  SWARM-A  13.677  292.781
2018-04-19T12:59:00Z  463.784  -65.250  10.727  1.26129E-16  SWARM-A  13.713  294.703
2018-04-19T12:59:30Z  463.180  -63.346  11.070  1.34218E-16  SWARM-A  13.744  296.625
2018-04-19T13:00:00Z  462.541  -61.440  11.356  1.42434E-16  SWARM-A  13.771  298.548
2018-04-19T13:00:30Z  461.871  -59.532  11.594  1.50887E-16  SWARM-A  13.796  300.471
2018-04-19T13:01:00Z  461.171  -57.622  11.793  1.59499E-16  SWARM-A  13.817  302.393
2018-04-19T13:01:30Z  460.446  -55.711  11.959  1.68263E-16  SWARM-A  13.837  304.316
2018-04-19T13:02:00Z  459.697  -53.798  12.099  1.76890E-16  SWARM-A  13.854  306.239
2018-04-19T13:02:30Z  458.926  -51.884  12.216  1.85405E-16  SWARM-A  13.870  308.162
2018-04-19T13:03:00Z  458.138  -49.968  12.313  1.93900E-16  SWARM-A  13.885  310.085
2018-04-19T13:03:30Z  457.334  -48.051  12.393  2.02368E-16  SWARM-A  13.899  312.009
2018-04-19T13:04:00Z  456.518  -46.133  12.458  2.10773E-16  SWARM-A  13.912  313.932
2018-04-19T13:04:30Z  455.693  -44.213  12.511  2.19272E-16  SWARM-A  13.923  315.856
2018-04-19T13:05:00Z  454.861  -42.292  12.552  2.27774E-16  SWARM-A  13.935  317.780
2018-04-19T13:05:30Z  454.026  -40.371  12.584  2.36218E-16  SWARM-A  13.945  319.704
2018-04-19T13:06:00Z  453.190  -38.447  12.607  2.44586E-16  SWARM-A  13.955  321.628
2018-04-19T13:06:30Z  452.357  -36.523  12.622  2.52932E-16  SWARM-A  13.964  323.552
2018-04-19T13:07:00Z  451.530  -34.598  12.631  2.60836E-16  SWARM-A  13.973  325.477
2018-04-19T13:07:30Z  450.711  -32.672  12.633  2.68624E-16  SWARM-A  13.982  327.402
2018-04-19T13:08:00Z  449.903  -30.744  12.630  2.76376E-16  SWARM-A  13.990  329.327
2018-04-19T13:08:30Z  449.109  -28.816  12.623  2.84107E-16  SWARM-A  13.998  331.252
2018-04-19T13:09:00Z  448.332  -26.886  12.611  2.91811E-16  SWARM-A  14.005  333.177
2018-04-19T13:09:30Z  447.574  -24.956  12.595  2.99358E-16  SWARM-A  14.012  335.102
2018-04-19T13:10:00Z  446.838  -23.025  12.576  3.06694E-16  SWARM-A  14.019  337.028
2018-04-19T13:10:30Z  446.126  -21.093  12.555  3.13886E-16  SWARM-A  14.026  338.953
2018-04-19T13:11:00Z  445.441  -19.160  12.530  3.20917E-16  SWARM-A  14.033  340.879
2018-04-19T13:11:30Z  444.784  -17.226  12.503  3.27730E-16  SWARM-A  14.040  342.806
2018-04-19T13:12:00Z  444.157  -15.292  12.474  3.34261E-16  SWARM-A  14.046  344.732
2018-04-19T13:12:30Z  443.564  -13.357  12.444  3.40515E-16  SWARM-A  14.052  346.658
2018-04-19T13:13:00Z  443.004  -11.421  12.412  3.46412E-16  SWARM-A  14.059  348.585
2018-04-19T13:13:30Z  442.480  -9.485  12.378  3.51924E-16  SWARM-A  14.065  350.512
2018-04-19T13:14:00Z  441.993  -7.549  12.344  3.56963E-16  SWARM-A  14.071  352.439
2018-04-19T13:14:30Z  441.544  -5.612  12.309  3.61557E-16  SWARM-A  14.077  354.366
2018-04-19T13:15:00Z  441.135  -3.675  12.273  3.65695E-16  SWARM-A  14.083  356.294
2018-04-19T13:15:30Z  440.765  -1.737  12.237  3.69352E-16  SWARM-A  14.089  358.221
2018-04-19T13:16:00Z  440.437  0.201  12.201  3.72502E-16  SWARM-A  14.094  0.149
2018-04-19T13:16:30Z  440.149  2.139  12.165  3.74739E-16  SWARM-A  14.100  2.077
2018-04-19T13:17:00Z  439.903  4.077  12.129  3.76488E-16  SWARM-A  14.106  4.005
2018-04-19T13:17:30Z  439.698  6.015  12.093  3.77822E-16  SWARM-A  14.112  5.933
2018-04-19T13:18:00Z  439.535  7.953  12.058  3.78792E-16  SWARM-A  14.118  7.862
2018-04-19T13:18:30Z  439.412  9.891  12.024  3.79359E-16  SWARM-A  14.124  9.790
2018-04-19T13:19:00Z  439.330  11.829  11.991  3.79585E-16  SWARM-A  14.130  11.719
2018-04-19T13:19:30Z  439.288  13.767  11.960  3.79508E-16  SWARM-A  14.137  13.648
2018-04-19T13:20:00Z  439.285  15.704  11.930  3.79136E-16  SWARM-A  14.143  15.577
2018-04-19T13:20:30Z  439.319  17.642  11.901  3.78431E-16  SWARM-A  14.149  17.506
2018-04-19T13:21:00Z  439.391  19.578  11.875  3.77480E-16  SWARM-A  14.156  19.436
2018-04-19T13:21:30Z  439.497  21.515  11.851  3.76180E-16  SWARM-A  14.163  21.365
2018-04-19T13:22:00Z  439.638  23.451  11.830  3.74556E-16  SWARM-A  14.170  23.295
2018-04-19T13:22:30Z  439.811  25.386  11.812  3.72569E-16  SWARM-A  14.177  25.225
2018-04-19T13:23:00Z  440.014  27.321  11.798  3.70220E-16  SWARM-A  14.184  27.155
2018-04-19T13:23:30Z  440.246  29.255  11.787  3.67545E-16  SWARM-A  14.192  29.085
2018-04-19T13:24:00Z  440.504  31.189  11.781  3.64536E-16  SWARM-A  14.200  31.015
2018-04-19T13:24:30Z  440.787  33.121  11.780  3.61212E-16  SWARM-A  14.208  32.946
2018-04-19T13:25:00Z  441.092  35.053  11.784  3.57604E-16  SWARM-A  14.217  34.876
2018-04-19T13:25:30Z  441.417  36.985  11.794  3.53764E-16  SWARM-A  14.226  36.807
2018-04-19T13:26:00Z  441.759  38.915  11.812  3.49702E-16  SWARM-A  14.235  38.738
2018-04-19T13:26:30Z  442.117  40.845  11.837  3.45465E-16  SWARM-A  14.245  40.668
2018-04-19T13:27:00Z  442.487  42.773  11.872  3.41095E-16  SWARM-A  14.256  42.599
2018-04-19T13:27:30Z  442.868  44.701  11.917  3.36620E-16  SWARM-A  14.267  44.530
2018-04-19T13:28:00Z  443.256  46.628  11.973  3.32096E-16  SWARM-A  14.279  46.462
2018-04-19T13:28:30Z  443.649  48.553  12.043  3.27205E-16  SWARM-A  14.292  48.393
2018-04-19T13:29:00Z  444.045  50.478  12.128  3.22287E-16  SWARM-A  14.306  50.324
2018-04-19T13:29:30Z  444.441  52.401  12.231  3.17425E-16  SWARM-A  14.321  52.256
2018-04-19T13:30:00Z  444.835  54.324  12.354  3.12629E-16  SWARM-A  14.338  54.187
2018-04-19T13:30:30Z  445.223  56.245  12.502  3.07900E-16  SWARM-A  14.356  56.119
2018-04-19T13:31:00Z  445.605  58.164  12.679  3.03240E-16  SWARM-A  14.376  58.050
2018-04-19T13:31:30Z  445.978  60.082  12.890  2.98665E-16  SWARM-A  14.399  59.982
2018-04-19T13:32:00Z  446.338  61.999  13.142  2.94166E-16  SWARM-A  14.424  61.914
2018-04-19T13:32:30Z  446.685  63.914  13.446  2.89703E-16  SWARM-A  14.452  63.846
2018-04-19T13:33:00Z  447.016  65.827  13.811  2.85368E-16  SWARM-A  14.485  65.778
2018-04-19T13:33:30Z  447.329  67.737  14.256  2.81049E-16  SWARM-A  14.523  67.710
2018-04-19T13:34:00Z  447.623  69.645  14.801  2.76695E-16  SWARM-A  14.568  69.642
2018-04-19T13:34:30Z  447.895  71.549  15.478  2.72315E-16  SWARM-A  14.621  71.574
2018-04-19T13:35:00Z  448.144  73.448  16.333  2.67933E-16  SWARM-A  14.687  73.506
2018-04-19T13:35:30Z  448.368  75.342  17.433  2.63460E-16  SWARM-A  14.768  75.438
2018-04-19T13:36:00Z  448.567  77.227  18.886  2.58978E-16  SWARM-A  14.874  77.370
2018-04-19T13:36:30Z  448.738  79.098  20.873  2.54182E-16  SWARM-A  15.014  79.302
2018-04-19T13:37:00Z  448.882  80.950  23.717  2.49394E-16  SWARM-A  15.212  81.234
2018-04-19T13:37:30Z  448.997  82.765  28.052  2.44562E-16  SWARM-A  15.510  83.167
2018-04-19T13:38:00Z  449.083  84.508  35.270  2.39763E-16  SWARM-A  15.999  85.099
2018-04-19T13:38:30Z  449.138  86.083  48.772  2.35014E-16  SWARM-A  16.908  87.031
2018-04-19T13:39:00Z  449.164  87.189  76.018  2.30392E-16  SWARM-A  18.732  88.963
2018-04-19T13:39:30Z  449.158  87.202  115.947  2.25510E-16  SWARM-A  21.403  90.896
2018-04-19T13:40:00Z  449.123  86.111  143.556  2.20414E-16  SWARM-A  23.252  92.828
2018-04-19T13:40:30Z  449.057  84.542  157.249  2.15331E-16  SWARM-A  0.173  94.760
2018-04-19T13:41:00Z  448.961  82.801  164.550  2.10373E-16  SWARM-A  0.668  96.692
2018-04-19T13:41:30Z  448.836  80.987  168.927  2.05520E-16  SWARM-A  0.968  98.625
2018-04-19T13:42:00Z  448.683  79.136  171.793  2.00770E-16  SWARM-A  1.167  100.557
2018-04-19T13:42:30Z  448.501  77.265  173.793  1.96245E-16  SWARM-A  1.309  102.489
2018-04-19T13:43:00Z  448.293  75.380  175.255  1.91800E-16  SWARM-A  1.415  104.421
2018-04-19T13:43:30Z  448.059  73.487  176.361  1.87373E-16  SWARM-A  1.497  106.353
2018-04-19T13:44:00Z  447.800  71.587  177.220  1.82937E-16  SWARM-A  1.562  108.286
2018-04-19T13:44:30Z  447.519  69.683  177.900  1.78478E-16  SWARM-A  1.616  110.218
2018-04-19T13:45:00Z  447.217  67.776  178.448  1.73996E-16  SWARM-A  1.661  112.150
2018-04-19T13:45:30Z  446.895  65.865  178.894  1.69256E-16  SWARM-A  1.699  114.082
2018-04-19T13:46:00Z  446.555  63.953  179.261  1.64460E-16  SWARM-A  1.732  116.014
2018-04-19T13:46:30Z  446.199  62.038  179.566  1.59687E-16  SWARM-A  1.761  117.946
2018-04-19T13:47:00Z  445.830  60.121  179.819  1.55003E-16  SWARM-A  1.786  119.878
2018-04-19T13:47:30Z  445.450  58.203  -179.969  1.50392E-16  SWARM-A  1.808  121.809
2018-04-19T13:48:00Z  445.060  56.283  -179.792  1.45910E-16  SWARM-A  1.828  123.741
2018-04-19T13:48:30Z  444.663  54.362  -179.643  1.41549E-16  SWARM-A  1.847  125.673
2018-04-19T13:49:00Z  444.261  52.439  -179.519  1.37289E-16  SWARM-A  1.863  127.604
2018-04-19T13:49:30Z  443.858  50.516  -179.416  1.33280E-16  SWARM-A  1.878  129.536
2018-04-19T13:50:00Z  443.455  48.591  -179.331  1.29518E-16  SWARM-A  1.892  131.467
2018-04-19T13:50:30Z  443.054  46.666  -179.261  1.25975E-16  SWARM-A  1.905  133.399
2018-04-19T13:51:00Z  442.659  44.739  -179.204  1.22691E-16  SWARM-A  1.918  135.330
2018-04-19T13:51:30Z  442.273  42.811  -179.159  1.19657E-16  SWARM-A  1.929  137.261
2018-04-19T13:52:00Z  441.896  40.882  -179.125  1.16847E-16  SWARM-A  1.940  139.192
2018-04-19T13:52:30Z  441.533  38.953  -179.099  1.14298E-16  SWARM-A  1.950  141.123
2018-04-19T13:53:00Z  441.185  37.022  -179.081  1.11962E-16  SWARM-A  1.959  143.054
2018-04-19T13:53:30Z  440.855  35.091  -179.071  1.09878E-16  SWARM-A  1.968  144.985
2018-04-19T13:54:00Z  440.545  33.159  -179.066  1.07976E-16  SWARM-A  1.977  146.915
2018-04-19T13:54:30Z  440.258  31.226  -179.067  1.06236E-16  SWARM-A  1.985  148.846
2018-04-19T13:55:00Z  439.996  29.292  -179.074  1.04698E-16  SWARM-A  1.993  150.776
2018-04-19T13:55:30Z  439.760  27.358  -179.084  1.03273E-16  SWARM-A  2.001  152.707
2018-04-19T13:56:00Z  439.553  25.423  -179.099  1.01983E-16  SWARM-A  2.008  154.637
2018-04-19T13:56:30Z  439.377  23.487  -179.116  1.00769E-16  SWARM-A  2.015  156.567
2018-04-19T13:57:00Z  439.234  21.551  -179.137  9.95716E-17  SWARM-A  2.022  158.497
2018-04-19T13:57:30Z  439.125  19.615  -179.161  9.84382E-17  SWARM-A  2.029  160.426
2018-04-19T13:58:00Z  439.052  17.678  -179.187  9.73589E-17  SWARM-A  2.035  162.356
2018-04-19T13:58:30Z  439.015  15.741  -179.216  9.63663E-17  SWARM-A  2.042  164.285
2018-04-19T13:59:00Z  439.017  13.803  -179.246  9.53955E-17  SWARM-A  2.048  166.215
2018-04-19T13:59:30Z  439.058  11.865  -179.277  9.45242E-17  SWARM-A  2.054  168.144
2018-04-19T14:00:00Z  439.140  9.927  -179.310  9.36913E-17  SWARM-A  2.060  170.073
2018-04-19T14:00:30Z  439.262  7.989  -179.344  9.29471E-17  SWARM-A  2.067  172.001
2018-04-19T14:01:00Z  439.425  6.050  -179.379  9.22787E-17  SWARM-A  2.073  173.930
2018-04-19T14:01:30Z  439.630  4.112  -179.415  9.16944E-17  SWARM-A  2.079  175.858
2018-04-19T14:02:00Z  439.877  2.174  -179.451  9.11733E-17  SWARM-A  2.084  177.787
2018-04-19T14:02:30Z  440.165  0.236  -179.487  9.07426E-17  SWARM-A  2.090  179.715
2018-04-19T14:03:00Z  440.495  -1.702  -179.523  9.04046E-17  SWARM-A  2.096  181.643
2018-04-19T14:03:30Z  440.866  -3.640  -179.559  9.01662E-17  SWARM-A  2.102  183.570
2018-04-19T14:04:00Z  441.278  -5.578  -179.595  9.00341E-17  SWARM-A  2.108  185.498
2018-04-19T14:04:30Z  441.728  -7.515  -179.630  9.00060E-17  SWARM-A  2.114  187.425
2018-04-19T14:05:00Z  442.218  -9.451  -179.665  9.00835E-17  SWARM-A  2.120  189.353
2018-04-19T14:05:30Z  442.745  -11.388  -179.698  9.02258E-17  SWARM-A  2.126  191.280
2018-04-19T14:06:00Z  443.307  -13.323  -179.730  9.04405E-17  SWARM-A  2.133  193.206
2018-04-19T14:06:30Z  443.905  -15.258  -179.761  9.07666E-17  SWARM-A  2.139  195.133
2018-04-19T14:07:00Z  444.534  -17.193  -179.790  9.11666E-17  SWARM-A  2.145  197.059
2018-04-19T14:07:30Z  445.195  -19.127  -179.816  9.16100E-17  SWARM-A  2.152  198.986
2018-04-19T14:08:00Z  445.884  -21.060  -179.841  9.20937E-17  SWARM-A  2.158  200.912
2018-04-19T14:08:30Z  446.601  -22.992  -179.863  9.26281E-17  SWARM-A  2.165  202.838
2018-04-19T14:09:00Z  447.341  -24.923  -179.882  9.32363E-17  SWARM-A  2.172  204.763
2018-04-19T14:09:30Z  448.104  -26.854  -179.898  9.38948E-17  SWARM-A  2.180  206.689
2018-04-19T14:10:00Z  448.885  -28.783  -179.910  9.45970E-17  SWARM-A  2.187  208.614
2018-04-19T14:10:30Z  449.684  -30.712  -179.917  9.53251E-17  SWARM-A  2.195  210.539
2018-04-19T14:11:00Z  450.497  -32.639  -179.920  9.60871E-17  SWARM-A  2.203  212.464
2018-04-19T14:11:30Z  451.322  -34.566  -179.918  9.68381E-17  SWARM-A  2.212  214.389
2018-04-19T14:12:00Z  452.155  -36.491  -179.909  9.76214E-17  SWARM-A  2.221  216.314
2018-04-19T14:12:30Z  452.994  -38.416  -179.894  9.84641E-17  SWARM-A  2.230  218.238
2018-04-19T14:13:00Z  453.835  -40.339  -179.871  9.93492E-17  SWARM-A  2.240  220.163
2018-04-19T14:13:30Z  454.677  -42.261  -179.840  1.00267E-16  SWARM-A  2.250  222.087
2018-04-19T14:14:00Z  455.515  -44.182  -179.799  1.01249E-16  SWARM-A  2.261  224.011
2018-04-19T14:14:30Z  456.347  -46.101  -179.747  1.02270E-16  SWARM-A  2.273  225.934
2018-04-19T14:15:00Z  457.170  -48.020  -179.681  1.03384E-16  SWARM-A  2.286  227.858
2018-04-19T14:15:30Z  457.980  -49.937  -179.602  1.04457E-16  SWARM-A  2.299  229.781
2018-04-19T14:16:00Z  458.776  -51.852  -179.505  1.05510E-16  SWARM-A  2.314  231.705
2018-04-19T14:16:30Z  459.554  -53.767  -179.389  1.06508E-16  SWARM-A  2.330  233.628
2018-04-19T14:17:00Z  460.311  -55.680  -179.250  1.07431E-16  SWARM-A  2.348  235.551
2018-04-19T14:17:30Z  461.045  -57.591  -179.084  1.08242E-16  SWARM-A  2.367  237.474
2018-04-19T14:18:00Z  461.753  -59.501  -178.885  1.08915E-16  SWARM-A  2.389  239.397
2018-04-19T14:18:30Z  462.431  -61.409  -178.648  1.09392E-16  SWARM-A  2.413  241.319
2018-04-19T14:19:00Z  463.079  -63.315  -178.364  1.09666E-16  SWARM-A  2.440  243.242
2018-04-19T14:19:30Z  463.693  -65.220  -178.022  1.09716E-16  SWARM-A  2.471  245.164
2018-04-19T14:20:00Z  464.271  -67.121  -177.607  1.09530E-16  SWARM-A  2.507  247.087
2018-04-19T14:20:30Z  464.812  -69.020  -177.101  1.09087E-16  SWARM-A  2.549  249.009
2018-04-19T14:21:00Z  465.312  -70.916  -176.475  1.08431E-16  SWARM-A  2.600  250.931
2018-04-19T14:21:30Z  465.770  -72.807  -175.691  1.07577E-16  SWARM-A  2.660  252.853
2018-04-19T14:22:00Z  466.185  -74.693  -174.691  1.06500E-16  SWARM-A  2.735  254.775
2018-04-19T14:22:30Z  466.555  -76.571  -173.383  1.05228E-16  SWARM-A  2.831  256.697
2018-04-19T14:23:00Z  466.879  -78.439  -171.621  1.03851E-16  SWARM-A  2.956  258.619
2018-04-19T14:23:30Z  467.155  -80.289  -169.149  1.02376E-16  SWARM-A  3.130  260.541
2018-04-19T14:24:00Z  467.382  -82.110  -165.480  1.00883E-16  SWARM-A  3.383  262.463
2018-04-19T14:24:30Z  467.560  -83.876  -159.601  9.94243E-17  SWARM-A  3.783  264.385
2018-04-19T14:25:00Z  467.687  -85.524  -149.123  9.81014E-17  SWARM-A  4.490  266.306
2018-04-19T14:25:30Z  467.764  -86.859  -128.256  9.69156E-17  SWARM-A  5.889  268.228
2018-04-19T14:26:00Z  467.790  -87.358  -91.043  9.60168E-17  SWARM-A  8.378  270.150
2018-04-19T14:26:30Z  467.766  -86.626  -56.795  9.53309E-17  SWARM-A  10.670  272.072
2018-04-19T14:27:00Z  467.690  -85.196  -38.817  9.47507E-17  SWARM-A  11.877  273.993
2018-04-19T14:27:30Z  467.563  -83.514  -29.624  9.45168E-17  SWARM-A  12.498  275.915
2018-04-19T14:28:00Z  467.386  -81.733  -24.337  9.46606E-17  SWARM-A  12.859  277.837
2018-04-19T14:28:30Z  467.160  -79.904  -20.977  9.52384E-17  SWARM-A  13.091  279.759
2018-04-19T14:29:00Z  466.886  -78.050  -18.683  9.62791E-17  SWARM-A  13.252  281.681
2018-04-19T14:29:30Z  466.563  -76.180  -17.032  9.77982E-17  SWARM-A  13.371  283.602
2018-04-19T14:30:00Z  466.195  -74.300  -15.798  9.97892E-17  SWARM-A  13.461  285.524
2018-04-19T14:30:30Z  465.781  -72.413  -14.849  1.02292E-16  SWARM-A  13.533  287.446
2018-04-19T14:31:00Z  465.324  -70.521  -14.102  1.05292E-16  SWARM-A  13.591  289.368
2018-04-19T14:31:30Z  464.825  -68.624  -13.504  1.08845E-16  SWARM-A  13.639  291.291
2018-04-19T14:32:00Z  464.286  -66.725  -13.019  1.12843E-16  SWARM-A  13.680  293.213
2018-04-19T14:32:30Z  463.710  -64.822  -12.621  1.17310E-16  SWARM-A  13.715  295.135
2018-04-19T14:33:00Z  463.097  -62.918  -12.292  1.22248E-16  SWARM-A  13.745  297.057
2018-04-19T14:33:30Z  462.452  -61.011  -12.019  1.27558E-16  SWARM-A  13.772  298.980
2018-04-19T14:34:00Z  461.775  -59.103  -11.790  1.33221E-16  SWARM-A  13.795  300.903
2018-04-19T14:34:30Z  461.070  -57.193  -11.599  1.39209E-16  SWARM-A  13.816  302.825
2018-04-19T14:35:00Z  460.339  -55.281  -11.439  1.45521E-16  SWARM-A  13.835  304.748
2018-04-19T14:35:30Z  459.585  -53.368  -11.305  1.51984E-16  SWARM-A  13.853  306.671
2018-04-19T14:36:00Z  458.810  -51.453  -11.193  1.58752E-16  SWARM-A  13.868  308.594
2018-04-19T14:36:30Z  458.017  -49.537  -11.100  1.65754E-16  SWARM-A  13.883  310.518
2018-04-19T14:37:00Z  457.210  -47.620  -11.024  1.72944E-16  SWARM-A  13.896  312.441
2018-04-19T14:37:30Z  456.391  -45.702  -10.961  1.80381E-16  SWARM-A  13.909  314.364
2018-04-19T14:38:00Z  455.564  -43.782  -10.912  1.88021E-16  SWARM-A  13.920  316.288
2018-04-19T14:38:30Z  454.730  -41.861  -10.872  1.95815E-16  SWARM-A  13.931  318.212
2018-04-19T14:39:00Z  453.894  -39.939  -10.843  2.03803E-16  SWARM-A  13.942  320.136
2018-04-19T14:39:30Z  453.058  -38.016  -10.822  2.11963E-16  SWARM-A  13.951  322.060
2018-04-19T14:40:00Z  452.225  -36.091  -10.808  2.20262E-16  SWARM-A  13.961  323.985
2018-04-19T14:40:30Z  451.398  -34.166  -10.801  2.28730E-16  SWARM-A  13.970  325.909
2018-04-19T14:41:00Z  450.580  -32.239  -10.800  2.37258E-16  SWARM-A  13.978  327.834
2018-04-19T14:41:30Z  449.774  -30.311  -10.804  2.45833E-16  SWARM-A  13.986  329.759
2018-04-19T14:42:00Z  448.982  -28.383  -10.812  2.54493E-16  SWARM-A  13.994  331.684
2018-04-19T14:42:30Z  448.208  -26.453  -10.825  2.63260E-16  SWARM-A  14.001  333.609
2018-04-19T14:43:00Z  447.453  -24.523  -10.842  2.72048E-16  SWARM-A  14.009  335.534
2018-04-19T14:43:30Z  446.721  -22.591  -10.861  2.80787E-16  SWARM-A  14.016  337.460
2018-04-19T14:44:00Z  446.014  -20.659  -10.884  2.89602E-16  SWARM-A  14.022  339.386
2018-04-19T14:44:30Z  445.333  -18.726  -10.909  2.98286E-16  SWARM-A  14.029  341.312
2018-04-19T14:45:00Z  444.682  -16.792  -10.936  3.06804E-16  SWARM-A  14.036  343.238
2018-04-19T14:45:30Z  444.061  -14.858  -10.965  3.15139E-16  SWARM-A  14.042  345.164
2018-04-19T14:46:00Z  443.474  -12.923  -10.996  3.23167E-16  SWARM-A  14.048  347.091
2018-04-19T14:46:30Z  442.921  -10.987  -11.029  3.30857E-16  SWARM-A  14.054  349.017
2018-04-19T14:47:00Z  442.403  -9.051  -11.062  3.38135E-16  SWARM-A  14.060  350.944
2018-04-19T14:47:30Z  441.924  -7.115  -11.097  3.44921E-16  SWARM-A  14.066  352.871
2018-04-19T14:48:00Z  441.482  -5.178  -11.132  3.51226E-16  SWARM-A  14.072  354.798
2018-04-19T14:48:30Z  441.080  -3.240  -11.168  3.56999E-16  SWARM-A  14.078  356.726
2018-04-19T14:49:00Z  440.718  -1.303  -11.204  3.62163E-16  SWARM-A  14.084  358.653
2018-04-19T14:49:30Z  440.397  0.635  -11.241  3.66717E-16  SWARM-A  14.090  0.581
2018-04-19T14:50:00Z  440.116  2.573  -11.277  3.70592E-16  SWARM-A  14.096  2.509
2018-04-19T14:50:30Z  439.878  4.511  -11.313  3.73845E-16  SWARM-A  14.102  4.437
2018-04-19T14:51:00Z  439.680  6.450  -11.348  3.76392E-16  SWARM-A  14.108  6.366
2018-04-19T14:51:30Z  439.524  8.388  -11.383  3.78222E-16  SWARM-A  14.114  8.294
2018-04-19T14:52:00Z  439.408  10.326  -11.417  3.79366E-16  SWARM-A  14.120  10.223
2018-04-19T14:52:30Z  439.333  12.264  -11.449  3.79821E-16  SWARM-A  14.126  12.152
2018-04-19T14:53:00Z  439.297  14.201  -11.481  3.79581E-16  SWARM-A  14.133  14.081
2018-04-19T14:53:30Z  439.300  16.139  -11.511  3.78671E-16  SWARM-A  14.139  16.010
2018-04-19T14:54:00Z  439.340  18.076  -11.538  3.77006E-16  SWARM-A  14.145  17.939
2018-04-19T14:54:30Z  439.417  20.013  -11.564  3.74684E-16  SWARM-A  14.152  19.868
2018-04-19T14:55:00Z  439.529  21.949  -11.587  3.71694E-16  SWARM-A  14.159  21.798
2018-04-19T14:55:30Z  439.675  23.885  -11.608  3.68071E-16  SWARM-A  14.166  23.728
2018-04-19T14:56:00Z  439.852  25.820  -11.625  3.63831E-16  SWARM-A  14.173  25.658
2018-04-19T14:56:30Z  440.059  27.755  -11.639  3.59025E-16  SWARM-A  14.180  27.588
2018-04-19T14:57:00Z  440.294  29.689  -11.648  3.53711E-16  SWARM-A  14.188  29.518
2018-04-19T14:57:30Z  440.556  31.622  -11.654  3.47910E-16  SWARM-A  14.196  31.448
2018-04-19T14:58:00Z  440.841  33.555  -11.654  3.41731E-16  SWARM-A  14.204  33.379
2018-04-19T14:58:30Z  441.148  35.486  -11.648  3.35216E-16  SWARM-A  14.213  35.309
2018-04-19T14:59:00Z  441.474  37.418  -11.636  3.28427E-16  SWARM-A  14.222  37.240
2018-04-19T14:59:30Z  441.818  39.348  -11.617  3.21442E-16  SWARM-A  14.232  39.171
2018-04-19T15:00:00Z  442.176  41.277  -11.590  3.14468E-16  SWARM-A  14.242  41.101
2018-04-19T15:00:30Z  442.546  43.206  -11.553  3.07201E-16  SWARM-A  14.253  43.032
2018-04-19T15:01:00Z  442.925  45.133  -11.506  2.99945E-16  SWARM-A  14.264  44.964
2018-04-19T15:01:30Z  443.312  47.060  -11.447  2.92737E-16  SWARM-A  14.277  46.895
2018-04-19T15:02:00Z  443.704  48.985  -11.374  2.85653E-16  SWARM-A  14.290  48.826
2018-04-19T15:02:30Z  444.097  50.909  -11.285  2.78748E-16  SWARM-A  14.304  50.757
2018-04-19T15:03:00Z  444.490  52.833  -11.178  2.72070E-16  SWARM-A  14.319  52.689
2018-04-19T15:03:30Z  444.881  54.755  -11.049  2.65555E-16  SWARM-A  14.336  54.620
2018-04-19T15:04:00Z  445.266  56.675  -10.895  2.59284E-16  SWARM-A  14.355  56.552
2018-04-19T15:04:30Z  445.643  58.595  -10.711  2.53244E-16  SWARM-A  14.376  58.484
2018-04-19T15:05:00Z  446.010  60.513  -10.492  2.47497E-16  SWARM-A  14.399  60.416
2018-04-19T15:05:30Z  446.365  62.429  -10.229  2.41824E-16  SWARM-A  14.424  62.347
2018-04-19T15:06:00Z  446.706  64.343  -9.913  2.36466E-16  SWARM-A  14.454  64.279
2018-04-19T15:06:30Z  447.030  66.256  -9.531  2.31225E-16  SWARM-A  14.488  66.211
2018-04-19T15:07:00Z  447.336  68.166  -9.066  2.25981E-16  SWARM-A  14.527  68.143
2018-04-19T15:07:30Z  447.622  70.073  -8.494  2.20800E-16  SWARM-A  14.573  70.075
2018-04-19T15:08:00Z  447.886  71.976  -7.782  2.15858E-16  SWARM-A  14.629  72.007
2018-04-19T15:08:30Z  448.127  73.874  -6.880  2.11006E-16  SWARM-A  14.698  73.939
2018-04-19T15:09:00Z  448.343  75.766  -5.712  2.06334E-16  SWARM-A  14.784  75.872
2018-04-19T15:09:30Z  448.533  77.648  -4.158  2.01853E-16  SWARM-A  14.896  77.804
2018-04-19T15:10:00Z  448.696  79.516  -2.015  1.97481E-16  SWARM-A  15.047  79.736
2018-04-19T15:10:30Z  448.831  81.361  1.092  1.93194E-16  SWARM-A  15.262  81.668
2018-04-19T15:11:00Z  448.936  83.165  5.910  1.89040E-16  SWARM-A  15.592  83.601
2018-04-19T15:11:30Z  449.013  84.882  14.128  1.84991E-16  SWARM-A  16.148  85.533
2018-04-19T15:12:00Z  449.059  86.390  29.922  1.81112E-16  SWARM-A  17.209  87.465
2018-04-19T15:12:30Z  449.075  87.309  61.200  1.77499E-16  SWARM-A  19.303  89.398
2018-04-19T15:13:00Z  449.061  87.030  100.355  1.73926E-16  SWARM-A  21.922  91.330
2018-04-19T15:13:30Z  449.016  85.784  124.080  1.70266E-16  SWARM-A  23.512  93.262
2018-04-19T15:14:00Z  448.942  84.161  135.841  1.66669E-16  SWARM-A  0.304  95.194
2018-04-19T15:14:30Z  448.837  82.398  142.288  1.63120E-16  SWARM-A  0.742  97.127
2018-04-19T15:15:00Z  448.704  80.574  146.240  1.59634E-16  SWARM-A  1.014  99.059
2018-04-19T15:15:30Z  448.542  78.717  148.871  1.56181E-16  SWARM-A  1.198  100.991
2018-04-19T15:16:00Z  448.353  76.842  150.728  1.52720E-16  SWARM-A  1.330  102.924
2018-04-19T15:16:30Z  448.137  74.955  152.098  1.49284E-16  SWARM-A  1.430  104.856
2018-04-19T15:17:00Z  447.896  73.060  153.140  1.45789E-16  SWARM-A  1.507  106.788
2018-04-19T15:17:30Z  447.631  71.159  153.954  1.42263E-16  SWARM-A  1.570  108.720
2018-04-19T15:18:00Z  447.343  69.255  154.601  1.38573E-16  SWARM-A  1.621  110.652
2018-04-19T15:18:30Z  447.035  67.346  155.123  1.34817E-16  SWARM-A  1.665  112.585
2018-04-19T15:19:00Z  446.708  65.435  155.550  1.31055E-16  SWARM-A  1.701  114.517
2018-04-19T15:19:30Z  446.364  63.522  155.902  1.27321E-16  SWARM-A  1.733  116.449
2018-04-19T15:20:00Z  446.004  61.606  156.194  1.23571E-16  SWARM-A  1.761  118.381
2018-04-19T15:20:30Z  445.631  59.689  156.437  1.19845E-16  SWARM-A  1.785  120.313
2018-04-19T15:21:00Z  445.248  57.770  156.640  1.16190E-16  SWARM-A  1.807  122.244
2018-04-19T15:21:30Z  444.855  55.850  156.811  1.12574E-16  SWARM-A  1.827  124.176
2018-04-19T15:22:00Z  444.456  53.929  156.953  1.09186E-16  SWARM-A  1.845  126.108
2018-04-19T15:22:30Z  444.054  52.006  157.072  1.05896E-16  SWARM-A  1.861  128.040
2018-04-19T15:23:00Z  443.649  50.082  157.171  1.02822E-16  SWARM-A  1.876  129.971
2018-04-19T15:23:30Z  443.246  48.157  157.253  9.99759E-17  SWARM-A  1.890  131.903
2018-04-19T15:24:00Z  442.846  46.231  157.320  9.73962E-17  SWARM-A  1.903  133.834
2018-04-19T15:24:30Z  442.453  44.304  157.374  9.50496E-17  SWARM-A  1.915  135.765
2018-04-19T15:25:00Z  442.068  42.376  157.416  9.29899E-17  SWARM-A  1.926  137.697
2018-04-19T15:25:30Z  441.694  40.447  157.448  9.12418E-17  SWARM-A  1.936  139.628
2018-04-19T15:26:00Z  441.334  38.517  157.472  8.97783E-17  SWARM-A  1.946  141.559
2018-04-19T15:26:30Z  440.990  36.586  157.488  8.86078E-17  SWARM-A  1.956  143.490
2018-04-19T15:27:00Z  440.664  34.655  157.497  8.77212E-17  SWARM-A  1.965  145.420
2018-04-19T15:27:30Z  440.360  32.722  157.500  8.71131E-17  SWARM-A  1.973  147.351
2018-04-19T15:28:00Z  440.078  30.789  157.498  8.67552E-17  SWARM-A  1.981  149.282
2018-04-19T15:28:30Z  439.822  28.855  157.491  8.66242E-17  SWARM-A  1.989  151.212
2018-04-19T15:29:00Z  439.594  26.921  157.479  8.67163E-17  SWARM-A  1.997  153.142
2018-04-19T15:29:30Z  439.395  24.986  157.464  8.69841E-17  SWARM-A  2.004  155.073
2018-04-19T15:30:00Z  439.227  23.050  157.445  8.74184E-17  SWARM-A  2.011  157.003
2018-04-19T15:30:30Z  439.092  21.114  157.424  8.80281E-17  SWARM-A  2.018  158.932
2018-04-19T15:31:00Z  438.992  19.177  157.399  8.87357E-17  SWARM-A  2.025  160.862
2018-04-19T15:31:30Z  438.928  17.240  157.373  8.95688E-17  SWARM-A  2.031  162.792
2018-04-19T15:32:00Z  438.902  15.303  157.344  9.04582E-17  SWARM-A  2.038  164.721
2018-04-19T15:32:30Z  438.914  13.365  157.314  9.14258E-17  SWARM-A  2.044  166.651
2018-04-19T15:33:00Z  438.965  11.427  157.282  9.24509E-17  SWARM-A  2.050  168.580
2018-04-19T15:33:30Z  439.057  9.489  157.248  9.34787E-17  SWARM-A  2.056  170.509
2018-04-19T15:34:00Z  439.190  7.550  157.214  9.45529E-17  SWARM-A  2.062  172.438
2018-04-19T15:34:30Z  439.364  5.612  157.179  9.56576E-17  SWARM-A  2.068  174.366
2018-04-19T15:35:00Z  439.581  3.674  157.143  9.67791E-17  SWARM-A  2.074  176.295
2018-04-19T15:35:30Z  439.839  1.735  157.107  9.79207E-17  SWARM-A  2.080  178.223
2018-04-19T15:36:00Z  440.138  -0.203  157.071  9.90803E-17  SWARM-A  2.086  180.151
2018-04-19T15:36:30Z  440.479  -2.141  157.035  1.00211E-16  SWARM-A  2.092  182.079
2018-04-19T15:37:00Z  440.861  -4.079  156.999  1.01358E-16  SWARM-A  2.098  184.007
2018-04-19T15:37:30Z  441.283  -6.016  156.963  1.02488E-16  SWARM-A  2.104  185.934
2018-04-19T15:38:00Z  441.744  -7.953  156.928  1.03649E-16  SWARM-A  2.110  187.862
2018-04-19T15:38:30Z  442.244  -9.890  156.894  1.04772E-16  SWARM-A  2.116  189.789
2018-04-19T15:39:00Z  442.780  -11.826  156.861  1.05896E-16  SWARM-A  2.122  191.716
2018-04-19T15:39:30Z  443.353  -13.762  156.829  1.07001E-16  SWARM-A  2.128  193.643
2018-04-19T15:40:00Z  443.959  -15.697  156.799  1.08132E-16  SWARM-A  2.135  195.569
2018-04-19T15:40:30Z  444.598  -17.631  156.770  1.09282E-16  SWARM-A  2.141  197.496
2018-04-19T15:41:00Z  445.267  -19.565  156.744  1.10390E-16  SWARM-A  2.148  199.422
2018-04-19T15:41:30Z  445.965  -21.497  156.720  1.11504E-16  SWARM-A  2.154  201.348
2018-04-19T15:42:00Z  446.689  -23.429  156.698  1.12598E-16  SWARM-A  2.161  203.274
2018-04-19T15:42:30Z  447.437  -25.361  156.680  1.13673E-16  SWARM-A  2.168  205.200
2018-04-19T15:43:00Z  448.206  -27.291  156.665  1.14729E-16  SWARM-A  2.176  207.125
2018-04-19T15:43:30Z  448.995  -29.220  156.654  1.15725E-16  SWARM-A  2.183  209.051
2018-04-19T15:44:00Z  449.800  -31.149  156.647  1.16705E-16  SWARM-A  2.191  210.976
2018-04-19T15:44:30Z  450.618  -33.076  156.646  1.17629E-16  SWARM-A  2.199  212.901
2018-04-19T15:45:00Z  451.448  -35.002  156.649  1.18520E-16  SWARM-A  2.208  214.826
2018-04-19T15:45:30Z  452.286  -36.928  156.659  1.19327E-16  SWARM-A  2.217  216.750
2018-04-19T15:46:00Z  453.129  -38.852  156.676  1.20075E-16  SWARM-A  2.226  218.675
2018-04-19T15:46:30Z  453.974  -40.775  156.701  1.20703E-16  SWARM-A  2.236  220.599
2018-04-19T15:47:00Z  454.819  -42.697  156.734  1.21230E-16  SWARM-A  2.247  222.523
2018-04-19T15:47:30Z  455.659  -44.617  156.778  1.21656E-16  SWARM-A  2.258  224.447
2018-04-19T15:48:00Z  456.493  -46.536  156.833  1.21970E-16  SWARM-A  2.270  226.371
2018-04-19T15:48:30Z  457.318  -48.455  156.901  1.22142E-16  SWARM-A  2.283  228.294
2018-04-19T15:49:00Z  458.129  -50.371  156.984  1.22146E-16  SWARM-A  2.297  230.218
2018-04-19T15:49:30Z  458.925  -52.287  157.085  1.22010E-16  SWARM-A  2.312  232.141
2018-04-19T15:50:00Z  459.703  -54.201  157.206  1.21690E-16  SWARM-A  2.329  234.064
2018-04-19T15:50:30Z  460.459  -56.114  157.351  1.21207E-16  SWARM-A  2.346  235.987
2018-04-19T15:51:00Z  461.191  -58.025  157.524  1.20513E-16  SWARM-A  2.366  237.910
2018-04-19T15:51:30Z  461.896  -59.934  157.730  1.19630E-16  SWARM-A  2.388  239.833
2018-04-19T15:52:00Z  462.572  -61.842  157.977  1.18518E-16  SWARM-A  2.413  241.756
2018-04-19T15:52:30Z  463.216  -63.748  158.274  1.17170E-16  SWARM-A  2.441  243.678
2018-04-19T15:53:00Z  463.826  -65.651  158.631  1.15623E-16  SWARM-A  2.473  245.601
2018-04-19T15:53:30Z  464.399  -67.553  159.064  1.13847E-16  SWARM-A  2.511  247.523
2018-04-19T15:54:00Z  464.934  -69.451  159.594  1.11900E-16  SWARM-A  2.554  249.445
2018-04-19T15:54:30Z  465.429  -71.346  160.252  1.09799E-16  SWARM-A  2.607  251.367
2018-04-19T15:55:00Z  465.881  -73.236  161.079  1.07610E-16  SWARM-A  2.670  253.289
2018-04-19T15:55:30Z  466.289  -75.120  162.139  1.05282E-16  SWARM-A  2.749  255.211
2018-04-19T15:56:00Z  466.652  -76.996  163.534  1.02945E-16  SWARM-A  2.850  257.133
2018-04-19T15:56:30Z  466.969  -78.860  165.429  1.00615E-16  SWARM-A  2.985  259.055
2018-04-19T15:57:00Z  467.237  -80.705  168.118  9.83504E-17  SWARM-A  3.173  260.977
2018-04-19T15:57:30Z  467.456  -82.517  172.169  9.61846E-17  SWARM-A  3.451  262.899
2018-04-19T15:58:00Z  467.626  -84.264  178.802  9.41738E-17  SWARM-A  3.902  264.821
2018-04-19T15:58:30Z  467.745  -85.866  -169.048  9.23908E-17  SWARM-A  4.720  266.742
2018-04-19T15:59:00Z  467.814  -87.073  -144.589  9.09043E-17  SWARM-A  6.359  268.664
2018-04-19T15:59:30Z  467.832  -87.291  -105.328  8.97786E-17  SWARM-A  8.985  270.586
2018-04-19T16:00:00Z  467.798  -86.340  -74.949  8.89154E-17  SWARM-A  11.018  272.507
2018-04-19T16:00:30Z  467.714  -84.828  -59.638  8.83141E-17  SWARM-A  12.047  274.429
2018-04-19T16:01:00Z  467.579  -83.116  -51.613  8.80904E-17  SWARM-A  12.591  276.351
2018-04-19T16:01:30Z  467.394  -81.321  -46.879  8.83111E-17  SWARM-A  12.915  278.273
2018-04-19T16:02:00Z  467.159  -79.486  -43.815  8.89361E-17  SWARM-A  13.127  280.194
2018-04-19T16:02:30Z  466.877  -77.627  -41.694  9.00190E-17  SWARM-A  13.277  282.116
2018-04-19T16:03:00Z  466.547  -75.755  -40.154  9.16076E-17  SWARM-A  13.388  284.038
2018-04-19T16:03:30Z  466.170  -73.873  -38.994  9.37013E-17  SWARM-A  13.474  285.960
2018-04-19T16:04:00Z  465.749  -71.985  -38.097  9.62891E-17  SWARM-A  13.542  287.882
2018-04-19T16:04:30Z  465.285  -70.091  -37.388  9.93781E-17  SWARM-A  13.597  289.804
2018-04-19T16:05:00Z  464.779  -68.194  -36.819  1.02946E-16  SWARM-A  13.644  291.726
2018-04-19T16:05:30Z  464.234  -66.294  -36.355  1.07030E-16  SWARM-A  13.683  293.648
2018-04-19T16:06:00Z  463.652  -64.391  -35.974  1.11555E-16  SWARM-A  13.717  295.571
2018-04-19T16:06:30Z  463.034  -62.486  -35.659  1.16568E-16  SWARM-A  13.746  297.493
2018-04-19T16:07:00Z  462.383  -60.579  -35.397  1.21939E-16  SWARM-A  13.772  299.415
2018-04-19T16:07:30Z  461.701  -58.670  -35.177  1.27720E-16  SWARM-A  13.795  301.338
2018-04-19T16:08:00Z  460.992  -56.760  -34.994  1.33884E-16  SWARM-A  13.815  303.261
2018-04-19T16:08:30Z  460.257  -54.848  -34.840  1.40305E-16  SWARM-A  13.834  305.184
2018-04-19T16:09:00Z  459.499  -52.935  -34.711  1.46917E-16  SWARM-A  13.851  307.107
2018-04-19T16:09:30Z  458.721  -51.020  -34.604  1.53819E-16  SWARM-A  13.866  309.030
2018-04-19T16:10:00Z  457.927  -49.104  -34.515  1.60926E-16  SWARM-A  13.880  310.953
2018-04-19T16:10:30Z  457.118  -47.186  -34.442  1.68254E-16  SWARM-A  13.894  312.876
2018-04-19T16:11:00Z  456.298  -45.267  -34.383  1.75740E-16  SWARM-A  13.906  314.800
2018-04-19T16:11:30Z  455.470  -43.347  -34.335  1.83395E-16  SWARM-A  13.917  316.723
2018-04-19T16:12:00Z  454.637  -41.426  -34.299  1.91209E-16  SWARM-A  13.928  318.647
2018-04-19T16:12:30Z  453.802  -39.504  -34.271  1.99147E-16  SWARM-A  13.938  320.571
2018-04-19T16:13:00Z  452.967  -37.580  -34.252  2.07185E-16  SWARM-A  13.948  322.495
2018-04-19T16:13:30Z  452.136  -35.656  -34.240  2.15241E-16  SWARM-A  13.957  324.420
2018-04-19T16:14:00Z  451.312  -33.730  -34.234  2.23350E-16  SWARM-A  13.966  326.344
2018-04-19T16:14:30Z  450.498  -31.803  -34.234  2.31577E-16  SWARM-A  13.974  328.269
2018-04-19T16:15:00Z  449.696  -29.876  -34.239  2.39812E-16  SWARM-A  13.982  330.194
2018-04-19T16:15:30Z  448.909  -27.947  -34.249  2.48061E-16  SWARM-A  13.990  332.119
2018-04-19T16:16:00Z  448.139  -26.017  -34.262  2.56228E-16  SWARM-A  13.997  334.044
2018-04-19T16:16:30Z  447.390  -24.086  -34.279  2.64372E-16  SWARM-A  14.005  335.969
2018-04-19T16:17:00Z  446.664  -22.155  -34.300  2.72397E-16  SWARM-A  14.012  337.895
2018-04-19T16:17:30Z  445.963  -20.223  -34.323  2.80254E-16  SWARM-A  14.018  339.821
2018-04-19T16:18:00Z  445.289  -18.289  -34.349  2.87882E-16  SWARM-A  14.025  341.747
2018-04-19T16:18:30Z  444.645  -16.356  -34.376  2.95216E-16  SWARM-A  14.031  343.673
2018-04-19T16:19:00Z  444.032  -14.421  -34.406  3.02184E-16  SWARM-A  14.038  345.599
2018-04-19T16:19:30Z  443.452  -12.486  -34.438  3.08706E-16  SWARM-A  14.044  347.525
2018-04-19T16:20:00Z  442.907  -10.550  -34.470  3.14764E-16  SWARM-A  14.050  349.452
2018-04-19T16:20:30Z  442.399  -8.614  -34.504  3.20249E-16  SWARM-A  14.056  351.379
2018-04-19T16:21:00Z  441.927  -6.678  -34.539  3.25180E-16  SWARM-A  14.062  353.306
2018-04-19T16:21:30Z  441.494  -4.741  -34.574  3.29514E-16  SWARM-A  14.068  355.233
2018-04-19T16:22:00Z  441.101  -2.803  -34.610  3.33220E-16  SWARM-A  14.074  357.161
2018-04-19T16:22:30Z  440.748  -0.866  -34.646  3.36305E-16  SWARM-A  14.080  359.088
2018-04-19T16:23:00Z  440.435  1.072  -34.683  3.38759E-16  SWARM-A  14.086  1.016
2018-04-19T16:23:30Z  440.164  3.010  -34.719  3.40650E-16  SWARM-A  14.092  2.944
2018-04-19T16:24:00Z  439.934  4.948  -34.755  3.41895E-16  SWARM-A  14.098  4.872
2018-04-19T16:24:30Z  439.745  6.886  -34.790  3.42588E-16  SWARM-A  14.104  6.800
2018-04-19T16:25:00Z  439.597  8.824  -34.825  3.42720E-16  SWARM-A  14.110  8.729
2018-04-19T16:25:30Z  439.490  10.762  -34.858  3.42382E-16  SWARM-A  14.116  10.657
2018-04-19T16:26:00Z  439.423  12.700  -34.891  3.41524E-16  SWARM-A  14.122  12.586
2018-04-19T16:26:30Z  439.395  14.638  -34.922  3.40196E-16  SWARM-A  14.128  14.515
2018-04-19T16:27:00Z  439.406  16.575  -34.951  3.38435E-16  SWARM-A  14.135  16.444
2018-04-19T16:27:30Z  439.454  18.512  -34.978  3.36250E-16  SWARM-A  14.141  18.373
2018-04-19T16:28:00Z  439.538  20.449  -35.004  3.33648E-16  SWARM-A  14.148  20.303
2018-04-19T16:28:30Z  439.657  22.385  -35.026  3.30663E-16  SWARM-A  14.155  22.232
2018-04-19T16:29:00Z  439.809  24.320  -35.046  3.27328E-16  SWARM-A  14.162  24.162
2018-04-19T16:29:30Z  439.992  26.255  -35.063  3.23653E-16  SWARM-A  14.169  26.092
2018-04-19T16:30:00Z  440.204  28.190  -35.075  3.19653E-16  SWARM-A  14.177  28.022
2018-04-19T16:30:30Z  440.445  30.124  -35.084  3.15386E-16  SWARM-A  14.184  29.952
2018-04-19T16:31:00Z  440.710  32.057  -35.088  3.10901E-16  SWARM-A  14.192  31.882
2018-04-19T16:31:30Z  440.999  33.989  -35.087  3.06218E-16  SWARM-A  14.201  33.813
2018-04-19T16:32:00Z  441.309  35.921  -35.080  3.01457E-16  SWARM-A  14.210  35.743
2018-04-19T16:32:30Z  441.638  37.852  -35.067  2.96597E-16  SWARM-A  14.219  37.674
2018-04-19T16:33:00Z  441.983  39.782  -35.046  2.91767E-16  SWARM-A  14.229  39.605
2018-04-19T16:33:30Z  442.341  41.711  -35.016  2.87000E-16  SWARM-A  14.239  41.536
2018-04-19T16:34:00Z  442.712  43.639  -34.977  2.82200E-16  SWARM-A  14.250  43.467
2018-04-19T16:34:30Z  443.091  45.566  -34.928  2.77560E-16  SWARM-A  14.261  45.398
2018-04-19T16:35:00Z  443.476  47.492  -34.865  2.73167E-16  SWARM-A  14.274  47.329
2018-04-19T16:35:30Z  443.866  49.417  -34.789  2.68963E-16  SWARM-A  14.287  49.260
2018-04-19T16:36:00Z  444.257  51.342  -34.696  2.64978E-16  SWARM-A  14.302  51.191
2018-04-19T16:36:30Z  444.647  53.264  -34.585  2.61221E-16  SWARM-A  14.318  53.123
2018-04-19T16:37:00Z  445.033  55.186  -34.450  2.57684E-16  SWARM-A  14.335  55.054
2018-04-19T16:37:30Z  445.413  57.107  -34.290  2.54371E-16  SWARM-A  14.354  56.986
2018-04-19T16:38:00Z  445.785  59.026  -34.099  2.51282E-16  SWARM-A  14.375  58.918
2018-04-19T16:38:30Z  446.146  60.943  -33.870  2.48391E-16  SWARM-A  14.399  60.849
2018-04-19T16:39:00Z  446.495  62.859  -33.596  2.45680E-16  SWARM-A  14.425  62.781
2018-04-19T16:39:30Z  446.828  64.773  -33.267  2.43126E-16  SWARM-A  14.455  64.713
2018-04-19T16:40:00Z  447.145  66.685  -32.868  2.40695E-16  SWARM-A  14.490  66.645
2018-04-19T16:40:30Z  447.443  68.594  -32.381  2.38367E-16  SWARM-A  14.531  68.577
2018-04-19T16:41:00Z  447.720  70.500  -31.781  2.36100E-16  SWARM-A  14.579  70.509
2018-04-19T16:41:30Z  447.975  72.402  -31.031  2.33845E-16  SWARM-A  14.638  72.441
2018-04-19T16:42:00Z  448.207  74.299  -30.076  2.31572E-16  SWARM-A  14.710  74.373
2018-04-19T16:42:30Z  448.413  76.189  -28.834  2.29250E-16  SWARM-A  14.801  76.305
2018-04-19T16:43:00Z  448.593  78.069  -27.170  2.26812E-16  SWARM-A  14.920  78.238
2018-04-19T16:43:30Z  448.746  79.933  -24.851  2.24188E-16  SWARM-A  15.083  80.170
2018-04-19T16:44:00Z  448.870  81.771  -21.445  2.21410E-16  SWARM-A  15.319  82.102
2018-04-19T16:44:30Z  448.966  83.560  -16.062  2.18478E-16  SWARM-A  15.686  84.034
2018-04-19T16:45:00Z  449.031  85.246  -6.646  2.15391E-16  SWARM-A  16.322  85.967
2018-04-19T16:45:30Z  449.067  86.669  11.893  2.12188E-16  SWARM-A  17.566  87.899
2018-04-19T16:46:00Z  449.072  87.362  46.951  2.08869E-16  SWARM-A  19.912  89.831
2018-04-19T16:46:30Z  449.047  86.807  83.769  2.05240E-16  SWARM-A  22.375  91.764
2018-04-19T16:47:00Z  448.992  85.439  104.003  2.01336E-16  SWARM-A  23.732  93.696
2018-04-19T16:47:30Z  448.907  83.773  114.168  1.97301E-16  SWARM-A  0.418  95.628
2018-04-19T16:48:00Z  448.792  81.992  119.896  1.93187E-16  SWARM-A  0.808  97.561
2018-04-19T16:48:30Z  448.648  80.159  123.481  1.88980E-16  SWARM-A  1.055  99.493
2018-04-19T16:49:00Z  448.476  78.297  125.904  1.84695E-16  SWARM-A  1.225  101.425
2018-04-19T16:49:30Z  448.277  76.419  127.633  1.80328E-16  SWARM-A  1.349  103.358
2018-04-19T16:50:00Z  448.052  74.530  128.918  1.75847E-16  SWARM-A  1.443  105.290
2018-04-19T16:50:30Z  447.802  72.634  129.903  1.71289E-16  SWARM-A  1.517  107.222
2018-04-19T16:51:00Z  447.528  70.732  130.675  1.66671E-16  SWARM-A  1.577  109.154
2018-04-19T16:51:30Z  447.232  68.826  131.291  1.61953E-16  SWARM-A  1.626  111.086
2018-04-19T16:52:00Z  446.916  66.917  131.790  1.57184E-16  SWARM-A  1.668  113.019
2018-04-19T16:52:30Z  446.582  65.005  132.198  1.52333E-16  SWARM-A  1.703  114.951
2018-04-19T16:53:00Z  446.231  63.091  132.536  1.47455E-16  SWARM-A  1.734  116.883
2018-04-19T16:53:30Z  445.865  61.176  132.816  1.42512E-16  SWARM-A  1.761  118.815
2018-04-19T16:54:00Z  445.487  59.258  133.049  1.37644E-16  SWARM-A  1.785  120.747
2018-04-19T16:54:30Z  445.098  57.339  133.245  1.32802E-16  SWARM-A  1.806  122.678
2018-04-19T16:55:00Z  444.701  55.419  133.409  1.28098E-16  SWARM-A  1.826  124.610
2018-04-19T16:55:30Z  444.299  53.497  133.546  1.23491E-16  SWARM-A  1.843  126.542
2018-04-19T16:56:00Z  443.893  51.574  133.660  1.19062E-16  SWARM-A  1.859  128.474
2018-04-19T16:56:30Z  443.487  49.650  133.755  1.14914E-16  SWARM-A  1.874  130.405
2018-04-19T16:57:00Z  443.082  47.724  133.833  1.10874E-16  SWARM-A  1.887  132.337
2018-04-19T16:57:30Z  442.681  45.798  133.897  1.07036E-16  SWARM-A  1.900  134.268
2018-04-19T16:58:00Z  442.287  43.871  133.948  1.03433E-16  SWARM-A  1.912  136.200
2018-04-19T16:58:30Z  441.902  41.942  133.989  1.00049E-16  SWARM-A  1.923  138.131
2018-04-19T16:59:00Z  441.528  40.013  134.019  9.69297E-17  SWARM-A  1.933  140.062
2018-04-19T16:59:30Z  441.169  38.083  134.041  9.40173E-17  SWARM-A  1.943  141.993
2018-04-19T17:00:00Z  440.827  36.152  134.056  9.13620E-17  SWARM-A  1.952  143.924
2018-04-19T17:00:30Z  440.503  34.220  134.063  8.89477E-17  SWARM-A  1.961  145.855
2018-04-19T17:01:00Z  440.201  32.288  134.065  8.67888E-17  SWARM-A  1.969  147.785
2018-04-19T17:01:30Z  439.923  30.354  134.062  8.48647E-17  SWARM-A  1.977  149.716
2018-04-19T17:02:00Z  439.670  28.420  134.054  8.31851E-17  SWARM-A  1.985  151.647
2018-04-19T17:02:30Z  439.446  26.485  134.041  8.17508E-17  SWARM-A  1.993  153.577
2018-04-19T17:03:00Z  439.251  24.550  134.025  8.05125E-17  SWARM-A  2.000  155.507
2018-04-19T17:03:30Z  439.088  22.614  134.006  7.95130E-17  SWARM-A  2.007  157.437
2018-04-19T17:04:00Z  438.959  20.678  133.984  7.87009E-17  SWARM-A  2.014  159.367
2018-04-19T17:04:30Z  438.865  18.741  133.959  7.81183E-17  SWARM-A  2.021  161.297
2018-04-19T17:05:00Z  438.807  16.804  133.932  7.77323E-17  SWARM-A  2.027  163.226
2018-04-19T17:05:30Z  438.787  14.866  133.903  7.75056E-17  SWARM-A  2.033  165.156
2018-04-19T17:06:00Z  438.806  12.928  133.872  7.74546E-17  SWARM-A  2.040  167.085
2018-04-19T17:06:30Z  438.864  10.990  133.840  7.75597E-17  SWARM-A  2.046  169.014
2018-04-19T17:07:00Z  438.964  9.052  133.806  7.78400E-17  SWARM-A  2.052  170.943
2018-04-19T17:07:30Z  439.104  7.113  133.772  7.82866E-17  SWARM-A  2.058  172.872
2018-04-19T17:08:00Z  439.286  5.175  133.736  7.88744E-17  SWARM-A  2.064  174.801
2018-04-19T17:08:30Z  439.510  3.236  133.701  7.96339E-17  SWARM-A  2.070  176.730
2018-04-19T17:09:00Z  439.776  1.298  133.665  8.05141E-17  SWARM-A  2.076  178.658
2018-04-19T17:09:30Z  440.083  -0.640  133.628  8.15230E-17  SWARM-A  2.082  180.586
2018-04-19T17:10:00Z  440.432  -2.578  133.592  8.26646E-17  SWARM-A  2.088  182.514
2018-04-19T17:10:30Z  440.822  -4.516  133.556  8.39698E-17  SWARM-A  2.094  184.442
2018-04-19T17:11:00Z  441.252  -6.453  133.521  8.53707E-17  SWARM-A  2.100  186.369
2018-04-19T17:11:30Z  441.721  -8.390  133.486  8.69075E-17  SWARM-A  2.106  188.297
2018-04-19T17:12:00Z  442.228  -10.327  133.452  8.85208E-17  SWARM-A  2.112  190.224
2018-04-19T17:12:30Z  442.773  -12.263  133.419  9.02382E-17  SWARM-A  2.118  192.151
2018-04-19T17:13:00Z  443.352  -14.199  133.388  9.20574E-17  SWARM-A  2.124  194.078
2018-04-19T17:13:30Z  443.966  -16.134  133.358  9.39445E-17  SWARM-A  2.131  196.005
2018-04-19T17:14:00Z  444.612  -18.068  133.330  9.58986E-17  SWARM-A  2.137  197.931
2018-04-19T17:14:30Z  445.288  -20.001  133.304  9.78269E-17  SWARM-A  2.144  199.857
2018-04-19T17:15:00Z  445.992  -21.934  133.281  9.98456E-17  SWARM-A  2.150  201.784
2018-04-19T17:15:30Z  446.723  -23.866  133.260  1.01850E-16  SWARM-A  2.157  203.710
2018-04-19T17:16:00Z  447.477  -25.797  133.243  1.03839E-16  SWARM-A  2.165  205.635
2018-04-19T17:16:30Z  448.252  -27.727  133.229  1.05798E-16  SWARM-A  2.172  207.561
2018-04-19T17:17:00Z  449.047  -29.657  133.219  1.07714E-16  SWARM-A  2.180  209.486
2018-04-19T17:17:30Z  449.857  -31.585  133.214  1.09550E-16  SWARM-A  2.188  211.411
2018-04-19T17:18:00Z  450.681  -33.512  133.213  1.11326E-16  SWARM-A  2.196  213.336
2018-04-19T17:18:30Z  451.515  -35.438  133.218  1.13042E-16  SWARM-A  2.205  215.261
2018-04-19T17:19:00Z  452.357  -37.363  133.230  1.14609E-16  SWARM-A  2.214  217.186
2018-04-19T17:19:30Z  453.204  -39.287  133.248  1.16120E-16  SWARM-A  2.223  219.110
2018-04-19T17:20:00Z  454.052  -41.210  133.275  1.17520E-16  SWARM-A  2.233  221.035
2018-04-19T17:20:30Z  454.900  -43.131  133.311  1.18860E-16  SWARM-A  2.244  222.959
2018-04-19T17:21:00Z  455.743  -45.052  133.357  1.20088E-16  SWARM-A  2.255  224.883
2018-04-19T17:21:30Z  456.579  -46.971  133.415  1.21207E-16  SWARM-A  2.268  226.806
2018-04-19T17:22:00Z  457.404  -48.889  133.486  1.22293E-16  SWARM-A  2.281  228.730
2018-04-19T17:22:30Z  458.217  -50.805  133.574  1.23289E-16  SWARM-A  2.295  230.653
2018-04-19T17:23:00Z  459.013  -52.721  133.679  1.24189E-16  SWARM-A  2.310  232.577
2018-04-19T17:23:30Z  459.791  -54.634  133.805  1.25018E-16  SWARM-A  2.327  234.500
2018-04-19T17:24:00Z  460.546  -56.547  133.956  1.25788E-16  SWARM-A  2.345  236.423
2018-04-19T17:24:30Z  461.277  -58.457  134.137  1.26439E-16  SWARM-A  2.366  238.346
2018-04-19T17:25:00Z  461.980  -60.367  134.352  1.26976E-16  SWARM-A  2.388  240.269
2018-04-19T17:25:30Z  462.654  -62.274  134.610  1.27399E-16  SWARM-A  2.414  242.191
2018-04-19T17:26:00Z  463.296  -64.179  134.919  1.27729E-16  SWARM-A  2.443  244.114
2018-04-19T17:26:30Z  463.903  -66.082  135.292  1.27938E-16  SWARM-A  2.476  246.036
2018-04-19T17:27:00Z  464.473  -67.983  135.746  1.28002E-16  SWARM-A  2.515  247.959
2018-04-19T17:27:30Z  465.004  -69.881  136.303  1.27946E-16  SWARM-A  2.560  249.881
2018-04-19T17:28:00Z  465.495  -71.774  136.995  1.27775E-16  SWARM-A  2.615  251.803
2018-04-19T17:28:30Z  465.943  -73.664  137.869  1.27454E-16  SWARM-A  2.681  253.725
2018-04-19T17:29:00Z  466.347  -75.546  138.996  1.27003E-16  SWARM-A  2.765  255.647
2018-04-19T17:29:30Z  466.705  -77.420  140.488  1.26502E-16  SWARM-A  2.873  257.569
2018-04-19T17:30:00Z  467.016  -79.280  142.532  1.25948E-16  SWARM-A  3.017  259.491
2018-04-19T17:30:30Z  467.279  -81.119  145.467  1.25302E-16  SWARM-A  3.221  261.413
2018-04-19T17:31:00Z  467.493  -82.920  149.963  1.24672E-16  SWARM-A  3.529  263.335
2018-04-19T17:31:30Z  467.657  -84.644  157.495  1.24094E-16  SWARM-A  4.040  265.257
2018-04-19T17:32:00Z  467.771  -86.188  171.674  1.23616E-16  SWARM-A  4.993  267.178
2018-04-19T17:32:30Z  467.834  -87.232  -159.930  1.23297E-16  SWARM-A  6.895  269.100
2018-04-19T17:33:00Z  467.846  -87.156  -120.276  1.23186E-16  SWARM-A  9.547  271.022
2018-04-19T17:33:30Z  467.807  -86.025  -93.929  1.23108E-16  SWARM-A  11.311  272.943
2018-04-19T17:34:00Z  467.717  -84.450  -80.835  1.23118E-16  SWARM-A  12.193  274.865
2018-04-19T17:34:30Z  467.576  -82.713  -73.781  1.23279E-16  SWARM-A  12.671  276.787
2018-04-19T17:35:00Z  467.386  -80.907  -69.520  1.23608E-16  SWARM-A  12.964  278.709
2018-04-19T17:35:30Z  467.147  -79.065  -66.713  1.24096E-16  SWARM-A  13.159  280.630
2018-04-19T17:36:00Z  466.859  -77.203  -64.747  1.24772E-16  SWARM-A  13.299  282.552
2018-04-19T17:36:30Z  466.524  -75.328  -63.305  1.25625E-16  SWARM-A  13.403  284.474
2018-04-19T17:37:00Z  466.143  -73.445  -62.213  1.26676E-16  SWARM-A  13.484  286.396
2018-04-19T17:37:30Z  465.718  -71.555  -61.363  1.27858E-16  SWARM-A  13.549  288.318
2018-04-19T17:38:00Z  465.250  -69.661  -60.688  1.29161E-16  SWARM-A  13.603  290.240
2018-04-19T17:38:30Z  464.741  -67.763  -60.145  1.30607E-16  SWARM-A  13.647  292.162
2018-04-19T17:39:00Z  464.193  -65.863  -59.701  1.32165E-16  SWARM-A  13.685  294.084
2018-04-19T17:39:30Z  463.607  -63.959  -59.336  1.33845E-16  SWARM-A  13.718  296.006
2018-04-19T17:40:00Z  462.987  -62.054  -59.034  1.35604E-16  SWARM-A  13.746  297.929
2018-04-19T17:40:30Z  462.334  -60.147  -58.781  1.37481E-16  SWARM-A  13.771  299.851
2018-04-19T17:41:00Z  461.651  -58.238  -58.570  1.39406E-16  SWARM-A  13.794  301.774
2018-04-19T17:41:30Z  460.940  -56.327  -58.394  1.41406E-16  SWARM-A  13.814  303.696
2018-04-19T17:42:00Z  460.205  -54.415  -58.246  1.43462E-16  SWARM-A  13.832  305.619
2018-04-19T17:42:30Z  459.447  -52.501  -58.122  1.45571E-16  SWARM-A  13.849  307.542
2018-04-19T17:43:00Z  458.670  -50.586  -58.019  1.47780E-16  SWARM-A  13.864  309.465
2018-04-19T17:43:30Z  457.876  -48.669  -57.934  1.50081E-16  SWARM-A  13.878  311.388
2018-04-19T17:44:00Z  457.069  -46.752  -57.864  1.52481E-16  SWARM-A  13.891  313.312
2018-04-19T17:44:30Z  456.251  -44.833  -57.807  1.55029E-16  SWARM-A  13.903  315.235
2018-04-19T17:45:00Z  455.426  -42.913  -57.762  1.57659E-16  SWARM-A  13.914  317.159
2018-04-19T17:45:30Z  454.596  -40.991  -57.728  1.60491E-16  SWARM-A  13.925  319.083
2018-04-19T17:46:00Z  453.764  -39.069  -57.702  1.63528E-16  SWARM-A  13.935  321.007
2018-04-19T17:46:30Z  452.934  -37.145  -57.684  1.66767E-16  SWARM-A  13.944  322.931
2018-04-19T17:47:00Z  452.107  -35.220  -57.674  1.70248E-16  SWARM-A  13.953  324.855
2018-04-19T17:47:30Z  451.288  -33.294  -57.669  1.73936E-16  SWARM-A  13.962  326.779
2018-04-19T17:48:00Z  450.479  -31.368  -57.670  1.77770E-16  SWARM-A  13.970  328.704
2018-04-19T17:48:30Z  449.683  -29.440  -57.676  1.81850E-16  SWARM-A  13.978  330.629
2018-04-19T17:49:00Z  448.902  -27.511  -57.687  1.86119E-16  SWARM-A  13.986  332.554
2018-04-19T17:49:30Z  448.139  -25.581  -57.701  1.90590E-16  SWARM-A  13.993  334.479
2018-04-19T17:50:00Z  447.397  -23.650  -57.719  1.95235E-16  SWARM-A  14.000  336.404
2018-04-19T17:50:30Z  446.677  -21.718  -57.740  2.00092E-16  SWARM-A  14.007  338.330
2018-04-19T17:51:00Z  445.984  -19.786  -57.764  2.05079E-16  SWARM-A  14.014  340.255
2018-04-19T17:51:30Z  445.317  -17.853  -57.790  2.10207E-16  SWARM-A  14.021  342.181
2018-04-19T17:52:00Z  444.681  -15.919  -57.818  2.15412E-16  SWARM-A  14.027  344.107
2018-04-19T17:52:30Z  444.076  -13.984  -57.848  2.20721E-16  SWARM-A  14.034  346.034
2018-04-19T17:53:00Z  443.504  -12.049  -57.880  2.26020E-16  SWARM-A  14.040  347.960
2018-04-19T17:53:30Z  442.967  -10.114  -57.913  2.31313E-16  SWARM-A  14.046  349.887
2018-04-19T17:54:00Z  442.466  -8.177  -57.947  2.36567E-16  SWARM-A  14.052  351.813
2018-04-19T17:54:30Z  442.003  -6.241  -57.982  2.41754E-16  SWARM-A  14.058  353.740
2018-04-19T17:55:00Z  441.578  -4.304  -58.017  2.46840E-16  SWARM-A  14.064  355.668
2018-04-19T17:55:30Z  441.193  -2.366  -58.053  2.51785E-16  SWARM-A  14.070  357.595
2018-04-19T17:56:00Z  440.848  -0.429  -58.089  2.56532E-16  SWARM-A  14.076  359.523
2018-04-19T17:56:30Z  440.544  1.509  -58.125  2.61095E-16  SWARM-A  14.082  1.450
2018-04-19T17:57:00Z  440.281  3.447  -58.162  2.65368E-16  SWARM-A  14.088  3.378
2018-04-19T17:57:30Z  440.059  5.385  -58.197  2.69378E-16  SWARM-A  14.094  5.306
2018-04-19T17:58:00Z  439.878  7.323  -58.232  2.73103E-16  SWARM-A  14.100  7.234
2018-04-19T17:58:30Z  439.738  9.261  -58.267  2.76566E-16  SWARM-A  14.106  9.163
2018-04-19T17:59:00Z  439.638  11.198  -58.300  2.79761E-16  SWARM-A  14.112  11.091
2018-04-19T17:59:30Z  439.578  13.136  -58.332  2.82673E-16  SWARM-A  14.118  13.020
2018-04-19T18:00:00Z  439.558  15.073  -58.363  2.85197E-16  SWARM-A  14.124  14.949
2018-04-19T18:00:30Z  439.575  17.011  -58.392  2.87558E-16  SWARM-A  14.131  16.878
2018-04-19T18:01:00Z  439.630  18.947  -58.419  2.89552E-16  SWARM-A  14.137  18.807
2018-04-19T18:01:30Z  439.720  20.884  -58.443  2.91274E-16  SWARM-A  14.144  20.737
2018-04-19T18:02:00Z  439.845  22.820  -58.465  2.92630E-16  SWARM-A  14.151  22.666
2018-04-19T18:02:30Z  440.002  24.755  -58.484  2.93645E-16  SWARM-A  14.158  24.596
2018-04-19T18:03:00Z  440.190  26.690  -58.500  2.94271E-16  SWARM-A  14.165  26.525
2018-04-19T18:03:30Z  440.407  28.624  -58.512  2.94592E-16  SWARM-A  14.173  28.455
2018-04-19T18:04:00Z  440.651  30.558  -58.520  2.94523E-16  SWARM-A  14.180  30.385
2018-04-19T18:04:30Z  440.921  32.491  -58.522  2.94136E-16  SWARM-A  14.189  32.316
2018-04-19T18:05:00Z  441.213  34.423  -58.520  2.93420E-16  SWARM-A  14.197  34.246
2018-04-19T18:05:30Z  441.526  36.354  -58.512  2.92368E-16  SWARM-A  14.206  36.176
2018-04-19T18:06:00Z  441.857  38.285  -58.496  2.91028E-16  SWARM-A  14.215  38.107
2018-04-19T18:06:30Z  442.203  40.214  -58.474  2.89349E-16  SWARM-A  14.225  40.038
2018-04-19T18:07:00Z  442.564  42.143  -58.442  2.87403E-16  SWARM-A  14.236  41.968
2018-04-19T18:07:30Z  442.935  44.071  -58.401  2.85202E-16  SWARM-A  14.247  43.899
2018-04-19T18:08:00Z  443.314  45.998  -58.348  2.82836E-16  SWARM-A  14.259  45.830
2018-04-19T18:08:30Z  443.700  47.924  -58.283  2.80167E-16  SWARM-A  14.271  47.761
2018-04-19T18:09:00Z  444.089  49.849  -58.203  2.77388E-16  SWARM-A  14.285  49.693
2018-04-19T18:09:30Z  444.478  51.772  -58.107  2.74470E-16  SWARM-A  14.300  51.624
2018-04-19T18:10:00Z  444.866  53.695  -57.990  2.71426E-16  SWARM-A  14.316  53.555
2018-04-19T18:10:30Z  445.250  55.616  -57.850  2.68303E-16  SWARM-A  14.333  55.487
2018-04-19T18:11:00Z  445.628  57.536  -57.684  2.65120E-16  SWARM-A  14.353  57.418
2018-04-19T18:11:30Z  445.996  59.455  -57.484  2.61895E-16  SWARM-A  14.374  59.350
2018-04-19T18:12:00Z  446.354  61.372  -57.246  2.58592E-16  SWARM-A  14.399  61.282
2018-04-19T18:12:30Z  446.698  63.287  -56.961  2.55341E-16  SWARM-A  14.426  63.213
2018-04-19T18:13:00Z  447.027  65.201  -56.617  2.52071E-16  SWARM-A  14.457  65.145
2018-04-19T18:13:30Z  447.339  67.112  -56.200  2.48803E-16  SWARM-A  14.493  67.077
2018-04-19T18:14:00Z  447.632  69.020  -55.690  2.45545E-16  SWARM-A  14.536  69.009
2018-04-19T18:14:30Z  447.903  70.926  -55.060  2.42296E-16  SWARM-A  14.586  70.941
2018-04-19T18:15:00Z  448.152  72.827  -54.269  2.38985E-16  SWARM-A  14.647  72.873
2018-04-19T18:15:30Z  448.377  74.722  -53.258  2.35658E-16  SWARM-A  14.723  74.805
2018-04-19T18:16:00Z  448.576  76.610  -51.936  2.32279E-16  SWARM-A  14.819  76.737
2018-04-19T18:16:30Z  448.749  78.487  -50.149  2.28893E-16  SWARM-A  14.947  78.669
2018-04-19T18:17:00Z  448.894  80.346  -47.634  2.25512E-16  SWARM-A  15.123  80.602
2018-04-19T18:17:30Z  449.010  82.175  -43.888  2.22117E-16  SWARM-A  15.381  82.534
2018-04-19T18:18:00Z  449.097  83.948  -37.848  2.18747E-16  SWARM-A  15.792  84.466
2018-04-19T18:18:30Z  449.154  85.596  -26.997  2.15515E-16  SWARM-A  16.524  86.398
2018-04-19T18:19:00Z  449.181  86.912  -5.247  2.12415E-16  SWARM-A  17.982  88.330
2018-04-19T18:19:30Z  449.178  87.345  32.774  2.09449E-16  SWARM-A  20.525  90.263
2018-04-19T18:20:00Z  449.144  86.546  66.178  2.06415E-16  SWARM-A  22.760  92.195
2018-04-19T18:20:30Z  449.080  85.083  83.421  2.03419E-16  SWARM-A  23.918  94.127
2018-04-19T18:21:00Z  448.986  83.382  92.272  2.00576E-16  SWARM-A  0.517  96.059
2018-04-19T18:21:30Z  448.862  81.586  97.392  1.97834E-16  SWARM-A  0.866  97.992
2018-04-19T18:22:00Z  448.709  79.745  100.660  1.95356E-16  SWARM-A  1.092  99.924
2018-04-19T18:22:30Z  448.529  77.879  102.898  1.92985E-16  SWARM-A  1.250  101.856
2018-04-19T18:23:00Z  448.321  75.998  104.512  1.90741E-16  SWARM-A  1.366  103.788
2018-04-19T18:23:30Z  448.087  74.107  105.721  1.88633E-16  SWARM-A  1.455  105.721
2018-04-19T18:24:00Z  447.829  72.210  106.652  1.86596E-16  SWARM-A  1.525  107.653
2018-04-19T18:24:30Z  447.548  70.307  107.385  1.84634E-16  SWARM-A  1.583  109.585
2018-04-19T18:25:00Z  447.244  68.401  107.973  1.82717E-16  SWARM-A  1.630  111.517
2018-04-19T18:25:30Z  446.921  66.491  108.450  1.80822E-16  SWARM-A  1.670  113.449
2018-04-19T18:26:00Z  446.580  64.579  108.841  1.78904E-16  SWARM-A  1.705  115.381
2018-04-19T18:26:30Z  446.222  62.665  109.165  1.76957E-16  SWARM-A  1.734  117.313
2018-04-19T18:27:00Z  445.850  60.748  109.434  1.74980E-16  SWARM-A  1.761  119.245
2018-04-19T18:27:30Z  445.466  58.831  109.659  1.72925E-16  SWARM-A  1.784  121.177
2018-04-19T18:28:00Z  445.073  56.911  109.847  1.70791E-16  SWARM-A  1.805  123.109
2018-04-19T18:28:30Z  444.672  54.991  110.004  1.68581E-16  SWARM-A  1.824  125.041
2018-04-19T18:29:00Z  444.266  53.069  110.136  1.66272E-16  SWARM-A  1.841  126.972
2018-04-19T18:29:30Z  443.857  51.145  110.246  1.63885E-16  SWARM-A  1.857  128.904
2018-04-19T18:30:00Z  443.448  49.221  110.337  1.61313E-16  SWARM-A  1.871  130.835
2018-04-19T18:30:30Z  443.042  47.296  110.412  1.58718E-16  SWARM-A  1.884  132.767
2018-04-19T18:31:00Z  442.640  45.369  110.473  1.55974E-16  SWARM-A  1.897  134.698
2018-04-19T18:31:30Z  442.246  43.441  110.522  1.53048E-16  SWARM-A  1.908  136.630
2018-04-19T18:32:00Z  441.861  41.513  110.560  1.50008E-16  SWARM-A  1.919  138.561
2018-04-19T18:32:30Z  441.489  39.584  110.588  1.46813E-16  SWARM-A  1.929  140.492
2018-04-19T18:33:00Z  441.132  37.653  110.609  1.43513E-16  SWARM-A  1.939  142.423
2018-04-19T18:33:30Z  440.792  35.722  110.622  1.40019E-16  SWARM-A  1.948  144.354
2018-04-19T18:34:00Z  440.472  33.790  110.628  1.36400E-16  SWARM-A  1.957  146.284
2018-04-19T18:34:30Z  440.174  31.857  110.629  1.32664E-16  SWARM-A  1.965  148.215
2018-04-19T18:35:00Z  439.900  29.924  110.624  1.28763E-16  SWARM-A  1.973  150.146
2018-04-19T18:35:30Z  439.653  27.990  110.615  1.24746E-16  SWARM-A  1.981  152.076
2018-04-19T18:36:00Z  439.434  26.055  110.602  1.20590E-16  SWARM-A  1.989  154.006
2018-04-19T18:36:30Z  439.246  24.119  110.585  1.16343E-16  SWARM-A  1.996  155.936
2018-04-19T18:37:00Z  439.090  22.183  110.565  1.11980E-16  SWARM-A  2.003  157.866
2018-04-19T18:37:30Z  438.968  20.247  110.543  1.07564E-16  SWARM-A  2.010  159.796
2018-04-19T18:38:00Z  438.881  18.310  110.517  1.03083E-16  SWARM-A  2.016  161.726
2018-04-19T18:38:30Z  438.831  16.373  110.490  9.85396E-17  SWARM-A  2.023  163.656
2018-04-19T18:39:00Z  438.820  14.435  110.460  9.40382E-17  SWARM-A  2.029  165.585
2018-04-19T18:39:30Z  438.847  12.497  110.429  8.94948E-17  SWARM-A  2.035  167.514
2018-04-19T18:40:00Z  438.915  10.559  110.397  8.50566E-17  SWARM-A  2.042  169.443
2018-04-19T18:40:30Z  439.023  8.621  110.363  8.06628E-17  SWARM-A  2.048  171.372
2018-04-19T18:41:00Z  439.173  6.682  110.329  7.63990E-17  SWARM-A  2.054  173.301
2018-04-19T18:41:30Z  439.365  4.744  110.293  7.22562E-17  SWARM-A  2.060  175.230
2018-04-19T18:42:00Z  439.598  2.805  110.258  6.82518E-17  SWARM-A  2.066  177.158
2018-04-19T18:42:30Z  439.873  0.867  110.221  6.44240E-17  SWARM-A  2.072  179.087
2018-04-19T18:43:00Z  440.190  -1.071  110.185  6.08299E-17  SWARM-A  2.078  181.015
2018-04-19T18:43:30Z  440.548  -3.009  110.149  5.74142E-17  SWARM-A  2.083  182.943
2018-04-19T18:44:00Z  440.947  -4.947  110.114  5.42328E-17  SWARM-A  2.089  184.870
2018-04-19T18:44:30Z  441.386  -6.884  110.078  5.13464E-17  SWARM-A  2.095  186.798
2018-04-19T18:45:00Z  441.864  -8.821  110.044  4.87304E-17  SWARM-A  2.101  188.725
2018-04-19T18:45:30Z  442.379  -10.757  110.010  4.63578E-17  SWARM-A  2.108  190.652
2018-04-19T18:46:00Z  442.932  -12.693  109.978  4.43571E-17  SWARM-A  2.114  192.579
2018-04-19T18:46:30Z  443.519  -14.629  109.947  4.27067E-17  SWARM-A  2.120  194.506
2018-04-19T18:47:00Z  444.141  -16.563  109.917  4.14706E-17  SWARM-A  2.126  196.433
2018-04-19T18:47:30Z  444.794  -18.498  109.890  4.03225E-17  SWARM-A  2.133  198.359
2018-04-19T18:48:00Z  445.477  -20.431  109.865  3.94921E-17  SWARM-A  2.140  200.285
2018-04-19T18:48:30Z  446.188  -22.363  109.842  3.89402E-17  SWARM-A  2.146  202.211
2018-04-19T18:49:00Z  446.925  -24.295  109.822  3.86483E-17  SWARM-A  2.153  204.137
2018-04-19T18:49:30Z  447.685  -26.226  109.806  3.86241E-17  SWARM-A  2.161  206.063
2018-04-19T18:50:00Z  448.466  -28.156  109.792  3.88241E-17  SWARM-A  2.168  207.988
2018-04-19T18:50:30Z  449.265  -30.085  109.784  3.92438E-17  SWARM-A  2.176  209.914
2018-04-19T18:51:00Z  450.080  -32.013  109.779  3.98938E-17  SWARM-A  2.184  211.839
2018-04-19T18:51:30Z  450.907  -33.940  109.780  4.07299E-17  SWARM-A  2.192  213.764
2018-04-19T18:52:00Z  451.745  -35.866  109.787  4.17123E-17  SWARM-A  2.201  215.688
2018-04-19T18:52:30Z  452.589  -37.790  109.800  4.29353E-17  SWARM-A  2.210  217.613
2018-04-19T18:53:00Z  453.438  -39.714  109.820  4.42701E-17  SWARM-A  2.220  219.537
2018-04-19T18:53:30Z  454.288  -41.636  109.849  4.57825E-17  SWARM-A  2.230  221.462
2018-04-19T18:54:00Z  455.135  -43.558  109.887  4.74420E-17  SWARM-A  2.241  223.386
2018-04-19T18:54:30Z  455.978  -45.478  109.936  4.92466E-17  SWARM-A  2.253  225.310
2018-04-19T18:55:00Z  456.813  -47.397  109.997  5.11669E-17  SWARM-A  2.265  227.233
2018-04-19T18:55:30Z  457.637  -49.314  110.072  5.31943E-17  SWARM-A  2.278  229.157
2018-04-19T18:56:00Z  458.448  -51.230  110.163  5.53302E-17  SWARM-A  2.293  231.080
2018-04-19T18:56:30Z  459.241  -53.145  110.273  5.75508E-17  SWARM-A  2.308  233.004
2018-04-19T18:57:00Z  460.014  -55.059  110.404  5.98519E-17  SWARM-A  2.326  234.927
2018-04-19T18:57:30Z  460.766  -56.971  110.562  6.22051E-17  SWARM-A  2.344  236.850
2018-04-19T18:58:00Z  461.491  -58.881  110.750  6.45893E-17  SWARM-A  2.365  238.773
2018-04-19T18:58:30Z  462.189  -60.790  110.974  6.69756E-17  SWARM-A  2.388  240.695
2018-04-19T18:59:00Z  462.857  -62.697  111.242  6.93706E-17  SWARM-A  2.415  242.618
2018-04-19T18:59:30Z  463.491  -64.602  111.565  7.17410E-17  SWARM-A  2.445  244.540
2018-04-19T19:00:00Z  464.091  -66.504  111.955  7.41070E-17  SWARM-A  2.479  246.463
2018-04-19T19:00:30Z  464.653  -68.404  112.429  7.64262E-17  SWARM-A  2.519  248.385
2018-04-19T19:01:00Z  465.176  -70.301  113.014  7.86990E-17  SWARM-A  2.566  250.307
2018-04-19T19:01:30Z  465.657  -72.194  113.742  8.09142E-17  SWARM-A  2.623  252.230
2018-04-19T19:02:00Z  466.095  -74.081  114.666  8.30992E-17  SWARM-A  2.693  254.152
2018-04-19T19:02:30Z  466.489  -75.962  115.863  8.52992E-17  SWARM-A  2.781  256.074
2018-04-19T19:03:00Z  466.837  -77.833  117.458  8.74804E-17  SWARM-A  2.896  257.995
2018-04-19T19:03:30Z  467.137  -79.690  119.664  8.97043E-17  SWARM-A  3.051  259.917
2018-04-19T19:04:00Z  467.389  -81.522  122.872  9.19407E-17  SWARM-A  3.273  261.839
2018-04-19T19:04:30Z  467.591  -83.310  127.872  9.42097E-17  SWARM-A  3.615  263.761
2018-04-19T19:05:00Z  467.744  -85.007  136.449  9.66451E-17  SWARM-A  4.195  265.683
2018-04-19T19:05:30Z  467.846  -86.481  153.010  9.92311E-17  SWARM-A  5.308  267.604
2018-04-19T19:06:00Z  467.897  -87.329  -174.696  1.02034E-16  SWARM-A  7.469  269.526
2018-04-19T19:06:30Z  467.897  -86.971  -136.303  1.05066E-16  SWARM-A  10.037  271.448
2018-04-19T19:07:00Z  467.846  -85.698  -113.661  1.08272E-16  SWARM-A  11.555  273.369
2018-04-19T19:07:30Z  467.744  -84.074  -102.363  1.11636E-16  SWARM-A  12.316  275.291
2018-04-19T19:08:00Z  467.592  -82.317  -96.108  1.15263E-16  SWARM-A  12.741  277.213
2018-04-19T19:08:30Z  467.390  -80.501  -92.246  1.19148E-16  SWARM-A  13.007  279.134
2018-04-19T19:09:00Z  467.139  -78.653  -89.662  1.23316E-16  SWARM-A  13.188  281.056
2018-04-19T19:09:30Z  466.840  -76.788  -87.832  1.27794E-16  SWARM-A  13.318  282.978
2018-04-19T19:10:00Z  466.494  -74.911  -86.479  1.32567E-16  SWARM-A  13.417  284.900
2018-04-19T19:10:30Z  466.102  -73.026  -85.447  1.37648E-16  SWARM-A  13.494  286.822
2018-04-19T19:11:00Z  465.667  -71.136  -84.640  1.42942E-16  SWARM-A  13.556  288.744
2018-04-19T19:11:30Z  465.189  -69.241  -83.997  1.48492E-16  SWARM-A  13.607  290.666
2018-04-19T19:12:00Z  464.670  -67.342  -83.478  1.54176E-16  SWARM-A  13.650  292.588
2018-04-19T19:12:30Z  464.113  -65.441  -83.053  1.59962E-16  SWARM-A  13.687  294.510
2018-04-19T19:13:00Z  463.519  -63.537  -82.703  1.65785E-16  SWARM-A  13.718  296.432
2018-04-19T19:13:30Z  462.890  -61.632  -82.412  1.71570E-16  SWARM-A  13.746  298.354
2018-04-19T19:14:00Z  462.230  -59.724  -82.169  1.77189E-16  SWARM-A  13.771  300.277
2018-04-19T19:14:30Z  461.540  -57.814  -81.966  1.82629E-16  SWARM-A  13.793  302.199
2018-04-19T19:15:00Z  460.824  -55.903  -81.796  1.87790E-16  SWARM-A  13.812  304.122
2018-04-19T19:15:30Z  460.083  -53.991  -81.653  1.92704E-16  SWARM-A  13.830  306.045
2018-04-19T19:16:00Z  459.320  -52.077  -81.534  1.97322E-16  SWARM-A  13.846  307.968
2018-04-19T19:16:30Z  458.539  -50.162  -81.435  2.01626E-16  SWARM-A  13.861  309.891
2018-04-19T19:17:00Z  457.742  -48.245  -81.354  2.05609E-16  SWARM-A  13.875  311.814
2018-04-19T19:17:30Z  456.932  -46.327  -81.287  2.09383E-16  SWARM-A  13.888  313.737
2018-04-19T19:18:00Z  456.112  -44.408  -81.233  2.12914E-16  SWARM-A  13.900  315.661
2018-04-19T19:18:30Z  455.285  -42.487  -81.190  2.16274E-16  SWARM-A  13.911  317.585
2018-04-19T19:19:00Z  454.453  -40.566  -81.157  2.19473E-16  SWARM-A  13.921  319.508
2018-04-19T19:19:30Z  453.621  -38.643  -81.133  2.22564E-16  SWARM-A  13.931  321.432
2018-04-19T19:20:00Z  452.791  -36.719  -81.117  2.25557E-16  SWARM-A  13.941  323.357
2018-04-19T19:20:30Z  451.966  -34.794  -81.108  2.28519E-16  SWARM-A  13.950  325.281
2018-04-19T19:21:00Z  451.148  -32.868  -81.105  2.31427E-16  SWARM-A  13.958  327.205
2018-04-19T19:21:30Z  450.341  -30.941  -81.107  2.34350E-16  SWARM-A  13.967  329.130
2018-04-19T19:22:00Z  449.548  -29.013  -81.114  2.37289E-16  SWARM-A  13.974  331.055
2018-04-19T19:22:30Z  448.770  -27.084  -81.125  2.40255E-16  SWARM-A  13.982  332.980
2018-04-19T19:23:00Z  448.012  -25.154  -81.140  2.43299E-16  SWARM-A  13.989  334.905
2018-04-19T19:23:30Z  447.274  -23.223  -81.159  2.46424E-16  SWARM-A  13.996  336.830
2018-04-19T19:24:00Z  446.560  -21.291  -81.180  2.49742E-16  SWARM-A  14.003  338.756
2018-04-19T19:24:30Z  445.872  -19.358  -81.204  2.53186E-16  SWARM-A  14.010  340.681
2018-04-19T19:25:00Z  445.212  -17.425  -81.231  2.56720E-16  SWARM-A  14.017  342.607
2018-04-19T19:25:30Z  444.582  -15.491  -81.259  2.60360E-16  SWARM-A  14.023  344.533
2018-04-19T19:26:00Z  443.985  -13.556  -81.290  2.64076E-16  SWARM-A  14.029  346.460
2018-04-19T19:26:30Z  443.420  -11.621  -81.321  2.67931E-16  SWARM-A  14.036  348.386
2018-04-19T19:27:00Z  442.891  -9.685  -81.355  2.71868E-16  SWARM-A  14.042  350.313
2018-04-19T19:27:30Z  442.399  -7.749  -81.389  2.75826E-16  SWARM-A  14.048  352.240
2018-04-19T19:28:00Z  441.944  -5.812  -81.424  2.79848E-16  SWARM-A  14.054  354.167
2018-04-19T19:28:30Z  441.528  -3.875  -81.459  2.83880E-16  SWARM-A  14.060  356.094
2018-04-19T19:29:00Z  441.152  -1.938  -81.495  2.87893E-16  SWARM-A  14.066  358.021
2018-04-19T19:29:30Z  440.816  -0.000  -81.531  2.91871E-16  SWARM-A  14.072  359.949
2018-04-19T19:30:00Z  440.520  1.937  -81.567  2.95760E-16  SWARM-A  14.077  1.877
2018-04-19T19:30:30Z  440.265  3.875  -81.603  2.99599E-16  SWARM-A  14.083  3.804
2018-04-19T19:31:00Z  440.052  5.813  -81.639  3.03216E-16  SWARM-A  14.089  5.732
2018-04-19T19:31:30Z  439.879  7.751  -81.674  3.06568E-16  SWARM-A  14.095  7.661
2018-04-19T19:32:00Z  439.747  9.689  -81.708  3.09770E-16  SWARM-A  14.101  9.589
2018-04-19T19:32:30Z  439.655  11.627  -81.741  3.12790E-16  SWARM-A  14.108  11.518
2018-04-19T19:33:00Z  439.603  13.564  -81.772  3.15561E-16  SWARM-A  14.114  13.447
2018-04-19T19:33:30Z  439.589  15.502  -81.803  3.18105E-16  SWARM-A  14.120  15.375
2018-04-19T19:34:00Z  439.613  17.439  -81.831  3.20352E-16  SWARM-A  14.127  17.305
2018-04-19T19:34:30Z  439.673  19.376  -81.857  3.22285E-16  SWARM-A  14.133  19.234
2018-04-19T19:35:00Z  439.769  21.312  -81.881  3.23871E-16  SWARM-A  14.140  21.163
2018-04-19T19:35:30Z  439.898  23.248  -81.902  3.25110E-16  SWARM-A  14.147  23.093
2018-04-19T19:36:00Z  440.060  25.183  -81.921  3.25955E-16  SWARM-A  14.154  25.022
2018-04-19T19:36:30Z  440.252  27.117  -81.935  3.26324E-16  SWARM-A  14.161  26.952
2018-04-19T19:37:00Z  440.472  29.052  -81.946  3.26241E-16  SWARM-A  14.169  28.882
2018-04-19T19:37:30Z  440.719  30.985  -81.953  3.25646E-16  SWARM-A  14.177  30.812
2018-04-19T19:38:00Z  440.991  32.918  -81.955  3.24539E-16  SWARM-A  14.185  32.742
2018-04-19T19:38:30Z  441.285  34.850  -81.951  3.22912E-16  SWARM-A  14.194  34.673
2018-04-19T19:39:00Z  441.599  36.781  -81.941  3.20859E-16  SWARM-A  14.203  36.603
2018-04-19T19:39:30Z  441.931  38.711  -81.924  3.18241E-16  SWARM-A  14.212  38.534
2018-04-19T19:40:00Z  442.278  40.641  -81.899  3.15106E-16  SWARM-A  14.222  40.465
2018-04-19T19:40:30Z  442.638  42.569  -81.865  3.11515E-16  SWARM-A  14.233  42.395
2018-04-19T19:41:00Z  443.008  44.497  -81.822  3.07476E-16  SWARM-A  14.244  44.326
2018-04-19T19:41:30Z  443.387  46.424  -81.766  3.03024E-16  SWARM-A  14.256  46.257
2018-04-19T19:42:00Z  443.771  48.349  -81.698  2.98205E-16  SWARM-A  14.269  48.188
2018-04-19T19:42:30Z  444.157  50.274  -81.614  2.93041E-16  SWARM-A  14.283  50.120
2018-04-19T19:43:00Z  444.544  52.197  -81.513  2.87567E-16  SWARM-A  14.298  52.051
2018-04-19T19:43:30Z  444.930  54.120  -81.391  2.81827E-16  SWARM-A  14.314  53.982
2018-04-19T19:44:00Z  445.310  56.041  -81.246  2.75858E-16  SWARM-A  14.332  55.914
2018-04-19T19:44:30Z  445.684  57.960  -81.072  2.69785E-16  SWARM-A  14.352  57.845
2018-04-19T19:45:00Z  446.049  59.879  -80.865  2.63492E-16  SWARM-A  14.374  59.777
2018-04-19T19:45:30Z  446.403  61.795  -80.616  2.57067E-16  SWARM-A  14.399  61.709
2018-04-19T19:46:00Z  446.743  63.710  -80.319  2.50626E-16  SWARM-A  14.427  63.641
2018-04-19T19:46:30Z  447.068  65.623  -79.960  2.44138E-16  SWARM-A  14.460  65.572
2018-04-19T19:47:00Z  447.375  67.534  -79.524  2.37672E-16  SWARM-A  14.497  67.504
2018-04-19T19:47:30Z  447.663  69.442  -78.989  2.31169E-16  SWARM-A  14.541  69.436
2018-04-19T19:48:00Z  447.930  71.346  -78.327  2.24629E-16  SWARM-A  14.594  71.368
2018-04-19T19:48:30Z  448.174  73.246  -77.493  2.18113E-16  SWARM-A  14.658  73.300
2018-04-19T19:49:00Z  448.394  75.140  -76.421  2.11641E-16  SWARM-A  14.737  75.232
2018-04-19T19:49:30Z  448.588  77.026  -75.011  2.05239E-16  SWARM-A  14.840  77.165
2018-04-19T19:50:00Z  448.755  78.899  -73.090  1.98904E-16  SWARM-A  14.976  79.097
2018-04-19T19:50:30Z  448.895  80.753  -70.356  1.92698E-16  SWARM-A  15.167  81.029
2018-04-19T19:51:00Z  449.006  82.573  -66.221  1.86580E-16  SWARM-A  15.451  82.961
2018-04-19T19:51:30Z  449.088  84.326  -59.412  1.80645E-16  SWARM-A  15.913  84.893
2018-04-19T19:52:00Z  449.140  85.927  -46.846  1.74962E-16  SWARM-A  16.759  86.826
2018-04-19T19:52:30Z  449.161  87.108  -21.475  1.69546E-16  SWARM-A  18.459  88.758
2018-04-19T19:53:00Z  449.153  87.260  18.170  1.64286E-16  SWARM-A  21.110  90.690
2018-04-19T19:53:30Z  449.113  86.256  47.669  1.59178E-16  SWARM-A  23.085  92.622
2018-04-19T19:54:00Z  449.044  84.718  62.416  1.54386E-16  SWARM-A  0.076  94.555
2018-04-19T19:54:30Z  448.945  82.989  70.183  1.49925E-16  SWARM-A  0.603  96.487
2018-04-19T19:55:00Z  448.816  81.181  74.788  1.45758E-16  SWARM-A  0.918  98.419
2018-04-19T19:55:30Z  448.659  79.333  77.780  1.41950E-16  SWARM-A  1.126  100.352
2018-04-19T19:56:00Z  448.474  77.463  79.856  1.38452E-16  SWARM-A  1.272  102.284
2018-04-19T19:56:30Z  448.262  75.580  81.367  1.35304E-16  SWARM-A  1.382  104.216
2018-04-19T19:57:00Z  448.025  73.688  82.506  1.32498E-16  SWARM-A  1.466  106.148
2018-04-19T19:57:30Z  447.763  71.789  83.389  1.29974E-16  SWARM-A  1.533  108.080
2018-04-19T19:58:00Z  447.479  69.885  84.087  1.27761E-16  SWARM-A  1.588  110.013
2018-04-19T19:58:30Z  447.173  67.978  84.648  1.25814E-16  SWARM-A  1.634  111.945
2018-04-19T19:59:00Z  446.847  66.068  85.105  1.24136E-16  SWARM-A  1.672  113.877
2018-04-19T19:59:30Z  446.504  64.155  85.480  1.22582E-16  SWARM-A  1.706  115.809
2018-04-19T20:00:00Z  446.145  62.240  85.791  1.21257E-16  SWARM-A  1.735  117.741
2018-04-19T20:00:30Z  445.773  60.324  86.050  1.20111E-16  SWARM-A  1.760  119.673
2018-04-19T20:01:00Z  445.389  58.406  86.266  1.19151E-16  SWARM-A  1.783  121.605
2018-04-19T20:01:30Z  444.996  56.486  86.447  1.18309E-16  SWARM-A  1.804  123.536
2018-04-19T20:02:00Z  444.596  54.565  86.599  1.17601E-16  SWARM-A  1.822  125.468
2018-04-19T20:02:30Z  444.191  52.643  86.726  1.16981E-16  SWARM-A  1.839  127.400
2018-04-19T20:03:00Z  443.784  50.719  86.831  1.16418E-16  SWARM-A  1.854  129.331
2018-04-19T20:03:30Z  443.378  48.795  86.919  1.15892E-16  SWARM-A  1.868  131.263
2018-04-19T20:04:00Z  442.974  46.869  86.991  1.15341E-16  SWARM-A  1.881  133.194
2018-04-19T20:04:30Z  442.576  44.942  87.049  1.14864E-16  SWARM-A  1.894  135.126
2018-04-19T20:05:00Z  442.186  43.015  87.095  1.14368E-16  SWARM-A  1.905  137.057
2018-04-19T20:05:30Z  441.807  41.086  87.131  1.13851E-16  SWARM-A  1.916  138.988
2018-04-19T20:06:00Z  441.440  39.156  87.158  1.13294E-16  SWARM-A  1.926  140.919
2018-04-19T20:06:30Z  441.090  37.226  87.177  1.12733E-16  SWARM-A  1.936  142.850
2018-04-19T20:07:00Z  440.757  35.295  87.188  1.12118E-16  SWARM-A  1.945  144.781
2018-04-19T20:07:30Z  440.444  33.362  87.193  1.11464E-16  SWARM-A  1.953  146.712
2018-04-19T20:08:00Z  440.153  31.430  87.193  1.10794E-16  SWARM-A  1.962  148.642
2018-04-19T20:08:30Z  439.887  29.496  87.187  1.10137E-16  SWARM-A  1.970  150.573
2018-04-19T20:09:00Z  439.648  27.562  87.178  1.09421E-16  SWARM-A  1.977  152.503
2018-04-19T20:09:30Z  439.438  25.627  87.164  1.08634E-16  SWARM-A  1.985  154.433
2018-04-19T20:10:00Z  439.259  23.691  87.146  1.07811E-16  SWARM-A  1.992  156.363
2018-04-19T20:10:30Z  439.112  21.755  87.126  1.06899E-16  SWARM-A  1.999  158.293
2018-04-19T20:11:00Z  439.000  19.819  87.102  1.05900E-16  SWARM-A  2.006  160.223
2018-04-19T20:11:30Z  438.923  17.882  87.077  1.04786E-16  SWARM-A  2.012  162.153
2018-04-19T20:12:00Z  438.884  15.944  87.049  1.03581E-16  SWARM-A  2.019  164.082
2018-04-19T20:12:30Z  438.883  14.007  87.019  1.02224E-16  SWARM-A  2.025  166.012
2018-04-19T20:13:00Z  438.921  12.069  86.988  1.00818E-16  SWARM-A  2.031  167.941
2018-04-19T20:13:30Z  439.000  10.131  86.955  9.92517E-17  SWARM-A  2.037  169.870
2018-04-19T20:14:00Z  439.121  8.192  86.921  9.75819E-17  SWARM-A  2.043  171.799
2018-04-19T20:14:30Z  439.282  6.254  86.886  9.58751E-17  SWARM-A  2.050  173.727
2018-04-19T20:15:00Z  439.486  4.316  86.851  9.40806E-17  SWARM-A  2.056  175.656
2018-04-19T20:15:30Z  439.732  2.377  86.815  9.22243E-17  SWARM-A  2.061  177.584
2018-04-19T20:16:00Z  440.020  0.439  86.779  9.03380E-17  SWARM-A  2.067  179.512
2018-04-19T20:16:30Z  440.350  -1.499  86.743  8.84177E-17  SWARM-A  2.073  181.440
2018-04-19T20:17:00Z  440.721  -3.437  86.707  8.64649E-17  SWARM-A  2.079  183.368
2018-04-19T20:17:30Z  441.133  -5.374  86.672  8.45425E-17  SWARM-A  2.085  185.296
2018-04-19T20:18:00Z  441.585  -7.311  86.637  8.26225E-17  SWARM-A  2.091  187.223
2018-04-19T20:18:30Z  442.076  -9.248  86.602  8.07462E-17  SWARM-A  2.097  189.150
2018-04-19T20:19:00Z  442.604  -11.185  86.569  7.89400E-17  SWARM-A  2.103  191.077
2018-04-19T20:19:30Z  443.170  -13.120  86.537  7.72354E-17  SWARM-A  2.110  193.004
2018-04-19T20:20:00Z  443.770  -15.055  86.506  7.56135E-17  SWARM-A  2.116  194.931
2018-04-19T20:20:30Z  444.403  -16.990  86.477  7.41086E-17  SWARM-A  2.122  196.858
2018-04-19T20:21:00Z  445.068  -18.924  86.450  7.26945E-17  SWARM-A  2.129  198.784
2018-04-19T20:21:30Z  445.762  -20.857  86.426  7.14551E-17  SWARM-A  2.135  200.710
2018-04-19T20:22:00Z  446.484  -22.789  86.404  7.04472E-17  SWARM-A  2.142  202.636
2018-04-19T20:22:30Z  447.230  -24.721  86.385  6.94925E-17  SWARM-A  2.149  204.562
2018-04-19T20:23:00Z  447.999  -26.651  86.369  6.87275E-17  SWARM-A  2.157  206.487
2018-04-19T20:23:30Z  448.788  -28.581  86.357  6.80998E-17  SWARM-A  2.164  208.413
2018-04-19T20:24:00Z  449.595  -30.509  86.349  6.76335E-17  SWARM-A  2.172  210.338
2018-04-19T20:24:30Z  450.416  -32.437  86.345  6.73805E-17  SWARM-A  2.180  212.263
2018-04-19T20:25:00Z  451.249  -34.364  86.348  6.73290E-17  SWARM-A  2.189  214.187
2018-04-19T20:25:30Z  452.091  -36.289  86.356  6.74603E-17  SWARM-A  2.197  216.112
2018-04-19T20:26:00Z  452.939  -38.214  86.370  6.78003E-17  SWARM-A  2.207  218.037
2018-04-19T20:26:30Z  453.790  -40.137  86.392  6.83633E-17  SWARM-A  2.217  219.961
2018-04-19T20:27:00Z  454.641  -42.059  86.423  6.90636E-17  SWARM-A  2.227  221.885
2018-04-19T20:27:30Z  455.490  -43.980  86.464  6.99618E-17  SWARM-A  2.238  223.809
2018-04-19T20:28:00Z  456.333  -45.900  86.515  7.10903E-17  SWARM-A  2.250  225.733
2018-04-19T20:28:30Z  457.166  -47.818  86.579  7.23230E-17  SWARM-A  2.262  227.656
2018-04-19T20:29:00Z  457.988  -49.735  86.657  7.37195E-17  SWARM-A  2.276  229.580
2018-04-19T20:29:30Z  458.795  -51.651  86.752  7.52570E-17  SWARM-A  2.291  231.503
2018-04-19T20:30:00Z  459.585  -53.566  86.867  7.69039E-17  SWARM-A  2.307  233.426
2018-04-19T20:30:30Z  460.353  -55.479  87.004  7.86616E-17  SWARM-A  2.324  235.349
2018-04-19T20:31:00Z  461.098  -57.390  87.168  8.04845E-17  SWARM-A  2.343  237.272
2018-04-19T20:31:30Z  461.818  -59.300  87.363  8.23653E-17  SWARM-A  2.365  239.195
2018-04-19T20:32:00Z  462.508  -61.208  87.596  8.42835E-17  SWARM-A  2.389  241.117
2018-04-19T20:32:30Z  463.167  -63.115  87.876  8.61978E-17  SWARM-A  2.416  243.040
2018-04-19T20:33:00Z  463.793  -65.019  88.212  8.80954E-17  SWARM-A  2.446  244.962
2018-04-19T20:33:30Z  464.383  -66.921  88.619  8.99625E-17  SWARM-A  2.482  246.885
2018-04-19T20:34:00Z  464.934  -68.820  89.115  9.17763E-17  SWARM-A  2.523  248.807
2018-04-19T20:34:30Z  465.446  -70.716  89.728  9.35098E-17  SWARM-A  2.572  250.729
2018-04-19T20:35:00Z  465.915  -72.608  90.495  9.51798E-17  SWARM-A  2.632  252.651
2018-04-19T20:35:30Z  466.341  -74.494  91.471  9.67620E-17  SWARM-A  2.705  254.573
2018-04-19T20:36:00Z  466.722  -76.373  92.742  9.82320E-17  SWARM-A  2.798  256.495
2018-04-19T20:36:30Z  467.056  -78.241  94.450  9.96457E-17  SWARM-A  2.920  258.417
2018-04-19T20:37:00Z  467.342  -80.093  96.834  1.00966E-16  SWARM-A  3.088  260.338
2018-04-19T20:37:30Z  467.579  -81.918  100.346  1.02210E-16  SWARM-A  3.330  262.260
2018-04-19T20:38:00Z  467.766  -83.692  105.922  1.03421E-16  SWARM-A  3.710  264.182
2018-04-19T20:38:30Z  467.904  -85.357  115.731  1.04567E-16  SWARM-A  4.373  266.103
2018-04-19T20:39:00Z  467.990  -86.741  135.084  1.05732E-16  SWARM-A  5.671  268.025
2018-04-19T20:39:30Z  468.025  -87.361  170.849  1.06949E-16  SWARM-A  8.064  269.947
2018-04-19T20:40:00Z  468.009  -86.744  -153.349  1.08142E-16  SWARM-A  10.459  271.868
2018-04-19T20:40:30Z  467.942  -85.361  -133.960  1.09274E-16  SWARM-A  11.760  273.790
2018-04-19T20:41:00Z  467.825  -83.696  -124.135  1.10377E-16  SWARM-A  12.423  275.711
2018-04-19T20:41:30Z  467.656  -81.923  -118.552  1.11478E-16  SWARM-A  12.804  277.633
2018-04-19T20:42:00Z  467.438  -80.098  -115.035  1.12637E-16  SWARM-A  13.046  279.555
2018-04-19T20:42:30Z  467.172  -78.247  -112.649  1.13888E-16  SWARM-A  13.214  281.476
2018-04-19T20:43:00Z  466.857  -76.378  -110.940  1.15260E-16  SWARM-A  13.336  283.398
2018-04-19T20:43:30Z  466.496  -74.500  -109.667  1.16757E-16  SWARM-A  13.429  285.320
2018-04-19T20:44:00Z  466.089  -72.613  -108.691  1.18432E-16  SWARM-A  13.503  287.242
2018-04-19T20:44:30Z  465.639  -70.722  -107.924  1.20297E-16  SWARM-A  13.562  289.164
2018-04-19T20:45:00Z  465.146  -68.826  -107.311  1.22368E-16  SWARM-A  13.611  291.086
2018-04-19T20:45:30Z  464.613  -66.927  -106.814  1.24676E-16  SWARM-A  13.653  293.008
2018-04-19T20:46:00Z  464.042  -65.025  -106.407  1.27178E-16  SWARM-A  13.688  294.930
2018-04-19T20:46:30Z  463.435  -63.121  -106.071  1.29932E-16  SWARM-A  13.719  296.852
2018-04-19T20:47:00Z  462.794  -61.215  -105.791  1.32923E-16  SWARM-A  13.746  298.775
2018-04-19T20:47:30Z  462.122  -59.307  -105.557  1.36108E-16  SWARM-A  13.770  300.697
2018-04-19T20:48:00Z  461.421  -57.397  -105.362  1.39534E-16  SWARM-A  13.791  302.620
2018-04-19T20:48:30Z  460.693  -55.486  -105.198  1.43205E-16  SWARM-A  13.811  304.542
2018-04-19T20:49:00Z  459.942  -53.573  -105.061  1.47134E-16  SWARM-A  13.828  306.465
2018-04-19T20:49:30Z  459.169  -51.659  -104.947  1.51275E-16  SWARM-A  13.844  308.388
2018-04-19T20:50:00Z  458.379  -49.743  -104.852  1.55660E-16  SWARM-A  13.859  310.311
2018-04-19T20:50:30Z  457.573  -47.826  -104.773  1.60273E-16  SWARM-A  13.872  312.234
2018-04-19T20:51:00Z  456.755  -45.908  -104.709  1.65110E-16  SWARM-A  13.885  314.158
2018-04-19T20:51:30Z  455.928  -43.988  -104.658  1.70208E-16  SWARM-A  13.897  316.081
2018-04-19T20:52:00Z  455.095  -42.068  -104.617  1.75551E-16  SWARM-A  13.908  318.005
2018-04-19T20:52:30Z  454.258  -40.146  -104.587  1.81126E-16  SWARM-A  13.918  319.929
2018-04-19T20:53:00Z  453.421  -38.223  -104.564  1.86933E-16  SWARM-A  13.928  321.853
2018-04-19T20:53:30Z  452.586  -36.299  -104.550  1.92985E-16  SWARM-A  13.937  323.777
2018-04-19T20:54:00Z  451.757  -34.373  -104.542  1.99249E-16  SWARM-A  13.946  325.701
2018-04-19T20:54:30Z  450.937  -32.447  -104.540  2.05729E-16  SWARM-A  13.955  327.626
2018-04-19T20:55:00Z  450.127  -30.520  -104.543  2.12410E-16  SWARM-A  13.963  329.550
2018-04-19T20:55:30Z  449.332  -28.591  -104.551  2.19227E-16  SWARM-A  13.970  331.475
2018-04-19T20:56:00Z  448.554  -26.662  -104.563  2.26138E-16  SWARM-A  13.978  333.400
2018-04-19T20:56:30Z  447.795  -24.732  -104.579  2.33161E-16  SWARM-A  13.985  335.326
2018-04-19T20:57:00Z  447.058  -22.801  -104.598  2.40169E-16  SWARM-A  13.992  337.251
2018-04-19T20:57:30Z  446.345  -20.869  -104.620  2.47035E-16  SWARM-A  13.999  339.177
2018-04-19T20:58:00Z  445.658  -18.936  -104.645  2.53843E-16  SWARM-A  14.006  341.102
2018-04-19T20:58:30Z  445.000  -17.002  -104.672  2.60491E-16  SWARM-A  14.012  343.028
2018-04-19T20:59:00Z  444.373  -15.068  -104.700  2.66950E-16  SWARM-A  14.019  344.955
2018-04-19T20:59:30Z  443.778  -13.133  -104.731  2.73185E-16  SWARM-A  14.025  346.881
2018-04-19T21:00:00Z  443.217  -11.198  -104.763  2.79064E-16  SWARM-A  14.031  348.807
2018-04-19T21:00:30Z  442.691  -9.262  -104.797  2.84575E-16  SWARM-A  14.037  350.734
2018-04-19T21:01:00Z  442.203  -7.326  -104.831  2.89717E-16  SWARM-A  14.043  352.661
2018-04-19T21:01:30Z  441.753  -5.389  -104.866  2.94368E-16  SWARM-A  14.049  354.588
2018-04-19T21:02:00Z  441.342  -3.452  -104.902  2.98580E-16  SWARM-A  14.055  356.515
2018-04-19T21:02:30Z  440.970  -1.514  -104.937  3.02289E-16  SWARM-A  14.061  358.443
2018-04-19T21:03:00Z  440.640  0.424  -104.974  3.05553E-16  SWARM-A  14.067  0.371
2018-04-19T21:03:30Z  440.350  2.362  -105.010  3.08269E-16  SWARM-A  14.073  2.298
2018-04-19T21:04:00Z  440.101  4.300  -105.046  3.10503E-16  SWARM-A  14.079  4.226
2018-04-19T21:04:30Z  439.894  6.238  -105.081  3.12282E-16  SWARM-A  14.085  6.155
2018-04-19T21:05:00Z  439.728  8.176  -105.116  3.13596E-16  SWARM-A  14.091  8.083
2018-04-19T21:05:30Z  439.603  10.114  -105.149  3.14506E-16  SWARM-A  14.097  10.011
2018-04-19T21:06:00Z  439.517  12.051  -105.182  3.15049E-16  SWARM-A  14.103  11.940
2018-04-19T21:06:30Z  439.472  13.989  -105.213  3.15233E-16  SWARM-A  14.110  13.869
2018-04-19T21:07:00Z  439.465  15.926  -105.243  3.15120E-16  SWARM-A  14.116  15.798
2018-04-19T21:07:30Z  439.496  17.863  -105.271  3.14744E-16  SWARM-A  14.122  17.727
2018-04-19T21:08:00Z  439.563  19.800  -105.297  3.14112E-16  SWARM-A  14.129  19.657
2018-04-19T21:08:30Z  439.666  21.736  -105.320  3.13296E-16  SWARM-A  14.136  21.586
2018-04-19T21:09:00Z  439.802  23.672  -105.341  3.12283E-16  SWARM-A  14.143  23.516
2018-04-19T21:09:30Z  439.970  25.607  -105.358  3.11102E-16  SWARM-A  14.150  25.445
2018-04-19T21:10:00Z  440.168  27.542  -105.372  3.09841E-16  SWARM-A  14.157  27.375
2018-04-19T21:10:30Z  440.394  29.476  -105.382  3.08390E-16  SWARM-A  14.165  29.305
2018-04-19T21:11:00Z  440.647  31.409  -105.388  3.06717E-16  SWARM-A  14.173  31.236
2018-04-19T21:11:30Z  440.924  33.342  -105.388  3.04942E-16  SWARM-A  14.181  33.166
2018-04-19T21:12:00Z  441.222  35.274  -105.383  3.02939E-16  SWARM-A  14.190  35.096
2018-04-19T21:12:30Z  441.541  37.205  -105.371  3.00798E-16  SWARM-A  14.199  37.027
2018-04-19T21:13:00Z  441.876  39.135  -105.353  2.98478E-16  SWARM-A  14.209  38.958
2018-04-19T21:13:30Z  442.227  41.064  -105.326  2.96005E-16  SWARM-A  14.219  40.889
2018-04-19T21:14:00Z  442.590  42.993  -105.290  2.93396E-16  SWARM-A  14.230  42.819
2018-04-19T21:14:30Z  442.963  44.920  -105.244  2.90675E-16  SWARM-A  14.241  44.750
2018-04-19T21:15:00Z  443.343  46.847  -105.186  2.87844E-16  SWARM-A  14.253  46.682
2018-04-19T21:15:30Z  443.728  48.772  -105.114  2.84944E-16  SWARM-A  14.266  48.613
2018-04-19T21:16:00Z  444.115  50.697  -105.027  2.82000E-16  SWARM-A  14.280  50.544
2018-04-19T21:16:30Z  444.503  52.620  -104.921  2.79019E-16  SWARM-A  14.296  52.476
2018-04-19T21:17:00Z  444.888  54.542  -104.795  2.76037E-16  SWARM-A  14.313  54.407
2018-04-19T21:17:30Z  445.268  56.463  -104.643  2.73038E-16  SWARM-A  14.331  56.339
2018-04-19T21:18:00Z  445.641  58.382  -104.463  2.70052E-16  SWARM-A  14.351  58.270
2018-04-19T21:18:30Z  446.004  60.300  -104.247  2.67077E-16  SWARM-A  14.374  60.202
2018-04-19T21:19:00Z  446.356  62.217  -103.988  2.64103E-16  SWARM-A  14.400  62.134
2018-04-19T21:19:30Z  446.694  64.132  -103.678  2.61117E-16  SWARM-A  14.429  64.066
2018-04-19T21:20:00Z  447.016  66.044  -103.304  2.58091E-16  SWARM-A  14.462  65.998
2018-04-19T21:20:30Z  447.321  67.954  -102.848  2.54981E-16  SWARM-A  14.501  67.930
2018-04-19T21:21:00Z  447.606  69.861  -102.288  2.51744E-16  SWARM-A  14.546  69.862
2018-04-19T21:21:30Z  447.869  71.765  -101.592  2.48395E-16  SWARM-A  14.601  71.794
2018-04-19T21:22:00Z  448.110  73.664  -100.712  2.44835E-16  SWARM-A  14.668  73.726
2018-04-19T21:22:30Z  448.326  75.556  -99.576  2.40995E-16  SWARM-A  14.752  75.658
2018-04-19T21:23:00Z  448.517  77.440  -98.070  2.36926E-16  SWARM-A  14.861  77.590
2018-04-19T21:23:30Z  448.681  79.310  -96.003  2.32609E-16  SWARM-A  15.007  79.522
2018-04-19T21:24:00Z  448.817  81.158  -93.025  2.28051E-16  SWARM-A  15.214  81.455
2018-04-19T21:24:30Z  448.924  82.967  -88.447  2.23261E-16  SWARM-A  15.527  83.387
2018-04-19T21:25:00Z  449.002  84.697  -80.735  2.18254E-16  SWARM-A  16.050  85.319
2018-04-19T21:25:30Z  449.050  86.239  -66.115  2.13092E-16  SWARM-A  17.033  87.252
2018-04-19T21:26:00Z  449.068  87.253  -36.843  2.07823E-16  SWARM-A  18.993  89.184
2018-04-19T21:26:30Z  449.056  87.117  2.842  2.02356E-16  SWARM-A  21.647  91.116
2018-04-19T21:27:00Z  449.014  85.944  28.427  1.96629E-16  SWARM-A  23.361  93.049
2018-04-19T21:27:30Z  448.941  84.347  41.101  1.90887E-16  SWARM-A  0.214  94.981
2018-04-19T21:28:00Z  448.839  82.595  47.958  1.85176E-16  SWARM-A  0.679  96.913
2018-04-19T21:28:30Z  448.708  80.776  52.117  1.79569E-16  SWARM-A  0.965  98.846
2018-04-19T21:29:00Z  448.548  78.922  54.864  1.74187E-16  SWARM-A  1.157  100.778
2018-04-19T21:29:30Z  448.361  77.049  56.793  1.68995E-16  SWARM-A  1.293  102.710
2018-04-19T21:30:00Z  448.147  75.163  58.209  1.64011E-16  SWARM-A  1.396  104.642
2018-04-19T21:30:30Z  447.908  73.269  59.284  1.59257E-16  SWARM-A  1.476  106.575
2018-04-19T21:31:00Z  447.645  71.369  60.121  1.54744E-16  SWARM-A  1.540  108.507
2018-04-19T21:31:30Z  447.360  69.464  60.786  1.50490E-16  SWARM-A  1.593  110.439
2018-04-19T21:32:00Z  447.053  67.556  61.322  1.46486E-16  SWARM-A  1.637  112.371
2018-04-19T21:32:30Z  446.728  65.646  61.759  1.42732E-16  SWARM-A  1.675  114.303
2018-04-19T21:33:00Z  446.385  63.733  62.119  1.39181E-16  SWARM-A  1.707  116.235
2018-04-19T21:33:30Z  446.027  61.817  62.417  1.35827E-16  SWARM-A  1.735  118.167
2018-04-19T21:34:00Z  445.656  59.900  62.666  1.32725E-16  SWARM-A  1.760  120.099
2018-04-19T21:34:30Z  445.274  57.982  62.874  1.29798E-16  SWARM-A  1.782  122.031
2018-04-19T21:35:00Z  444.883  56.062  63.048  1.27101E-16  SWARM-A  1.802  123.963
2018-04-19T21:35:30Z  444.486  54.141  63.194  1.24569E-16  SWARM-A  1.820  125.895
2018-04-19T21:36:00Z  444.085  52.218  63.316  1.22161E-16  SWARM-A  1.837  127.826
2018-04-19T21:36:30Z  443.682  50.294  63.418  1.19945E-16  SWARM-A  1.852  129.758
2018-04-19T21:37:00Z  443.280  48.370  63.501  1.17832E-16  SWARM-A  1.866  131.689
2018-04-19T21:37:30Z  442.881  46.444  63.570  1.15867E-16  SWARM-A  1.879  133.621
2018-04-19T21:38:00Z  442.489  44.517  63.626  1.14056E-16  SWARM-A  1.891  135.552
2018-04-19T21:38:30Z  442.105  42.589  63.670  1.12402E-16  SWARM-A  1.902  137.483
2018-04-19T21:39:00Z  441.732  40.660  63.703  1.10945E-16  SWARM-A  1.913  139.415
2018-04-19T21:39:30Z  441.372  38.730  63.728  1.09688E-16  SWARM-A  1.923  141.346
2018-04-19T21:40:00Z  441.029  36.799  63.745  1.08635E-16  SWARM-A  1.932  143.277
2018-04-19T21:40:30Z  440.703  34.868  63.755  1.07801E-16  SWARM-A  1.941  145.207
2018-04-19T21:41:00Z  440.399  32.936  63.759  1.07147E-16  SWARM-A  1.950  147.138
2018-04-19T21:41:30Z  440.117  31.002  63.758  1.06689E-16  SWARM-A  1.958  149.069
2018-04-19T21:42:00Z  439.861  29.069  63.751  1.06406E-16  SWARM-A  1.966  150.999
2018-04-19T21:42:30Z  439.631  27.134  63.741  1.06360E-16  SWARM-A  1.973  152.929
2018-04-19T21:43:00Z  439.431  25.199  63.726  1.06489E-16  SWARM-A  1.981  154.859
2018-04-19T21:43:30Z  439.262  23.264  63.708  1.06789E-16  SWARM-A  1.988  156.790
2018-04-19T21:44:00Z  439.126  21.328  63.686  1.07225E-16  SWARM-A  1.995  158.719
2018-04-19T21:44:30Z  439.024  19.391  63.663  1.07813E-16  SWARM-A  2.001  160.649
2018-04-19T21:45:00Z  438.959  17.454  63.636  1.08545E-16  SWARM-A  2.008  162.579
2018-04-19T21:45:30Z  438.931  15.517  63.608  1.09381E-16  SWARM-A  2.015  164.508
2018-04-19T21:46:00Z  438.942  13.579  63.578  1.10296E-16  SWARM-A  2.021  166.437
2018-04-19T21:46:30Z  438.992  11.641  63.546  1.11312E-16  SWARM-A  2.027  168.367
2018-04-19T21:47:00Z  439.082  9.703  63.513  1.12382E-16  SWARM-A  2.033  170.296
2018-04-19T21:47:30Z  439.214  7.764  63.479  1.13513E-16  SWARM-A  2.039  172.224
2018-04-19T21:48:00Z  439.387  5.826  63.444  1.14647E-16  SWARM-A  2.045  174.153
2018-04-19T21:48:30Z  439.603  3.888  63.409  1.15830E-16  SWARM-A  2.051  176.081
2018-04-19T21:49:00Z  439.860  1.950  63.373  1.16980E-16  SWARM-A  2.057  178.010
2018-04-19T21:49:30Z  440.159  0.011  63.337  1.18160E-16  SWARM-A  2.063  179.938
2018-04-19T21:50:00Z  440.500  -1.927  63.301  1.19316E-16  SWARM-A  2.069  181.866
2018-04-19T21:50:30Z  440.881  -3.864  63.265  1.20363E-16  SWARM-A  2.075  183.793
2018-04-19T21:51:00Z  441.304  -5.802  63.229  1.21444E-16  SWARM-A  2.081  185.721
2018-04-19T21:51:30Z  441.766  -7.739  63.194  1.22477E-16  SWARM-A  2.087  187.648
2018-04-19T21:52:00Z  442.266  -9.675  63.160  1.23348E-16  SWARM-A  2.093  189.575
2018-04-19T21:52:30Z  442.804  -11.611  63.127  1.24188E-16  SWARM-A  2.099  191.502
2018-04-19T21:53:00Z  443.378  -13.547  63.095  1.24903E-16  SWARM-A  2.105  193.429
2018-04-19T21:53:30Z  443.986  -15.482  63.065  1.25503E-16  SWARM-A  2.112  195.356
2018-04-19T21:54:00Z  444.626  -17.416  63.036  1.25999E-16  SWARM-A  2.118  197.282
2018-04-19T21:54:30Z  445.298  -19.350  63.010  1.26357E-16  SWARM-A  2.125  199.208
2018-04-19T21:55:00Z  445.998  -21.283  62.986  1.26584E-16  SWARM-A  2.131  201.134
2018-04-19T21:55:30Z  446.725  -23.215  62.964  1.26663E-16  SWARM-A  2.138  203.060
2018-04-19T21:56:00Z  447.475  -25.146  62.946  1.26600E-16  SWARM-A  2.145  204.986
2018-04-19T21:56:30Z  448.248  -27.077  62.931  1.26400E-16  SWARM-A  2.153  206.911
2018-04-19T21:57:00Z  449.040  -29.006  62.919  1.26059E-16  SWARM-A  2.160  208.837
2018-04-19T21:57:30Z  449.848  -30.934  62.912  1.25581E-16  SWARM-A  2.168  210.762
2018-04-19T21:58:00Z  450.671  -32.862  62.910  1.25027E-16  SWARM-A  2.176  212.687
2018-04-19T21:58:30Z  451.504  -34.788  62.913  1.24348E-16  SWARM-A  2.185  214.611
2018-04-19T21:59:00Z  452.346  -36.713  62.923  1.23616E-16  SWARM-A  2.194  216.536
2018-04-19T21:59:30Z  453.193  -38.637  62.939  1.22784E-16  SWARM-A  2.203  218.460
2018-04-19T22:00:00Z  454.042  -40.561  62.963  1.21890E-16  SWARM-A  2.213  220.385
2018-04-19T22:00:30Z  454.891  -42.482  62.996  1.20964E-16  SWARM-A  2.224  222.309
2018-04-19T22:01:00Z  455.736  -44.403  63.038  1.20035E-16  SWARM-A  2.235  224.232
2018-04-19T22:01:30Z  456.574  -46.322  63.092  1.19083E-16  SWARM-A  2.247  226.156
2018-04-19T22:02:00Z  457.403  -48.241  63.159  1.18130E-16  SWARM-A  2.260  228.080
2018-04-19T22:02:30Z  458.219  -50.157  63.241  1.17172E-16  SWARM-A  2.273  230.003
2018-04-19T22:03:00Z  459.019  -52.073  63.340  1.16239E-16  SWARM-A  2.288  231.926
2018-04-19T22:03:30Z  459.801  -53.987  63.459  1.15325E-16  SWARM-A  2.305  233.849
2018-04-19T22:04:00Z  460.562  -55.900  63.601  1.14340E-16  SWARM-A  2.322  235.772
2018-04-19T22:04:30Z  461.299  -57.811  63.771  1.13351E-16  SWARM-A  2.342  237.695
2018-04-19T22:05:00Z  462.009  -59.720  63.974  1.12332E-16  SWARM-A  2.364  239.618
2018-04-19T22:05:30Z  462.689  -61.628  64.217  1.11266E-16  SWARM-A  2.388  241.540
2018-04-19T22:06:00Z  463.338  -63.534  64.508  1.10166E-16  SWARM-A  2.416  243.463
2018-04-19T22:06:30Z  463.952  -65.438  64.858  1.08974E-16  SWARM-A  2.448  245.385
2018-04-19T22:07:00Z  464.530  -67.339  65.282  1.07702E-16  SWARM-A  2.485  247.308
2018-04-19T22:07:30Z  465.069  -69.238  65.802  1.06389E-16  SWARM-A  2.527  249.230
2018-04-19T22:08:00Z  465.568  -71.133  66.444  1.05033E-16  SWARM-A  2.579  251.152
2018-04-19T22:08:30Z  466.024  -73.024  67.251  1.03648E-16  SWARM-A  2.641  253.074
2018-04-19T22:09:00Z  466.437  -74.909  68.283  1.02260E-16  SWARM-A  2.718  254.996
2018-04-19T22:09:30Z  466.803  -76.786  69.635  1.00870E-16  SWARM-A  2.816  256.918
2018-04-19T22:10:00Z  467.123  -78.651  71.465  9.95294E-17  SWARM-A  2.947  258.839
2018-04-19T22:10:30Z  467.394  -80.498  74.047  9.82037E-17  SWARM-A  3.127  260.761
2018-04-19T22:11:00Z  467.617  -82.314  77.906  9.70055E-17  SWARM-A  3.393  262.683
2018-04-19T22:11:30Z  467.789  -84.071  84.156  9.59264E-17  SWARM-A  3.818  264.605
2018-04-19T22:12:00Z  467.911  -85.696  95.444  9.49647E-17  SWARM-A  4.579  266.526
2018-04-19T22:12:30Z  467.982  -86.970  118.063  9.42169E-17  SWARM-A  6.095  268.448
2018-04-19T22:13:00Z  468.002  -87.329  156.443  9.37052E-17  SWARM-A  8.662  270.369
2018-04-19T22:13:30Z  467.971  -86.483  -171.239  9.33534E-17  SWARM-A  10.825  272.291
2018-04-19T22:14:00Z  467.888  -85.010  -154.661  9.30865E-17  SWARM-A  11.938  274.213
2018-04-19T22:14:30Z  467.755  -83.313  -146.076  9.30728E-17  SWARM-A  12.519  276.134
2018-04-19T22:15:00Z  467.572  -81.525  -141.073  9.32866E-17  SWARM-A  12.861  278.056
2018-04-19T22:15:30Z  467.339  -79.693  -137.863  9.37689E-17  SWARM-A  13.083  279.978
2018-04-19T22:16:00Z  467.058  -77.837  -135.655  9.45608E-17  SWARM-A  13.239  281.899
2018-04-19T22:16:30Z  466.729  -75.966  -134.059  9.56704E-17  SWARM-A  13.353  283.821
2018-04-19T22:17:00Z  466.354  -74.085  -132.862  9.70964E-17  SWARM-A  13.442  285.743
2018-04-19T22:17:30Z  465.934  -72.197  -131.938  9.88729E-17  SWARM-A  13.512  287.665
2018-04-19T22:18:00Z  465.470  -70.305  -131.209  1.00987E-16  SWARM-A  13.568  289.587
2018-04-19T22:18:30Z  464.965  -68.408  -130.625  1.03498E-16  SWARM-A  13.616  291.509
2018-04-19T22:19:00Z  464.421  -66.508  -130.150  1.06404E-16  SWARM-A  13.656  293.431
2018-04-19T22:19:30Z  463.838  -64.606  -129.760  1.09740E-16  SWARM-A  13.690  295.353
2018-04-19T22:20:00Z  463.220  -62.701  -129.437  1.13467E-16  SWARM-A  13.720  297.276
2018-04-19T22:20:30Z  462.569  -60.795  -129.169  1.17633E-16  SWARM-A  13.746  299.198
2018-04-19T22:21:00Z  461.887  -58.886  -128.945  1.22198E-16  SWARM-A  13.769  301.120
2018-04-19T22:21:30Z  461.177  -56.976  -128.757  1.27167E-16  SWARM-A  13.790  303.043
2018-04-19T22:22:00Z  460.441  -55.064  -128.599  1.32519E-16  SWARM-A  13.809  304.966
2018-04-19T22:22:30Z  459.682  -53.151  -128.468  1.38184E-16  SWARM-A  13.826  306.889
2018-04-19T22:23:00Z  458.903  -51.237  -128.358  1.44235E-16  SWARM-A  13.842  308.812
2018-04-19T22:23:30Z  458.106  -49.321  -128.267  1.50573E-16  SWARM-A  13.856  310.735
2018-04-19T22:24:00Z  457.295  -47.403  -128.192  1.57120E-16  SWARM-A  13.870  312.658
2018-04-19T22:24:30Z  456.472  -45.485  -128.131  1.63886E-16  SWARM-A  13.882  314.582
2018-04-19T22:25:00Z  455.641  -43.565  -128.082  1.70863E-16  SWARM-A  13.894  316.505
2018-04-19T22:25:30Z  454.804  -41.644  -128.044  1.77988E-16  SWARM-A  13.904  318.429
2018-04-19T22:26:00Z  453.964  -39.722  -128.015  1.85229E-16  SWARM-A  13.915  320.353
2018-04-19T22:26:30Z  453.125  -37.798  -127.995  1.92594E-16  SWARM-A  13.924  322.277
2018-04-19T22:27:00Z  452.290  -35.874  -127.981  1.99996E-16  SWARM-A  13.934  324.201
2018-04-19T22:27:30Z  451.460  -33.948  -127.975  2.07450E-16  SWARM-A  13.942  326.126
2018-04-19T22:28:00Z  450.640  -32.022  -127.974  2.14902E-16  SWARM-A  13.951  328.050
2018-04-19T22:28:30Z  449.832  -30.094  -127.978  2.22303E-16  SWARM-A  13.959  329.975
2018-04-19T22:29:00Z  449.039  -28.166  -127.987  2.29657E-16  SWARM-A  13.967  331.900
2018-04-19T22:29:30Z  448.263  -26.236  -128.000  2.36923E-16  SWARM-A  13.974  333.825
2018-04-19T22:30:00Z  447.508  -24.305  -128.017  2.43989E-16  SWARM-A  13.981  335.751
2018-04-19T22:30:30Z  446.774  -22.374  -128.037  2.50907E-16  SWARM-A  13.988  337.676
2018-04-19T22:31:00Z  446.066  -20.442  -128.060  2.57617E-16  SWARM-A  13.995  339.602
2018-04-19T22:31:30Z  445.385  -18.509  -128.085  2.64065E-16  SWARM-A  14.002  341.528
2018-04-19T22:32:00Z  444.733  -16.575  -128.112  2.70223E-16  SWARM-A  14.008  343.454
2018-04-19T22:32:30Z  444.112  -14.641  -128.142  2.76020E-16  SWARM-A  14.015  345.380
2018-04-19T22:33:00Z  443.524  -12.706  -128.173  2.81430E-16  SWARM-A  14.021  347.307
2018-04-19T22:33:30Z  442.971  -10.770  -128.205  2.86436E-16  SWARM-A  14.027  349.233
2018-04-19T22:34:00Z  442.453  -8.834  -128.239  2.90980E-16  SWARM-A  14.033  351.160
2018-04-19T22:34:30Z  441.973  -6.897  -128.273  2.95041E-16  SWARM-A  14.039  353.087
2018-04-19T22:35:00Z  441.532  -4.960  -128.309  2.98628E-16  SWARM-A  14.045  355.014
2018-04-19T22:35:30Z  441.130  -3.023  -128.344  3.01657E-16  SWARM-A  14.051  356.942
2018-04-19T22:36:00Z  440.768  -1.085  -128.380  3.04161E-16  SWARM-A  14.057  358.869
2018-04-19T22:36:30Z  440.446  0.852  -128.417  3.06141E-16  SWARM-A  14.063  0.797
2018-04-19T22:37:00Z  440.166  2.790  -128.453  3.07582E-16  SWARM-A  14.069  2.725
2018-04-19T22:37:30Z  439.928  4.729  -128.488  3.08522E-16  SWARM-A  14.075  4.653
2018-04-19T22:38:00Z  439.730  6.667  -128.524  3.08950E-16  SWARM-A  14.081  6.581
2018-04-19T22:38:30Z  439.574  8.605  -128.558  3.08960E-16  SWARM-A  14.087  8.510
2018-04-19T22:39:00Z  439.459  10.543  -128.592  3.08557E-16  SWARM-A  14.093  10.439
2018-04-19T22:39:30Z  439.384  12.480  -128.624  3.07766E-16  SWARM-A  14.099  12.367
2018-04-19T22:40:00Z  439.349  14.418  -128.655  3.06601E-16  SWARM-A  14.105  14.296
2018-04-19T22:40:30Z  439.352  16.355  -128.685  3.05142E-16  SWARM-A  14.112  16.225
2018-04-19T22:41:00Z  439.393  18.292  -128.712  3.03330E-16  SWARM-A  14.118  18.155
2018-04-19T22:41:30Z  439.470  20.229  -128.738  3.01256E-16  SWARM-A  14.125  20.084
2018-04-19T22:42:00Z  439.582  22.165  -128.760  2.98931E-16  SWARM-A  14.132  22.014
2018-04-19T22:42:30Z  439.728  24.101  -128.780  2.96388E-16  SWARM-A  14.139  23.943
2018-04-19T22:43:00Z  439.905  26.036  -128.797  2.93619E-16  SWARM-A  14.146  25.873
2018-04-19T22:43:30Z  440.113  27.971  -128.810  2.90614E-16  SWARM-A  14.153  27.803
2018-04-19T22:44:00Z  440.348  29.905  -128.819  2.87437E-16  SWARM-A  14.161  29.733
2018-04-19T22:44:30Z  440.610  31.838  -128.824  2.84079E-16  SWARM-A  14.169  31.664
2018-04-19T22:45:00Z  440.895  33.770  -128.823  2.80592E-16  SWARM-A  14.178  33.594
2018-04-19T22:45:30Z  441.202  35.702  -128.817  2.76944E-16  SWARM-A  14.186  35.525
2018-04-19T22:46:00Z  441.528  37.633  -128.804  2.73147E-16  SWARM-A  14.196  37.455
2018-04-19T22:46:30Z  441.871  39.563  -128.784  2.69356E-16  SWARM-A  14.205  39.386
2018-04-19T22:47:00Z  442.229  41.492  -128.755  2.65515E-16  SWARM-A  14.215  41.317
2018-04-19T22:47:30Z  442.598  43.421  -128.717  2.61692E-16  SWARM-A  14.226  43.248
2018-04-19T22:48:00Z  442.978  45.348  -128.669  2.57949E-16  SWARM-A  14.238  45.179
2018-04-19T22:48:30Z  443.364  47.274  -128.608  2.54216E-16  SWARM-A  14.250  47.110
2018-04-19T22:49:00Z  443.755  49.200  -128.533  2.50600E-16  SWARM-A  14.264  49.041
2018-04-19T22:49:30Z  444.147  51.124  -128.442  2.47188E-16  SWARM-A  14.278  50.973
2018-04-19T22:50:00Z  444.539  53.047  -128.332  2.43996E-16  SWARM-A  14.294  52.904
2018-04-19T22:50:30Z  444.928  54.969  -128.201  2.41107E-16  SWARM-A  14.311  54.836
2018-04-19T22:51:00Z  445.312  56.889  -128.043  2.38515E-16  SWARM-A  14.330  56.767
2018-04-19T22:51:30Z  445.688  58.809  -127.855  2.36254E-16  SWARM-A  14.350  58.699
2018-04-19T22:52:00Z  446.053  60.726  -127.631  2.34333E-16  SWARM-A  14.374  60.631
2018-04-19T22:52:30Z  446.406  62.642  -127.362  2.32743E-16  SWARM-A  14.400  62.563
2018-04-19T22:53:00Z  446.745  64.557  -127.039  2.31111E-16  SWARM-A  14.430  64.495
2018-04-19T22:53:30Z  447.068  66.469  -126.648  2.29832E-16  SWARM-A  14.464  66.427
2018-04-19T22:54:00Z  447.372  68.378  -126.172  2.28847E-16  SWARM-A  14.504  68.359
2018-04-19T22:54:30Z  447.656  70.285  -125.586  2.28131E-16  SWARM-A  14.552  70.291
2018-04-19T22:55:00Z  447.918  72.187  -124.854  2.27653E-16  SWARM-A  14.609  72.223
2018-04-19T22:55:30Z  448.157  74.085  -123.925  2.27364E-16  SWARM-A  14.679  74.155
2018-04-19T22:56:00Z  448.371  75.976  -122.720  2.27203E-16  SWARM-A  14.768  76.087
2018-04-19T22:56:30Z  448.559  77.857  -121.111  2.27213E-16  SWARM-A  14.883  78.019
2018-04-19T22:57:00Z  448.720  79.723  -118.881  2.27417E-16  SWARM-A  15.040  79.951
2018-04-19T22:57:30Z  448.853  81.564  -115.627  2.27585E-16  SWARM-A  15.266  81.884
2018-04-19T22:58:00Z  448.958  83.361  -110.536  2.27673E-16  SWARM-A  15.613  83.816
2018-04-19T22:58:30Z  449.032  85.063  -101.745  2.27668E-16  SWARM-A  16.208  85.748
2018-04-19T22:59:00Z  449.077  86.531  -84.645  2.27549E-16  SWARM-A  17.356  87.681
2018-04-19T22:59:30Z  449.092  87.341  -51.448  2.27320E-16  SWARM-A  19.578  89.613
2018-04-19T23:00:00Z  449.076  86.922  -13.317  2.26691E-16  SWARM-A  22.128  91.545
2018-04-19T23:00:30Z  449.030  85.613  8.614  2.25382E-16  SWARM-A  23.598  93.477
2018-04-19T23:01:00Z  448.954  83.968  19.550  2.23797E-16  SWARM-A  0.336  95.410
2018-04-19T23:01:30Z  448.848  82.196  25.629  2.22030E-16  SWARM-A  0.749  97.342
2018-04-19T23:02:00Z  448.713  80.367  29.396  2.19980E-16  SWARM-A  1.009  99.274
2018-04-19T23:02:30Z  448.550  78.508  31.923  2.17718E-16  SWARM-A  1.186  101.207
2018-04-19T23:03:00Z  448.359  76.631  33.717  2.15265E-16  SWARM-A  1.314  103.139
2018-04-19T23:03:30Z  448.142  74.744  35.045  2.12590E-16  SWARM-A  1.410  105.071
2018-04-19T23:04:00Z  447.900  72.848  36.059  2.09733E-16  SWARM-A  1.486  107.003
2018-04-19T23:04:30Z  447.635  70.947  36.852  2.06620E-16  SWARM-A  1.548  108.936
2018-04-19T23:05:00Z  447.347  69.042  37.485  2.03369E-16  SWARM-A  1.598  110.868
2018-04-19T23:05:30Z  447.038  67.133  37.996  1.99989E-16  SWARM-A  1.641  112.800
2018-04-19T23:06:00Z  446.710  65.222  38.414  1.96525E-16  SWARM-A  1.677  114.732
2018-04-19T23:06:30Z  446.366  63.308  38.759  1.92958E-16  SWARM-A  1.708  116.664
2018-04-19T23:07:00Z  446.007  61.392  39.045  1.89284E-16  SWARM-A  1.736  118.596
2018-04-19T23:07:30Z  445.634  59.475  39.284  1.85564E-16  SWARM-A  1.760  120.528
2018-04-19T23:08:00Z  445.251  57.556  39.484  1.81817E-16  SWARM-A  1.781  122.460
2018-04-19T23:08:30Z  444.860  55.636  39.651  1.78085E-16  SWARM-A  1.801  124.391
2018-04-19T23:09:00Z  444.463  53.715  39.791  1.74397E-16  SWARM-A  1.819  126.323
2018-04-19T23:09:30Z  444.062  51.792  39.908  1.70746E-16  SWARM-A  1.835  128.255
2018-04-19T23:10:00Z  443.660  49.868  40.005  1.67159E-16  SWARM-A  1.850  130.186
2018-04-19T23:10:30Z  443.259  47.943  40.085  1.63639E-16  SWARM-A  1.863  132.118
2018-04-19T23:11:00Z  442.862  46.017  40.151  1.60269E-16  SWARM-A  1.876  134.049
2018-04-19T23:11:30Z  442.471  44.089  40.203  1.56985E-16  SWARM-A  1.888  135.980
2018-04-19T23:12:00Z  442.089  42.161  40.245  1.53817E-16  SWARM-A  1.899  137.911
2018-04-19T23:12:30Z  441.719  40.232  40.277  1.50802E-16  SWARM-A  1.909  139.842
2018-04-19T23:13:00Z  441.362  38.302  40.300  1.47961E-16  SWARM-A  1.919  141.773
2018-04-19T23:13:30Z  441.021  36.371  40.315  1.45257E-16  SWARM-A  1.929  143.704
2018-04-19T23:14:00Z  440.699  34.440  40.323  1.42728E-16  SWARM-A  1.937  145.635
2018-04-19T23:14:30Z  440.398  32.507  40.326  1.40369E-16  SWARM-A  1.946  147.566
2018-04-19T23:15:00Z  440.120  30.574  40.323  1.38228E-16  SWARM-A  1.954  149.496
2018-04-19T23:15:30Z  439.868  28.640  40.316  1.36249E-16  SWARM-A  1.962  151.427
2018-04-19T23:16:00Z  439.643  26.706  40.304  1.34481E-16  SWARM-A  1.969  153.357
2018-04-19T23:16:30Z  439.448  24.771  40.288  1.32838E-16  SWARM-A  1.977  155.287
2018-04-19T23:17:00Z  439.284  22.835  40.269  1.31421E-16  SWARM-A  1.984  157.217
2018-04-19T23:17:30Z  439.153  20.899  40.247  1.30167E-16  SWARM-A  1.991  159.147
2018-04-19T23:18:00Z  439.057  18.962  40.223  1.29068E-16  SWARM-A  1.997  161.076
2018-04-19T23:18:30Z  438.997  17.025  40.196  1.28098E-16  SWARM-A  2.004  163.006
2018-04-19T23:19:00Z  438.974  15.087  40.167  1.27307E-16  SWARM-A  2.010  164.935
2018-04-19T23:19:30Z  438.990  13.150  40.137  1.26623E-16  SWARM-A  2.017  166.865
2018-04-19T23:20:00Z  439.046  11.212  40.105  1.26086E-16  SWARM-A  2.023  168.794
2018-04-19T23:20:30Z  439.142  9.274  40.071  1.25621E-16  SWARM-A  2.029  170.723
2018-04-19T23:21:00Z  439.279  7.335  40.037  1.25276E-16  SWARM-A  2.035  172.651
2018-04-19T23:21:30Z  439.458  5.397  40.002  1.24977E-16  SWARM-A  2.041  174.580
2018-04-19T23:22:00Z  439.678  3.459  39.966  1.24767E-16  SWARM-A  2.047  176.508
2018-04-19T23:22:30Z  439.940  1.520  39.930  1.24562E-16  SWARM-A  2.053  178.437
2018-04-19T23:23:00Z  440.244  -0.418  39.894  1.24388E-16  SWARM-A  2.059  180.365
2018-04-19T23:23:30Z  440.589  -2.356  39.858  1.24267E-16  SWARM-A  2.065  182.292
2018-04-19T23:24:00Z  440.975  -4.293  39.822  1.24106E-16  SWARM-A  2.071  184.220
2018-04-19T23:24:30Z  441.401  -6.231  39.787  1.23967E-16  SWARM-A  2.077  186.148
2018-04-19T23:25:00Z  441.867  -8.168  39.752  1.23830E-16  SWARM-A  2.083  188.075
2018-04-19T23:25:30Z  442.371  -10.104  39.718  1.23589E-16  SWARM-A  2.089  190.002
2018-04-19T23:26:00Z  442.912  -12.040  39.685  1.23383E-16  SWARM-A  2.095  191.929
2018-04-19T23:26:30Z  443.489  -13.976  39.653  1.23058E-16  SWARM-A  2.101  193.856
2018-04-19T23:27:00Z  444.100  -15.911  39.623  1.22690E-16  SWARM-A  2.107  195.782
2018-04-19T23:27:30Z  444.743  -17.845  39.595  1.22277E-16  SWARM-A  2.114  197.709
2018-04-19T23:28:00Z  445.416  -19.778  39.569  1.21810E-16  SWARM-A  2.121  199.635
2018-04-19T23:28:30Z  446.118  -21.711  39.546  1.21267E-16  SWARM-A  2.127  201.561
2018-04-19T23:29:00Z  446.846  -23.643  39.525  1.20653E-16  SWARM-A  2.134  203.487
2018-04-19T23:29:30Z  447.597  -25.574  39.507  1.20009E-16  SWARM-A  2.141  205.412
2018-04-19T23:30:00Z  448.370  -27.504  39.492  1.19319E-16  SWARM-A  2.149  207.338
2018-04-19T23:30:30Z  449.162  -29.433  39.482  1.18576E-16  SWARM-A  2.156  209.263
2018-04-19T23:31:00Z  449.970  -31.362  39.476  1.17840E-16  SWARM-A  2.164  211.188
2018-04-19T23:31:30Z  450.791  -33.289  39.475  1.17093E-16  SWARM-A  2.173  213.113
2018-04-19T23:32:00Z  451.623  -35.215  39.479  1.16369E-16  SWARM-A  2.181  215.038
2018-04-19T23:32:30Z  452.462  -37.140  39.490  1.15669E-16  SWARM-A  2.190  216.962
2018-04-19T23:33:00Z  453.306  -39.064  39.508  1.14990E-16  SWARM-A  2.200  218.887
2018-04-19T23:33:30Z  454.152  -40.987  39.533  1.14316E-16  SWARM-A  2.210  220.811
2018-04-19T23:34:00Z  454.997  -42.908  39.568  1.13708E-16  SWARM-A  2.220  222.735
2018-04-19T23:34:30Z  455.837  -44.829  39.613  1.13102E-16  SWARM-A  2.232  224.659
2018-04-19T23:35:00Z  456.670  -46.748  39.670  1.12559E-16  SWARM-A  2.244  226.583
2018-04-19T23:35:30Z  457.493  -48.666  39.739  1.12028E-16  SWARM-A  2.257  228.506
2018-04-19T23:36:00Z  458.303  -50.582  39.825  1.11511E-16  SWARM-A  2.271  230.430
2018-04-19T23:36:30Z  459.096  -52.498  39.928  1.11026E-16  SWARM-A  2.286  232.353
2018-04-19T23:37:00Z  459.871  -54.412  40.051  1.10596E-16  SWARM-A  2.303  234.276
2018-04-19T23:37:30Z  460.623  -56.324  40.199  1.10218E-16  SWARM-A  2.321  236.199
2018-04-19T23:38:00Z  461.351  -58.235  40.376  1.09897E-16  SWARM-A  2.341  238.122
2018-04-19T23:38:30Z  462.052  -60.144  40.587  1.09630E-16  SWARM-A  2.363  240.045
2018-04-19T23:39:00Z  462.723  -62.052  40.839  1.09424E-16  SWARM-A  2.389  241.967
2018-04-19T23:39:30Z  463.361  -63.957  41.142  1.09193E-16  SWARM-A  2.417  243.890
2018-04-19T23:40:00Z  463.965  -65.861  41.507  1.08983E-16  SWARM-A  2.450  245.812
2018-04-19T23:40:30Z  464.532  -67.761  41.950  1.08835E-16  SWARM-A  2.488  247.734
2018-04-19T23:41:00Z  465.060  -69.659  42.494  1.08750E-16  SWARM-A  2.532  249.657
2018-04-19T23:41:30Z  465.548  -71.554  43.168  1.08714E-16  SWARM-A  2.585  251.579
2018-04-19T23:42:00Z  465.992  -73.443  44.018  1.08736E-16  SWARM-A  2.650  253.501
2018-04-19T23:42:30Z  466.393  -75.327  45.111  1.08815E-16  SWARM-A  2.732  255.423
2018-04-19T23:43:00Z  466.747  -77.202  46.552  1.08957E-16  SWARM-A  2.836  257.345
2018-04-19T23:43:30Z  467.054  -79.064  48.519  1.09176E-16  SWARM-A  2.976  259.267
2018-04-19T23:44:00Z  467.314  -80.906  51.325  1.09469E-16  SWARM-A  3.171  261.188
2018-04-19T23:44:30Z  467.523  -82.712  55.586  1.09826E-16  SWARM-A  3.463  263.110
2018-04-19T23:45:00Z  467.683  -84.449  62.638  1.10251E-16  SWARM-A  3.942  265.032
2018-04-19T23:45:30Z  467.793  -86.024  75.726  1.10755E-16  SWARM-A  4.823  266.954
2018-04-19T23:46:00Z  467.852  -87.156  102.062  1.11369E-16  SWARM-A  6.587  268.875
2018-04-19T23:46:30Z  467.859  -87.232  141.709  1.12085E-16  SWARM-A  9.238  270.797
2018-04-19T23:47:00Z  467.816  -86.189  170.115  1.12811E-16  SWARM-A  11.140  272.719
2018-04-19T23:47:30Z  467.721  -84.645  -175.700  1.13604E-16  SWARM-A  12.094  274.640
2018-04-19T23:48:00Z  467.576  -82.921  -168.165  1.14482E-16  SWARM-A  12.605  276.562
2018-04-19T23:48:30Z  467.382  -81.120  -163.667  1.15476E-16  SWARM-A  12.913  278.484
2018-04-19T23:49:00Z  467.138  -79.281  -160.730  1.16663E-16  SWARM-A  13.117  280.406
2018-04-19T23:49:30Z  466.846  -77.421  -158.685  1.17857E-16  SWARM-A  13.262  282.327
2018-04-19T23:50:00Z  466.506  -75.548  -157.193  1.19327E-16  SWARM-A  13.370  284.249
2018-04-19T23:50:30Z  466.121  -73.665  -156.066  1.20961E-16  SWARM-A  13.453  286.171
2018-04-19T23:51:00Z  465.692  -71.776  -155.192  1.22799E-16  SWARM-A  13.520  288.093
2018-04-19T23:51:30Z  465.220  -69.882  -154.499  1.24805E-16  SWARM-A  13.574  290.015
2018-04-19T23:52:00Z  464.707  -67.985  -153.942  1.27073E-16  SWARM-A  13.620  291.937
2018-04-19T23:52:30Z  464.154  -66.085  -153.488  1.29611E-16  SWARM-A  13.658  293.860
2018-04-19T23:53:00Z  463.565  -64.182  -153.115  1.32328E-16  SWARM-A  13.692  295.782
2018-04-19T23:53:30Z  462.941  -62.276  -152.806  1.35251E-16  SWARM-A  13.721  297.704
2018-04-19T23:54:00Z  462.284  -60.369  -152.548  1.38366E-16  SWARM-A  13.746  299.627
2018-04-19T23:54:30Z  461.597  -58.460  -152.333  1.41654E-16  SWARM-A  13.769  301.549
2018-04-19T23:55:00Z  460.883  -56.550  -152.152  1.45123E-16  SWARM-A  13.789  303.472
2018-04-19T23:55:30Z  460.143  -54.637  -152.001  1.48719E-16  SWARM-A  13.808  305.395
2018-04-19T23:56:00Z  459.382  -52.724  -151.875  1.52443E-16  SWARM-A  13.824  307.318
2018-04-19T23:56:30Z  458.600  -50.809  -151.769  1.56111E-16  SWARM-A  13.840  309.241
2018-04-19T23:57:00Z  457.803  -48.893  -151.682  1.59928E-16  SWARM-A  13.854  311.164
2018-04-19T23:57:30Z  456.991  -46.975  -151.610  1.63844E-16  SWARM-A  13.867  313.088
2018-04-19T23:58:00Z  456.169  -45.056  -151.552  1.67796E-16  SWARM-A  13.879  315.011
2018-04-19T23:58:30Z  455.339  -43.136  -151.506  1.71810E-16  SWARM-A  13.891  316.935
2018-04-19T23:59:00Z  454.504  -41.215  -151.470  1.75893E-16  SWARM-A  13.901  318.859
2018-04-19T23:59:30Z  453.667  -39.292  -151.444  1.80036E-16  SWARM-A  13.911  320.783
2018-04-20T00:00:00Z  452.832  -37.368  -151.425  1.83863E-16  SWARM-A  13.921  322.707
2018-04-20T00:00:30Z  452.000  -35.444  -151.414  1.87675E-16  SWARM-A  13.930  324.631
2018-04-20T00:01:00Z  451.176  -33.518  -151.408  1.91919E-16  SWARM-A  13.939  326.556
2018-04-20T00:01:30Z  450.362  -31.591  -151.409  1.96204E-16  SWARM-A  13.947  328.481
2018-04-20T00:02:00Z  449.560  -29.663  -151.414  2.00521E-16  SWARM-A  13.955  330.406
2018-04-20T00:02:30Z  448.774  -27.734  -151.424  2.04848E-16  SWARM-A  13.963  332.331
2018-04-20T00:03:00Z  448.006  -25.804  -151.438  2.09167E-16  SWARM-A  13.970  334.256
2018-04-20T00:03:30Z  447.258  -23.873  -151.456  2.13457E-16  SWARM-A  13.977  336.181
2018-04-20T00:04:00Z  446.534  -21.942  -151.476  2.17668E-16  SWARM-A  13.984  338.107
2018-04-20T00:04:30Z  445.835  -20.009  -151.500  2.21748E-16  SWARM-A  13.991  340.033
2018-04-20T00:05:00Z  445.164  -18.076  -151.525  2.25700E-16  SWARM-A  13.998  341.959
2018-04-20T00:05:30Z  444.523  -16.142  -151.553  2.29430E-16  SWARM-A  14.004  343.885
2018-04-20T00:06:00Z  443.913  -14.208  -151.583  2.32932E-16  SWARM-A  14.010  345.811
2018-04-20T00:06:30Z  443.336  -12.272  -151.615  2.36128E-16  SWARM-A  14.017  347.738
2018-04-20T00:07:00Z  442.795  -10.337  -151.647  2.38981E-16  SWARM-A  14.023  349.665
2018-04-20T00:07:30Z  442.289  -8.400  -151.681  2.41508E-16  SWARM-A  14.029  351.591
2018-04-20T00:08:00Z  441.822  -6.464  -151.716  2.43638E-16  SWARM-A  14.035  353.519
2018-04-20T00:08:30Z  441.393  -4.527  -151.751  2.45436E-16  SWARM-A  14.041  355.446
2018-04-20T00:09:00Z  441.004  -2.589  -151.787  2.46905E-16  SWARM-A  14.047  357.373
2018-04-20T00:09:30Z  440.655  -0.651  -151.824  2.48082E-16  SWARM-A  14.053  359.301
2018-04-20T00:10:00Z  440.347  1.286  -151.860  2.48960E-16  SWARM-A  14.059  1.229
2018-04-20T00:10:30Z  440.079  3.224  -151.896  2.49622E-16  SWARM-A  14.065  3.157
2018-04-20T00:11:00Z  439.854  5.163  -151.932  2.50079E-16  SWARM-A  14.071  5.085
2018-04-20T00:11:30Z  439.669  7.101  -151.967  2.50371E-16  SWARM-A  14.077  7.013
2018-04-20T00:12:00Z  439.526  9.039  -152.001  2.50591E-16  SWARM-A  14.083  8.942
2018-04-20T00:12:30Z  439.423  10.977  -152.035  2.50714E-16  SWARM-A  14.089  10.870
2018-04-20T00:13:00Z  439.360  12.915  -152.067  2.50871E-16  SWARM-A  14.095  12.799
2018-04-20T00:13:30Z  439.337  14.852  -152.098  2.51115E-16  SWARM-A  14.101  14.728
2018-04-20T00:14:00Z  439.352  16.789  -152.127  2.51349E-16  SWARM-A  14.108  16.657
2018-04-20T00:14:30Z  439.404  18.726  -152.154  2.51697E-16  SWARM-A  14.114  18.587
2018-04-20T00:15:00Z  439.492  20.663  -152.179  2.52094E-16  SWARM-A  14.121  20.516
2018-04-20T00:15:30Z  439.615  22.599  -152.201  2.52555E-16  SWARM-A  14.128  22.446
2018-04-20T00:16:00Z  439.770  24.535  -152.220  2.53049E-16  SWARM-A  14.135  24.376
2018-04-20T00:16:30Z  439.957  26.470  -152.236  2.53597E-16  SWARM-A  14.142  26.306
2018-04-20T00:17:00Z  440.173  28.404  -152.249  2.54167E-16  SWARM-A  14.149  28.236
2018-04-20T00:17:30Z  440.417  30.338  -152.257  2.54811E-16  SWARM-A  14.157  30.166
2018-04-20T00:18:00Z  440.686  32.271  -152.260  2.55442E-16  SWARM-A  14.165  32.096
2018-04-20T00:18:30Z  440.978  34.203  -152.259  2.55750E-16  SWARM-A  14.174  34.026
2018-04-20T00:19:00Z  441.292  36.135  -152.251  2.56032E-16  SWARM-A  14.183  35.957
2018-04-20T00:19:30Z  441.624  38.066  -152.236  2.56323E-16  SWARM-A  14.192  37.888
2018-04-20T00:20:00Z  441.972  39.995  -152.215  2.56609E-16  SWARM-A  14.202  39.818
2018-04-20T00:20:30Z  442.334  41.924  -152.184  2.56885E-16  SWARM-A  14.212  41.749
2018-04-20T00:21:00Z  442.708  43.852  -152.144  2.57169E-16  SWARM-A  14.223  43.680
2018-04-20T00:21:30Z  443.090  45.780  -152.093  2.57545E-16  SWARM-A  14.235  45.611
2018-04-20T00:22:00Z  443.479  47.706  -152.029  2.57911E-16  SWARM-A  14.247  47.543
2018-04-20T00:22:30Z  443.871  49.631  -151.951  2.58351E-16  SWARM-A  14.261  49.474
2018-04-20T00:23:00Z  444.265  51.555  -151.856  2.58791E-16  SWARM-A  14.276  51.405
2018-04-20T00:23:30Z  444.658  53.478  -151.742  2.59303E-16  SWARM-A  14.292  53.337
2018-04-20T00:24:00Z  445.046  55.399  -151.605  2.59703E-16  SWARM-A  14.309  55.268
2018-04-20T00:24:30Z  445.429  57.319  -151.442  2.59958E-16  SWARM-A  14.328  57.200
2018-04-20T00:25:00Z  445.803  59.238  -151.247  2.60255E-16  SWARM-A  14.350  59.132
2018-04-20T00:25:30Z  446.167  61.156  -151.013  2.60522E-16  SWARM-A  14.373  61.063
2018-04-20T00:26:00Z  446.517  63.071  -150.734  2.60826E-16  SWARM-A  14.400  62.995
2018-04-20T00:26:30Z  446.853  64.985  -150.397  2.60840E-16  SWARM-A  14.431  64.927
2018-04-20T00:27:00Z  447.172  66.897  -149.989  2.60657E-16  SWARM-A  14.467  66.859
2018-04-20T00:27:30Z  447.471  68.806  -149.491  2.60475E-16  SWARM-A  14.508  68.791
2018-04-20T00:28:00Z  447.750  70.711  -148.876  2.60166E-16  SWARM-A  14.558  70.723
2018-04-20T00:28:30Z  448.007  72.613  -148.106  2.59652E-16  SWARM-A  14.617  72.655
2018-04-20T00:29:00Z  448.240  74.509  -147.124  2.59211E-16  SWARM-A  14.691  74.587
2018-04-20T00:29:30Z  448.448  76.398  -145.843  2.58364E-16  SWARM-A  14.785  76.519
2018-04-20T00:30:00Z  448.630  78.276  -144.119  2.56986E-16  SWARM-A  14.908  78.452
2018-04-20T00:30:30Z  448.784  80.138  -141.706  2.55033E-16  SWARM-A  15.077  80.384
2018-04-20T00:31:00Z  448.910  81.972  -138.137  2.52325E-16  SWARM-A  15.324  82.316
2018-04-20T00:31:30Z  449.007  83.753  -132.441  2.48611E-16  SWARM-A  15.712  84.248
2018-04-20T00:32:00Z  449.075  85.421  -122.346  2.44361E-16  SWARM-A  16.393  86.181
2018-04-20T00:32:30Z  449.112  86.794  -102.275  2.39682E-16  SWARM-A  17.739  88.113
2018-04-20T00:33:00Z  449.119  87.362  -65.614  2.34629E-16  SWARM-A  20.192  90.045
2018-04-20T00:33:30Z  449.096  86.682  -30.389  2.28920E-16  SWARM-A  22.548  91.977
2018-04-20T00:34:00Z  449.042  85.264  -11.700  2.22700E-16  SWARM-A  23.803  93.910
2018-04-20T00:34:30Z  448.958  83.579  -2.217  2.16361E-16  SWARM-A  0.443  95.842
2018-04-20T00:35:00Z  448.845  81.791  3.197  2.09991E-16  SWARM-A  0.813  97.774
2018-04-20T00:35:30Z  448.702  79.954  6.620  2.03700E-16  SWARM-A  1.049  99.707
2018-04-20T00:36:00Z  448.531  78.090  8.949  1.97589E-16  SWARM-A  1.213  101.639
2018-04-20T00:36:30Z  448.333  76.210  10.619  1.91767E-16  SWARM-A  1.332  103.571
2018-04-20T00:37:00Z  448.109  74.320  11.866  1.86136E-16  SWARM-A  1.424  105.503
2018-04-20T00:37:30Z  447.860  72.423  12.823  1.80736E-16  SWARM-A  1.496  107.435
2018-04-20T00:38:00Z  447.587  70.521  13.576  1.75659E-16  SWARM-A  1.554  109.368
2018-04-20T00:38:30Z  447.292  68.615  14.178  1.70744E-16  SWARM-A  1.603  111.300
2018-04-20T00:39:00Z  446.977  66.706  14.665  1.66004E-16  SWARM-A  1.644  113.232
2018-04-20T00:39:30Z  446.644  64.794  15.065  1.61598E-16  SWARM-A  1.679  115.164
2018-04-20T00:40:00Z  446.294  62.880  15.396  1.57547E-16  SWARM-A  1.709  117.096
2018-04-20T00:40:30Z  445.929  60.964  15.670  1.53820E-16  SWARM-A  1.736  119.028
2018-04-20T00:41:00Z  445.552  59.046  15.899  1.50372E-16  SWARM-A  1.759  120.960
2018-04-20T00:41:30Z  445.165  57.127  16.091  1.47119E-16  SWARM-A  1.780  122.892
2018-04-20T00:42:00Z  444.769  55.207  16.252  1.44039E-16  SWARM-A  1.800  124.823
2018-04-20T00:42:30Z  444.369  53.285  16.386  1.41113E-16  SWARM-A  1.817  126.755
2018-04-20T00:43:00Z  443.965  51.362  16.498  1.38396E-16  SWARM-A  1.833  128.687
2018-04-20T00:43:30Z  443.560  49.437  16.591  1.35824E-16  SWARM-A  1.847  130.618
2018-04-20T00:44:00Z  443.157  47.512  16.668  1.33408E-16  SWARM-A  1.861  132.550
2018-04-20T00:44:30Z  442.759  45.586  16.730  1.31196E-16  SWARM-A  1.873  134.481
2018-04-20T00:45:00Z  442.367  43.658  16.780  1.29128E-16  SWARM-A  1.885  136.412
2018-04-20T00:45:30Z  441.985  41.730  16.819  1.27263E-16  SWARM-A  1.896  138.343
2018-04-20T00:46:00Z  441.614  39.801  16.849  1.25488E-16  SWARM-A  1.906  140.274
2018-04-20T00:46:30Z  441.258  37.870  16.870  1.23862E-16  SWARM-A  1.916  142.205
2018-04-20T00:47:00Z  440.919  35.939  16.884  1.22350E-16  SWARM-A  1.925  144.136
2018-04-20T00:47:30Z  440.599  34.008  16.891  1.20984E-16  SWARM-A  1.934  146.067
2018-04-20T00:48:00Z  440.300  32.075  16.892  1.19722E-16  SWARM-A  1.942  147.998
2018-04-20T00:48:30Z  440.025  30.142  16.888  1.18559E-16  SWARM-A  1.950  149.928
2018-04-20T00:49:00Z  439.776  28.207  16.879  1.17476E-16  SWARM-A  1.958  151.858
2018-04-20T00:49:30Z  439.556  26.273  16.866  1.16515E-16  SWARM-A  1.966  153.789
2018-04-20T00:50:00Z  439.365  24.337  16.850  1.15620E-16  SWARM-A  1.973  155.719
2018-04-20T00:50:30Z  439.206  22.402  16.830  1.14807E-16  SWARM-A  1.980  157.649
2018-04-20T00:51:00Z  439.080  20.465  16.808  1.14084E-16  SWARM-A  1.987  159.579
2018-04-20T00:51:30Z  438.990  18.528  16.783  1.13390E-16  SWARM-A  1.993  161.508
2018-04-20T00:52:00Z  438.936  16.591  16.755  1.12748E-16  SWARM-A  2.000  163.438
2018-04-20T00:52:30Z  438.920  14.654  16.726  1.12135E-16  SWARM-A  2.006  165.367
2018-04-20T00:53:00Z  438.943  12.716  16.695  1.11551E-16  SWARM-A  2.012  167.296
2018-04-20T00:53:30Z  439.006  10.778  16.663  1.10984E-16  SWARM-A  2.019  169.226
2018-04-20T00:54:00Z  439.109  8.840  16.629  1.10405E-16  SWARM-A  2.025  171.154
2018-04-20T00:54:30Z  439.254  6.901  16.595  1.09833E-16  SWARM-A  2.031  173.083
2018-04-20T00:55:00Z  439.440  4.963  16.559  1.09306E-16  SWARM-A  2.037  175.012
2018-04-20T00:55:30Z  439.668  3.025  16.524  1.08783E-16  SWARM-A  2.043  176.940
2018-04-20T00:56:00Z  439.938  1.086  16.487  1.08266E-16  SWARM-A  2.049  178.868
2018-04-20T00:56:30Z  440.250  -0.852  16.451  1.07823E-16  SWARM-A  2.055  180.796
2018-04-20T00:57:00Z  440.603  -2.790  16.415  1.07409E-16  SWARM-A  2.060  182.724
2018-04-20T00:57:30Z  440.997  -4.727  16.379  1.07045E-16  SWARM-A  2.066  184.652
2018-04-20T00:58:00Z  441.431  -6.665  16.344  1.06813E-16  SWARM-A  2.072  186.579
2018-04-20T00:58:30Z  441.904  -8.602  16.309  1.06658E-16  SWARM-A  2.078  188.507
2018-04-20T00:59:00Z  442.415  -10.538  16.275  1.06591E-16  SWARM-A  2.084  190.434
2018-04-20T00:59:30Z  442.963  -12.474  16.243  1.06586E-16  SWARM-A  2.091  192.361
2018-04-20T01:00:00Z  443.546  -14.410  16.211  1.06705E-16  SWARM-A  2.097  194.288
2018-04-20T01:00:30Z  444.163  -16.344  16.182  1.06930E-16  SWARM-A  2.103  196.214
2018-04-20T01:01:00Z  444.811  -18.278  16.154  1.07253E-16  SWARM-A  2.110  198.141
2018-04-20T01:01:30Z  445.489  -20.212  16.128  1.07704E-16  SWARM-A  2.116  200.067
2018-04-20T01:02:00Z  446.195  -22.144  16.105  1.08261E-16  SWARM-A  2.123  201.993
2018-04-20T01:02:30Z  446.927  -24.076  16.085  1.08923E-16  SWARM-A  2.130  203.919
2018-04-20T01:03:00Z  447.682  -26.007  16.068  1.09683E-16  SWARM-A  2.137  205.844
2018-04-20T01:03:30Z  448.457  -27.937  16.054  1.10504E-16  SWARM-A  2.145  207.770
2018-04-20T01:04:00Z  449.251  -29.866  16.044  1.11382E-16  SWARM-A  2.152  209.695
2018-04-20T01:04:30Z  450.060  -31.794  16.039  1.12315E-16  SWARM-A  2.160  211.620
2018-04-20T01:05:00Z  450.882  -33.721  16.039  1.13272E-16  SWARM-A  2.169  213.545
2018-04-20T01:05:30Z  451.714  -35.647  16.045  1.14084E-16  SWARM-A  2.177  215.470
2018-04-20T01:06:00Z  452.554  -37.572  16.057  1.14796E-16  SWARM-A  2.187  217.394
2018-04-20T01:06:30Z  453.397  -39.496  16.077  1.15507E-16  SWARM-A  2.196  219.319
2018-04-20T01:07:00Z  454.242  -41.418  16.104  1.16140E-16  SWARM-A  2.206  221.243
2018-04-20T01:07:30Z  455.084  -43.340  16.141  1.16765E-16  SWARM-A  2.217  223.167
2018-04-20T01:08:00Z  455.922  -45.260  16.188  1.17321E-16  SWARM-A  2.229  225.091
2018-04-20T01:08:30Z  456.753  -47.179  16.248  1.17807E-16  SWARM-A  2.241  227.015
2018-04-20T01:09:00Z  457.572  -49.097  16.321  1.18242E-16  SWARM-A  2.254  228.938
2018-04-20T01:09:30Z  458.378  -51.013  16.410  1.18598E-16  SWARM-A  2.268  230.862
2018-04-20T01:10:00Z  459.167  -52.928  16.517  1.18899E-16  SWARM-A  2.284  232.785
2018-04-20T01:10:30Z  459.937  -54.842  16.646  1.19116E-16  SWARM-A  2.301  234.708
2018-04-20T01:11:00Z  460.684  -56.754  16.800  1.19246E-16  SWARM-A  2.319  236.631
2018-04-20T01:11:30Z  461.406  -58.664  16.983  1.19369E-16  SWARM-A  2.340  238.554
2018-04-20T01:12:00Z  462.101  -60.573  17.203  1.19471E-16  SWARM-A  2.363  240.477
2018-04-20T01:12:30Z  462.765  -62.480  17.465  1.19609E-16  SWARM-A  2.389  242.399
2018-04-20T01:13:00Z  463.396  -64.386  17.781  1.19546E-16  SWARM-A  2.418  244.322
2018-04-20T01:13:30Z  463.993  -66.288  18.161  1.19527E-16  SWARM-A  2.452  246.244
2018-04-20T01:14:00Z  464.552  -68.189  18.625  1.19479E-16  SWARM-A  2.491  248.167
2018-04-20T01:14:30Z  465.073  -70.086  19.194  1.19508E-16  SWARM-A  2.537  250.089
2018-04-20T01:15:00Z  465.552  -71.979  19.903  1.19565E-16  SWARM-A  2.593  252.011
2018-04-20T01:15:30Z  465.988  -73.868  20.801  1.19648E-16  SWARM-A  2.661  253.933
2018-04-20T01:16:00Z  466.379  -75.750  21.960  1.19738E-16  SWARM-A  2.747  255.855
2018-04-20T01:16:30Z  466.725  -77.622  23.500  1.19834E-16  SWARM-A  2.858  257.777
2018-04-20T01:17:00Z  467.023  -79.481  25.620  1.19848E-16  SWARM-A  3.007  259.699
2018-04-20T01:17:30Z  467.273  -81.317  28.682  1.19719E-16  SWARM-A  3.220  261.621
2018-04-20T01:18:00Z  467.473  -83.112  33.413  1.19594E-16  SWARM-A  3.544  263.543
2018-04-20T01:18:30Z  467.624  -84.824  41.429  1.19470E-16  SWARM-A  4.086  265.465
2018-04-20T01:19:00Z  467.724  -86.336  56.717  1.19403E-16  SWARM-A  5.114  267.386
2018-04-20T01:19:30Z  467.773  -87.289  87.049  1.19408E-16  SWARM-A  7.144  269.308
2018-04-20T01:20:00Z  467.771  -87.074  126.307  1.19576E-16  SWARM-A  9.770  271.230
2018-04-20T01:20:30Z  467.718  -85.869  150.802  1.19785E-16  SWARM-A  11.411  273.152
2018-04-20T01:21:00Z  467.614  -84.267  162.972  1.20119E-16  SWARM-A  12.231  275.073
2018-04-20T01:21:30Z  467.461  -82.520  169.616  1.20592E-16  SWARM-A  12.682  276.995
2018-04-20T01:22:00Z  467.257  -80.709  173.672  1.21284E-16  SWARM-A  12.961  278.917
2018-04-20T01:22:30Z  467.005  -78.864  176.365  1.22247E-16  SWARM-A  13.149  280.839
2018-04-20T01:23:00Z  466.704  -77.000  178.261  1.23455E-16  SWARM-A  13.284  282.761
2018-04-20T01:23:30Z  466.357  -75.124  179.658  1.24772E-16  SWARM-A  13.385  284.682
2018-04-20T01:24:00Z  465.964  -73.240  -179.281  1.26178E-16  SWARM-A  13.464  286.604
2018-04-20T01:24:30Z  465.528  -71.350  -178.453  1.27764E-16  SWARM-A  13.528  288.526
2018-04-20T01:25:00Z  465.049  -69.455  -177.795  1.29477E-16  SWARM-A  13.580  290.448
2018-04-20T01:25:30Z  464.529  -67.557  -177.264  1.31253E-16  SWARM-A  13.624  292.371
2018-04-20T01:26:00Z  463.971  -65.656  -176.830  1.33021E-16  SWARM-A  13.661  294.293
2018-04-20T01:26:30Z  463.377  -63.752  -176.473  1.34746E-16  SWARM-A  13.693  296.215
2018-04-20T01:27:00Z  462.748  -61.847  -176.176  1.36371E-16  SWARM-A  13.721  298.138
2018-04-20T01:27:30Z  462.087  -59.939  -175.929  1.38094E-16  SWARM-A  13.746  300.060
2018-04-20T01:28:00Z  461.397  -58.030  -175.722  1.39832E-16  SWARM-A  13.768  301.983
2018-04-20T01:28:30Z  460.680  -56.119  -175.549  1.41715E-16  SWARM-A  13.788  303.906
2018-04-20T01:29:00Z  459.938  -54.206  -175.404  1.43817E-16  SWARM-A  13.806  305.829
2018-04-20T01:29:30Z  459.175  -52.292  -175.282  1.46122E-16  SWARM-A  13.822  307.752
2018-04-20T01:30:00Z  458.393  -50.377  -175.182  1.48654E-16  SWARM-A  13.837  309.675
2018-04-20T01:30:30Z  457.595  -48.460  -175.098  1.51539E-16  SWARM-A  13.851  311.598
2018-04-20T01:31:00Z  456.785  -46.542  -175.030  1.54558E-16  SWARM-A  13.864  313.522
2018-04-20T01:31:30Z  455.964  -44.623  -174.975  1.57751E-16  SWARM-A  13.876  315.445
2018-04-20T01:32:00Z  455.136  -42.703  -174.931  1.61110E-16  SWARM-A  13.887  317.369
2018-04-20T01:32:30Z  454.304  -40.781  -174.898  1.64701E-16  SWARM-A  13.898  319.293
2018-04-20T01:33:00Z  453.470  -38.858  -174.873  1.68458E-16  SWARM-A  13.908  321.217
2018-04-20T01:33:30Z  452.639  -36.934  -174.856  1.72433E-16  SWARM-A  13.917  323.141
2018-04-20T01:34:00Z  451.812  -35.009  -174.846  1.76676E-16  SWARM-A  13.926  325.066
2018-04-20T01:34:30Z  450.993  -33.083  -174.842  1.81112E-16  SWARM-A  13.935  326.990
2018-04-20T01:35:00Z  450.184  -31.156  -174.844  1.85769E-16  SWARM-A  13.943  328.915
2018-04-20T01:35:30Z  449.389  -29.228  -174.851  1.90671E-16  SWARM-A  13.951  330.840
2018-04-20T01:36:00Z  448.609  -27.299  -174.862  1.95763E-16  SWARM-A  13.959  332.765
2018-04-20T01:36:30Z  447.849  -25.369  -174.876  2.01027E-16  SWARM-A  13.966  334.690
2018-04-20T01:37:00Z  447.109  -23.438  -174.895  2.06487E-16  SWARM-A  13.973  336.616
2018-04-20T01:37:30Z  446.393  -21.506  -174.916  2.12109E-16  SWARM-A  13.980  338.541
2018-04-20T01:38:00Z  445.702  -19.573  -174.940  2.17819E-16  SWARM-A  13.987  340.467
2018-04-20T01:38:30Z  445.039  -17.640  -174.966  2.23657E-16  SWARM-A  13.993  342.393
2018-04-20T01:39:00Z  444.407  -15.706  -174.995  2.29495E-16  SWARM-A  14.000  344.319
2018-04-20T01:39:30Z  443.806  -13.771  -175.025  2.35343E-16  SWARM-A  14.006  346.246
2018-04-20T01:40:00Z  443.239  -11.836  -175.057  2.41090E-16  SWARM-A  14.012  348.172
2018-04-20T01:40:30Z  442.707  -9.900  -175.090  2.46730E-16  SWARM-A  14.019  350.099
2018-04-20T01:41:00Z  442.212  -7.964  -175.124  2.52189E-16  SWARM-A  14.025  352.026
2018-04-20T01:41:30Z  441.754  -6.027  -175.159  2.57440E-16  SWARM-A  14.031  353.953
2018-04-20T01:42:00Z  441.336  -4.090  -175.195  2.62408E-16  SWARM-A  14.037  355.880
2018-04-20T01:42:30Z  440.957  -2.152  -175.231  2.67112E-16  SWARM-A  14.043  357.808
2018-04-20T01:43:00Z  440.619  -0.214  -175.267  2.71499E-16  SWARM-A  14.048  359.736
2018-04-20T01:43:30Z  440.321  1.724  -175.303  2.75534E-16  SWARM-A  14.054  1.663
2018-04-20T01:44:00Z  440.065  3.662  -175.339  2.79194E-16  SWARM-A  14.060  3.591
2018-04-20T01:44:30Z  439.850  5.600  -175.375  2.82471E-16  SWARM-A  14.066  5.520
2018-04-20T01:45:00Z  439.676  7.538  -175.410  2.85432E-16  SWARM-A  14.072  7.448
2018-04-20T01:45:30Z  439.544  9.476  -175.444  2.88050E-16  SWARM-A  14.078  9.377
2018-04-20T01:46:00Z  439.451  11.414  -175.478  2.90350E-16  SWARM-A  14.084  11.305
2018-04-20T01:46:30Z  439.399  13.351  -175.510  2.92352E-16  SWARM-A  14.091  13.234
2018-04-20T01:47:00Z  439.386  15.289  -175.540  2.94058E-16  SWARM-A  14.097  15.163
2018-04-20T01:47:30Z  439.410  17.226  -175.569  2.95433E-16  SWARM-A  14.103  17.092
2018-04-20T01:48:00Z  439.472  19.163  -175.596  2.96518E-16  SWARM-A  14.110  19.022
2018-04-20T01:48:30Z  439.569  21.099  -175.620  2.97346E-16  SWARM-A  14.117  20.951
2018-04-20T01:49:00Z  439.700  23.035  -175.642  2.97921E-16  SWARM-A  14.123  22.881
2018-04-20T01:49:30Z  439.864  24.971  -175.660  2.98255E-16  SWARM-A  14.131  24.810
2018-04-20T01:50:00Z  440.059  26.906  -175.676  2.98284E-16  SWARM-A  14.138  26.740
2018-04-20T01:50:30Z  440.282  28.840  -175.687  2.98048E-16  SWARM-A  14.145  28.670
2018-04-20T01:51:00Z  440.532  30.773  -175.694  2.97551E-16  SWARM-A  14.153  30.601
2018-04-20T01:51:30Z  440.808  32.706  -175.697  2.96750E-16  SWARM-A  14.161  32.531
2018-04-20T01:52:00Z  441.106  34.638  -175.694  2.95375E-16  SWARM-A  14.170  34.461
2018-04-20T01:52:30Z  441.424  36.570  -175.685  2.93536E-16  SWARM-A  14.179  36.392
2018-04-20T01:53:00Z  441.760  38.500  -175.669  2.91472E-16  SWARM-A  14.188  38.322
2018-04-20T01:53:30Z  442.112  40.430  -175.645  2.89205E-16  SWARM-A  14.198  40.253
2018-04-20T01:54:00Z  442.478  42.359  -175.613  2.86761E-16  SWARM-A  14.209  42.184
2018-04-20T01:54:30Z  442.854  44.287  -175.570  2.84305E-16  SWARM-A  14.220  44.115
2018-04-20T01:55:00Z  443.238  46.213  -175.517  2.81835E-16  SWARM-A  14.232  46.046
2018-04-20T01:55:30Z  443.628  48.139  -175.450  2.79342E-16  SWARM-A  14.245  47.977
2018-04-20T01:56:00Z  444.021  50.064  -175.368  2.76905E-16  SWARM-A  14.258  49.909
2018-04-20T01:56:30Z  444.415  51.988  -175.270  2.74498E-16  SWARM-A  14.273  51.840
2018-04-20T01:57:00Z  444.807  53.910  -175.151  2.71945E-16  SWARM-A  14.290  53.771
2018-04-20T01:57:30Z  445.194  55.831  -175.009  2.69529E-16  SWARM-A  14.307  55.703
2018-04-20T01:58:00Z  445.575  57.751  -174.839  2.67280E-16  SWARM-A  14.327  57.635
2018-04-20T01:58:30Z  445.947  59.670  -174.635  2.65193E-16  SWARM-A  14.349  59.566
2018-04-20T01:59:00Z  446.308  61.587  -174.393  2.62637E-16  SWARM-A  14.373  61.498
2018-04-20T01:59:30Z  446.655  63.502  -174.101  2.60266E-16  SWARM-A  14.401  63.430
2018-04-20T02:00:00Z  446.987  65.415  -173.750  2.58058E-16  SWARM-A  14.433  65.362
2018-04-20T02:00:30Z  447.302  67.326  -173.325  2.56079E-16  SWARM-A  14.470  67.293
2018-04-20T02:01:00Z  447.597  69.235  -172.803  2.54707E-16  SWARM-A  14.513  69.225
2018-04-20T02:01:30Z  447.871  71.139  -172.158  2.53528E-16  SWARM-A  14.564  71.157
2018-04-20T02:02:00Z  448.122  73.040  -171.346  2.52510E-16  SWARM-A  14.627  73.090
2018-04-20T02:02:30Z  448.349  74.935  -170.307  2.51503E-16  SWARM-A  14.704  75.022
2018-04-20T02:03:00Z  448.551  76.822  -168.942  2.49876E-16  SWARM-A  14.804  76.954
2018-04-20T02:03:30Z  448.726  78.697  -167.091  2.48196E-16  SWARM-A  14.935  78.886
2018-04-20T02:04:00Z  448.873  80.554  -164.471  2.46305E-16  SWARM-A  15.118  80.818
2018-04-20T02:04:30Z  448.992  82.379  -160.537  2.44135E-16  SWARM-A  15.389  82.750
2018-04-20T02:05:00Z  449.081  84.142  -154.128  2.41372E-16  SWARM-A  15.824  84.683
2018-04-20T02:05:30Z  449.141  85.768  -142.453  2.38317E-16  SWARM-A  16.611  86.615
2018-04-20T02:06:00Z  449.170  87.020  -118.909  2.35023E-16  SWARM-A  18.189  88.547
2018-04-20T02:06:30Z  449.169  87.313  -79.837  2.31409E-16  SWARM-A  20.802  90.479
2018-04-20T02:07:00Z  449.138  86.405  -48.365  2.27355E-16  SWARM-A  22.909  92.412
2018-04-20T02:07:30Z  449.076  84.901  -32.448  2.23009E-16  SWARM-A  23.978  94.344
2018-04-20T02:08:00Z  448.984  83.184  -24.176  2.18508E-16  SWARM-A  0.538  96.276
2018-04-20T02:08:30Z  448.862  81.382  -19.331  2.13895E-16  SWARM-A  0.869  98.208
2018-04-20T02:09:00Z  448.712  79.537  -16.211  2.08977E-16  SWARM-A  1.086  100.141
2018-04-20T02:09:30Z  448.533  77.669  -14.059  2.03719E-16  SWARM-A  1.237  102.073
2018-04-20T02:10:00Z  448.328  75.787  -12.500  1.98501E-16  SWARM-A  1.350  104.005
2018-04-20T02:10:30Z  448.096  73.895  -11.329  1.93308E-16  SWARM-A  1.436  105.937
2018-04-20T02:11:00Z  447.839  71.997  -10.424  1.88082E-16  SWARM-A  1.505  107.869
2018-04-20T02:11:30Z  447.560  70.094  -9.710  1.82857E-16  SWARM-A  1.561  109.801
2018-04-20T02:12:00Z  447.258  68.187  -9.137  1.77708E-16  SWARM-A  1.607  111.734
2018-04-20T02:12:30Z  446.936  66.277  -8.671  1.72621E-16  SWARM-A  1.647  113.666
2018-04-20T02:13:00Z  446.596  64.364  -8.288  1.67866E-16  SWARM-A  1.680  115.598
2018-04-20T02:13:30Z  446.240  62.450  -7.972  1.63628E-16  SWARM-A  1.710  117.530
2018-04-20T02:14:00Z  445.870  60.534  -7.708  1.59543E-16  SWARM-A  1.736  119.462
2018-04-20T02:14:30Z  445.487  58.616  -7.488  1.55507E-16  SWARM-A  1.759  121.393
2018-04-20T02:15:00Z  445.095  56.696  -7.304  1.51545E-16  SWARM-A  1.779  123.325
2018-04-20T02:15:30Z  444.695  54.775  -7.150  1.47593E-16  SWARM-A  1.798  125.257
2018-04-20T02:16:00Z  444.290  52.853  -7.021  1.43613E-16  SWARM-A  1.815  127.189
2018-04-20T02:16:30Z  443.883  50.930  -6.913  1.39652E-16  SWARM-A  1.830  129.120
2018-04-20T02:17:00Z  443.475  49.005  -6.824  1.35660E-16  SWARM-A  1.845  131.052
2018-04-20T02:17:30Z  443.070  47.080  -6.751  1.31783E-16  SWARM-A  1.858  132.983
2018-04-20T02:18:00Z  442.669  45.153  -6.692  1.28028E-16  SWARM-A  1.870  134.914
2018-04-20T02:18:30Z  442.276  43.225  -6.645  1.24450E-16  SWARM-A  1.882  136.846
2018-04-20T02:19:00Z  441.892  41.297  -6.608  1.21021E-16  SWARM-A  1.892  138.777
2018-04-20T02:19:30Z  441.521  39.367  -6.580  1.17799E-16  SWARM-A  1.903  140.708
2018-04-20T02:20:00Z  441.165  37.437  -6.561  1.14737E-16  SWARM-A  1.912  142.639
2018-04-20T02:20:30Z  440.827  35.506  -6.549  1.11852E-16  SWARM-A  1.921  144.570
2018-04-20T02:21:00Z  440.508  33.574  -6.543  1.09150E-16  SWARM-A  1.930  146.500
2018-04-20T02:21:30Z  440.211  31.641  -6.543  1.06655E-16  SWARM-A  1.938  148.431
2018-04-20T02:22:00Z  439.938  29.707  -6.548  1.04352E-16  SWARM-A  1.946  150.361
2018-04-20T02:22:30Z  439.692  27.773  -6.558  1.02249E-16  SWARM-A  1.954  152.292
2018-04-20T02:23:00Z  439.474  25.838  -6.572  1.00345E-16  SWARM-A  1.962  154.222
2018-04-20T02:23:30Z  439.286  23.903  -6.589  9.86498E-17  SWARM-A  1.969  156.152
2018-04-20T02:24:00Z  439.131  21.967  -6.609  9.71555E-17  SWARM-A  1.976  158.082
2018-04-20T02:24:30Z  439.010  20.030  -6.633  9.58799E-17  SWARM-A  1.982  160.012
2018-04-20T02:25:00Z  438.924  18.093  -6.658  9.47624E-17  SWARM-A  1.989  161.942
2018-04-20T02:25:30Z  438.876  16.156  -6.686  9.38698E-17  SWARM-A  1.996  163.871
2018-04-20T02:26:00Z  438.865  14.218  -6.716  9.31629E-17  SWARM-A  2.002  165.801
2018-04-20T02:26:30Z  438.893  12.280  -6.747  9.26315E-17  SWARM-A  2.008  167.730
2018-04-20T02:27:00Z  438.962  10.342  -6.780  9.22633E-17  SWARM-A  2.014  169.659
2018-04-20T02:27:30Z  439.071  8.404  -6.814  9.20482E-17  SWARM-A  2.020  171.588
2018-04-20T02:28:00Z  439.222  6.466  -6.848  9.19896E-17  SWARM-A  2.026  173.517
2018-04-20T02:28:30Z  439.414  4.527  -6.884  9.20587E-17  SWARM-A  2.032  175.445
2018-04-20T02:29:00Z  439.648  2.589  -6.920  9.22493E-17  SWARM-A  2.038  177.373
2018-04-20T02:29:30Z  439.924  0.651  -6.956  9.25833E-17  SWARM-A  2.044  179.302
2018-04-20T02:30:00Z  440.242  -1.288  -6.992  9.29763E-17  SWARM-A  2.050  181.230
2018-04-20T02:30:30Z  440.601  -3.226  -7.028  9.34534E-17  SWARM-A  2.056  183.158
2018-04-20T02:31:00Z  441.001  -5.163  -7.064  9.41117E-17  SWARM-A  2.062  185.085
2018-04-20T02:31:30Z  441.440  -7.100  -7.100  9.49494E-17  SWARM-A  2.068  187.013
2018-04-20T02:32:00Z  441.919  -9.037  -7.134  9.59552E-17  SWARM-A  2.074  188.940
2018-04-20T02:32:30Z  442.435  -10.974  -7.168  9.71214E-17  SWARM-A  2.080  190.867
2018-04-20T02:33:00Z  442.988  -12.910  -7.200  9.84441E-17  SWARM-A  2.086  192.794
2018-04-20T02:33:30Z  443.576  -14.845  -7.231  9.99412E-17  SWARM-A  2.093  194.721
2018-04-20T02:34:00Z  444.197  -16.780  -7.260  1.01592E-16  SWARM-A  2.099  196.648
2018-04-20T02:34:30Z  444.850  -18.714  -7.288  1.03438E-16  SWARM-A  2.106  198.574
2018-04-20T02:35:00Z  445.532  -20.647  -7.313  1.05416E-16  SWARM-A  2.112  200.500
2018-04-20T02:35:30Z  446.242  -22.579  -7.335  1.07610E-16  SWARM-A  2.119  202.426
2018-04-20T02:36:00Z  446.977  -24.511  -7.355  1.09935E-16  SWARM-A  2.126  204.352
2018-04-20T02:36:30Z  447.735  -26.442  -7.371  1.12429E-16  SWARM-A  2.133  206.278
2018-04-20T02:37:00Z  448.514  -28.372  -7.384  1.15041E-16  SWARM-A  2.141  208.203
2018-04-20T02:37:30Z  449.310  -30.301  -7.393  1.17765E-16  SWARM-A  2.149  210.129
2018-04-20T02:38:00Z  450.122  -32.228  -7.397  1.20546E-16  SWARM-A  2.157  212.054
2018-04-20T02:38:30Z  450.945  -34.155  -7.395  1.23330E-16  SWARM-A  2.165  213.979
2018-04-20T02:39:00Z  451.778  -36.081  -7.388  1.26178E-16  SWARM-A  2.174  215.903
2018-04-20T02:39:30Z  452.618  -38.006  -7.375  1.29050E-16  SWARM-A  2.183  217.828
2018-04-20T02:40:00Z  453.462  -39.929  -7.354  1.31958E-16  SWARM-A  2.193  219.752
2018-04-20T02:40:30Z  454.306  -41.852  -7.324  1.34858E-16  SWARM-A  2.203  221.677
2018-04-20T02:41:00Z  455.148  -43.773  -7.285  1.37638E-16  SWARM-A  2.214  223.601
2018-04-20T02:41:30Z  455.984  -45.693  -7.235  1.40265E-16  SWARM-A  2.226  225.525
2018-04-20T02:42:00Z  456.813  -47.612  -7.173  1.42845E-16  SWARM-A  2.238  227.449
2018-04-20T02:42:30Z  457.630  -49.529  -7.097  1.45371E-16  SWARM-A  2.252  229.372
2018-04-20T02:43:00Z  458.432  -51.445  -7.004  1.47827E-16  SWARM-A  2.266  231.296
2018-04-20T02:43:30Z  459.218  -53.360  -6.892  1.50233E-16  SWARM-A  2.282  233.219
2018-04-20T02:44:00Z  459.983  -55.273  -6.758  1.52586E-16  SWARM-A  2.299  235.142
2018-04-20T02:44:30Z  460.725  -57.185  -6.598  1.54856E-16  SWARM-A  2.318  237.065
2018-04-20T02:45:00Z  461.443  -59.096  -6.407  1.57043E-16  SWARM-A  2.339  238.988
2018-04-20T02:45:30Z  462.131  -61.004  -6.178  1.59127E-16  SWARM-A  2.363  240.911
2018-04-20T02:46:00Z  462.790  -62.911  -5.905  1.61095E-16  SWARM-A  2.389  242.834
2018-04-20T02:46:30Z  463.415  -64.816  -5.576  1.62860E-16  SWARM-A  2.420  244.756
2018-04-20T02:47:00Z  464.005  -66.718  -5.178  1.64286E-16  SWARM-A  2.454  246.679
2018-04-20T02:47:30Z  464.557  -68.618  -4.693  1.65519E-16  SWARM-A  2.495  248.601
2018-04-20T02:48:00Z  465.070  -70.514  -4.096  1.66601E-16  SWARM-A  2.543  250.523
2018-04-20T02:48:30Z  465.541  -72.407  -3.349  1.67456E-16  SWARM-A  2.601  252.446
2018-04-20T02:49:00Z  465.969  -74.294  -2.401  1.68138E-16  SWARM-A  2.673  254.368
2018-04-20T02:49:30Z  466.352  -76.174  -1.168  1.68505E-16  SWARM-A  2.764  256.290
2018-04-20T02:50:00Z  466.689  -78.044  0.481  1.68636E-16  SWARM-A  2.882  258.212
2018-04-20T02:50:30Z  466.979  -79.899  2.774  1.68519E-16  SWARM-A  3.043  260.134
2018-04-20T02:51:00Z  467.220  -81.727  6.130  1.68178E-16  SWARM-A  3.275  262.056
2018-04-20T02:51:30Z  467.412  -83.509  11.410  1.67627E-16  SWARM-A  3.635  263.977
2018-04-20T02:52:00Z  467.554  -85.191  20.588  1.66967E-16  SWARM-A  4.256  265.899
2018-04-20T02:52:30Z  467.646  -86.622  38.531  1.66225E-16  SWARM-A  5.460  267.821
2018-04-20T02:53:00Z  467.686  -87.357  72.733  1.65521E-16  SWARM-A  7.749  269.743
2018-04-20T02:53:30Z  467.676  -86.862  109.978  1.64767E-16  SWARM-A  10.240  271.665
2018-04-20T02:54:00Z  467.615  -85.528  130.885  1.63916E-16  SWARM-A  11.642  273.586
2018-04-20T02:54:30Z  467.503  -83.881  141.381  1.63066E-16  SWARM-A  12.350  275.508
2018-04-20T02:55:00Z  467.341  -82.114  147.270  1.62391E-16  SWARM-A  12.751  277.430
2018-04-20T02:55:30Z  467.130  -80.293  150.943  1.61800E-16  SWARM-A  13.004  279.352
2018-04-20T02:56:00Z  466.870  -78.443  153.418  1.61451E-16  SWARM-A  13.178  281.274
2018-04-20T02:56:30Z  466.563  -76.576  155.181  1.61558E-16  SWARM-A  13.303  283.196
2018-04-20T02:57:00Z  466.209  -74.698  156.490  1.62115E-16  SWARM-A  13.399  285.118
2018-04-20T02:57:30Z  465.810  -72.812  157.491  1.63182E-16  SWARM-A  13.474  287.040
2018-04-20T02:58:00Z  465.367  -70.921  158.276  1.64717E-16  SWARM-A  13.535  288.962
2018-04-20T02:58:30Z  464.882  -69.025  158.902  1.66685E-16  SWARM-A  13.585  290.884
2018-04-20T02:59:00Z  464.358  -67.127  159.409  1.69112E-16  SWARM-A  13.627  292.806
2018-04-20T02:59:30Z  463.795  -65.225  159.823  1.71896E-16  SWARM-A  13.663  294.728
2018-04-20T03:00:00Z  463.196  -63.321  160.165  1.74661E-16  SWARM-A  13.694  296.651
2018-04-20T03:00:30Z  462.564  -61.414  160.450  1.77966E-16  SWARM-A  13.721  298.573
2018-04-20T03:01:00Z  461.900  -59.506  160.687  1.81280E-16  SWARM-A  13.746  300.496
2018-04-20T03:01:30Z  461.207  -57.597  160.886  1.84542E-16  SWARM-A  13.767  302.419
2018-04-20T03:02:00Z  460.488  -55.685  161.052  1.87819E-16  SWARM-A  13.787  304.341
2018-04-20T03:02:30Z  459.745  -53.772  161.191  1.91064E-16  SWARM-A  13.804  306.264
2018-04-20T03:03:00Z  458.981  -51.858  161.308  1.94506E-16  SWARM-A  13.820  308.187
2018-04-20T03:03:30Z  458.199  -49.943  161.404  1.98131E-16  SWARM-A  13.835  310.111
2018-04-20T03:04:00Z  457.402  -48.026  161.484  2.02007E-16  SWARM-A  13.849  312.034
2018-04-20T03:04:30Z  456.592  -46.107  161.549  2.06073E-16  SWARM-A  13.861  313.957
2018-04-20T03:05:00Z  455.773  -44.188  161.601  2.10297E-16  SWARM-A  13.873  315.881
2018-04-20T03:05:30Z  454.947  -42.267  161.643  2.14637E-16  SWARM-A  13.884  317.805
2018-04-20T03:06:00Z  454.118  -40.345  161.674  2.19076E-16  SWARM-A  13.895  319.729
2018-04-20T03:06:30Z  453.289  -38.422  161.697  2.23637E-16  SWARM-A  13.905  321.653
2018-04-20T03:07:00Z  452.462  -36.498  161.712  2.28309E-16  SWARM-A  13.914  323.577
2018-04-20T03:07:30Z  451.641  -34.573  161.720  2.33080E-16  SWARM-A  13.923  325.502
2018-04-20T03:08:00Z  450.827  -32.647  161.723  2.37988E-16  SWARM-A  13.931  327.426
2018-04-20T03:08:30Z  450.025  -30.719  161.720  2.42988E-16  SWARM-A  13.939  329.351
2018-04-20T03:09:00Z  449.237  -28.791  161.712  2.48116E-16  SWARM-A  13.947  331.276
2018-04-20T03:09:30Z  448.465  -26.862  161.700  2.53347E-16  SWARM-A  13.955  333.201
2018-04-20T03:10:00Z  447.713  -24.931  161.685  2.58714E-16  SWARM-A  13.962  335.126
2018-04-20T03:10:30Z  446.982  -23.000  161.666  2.64132E-16  SWARM-A  13.969  337.052
2018-04-20T03:11:00Z  446.275  -21.068  161.644  2.69568E-16  SWARM-A  13.976  338.978
2018-04-20T03:11:30Z  445.594  -19.135  161.619  2.74981E-16  SWARM-A  13.983  340.903
2018-04-20T03:12:00Z  444.942  -17.202  161.592  2.80386E-16  SWARM-A  13.989  342.829
2018-04-20T03:12:30Z  444.320  -15.268  161.563  2.85625E-16  SWARM-A  13.996  344.756
2018-04-20T03:13:00Z  443.730  -13.333  161.533  2.90687E-16  SWARM-A  14.002  346.682
2018-04-20T03:13:30Z  443.174  -11.397  161.501  2.95496E-16  SWARM-A  14.008  348.609
2018-04-20T03:14:00Z  442.654  -9.461  161.467  2.99953E-16  SWARM-A  14.014  350.535
2018-04-20T03:14:30Z  442.170  -7.525  161.433  3.04027E-16  SWARM-A  14.020  352.462
2018-04-20T03:15:00Z  441.724  -5.588  161.398  3.07716E-16  SWARM-A  14.026  354.390
2018-04-20T03:15:30Z  441.317  -3.651  161.362  3.10887E-16  SWARM-A  14.032  356.317
2018-04-20T03:16:00Z  440.950  -1.713  161.326  3.13558E-16  SWARM-A  14.038  358.244
2018-04-20T03:16:30Z  440.623  0.224  161.290  3.15730E-16  SWARM-A  14.044  0.172
2018-04-20T03:17:00Z  440.337  2.162  161.253  3.17391E-16  SWARM-A  14.050  2.100
2018-04-20T03:17:30Z  440.093  4.100  161.217  3.18537E-16  SWARM-A  14.056  4.028
2018-04-20T03:18:00Z  439.889  6.038  161.182  3.19233E-16  SWARM-A  14.062  5.956
2018-04-20T03:18:30Z  439.726  7.976  161.147  3.19494E-16  SWARM-A  14.068  7.884
2018-04-20T03:19:00Z  439.605  9.914  161.113  3.19328E-16  SWARM-A  14.074  9.813
2018-04-20T03:19:30Z  439.523  11.852  161.080  3.18776E-16  SWARM-A  14.080  11.742
2018-04-20T03:20:00Z  439.481  13.790  161.048  3.17874E-16  SWARM-A  14.086  13.670
2018-04-20T03:20:30Z  439.477  15.727  161.018  3.16655E-16  SWARM-A  14.093  15.599
2018-04-20T03:21:00Z  439.512  17.664  160.990  3.15093E-16  SWARM-A  14.099  17.529
2018-04-20T03:21:30Z  439.582  19.601  160.964  3.13213E-16  SWARM-A  14.106  19.458
2018-04-20T03:22:00Z  439.688  21.537  160.940  3.11081E-16  SWARM-A  14.112  21.387
2018-04-20T03:22:30Z  439.828  23.473  160.919  3.08273E-16  SWARM-A  14.119  23.317
2018-04-20T03:23:00Z  440.000  25.408  160.901  3.05208E-16  SWARM-A  14.127  25.247
2018-04-20T03:23:30Z  440.202  27.343  160.886  3.01909E-16  SWARM-A  14.134  27.177
2018-04-20T03:24:00Z  440.432  29.277  160.876  2.98409E-16  SWARM-A  14.142  29.107
2018-04-20T03:24:30Z  440.689  31.210  160.869  2.94713E-16  SWARM-A  14.149  31.037
2018-04-20T03:25:00Z  440.969  33.143  160.868  2.90854E-16  SWARM-A  14.158  32.967
2018-04-20T03:25:30Z  441.273  35.075  160.872  2.86844E-16  SWARM-A  14.166  34.897
2018-04-20T03:26:00Z  441.595  37.006  160.883  2.82806E-16  SWARM-A  14.175  36.828
2018-04-20T03:26:30Z  441.936  38.936  160.900  2.78735E-16  SWARM-A  14.185  38.759
2018-04-20T03:27:00Z  442.291  40.866  160.926  2.74625E-16  SWARM-A  14.195  40.689
2018-04-20T03:27:30Z  442.659  42.794  160.960  2.70526E-16  SWARM-A  14.206  42.620
2018-04-20T03:28:00Z  443.037  44.722  161.005  2.66447E-16  SWARM-A  14.217  44.551
2018-04-20T03:28:30Z  443.422  46.648  161.062  2.62448E-16  SWARM-A  14.229  46.482
2018-04-20T03:29:00Z  443.812  48.574  161.131  2.58346E-16  SWARM-A  14.242  48.413
2018-04-20T03:29:30Z  444.205  50.498  161.217  2.54373E-16  SWARM-A  14.256  50.345
2018-04-20T03:30:00Z  444.598  52.422  161.320  2.50557E-16  SWARM-A  14.271  52.276
2018-04-20T03:30:30Z  444.988  54.344  161.443  2.46965E-16  SWARM-A  14.288  54.207
2018-04-20T03:31:00Z  445.374  56.265  161.591  2.43582E-16  SWARM-A  14.306  56.139
2018-04-20T03:31:30Z  445.752  58.185  161.768  2.40240E-16  SWARM-A  14.326  58.070
2018-04-20T03:32:00Z  446.120  60.103  161.980  2.36876E-16  SWARM-A  14.348  60.002
2018-04-20T03:32:30Z  446.476  62.019  162.232  2.33778E-16  SWARM-A  14.374  61.934
2018-04-20T03:33:00Z  446.819  63.934  162.536  2.30840E-16  SWARM-A  14.402  63.865
2018-04-20T03:33:30Z  447.145  65.847  162.902  2.28109E-16  SWARM-A  14.435  65.797
2018-04-20T03:34:00Z  447.453  67.757  163.347  2.25587E-16  SWARM-A  14.473  67.729
2018-04-20T03:34:30Z  447.742  69.665  163.894  2.23374E-16  SWARM-A  14.518  69.661
2018-04-20T03:35:00Z  448.008  71.569  164.572  2.21247E-16  SWARM-A  14.571  71.593
2018-04-20T03:35:30Z  448.252  73.468  165.428  2.19210E-16  SWARM-A  14.637  73.525
2018-04-20T03:36:00Z  448.471  75.361  166.531  2.17297E-16  SWARM-A  14.719  75.457
2018-04-20T03:36:30Z  448.665  77.246  167.988  2.15297E-16  SWARM-A  14.824  77.389
2018-04-20T03:37:00Z  448.831  79.117  169.981  2.13001E-16  SWARM-A  14.965  79.321
2018-04-20T03:37:30Z  448.969  80.968  172.835  2.10519E-16  SWARM-A  15.164  81.253
2018-04-20T03:38:00Z  449.079  82.783  177.189  2.07759E-16  SWARM-A  15.462  83.186
2018-04-20T03:38:30Z  449.159  84.525  -175.554  2.04560E-16  SWARM-A  15.955  85.118
2018-04-20T03:39:00Z  449.208  86.097  -161.961  2.00865E-16  SWARM-A  16.869  87.050
2018-04-20T03:39:30Z  449.228  87.196  -134.534  1.96592E-16  SWARM-A  18.706  88.982
2018-04-20T03:40:00Z  449.217  87.197  -94.592  1.91830E-16  SWARM-A  21.377  90.914
2018-04-20T03:40:30Z  449.175  86.098  -67.157  1.86408E-16  SWARM-A  23.214  92.847
2018-04-20T03:41:00Z  449.104  84.526  -53.559  1.80614E-16  SWARM-A  0.129  94.779
2018-04-20T03:41:30Z  449.002  82.784  -46.300  1.74594E-16  SWARM-A  0.622  96.711
2018-04-20T03:42:00Z  448.870  80.969  -41.945  1.68445E-16  SWARM-A  0.920  98.643
2018-04-20T03:42:30Z  448.710  79.118  -39.091  1.62236E-16  SWARM-A  1.119  100.576
2018-04-20T03:43:00Z  448.522  77.246  -37.098  1.56052E-16  SWARM-A  1.260  102.508
2018-04-20T03:43:30Z  448.307  75.362  -35.640  1.49958E-16  SWARM-A  1.365  104.440
2018-04-20T03:44:00Z  448.066  73.468  -34.538  1.44026E-16  SWARM-A  1.447  106.372
2018-04-20T03:44:30Z  447.801  71.569  -33.681  1.38233E-16  SWARM-A  1.513  108.304
2018-04-20T03:45:00Z  447.512  69.665  -33.003  1.32471E-16  SWARM-A  1.566  110.236
2018-04-20T03:45:30Z  447.202  67.757  -32.456  1.26968E-16  SWARM-A  1.611  112.168
2018-04-20T03:46:00Z  446.873  65.847  -32.011  1.21806E-16  SWARM-A  1.649  114.101
2018-04-20T03:46:30Z  446.525  63.934  -31.645  1.16987E-16  SWARM-A  1.682  116.033
2018-04-20T03:47:00Z  446.162  62.019  -31.341  1.12540E-16  SWARM-A  1.710  117.964
2018-04-20T03:47:30Z  445.785  60.102  -31.089  1.08484E-16  SWARM-A  1.736  119.896
2018-04-20T03:48:00Z  445.396  58.184  -30.877  1.04859E-16  SWARM-A  1.758  121.828
2018-04-20T03:48:30Z  444.998  56.264  -30.700  1.01650E-16  SWARM-A  1.778  123.760
2018-04-20T03:49:00Z  444.592  54.343  -30.552  9.89170E-17  SWARM-A  1.796  125.692
2018-04-20T03:49:30Z  444.183  52.420  -30.428  9.65416E-17  SWARM-A  1.813  127.623
2018-04-20T03:50:00Z  443.771  50.497  -30.325  9.45058E-17  SWARM-A  1.828  129.555
2018-04-20T03:50:30Z  443.359  48.572  -30.240  9.27448E-17  SWARM-A  1.842  131.486
2018-04-20T03:51:00Z  442.950  46.646  -30.170  9.12613E-17  SWARM-A  1.855  133.418
2018-04-20T03:51:30Z  442.546  44.719  -30.114  9.00597E-17  SWARM-A  1.867  135.349
2018-04-20T03:52:00Z  442.151  42.791  -30.069  8.91393E-17  SWARM-A  1.879  137.280
2018-04-20T03:52:30Z  441.765  40.863  -30.035  8.85285E-17  SWARM-A  1.889  139.212
2018-04-20T03:53:00Z  441.393  38.933  -30.009  8.82479E-17  SWARM-A  1.899  141.143
2018-04-20T03:53:30Z  441.036  37.002  -29.992  8.82048E-17  SWARM-A  1.909  143.074
2018-04-20T03:54:00Z  440.697  35.071  -29.981  8.84928E-17  SWARM-A  1.918  145.004
2018-04-20T03:54:30Z  440.378  33.138  -29.977  8.90552E-17  SWARM-A  1.926  146.935
2018-04-20T03:55:00Z  440.082  31.205  -29.978  8.98726E-17  SWARM-A  1.935  148.866
2018-04-20T03:55:30Z  439.810  29.272  -29.984  9.09135E-17  SWARM-A  1.943  150.796
2018-04-20T03:56:00Z  439.566  27.337  -29.995  9.21850E-17  SWARM-A  1.950  152.727
2018-04-20T03:56:30Z  439.350  25.402  -30.009  9.36330E-17  SWARM-A  1.958  154.657
2018-04-20T03:57:00Z  439.166  23.467  -30.027  9.52531E-17  SWARM-A  1.965  156.587
2018-04-20T03:57:30Z  439.014  21.530  -30.048  9.70036E-17  SWARM-A  1.972  158.517
2018-04-20T03:58:00Z  438.897  19.594  -30.072  9.88661E-17  SWARM-A  1.978  160.447
2018-04-20T03:58:30Z  438.815  17.657  -30.098  1.00814E-16  SWARM-A  1.985  162.376
2018-04-20T03:59:00Z  438.771  15.719  -30.127  1.02795E-16  SWARM-A  1.991  164.306
2018-04-20T03:59:30Z  438.765  13.781  -30.157  1.04800E-16  SWARM-A  1.998  166.235
2018-04-20T04:00:00Z  438.799  11.843  -30.188  1.06785E-16  SWARM-A  2.004  168.165
2018-04-20T04:00:30Z  438.874  9.905  -30.221  1.08717E-16  SWARM-A  2.010  170.094
2018-04-20T04:01:00Z  438.989  7.967  -30.255  1.10595E-16  SWARM-A  2.016  172.023
2018-04-20T04:01:30Z  439.146  6.028  -30.290  1.12358E-16  SWARM-A  2.022  173.951
2018-04-20T04:02:00Z  439.345  4.090  -30.326  1.14031E-16  SWARM-A  2.028  175.880
2018-04-20T04:02:30Z  439.586  2.151  -30.362  1.15540E-16  SWARM-A  2.034  177.808
2018-04-20T04:03:00Z  439.869  0.213  -30.398  1.16903E-16  SWARM-A  2.040  179.737
2018-04-20T04:03:30Z  440.193  -1.725  -30.434  1.18072E-16  SWARM-A  2.046  181.665
2018-04-20T04:04:00Z  440.559  -3.663  -30.470  1.19128E-16  SWARM-A  2.052  183.593
2018-04-20T04:04:30Z  440.966  -5.601  -30.506  1.19988E-16  SWARM-A  2.058  185.520
2018-04-20T04:05:00Z  441.413  -7.538  -30.541  1.20706E-16  SWARM-A  2.064  187.448
2018-04-20T04:05:30Z  441.898  -9.475  -30.576  1.21264E-16  SWARM-A  2.070  189.375
2018-04-20T04:06:00Z  442.422  -11.411  -30.609  1.21669E-16  SWARM-A  2.076  191.303
2018-04-20T04:06:30Z  442.982  -13.347  -30.641  1.21951E-16  SWARM-A  2.082  193.230
2018-04-20T04:07:00Z  443.576  -15.282  -30.672  1.22094E-16  SWARM-A  2.088  195.156
2018-04-20T04:07:30Z  444.204  -17.217  -30.700  1.22127E-16  SWARM-A  2.095  197.083
2018-04-20T04:08:00Z  444.863  -19.151  -30.727  1.22059E-16  SWARM-A  2.101  199.009
2018-04-20T04:08:30Z  445.552  -21.084  -30.752  1.21952E-16  SWARM-A  2.108  200.936
2018-04-20T04:09:00Z  446.268  -23.016  -30.774  1.21773E-16  SWARM-A  2.115  202.862
2018-04-20T04:09:30Z  447.008  -24.948  -30.793  1.21567E-16  SWARM-A  2.122  204.788
2018-04-20T04:10:00Z  447.771  -26.878  -30.808  1.21315E-16  SWARM-A  2.129  206.713
2018-04-20T04:10:30Z  448.555  -28.808  -30.820  1.21013E-16  SWARM-A  2.137  208.639
2018-04-20T04:11:00Z  449.355  -30.737  -30.828  1.20551E-16  SWARM-A  2.145  210.564
2018-04-20T04:11:30Z  450.171  -32.665  -30.831  1.20064E-16  SWARM-A  2.153  212.489
2018-04-20T04:12:00Z  450.998  -34.591  -30.828  1.19577E-16  SWARM-A  2.161  214.414
2018-04-20T04:12:30Z  451.834  -36.517  -30.819  1.19164E-16  SWARM-A  2.170  216.339
2018-04-20T04:13:00Z  452.676  -38.441  -30.804  1.18845E-16  SWARM-A  2.180  218.264
2018-04-20T04:13:30Z  453.522  -40.365  -30.781  1.18613E-16  SWARM-A  2.190  220.188
2018-04-20T04:14:00Z  454.367  -42.287  -30.750  1.18461E-16  SWARM-A  2.200  222.112
2018-04-20T04:14:30Z  455.210  -44.208  -30.708  1.18471E-16  SWARM-A  2.211  224.037
2018-04-20T04:15:00Z  456.047  -46.128  -30.656  1.18680E-16  SWARM-A  2.223  225.961
2018-04-20T04:15:30Z  456.876  -48.046  -30.590  1.19002E-16  SWARM-A  2.236  227.884
2018-04-20T04:16:00Z  457.692  -49.964  -30.510  1.19494E-16  SWARM-A  2.249  229.808
2018-04-20T04:16:30Z  458.494  -51.879  -30.414  1.20166E-16  SWARM-A  2.264  231.731
2018-04-20T04:17:00Z  459.278  -53.794  -30.297  1.21089E-16  SWARM-A  2.280  233.655
2018-04-20T04:17:30Z  460.042  -55.707  -30.157  1.22242E-16  SWARM-A  2.298  235.578
2018-04-20T04:18:00Z  460.782  -57.619  -29.991  1.23467E-16  SWARM-A  2.317  237.501
2018-04-20T04:18:30Z  461.496  -59.529  -29.792  1.24831E-16  SWARM-A  2.339  239.424
2018-04-20T04:19:00Z  462.182  -61.437  -29.554  1.26440E-16  SWARM-A  2.363  241.347
2018-04-20T04:19:30Z  462.836  -63.343  -29.269  1.28274E-16  SWARM-A  2.390  243.270
2018-04-20T04:20:00Z  463.457  -65.248  -28.925  1.30406E-16  SWARM-A  2.422  245.192
2018-04-20T04:20:30Z  464.043  -67.149  -28.510  1.32805E-16  SWARM-A  2.458  247.115
2018-04-20T04:21:00Z  464.590  -69.049  -28.001  1.35370E-16  SWARM-A  2.500  249.037
2018-04-20T04:21:30Z  465.097  -70.944  -27.374  1.38098E-16  SWARM-A  2.550  250.959
2018-04-20T04:22:00Z  465.563  -72.836  -26.587  1.40747E-16  SWARM-A  2.611  252.882
2018-04-20T04:22:30Z  465.985  -74.722  -25.582  1.43320E-16  SWARM-A  2.686  254.804
2018-04-20T04:23:00Z  466.362  -76.600  -24.268  1.45941E-16  SWARM-A  2.782  256.726
2018-04-20T04:23:30Z  466.693  -78.467  -22.497  1.48496E-16  SWARM-A  2.908  258.648
2018-04-20T04:24:00Z  466.977  -80.316  -20.010  1.50924E-16  SWARM-A  3.083  260.570
2018-04-20T04:24:30Z  467.212  -82.137  -16.317  1.53153E-16  SWARM-A  3.337  262.492
2018-04-20T04:25:00Z  467.397  -83.902  -10.388  1.55241E-16  SWARM-A  3.741  264.414
2018-04-20T04:25:30Z  467.532  -85.547  0.195  1.57226E-16  SWARM-A  4.455  266.336
2018-04-20T04:26:00Z  467.617  -86.875  21.293  1.59123E-16  SWARM-A  5.869  268.257
2018-04-20T04:26:30Z  467.651  -87.355  58.685  1.61029E-16  SWARM-A  8.371  270.179
2018-04-20T04:27:00Z  467.634  -86.606  92.677  1.62810E-16  SWARM-A  10.645  272.101
2018-04-20T04:27:30Z  467.567  -85.170  110.458  1.64346E-16  SWARM-A  11.839  274.023
2018-04-20T04:28:00Z  467.449  -83.486  119.565  1.65812E-16  SWARM-A  12.454  275.945
2018-04-20T04:28:30Z  467.281  -81.704  124.812  1.66873E-16  SWARM-A  12.812  277.867
2018-04-20T04:29:00Z  467.063  -79.875  128.151  1.67990E-16  SWARM-A  13.043  279.788
2018-04-20T04:29:30Z  466.797  -78.020  130.434  1.69254E-16  SWARM-A  13.204  281.710
2018-04-20T04:30:00Z  466.484  -76.150  132.076  1.70711E-16  SWARM-A  13.322  283.632
2018-04-20T04:30:30Z  466.125  -74.270  133.305  1.72445E-16  SWARM-A  13.412  285.554
2018-04-20T04:31:00Z  465.721  -72.383  134.251  1.74471E-16  SWARM-A  13.483  287.476
2018-04-20T04:31:30Z  465.274  -70.491  134.995  1.76981E-16  SWARM-A  13.541  289.398
2018-04-20T04:32:00Z  464.785  -68.594  135.591  1.80195E-16  SWARM-A  13.589  291.320
2018-04-20T04:32:30Z  464.256  -66.695  136.075  1.83717E-16  SWARM-A  13.630  293.243
2018-04-20T04:33:00Z  463.690  -64.792  136.472  1.87549E-16  SWARM-A  13.665  295.165
2018-04-20T04:33:30Z  463.088  -62.888  136.800  1.91547E-16  SWARM-A  13.695  297.087
2018-04-20T04:34:00Z  462.453  -60.981  137.073  1.95653E-16  SWARM-A  13.721  299.010
2018-04-20T04:34:30Z  461.787  -59.073  137.301  1.99776E-16  SWARM-A  13.745  300.933
2018-04-20T04:35:00Z  461.093  -57.163  137.491  2.03825E-16  SWARM-A  13.766  302.855
2018-04-20T04:35:30Z  460.372  -55.251  137.651  2.07740E-16  SWARM-A  13.785  304.778
2018-04-20T04:36:00Z  459.629  -53.338  137.785  2.11563E-16  SWARM-A  13.802  306.701
2018-04-20T04:36:30Z  458.865  -51.423  137.897  2.15372E-16  SWARM-A  13.818  308.624
2018-04-20T04:37:00Z  458.084  -49.507  137.989  2.19265E-16  SWARM-A  13.833  310.547
2018-04-20T04:37:30Z  457.288  -47.590  138.065  2.23378E-16  SWARM-A  13.846  312.471
2018-04-20T04:38:00Z  456.480  -45.672  138.128  2.27728E-16  SWARM-A  13.858  314.394
2018-04-20T04:38:30Z  455.664  -43.752  138.177  2.32333E-16  SWARM-A  13.870  316.318
2018-04-20T04:39:00Z  454.841  -41.831  138.216  2.37204E-16  SWARM-A  13.881  318.241
2018-04-20T04:39:30Z  454.016  -39.909  138.246  2.42330E-16  SWARM-A  13.891  320.165
2018-04-20T04:40:00Z  453.191  -37.986  138.267  2.47699E-16  SWARM-A  13.901  322.089
2018-04-20T04:40:30Z  452.370  -36.061  138.280  2.53324E-16  SWARM-A  13.910  324.014
2018-04-20T04:41:00Z  451.554  -34.136  138.287  2.59224E-16  SWARM-A  13.919  325.938
2018-04-20T04:41:30Z  450.747  -32.209  138.288  2.65067E-16  SWARM-A  13.928  327.863
2018-04-20T04:42:00Z  449.952  -30.282  138.284  2.71155E-16  SWARM-A  13.936  329.788
2018-04-20T04:42:30Z  449.171  -28.353  138.276  2.77513E-16  SWARM-A  13.943  331.712
2018-04-20T04:43:00Z  448.407  -26.424  138.263  2.84122E-16  SWARM-A  13.951  333.638
2018-04-20T04:43:30Z  447.663  -24.494  138.246  2.90949E-16  SWARM-A  13.958  335.563
2018-04-20T04:44:00Z  446.941  -22.562  138.227  2.97951E-16  SWARM-A  13.965  337.488
2018-04-20T04:44:30Z  446.244  -20.630  138.204  3.05099E-16  SWARM-A  13.972  339.414
2018-04-20T04:45:00Z  445.573  -18.697  138.179  3.12366E-16  SWARM-A  13.979  341.340
2018-04-20T04:45:30Z  444.931  -16.764  138.152  3.19697E-16  SWARM-A  13.985  343.266
2018-04-20T04:46:00Z  444.320  -14.829  138.122  3.27026E-16  SWARM-A  13.992  345.192
2018-04-20T04:46:30Z  443.741  -12.895  138.092  3.34202E-16  SWARM-A  13.998  347.118
2018-04-20T04:47:00Z  443.196  -10.959  138.059  3.41233E-16  SWARM-A  14.004  349.045
2018-04-20T04:47:30Z  442.686  -9.023  138.026  3.48003E-16  SWARM-A  14.010  350.972
2018-04-20T04:48:00Z  442.214  -7.087  137.991  3.54462E-16  SWARM-A  14.016  352.898
2018-04-20T04:48:30Z  441.779  -5.150  137.956  3.60282E-16  SWARM-A  14.022  354.826
2018-04-20T04:49:00Z  441.383  -3.213  137.920  3.65655E-16  SWARM-A  14.028  356.753
2018-04-20T04:49:30Z  441.027  -1.275  137.884  3.70573E-16  SWARM-A  14.034  358.680
2018-04-20T04:50:00Z  440.711  0.663  137.848  3.74997E-16  SWARM-A  14.040  0.608
2018-04-20T04:50:30Z  440.436  2.600  137.811  3.78891E-16  SWARM-A  14.046  2.536
2018-04-20T04:51:00Z  440.202  4.538  137.775  3.82250E-16  SWARM-A  14.052  4.464
2018-04-20T04:51:30Z  440.008  6.476  137.740  3.84546E-16  SWARM-A  14.058  6.392
2018-04-20T04:52:00Z  439.856  8.414  137.705  3.86309E-16  SWARM-A  14.064  8.320
2018-04-20T04:52:30Z  439.743  10.352  137.671  3.87632E-16  SWARM-A  14.070  10.249
2018-04-20T04:53:00Z  439.671  12.290  137.639  3.88477E-16  SWARM-A  14.076  12.177
2018-04-20T04:53:30Z  439.638  14.227  137.607  3.88942E-16  SWARM-A  14.082  14.106
2018-04-20T04:54:00Z  439.642  16.165  137.578  3.89012E-16  SWARM-A  14.089  16.035
2018-04-20T04:54:30Z  439.685  18.102  137.550  3.88733E-16  SWARM-A  14.095  17.964
2018-04-20T04:55:00Z  439.763  20.038  137.524  3.88182E-16  SWARM-A  14.102  19.893
2018-04-20T04:55:30Z  439.875  21.974  137.501  3.87575E-16  SWARM-A  14.108  21.823
2018-04-20T04:56:00Z  440.021  23.910  137.481  3.86635E-16  SWARM-A  14.115  23.752
2018-04-20T04:56:30Z  440.198  25.845  137.464  3.85451E-16  SWARM-A  14.123  25.682
2018-04-20T04:57:00Z  440.404  27.779  137.450  3.83890E-16  SWARM-A  14.130  27.612
2018-04-20T04:57:30Z  440.639  29.713  137.440  3.82111E-16  SWARM-A  14.138  29.542
2018-04-20T04:58:00Z  440.898  31.646  137.435  3.80015E-16  SWARM-A  14.146  31.472
2018-04-20T04:58:30Z  441.182  33.579  137.435  3.77101E-16  SWARM-A  14.154  33.402
2018-04-20T04:59:00Z  441.486  35.510  137.441  3.74511E-16  SWARM-A  14.163  35.333
2018-04-20T04:59:30Z  441.810  37.441  137.453  3.71780E-16  SWARM-A  14.172  37.263
2018-04-20T05:00:00Z  442.150  39.371  137.472  3.68951E-16  SWARM-A  14.182  39.194
2018-04-20T05:00:30Z  442.504  41.300  137.500  3.66028E-16  SWARM-A  14.192  41.124
2018-04-20T05:01:00Z  442.870  43.229  137.537  3.63089E-16  SWARM-A  14.202  43.055
2018-04-20T05:01:30Z  443.245  45.156  137.584  3.60176E-16  SWARM-A  14.214  44.986
2018-04-20T05:02:00Z  443.626  47.082  137.643  3.57331E-16  SWARM-A  14.226  46.917
2018-04-20T05:02:30Z  444.012  49.007  137.717  3.54439E-16  SWARM-A  14.239  48.848
2018-04-20T05:03:00Z  444.400  50.932  137.806  3.51763E-16  SWARM-A  14.254  50.779
2018-04-20T05:03:30Z  444.787  52.855  137.913  3.49357E-16  SWARM-A  14.269  52.711
2018-04-20T05:04:00Z  445.171  54.776  138.042  3.47299E-16  SWARM-A  14.286  54.642
2018-04-20T05:04:30Z  445.549  56.697  138.196  3.45550E-16  SWARM-A  14.305  56.573
2018-04-20T05:05:00Z  445.919  58.616  138.381  3.44200E-16  SWARM-A  14.325  58.505
2018-04-20T05:05:30Z  446.279  60.534  138.601  3.43221E-16  SWARM-A  14.348  60.437
2018-04-20T05:06:00Z  446.626  62.450  138.864  3.42554E-16  SWARM-A  14.374  62.368
2018-04-20T05:06:30Z  446.959  64.364  139.181  3.42143E-16  SWARM-A  14.404  64.300
2018-04-20T05:07:00Z  447.276  66.277  139.564  3.41836E-16  SWARM-A  14.438  66.232
2018-04-20T05:07:30Z  447.574  68.186  140.030  3.41579E-16  SWARM-A  14.477  68.164
2018-04-20T05:08:00Z  447.851  70.093  140.603  3.41273E-16  SWARM-A  14.524  70.096
2018-04-20T05:08:30Z  448.107  71.996  141.318  3.41018E-16  SWARM-A  14.580  72.028
2018-04-20T05:09:00Z  448.339  73.894  142.223  3.40870E-16  SWARM-A  14.648  73.960
2018-04-20T05:09:30Z  448.547  75.786  143.394  3.40922E-16  SWARM-A  14.735  75.892
2018-04-20T05:10:00Z  448.728  77.668  144.954  3.41141E-16  SWARM-A  14.847  77.824
2018-04-20T05:10:30Z  448.882  79.536  147.105  3.41406E-16  SWARM-A  14.999  79.756
2018-04-20T05:11:00Z  449.008  81.380  150.226  3.41559E-16  SWARM-A  15.215  81.688
2018-04-20T05:11:30Z  449.105  83.183  155.070  3.41396E-16  SWARM-A  15.546  83.620
2018-04-20T05:12:00Z  449.172  84.899  163.340  3.40715E-16  SWARM-A  16.106  85.552
2018-04-20T05:12:30Z  449.209  86.403  179.248  3.39526E-16  SWARM-A  17.175  87.485
2018-04-20T05:13:00Z  449.216  87.312  -149.300  3.37591E-16  SWARM-A  19.280  89.417
2018-04-20T05:13:30Z  449.192  87.020  -110.236  3.34612E-16  SWARM-A  21.893  91.349
2018-04-20T05:14:00Z  449.138  85.768  -86.680  3.30593E-16  SWARM-A  23.471  93.281
2018-04-20T05:14:30Z  449.053  84.143  -74.997  3.25810E-16  SWARM-A  0.259  95.213
2018-04-20T05:15:00Z  448.939  82.380  -68.582  3.20466E-16  SWARM-A  0.695  97.146
2018-04-20T05:15:30Z  448.796  80.555  -64.647  3.14547E-16  SWARM-A  0.965  99.078
2018-04-20T05:16:00Z  448.624  78.698  -62.025  3.08322E-16  SWARM-A  1.148  101.010
2018-04-20T05:16:30Z  448.424  76.823  -60.173  3.01816E-16  SWARM-A  1.280  102.942
2018-04-20T05:17:00Z  448.198  74.936  -58.807  2.95132E-16  SWARM-A  1.380  104.875
2018-04-20T05:17:30Z  447.946  73.041  -57.766  2.88364E-16  SWARM-A  1.457  106.807
2018-04-20T05:18:00Z  447.670  71.140  -56.955  2.81563E-16  SWARM-A  1.520  108.739
2018-04-20T05:18:30Z  447.372  69.235  -56.309  2.74811E-16  SWARM-A  1.571  110.671
2018-04-20T05:19:00Z  447.053  67.327  -55.787  2.68138E-16  SWARM-A  1.614  112.603
2018-04-20T05:19:30Z  446.715  65.416  -55.361  2.61569E-16  SWARM-A  1.651  114.535
2018-04-20T05:20:00Z  446.360  63.503  -55.009  2.55106E-16  SWARM-A  1.683  116.467
2018-04-20T05:20:30Z  445.989  61.587  -54.718  2.48751E-16  SWARM-A  1.711  118.399
2018-04-20T05:21:00Z  445.606  59.670  -54.475  2.42513E-16  SWARM-A  1.735  120.331
2018-04-20T05:21:30Z  445.211  57.751  -54.272  2.36435E-16  SWARM-A  1.757  122.263
2018-04-20T05:22:00Z  444.808  55.831  -54.102  2.30526E-16  SWARM-A  1.777  124.195
2018-04-20T05:22:30Z  444.399  53.910  -53.959  2.24805E-16  SWARM-A  1.794  126.127
2018-04-20T05:23:00Z  443.986  51.987  -53.840  2.19298E-16  SWARM-A  1.811  128.058
2018-04-20T05:23:30Z  443.571  50.063  -53.741  2.14025E-16  SWARM-A  1.826  129.990
2018-04-20T05:24:00Z  443.158  48.138  -53.659  2.08978E-16  SWARM-A  1.839  131.921
2018-04-20T05:24:30Z  442.749  46.212  -53.593  2.04062E-16  SWARM-A  1.852  133.853
2018-04-20T05:25:00Z  442.345  44.285  -53.539  1.99227E-16  SWARM-A  1.864  135.784
2018-04-20T05:25:30Z  441.951  42.357  -53.496  1.94357E-16  SWARM-A  1.875  137.716
2018-04-20T05:26:00Z  441.567  40.428  -53.464  1.89407E-16  SWARM-A  1.886  139.647
2018-04-20T05:26:30Z  441.198  38.498  -53.440  1.84507E-16  SWARM-A  1.896  141.578
2018-04-20T05:27:00Z  440.845  36.567  -53.424  1.79642E-16  SWARM-A  1.905  143.509
2018-04-20T05:27:30Z  440.511  34.635  -53.415  1.74855E-16  SWARM-A  1.914  145.440
2018-04-20T05:28:00Z  440.197  32.703  -53.412  1.70228E-16  SWARM-A  1.923  147.370
2018-04-20T05:28:30Z  439.908  30.769  -53.414  1.65753E-16  SWARM-A  1.931  149.301
2018-04-20T05:29:00Z  439.644  28.835  -53.421  1.61438E-16  SWARM-A  1.939  151.232
2018-04-20T05:29:30Z  439.407  26.901  -53.433  1.57270E-16  SWARM-A  1.946  153.162
2018-04-20T05:30:00Z  439.201  24.965  -53.448  1.53275E-16  SWARM-A  1.954  155.092
2018-04-20T05:30:30Z  439.026  23.030  -53.467  1.49431E-16  SWARM-A  1.961  157.022
2018-04-20T05:31:00Z  438.884  21.093  -53.488  1.45754E-16  SWARM-A  1.968  158.952
2018-04-20T05:31:30Z  438.778  19.157  -53.512  1.42243E-16  SWARM-A  1.974  160.882
2018-04-20T05:32:00Z  438.708  17.219  -53.539  1.38928E-16  SWARM-A  1.981  162.812
2018-04-20T05:32:30Z  438.676  15.282  -53.568  1.35801E-16  SWARM-A  1.987  164.742
2018-04-20T05:33:00Z  438.683  13.344  -53.598  1.32845E-16  SWARM-A  1.994  166.671
2018-04-20T05:33:30Z  438.730  11.406  -53.630  1.30094E-16  SWARM-A  2.000  168.600
2018-04-20T05:34:00Z  438.818  9.467  -53.663  1.27586E-16  SWARM-A  2.006  170.529
2018-04-20T05:34:30Z  438.948  7.529  -53.697  1.25307E-16  SWARM-A  2.012  172.458
2018-04-20T05:35:00Z  439.119  5.591  -53.732  1.23275E-16  SWARM-A  2.018  174.387
2018-04-20T05:35:30Z  439.333  3.652  -53.768  1.21522E-16  SWARM-A  2.024  176.316
2018-04-20T05:36:00Z  439.588  1.714  -53.804  1.20019E-16  SWARM-A  2.030  178.244
2018-04-20T05:36:30Z  439.886  -0.225  -53.840  1.18852E-16  SWARM-A  2.036  180.172
2018-04-20T05:37:00Z  440.226  -2.163  -53.876  1.17980E-16  SWARM-A  2.042  182.100
2018-04-20T05:37:30Z  440.607  -4.101  -53.912  1.17432E-16  SWARM-A  2.048  184.028
2018-04-20T05:38:00Z  441.029  -6.038  -53.948  1.17197E-16  SWARM-A  2.054  185.956
2018-04-20T05:38:30Z  441.491  -7.976  -53.983  1.17245E-16  SWARM-A  2.060  187.883
2018-04-20T05:39:00Z  441.991  -9.912  -54.017  1.17586E-16  SWARM-A  2.066  189.811
2018-04-20T05:39:30Z  442.529  -11.849  -54.050  1.18191E-16  SWARM-A  2.072  191.738
2018-04-20T05:40:00Z  443.104  -13.784  -54.081  1.19046E-16  SWARM-A  2.078  193.665
2018-04-20T05:40:30Z  443.712  -15.719  -54.112  1.20070E-16  SWARM-A  2.084  195.592
2018-04-20T05:41:00Z  444.354  -17.654  -54.140  1.21284E-16  SWARM-A  2.091  197.518
2018-04-20T05:41:30Z  445.026  -19.588  -54.166  1.22615E-16  SWARM-A  2.097  199.445
2018-04-20T05:42:00Z  445.727  -21.521  -54.190  1.24114E-16  SWARM-A  2.104  201.371
2018-04-20T05:42:30Z  446.455  -23.453  -54.211  1.25738E-16  SWARM-A  2.111  203.297
2018-04-20T05:43:00Z  447.207  -25.384  -54.230  1.27417E-16  SWARM-A  2.118  205.223
2018-04-20T05:43:30Z  447.982  -27.314  -54.244  1.29194E-16  SWARM-A  2.126  207.148
2018-04-20T05:44:00Z  448.775  -29.244  -54.255  1.31035E-16  SWARM-A  2.133  209.074
2018-04-20T05:44:30Z  449.585  -31.172  -54.262  1.32980E-16  SWARM-A  2.141  210.999
2018-04-20T05:45:00Z  450.410  -33.100  -54.263  1.34947E-16  SWARM-A  2.149  212.924
2018-04-20T05:45:30Z  451.245  -35.026  -54.259  1.36979E-16  SWARM-A  2.158  214.849
2018-04-20T05:46:00Z  452.089  -36.952  -54.249  1.39113E-16  SWARM-A  2.167  216.774
2018-04-20T05:46:30Z  452.938  -38.876  -54.232  1.41374E-16  SWARM-A  2.176  218.698
2018-04-20T05:47:00Z  453.789  -40.799  -54.207  1.43804E-16  SWARM-A  2.186  220.623
2018-04-20T05:47:30Z  454.640  -42.721  -54.174  1.46436E-16  SWARM-A  2.197  222.547
2018-04-20T05:48:00Z  455.487  -44.642  -54.130  1.49368E-16  SWARM-A  2.208  224.471
2018-04-20T05:48:30Z  456.328  -46.561  -54.074  1.52419E-16  SWARM-A  2.220  226.395
2018-04-20T05:49:00Z  457.160  -48.479  -54.006  1.55733E-16  SWARM-A  2.233  228.319
2018-04-20T05:49:30Z  457.979  -50.396  -53.922  1.59320E-16  SWARM-A  2.247  230.242
2018-04-20T05:50:00Z  458.782  -52.312  -53.821  1.63188E-16  SWARM-A  2.262  232.166
2018-04-20T05:50:30Z  459.567  -54.226  -53.700  1.67337E-16  SWARM-A  2.279  234.089
2018-04-20T05:51:00Z  460.330  -56.138  -53.554  1.71835E-16  SWARM-A  2.297  236.012
2018-04-20T05:51:30Z  461.070  -58.050  -53.380  1.76661E-16  SWARM-A  2.316  237.935
2018-04-20T05:52:00Z  461.783  -59.959  -53.173  1.81798E-16  SWARM-A  2.339  239.858
2018-04-20T05:52:30Z  462.466  -61.867  -52.925  1.87321E-16  SWARM-A  2.363  241.780
2018-04-20T05:53:00Z  463.118  -63.773  -52.628  1.93263E-16  SWARM-A  2.392  243.703
2018-04-20T05:53:30Z  463.735  -65.676  -52.270  1.99643E-16  SWARM-A  2.424  245.626
2018-04-20T05:54:00Z  464.316  -67.578  -51.835  2.06481E-16  SWARM-A  2.461  247.548
2018-04-20T05:54:30Z  464.858  -69.476  -51.302  2.13758E-16  SWARM-A  2.505  249.470
2018-04-20T05:55:00Z  465.360  -71.371  -50.642  2.21359E-16  SWARM-A  2.557  251.393
2018-04-20T05:55:30Z  465.819  -73.261  -49.812  2.29275E-16  SWARM-A  2.621  253.315
2018-04-20T05:56:00Z  466.235  -75.145  -48.746  2.37417E-16  SWARM-A  2.700  255.237
2018-04-20T05:56:30Z  466.605  -77.021  -47.345  2.45692E-16  SWARM-A  2.802  257.159
2018-04-20T05:57:00Z  466.928  -78.885  -45.441  2.54003E-16  SWARM-A  2.937  259.081
2018-04-20T05:57:30Z  467.204  -80.729  -42.736  2.62310E-16  SWARM-A  3.126  261.002
2018-04-20T05:58:00Z  467.430  -82.540  -38.658  2.70621E-16  SWARM-A  3.406  262.924
2018-04-20T05:58:30Z  467.607  -84.286  -31.971  2.78940E-16  SWARM-A  3.860  264.846
2018-04-20T05:59:00Z  467.733  -85.885  -19.707  2.87274E-16  SWARM-A  4.686  266.768
2018-04-20T05:59:30Z  467.809  -87.082  4.976  2.95730E-16  SWARM-A  6.340  268.690
2018-04-20T06:00:00Z  467.833  -87.283  44.282  3.00016E-16  SWARM-A  8.969  270.611
2018-04-20T06:00:30Z  467.807  -86.320  74.407  3.07596E-16  SWARM-A  10.986  272.533
2018-04-20T06:01:00Z  467.730  -84.805  89.575  3.14910E-16  SWARM-A  12.005  274.455
2018-04-20T06:01:30Z  467.602  -83.091  97.541  3.22375E-16  SWARM-A  12.545  276.376
2018-04-20T06:02:00Z  467.424  -81.296  102.247  3.30065E-16  SWARM-A  12.867  278.298
2018-04-20T06:02:30Z  467.196  -79.460  105.297  3.38083E-16  SWARM-A  13.078  280.220
2018-04-20T06:03:00Z  466.920  -77.601  107.409  3.46472E-16  SWARM-A  13.227  282.142
2018-04-20T06:03:30Z  466.597  -75.729  108.945  3.55222E-16  SWARM-A  13.338  284.064
2018-04-20T06:04:00Z  466.227  -73.847  110.101  3.64305E-16  SWARM-A  13.424  285.985
2018-04-20T06:04:30Z  465.813  -71.959  110.996  3.73663E-16  SWARM-A  13.492  287.907
2018-04-20T06:05:00Z  465.356  -70.065  111.704  3.83126E-16  SWARM-A  13.547  289.829
2018-04-20T06:05:30Z  464.857  -68.168  112.272  3.92569E-16  SWARM-A  13.593  291.751
2018-04-20T06:06:00Z  464.319  -66.268  112.735  4.01810E-16  SWARM-A  13.633  293.674
2018-04-20T06:06:30Z  463.743  -64.366  113.115  4.10742E-16  SWARM-A  13.666  295.596
2018-04-20T06:07:00Z  463.132  -62.461  113.430  4.19048E-16  SWARM-A  13.696  297.518
2018-04-20T06:07:30Z  462.488  -60.554  113.692  4.26694E-16  SWARM-A  13.721  299.441
2018-04-20T06:08:00Z  461.814  -58.645  113.911  4.33682E-16  SWARM-A  13.744  301.363
2018-04-20T06:08:30Z  461.111  -56.735  114.094  4.39938E-16  SWARM-A  13.765  303.286
2018-04-20T06:09:00Z  460.383  -54.823  114.248  4.45573E-16  SWARM-A  13.783  305.209
2018-04-20T06:09:30Z  459.632  -52.909  114.376  4.50609E-16  SWARM-A  13.800  307.131
2018-04-20T06:10:00Z  458.862  -50.995  114.484  4.55105E-16  SWARM-A  13.816  309.054
2018-04-20T06:10:30Z  458.074  -49.078  114.572  4.59056E-16  SWARM-A  13.830  310.978
2018-04-20T06:11:00Z  457.272  -47.161  114.645  4.62206E-16  SWARM-A  13.843  312.901
2018-04-20T06:11:30Z  456.459  -45.242  114.705  4.64344E-16  SWARM-A  13.856  314.824
2018-04-20T06:12:00Z  455.637  -43.323  114.752  4.65290E-16  SWARM-A  13.867  316.748
2018-04-20T06:12:30Z  454.811  -41.401  114.789  4.65110E-16  SWARM-A  13.878  318.672
2018-04-20T06:13:00Z  453.982  -39.479  114.816  4.63976E-16  SWARM-A  13.888  320.595
2018-04-20T06:13:30Z  453.153  -37.556  114.835  4.62129E-16  SWARM-A  13.898  322.519
2018-04-20T06:14:00Z  452.329  -35.631  114.848  4.59820E-16  SWARM-A  13.907  324.444
2018-04-20T06:14:30Z  451.511  -33.706  114.853  4.57220E-16  SWARM-A  13.915  326.368
2018-04-20T06:15:00Z  450.702  -31.779  114.853  4.54452E-16  SWARM-A  13.924  328.293
2018-04-20T06:15:30Z  449.906  -29.851  114.848  4.51575E-16  SWARM-A  13.932  330.217
2018-04-20T06:16:00Z  449.125  -27.923  114.839  4.48701E-16  SWARM-A  13.939  332.142
2018-04-20T06:16:30Z  448.361  -25.993  114.825  4.45925E-16  SWARM-A  13.947  334.067
2018-04-20T06:17:00Z  447.617  -24.063  114.808  4.43241E-16  SWARM-A  13.954  335.992
2018-04-20T06:17:30Z  446.897  -22.131  114.787  4.40697E-16  SWARM-A  13.961  337.918
2018-04-20T06:18:00Z  446.200  -20.199  114.764  4.38352E-16  SWARM-A  13.968  339.844
2018-04-20T06:18:30Z  445.532  -18.266  114.739  4.36181E-16  SWARM-A  13.974  341.769
2018-04-20T06:19:00Z  444.892  -16.332  114.711  4.34225E-16  SWARM-A  13.981  343.695
2018-04-20T06:19:30Z  444.283  -14.398  114.681  4.32503E-16  SWARM-A  13.987  345.621
2018-04-20T06:20:00Z  443.707  -12.463  114.650  4.30994E-16  SWARM-A  13.994  347.548
2018-04-20T06:20:30Z  443.166  -10.527  114.617  4.29647E-16  SWARM-A  14.000  349.474
2018-04-20T06:21:00Z  442.661  -8.591  114.584  4.28516E-16  SWARM-A  14.006  351.401
2018-04-20T06:21:30Z  442.192  -6.655  114.549  4.27578E-16  SWARM-A  14.012  353.328
2018-04-20T06:22:00Z  441.762  -4.718  114.513  4.26853E-16  SWARM-A  14.018  355.255
2018-04-20T06:22:30Z  441.371  -2.781  114.478  4.26310E-16  SWARM-A  14.024  357.182
2018-04-20T06:23:00Z  441.019  -0.843  114.441  4.25992E-16  SWARM-A  14.030  359.110
2018-04-20T06:23:30Z  440.708  1.094  114.405  4.25928E-16  SWARM-A  14.036  1.037
2018-04-20T06:24:00Z  440.437  3.032  114.369  4.26058E-16  SWARM-A  14.042  2.965
2018-04-20T06:24:30Z  440.207  4.970  114.333  4.26450E-16  SWARM-A  14.047  4.893
2018-04-20T06:25:00Z  440.018  6.908  114.298  4.27048E-16  SWARM-A  14.053  6.821
2018-04-20T06:25:30Z  439.869  8.846  114.264  4.27857E-16  SWARM-A  14.059  8.750
2018-04-20T06:26:00Z  439.761  10.784  114.230  4.28954E-16  SWARM-A  14.066  10.678
2018-04-20T06:26:30Z  439.692  12.721  114.198  4.30319E-16  SWARM-A  14.072  12.607
2018-04-20T06:27:00Z  439.662  14.659  114.167  4.31944E-16  SWARM-A  14.078  14.536
2018-04-20T06:27:30Z  439.670  16.596  114.138  4.33834E-16  SWARM-A  14.084  16.465
2018-04-20T06:28:00Z  439.716  18.533  114.110  4.35898E-16  SWARM-A  14.091  18.394
2018-04-20T06:28:30Z  439.797  20.469  114.085  4.38168E-16  SWARM-A  14.098  20.323
2018-04-20T06:29:00Z  439.912  22.405  114.063  4.40551E-16  SWARM-A  14.104  22.252
2018-04-20T06:29:30Z  440.060  24.341  114.043  4.43051E-16  SWARM-A  14.111  24.182
2018-04-20T06:30:00Z  440.240  26.275  114.027  4.45597E-16  SWARM-A  14.119  26.112
2018-04-20T06:30:30Z  440.448  28.210  114.014  4.48178E-16  SWARM-A  14.126  28.041
2018-04-20T06:31:00Z  440.684  30.143  114.005  4.50725E-16  SWARM-A  14.134  29.971
2018-04-20T06:31:30Z  440.945  32.076  114.001  4.53153E-16  SWARM-A  14.142  31.902
2018-04-20T06:32:00Z  441.230  34.009  114.003  4.55492E-16  SWARM-A  14.150  33.832
2018-04-20T06:32:30Z  441.535  35.940  114.010  4.57626E-16  SWARM-A  14.159  35.762
2018-04-20T06:33:00Z  441.859  37.871  114.024  4.59468E-16  SWARM-A  14.169  37.693
2018-04-20T06:33:30Z  442.200  39.801  114.045  4.61179E-16  SWARM-A  14.178  39.623
2018-04-20T06:34:00Z  442.554  41.730  114.074  4.62677E-16  SWARM-A  14.189  41.554
2018-04-20T06:34:30Z  442.919  43.658  114.114  4.63939E-16  SWARM-A  14.200  43.485
2018-04-20T06:35:00Z  443.294  45.585  114.164  4.64976E-16  SWARM-A  14.211  45.416
2018-04-20T06:35:30Z  443.674  47.511  114.226  4.65822E-16  SWARM-A  14.224  47.347
2018-04-20T06:36:00Z  444.059  49.436  114.303  4.66447E-16  SWARM-A  14.237  49.278
2018-04-20T06:36:30Z  444.445  51.360  114.396  4.66964E-16  SWARM-A  14.252  51.209
2018-04-20T06:37:00Z  444.830  53.283  114.508  4.67390E-16  SWARM-A  14.267  53.141
2018-04-20T06:37:30Z  445.211  55.204  114.642  4.67717E-16  SWARM-A  14.285  55.072
2018-04-20T06:38:00Z  445.587  57.124  114.803  4.68044E-16  SWARM-A  14.304  57.004
2018-04-20T06:38:30Z  445.954  59.043  114.995  4.68356E-16  SWARM-A  14.325  58.935
2018-04-20T06:39:00Z  446.310  60.961  115.225  4.68406E-16  SWARM-A  14.349  60.867
2018-04-20T06:39:30Z  446.654  62.876  115.499  4.68197E-16  SWARM-A  14.375  62.799
2018-04-20T06:40:00Z  446.984  64.790  115.830  4.67850E-16  SWARM-A  14.406  64.730
2018-04-20T06:40:30Z  447.296  66.702  116.230  4.67468E-16  SWARM-A  14.441  66.662
2018-04-20T06:41:00Z  447.589  68.611  116.718  4.67261E-16  SWARM-A  14.481  68.594
2018-04-20T06:41:30Z  447.863  70.517  117.320  4.67256E-16  SWARM-A  14.530  70.526
2018-04-20T06:42:00Z  448.114  72.419  118.073  4.67540E-16  SWARM-A  14.588  72.458
2018-04-20T06:42:30Z  448.341  74.316  119.030  4.68111E-16  SWARM-A  14.661  74.390
2018-04-20T06:43:00Z  448.543  76.206  120.277  4.68773E-16  SWARM-A  14.752  76.322
2018-04-20T06:43:30Z  448.719  78.085  121.947  4.69318E-16  SWARM-A  14.872  78.254
2018-04-20T06:44:00Z  448.867  79.949  124.276  4.69430E-16  SWARM-A  15.035  80.186
2018-04-20T06:44:30Z  448.988  81.786  127.697  4.68871E-16  SWARM-A  15.272  82.119
2018-04-20T06:45:00Z  449.079  83.574  133.107  4.67527E-16  SWARM-A  15.641  84.051
2018-04-20T06:45:30Z  449.140  85.259  142.579  4.65230E-16  SWARM-A  16.281  85.983
2018-04-20T06:46:00Z  449.172  86.677  161.234  4.61958E-16  SWARM-A  17.533  87.915
2018-04-20T06:46:30Z  449.173  87.360  -163.600  4.57600E-16  SWARM-A  19.885  89.848
2018-04-20T06:47:00Z  449.144  86.796  -126.926  4.51627E-16  SWARM-A  22.339  91.780
2018-04-20T06:47:30Z  449.084  85.424  -106.817  4.44235E-16  SWARM-A  23.687  93.712
2018-04-20T06:48:00Z  448.995  83.757  -96.702  4.35871E-16  SWARM-A  0.370  95.644
2018-04-20T06:48:30Z  448.875  81.976  -90.996  4.26672E-16  SWARM-A  0.759  97.577
2018-04-20T06:49:00Z  448.727  80.142  -87.420  4.16870E-16  SWARM-A  1.006  99.509
2018-04-20T06:49:30Z  448.550  78.281  -85.003  4.06626E-16  SWARM-A  1.175  101.441
2018-04-20T06:50:00Z  448.347  76.402  -83.277  3.96114E-16  SWARM-A  1.299  103.373
2018-04-20T06:50:30Z  448.117  74.514  -81.993  3.85503E-16  SWARM-A  1.392  105.306
2018-04-20T06:51:00Z  447.862  72.617  -81.010  3.74911E-16  SWARM-A  1.466  107.238
2018-04-20T06:51:30Z  447.583  70.716  -80.239  3.64400E-16  SWARM-A  1.526  109.170
2018-04-20T06:52:00Z  447.283  68.810  -79.623  3.54077E-16  SWARM-A  1.575  111.102
2018-04-20T06:52:30Z  446.962  66.901  -79.124  3.43930E-16  SWARM-A  1.617  113.034
2018-04-20T06:53:00Z  446.623  64.989  -78.716  3.33892E-16  SWARM-A  1.653  114.966
2018-04-20T06:53:30Z  446.268  63.075  -78.379  3.23803E-16  SWARM-A  1.683  116.898
2018-04-20T06:54:00Z  445.898  61.159  -78.099  3.13746E-16  SWARM-A  1.710  118.830
2018-04-20T06:54:30Z  445.515  59.242  -77.865  3.03624E-16  SWARM-A  1.734  120.762
2018-04-20T06:55:00Z  445.123  57.323  -77.669  2.93321E-16  SWARM-A  1.756  122.694
2018-04-20T06:55:30Z  444.722  55.402  -77.505  2.82790E-16  SWARM-A  1.775  124.626
2018-04-20T06:56:00Z  444.317  53.481  -77.368  2.72046E-16  SWARM-A  1.792  126.558
2018-04-20T06:56:30Z  443.908  51.558  -77.254  2.61121E-16  SWARM-A  1.808  128.489
2018-04-20T06:57:00Z  443.498  49.634  -77.159  2.50011E-16  SWARM-A  1.823  130.421
2018-04-20T06:57:30Z  443.091  47.708  -77.081  2.38851E-16  SWARM-A  1.837  132.352
2018-04-20T06:58:00Z  442.687  45.782  -77.017  2.27740E-16  SWARM-A  1.849  134.284
2018-04-20T06:58:30Z  442.291  43.855  -76.965  2.16899E-16  SWARM-A  1.861  136.215
2018-04-20T06:59:00Z  441.904  41.926  -76.925  2.06303E-16  SWARM-A  1.872  138.146
2018-04-20T06:59:30Z  441.529  39.997  -76.895  1.96046E-16  SWARM-A  1.882  140.077
2018-04-20T07:00:00Z  441.169  38.067  -76.873  1.86300E-16  SWARM-A  1.892  142.008
2018-04-20T07:00:30Z  440.825  36.136  -76.858  1.76850E-16  SWARM-A  1.901  143.939
2018-04-20T07:01:00Z  440.500  34.204  -76.850  1.67625E-16  SWARM-A  1.910  145.870
2018-04-20T07:01:30Z  440.198  32.272  -76.848  1.58538E-16  SWARM-A  1.919  147.801
2018-04-20T07:02:00Z  439.919  30.338  -76.852  1.49565E-16  SWARM-A  1.927  149.731
2018-04-20T07:02:30Z  439.666  28.404  -76.860  1.40764E-16  SWARM-A  1.935  151.662
2018-04-20T07:03:00Z  439.441  26.469  -76.872  1.32179E-16  SWARM-A  1.942  153.592
2018-04-20T07:03:30Z  439.247  24.534  -76.888  1.23919E-16  SWARM-A  1.949  155.522
2018-04-20T07:04:00Z  439.084  22.598  -76.907  1.16034E-16  SWARM-A  1.957  157.452
2018-04-20T07:04:30Z  438.955  20.662  -76.929  1.08576E-16  SWARM-A  1.963  159.382
2018-04-20T07:05:00Z  438.861  18.725  -76.954  1.01542E-16  SWARM-A  1.970  161.312
2018-04-20T07:05:30Z  438.804  16.788  -76.981  9.49605E-17  SWARM-A  1.977  163.242
2018-04-20T07:06:00Z  438.785  14.850  -77.010  8.88691E-17  SWARM-A  1.983  165.171
2018-04-20T07:06:30Z  438.805  12.912  -77.041  8.32701E-17  SWARM-A  1.989  167.101
2018-04-20T07:07:00Z  438.864  10.974  -77.073  7.81943E-17  SWARM-A  1.995  169.030
2018-04-20T07:07:30Z  438.965  9.036  -77.106  7.37136E-17  SWARM-A  2.002  170.959
2018-04-20T07:08:00Z  439.106  7.098  -77.141  6.97654E-17  SWARM-A  2.008  172.888
2018-04-20T07:08:30Z  439.290  5.159  -77.176  6.63960E-17  SWARM-A  2.014  174.816
2018-04-20T07:09:00Z  439.515  3.221  -77.212  6.36055E-17  SWARM-A  2.020  176.745
2018-04-20T07:09:30Z  439.782  1.282  -77.248  6.14322E-17  SWARM-A  2.026  178.673
2018-04-20T07:10:00Z  440.090  -0.656  -77.284  5.98214E-17  SWARM-A  2.031  180.601
2018-04-20T07:10:30Z  440.440  -2.594  -77.320  5.88061E-17  SWARM-A  2.037  182.529
2018-04-20T07:11:00Z  440.832  -4.532  -77.356  5.83250E-17  SWARM-A  2.043  184.457
2018-04-20T07:11:30Z  441.263  -6.469  -77.391  5.83697E-17  SWARM-A  2.049  186.385
2018-04-20T07:12:00Z  441.733  -8.406  -77.426  5.89117E-17  SWARM-A  2.055  188.312
2018-04-20T07:12:30Z  442.242  -10.343  -77.460  5.99030E-17  SWARM-A  2.061  190.239
2018-04-20T07:13:00Z  442.788  -12.279  -77.492  6.13284E-17  SWARM-A  2.068  192.166
2018-04-20T07:13:30Z  443.369  -14.214  -77.524  6.30956E-17  SWARM-A  2.074  194.093
2018-04-20T07:14:00Z  443.985  -16.149  -77.553  6.52177E-17  SWARM-A  2.080  196.020
2018-04-20T07:14:30Z  444.632  -18.084  -77.581  6.76784E-17  SWARM-A  2.087  197.946
2018-04-20T07:15:00Z  445.310  -20.017  -77.607  7.03671E-17  SWARM-A  2.093  199.873
2018-04-20T07:15:30Z  446.016  -21.950  -77.630  7.32658E-17  SWARM-A  2.100  201.799
2018-04-20T07:16:00Z  446.748  -23.882  -77.651  7.63694E-17  SWARM-A  2.107  203.725
2018-04-20T07:16:30Z  447.503  -25.813  -77.668  7.96478E-17  SWARM-A  2.114  205.650
2018-04-20T07:17:00Z  448.280  -27.743  -77.682  8.30383E-17  SWARM-A  2.122  207.576
2018-04-20T07:17:30Z  449.076  -29.672  -77.692  8.65456E-17  SWARM-A  2.129  209.501
2018-04-20T07:18:00Z  449.887  -31.600  -77.697  9.02216E-17  SWARM-A  2.137  211.426
2018-04-20T07:18:30Z  450.712  -33.527  -77.698  9.40412E-17  SWARM-A  2.146  213.351
2018-04-20T07:19:00Z  451.548  -35.454  -77.692  9.80320E-17  SWARM-A  2.154  215.276
2018-04-20T07:19:30Z  452.390  -37.379  -77.681  1.02159E-16  SWARM-A  2.163  217.201
2018-04-20T07:20:00Z  453.238  -39.302  -77.662  1.06450E-16  SWARM-A  2.173  219.125
2018-04-20T07:20:30Z  454.087  -41.225  -77.635  1.10942E-16  SWARM-A  2.183  221.049
2018-04-20T07:21:00Z  454.935  -43.147  -77.599  1.15582E-16  SWARM-A  2.194  222.974
2018-04-20T07:21:30Z  455.778  -45.067  -77.553  1.20414E-16  SWARM-A  2.205  224.897
2018-04-20T07:22:00Z  456.614  -46.986  -77.494  1.25451E-16  SWARM-A  2.217  226.821
2018-04-20T07:22:30Z  457.440  -48.904  -77.422  1.30690E-16  SWARM-A  2.231  228.745
2018-04-20T07:23:00Z  458.253  -50.821  -77.335  1.36118E-16  SWARM-A  2.245  230.668
2018-04-20T07:23:30Z  459.049  -52.736  -77.229  1.41730E-16  SWARM-A  2.260  232.592
2018-04-20T07:24:00Z  459.826  -54.650  -77.103  1.47436E-16  SWARM-A  2.277  234.515
2018-04-20T07:24:30Z  460.581  -56.562  -76.951  1.53221E-16  SWARM-A  2.295  236.438
2018-04-20T07:25:00Z  461.311  -58.473  -76.770  1.59098E-16  SWARM-A  2.316  238.361
2018-04-20T07:25:30Z  462.014  -60.382  -76.554  1.65044E-16  SWARM-A  2.338  240.284
2018-04-20T07:26:00Z  462.687  -62.289  -76.296  1.71189E-16  SWARM-A  2.364  242.206
2018-04-20T07:26:30Z  463.328  -64.194  -75.986  1.77667E-16  SWARM-A  2.393  244.129
2018-04-20T07:27:00Z  463.934  -66.097  -75.612  1.84626E-16  SWARM-A  2.426  246.051
2018-04-20T07:27:30Z  464.503  -67.998  -75.157  1.92063E-16  SWARM-A  2.465  247.974
2018-04-20T07:28:00Z  465.033  -69.896  -74.599  2.00085E-16  SWARM-A  2.510  249.896
2018-04-20T07:28:30Z  465.523  -71.789  -73.904  2.08552E-16  SWARM-A  2.565  251.818
2018-04-20T07:29:00Z  465.969  -73.678  -73.028  2.17296E-16  SWARM-A  2.632  253.740
2018-04-20T07:29:30Z  466.371  -75.561  -71.898  2.26141E-16  SWARM-A  2.716  255.662
2018-04-20T07:30:00Z  466.727  -77.434  -70.401  2.34854E-16  SWARM-A  2.824  257.584
2018-04-20T07:30:30Z  467.037  -79.294  -68.350  2.43394E-16  SWARM-A  2.969  259.506
2018-04-20T07:31:00Z  467.298  -81.133  -65.403  2.51676E-16  SWARM-A  3.174  261.428
2018-04-20T07:31:30Z  467.510  -82.933  -60.887  2.59717E-16  SWARM-A  3.483  263.350
2018-04-20T07:32:00Z  467.672  -84.656  -53.316  2.67479E-16  SWARM-A  3.996  265.271
2018-04-20T07:32:30Z  467.783  -86.198  -39.056  2.75154E-16  SWARM-A  4.955  267.193
2018-04-20T07:33:00Z  467.844  -87.234  -10.527  2.82966E-16  SWARM-A  6.865  269.115
2018-04-20T07:33:30Z  467.854  -87.149  29.079  2.90960E-16  SWARM-A  9.514  271.037
2018-04-20T07:34:00Z  467.813  -86.012  55.280  2.98931E-16  SWARM-A  11.269  272.958
2018-04-20T07:34:30Z  467.721  -84.436  68.306  3.07061E-16  SWARM-A  12.146  274.880
2018-04-20T07:35:00Z  467.578  -82.698  75.332  3.15495E-16  SWARM-A  12.623  276.802
2018-04-20T07:35:30Z  467.386  -80.892  79.581  3.24388E-16  SWARM-A  12.914  278.723
2018-04-20T07:36:00Z  467.144  -79.050  82.381  3.33800E-16  SWARM-A  13.109  280.645
2018-04-20T07:36:30Z  466.854  -77.188  84.344  3.43754E-16  SWARM-A  13.248  282.567
2018-04-20T07:37:00Z  466.517  -75.313  85.783  3.54189E-16  SWARM-A  13.353  284.489
2018-04-20T07:37:30Z  466.133  -73.429  86.875  3.65099E-16  SWARM-A  13.434  286.411
2018-04-20T07:38:00Z  465.706  -71.540  87.724  3.76341E-16  SWARM-A  13.499  288.333
2018-04-20T07:38:30Z  465.235  -69.646  88.398  3.87767E-16  SWARM-A  13.552  290.255
2018-04-20T07:39:00Z  464.724  -67.748  88.941  3.99245E-16  SWARM-A  13.596  292.177
2018-04-20T07:39:30Z  464.173  -65.847  89.384  4.10623E-16  SWARM-A  13.634  294.099
2018-04-20T07:40:00Z  463.586  -63.944  89.749  4.21824E-16  SWARM-A  13.667  296.021
2018-04-20T07:40:30Z  462.963  -62.038  90.051  4.32739E-16  SWARM-A  13.696  297.944
2018-04-20T07:41:00Z  462.308  -60.131  90.303  4.43352E-16  SWARM-A  13.721  299.866
2018-04-20T07:41:30Z  461.623  -58.222  90.514  4.53745E-16  SWARM-A  13.743  301.789
2018-04-20T07:42:00Z  460.911  -56.311  90.691  4.63980E-16  SWARM-A  13.763  303.712
2018-04-20T07:42:30Z  460.174  -54.399  90.839  4.74103E-16  SWARM-A  13.781  305.634
2018-04-20T07:43:00Z  459.414  -52.485  90.963  4.84206E-16  SWARM-A  13.798  307.557
2018-04-20T07:43:30Z  458.636  -50.570  91.066  4.94220E-16  SWARM-A  13.813  309.480
2018-04-20T07:44:00Z  457.840  -48.654  91.151  5.03606E-16  SWARM-A  13.827  311.404
2018-04-20T07:44:30Z  457.032  -46.736  91.221  5.12143E-16  SWARM-A  13.840  313.327
2018-04-20T07:45:00Z  456.213  -44.817  91.277  5.19598E-16  SWARM-A  13.852  315.250
2018-04-20T07:45:30Z  455.386  -42.897  91.322  5.25971E-16  SWARM-A  13.864  317.174
2018-04-20T07:46:00Z  454.554  -40.975  91.357  5.31423E-16  SWARM-A  13.874  319.098
2018-04-20T07:46:30Z  453.721  -39.053  91.383  5.36142E-16  SWARM-A  13.884  321.022
2018-04-20T07:47:00Z  452.889  -37.129  91.401  5.40402E-16  SWARM-A  13.894  322.946
2018-04-20T07:47:30Z  452.062  -35.204  91.411  5.44447E-16  SWARM-A  13.903  324.870
2018-04-20T07:48:00Z  451.242  -33.278  91.416  5.48399E-16  SWARM-A  13.912  326.795
2018-04-20T07:48:30Z  450.432  -31.352  91.415  5.52372E-16  SWARM-A  13.920  328.719
2018-04-20T07:49:00Z  449.635  -29.424  91.409  5.56420E-16  SWARM-A  13.928  330.644
2018-04-20T07:49:30Z  448.854  -27.495  91.398  5.60575E-16  SWARM-A  13.935  332.569
2018-04-20T07:50:00Z  448.091  -25.565  91.384  5.64878E-16  SWARM-A  13.943  334.494
2018-04-20T07:50:30Z  447.348  -23.634  91.366  5.69113E-16  SWARM-A  13.950  336.420
2018-04-20T07:51:00Z  446.630  -21.702  91.345  5.73519E-16  SWARM-A  13.957  338.345
2018-04-20T07:51:30Z  445.936  -19.770  91.322  5.78054E-16  SWARM-A  13.964  340.271
2018-04-20T07:52:00Z  445.271  -17.837  91.296  5.82720E-16  SWARM-A  13.970  342.197
2018-04-20T07:52:30Z  444.635  -15.903  91.267  5.87587E-16  SWARM-A  13.977  344.123
2018-04-20T07:53:00Z  444.031  -13.968  91.237  5.92886E-16  SWARM-A  13.983  346.049
2018-04-20T07:53:30Z  443.461  -12.033  91.206  5.98205E-16  SWARM-A  13.989  347.976
2018-04-20T07:54:00Z  442.926  -10.097  91.173  6.03423E-16  SWARM-A  13.995  349.902
2018-04-20T07:54:30Z  442.427  -8.161  91.139  6.08542E-16  SWARM-A  14.001  351.829
2018-04-20T07:55:00Z  441.966  -6.225  91.104  6.13477E-16  SWARM-A  14.007  353.756
2018-04-20T07:55:30Z  441.544  -4.288  91.069  6.18195E-16  SWARM-A  14.013  355.683
2018-04-20T07:56:00Z  441.161  -2.350  91.033  6.22618E-16  SWARM-A  14.019  357.611
2018-04-20T07:56:30Z  440.819  -0.413  90.997  6.26692E-16  SWARM-A  14.025  359.538
2018-04-20T07:57:00Z  440.517  1.525  90.961  6.30401E-16  SWARM-A  14.031  1.466
2018-04-20T07:57:30Z  440.256  3.463  90.925  6.33065E-16  SWARM-A  14.037  3.394
2018-04-20T07:58:00Z  440.037  5.401  90.889  6.35275E-16  SWARM-A  14.043  5.322
2018-04-20T07:58:30Z  439.859  7.339  90.854  6.37092E-16  SWARM-A  14.049  7.250
2018-04-20T07:59:00Z  439.722  9.277  90.820  6.38421E-16  SWARM-A  14.055  9.178
2018-04-20T07:59:30Z  439.625  11.215  90.787  6.39293E-16  SWARM-A  14.061  11.107
2018-04-20T08:00:00Z  439.569  13.152  90.755  6.39769E-16  SWARM-A  14.067  13.036
2018-04-20T08:00:30Z  439.551  15.090  90.724  6.39771E-16  SWARM-A  14.074  14.965
2018-04-20T08:01:00Z  439.571  17.027  90.695  6.39302E-16  SWARM-A  14.080  16.894
2018-04-20T08:01:30Z  439.629  18.964  90.669  6.38368E-16  SWARM-A  14.087  18.823
2018-04-20T08:02:00Z  439.722  20.900  90.644  6.36970E-16  SWARM-A  14.093  20.752
2018-04-20T08:02:30Z  439.849  22.836  90.622  6.35062E-16  SWARM-A  14.100  22.682
2018-04-20T08:03:00Z  440.009  24.771  90.603  6.32626E-16  SWARM-A  14.107  24.611
2018-04-20T08:03:30Z  440.200  26.706  90.588  6.29633E-16  SWARM-A  14.115  26.541
2018-04-20T08:04:00Z  440.420  28.640  90.576  6.26119E-16  SWARM-A  14.122  28.471
2018-04-20T08:04:30Z  440.667  30.574  90.569  6.22078E-16  SWARM-A  14.130  30.401
2018-04-20T08:05:00Z  440.939  32.507  90.566  6.17467E-16  SWARM-A  14.138  32.331
2018-04-20T08:05:30Z  441.233  34.439  90.568  6.12241E-16  SWARM-A  14.147  34.262
2018-04-20T08:06:00Z  441.548  36.370  90.577  6.06484E-16  SWARM-A  14.156  36.192
2018-04-20T08:06:30Z  441.882  38.301  90.592  6.00234E-16  SWARM-A  14.165  38.123
2018-04-20T08:07:00Z  442.231  40.230  90.616  5.93514E-16  SWARM-A  14.175  40.053
2018-04-20T08:07:30Z  442.593  42.159  90.647  5.86358E-16  SWARM-A  14.185  41.984
2018-04-20T08:08:00Z  442.967  44.087  90.689  5.78845E-16  SWARM-A  14.196  43.915
2018-04-20T08:08:30Z  443.349  46.014  90.742  5.70999E-16  SWARM-A  14.208  45.846
2018-04-20T08:09:00Z  443.737  47.940  90.807  5.62895E-16  SWARM-A  14.221  47.777
2018-04-20T08:09:30Z  444.128  49.864  90.887  5.54621E-16  SWARM-A  14.235  49.708
2018-04-20T08:10:00Z  444.521  51.788  90.984  5.46264E-16  SWARM-A  14.249  51.639
2018-04-20T08:10:30Z  444.912  53.711  91.101  5.37872E-16  SWARM-A  14.266  53.571
2018-04-20T08:11:00Z  445.298  55.632  91.242  5.29556E-16  SWARM-A  14.283  55.502
2018-04-20T08:11:30Z  445.679  57.552  91.409  5.21306E-16  SWARM-A  14.303  57.434
2018-04-20T08:12:00Z  446.050  59.470  91.609  5.13096E-16  SWARM-A  14.324  59.365
2018-04-20T08:12:30Z  446.411  61.387  91.848  5.04954E-16  SWARM-A  14.349  61.297
2018-04-20T08:13:00Z  446.759  63.303  92.134  4.96909E-16  SWARM-A  14.376  63.229
2018-04-20T08:13:30Z  447.091  65.216  92.479  4.88941E-16  SWARM-A  14.407  65.160
2018-04-20T08:14:00Z  447.406  67.127  92.897  4.81194E-16  SWARM-A  14.444  67.092
2018-04-20T08:14:30Z  447.702  69.036  93.408  4.73859E-16  SWARM-A  14.486  69.024
2018-04-20T08:15:00Z  447.976  70.941  94.040  4.67007E-16  SWARM-A  14.537  70.956
2018-04-20T08:15:30Z  448.229  72.842  94.833  4.60748E-16  SWARM-A  14.598  72.888
2018-04-20T08:16:00Z  448.457  74.737  95.847  4.54982E-16  SWARM-A  14.674  74.820
2018-04-20T08:16:30Z  448.660  76.625  97.174  4.49579E-16  SWARM-A  14.770  76.752
2018-04-20T08:17:00Z  448.836  78.501  98.967  4.44367E-16  SWARM-A  14.898  78.684
2018-04-20T08:17:30Z  448.985  80.360  101.491  4.39166E-16  SWARM-A  15.075  80.616
2018-04-20T08:18:00Z  449.105  82.189  105.254  4.33703E-16  SWARM-A  15.334  82.548
2018-04-20T08:18:30Z  449.196  83.961  111.323  4.27913E-16  SWARM-A  15.747  84.481
2018-04-20T08:19:00Z  449.257  85.607  122.234  4.21768E-16  SWARM-A  16.483  86.413
2018-04-20T08:19:30Z  449.287  86.917  144.102  4.15236E-16  SWARM-A  17.949  88.345
2018-04-20T08:20:00Z  449.287  87.341  -177.825  4.08188E-16  SWARM-A  20.496  90.277
2018-04-20T08:20:30Z  449.257  86.535  -144.573  4.00159E-16  SWARM-A  22.721  92.209
2018-04-20T08:21:00Z  449.196  85.069  -127.424  3.91423E-16  SWARM-A  23.872  94.142
2018-04-20T08:21:30Z  449.106  83.367  -118.609  3.82322E-16  SWARM-A  0.468  96.074
2018-04-20T08:22:00Z  448.985  81.571  -113.506  3.72884E-16  SWARM-A  0.817  98.006
2018-04-20T08:22:30Z  448.836  79.730  -110.246  3.63348E-16  SWARM-A  1.042  99.938
2018-04-20T08:23:00Z  448.658  77.864  -108.011  3.53847E-16  SWARM-A  1.200  101.870
2018-04-20T08:23:30Z  448.454  75.984  -106.399  3.44569E-16  SWARM-A  1.316  103.803
2018-04-20T08:24:00Z  448.223  74.093  -105.192  3.35459E-16  SWARM-A  1.404  105.735
2018-04-20T08:24:30Z  447.967  72.195  -104.262  3.26644E-16  SWARM-A  1.475  107.667
2018-04-20T08:25:00Z  447.688  70.293  -103.529  3.18340E-16  SWARM-A  1.532  109.599
2018-04-20T08:25:30Z  447.388  68.386  -102.942  3.10658E-16  SWARM-A  1.579  111.531
2018-04-20T08:26:00Z  447.067  66.477  -102.465  3.03598E-16  SWARM-A  1.620  113.463
2018-04-20T08:26:30Z  446.729  64.565  -102.074  2.97105E-16  SWARM-A  1.654  115.395
2018-04-20T08:27:00Z  446.374  62.650  -101.750  2.91172E-16  SWARM-A  1.684  117.327
2018-04-20T08:27:30Z  446.005  60.734  -101.481  2.85700E-16  SWARM-A  1.710  119.259
2018-04-20T08:28:00Z  445.624  58.817  -101.256  2.80568E-16  SWARM-A  1.733  121.190
2018-04-20T08:28:30Z  445.233  56.897  -101.068  2.75749E-16  SWARM-A  1.754  123.122
2018-04-20T08:29:00Z  444.834  54.977  -100.911  2.71202E-16  SWARM-A  1.773  125.054
2018-04-20T08:29:30Z  444.430  53.055  -100.779  2.66798E-16  SWARM-A  1.790  126.985
2018-04-20T08:30:00Z  444.023  51.132  -100.669  2.62516E-16  SWARM-A  1.806  128.917
2018-04-20T08:30:30Z  443.616  49.207  -100.578  2.58380E-16  SWARM-A  1.820  130.848
2018-04-20T08:31:00Z  443.211  47.282  -100.503  2.54470E-16  SWARM-A  1.834  132.780
2018-04-20T08:31:30Z  442.811  45.356  -100.442  2.50918E-16  SWARM-A  1.846  134.711
2018-04-20T08:32:00Z  442.418  43.428  -100.393  2.47656E-16  SWARM-A  1.858  136.642
2018-04-20T08:32:30Z  442.034  41.500  -100.355  2.44747E-16  SWARM-A  1.869  138.573
2018-04-20T08:33:00Z  441.662  39.570  -100.326  2.42249E-16  SWARM-A  1.879  140.504
2018-04-20T08:33:30Z  441.306  37.640  -100.306  2.40059E-16  SWARM-A  1.888  142.435
2018-04-20T08:34:00Z  440.966  35.709  -100.293  2.38096E-16  SWARM-A  1.898  144.366
2018-04-20T08:34:30Z  440.646  33.777  -100.286  2.36050E-16  SWARM-A  1.906  146.297
2018-04-20T08:35:00Z  440.347  31.845  -100.286  2.33998E-16  SWARM-A  1.915  148.227
2018-04-20T08:35:30Z  440.073  29.911  -100.290  2.31831E-16  SWARM-A  1.923  150.158
2018-04-20T08:36:00Z  439.825  27.977  -100.299  2.29626E-16  SWARM-A  1.931  152.088
2018-04-20T08:36:30Z  439.605  26.042  -100.312  2.27376E-16  SWARM-A  1.938  154.018
2018-04-20T08:37:00Z  439.416  24.107  -100.329  2.25151E-16  SWARM-A  1.945  155.948
2018-04-20T08:37:30Z  439.258  22.171  -100.349  2.22961E-16  SWARM-A  1.952  157.878
2018-04-20T08:38:00Z  439.134  20.235  -100.372  2.20735E-16  SWARM-A  1.959  159.808
2018-04-20T08:38:30Z  439.046  18.298  -100.397  2.18571E-16  SWARM-A  1.966  161.737
2018-04-20T08:39:00Z  438.994  16.361  -100.424  2.16234E-16  SWARM-A  1.972  163.667
2018-04-20T08:39:30Z  438.979  14.423  -100.454  2.13898E-16  SWARM-A  1.979  165.596
2018-04-20T08:40:00Z  439.004  12.485  -100.485  2.11466E-16  SWARM-A  1.985  167.525
2018-04-20T08:40:30Z  439.069  10.547  -100.517  2.09044E-16  SWARM-A  1.991  169.454
2018-04-20T08:41:00Z  439.174  8.609  -100.551  2.06753E-16  SWARM-A  1.997  171.383
2018-04-20T08:41:30Z  439.321  6.671  -100.585  2.04311E-16  SWARM-A  2.003  173.312
2018-04-20T08:42:00Z  439.509  4.733  -100.621  2.01825E-16  SWARM-A  2.009  175.241
2018-04-20T08:42:30Z  439.740  2.794  -100.656  1.99383E-16  SWARM-A  2.015  177.169
2018-04-20T08:43:00Z  440.011  0.856  -100.692  1.96928E-16  SWARM-A  2.021  179.097
2018-04-20T08:43:30Z  440.325  -1.082  -100.728  1.94515E-16  SWARM-A  2.027  181.025
2018-04-20T08:44:00Z  440.680  -3.020  -100.764  1.92143E-16  SWARM-A  2.033  182.953
2018-04-20T08:44:30Z  441.076  -4.958  -100.800  1.89838E-16  SWARM-A  2.039  184.881
2018-04-20T08:45:00Z  441.511  -6.895  -100.835  1.87623E-16  SWARM-A  2.045  186.808
2018-04-20T08:45:30Z  441.986  -8.832  -100.870  1.85470E-16  SWARM-A  2.051  188.735
2018-04-20T08:46:00Z  442.499  -10.768  -100.903  1.83391E-16  SWARM-A  2.057  190.662
2018-04-20T08:46:30Z  443.048  -12.704  -100.936  1.81427E-16  SWARM-A  2.063  192.589
2018-04-20T08:47:00Z  443.632  -14.639  -100.967  1.79555E-16  SWARM-A  2.069  194.516
2018-04-20T08:47:30Z  444.250  -16.574  -100.996  1.77791E-16  SWARM-A  2.076  196.443
2018-04-20T08:48:00Z  444.900  -18.508  -101.023  1.76105E-16  SWARM-A  2.082  198.369
2018-04-20T08:48:30Z  445.579  -20.441  -101.049  1.74529E-16  SWARM-A  2.089  200.295
2018-04-20T08:49:00Z  446.286  -22.374  -101.071  1.73044E-16  SWARM-A  2.096  202.221
2018-04-20T08:49:30Z  447.018  -24.305  -101.091  1.71701E-16  SWARM-A  2.103  204.147
2018-04-20T08:50:00Z  447.774  -26.236  -101.108  1.70547E-16  SWARM-A  2.110  206.073
2018-04-20T08:50:30Z  448.550  -28.166  -101.121  1.69527E-16  SWARM-A  2.118  207.998
2018-04-20T08:51:00Z  449.344  -30.095  -101.130  1.68653E-16  SWARM-A  2.125  209.923
2018-04-20T08:51:30Z  450.153  -32.023  -101.134  1.67970E-16  SWARM-A  2.133  211.848
2018-04-20T08:52:00Z  450.975  -33.950  -101.133  1.67505E-16  SWARM-A  2.142  213.773
2018-04-20T08:52:30Z  451.807  -35.876  -101.126  1.67274E-16  SWARM-A  2.151  215.698
2018-04-20T08:53:00Z  452.645  -37.800  -101.113  1.67349E-16  SWARM-A  2.160  217.623
2018-04-20T08:53:30Z  453.488  -39.724  -101.093  1.67718E-16  SWARM-A  2.169  219.547
2018-04-20T08:54:00Z  454.332  -41.646  -101.064  1.68435E-16  SWARM-A  2.180  221.471
2018-04-20T08:54:30Z  455.173  -43.568  -101.026  1.69509E-16  SWARM-A  2.191  223.395
2018-04-20T08:55:00Z  456.010  -45.488  -100.977  1.70960E-16  SWARM-A  2.202  225.319
2018-04-20T08:55:30Z  456.838  -47.407  -100.916  1.72774E-16  SWARM-A  2.215  227.243
2018-04-20T08:56:00Z  457.656  -49.324  -100.841  1.74972E-16  SWARM-A  2.228  229.166
2018-04-20T08:56:30Z  458.459  -51.240  -100.749  1.77449E-16  SWARM-A  2.242  231.090
2018-04-20T08:57:00Z  459.246  -53.155  -100.639  1.80255E-16  SWARM-A  2.258  233.013
2018-04-20T08:57:30Z  460.013  -55.069  -100.507  1.83377E-16  SWARM-A  2.275  234.936
2018-04-20T08:58:00Z  460.757  -56.980  -100.350  1.86832E-16  SWARM-A  2.294  236.859
2018-04-20T08:58:30Z  461.476  -58.891  -100.162  1.90570E-16  SWARM-A  2.315  238.782
2018-04-20T08:59:00Z  462.168  -60.800  -99.937  1.94845E-16  SWARM-A  2.338  240.705
2018-04-20T08:59:30Z  462.829  -62.706  -99.668  1.99787E-16  SWARM-A  2.364  242.627
2018-04-20T09:00:00Z  463.457  -64.611  -99.345  2.05032E-16  SWARM-A  2.394  244.550
2018-04-20T09:00:30Z  464.050  -66.514  -98.955  2.11223E-16  SWARM-A  2.429  246.472
2018-04-20T09:01:00Z  464.605  -68.414  -98.479  2.18025E-16  SWARM-A  2.469  248.395
2018-04-20T09:01:30Z  465.122  -70.311  -97.894  2.25257E-16  SWARM-A  2.516  250.317
2018-04-20T09:02:00Z  465.597  -72.203  -97.165  2.32856E-16  SWARM-A  2.573  252.239
2018-04-20T09:02:30Z  466.029  -74.091  -96.239  2.40642E-16  SWARM-A  2.643  254.161
2018-04-20T09:03:00Z  466.416  -75.972  -95.040  2.48495E-16  SWARM-A  2.731  256.083
2018-04-20T09:03:30Z  466.758  -77.843  -93.442  2.56321E-16  SWARM-A  2.846  258.005
2018-04-20T09:04:00Z  467.052  -79.699  -91.230  2.64042E-16  SWARM-A  3.002  259.927
2018-04-20T09:04:30Z  467.298  -81.531  -88.014  2.71690E-16  SWARM-A  3.225  261.849
2018-04-20T09:05:00Z  467.495  -83.319  -83.000  2.79347E-16  SWARM-A  3.567  263.771
2018-04-20T09:05:30Z  467.642  -85.016  -74.392  2.87104E-16  SWARM-A  4.150  265.693
2018-04-20T09:06:00Z  467.738  -86.487  -57.765  2.95156E-16  SWARM-A  5.266  267.614
2018-04-20T09:06:30Z  467.783  -87.329  -25.384  3.03719E-16  SWARM-A  7.433  269.536
2018-04-20T09:07:00Z  467.778  -86.965  12.946  3.12770E-16  SWARM-A  9.997  271.458
2018-04-20T09:07:30Z  467.721  -85.689  35.499  3.22034E-16  SWARM-A  11.509  273.380
2018-04-20T09:08:00Z  467.614  -84.063  46.759  3.31672E-16  SWARM-A  12.268  275.301
2018-04-20T09:08:30Z  467.457  -82.306  52.997  3.41784E-16  SWARM-A  12.692  277.223
2018-04-20T09:09:00Z  467.250  -80.490  56.851  3.52406E-16  SWARM-A  12.957  279.145
2018-04-20T09:09:30Z  466.994  -78.642  59.430  3.63504E-16  SWARM-A  13.138  281.067
2018-04-20T09:10:00Z  466.690  -76.777  61.258  3.75057E-16  SWARM-A  13.268  282.989
2018-04-20T09:10:30Z  466.339  -74.900  62.609  3.86954E-16  SWARM-A  13.366  284.910
2018-04-20T09:11:00Z  465.943  -73.015  63.640  3.99135E-16  SWARM-A  13.443  286.832
2018-04-20T09:11:30Z  465.503  -71.124  64.446  4.11509E-16  SWARM-A  13.505  288.755
2018-04-20T09:12:00Z  465.020  -69.229  65.089  4.24012E-16  SWARM-A  13.557  290.677
2018-04-20T09:12:30Z  464.497  -67.331  65.608  4.36560E-16  SWARM-A  13.599  292.599
2018-04-20T09:13:00Z  463.935  -65.429  66.032  4.49171E-16  SWARM-A  13.636  294.521
2018-04-20T09:13:30Z  463.337  -63.525  66.382  4.61796E-16  SWARM-A  13.668  296.443
2018-04-20T09:14:00Z  462.705  -61.620  66.673  4.75253E-16  SWARM-A  13.696  298.366
2018-04-20T09:14:30Z  462.041  -59.712  66.915  4.89518E-16  SWARM-A  13.720  300.289
2018-04-20T09:15:00Z  461.347  -57.802  67.118  5.03643E-16  SWARM-A  13.742  302.211
2018-04-20T09:15:30Z  460.627  -55.891  67.288  5.17657E-16  SWARM-A  13.762  304.134
2018-04-20T09:16:00Z  459.882  -53.978  67.431  5.31399E-16  SWARM-A  13.779  306.057
2018-04-20T09:16:30Z  459.117  -52.064  67.550  5.44704E-16  SWARM-A  13.796  307.980
2018-04-20T09:17:00Z  458.332  -50.149  67.649  5.56222E-16  SWARM-A  13.811  309.903
2018-04-20T09:17:30Z  457.532  -48.232  67.731  5.66528E-16  SWARM-A  13.824  311.826
2018-04-20T09:18:00Z  456.719  -46.314  67.797  5.76021E-16  SWARM-A  13.837  313.750
2018-04-20T09:18:30Z  455.896  -44.395  67.851  5.84809E-16  SWARM-A  13.849  315.674
2018-04-20T09:19:00Z  455.067  -42.474  67.894  5.93080E-16  SWARM-A  13.860  317.597
2018-04-20T09:19:30Z  454.233  -40.552  67.927  6.01572E-16  SWARM-A  13.871  319.521
2018-04-20T09:20:00Z  453.399  -38.630  67.951  6.09676E-16  SWARM-A  13.881  321.445
2018-04-20T09:20:30Z  452.567  -36.705  67.967  6.17568E-16  SWARM-A  13.890  323.370
2018-04-20T09:21:00Z  451.740  -34.780  67.976  6.25312E-16  SWARM-A  13.899  325.294
2018-04-20T09:21:30Z  450.921  -32.854  67.979  6.32819E-16  SWARM-A  13.908  327.219
2018-04-20T09:22:00Z  450.113  -30.927  67.977  6.39135E-16  SWARM-A  13.916  329.143
2018-04-20T09:22:30Z  449.318  -28.999  67.970  6.45453E-16  SWARM-A  13.924  331.068
2018-04-20T09:23:00Z  448.540  -27.069  67.959  6.51819E-16  SWARM-A  13.931  332.993
2018-04-20T09:23:30Z  447.781  -25.139  67.944  6.58186E-16  SWARM-A  13.939  334.919
2018-04-20T09:24:00Z  447.043  -23.208  67.925  6.64261E-16  SWARM-A  13.946  336.844
2018-04-20T09:24:30Z  446.329  -21.276  67.904  6.70109E-16  SWARM-A  13.953  338.770
2018-04-20T09:25:00Z  445.641  -19.344  67.880  6.75677E-16  SWARM-A  13.959  340.696
2018-04-20T09:25:30Z  444.981  -17.410  67.853  6.81161E-16  SWARM-A  13.966  342.622
2018-04-20T09:26:00Z  444.352  -15.476  67.825  6.86378E-16  SWARM-A  13.972  344.548
2018-04-20T09:26:30Z  443.755  -13.541  67.794  6.91277E-16  SWARM-A  13.979  346.474
2018-04-20T09:27:00Z  443.191  -11.606  67.763  6.95766E-16  SWARM-A  13.985  348.401
2018-04-20T09:27:30Z  442.664  -9.670  67.729  6.99767E-16  SWARM-A  13.991  350.328
2018-04-20T09:28:00Z  442.173  -7.734  67.695  7.03225E-16  SWARM-A  13.997  352.255
2018-04-20T09:28:30Z  441.721  -5.797  67.660  7.06069E-16  SWARM-A  14.003  354.182
2018-04-20T09:29:00Z  441.307  -3.860  67.625  7.08205E-16  SWARM-A  14.009  356.109
2018-04-20T09:29:30Z  440.934  -1.922  67.589  7.09588E-16  SWARM-A  14.015  358.036
2018-04-20T09:30:00Z  440.601  0.016  67.553  7.10190E-16  SWARM-A  14.021  359.964
2018-04-20T09:30:30Z  440.309  1.953  67.517  7.09984E-16  SWARM-A  14.027  1.892
2018-04-20T09:31:00Z  440.059  3.891  67.481  7.08953E-16  SWARM-A  14.033  3.820
2018-04-20T09:31:30Z  439.850  5.830  67.445  7.07132E-16  SWARM-A  14.039  5.748
2018-04-20T09:32:00Z  439.683  7.768  67.410  7.04340E-16  SWARM-A  14.045  7.676
2018-04-20T09:32:30Z  439.557  9.706  67.376  7.00440E-16  SWARM-A  14.051  9.605
2018-04-20T09:33:00Z  439.471  11.643  67.343  6.95976E-16  SWARM-A  14.057  11.534
2018-04-20T09:33:30Z  439.426  13.581  67.312  6.90941E-16  SWARM-A  14.063  13.463
2018-04-20T09:34:00Z  439.419  15.518  67.281  6.85378E-16  SWARM-A  14.069  15.392
2018-04-20T09:34:30Z  439.450  17.456  67.253  6.79414E-16  SWARM-A  14.076  17.321
2018-04-20T09:35:00Z  439.519  19.392  67.227  6.72997E-16  SWARM-A  14.082  19.250
2018-04-20T09:35:30Z  439.623  21.329  67.203  6.66152E-16  SWARM-A  14.089  21.179
2018-04-20T09:36:00Z  439.760  23.265  67.182  6.58980E-16  SWARM-A  14.096  23.109
2018-04-20T09:36:30Z  439.931  25.200  67.163  6.51448E-16  SWARM-A  14.103  25.039
2018-04-20T09:37:00Z  440.131  27.135  67.149  6.43529E-16  SWARM-A  14.111  26.969
2018-04-20T09:37:30Z  440.361  29.069  67.138  6.35321E-16  SWARM-A  14.118  28.899
2018-04-20T09:38:00Z  440.617  31.002  67.131  6.26825E-16  SWARM-A  14.126  30.829
2018-04-20T09:38:30Z  440.897  32.935  67.130  6.18104E-16  SWARM-A  14.134  32.759
2018-04-20T09:39:00Z  441.200  34.867  67.134  6.09086E-16  SWARM-A  14.143  34.690
2018-04-20T09:39:30Z  441.523  36.798  67.144  5.99910E-16  SWARM-A  14.152  36.620
2018-04-20T09:40:00Z  441.864  38.729  67.160  5.90487E-16  SWARM-A  14.161  38.551
2018-04-20T09:40:30Z  442.220  40.658  67.185  5.80549E-16  SWARM-A  14.171  40.481
2018-04-20T09:41:00Z  442.589  42.587  67.219  5.70627E-16  SWARM-A  14.182  42.412
2018-04-20T09:41:30Z  442.968  44.514  67.263  5.60718E-16  SWARM-A  14.193  44.343
2018-04-20T09:42:00Z  443.356  46.441  67.318  5.50943E-16  SWARM-A  14.205  46.274
2018-04-20T09:42:30Z  443.749  48.367  67.387  5.41271E-16  SWARM-A  14.218  48.205
2018-04-20T09:43:00Z  444.145  50.291  67.471  5.31828E-16  SWARM-A  14.232  50.137
2018-04-20T09:43:30Z  444.541  52.215  67.572  5.22669E-16  SWARM-A  14.247  52.068
2018-04-20T09:44:00Z  444.935  54.137  67.693  5.13834E-16  SWARM-A  14.264  53.999
2018-04-20T09:44:30Z  445.324  56.058  67.839  5.05417E-16  SWARM-A  14.282  55.931
2018-04-20T09:45:00Z  445.707  57.978  68.013  4.97423E-16  SWARM-A  14.302  57.862
2018-04-20T09:45:30Z  446.080  59.896  68.221  4.89852E-16  SWARM-A  14.324  59.794
2018-04-20T09:46:00Z  446.442  61.813  68.469  4.82799E-16  SWARM-A  14.349  61.726
2018-04-20T09:46:30Z  446.790  63.728  68.767  4.76168E-16  SWARM-A  14.377  63.657
2018-04-20T09:47:00Z  447.123  65.641  69.127  4.69902E-16  SWARM-A  14.409  65.589
2018-04-20T09:47:30Z  447.438  67.551  69.564  4.64094E-16  SWARM-A  14.447  67.521
2018-04-20T09:48:00Z  447.733  69.459  70.098  4.58875E-16  SWARM-A  14.491  69.453
2018-04-20T09:48:30Z  448.007  71.363  70.762  4.54268E-16  SWARM-A  14.543  71.385
2018-04-20T09:49:00Z  448.258  73.263  71.598  4.50379E-16  SWARM-A  14.607  73.317
2018-04-20T09:49:30Z  448.484  75.157  72.671  4.47107E-16  SWARM-A  14.687  75.249
2018-04-20T09:50:00Z  448.685  77.043  74.085  4.44114E-16  SWARM-A  14.790  77.181
2018-04-20T09:50:30Z  448.860  78.916  76.010  4.41385E-16  SWARM-A  14.926  79.113
2018-04-20T09:51:00Z  449.006  80.770  78.752  4.38660E-16  SWARM-A  15.118  81.045
2018-04-20T09:51:30Z  449.124  82.589  82.902  4.35969E-16  SWARM-A  15.403  82.978
2018-04-20T09:52:00Z  449.212  84.342  89.742  4.33158E-16  SWARM-A  15.867  84.910
2018-04-20T09:52:30Z  449.270  85.940  102.379  4.30186E-16  SWARM-A  16.718  86.842
2018-04-20T09:53:00Z  449.298  87.116  127.901  4.27056E-16  SWARM-A  18.428  88.774
2018-04-20T09:53:30Z  449.295  87.257  167.592  4.23137E-16  SWARM-A  21.082  90.706
2018-04-20T09:54:00Z  449.262  86.245  -163.059  4.18171E-16  SWARM-A  23.047  92.638
2018-04-20T09:54:30Z  449.198  84.705  -148.401  4.12802E-16  SWARM-A  0.032  94.571
2018-04-20T09:55:00Z  449.104  82.975  -140.674  4.07234E-16  SWARM-A  0.556  96.503
2018-04-20T09:55:30Z  448.981  81.166  -136.089  4.01629E-16  SWARM-A  0.870  98.435
2018-04-20T09:56:00Z  448.829  79.318  -133.109  3.96028E-16  SWARM-A  1.077  100.367
2018-04-20T09:56:30Z  448.649  77.448  -131.039  3.90551E-16  SWARM-A  1.223  102.299
2018-04-20T09:57:00Z  448.442  75.565  -129.533  3.85775E-16  SWARM-A  1.332  104.231
2018-04-20T09:57:30Z  448.209  73.672  -128.396  3.81214E-16  SWARM-A  1.416  106.164
2018-04-20T09:58:00Z  447.952  71.774  -127.516  3.76908E-16  SWARM-A  1.483  108.096
2018-04-20T09:58:30Z  447.671  69.870  -126.820  3.73004E-16  SWARM-A  1.538  110.028
2018-04-20T09:59:00Z  447.369  67.963  -126.260  3.69365E-16  SWARM-A  1.583  111.960
2018-04-20T09:59:30Z  447.047  66.053  -125.804  3.65994E-16  SWARM-A  1.622  113.892
2018-04-20T10:00:00Z  446.707  64.140  -125.429  3.62469E-16  SWARM-A  1.655  115.824
2018-04-20T10:00:30Z  446.351  62.226  -125.119  3.58742E-16  SWARM-A  1.684  117.755
2018-04-20T10:01:00Z  445.982  60.309  -124.861  3.55009E-16  SWARM-A  1.710  119.687
2018-04-20T10:01:30Z  445.600  58.391  -124.645  3.51202E-16  SWARM-A  1.733  121.619
2018-04-20T10:02:00Z  445.208  56.472  -124.464  3.47180E-16  SWARM-A  1.753  123.551
2018-04-20T10:02:30Z  444.810  54.551  -124.313  3.43031E-16  SWARM-A  1.772  125.482
2018-04-20T10:03:00Z  444.406  52.628  -124.186  3.38777E-16  SWARM-A  1.788  127.414
2018-04-20T10:03:30Z  444.000  50.705  -124.081  3.34477E-16  SWARM-A  1.804  129.345
2018-04-20T10:04:00Z  443.594  48.781  -123.994  3.30277E-16  SWARM-A  1.818  131.277
2018-04-20T10:04:30Z  443.191  46.855  -123.922  3.26354E-16  SWARM-A  1.831  133.208
2018-04-20T10:05:00Z  442.793  44.928  -123.864  3.22824E-16  SWARM-A  1.843  135.139
2018-04-20T10:05:30Z  442.402  43.001  -123.818  3.19644E-16  SWARM-A  1.855  137.070
2018-04-20T10:06:00Z  442.021  41.072  -123.782  3.16777E-16  SWARM-A  1.865  139.001
2018-04-20T10:06:30Z  441.653  39.143  -123.755  3.14089E-16  SWARM-A  1.875  140.932
2018-04-20T10:07:00Z  441.301  37.212  -123.737  3.11543E-16  SWARM-A  1.885  142.863
2018-04-20T10:07:30Z  440.966  35.281  -123.725  3.09090E-16  SWARM-A  1.894  144.794
2018-04-20T10:08:00Z  440.651  33.349  -123.720  3.06774E-16  SWARM-A  1.903  146.724
2018-04-20T10:08:30Z  440.358  31.416  -123.721  3.04626E-16  SWARM-A  1.911  148.655
2018-04-20T10:09:00Z  440.089  29.483  -123.726  3.02658E-16  SWARM-A  1.919  150.585
2018-04-20T10:09:30Z  439.848  27.549  -123.736  3.00888E-16  SWARM-A  1.927  152.515
2018-04-20T10:10:00Z  439.635  25.614  -123.750  2.99263E-16  SWARM-A  1.934  154.446
2018-04-20T10:10:30Z  439.453  23.678  -123.768  2.97755E-16  SWARM-A  1.941  156.376
2018-04-20T10:11:00Z  439.303  21.743  -123.789  2.96333E-16  SWARM-A  1.948  158.305
2018-04-20T10:11:30Z  439.187  19.806  -123.812  2.95007E-16  SWARM-A  1.955  160.235
2018-04-20T10:12:00Z  439.107  17.869  -123.838  2.93695E-16  SWARM-A  1.962  162.165
2018-04-20T10:12:30Z  439.064  15.932  -123.866  2.92449E-16  SWARM-A  1.968  164.094
2018-04-20T10:13:00Z  439.059  13.994  -123.896  2.91179E-16  SWARM-A  1.974  166.023
2018-04-20T10:13:30Z  439.093  12.057  -123.927  2.89950E-16  SWARM-A  1.981  167.952
2018-04-20T10:14:00Z  439.168  10.119  -123.960  2.88677E-16  SWARM-A  1.987  169.881
2018-04-20T10:14:30Z  439.283  8.180  -123.994  2.87321E-16  SWARM-A  1.993  171.810
2018-04-20T10:15:00Z  439.439  6.242  -124.028  2.85948E-16  SWARM-A  1.999  173.739
2018-04-20T10:15:30Z  439.638  4.304  -124.064  2.84562E-16  SWARM-A  2.005  175.667
2018-04-20T10:16:00Z  439.878  2.366  -124.100  2.83144E-16  SWARM-A  2.011  177.595
2018-04-20T10:16:30Z  440.159  0.427  -124.136  2.81740E-16  SWARM-A  2.017  179.523
2018-04-20T10:17:00Z  440.482  -1.511  -124.172  2.80428E-16  SWARM-A  2.023  181.451
2018-04-20T10:17:30Z  440.847  -3.448  -124.208  2.79182E-16  SWARM-A  2.029  183.379
2018-04-20T10:18:00Z  441.251  -5.386  -124.244  2.77965E-16  SWARM-A  2.035  185.307
2018-04-20T10:18:30Z  441.696  -7.323  -124.279  2.76830E-16  SWARM-A  2.041  187.234
2018-04-20T10:19:00Z  442.179  -9.260  -124.313  2.75755E-16  SWARM-A  2.047  189.161
2018-04-20T10:19:30Z  442.699  -11.196  -124.346  2.74734E-16  SWARM-A  2.053  191.088
2018-04-20T10:20:00Z  443.256  -13.132  -124.378  2.73646E-16  SWARM-A  2.059  193.015
2018-04-20T10:20:30Z  443.847  -15.067  -124.409  2.72604E-16  SWARM-A  2.065  194.942
2018-04-20T10:21:00Z  444.472  -17.001  -124.438  2.71597E-16  SWARM-A  2.072  196.868
2018-04-20T10:21:30Z  445.127  -18.935  -124.465  2.70572E-16  SWARM-A  2.078  198.794
2018-04-20T10:22:00Z  445.812  -20.868  -124.490  2.69532E-16  SWARM-A  2.085  200.721
2018-04-20T10:22:30Z  446.524  -22.800  -124.512  2.68433E-16  SWARM-A  2.092  202.646
2018-04-20T10:23:00Z  447.260  -24.732  -124.531  2.67305E-16  SWARM-A  2.099  204.572
2018-04-20T10:23:30Z  448.019  -26.662  -124.547  2.66106E-16  SWARM-A  2.106  206.498
2018-04-20T10:24:00Z  448.798  -28.592  -124.559  2.64860E-16  SWARM-A  2.114  208.423
2018-04-20T10:24:30Z  449.595  -30.521  -124.567  2.63617E-16  SWARM-A  2.121  210.348
2018-04-20T10:25:00Z  450.405  -32.448  -124.571  2.62330E-16  SWARM-A  2.129  212.273
2018-04-20T10:25:30Z  451.228  -34.375  -124.569  2.61072E-16  SWARM-A  2.138  214.198
2018-04-20T10:26:00Z  452.060  -36.300  -124.561  2.59842E-16  SWARM-A  2.147  216.123
2018-04-20T10:26:30Z  452.898  -38.225  -124.546  2.58613E-16  SWARM-A  2.156  218.047
2018-04-20T10:27:00Z  453.739  -40.148  -124.524  2.57415E-16  SWARM-A  2.166  219.971
2018-04-20T10:27:30Z  454.581  -42.070  -124.493  2.56233E-16  SWARM-A  2.176  221.895
2018-04-20T10:28:00Z  455.419  -43.991  -124.453  2.55092E-16  SWARM-A  2.187  223.819
2018-04-20T10:28:30Z  456.252  -45.911  -124.401  2.53915E-16  SWARM-A  2.199  225.743
2018-04-20T10:29:00Z  457.076  -47.830  -124.337  2.52749E-16  SWARM-A  2.212  227.667
2018-04-20T10:29:30Z  457.888  -49.747  -124.259  2.51563E-16  SWARM-A  2.225  229.590
2018-04-20T10:30:00Z  458.686  -51.663  -124.164  2.50403E-16  SWARM-A  2.240  231.514
2018-04-20T10:30:30Z  459.466  -53.577  -124.050  2.49371E-16  SWARM-A  2.256  233.437
2018-04-20T10:31:00Z  460.225  -55.490  -123.913  2.48510E-16  SWARM-A  2.273  235.360
2018-04-20T10:31:30Z  460.962  -57.402  -123.749  2.47943E-16  SWARM-A  2.293  237.283
2018-04-20T10:32:00Z  461.672  -59.312  -123.553  2.47837E-16  SWARM-A  2.314  239.206
2018-04-20T10:32:30Z  462.354  -61.220  -123.320  2.48182E-16  SWARM-A  2.338  241.129
2018-04-20T10:33:00Z  463.005  -63.127  -123.040  2.48946E-16  SWARM-A  2.365  243.051
2018-04-20T10:33:30Z  463.622  -65.031  -122.704  2.49919E-16  SWARM-A  2.396  244.974
2018-04-20T10:34:00Z  464.204  -66.933  -122.297  2.50951E-16  SWARM-A  2.431  246.896
2018-04-20T10:34:30Z  464.748  -68.832  -121.800  2.51971E-16  SWARM-A  2.473  248.818
2018-04-20T10:35:00Z  465.252  -70.728  -121.187  2.52868E-16  SWARM-A  2.522  250.740
2018-04-20T10:35:30Z  465.715  -72.620  -120.420  2.53581E-16  SWARM-A  2.581  252.663
2018-04-20T10:36:00Z  466.134  -74.506  -119.443  2.54107E-16  SWARM-A  2.655  254.585
2018-04-20T10:36:30Z  466.508  -76.386  -118.169  2.54443E-16  SWARM-A  2.748  256.507
2018-04-20T10:37:00Z  466.836  -78.254  -116.459  2.54771E-16  SWARM-A  2.870  258.429
2018-04-20T10:37:30Z  467.117  -80.106  -114.071  2.55178E-16  SWARM-A  3.038  260.350
2018-04-20T10:38:00Z  467.349  -81.930  -110.549  2.55859E-16  SWARM-A  3.281  262.272
2018-04-20T10:38:30Z  467.531  -83.704  -104.956  2.56956E-16  SWARM-A  3.662  264.194
2018-04-20T10:39:00Z  467.664  -85.368  -95.108  2.58605E-16  SWARM-A  4.327  266.116
2018-04-20T10:39:30Z  467.745  -86.750  -75.660  2.60960E-16  SWARM-A  5.632  268.038
2018-04-20T10:40:00Z  467.776  -87.362  -39.781  2.64239E-16  SWARM-A  8.032  269.959
2018-04-20T10:40:30Z  467.756  -86.738  -4.062  2.68297E-16  SWARM-A  10.422  271.881
2018-04-20T10:41:00Z  467.685  -85.350  15.231  2.72968E-16  SWARM-A  11.716  273.803
2018-04-20T10:41:30Z  467.564  -83.684  25.011  2.78413E-16  SWARM-A  12.377  275.725
2018-04-20T10:42:00Z  467.392  -81.910  30.572  2.84575E-16  SWARM-A  12.756  277.646
2018-04-20T10:42:30Z  467.171  -80.085  34.077  2.91366E-16  SWARM-A  12.998  279.568
2018-04-20T10:43:00Z  466.901  -78.233  36.456  2.98972E-16  SWARM-A  13.165  281.490
2018-04-20T10:43:30Z  466.583  -76.365  38.160  3.07336E-16  SWARM-A  13.287  283.412
2018-04-20T10:44:00Z  466.219  -74.486  39.430  3.16530E-16  SWARM-A  13.380  285.334
2018-04-20T10:44:30Z  465.810  -72.599  40.404  3.26527E-16  SWARM-A  13.453  287.256
2018-04-20T10:45:00Z  465.357  -70.707  41.169  3.37317E-16  SWARM-A  13.512  289.178
2018-04-20T10:45:30Z  464.862  -68.811  41.781  3.48887E-16  SWARM-A  13.561  291.100
2018-04-20T10:46:00Z  464.327  -66.912  42.277  3.61214E-16  SWARM-A  13.603  293.022
2018-04-20T10:46:30Z  463.754  -65.010  42.683  3.74273E-16  SWARM-A  13.638  294.945
2018-04-20T10:47:00Z  463.145  -63.106  43.019  3.88006E-16  SWARM-A  13.669  296.867
2018-04-20T10:47:30Z  462.502  -61.199  43.298  4.02238E-16  SWARM-A  13.696  298.790
2018-04-20T10:48:00Z  461.829  -59.291  43.531  4.16860E-16  SWARM-A  13.720  300.712
2018-04-20T10:48:30Z  461.126  -57.381  43.726  4.31719E-16  SWARM-A  13.741  302.635
2018-04-20T10:49:00Z  460.397  -55.470  43.889  4.46673E-16  SWARM-A  13.760  304.558
2018-04-20T10:49:30Z  459.645  -53.557  44.026  4.61806E-16  SWARM-A  13.778  306.481
2018-04-20T10:50:00Z  458.872  -51.642  44.140  4.76841E-16  SWARM-A  13.794  308.404
2018-04-20T10:50:30Z  458.081  -49.726  44.235  4.91701E-16  SWARM-A  13.808  310.327
2018-04-20T10:51:00Z  457.275  -47.809  44.313  5.06246E-16  SWARM-A  13.822  312.251
2018-04-20T10:51:30Z  456.457  -45.891  44.377  5.20522E-16  SWARM-A  13.834  314.174
2018-04-20T10:52:00Z  455.630  -43.971  44.428  5.34536E-16  SWARM-A  13.846  316.098
2018-04-20T10:52:30Z  454.797  -42.050  44.468  5.48308E-16  SWARM-A  13.857  318.022
2018-04-20T10:53:00Z  453.961  -40.128  44.499  5.61824E-16  SWARM-A  13.867  319.946
2018-04-20T10:53:30Z  453.124  -38.205  44.521  5.75134E-16  SWARM-A  13.877  321.870
2018-04-20T10:54:00Z  452.291  -36.281  44.535  5.88204E-16  SWARM-A  13.887  323.794
2018-04-20T10:54:30Z  451.463  -34.355  44.543  6.01042E-16  SWARM-A  13.895  325.719
2018-04-20T10:55:00Z  450.644  -32.429  44.545  6.13671E-16  SWARM-A  13.904  327.644
2018-04-20T10:55:30Z  449.836  -30.501  44.542  6.26070E-16  SWARM-A  13.912  329.568
2018-04-20T10:56:00Z  449.043  -28.573  44.534  6.38277E-16  SWARM-A  13.920  331.493
2018-04-20T10:56:30Z  448.267  -26.643  44.522  6.50239E-16  SWARM-A  13.927  333.419
2018-04-20T10:57:00Z  447.510  -24.713  44.506  6.61895E-16  SWARM-A  13.935  335.344
2018-04-20T10:57:30Z  446.776  -22.782  44.486  6.73270E-16  SWARM-A  13.942  337.270
2018-04-20T10:58:00Z  446.066  -20.849  44.464  6.84262E-16  SWARM-A  13.949  339.195
2018-04-20T10:58:30Z  445.383  -18.916  44.440  6.94829E-16  SWARM-A  13.955  341.121
2018-04-20T10:59:00Z  444.728  -16.983  44.413  7.04890E-16  SWARM-A  13.962  343.047
2018-04-20T10:59:30Z  444.105  -15.048  44.384  7.14353E-16  SWARM-A  13.968  344.974
2018-04-20T11:00:00Z  443.514  -13.113  44.353  7.23127E-16  SWARM-A  13.974  346.900
2018-04-20T11:00:30Z  442.958  -11.178  44.321  7.31150E-16  SWARM-A  13.981  348.827
2018-04-20T11:01:00Z  442.438  -9.242  44.287  7.38302E-16  SWARM-A  13.987  350.754
2018-04-20T11:01:30Z  441.955  -7.305  44.253  7.44538E-16  SWARM-A  13.993  352.681
2018-04-20T11:02:00Z  441.511  -5.368  44.218  7.49779E-16  SWARM-A  13.999  354.608
2018-04-20T11:02:30Z  441.106  -3.431  44.182  7.54045E-16  SWARM-A  14.005  356.535
2018-04-20T11:03:00Z  440.741  -1.493  44.146  7.57282E-16  SWARM-A  14.011  358.463
2018-04-20T11:03:30Z  440.418  0.444  44.110  7.59469E-16  SWARM-A  14.017  0.391
2018-04-20T11:04:00Z  440.135  2.382  44.074  7.60615E-16  SWARM-A  14.023  2.319
2018-04-20T11:04:30Z  439.894  4.321  44.038  7.60800E-16  SWARM-A  14.028  4.247
2018-04-20T11:05:00Z  439.694  6.259  44.003  7.60024E-16  SWARM-A  14.034  6.175
2018-04-20T11:05:30Z  439.536  8.197  43.968  7.58320E-16  SWARM-A  14.040  8.104
2018-04-20T11:06:00Z  439.419  10.135  43.934  7.55764E-16  SWARM-A  14.047  10.032
2018-04-20T11:06:30Z  439.342  12.073  43.901  7.52457E-16  SWARM-A  14.053  11.961
2018-04-20T11:07:00Z  439.305  14.010  43.870  7.48389E-16  SWARM-A  14.059  13.890
2018-04-20T11:07:30Z  439.306  15.948  43.840  7.43708E-16  SWARM-A  14.065  15.819
2018-04-20T11:08:00Z  439.346  17.885  43.812  7.38385E-16  SWARM-A  14.072  17.748
2018-04-20T11:08:30Z  439.422  19.822  43.786  7.33012E-16  SWARM-A  14.078  19.678
2018-04-20T11:09:00Z  439.533  21.758  43.763  7.26783E-16  SWARM-A  14.085  21.607
2018-04-20T11:09:30Z  439.677  23.694  43.742  7.20035E-16  SWARM-A  14.092  23.537
2018-04-20T11:10:00Z  439.854  25.629  43.725  7.12912E-16  SWARM-A  14.099  25.467
2018-04-20T11:10:30Z  440.061  27.564  43.711  7.05402E-16  SWARM-A  14.107  27.397
2018-04-20T11:11:00Z  440.296  29.498  43.701  6.97590E-16  SWARM-A  14.114  29.327
2018-04-20T11:11:30Z  440.557  31.431  43.695  6.89495E-16  SWARM-A  14.122  31.257
2018-04-20T11:12:00Z  440.843  33.364  43.695  6.81189E-16  SWARM-A  14.131  33.188
2018-04-20T11:12:30Z  441.150  35.296  43.700  6.72720E-16  SWARM-A  14.139  35.118
2018-04-20T11:13:00Z  441.477  37.227  43.711  6.64130E-16  SWARM-A  14.148  37.049
2018-04-20T11:13:30Z  441.822  39.157  43.730  6.55459E-16  SWARM-A  14.158  38.980
2018-04-20T11:14:00Z  442.181  41.087  43.756  6.46779E-16  SWARM-A  14.168  40.910
2018-04-20T11:14:30Z  442.552  43.015  43.792  6.38116E-16  SWARM-A  14.179  42.841
2018-04-20T11:15:00Z  442.933  44.943  43.838  6.29529E-16  SWARM-A  14.190  44.772
2018-04-20T11:15:30Z  443.322  46.869  43.896  6.21074E-16  SWARM-A  14.202  46.704
2018-04-20T11:16:00Z  443.715  48.795  43.968  6.12747E-16  SWARM-A  14.215  48.635
2018-04-20T11:16:30Z  444.111  50.719  44.055  6.04635E-16  SWARM-A  14.230  50.566
2018-04-20T11:17:00Z  444.507  52.643  44.161  5.96730E-16  SWARM-A  14.245  52.498
2018-04-20T11:17:30Z  444.900  54.565  44.287  5.89126E-16  SWARM-A  14.262  54.429
2018-04-20T11:18:00Z  445.288  56.485  44.439  5.81777E-16  SWARM-A  14.280  56.361
2018-04-20T11:18:30Z  445.669  58.405  44.620  5.74660E-16  SWARM-A  14.301  58.292
2018-04-20T11:19:00Z  446.040  60.323  44.836  5.67700E-16  SWARM-A  14.323  60.224
2018-04-20T11:19:30Z  446.399  62.239  45.094  5.60831E-16  SWARM-A  14.349  62.156
2018-04-20T11:20:00Z  446.744  64.154  45.405  5.53940E-16  SWARM-A  14.378  64.088
2018-04-20T11:20:30Z  447.073  66.066  45.780  5.47085E-16  SWARM-A  14.411  66.019
2018-04-20T11:21:00Z  447.384  67.977  46.236  5.40412E-16  SWARM-A  14.450  67.951
2018-04-20T11:21:30Z  447.675  69.884  46.796  5.34061E-16  SWARM-A  14.496  69.883
2018-04-20T11:22:00Z  447.945  71.787  47.493  5.28180E-16  SWARM-A  14.551  71.815
2018-04-20T11:22:30Z  448.191  73.686  48.375  5.22727E-16  SWARM-A  14.618  73.747
2018-04-20T11:23:00Z  448.413  75.578  49.513  5.17579E-16  SWARM-A  14.702  75.680
2018-04-20T11:23:30Z  448.609  77.462  51.022  5.12534E-16  SWARM-A  14.811  77.612
2018-04-20T11:24:00Z  448.778  79.332  53.095  5.07323E-16  SWARM-A  14.957  79.544
2018-04-20T11:24:30Z  448.919  81.179  56.083  5.01666E-16  SWARM-A  15.165  81.476
2018-04-20T11:25:00Z  449.031  82.988  60.682  4.95506E-16  SWARM-A  15.480  83.408
2018-04-20T11:25:30Z  449.113  84.717  68.439  4.88837E-16  SWARM-A  16.005  85.341
2018-04-20T11:26:00Z  449.166  86.256  83.170  4.81729E-16  SWARM-A  16.996  87.273
2018-04-20T11:26:30Z  449.188  87.262  112.657  4.74173E-16  SWARM-A  18.970  89.205
2018-04-20T11:27:00Z  449.180  87.111  152.338  4.65900E-16  SWARM-A  21.624  91.137
2018-04-20T11:27:30Z  449.142  85.930  177.738  4.56849E-16  SWARM-A  23.325  93.070
2018-04-20T11:28:00Z  449.073  84.330  -169.689  4.47577E-16  SWARM-A  0.172  95.002
2018-04-20T11:28:30Z  448.974  82.576  -162.879  4.38376E-16  SWARM-A  0.634  96.934
2018-04-20T11:29:00Z  448.846  80.756  -158.745  4.29458E-16  SWARM-A  0.918  98.866
2018-04-20T11:29:30Z  448.690  78.902  -156.012  4.20940E-16  SWARM-A  1.109  100.799
2018-04-20T11:30:00Z  448.505  77.029  -154.092  4.12963E-16  SWARM-A  1.245  102.731
2018-04-20T11:30:30Z  448.295  75.143  -152.681  4.05632E-16  SWARM-A  1.347  104.663
2018-04-20T11:31:00Z  448.058  73.249  -151.611  3.98939E-16  SWARM-A  1.427  106.595
2018-04-20T11:31:30Z  447.798  71.349  -150.777  3.92902E-16  SWARM-A  1.491  108.527
2018-04-20T11:32:00Z  447.514  69.444  -150.115  3.87437E-16  SWARM-A  1.543  110.459
2018-04-20T11:32:30Z  447.210  67.536  -149.581  3.82497E-16  SWARM-A  1.587  112.391
2018-04-20T11:33:00Z  446.886  65.626  -149.146  3.77927E-16  SWARM-A  1.625  114.323
2018-04-20T11:33:30Z  446.545  63.713  -148.787  3.73695E-16  SWARM-A  1.657  116.255
2018-04-20T11:34:00Z  446.188  61.797  -148.489  3.69664E-16  SWARM-A  1.685  118.187
2018-04-20T11:34:30Z  445.818  59.881  -148.241  3.65777E-16  SWARM-A  1.710  120.119
2018-04-20T11:35:00Z  445.436  57.962  -148.034  3.62103E-16  SWARM-A  1.732  122.051
2018-04-20T11:35:30Z  445.045  56.042  -147.860  3.58685E-16  SWARM-A  1.752  123.982
2018-04-20T11:36:00Z  444.648  54.121  -147.715  3.55617E-16  SWARM-A  1.770  125.914
2018-04-20T11:36:30Z  444.246  52.199  -147.594  3.53015E-16  SWARM-A  1.786  127.846
2018-04-20T11:37:00Z  443.842  50.275  -147.493  3.50882E-16  SWARM-A  1.801  129.777
2018-04-20T11:37:30Z  443.439  48.350  -147.409  3.49344E-16  SWARM-A  1.815  131.709
2018-04-20T11:38:00Z  443.038  46.424  -147.341  3.48247E-16  SWARM-A  1.828  133.640
2018-04-20T11:38:30Z  442.644  44.497  -147.286  3.47375E-16  SWARM-A  1.840  135.571
2018-04-20T11:39:00Z  442.258  42.570  -147.242  3.46769E-16  SWARM-A  1.852  137.502
2018-04-20T11:39:30Z  441.882  40.641  -147.209  3.46342E-16  SWARM-A  1.862  139.433
2018-04-20T11:40:00Z  441.520  38.711  -147.184  3.46055E-16  SWARM-A  1.872  141.364
2018-04-20T11:40:30Z  441.174  36.780  -147.167  3.45970E-16  SWARM-A  1.882  143.295
2018-04-20T11:41:00Z  440.846  34.849  -147.157  3.46063E-16  SWARM-A  1.891  145.226
2018-04-20T11:41:30Z  440.538  32.917  -147.153  3.46396E-16  SWARM-A  1.899  147.156
2018-04-20T11:42:00Z  440.253  30.984  -147.155  3.46943E-16  SWARM-A  1.907  149.087
2018-04-20T11:42:30Z  439.993  29.050  -147.162  3.47663E-16  SWARM-A  1.915  151.017
2018-04-20T11:43:00Z  439.761  27.116  -147.173  3.48459E-16  SWARM-A  1.923  152.947
2018-04-20T11:43:30Z  439.557  25.181  -147.188  3.49370E-16  SWARM-A  1.930  154.878
2018-04-20T11:44:00Z  439.384  23.245  -147.206  3.50338E-16  SWARM-A  1.937  156.808
2018-04-20T11:44:30Z  439.244  21.309  -147.227  3.51295E-16  SWARM-A  1.944  158.737
2018-04-20T11:45:00Z  439.139  19.373  -147.251  3.52224E-16  SWARM-A  1.951  160.667
2018-04-20T11:45:30Z  439.069  17.436  -147.278  3.53124E-16  SWARM-A  1.958  162.597
2018-04-20T11:46:00Z  439.036  15.498  -147.306  3.53935E-16  SWARM-A  1.964  164.526
2018-04-20T11:46:30Z  439.042  13.561  -147.336  3.54635E-16  SWARM-A  1.970  166.455
2018-04-20T11:47:00Z  439.087  11.623  -147.368  3.55236E-16  SWARM-A  1.976  168.384
2018-04-20T11:47:30Z  439.172  9.685  -147.401  3.55704E-16  SWARM-A  1.983  170.313
2018-04-20T11:48:00Z  439.298  7.746  -147.435  3.56105E-16  SWARM-A  1.989  172.242
2018-04-20T11:48:30Z  439.465  5.808  -147.470  3.56424E-16  SWARM-A  1.995  174.170
2018-04-20T11:49:00Z  439.674  3.870  -147.506  3.56701E-16  SWARM-A  2.001  176.099
2018-04-20T11:49:30Z  439.925  1.932  -147.542  3.56937E-16  SWARM-A  2.007  178.027
2018-04-20T11:50:00Z  440.217  -0.007  -147.578  3.57163E-16  SWARM-A  2.012  179.955
2018-04-20T11:50:30Z  440.550  -1.945  -147.614  3.57400E-16  SWARM-A  2.018  181.883
2018-04-20T11:51:00Z  440.925  -3.882  -147.650  3.57681E-16  SWARM-A  2.024  183.811
2018-04-20T11:51:30Z  441.339  -5.820  -147.686  3.58027E-16  SWARM-A  2.030  185.738
2018-04-20T11:52:00Z  441.793  -7.757  -147.721  3.58424E-16  SWARM-A  2.036  187.666
2018-04-20T11:52:30Z  442.286  -9.693  -147.755  3.58919E-16  SWARM-A  2.042  189.593
2018-04-20T11:53:00Z  442.815  -11.629  -147.788  3.59460E-16  SWARM-A  2.048  191.520
2018-04-20T11:53:30Z  443.380  -13.565  -147.820  3.60025E-16  SWARM-A  2.055  193.447
2018-04-20T11:54:00Z  443.980  -15.500  -147.851  3.60617E-16  SWARM-A  2.061  195.373
2018-04-20T11:54:30Z  444.612  -17.434  -147.879  3.61228E-16  SWARM-A  2.067  197.300
2018-04-20T11:55:00Z  445.275  -19.368  -147.906  3.61820E-16  SWARM-A  2.074  199.226
2018-04-20T11:55:30Z  445.967  -21.301  -147.930  3.62417E-16  SWARM-A  2.081  201.152
2018-04-20T11:56:00Z  446.685  -23.233  -147.952  3.62955E-16  SWARM-A  2.088  203.078
2018-04-20T11:56:30Z  447.428  -25.164  -147.970  3.63469E-16  SWARM-A  2.095  205.003
2018-04-20T11:57:00Z  448.192  -27.095  -147.985  3.63924E-16  SWARM-A  2.102  206.929
2018-04-20T11:57:30Z  448.976  -29.024  -147.997  3.64340E-16  SWARM-A  2.110  208.854
2018-04-20T11:58:00Z  449.776  -30.952  -148.004  3.64687E-16  SWARM-A  2.117  210.779
2018-04-20T11:58:30Z  450.591  -32.880  -148.006  3.64971E-16  SWARM-A  2.126  212.704
2018-04-20T11:59:00Z  451.416  -34.806  -148.003  3.65190E-16  SWARM-A  2.134  214.629
2018-04-20T11:59:30Z  452.250  -36.732  -147.994  3.65312E-16  SWARM-A  2.143  216.554
2018-04-20T12:00:00Z  453.090  -38.656  -147.977  3.65268E-16  SWARM-A  2.153  218.478
2018-04-20T12:00:30Z  453.931  -40.579  -147.954  3.65116E-16  SWARM-A  2.162  220.402
2018-04-20T12:01:00Z  454.773  -42.501  -147.921  3.64885E-16  SWARM-A  2.173  222.326
2018-04-20T12:01:30Z  455.611  -44.421  -147.878  3.64532E-16  SWARM-A  2.184  224.250
2018-04-20T12:02:00Z  456.442  -46.341  -147.824  3.64173E-16  SWARM-A  2.196  226.174
2018-04-20T12:02:30Z  457.264  -48.259  -147.758  3.63965E-16  SWARM-A  2.209  228.098
2018-04-20T12:03:00Z  458.074  -50.176  -147.676  3.63758E-16  SWARM-A  2.223  230.021
2018-04-20T12:03:30Z  458.868  -52.092  -147.577  3.63621E-16  SWARM-A  2.238  231.944
2018-04-20T12:04:00Z  459.644  -54.006  -147.458  3.63697E-16  SWARM-A  2.254  233.868
2018-04-20T12:04:30Z  460.398  -55.919  -147.315  3.64010E-16  SWARM-A  2.272  235.791
2018-04-20T12:05:00Z  461.129  -57.830  -147.145  3.64391E-16  SWARM-A  2.291  237.714
2018-04-20T12:05:30Z  461.834  -59.739  -146.942  3.64677E-16  SWARM-A  2.313  239.636
2018-04-20T12:06:00Z  462.509  -61.647  -146.699  3.64540E-16  SWARM-A  2.338  241.559
2018-04-20T12:06:30Z  463.153  -63.553  -146.408  3.63917E-16  SWARM-A  2.366  243.482
2018-04-20T12:07:00Z  463.762  -65.457  -146.058  3.62822E-16  SWARM-A  2.397  245.404
2018-04-20T12:07:30Z  464.336  -67.359  -145.633  3.61186E-16  SWARM-A  2.434  247.326
2018-04-20T12:08:00Z  464.871  -69.257  -145.113  3.59027E-16  SWARM-A  2.477  249.249
2018-04-20T12:08:30Z  465.367  -71.152  -144.470  3.56391E-16  SWARM-A  2.528  251.171
2018-04-20T12:09:00Z  465.820  -73.043  -143.662  3.53270E-16  SWARM-A  2.590  253.093
2018-04-20T12:09:30Z  466.229  -74.928  -142.628  3.49792E-16  SWARM-A  2.668  255.015
2018-04-20T12:10:00Z  466.593  -76.805  -141.273  3.46050E-16  SWARM-A  2.766  256.937
2018-04-20T12:10:30Z  466.911  -78.671  -139.439  3.42187E-16  SWARM-A  2.897  258.859
2018-04-20T12:11:00Z  467.181  -80.518  -136.849  3.38321E-16  SWARM-A  3.078  260.781
2018-04-20T12:11:30Z  467.402  -82.334  -132.974  3.34585E-16  SWARM-A  3.344  262.702
2018-04-20T12:12:00Z  467.573  -84.090  -126.692  3.31110E-16  SWARM-A  3.772  264.624
2018-04-20T12:12:30Z  467.695  -85.713  -115.330  3.28014E-16  SWARM-A  4.537  266.546
2018-04-20T12:13:00Z  467.765  -86.981  -92.539  3.25466E-16  SWARM-A  6.065  268.468
2018-04-20T12:13:30Z  467.785  -87.328  -54.035  3.23614E-16  SWARM-A  8.640  270.389
2018-04-20T12:14:00Z  467.754  -86.471  -21.882  3.22095E-16  SWARM-A  10.792  272.311
2018-04-20T12:14:30Z  467.671  -84.994  -5.431  3.20877E-16  SWARM-A  11.897  274.233
2018-04-20T12:15:00Z  467.539  -83.295  3.095  3.20147E-16  SWARM-A  12.474  276.155
2018-04-20T12:15:30Z  467.356  -81.506  8.069  3.19961E-16  SWARM-A  12.814  278.077
2018-04-20T12:16:00Z  467.123  -79.673  11.262  3.20364E-16  SWARM-A  13.035  279.998
2018-04-20T12:16:30Z  466.843  -77.817  13.460  3.21425E-16  SWARM-A  13.190  281.920
2018-04-20T12:17:00Z  466.514  -75.945  15.049  3.23154E-16  SWARM-A  13.304  283.842
2018-04-20T12:17:30Z  466.140  -74.064  16.242  3.25610E-16  SWARM-A  13.392  285.764
2018-04-20T12:18:00Z  465.721  -72.176  17.163  3.28792E-16  SWARM-A  13.462  287.686
2018-04-20T12:18:30Z  465.258  -70.284  17.889  3.32694E-16  SWARM-A  13.519  289.608
2018-04-20T12:19:00Z  464.754  -68.387  18.471  3.37286E-16  SWARM-A  13.566  291.530
2018-04-20T12:19:30Z  464.210  -66.487  18.945  3.42924E-16  SWARM-A  13.606  293.453
2018-04-20T12:20:00Z  463.629  -64.584  19.333  3.49713E-16  SWARM-A  13.640  295.375
2018-04-20T12:20:30Z  463.012  -62.680  19.655  3.57132E-16  SWARM-A  13.670  297.297
2018-04-20T12:21:00Z  462.362  -60.773  19.923  3.65036E-16  SWARM-A  13.696  299.220
2018-04-20T12:21:30Z  461.682  -58.864  20.146  3.73323E-16  SWARM-A  13.719  301.142
2018-04-20T12:22:00Z  460.973  -56.954  20.333  3.82195E-16  SWARM-A  13.740  303.065
2018-04-20T12:22:30Z  460.239  -55.042  20.490  3.91506E-16  SWARM-A  13.759  304.988
2018-04-20T12:23:00Z  459.482  -53.129  20.621  4.01288E-16  SWARM-A  13.776  306.911
2018-04-20T12:23:30Z  458.704  -51.214  20.731  4.10932E-16  SWARM-A  13.792  308.834
2018-04-20T12:24:00Z  457.910  -49.298  20.822  4.20631E-16  SWARM-A  13.806  310.758
2018-04-20T12:24:30Z  457.101  -47.380  20.896  4.30818E-16  SWARM-A  13.819  312.681
2018-04-20T12:25:00Z  456.281  -45.462  20.957  4.41434E-16  SWARM-A  13.832  314.605
2018-04-20T12:25:30Z  455.452  -43.542  21.006  4.52486E-16  SWARM-A  13.843  316.528
2018-04-20T12:26:00Z  454.618  -41.621  21.043  4.64341E-16  SWARM-A  13.854  318.452
2018-04-20T12:26:30Z  453.782  -39.698  21.072  4.76959E-16  SWARM-A  13.864  320.376
2018-04-20T12:27:00Z  452.946  -37.775  21.092  4.90133E-16  SWARM-A  13.874  322.300
2018-04-20T12:27:30Z  452.114  -35.850  21.105  5.03925E-16  SWARM-A  13.883  324.225
2018-04-20T12:28:00Z  451.288  -33.925  21.111  5.18285E-16  SWARM-A  13.892  326.149
2018-04-20T12:28:30Z  450.471  -31.998  21.112  5.33218E-16  SWARM-A  13.900  328.074
2018-04-20T12:29:00Z  449.667  -30.070  21.108  5.47622E-16  SWARM-A  13.908  329.999
2018-04-20T12:29:30Z  448.877  -28.141  21.098  5.62406E-16  SWARM-A  13.916  331.924
2018-04-20T12:30:00Z  448.105  -26.212  21.085  5.77604E-16  SWARM-A  13.923  333.849
2018-04-20T12:30:30Z  447.353  -24.281  21.069  5.92938E-16  SWARM-A  13.931  335.775
2018-04-20T12:31:00Z  446.624  -22.350  21.049  6.08336E-16  SWARM-A  13.938  337.700
2018-04-20T12:31:30Z  445.920  -20.417  21.026  6.23775E-16  SWARM-A  13.945  339.626
2018-04-20T12:32:00Z  445.242  -18.484  21.000  6.38784E-16  SWARM-A  13.951  341.552
2018-04-20T12:32:30Z  444.595  -16.550  20.973  6.53436E-16  SWARM-A  13.958  343.478
2018-04-20T12:33:00Z  443.978  -14.616  20.943  6.67627E-16  SWARM-A  13.964  345.405
2018-04-20T12:33:30Z  443.394  -12.681  20.912  6.81188E-16  SWARM-A  13.970  347.331
2018-04-20T12:34:00Z  442.845  -10.745  20.880  6.93927E-16  SWARM-A  13.976  349.258
2018-04-20T12:34:30Z  442.332  -8.809  20.846  7.05758E-16  SWARM-A  13.983  351.185
2018-04-20T12:35:00Z  441.857  -6.872  20.811  7.16549E-16  SWARM-A  13.989  353.112
2018-04-20T12:35:30Z  441.420  -4.935  20.776  7.26272E-16  SWARM-A  13.995  355.039
2018-04-20T12:36:00Z  441.023  -2.998  20.740  7.34791E-16  SWARM-A  14.000  356.967
2018-04-20T12:36:30Z  440.666  -1.060  20.704  7.42134E-16  SWARM-A  14.006  358.894
2018-04-20T12:37:00Z  440.351  0.878  20.668  7.48245E-16  SWARM-A  14.012  0.822
2018-04-20T12:37:30Z  440.076  2.816  20.632  7.53127E-16  SWARM-A  14.018  2.750
2018-04-20T12:38:00Z  439.843  4.754  20.596  7.56833E-16  SWARM-A  14.024  4.678
2018-04-20T12:38:30Z  439.652  6.692  20.561  7.59414E-16  SWARM-A  14.030  6.606
2018-04-20T12:39:00Z  439.501  8.630  20.526  7.60894E-16  SWARM-A  14.036  8.535
2018-04-20T12:39:30Z  439.392  10.568  20.492  7.61292E-16  SWARM-A  14.042  10.464
2018-04-20T12:40:00Z  439.323  12.506  20.460  7.60706E-16  SWARM-A  14.048  12.392
2018-04-20T12:40:30Z  439.293  14.444  20.429  7.59219E-16  SWARM-A  14.055  14.321
2018-04-20T12:41:00Z  439.302  16.381  20.399  7.56813E-16  SWARM-A  14.061  16.251
2018-04-20T12:41:30Z  439.348  18.318  20.371  7.53470E-16  SWARM-A  14.068  18.180
2018-04-20T12:42:00Z  439.431  20.255  20.346  7.49464E-16  SWARM-A  14.074  20.109
2018-04-20T12:42:30Z  439.549  22.191  20.323  7.44906E-16  SWARM-A  14.081  22.039
2018-04-20T12:43:00Z  439.700  24.127  20.303  7.39836E-16  SWARM-A  14.088  23.969
2018-04-20T12:43:30Z  439.882  26.062  20.286  7.34303E-16  SWARM-A  14.095  25.899
2018-04-20T12:44:00Z  440.094  27.997  20.273  7.28346E-16  SWARM-A  14.103  27.829
2018-04-20T12:44:30Z  440.334  29.931  20.264  7.22079E-16  SWARM-A  14.110  29.759
2018-04-20T12:45:00Z  440.600  31.864  20.259  7.15315E-16  SWARM-A  14.118  31.689
2018-04-20T12:45:30Z  440.890  33.796  20.260  7.08222E-16  SWARM-A  14.127  33.620
2018-04-20T12:46:00Z  441.201  35.728  20.266  7.00955E-16  SWARM-A  14.136  35.550
2018-04-20T12:46:30Z  441.531  37.659  20.279  6.93553E-16  SWARM-A  14.145  37.481
2018-04-20T12:47:00Z  441.878  39.589  20.300  6.86129E-16  SWARM-A  14.154  39.412
2018-04-20T12:47:30Z  442.239  41.518  20.328  6.78761E-16  SWARM-A  14.165  41.342
2018-04-20T12:48:00Z  442.612  43.447  20.366  6.71445E-16  SWARM-A  14.176  43.273
2018-04-20T12:48:30Z  442.995  45.374  20.415  6.64306E-16  SWARM-A  14.187  45.205
2018-04-20T12:49:00Z  443.384  47.300  20.475  6.57420E-16  SWARM-A  14.200  47.136
2018-04-20T12:49:30Z  443.777  49.226  20.550  6.50813E-16  SWARM-A  14.213  49.067
2018-04-20T12:50:00Z  444.172  51.150  20.641  6.44579E-16  SWARM-A  14.227  50.998
2018-04-20T12:50:30Z  444.566  53.073  20.751  6.38778E-16  SWARM-A  14.243  52.930
2018-04-20T12:51:00Z  444.957  54.995  20.883  6.33460E-16  SWARM-A  14.260  54.861
2018-04-20T12:51:30Z  445.343  56.915  21.040  6.28641E-16  SWARM-A  14.279  56.793
2018-04-20T12:52:00Z  445.721  58.835  21.228  6.24325E-16  SWARM-A  14.300  58.725
2018-04-20T12:52:30Z  446.088  60.752  21.453  6.20424E-16  SWARM-A  14.323  60.656
2018-04-20T12:53:00Z  446.443  62.668  21.722  6.16574E-16  SWARM-A  14.349  62.588
2018-04-20T12:53:30Z  446.784  64.582  22.045  6.12506E-16  SWARM-A  14.379  64.520
2018-04-20T12:54:00Z  447.108  66.495  22.436  6.08072E-16  SWARM-A  14.414  66.452
2018-04-20T12:54:30Z  447.414  68.404  22.913  6.03431E-16  SWARM-A  14.454  68.384
2018-04-20T12:55:00Z  447.699  70.310  23.501  5.98918E-16  SWARM-A  14.501  70.316
2018-04-20T12:55:30Z  447.963  72.213  24.234  5.94836E-16  SWARM-A  14.558  72.248
2018-04-20T12:56:00Z  448.203  74.111  25.165  5.91315E-16  SWARM-A  14.629  74.180
2018-04-20T12:56:30Z  448.418  76.001  26.373  5.87931E-16  SWARM-A  14.718  76.112
2018-04-20T12:57:00Z  448.607  77.882  27.987  5.84527E-16  SWARM-A  14.834  78.044
2018-04-20T12:57:30Z  448.768  79.748  30.226  5.80838E-16  SWARM-A  14.991  79.977
2018-04-20T12:58:00Z  448.902  81.589  33.494  5.76515E-16  SWARM-A  15.217  81.909
2018-04-20T12:58:30Z  449.006  83.385  38.615  5.71383E-16  SWARM-A  15.567  83.841
2018-04-20T12:59:00Z  449.081  85.086  47.472  5.65337E-16  SWARM-A  16.166  85.773
2018-04-20T12:59:30Z  449.125  86.549  64.731  5.58427E-16  SWARM-A  17.325  87.706
2018-04-20T13:00:00Z  449.140  87.347  98.172  5.50522E-16  SWARM-A  19.563  89.638
2018-04-20T13:00:30Z  449.124  86.911  136.195  5.40845E-16  SWARM-A  22.106  91.570
2018-04-20T13:01:00Z  449.077  85.595  157.923  5.30212E-16  SWARM-A  23.563  93.503
2018-04-20T13:01:30Z  449.001  83.946  168.761  5.19340E-16  SWARM-A  0.294  95.435
2018-04-20T13:02:00Z  448.895  82.173  174.794  5.08541E-16  SWARM-A  0.704  97.367
2018-04-20T13:02:30Z  448.759  80.343  178.536  4.98008E-16  SWARM-A  0.962  99.299
2018-04-20T13:03:00Z  448.596  78.484  -178.952  4.87804E-16  SWARM-A  1.138  101.232
2018-04-20T13:03:30Z  448.404  76.607  -177.167  4.78271E-16  SWARM-A  1.265  103.164
2018-04-20T13:04:00Z  448.187  74.719  -175.845  4.69618E-16  SWARM-A  1.362  105.096
2018-04-20T13:04:30Z  447.944  72.824  -174.835  4.61270E-16  SWARM-A  1.437  107.028
2018-04-20T13:05:00Z  447.677  70.922  -174.045  4.53349E-16  SWARM-A  1.498  108.960
2018-04-20T13:05:30Z  447.388  69.017  -173.416  4.45651E-16  SWARM-A  1.548  110.892
2018-04-20T13:06:00Z  447.079  67.108  -172.906  4.38135E-16  SWARM-A  1.591  112.824
2018-04-20T13:06:30Z  446.750  65.197  -172.490  4.30707E-16  SWARM-A  1.627  114.756
2018-04-20T13:07:00Z  446.405  63.283  -172.146  4.23077E-16  SWARM-A  1.658  116.688
2018-04-20T13:07:30Z  446.044  61.368  -171.861  4.15307E-16  SWARM-A  1.685  118.620
2018-04-20T13:08:00Z  445.671  59.451  -171.623  4.07871E-16  SWARM-A  1.710  120.552
2018-04-20T13:08:30Z  445.287  57.532  -171.424  4.00832E-16  SWARM-A  1.731  122.484
2018-04-20T13:09:00Z  444.894  55.612  -171.258  3.94237E-16  SWARM-A  1.751  124.416
2018-04-20T13:09:30Z  444.495  53.690  -171.118  3.88182E-16  SWARM-A  1.768  126.347
2018-04-20T13:10:00Z  444.093  51.767  -171.002  3.82584E-16  SWARM-A  1.784  128.279
2018-04-20T13:10:30Z  443.689  49.843  -170.905  3.77299E-16  SWARM-A  1.799  130.210
2018-04-20T13:11:00Z  443.286  47.918  -170.825  3.72073E-16  SWARM-A  1.813  132.142
2018-04-20T13:11:30Z  442.887  45.992  -170.760  3.67267E-16  SWARM-A  1.826  134.073
2018-04-20T13:12:00Z  442.495  44.065  -170.708  3.62869E-16  SWARM-A  1.837  136.004
2018-04-20T13:12:30Z  442.111  42.137  -170.666  3.58907E-16  SWARM-A  1.848  137.936
2018-04-20T13:13:00Z  441.739  40.208  -170.635  3.55357E-16  SWARM-A  1.859  139.867
2018-04-20T13:13:30Z  441.380  38.278  -170.612  3.52267E-16  SWARM-A  1.869  141.798
2018-04-20T13:14:00Z  441.038  36.347  -170.597  3.49617E-16  SWARM-A  1.878  143.728
2018-04-20T13:14:30Z  440.715  34.415  -170.589  3.47407E-16  SWARM-A  1.887  145.659
2018-04-20T13:15:00Z  440.412  32.483  -170.586  3.45517E-16  SWARM-A  1.895  147.590
2018-04-20T13:15:30Z  440.134  30.550  -170.589  3.44001E-16  SWARM-A  1.904  149.520
2018-04-20T13:16:00Z  439.880  28.616  -170.597  3.42797E-16  SWARM-A  1.911  151.451
2018-04-20T13:16:30Z  439.654  26.681  -170.609  3.41831E-16  SWARM-A  1.919  153.381
2018-04-20T13:17:00Z  439.458  24.746  -170.625  3.41087E-16  SWARM-A  1.926  155.311
2018-04-20T13:17:30Z  439.293  22.810  -170.644  3.40533E-16  SWARM-A  1.933  157.241
2018-04-20T13:18:00Z  439.161  20.874  -170.666  3.40071E-16  SWARM-A  1.940  159.171
2018-04-20T13:18:30Z  439.064  18.937  -170.690  3.39686E-16  SWARM-A  1.947  161.100
2018-04-20T13:19:00Z  439.003  17.000  -170.717  3.39293E-16  SWARM-A  1.953  163.030
2018-04-20T13:19:30Z  438.980  15.063  -170.746  3.38898E-16  SWARM-A  1.960  164.959
2018-04-20T13:20:00Z  438.995  13.125  -170.777  3.38429E-16  SWARM-A  1.966  166.889
2018-04-20T13:20:30Z  439.050  11.187  -170.809  3.37926E-16  SWARM-A  1.972  168.818
2018-04-20T13:21:00Z  439.145  9.249  -170.842  3.37371E-16  SWARM-A  1.978  170.747
2018-04-20T13:21:30Z  439.281  7.311  -170.877  3.36734E-16  SWARM-A  1.984  172.675
2018-04-20T13:22:00Z  439.459  5.372  -170.912  3.36065E-16  SWARM-A  1.990  174.604
2018-04-20T13:22:30Z  439.678  3.434  -170.948  3.35386E-16  SWARM-A  1.996  176.532
2018-04-20T13:23:00Z  439.939  1.496  -170.984  3.34698E-16  SWARM-A  2.002  178.461
2018-04-20T13:23:30Z  440.242  -0.442  -171.020  3.34063E-16  SWARM-A  2.008  180.389
2018-04-20T13:24:00Z  440.586  -2.380  -171.056  3.33539E-16  SWARM-A  2.014  182.316
2018-04-20T13:24:30Z  440.971  -4.318  -171.092  3.33123E-16  SWARM-A  2.020  184.244
2018-04-20T13:25:00Z  441.396  -6.255  -171.128  3.32871E-16  SWARM-A  2.026  186.172
2018-04-20T13:25:30Z  441.861  -8.192  -171.163  3.32806E-16  SWARM-A  2.032  188.099
2018-04-20T13:26:00Z  442.363  -10.129  -171.197  3.32934E-16  SWARM-A  2.038  190.026
2018-04-20T13:26:30Z  442.903  -12.065  -171.230  3.33251E-16  SWARM-A  2.044  191.953
2018-04-20T13:27:00Z  443.478  -14.000  -171.261  3.33787E-16  SWARM-A  2.051  193.880
2018-04-20T13:27:30Z  444.086  -15.935  -171.291  3.34581E-16  SWARM-A  2.057  195.806
2018-04-20T13:28:00Z  444.727  -17.869  -171.319  3.35540E-16  SWARM-A  2.063  197.733
2018-04-20T13:28:30Z  445.399  -19.803  -171.346  3.36708E-16  SWARM-A  2.070  199.659
2018-04-20T13:29:00Z  446.098  -21.736  -171.369  3.38010E-16  SWARM-A  2.077  201.585
2018-04-20T13:29:30Z  446.824  -23.668  -171.390  3.39454E-16  SWARM-A  2.084  203.511
2018-04-20T13:30:00Z  447.573  -25.599  -171.408  3.41029E-16  SWARM-A  2.091  205.437
2018-04-20T13:30:30Z  448.343  -27.529  -171.422  3.42667E-16  SWARM-A  2.098  207.362
2018-04-20T13:31:00Z  449.132  -29.458  -171.433  3.44329E-16  SWARM-A  2.106  209.287
2018-04-20T13:31:30Z  449.937  -31.386  -171.439  3.46010E-16  SWARM-A  2.114  211.212
2018-04-20T13:32:00Z  450.756  -33.313  -171.440  3.47628E-16  SWARM-A  2.122  213.137
2018-04-20T13:32:30Z  451.585  -35.240  -171.436  3.49147E-16  SWARM-A  2.131  215.062
2018-04-20T13:33:00Z  452.421  -37.165  -171.425  3.50560E-16  SWARM-A  2.140  216.987
2018-04-20T13:33:30Z  453.263  -39.089  -171.407  3.51857E-16  SWARM-A  2.149  218.911
2018-04-20T13:34:00Z  454.106  -41.011  -171.382  3.53092E-16  SWARM-A  2.159  220.835
2018-04-20T13:34:30Z  454.948  -42.933  -171.347  3.54324E-16  SWARM-A  2.170  222.759
2018-04-20T13:35:00Z  455.785  -44.854  -171.302  3.55680E-16  SWARM-A  2.181  224.683
2018-04-20T13:35:30Z  456.616  -46.773  -171.245  3.57231E-16  SWARM-A  2.193  226.607
2018-04-20T13:36:00Z  457.436  -48.691  -171.175  3.58986E-16  SWARM-A  2.206  228.531
2018-04-20T13:36:30Z  458.244  -50.607  -171.090  3.60954E-16  SWARM-A  2.220  230.454
2018-04-20T13:37:00Z  459.035  -52.523  -170.987  3.62941E-16  SWARM-A  2.235  232.377
2018-04-20T13:37:30Z  459.808  -54.436  -170.863  3.64684E-16  SWARM-A  2.252  234.300
2018-04-20T13:38:00Z  460.558  -56.349  -170.715  3.65987E-16  SWARM-A  2.270  236.223
2018-04-20T13:38:30Z  461.285  -58.260  -170.538  3.66494E-16  SWARM-A  2.290  238.146
2018-04-20T13:39:00Z  461.984  -60.169  -170.327  3.66294E-16  SWARM-A  2.313  240.069
2018-04-20T13:39:30Z  462.654  -62.076  -170.074  3.65397E-16  SWARM-A  2.338  241.992
2018-04-20T13:40:00Z  463.292  -63.982  -169.771  3.63787E-16  SWARM-A  2.367  243.914
2018-04-20T13:40:30Z  463.895  -65.885  -169.406  3.61489E-16  SWARM-A  2.399  245.837
2018-04-20T13:41:00Z  464.461  -67.786  -168.962  3.58615E-16  SWARM-A  2.437  247.759
2018-04-20T13:41:30Z  464.989  -69.684  -168.417  3.55220E-16  SWARM-A  2.482  249.681
2018-04-20T13:42:00Z  465.477  -71.578  -167.741  3.51496E-16  SWARM-A  2.535  251.603
2018-04-20T13:42:30Z  465.921  -73.468  -166.889  3.47478E-16  SWARM-A  2.600  253.525
2018-04-20T13:43:00Z  466.322  -75.352  -165.794  3.43303E-16  SWARM-A  2.682  255.447
2018-04-20T13:43:30Z  466.677  -77.226  -164.348  3.39001E-16  SWARM-A  2.786  257.369
2018-04-20T13:44:00Z  466.986  -79.088  -162.375  3.34750E-16  SWARM-A  2.926  259.291
2018-04-20T13:44:30Z  467.246  -80.930  -159.556  3.30669E-16  SWARM-A  3.123  261.213
2018-04-20T13:45:00Z  467.458  -82.736  -155.273  3.26827E-16  SWARM-A  3.416  263.135
2018-04-20T13:45:30Z  467.619  -84.472  -148.172  3.23205E-16  SWARM-A  3.898  265.057
2018-04-20T13:46:00Z  467.730  -86.044  -134.970  3.19962E-16  SWARM-A  4.787  266.978
2018-04-20T13:46:30Z  467.791  -87.167  -108.400  3.17207E-16  SWARM-A  6.566  268.900
2018-04-20T13:47:00Z  467.800  -87.226  -68.700  3.15011E-16  SWARM-A  9.221  270.822
2018-04-20T13:47:30Z  467.759  -86.172  -40.518  3.13010E-16  SWARM-A  11.108  272.744
2018-04-20T13:48:00Z  467.666  -84.624  -26.464  3.11288E-16  SWARM-A  12.054  274.665
2018-04-20T13:48:30Z  467.523  -82.898  -18.989  3.10041E-16  SWARM-A  12.560  276.587
2018-04-20T13:49:00Z  467.330  -81.097  -14.521  3.09175E-16  SWARM-A  12.867  278.509
2018-04-20T13:49:30Z  467.088  -79.257  -11.601  3.08963E-16  SWARM-A  13.070  280.431
2018-04-20T13:50:00Z  466.798  -77.397  -9.567  3.09573E-16  SWARM-A  13.214  282.352
2018-04-20T13:50:30Z  466.460  -75.523  -8.082  3.10953E-16  SWARM-A  13.321  284.274
2018-04-20T13:51:00Z  466.077  -73.640  -6.960  3.13221E-16  SWARM-A  13.404  286.196
2018-04-20T13:51:30Z  465.648  -71.751  -6.089  3.16373E-16  SWARM-A  13.470  288.118
2018-04-20T13:52:00Z  465.177  -69.858  -5.399  3.20397E-16  SWARM-A  13.525  290.040
2018-04-20T13:52:30Z  464.665  -67.960  -4.844  3.25254E-16  SWARM-A  13.570  291.963
2018-04-20T13:53:00Z  464.114  -66.059  -4.392  3.30959E-16  SWARM-A  13.609  293.885
2018-04-20T13:53:30Z  463.525  -64.156  -4.020  3.37411E-16  SWARM-A  13.642  295.807
2018-04-20T13:54:00Z  462.902  -62.251  -3.712  3.44672E-16  SWARM-A  13.671  297.730
2018-04-20T13:54:30Z  462.246  -60.344  -3.455  3.52729E-16  SWARM-A  13.696  299.652
2018-04-20T13:55:00Z  461.559  -58.435  -3.240  3.61648E-16  SWARM-A  13.719  301.575
2018-04-20T13:55:30Z  460.845  -56.524  -3.060  3.71162E-16  SWARM-A  13.739  303.497
2018-04-20T13:56:00Z  460.106  -54.612  -2.910  3.81335E-16  SWARM-A  13.757  305.420
2018-04-20T13:56:30Z  459.345  -52.698  -2.784  3.92093E-16  SWARM-A  13.774  307.343
2018-04-20T13:57:00Z  458.564  -50.783  -2.679  4.03414E-16  SWARM-A  13.789  309.267
2018-04-20T13:57:30Z  457.767  -48.867  -2.592  4.15249E-16  SWARM-A  13.804  311.190
2018-04-20T13:58:00Z  456.956  -46.949  -2.521  4.27575E-16  SWARM-A  13.817  313.113
2018-04-20T13:58:30Z  456.134  -45.030  -2.463  4.40330E-16  SWARM-A  13.829  315.037
2018-04-20T13:59:00Z  455.304  -43.110  -2.417  4.53524E-16  SWARM-A  13.840  316.961
2018-04-20T13:59:30Z  454.470  -41.189  -2.382  4.67119E-16  SWARM-A  13.851  318.884
2018-04-20T14:00:00Z  453.634  -39.266  -2.355  4.81101E-16  SWARM-A  13.861  320.808
2018-04-20T14:00:30Z  452.799  -37.343  -2.337  4.95502E-16  SWARM-A  13.871  322.733
2018-04-20T14:01:00Z  451.968  -35.418  -2.325  5.10257E-16  SWARM-A  13.880  324.657
2018-04-20T14:01:30Z  451.144  -33.492  -2.320  5.25210E-16  SWARM-A  13.888  326.582
2018-04-20T14:02:00Z  450.330  -31.565  -2.321  5.40286E-16  SWARM-A  13.897  328.506
2018-04-20T14:02:30Z  449.529  -29.637  -2.327  5.55603E-16  SWARM-A  13.905  330.431
2018-04-20T14:03:00Z  448.744  -27.708  -2.337  5.71156E-16  SWARM-A  13.912  332.356
2018-04-20T14:03:30Z  447.976  -25.778  -2.351  5.86825E-16  SWARM-A  13.920  334.282
2018-04-20T14:04:00Z  447.229  -23.847  -2.369  6.02560E-16  SWARM-A  13.927  336.207
2018-04-20T14:04:30Z  446.506  -21.916  -2.389  6.18255E-16  SWARM-A  13.934  338.133
2018-04-20T14:05:00Z  445.807  -19.983  -2.413  6.33840E-16  SWARM-A  13.941  340.058
2018-04-20T14:05:30Z  445.137  -18.050  -2.439  6.49175E-16  SWARM-A  13.947  341.984
2018-04-20T14:06:00Z  444.496  -16.116  -2.467  6.64189E-16  SWARM-A  13.954  343.911
2018-04-20T14:06:30Z  443.886  -14.181  -2.497  6.78701E-16  SWARM-A  13.960  345.837
2018-04-20T14:07:00Z  443.311  -12.246  -2.528  6.92630E-16  SWARM-A  13.966  347.764
2018-04-20T14:07:30Z  442.770  -10.310  -2.561  7.05843E-16  SWARM-A  13.972  349.690
2018-04-20T14:08:00Z  442.265  -8.374  -2.595  7.18281E-16  SWARM-A  13.978  351.617
2018-04-20T14:08:30Z  441.798  -6.437  -2.630  7.29804E-16  SWARM-A  13.984  353.544
2018-04-20T14:09:00Z  441.370  -4.500  -2.665  7.40381E-16  SWARM-A  13.990  355.472
2018-04-20T14:09:30Z  440.981  -2.563  -2.701  7.49957E-16  SWARM-A  13.996  357.399
2018-04-20T14:10:00Z  440.633  -0.625  -2.737  7.58546E-16  SWARM-A  14.002  359.327
2018-04-20T14:10:30Z  440.326  1.313  -2.774  7.66094E-16  SWARM-A  14.008  1.255
2018-04-20T14:11:00Z  440.059  3.251  -2.810  7.72630E-16  SWARM-A  14.014  3.183
2018-04-20T14:11:30Z  439.834  5.189  -2.846  7.78141E-16  SWARM-A  14.020  5.111
2018-04-20T14:12:00Z  439.651  7.127  -2.881  7.82719E-16  SWARM-A  14.026  7.039
2018-04-20T14:12:30Z  439.508  9.065  -2.915  7.86293E-16  SWARM-A  14.032  8.968
2018-04-20T14:13:00Z  439.406  11.003  -2.949  7.89020E-16  SWARM-A  14.038  10.896
2018-04-20T14:13:30Z  439.344  12.941  -2.981  7.90814E-16  SWARM-A  14.044  12.825
2018-04-20T14:14:00Z  439.321  14.878  -3.012  7.91758E-16  SWARM-A  14.051  14.754
2018-04-20T14:14:30Z  439.337  16.816  -3.041  7.91847E-16  SWARM-A  14.057  16.683
2018-04-20T14:15:00Z  439.390  18.753  -3.068  7.91075E-16  SWARM-A  14.064  18.613
2018-04-20T14:15:30Z  439.478  20.689  -3.093  7.89430E-16  SWARM-A  14.070  20.542
2018-04-20T14:16:00Z  439.601  22.625  -3.115  7.86922E-16  SWARM-A  14.077  22.472
2018-04-20T14:16:30Z  439.757  24.561  -3.135  7.83568E-16  SWARM-A  14.084  24.402
2018-04-20T14:17:00Z  439.945  26.496  -3.151  7.79375E-16  SWARM-A  14.091  26.332
2018-04-20T14:17:30Z  440.161  28.430  -3.163  7.74391E-16  SWARM-A  14.099  28.262
2018-04-20T14:18:00Z  440.405  30.364  -3.171  7.68598E-16  SWARM-A  14.107  30.192
2018-04-20T14:18:30Z  440.675  32.297  -3.175  7.62087E-16  SWARM-A  14.115  32.122
2018-04-20T14:19:00Z  440.967  34.230  -3.173  7.54893E-16  SWARM-A  14.123  34.053
2018-04-20T14:19:30Z  441.280  36.161  -3.165  7.47056E-16  SWARM-A  14.132  35.983
2018-04-20T14:20:00Z  441.612  38.092  -3.151  7.38659E-16  SWARM-A  14.141  37.914
2018-04-20T14:20:30Z  441.960  40.022  -3.129  7.29774E-16  SWARM-A  14.151  39.845
2018-04-20T14:21:00Z  442.321  41.951  -3.098  7.20521E-16  SWARM-A  14.162  41.776
2018-04-20T14:21:30Z  442.694  43.879  -3.058  7.10935E-16  SWARM-A  14.173  43.707
2018-04-20T14:22:00Z  443.075  45.806  -3.007  7.01160E-16  SWARM-A  14.184  45.638
2018-04-20T14:22:30Z  443.463  47.732  -2.943  6.91289E-16  SWARM-A  14.197  47.569
2018-04-20T14:23:00Z  443.854  49.657  -2.865  6.81488E-16  SWARM-A  14.210  49.500
2018-04-20T14:23:30Z  444.247  51.581  -2.770  6.71791E-16  SWARM-A  14.225  51.432
2018-04-20T14:24:00Z  444.638  53.504  -2.656  6.62316E-16  SWARM-A  14.241  53.363
2018-04-20T14:24:30Z  445.026  55.426  -2.519  6.53122E-16  SWARM-A  14.258  55.295
2018-04-20T14:25:00Z  445.407  57.346  -2.355  6.44150E-16  SWARM-A  14.278  57.226
2018-04-20T14:25:30Z  445.780  59.265  -2.159  6.35190E-16  SWARM-A  14.299  59.158
2018-04-20T14:26:00Z  446.142  61.182  -1.926  6.25616E-16  SWARM-A  14.323  61.090
2018-04-20T14:26:30Z  446.492  63.098  -1.646  6.15502E-16  SWARM-A  14.350  63.022
2018-04-20T14:27:00Z  446.826  65.012  -1.308  6.04983E-16  SWARM-A  14.381  64.953
2018-04-20T14:27:30Z  447.143  66.923  -0.900  5.94568E-16  SWARM-A  14.416  66.885
2018-04-20T14:28:00Z  447.441  68.832  -0.401  5.84836E-16  SWARM-A  14.458  68.817
2018-04-20T14:28:30Z  447.719  70.738  0.216  5.76104E-16  SWARM-A  14.507  70.750
2018-04-20T14:29:00Z  447.974  72.640  0.988  5.68369E-16  SWARM-A  14.567  72.682
2018-04-20T14:29:30Z  448.205  74.536  1.972  5.61360E-16  SWARM-A  14.641  74.614
2018-04-20T14:30:00Z  448.411  76.425  3.258  5.54575E-16  SWARM-A  14.735  76.546
2018-04-20T14:30:30Z  448.591  78.303  4.988  5.47643E-16  SWARM-A  14.859  78.478
2018-04-20T14:31:00Z  448.743  80.164  7.413  5.40303E-16  SWARM-A  15.029  80.410
2018-04-20T14:31:30Z  448.866  81.998  11.001  5.32327E-16  SWARM-A  15.277  82.343
2018-04-20T14:32:00Z  448.961  83.778  16.736  5.23585E-16  SWARM-A  15.667  84.275
2018-04-20T14:32:30Z  449.025  85.444  26.918  5.14142E-16  SWARM-A  16.354  86.207
2018-04-20T14:33:00Z  449.060  86.811  47.193  5.04227E-16  SWARM-A  17.714  88.140
2018-04-20T14:33:30Z  449.065  87.363  84.058  4.93989E-16  SWARM-A  20.180  90.072
2018-04-20T14:34:00Z  449.039  86.667  119.081  4.83167E-16  SWARM-A  22.523  92.004
2018-04-20T14:34:30Z  448.982  85.242  137.581  4.72264E-16  SWARM-A  23.765  93.937
2018-04-20T14:35:00Z  448.896  83.555  146.980  4.61955E-16  SWARM-A  0.400  95.869
2018-04-20T14:35:30Z  448.781  81.766  152.353  4.52237E-16  SWARM-A  0.767  97.801
2018-04-20T14:36:00Z  448.636  79.928  155.754  4.43260E-16  SWARM-A  1.002  99.733
2018-04-20T14:36:30Z  448.463  78.064  158.070  4.35031E-16  SWARM-A  1.164  101.666
2018-04-20T14:37:00Z  448.264  76.184  159.733  4.27501E-16  SWARM-A  1.284  103.598
2018-04-20T14:37:30Z  448.038  74.294  160.974  4.20588E-16  SWARM-A  1.375  105.530
2018-04-20T14:38:00Z  447.787  72.397  161.927  4.14198E-16  SWARM-A  1.447  107.462
2018-04-20T14:38:30Z  447.513  70.495  162.677  4.08199E-16  SWARM-A  1.505  109.395
2018-04-20T14:39:00Z  447.217  68.588  163.276  4.02525E-16  SWARM-A  1.553  111.327
2018-04-20T14:39:30Z  446.901  66.679  163.762  3.97082E-16  SWARM-A  1.594  113.259
2018-04-20T14:40:00Z  446.566  64.767  164.161  3.91848E-16  SWARM-A  1.629  115.191
2018-04-20T14:40:30Z  446.215  62.853  164.490  3.86941E-16  SWARM-A  1.659  117.123
2018-04-20T14:41:00Z  445.850  60.937  164.764  3.82380E-16  SWARM-A  1.686  119.055
2018-04-20T14:41:30Z  445.472  59.019  164.992  3.78207E-16  SWARM-A  1.709  120.987
2018-04-20T14:42:00Z  445.084  57.100  165.183  3.74437E-16  SWARM-A  1.730  122.919
2018-04-20T14:42:30Z  444.688  55.179  165.343  3.71041E-16  SWARM-A  1.749  124.851
2018-04-20T14:43:00Z  444.287  53.257  165.477  3.67889E-16  SWARM-A  1.767  126.782
2018-04-20T14:43:30Z  443.883  51.334  165.589  3.64925E-16  SWARM-A  1.782  128.714
2018-04-20T14:44:00Z  443.478  49.410  165.682  3.62135E-16  SWARM-A  1.797  130.645
2018-04-20T14:44:30Z  443.075  47.485  165.758  3.59755E-16  SWARM-A  1.810  132.577
2018-04-20T14:45:00Z  442.676  45.558  165.820  3.57796E-16  SWARM-A  1.823  134.508
2018-04-20T14:45:30Z  442.285  43.631  165.870  3.56316E-16  SWARM-A  1.834  136.440
2018-04-20T14:46:00Z  441.903  41.702  165.908  3.55313E-16  SWARM-A  1.845  138.371
2018-04-20T14:46:30Z  441.534  39.773  165.938  3.54794E-16  SWARM-A  1.856  140.302
2018-04-20T14:47:00Z  441.179  37.843  165.959  3.54744E-16  SWARM-A  1.865  142.233
2018-04-20T14:47:30Z  440.841  35.912  165.972  3.55058E-16  SWARM-A  1.875  144.164
2018-04-20T14:48:00Z  440.522  33.980  165.979  3.55817E-16  SWARM-A  1.883  146.095
2018-04-20T14:48:30Z  440.225  32.047  165.980  3.56974E-16  SWARM-A  1.892  148.025
2018-04-20T14:49:00Z  439.952  30.114  165.976  3.58521E-16  SWARM-A  1.900  149.956
2018-04-20T14:49:30Z  439.706  28.180  165.967  3.60341E-16  SWARM-A  1.908  151.886
2018-04-20T14:50:00Z  439.487  26.245  165.954  3.62441E-16  SWARM-A  1.915  153.816
2018-04-20T14:50:30Z  439.299  24.309  165.938  3.64731E-16  SWARM-A  1.922  155.747
2018-04-20T14:51:00Z  439.143  22.374  165.918  3.67134E-16  SWARM-A  1.929  157.677
2018-04-20T14:51:30Z  439.020  20.437  165.895  3.69632E-16  SWARM-A  1.936  159.606
2018-04-20T14:52:00Z  438.933  18.500  165.870  3.72154E-16  SWARM-A  1.943  161.536
2018-04-20T14:52:30Z  438.882  16.563  165.843  3.74676E-16  SWARM-A  1.949  163.466
2018-04-20T14:53:00Z  438.870  14.625  165.813  3.77141E-16  SWARM-A  1.956  165.395
2018-04-20T14:53:30Z  438.896  12.688  165.782  3.79547E-16  SWARM-A  1.962  167.324
2018-04-20T14:54:00Z  438.962  10.749  165.750  3.81850E-16  SWARM-A  1.968  169.253
2018-04-20T14:54:30Z  439.068  8.811  165.716  3.84069E-16  SWARM-A  1.974  171.182
2018-04-20T14:55:00Z  439.216  6.873  165.682  3.86149E-16  SWARM-A  1.980  173.111
2018-04-20T14:55:30Z  439.406  4.934  165.646  3.88154E-16  SWARM-A  1.986  175.040
2018-04-20T14:56:00Z  439.637  2.996  165.611  3.90056E-16  SWARM-A  1.992  176.968
2018-04-20T14:56:30Z  439.910  1.058  165.574  3.91893E-16  SWARM-A  1.998  178.896
2018-04-20T14:57:00Z  440.225  -0.880  165.538  3.93651E-16  SWARM-A  2.004  180.824
2018-04-20T14:57:30Z  440.581  -2.818  165.502  3.95334E-16  SWARM-A  2.010  182.752
2018-04-20T14:58:00Z  440.978  -4.756  165.466  3.97030E-16  SWARM-A  2.016  184.680
2018-04-20T14:58:30Z  441.415  -6.693  165.430  3.98699E-16  SWARM-A  2.022  186.608
2018-04-20T14:59:00Z  441.891  -8.630  165.396  4.00286E-16  SWARM-A  2.028  188.535
2018-04-20T14:59:30Z  442.405  -10.567  165.362  4.01831E-16  SWARM-A  2.034  190.462
2018-04-20T15:00:00Z  442.955  -12.503  165.329  4.03070E-16  SWARM-A  2.040  192.389
2018-04-20T15:00:30Z  443.541  -14.438  165.298  4.04424E-16  SWARM-A  2.046  194.316
2018-04-20T15:01:00Z  444.160  -16.373  165.268  4.05583E-16  SWARM-A  2.053  196.242
2018-04-20T15:01:30Z  444.811  -18.307  165.240  4.06550E-16  SWARM-A  2.059  198.169
2018-04-20T15:02:00Z  445.492  -20.240  165.215  4.07231E-16  SWARM-A  2.066  200.095
2018-04-20T15:02:30Z  446.200  -22.173  165.192  4.07605E-16  SWARM-A  2.073  202.021
2018-04-20T15:03:00Z  446.934  -24.105  165.171  4.07580E-16  SWARM-A  2.080  203.947
2018-04-20T15:03:30Z  447.691  -26.036  165.154  4.07169E-16  SWARM-A  2.087  205.872
2018-04-20T15:04:00Z  448.468  -27.966  165.141  4.06292E-16  SWARM-A  2.094  207.798
2018-04-20T15:04:30Z  449.264  -29.895  165.131  4.04880E-16  SWARM-A  2.102  209.723
2018-04-20T15:05:00Z  450.075  -31.823  165.126  4.02930E-16  SWARM-A  2.110  211.648
2018-04-20T15:05:30Z  450.899  -33.750  165.126  4.00388E-16  SWARM-A  2.118  213.573
2018-04-20T15:06:00Z  451.733  -35.676  165.132  3.97364E-16  SWARM-A  2.127  215.498
2018-04-20T15:06:30Z  452.574  -37.600  165.144  3.94018E-16  SWARM-A  2.136  217.422
2018-04-20T15:07:00Z  453.419  -39.524  165.163  3.90554E-16  SWARM-A  2.146  219.347
2018-04-20T15:07:30Z  454.265  -41.447  165.191  3.87335E-16  SWARM-A  2.156  221.271
2018-04-20T15:08:00Z  455.109  -43.368  165.228  3.84510E-16  SWARM-A  2.167  223.195
2018-04-20T15:08:30Z  455.949  -45.288  165.275  3.82167E-16  SWARM-A  2.178  225.119
2018-04-20T15:09:00Z  456.781  -47.207  165.335  3.80138E-16  SWARM-A  2.190  227.043
2018-04-20T15:09:30Z  457.601  -49.125  165.408  3.78141E-16  SWARM-A  2.204  228.966
2018-04-20T15:10:00Z  458.408  -51.041  165.497  3.75842E-16  SWARM-A  2.218  230.890
2018-04-20T15:10:30Z  459.199  -52.956  165.604  3.72954E-16  SWARM-A  2.233  232.813
2018-04-20T15:11:00Z  459.970  -54.870  165.733  3.69274E-16  SWARM-A  2.250  234.736
2018-04-20T15:11:30Z  460.718  -56.782  165.887  3.64961E-16  SWARM-A  2.269  236.659
2018-04-20T15:12:00Z  461.442  -58.692  166.072  3.60051E-16  SWARM-A  2.290  238.582
2018-04-20T15:12:30Z  462.137  -60.601  166.291  3.54674E-16  SWARM-A  2.313  240.505
2018-04-20T15:13:00Z  462.803  -62.508  166.554  3.49000E-16  SWARM-A  2.338  242.427
2018-04-20T15:13:30Z  463.436  -64.413  166.870  3.43199E-16  SWARM-A  2.368  244.350
2018-04-20T15:14:00Z  464.034  -66.316  167.252  3.37499E-16  SWARM-A  2.402  246.272
2018-04-20T15:14:30Z  464.595  -68.217  167.717  3.32073E-16  SWARM-A  2.441  248.194
2018-04-20T15:15:00Z  465.117  -70.114  168.287  3.27022E-16  SWARM-A  2.487  250.117
2018-04-20T15:15:30Z  465.597  -72.007  168.998  3.22539E-16  SWARM-A  2.543  252.039
2018-04-20T15:16:00Z  466.035  -73.895  169.898  3.18615E-16  SWARM-A  2.611  253.961
2018-04-20T15:16:30Z  466.428  -75.777  171.062  3.15294E-16  SWARM-A  2.697  255.883
2018-04-20T15:17:00Z  466.775  -77.650  172.607  3.12561E-16  SWARM-A  2.809  257.805
2018-04-20T15:17:30Z  467.075  -79.508  174.737  3.10392E-16  SWARM-A  2.959  259.726
2018-04-20T15:18:00Z  467.327  -81.343  177.815  3.08715E-16  SWARM-A  3.173  261.648
2018-04-20T15:18:30Z  467.530  -83.137  -177.424  3.07460E-16  SWARM-A  3.498  263.570
2018-04-20T15:19:00Z  467.682  -84.848  -169.342  3.06647E-16  SWARM-A  4.045  265.492
2018-04-20T15:19:30Z  467.785  -86.356  -153.902  3.06232E-16  SWARM-A  5.083  267.414
2018-04-20T15:20:00Z  467.836  -87.296  -123.309  3.06350E-16  SWARM-A  7.131  269.335
2018-04-20T15:20:30Z  467.836  -87.063  -84.117  3.06979E-16  SWARM-A  9.752  271.257
2018-04-20T15:21:00Z  467.785  -85.849  -59.857  3.07832E-16  SWARM-A  11.378  273.179
2018-04-20T15:21:30Z  467.683  -84.244  -47.805  3.09094E-16  SWARM-A  12.190  275.100
2018-04-20T15:22:00Z  467.531  -82.495  -41.215  3.10867E-16  SWARM-A  12.637  277.022
2018-04-20T15:22:30Z  467.329  -80.683  -37.186  3.13201E-16  SWARM-A  12.914  278.944
2018-04-20T15:23:00Z  467.077  -78.838  -34.509  3.16203E-16  SWARM-A  13.101  280.866
2018-04-20T15:23:30Z  466.778  -76.974  -32.622  3.19882E-16  SWARM-A  13.235  282.787
2018-04-20T15:24:00Z  466.432  -75.098  -31.232  3.24142E-16  SWARM-A  13.336  284.709
2018-04-20T15:24:30Z  466.040  -73.214  -30.175  3.28867E-16  SWARM-A  13.415  286.631
2018-04-20T15:25:00Z  465.604  -71.323  -29.351  3.33988E-16  SWARM-A  13.478  288.553
2018-04-20T15:25:30Z  465.125  -69.429  -28.695  3.39533E-16  SWARM-A  13.530  290.475
2018-04-20T15:26:00Z  464.605  -67.530  -28.166  3.45396E-16  SWARM-A  13.574  292.397
2018-04-20T15:26:30Z  464.047  -65.629  -27.734  3.51641E-16  SWARM-A  13.611  294.320
2018-04-20T15:27:00Z  463.452  -63.726  -27.377  3.58218E-16  SWARM-A  13.643  296.242
2018-04-20T15:27:30Z  462.822  -61.820  -27.082  3.65137E-16  SWARM-A  13.671  298.164
2018-04-20T15:28:00Z  462.160  -59.912  -26.835  3.72348E-16  SWARM-A  13.696  300.087
2018-04-20T15:28:30Z  461.468  -58.003  -26.629  3.79843E-16  SWARM-A  13.718  302.010
2018-04-20T15:29:00Z  460.750  -56.092  -26.457  3.87460E-16  SWARM-A  13.738  303.932
2018-04-20T15:29:30Z  460.006  -54.180  -26.312  3.95231E-16  SWARM-A  13.756  305.855
2018-04-20T15:30:00Z  459.241  -52.266  -26.191  4.03143E-16  SWARM-A  13.772  307.778
2018-04-20T15:30:30Z  458.457  -50.350  -26.091  4.11181E-16  SWARM-A  13.787  309.701
2018-04-20T15:31:00Z  457.657  -48.434  -26.008  4.19440E-16  SWARM-A  13.801  311.625
2018-04-20T15:31:30Z  456.844  -46.516  -25.940  4.27749E-16  SWARM-A  13.814  313.548
2018-04-20T15:32:00Z  456.021  -44.597  -25.885  4.36096E-16  SWARM-A  13.826  315.471
2018-04-20T15:32:30Z  455.190  -42.676  -25.841  4.44536E-16  SWARM-A  13.837  317.395
2018-04-20T15:33:00Z  454.355  -40.755  -25.808  4.53096E-16  SWARM-A  13.848  319.319
2018-04-20T15:33:30Z  453.520  -38.832  -25.784  4.61741E-16  SWARM-A  13.858  321.243
2018-04-20T15:34:00Z  452.685  -36.908  -25.767  4.70465E-16  SWARM-A  13.867  323.167
2018-04-20T15:34:30Z  451.856  -34.983  -25.757  4.79297E-16  SWARM-A  13.876  325.092
2018-04-20T15:35:00Z  451.034  -33.057  -25.753  4.88215E-16  SWARM-A  13.885  327.016
2018-04-20T15:35:30Z  450.223  -31.130  -25.755  4.97219E-16  SWARM-A  13.893  328.941
2018-04-20T15:36:00Z  449.425  -29.202  -25.762  5.06327E-16  SWARM-A  13.901  330.866
2018-04-20T15:36:30Z  448.642  -27.272  -25.773  5.15478E-16  SWARM-A  13.908  332.791
2018-04-20T15:37:00Z  447.879  -25.342  -25.788  5.24642E-16  SWARM-A  13.916  334.716
2018-04-20T15:37:30Z  447.137  -23.412  -25.806  5.33792E-16  SWARM-A  13.923  336.642
2018-04-20T15:38:00Z  446.418  -21.480  -25.828  5.42859E-16  SWARM-A  13.930  338.567
2018-04-20T15:38:30Z  445.725  -19.547  -25.852  5.51806E-16  SWARM-A  13.936  340.493
2018-04-20T15:39:00Z  445.061  -17.614  -25.878  5.60341E-16  SWARM-A  13.943  342.419
2018-04-20T15:39:30Z  444.426  -15.680  -25.907  5.68707E-16  SWARM-A  13.949  344.345
2018-04-20T15:40:00Z  443.823  -13.745  -25.937  5.76800E-16  SWARM-A  13.956  346.272
2018-04-20T15:40:30Z  443.254  -11.810  -25.969  5.84481E-16  SWARM-A  13.962  348.198
2018-04-20T15:41:00Z  442.721  -9.874  -26.002  5.91711E-16  SWARM-A  13.968  350.125
2018-04-20T15:41:30Z  442.224  -7.937  -26.036  5.98506E-16  SWARM-A  13.974  352.052
2018-04-20T15:42:00Z  441.765  -6.001  -26.071  6.04784E-16  SWARM-A  13.980  353.979
2018-04-20T15:42:30Z  441.345  -4.064  -26.107  6.10516E-16  SWARM-A  13.986  355.906
2018-04-20T15:43:00Z  440.964  -2.126  -26.143  6.15699E-16  SWARM-A  13.992  357.834
2018-04-20T15:43:30Z  440.624  -0.188  -26.179  6.20339E-16  SWARM-A  13.998  359.761
2018-04-20T15:44:00Z  440.325  1.750  -26.215  6.24432E-16  SWARM-A  14.004  1.689
2018-04-20T15:44:30Z  440.067  3.688  -26.252  6.27994E-16  SWARM-A  14.010  3.617
2018-04-20T15:45:00Z  439.850  5.626  -26.287  6.31055E-16  SWARM-A  14.016  5.545
2018-04-20T15:45:30Z  439.674  7.564  -26.322  6.33680E-16  SWARM-A  14.022  7.474
2018-04-20T15:46:00Z  439.540  9.502  -26.357  6.35784E-16  SWARM-A  14.028  9.402
2018-04-20T15:46:30Z  439.445  11.440  -26.390  6.37478E-16  SWARM-A  14.034  11.331
2018-04-20T15:47:00Z  439.391  13.377  -26.422  6.38742E-16  SWARM-A  14.040  13.260
2018-04-20T15:47:30Z  439.375  15.315  -26.452  6.39591E-16  SWARM-A  14.046  15.189
2018-04-20T15:48:00Z  439.398  17.252  -26.481  6.39997E-16  SWARM-A  14.053  17.118
2018-04-20T15:48:30Z  439.457  19.189  -26.508  6.39963E-16  SWARM-A  14.059  19.047
2018-04-20T15:49:00Z  439.552  21.125  -26.532  6.39510E-16  SWARM-A  14.066  20.977
2018-04-20T15:49:30Z  439.681  23.061  -26.554  6.38605E-16  SWARM-A  14.073  22.906
2018-04-20T15:50:00Z  439.842  24.997  -26.572  6.37239E-16  SWARM-A  14.080  24.836
2018-04-20T15:50:30Z  440.035  26.932  -26.588  6.35393E-16  SWARM-A  14.087  26.766
2018-04-20T15:51:00Z  440.256  28.866  -26.599  6.33034E-16  SWARM-A  14.095  28.696
2018-04-20T15:51:30Z  440.503  30.799  -26.606  6.30191E-16  SWARM-A  14.103  30.626
2018-04-20T15:52:00Z  440.776  32.732  -26.609  6.26880E-16  SWARM-A  14.111  32.557
2018-04-20T15:52:30Z  441.071  34.665  -26.606  6.23108E-16  SWARM-A  14.120  34.487
2018-04-20T15:53:00Z  441.387  36.596  -26.596  6.18911E-16  SWARM-A  14.129  36.418
2018-04-20T15:53:30Z  441.720  38.526  -26.580  6.14355E-16  SWARM-A  14.138  38.348
2018-04-20T15:54:00Z  442.069  40.456  -26.557  6.09570E-16  SWARM-A  14.148  40.279
2018-04-20T15:54:30Z  442.431  42.385  -26.524  6.04559E-16  SWARM-A  14.158  42.210
2018-04-20T15:55:00Z  442.803  44.313  -26.482  5.99481E-16  SWARM-A  14.170  44.141
2018-04-20T15:55:30Z  443.184  46.240  -26.428  5.94438E-16  SWARM-A  14.181  46.072
2018-04-20T15:56:00Z  443.569  48.166  -26.361  5.89528E-16  SWARM-A  14.194  48.004
2018-04-20T15:56:30Z  443.958  50.090  -26.279  5.84809E-16  SWARM-A  14.208  49.935
2018-04-20T15:57:00Z  444.348  52.014  -26.180  5.80197E-16  SWARM-A  14.223  51.866
2018-04-20T15:57:30Z  444.735  53.937  -26.061  5.75558E-16  SWARM-A  14.239  53.798
2018-04-20T15:58:00Z  445.119  55.858  -25.918  5.70507E-16  SWARM-A  14.257  55.729
2018-04-20T15:58:30Z  445.495  57.778  -25.748  5.64868E-16  SWARM-A  14.277  57.661
2018-04-20T15:59:00Z  445.862  59.697  -25.544  5.58852E-16  SWARM-A  14.299  59.593
2018-04-20T15:59:30Z  446.218  61.614  -25.301  5.53099E-16  SWARM-A  14.323  61.525
2018-04-20T16:00:00Z  446.561  63.529  -25.009  5.48313E-16  SWARM-A  14.351  63.456
2018-04-20T16:00:30Z  446.888  65.442  -24.657  5.44981E-16  SWARM-A  14.383  65.388
2018-04-20T16:01:00Z  447.197  67.353  -24.230  5.43042E-16  SWARM-A  14.420  67.320
2018-04-20T16:01:30Z  447.487  69.261  -23.707  5.42171E-16  SWARM-A  14.463  69.252
2018-04-20T16:02:00Z  447.756  71.166  -23.059  5.41725E-16  SWARM-A  14.514  71.184
2018-04-20T16:02:30Z  448.002  73.067  -22.245  5.41336E-16  SWARM-A  14.577  73.117
2018-04-20T16:03:00Z  448.224  74.962  -21.202  5.40556E-16  SWARM-A  14.655  75.049
2018-04-20T16:03:30Z  448.421  76.849  -19.831  5.38883E-16  SWARM-A  14.755  76.981
2018-04-20T16:04:00Z  448.591  78.724  -17.971  5.36148E-16  SWARM-A  14.887  78.913
2018-04-20T16:04:30Z  448.733  80.580  -15.337  5.32127E-16  SWARM-A  15.071  80.845
2018-04-20T16:05:00Z  448.846  82.404  -11.378  5.26801E-16  SWARM-A  15.343  82.778
2018-04-20T16:05:30Z  448.931  84.167  -4.919  5.20291E-16  SWARM-A  15.782  84.710
2018-04-20T16:06:00Z  448.985  85.789  6.870  5.12859E-16  SWARM-A  16.576  86.642
2018-04-20T16:06:30Z  449.010  87.033  30.653  5.04840E-16  SWARM-A  18.170  88.575
2018-04-20T16:07:00Z  449.004  87.307  69.831  4.96437E-16  SWARM-A  20.790  90.507
2018-04-20T16:07:30Z  448.968  86.385  101.046  4.87366E-16  SWARM-A  22.880  92.439
2018-04-20T16:08:00Z  448.902  84.876  116.801  4.78341E-16  SWARM-A  23.938  94.372
2018-04-20T16:08:30Z  448.806  83.158  125.002  4.69623E-16  SWARM-A  0.493  96.304
2018-04-20T16:09:00Z  448.681  81.355  129.812  4.61411E-16  SWARM-A  0.822  98.237
2018-04-20T16:09:30Z  448.527  79.510  132.914  4.53697E-16  SWARM-A  1.038  100.169
2018-04-20T16:10:00Z  448.345  77.641  135.055  4.46449E-16  SWARM-A  1.189  102.101
2018-04-20T16:10:30Z  448.137  75.759  136.607  4.39545E-16  SWARM-A  1.300  104.033
2018-04-20T16:11:00Z  447.903  73.867  137.774  4.32880E-16  SWARM-A  1.387  105.966
2018-04-20T16:11:30Z  447.644  71.968  138.676  4.26286E-16  SWARM-A  1.455  107.898
2018-04-20T16:12:00Z  447.362  70.065  139.388  4.19681E-16  SWARM-A  1.511  109.830
2018-04-20T16:12:30Z  447.060  68.158  139.959  4.13033E-16  SWARM-A  1.557  111.762
2018-04-20T16:13:00Z  446.737  66.248  140.424  4.06310E-16  SWARM-A  1.597  113.695
2018-04-20T16:13:30Z  446.396  64.335  140.805  3.99554E-16  SWARM-A  1.630  115.627
2018-04-20T16:14:00Z  446.040  62.421  141.121  3.92855E-16  SWARM-A  1.660  117.559
2018-04-20T16:14:30Z  445.670  60.504  141.384  3.86406E-16  SWARM-A  1.686  119.491
2018-04-20T16:15:00Z  445.288  58.586  141.603  3.80251E-16  SWARM-A  1.709  121.423
2018-04-20T16:15:30Z  444.896  56.667  141.787  3.74433E-16  SWARM-A  1.729  123.355
2018-04-20T16:16:00Z  444.497  54.746  141.941  3.68687E-16  SWARM-A  1.748  125.286
2018-04-20T16:16:30Z  444.094  52.823  142.069  3.63036E-16  SWARM-A  1.765  127.218
2018-04-20T16:17:00Z  443.688  50.900  142.177  3.57378E-16  SWARM-A  1.780  129.150
2018-04-20T16:17:30Z  443.282  48.975  142.265  3.51671E-16  SWARM-A  1.794  131.081
2018-04-20T16:18:00Z  442.878  47.050  142.338  3.46146E-16  SWARM-A  1.808  133.013
2018-04-20T16:18:30Z  442.480  45.123  142.397  3.40874E-16  SWARM-A  1.820  134.944
2018-04-20T16:19:00Z  442.089  43.195  142.445  3.35960E-16  SWARM-A  1.831  136.876
2018-04-20T16:19:30Z  441.709  41.267  142.481  3.31391E-16  SWARM-A  1.842  138.807
2018-04-20T16:20:00Z  441.341  39.337  142.509  3.27224E-16  SWARM-A  1.852  140.738
2018-04-20T16:20:30Z  440.988  37.406  142.528  3.23377E-16  SWARM-A  1.862  142.669
2018-04-20T16:21:00Z  440.653  35.475  142.540  3.19976E-16  SWARM-A  1.871  144.600
2018-04-20T16:21:30Z  440.337  33.543  142.545  3.16970E-16  SWARM-A  1.880  146.531
2018-04-20T16:22:00Z  440.044  31.610  142.545  3.14383E-16  SWARM-A  1.888  148.462
2018-04-20T16:22:30Z  439.776  29.676  142.540  3.12196E-16  SWARM-A  1.896  150.392
2018-04-20T16:23:00Z  439.534  27.742  142.530  3.10385E-16  SWARM-A  1.904  152.323
2018-04-20T16:23:30Z  439.321  25.807  142.517  3.08952E-16  SWARM-A  1.911  154.253
2018-04-20T16:24:00Z  439.138  23.871  142.499  3.07886E-16  SWARM-A  1.918  156.183
2018-04-20T16:24:30Z  438.988  21.935  142.479  3.07115E-16  SWARM-A  1.925  158.113
2018-04-20T16:25:00Z  438.872  19.999  142.456  3.06650E-16  SWARM-A  1.932  160.043
2018-04-20T16:25:30Z  438.792  18.062  142.430  3.06510E-16  SWARM-A  1.939  161.973
2018-04-20T16:26:00Z  438.748  16.124  142.402  3.06640E-16  SWARM-A  1.945  163.902
2018-04-20T16:26:30Z  438.743  14.187  142.372  3.06993E-16  SWARM-A  1.952  165.832
2018-04-20T16:27:00Z  438.777  12.249  142.341  3.07595E-16  SWARM-A  1.958  167.761
2018-04-20T16:27:30Z  438.851  10.310  142.308  3.08453E-16  SWARM-A  1.964  169.690
2018-04-20T16:28:00Z  438.966  8.372  142.274  3.09517E-16  SWARM-A  1.970  171.619
2018-04-20T16:28:30Z  439.122  6.434  142.240  3.10773E-16  SWARM-A  1.976  173.548
2018-04-20T16:29:00Z  439.321  4.495  142.204  3.12207E-16  SWARM-A  1.982  175.477
2018-04-20T16:29:30Z  439.561  2.557  142.168  3.13804E-16  SWARM-A  1.988  177.405
2018-04-20T16:30:00Z  439.843  0.618  142.132  3.15532E-16  SWARM-A  1.994  179.334
2018-04-20T16:30:30Z  440.166  -1.320  142.096  3.17362E-16  SWARM-A  2.000  181.262
2018-04-20T16:31:00Z  440.531  -3.258  142.060  3.19294E-16  SWARM-A  2.006  183.190
2018-04-20T16:31:30Z  440.937  -5.196  142.024  3.21348E-16  SWARM-A  2.012  185.117
2018-04-20T16:32:00Z  441.382  -7.133  141.989  3.23493E-16  SWARM-A  2.018  187.045
2018-04-20T16:32:30Z  441.866  -9.070  141.954  3.25642E-16  SWARM-A  2.024  188.972
2018-04-20T16:33:00Z  442.388  -11.006  141.921  3.27760E-16  SWARM-A  2.030  190.899
2018-04-20T16:33:30Z  442.946  -12.942  141.888  3.29880E-16  SWARM-A  2.036  192.826
2018-04-20T16:34:00Z  443.540  -14.878  141.857  3.31908E-16  SWARM-A  2.042  194.753
2018-04-20T16:34:30Z  444.166  -16.812  141.828  3.33848E-16  SWARM-A  2.049  196.680
2018-04-20T16:35:00Z  444.824  -18.746  141.801  3.35691E-16  SWARM-A  2.055  198.606
2018-04-20T16:35:30Z  445.512  -20.680  141.776  3.37328E-16  SWARM-A  2.062  200.533
2018-04-20T16:36:00Z  446.226  -22.612  141.753  3.38797E-16  SWARM-A  2.069  202.459
2018-04-20T16:36:30Z  446.966  -24.544  141.734  3.39969E-16  SWARM-A  2.076  204.385
2018-04-20T16:37:00Z  447.729  -26.474  141.717  3.40849E-16  SWARM-A  2.083  206.310
2018-04-20T16:37:30Z  448.513  -28.404  141.704  3.41420E-16  SWARM-A  2.090  208.236
2018-04-20T16:38:00Z  449.314  -30.333  141.696  3.41607E-16  SWARM-A  2.098  210.161
2018-04-20T16:38:30Z  450.130  -32.261  141.692  3.41413E-16  SWARM-A  2.106  212.086
2018-04-20T16:39:00Z  450.958  -34.188  141.693  3.40860E-16  SWARM-A  2.115  214.011
2018-04-20T16:39:30Z  451.796  -36.114  141.701  3.40181E-16  SWARM-A  2.123  215.936
2018-04-20T16:40:00Z  452.640  -38.038  141.714  3.39827E-16  SWARM-A  2.133  217.860
2018-04-20T16:40:30Z  453.489  -39.962  141.736  3.40015E-16  SWARM-A  2.142  219.785
2018-04-20T16:41:00Z  454.337  -41.884  141.765  3.40800E-16  SWARM-A  2.153  221.709
2018-04-20T16:41:30Z  455.184  -43.805  141.805  3.42116E-16  SWARM-A  2.164  223.633
2018-04-20T16:42:00Z  456.025  -45.725  141.855  3.43603E-16  SWARM-A  2.175  225.557
2018-04-20T16:42:30Z  456.858  -47.644  141.917  3.44897E-16  SWARM-A  2.188  227.481
2018-04-20T16:43:00Z  457.679  -49.561  141.994  3.45866E-16  SWARM-A  2.201  229.404
2018-04-20T16:43:30Z  458.487  -51.478  142.087  3.46235E-16  SWARM-A  2.216  231.328
2018-04-20T16:44:00Z  459.277  -53.392  142.199  3.45985E-16  SWARM-A  2.232  233.251
2018-04-20T16:44:30Z  460.047  -55.306  142.334  3.45205E-16  SWARM-A  2.249  235.174
2018-04-20T16:45:00Z  460.794  -57.217  142.494  3.44039E-16  SWARM-A  2.268  237.097
2018-04-20T16:45:30Z  461.515  -59.128  142.686  3.42536E-16  SWARM-A  2.289  239.020
2018-04-20T16:46:00Z  462.208  -61.036  142.915  3.40943E-16  SWARM-A  2.313  240.943
2018-04-20T16:46:30Z  462.871  -62.943  143.189  3.39282E-16  SWARM-A  2.339  242.865
2018-04-20T16:47:00Z  463.501  -64.847  143.519  3.37846E-16  SWARM-A  2.370  244.788
2018-04-20T16:47:30Z  464.095  -66.750  143.918  3.36575E-16  SWARM-A  2.405  246.710
2018-04-20T16:48:00Z  464.651  -68.649  144.405  3.35684E-16  SWARM-A  2.445  248.633
2018-04-20T16:48:30Z  465.169  -70.546  145.005  3.35121E-16  SWARM-A  2.494  250.555
2018-04-20T16:49:00Z  465.644  -72.438  145.754  3.34901E-16  SWARM-A  2.552  252.477
2018-04-20T16:49:30Z  466.077  -74.325  146.707  3.35045E-16  SWARM-A  2.624  254.399
2018-04-20T16:50:00Z  466.464  -76.205  147.945  3.35482E-16  SWARM-A  2.715  256.321
2018-04-20T16:50:30Z  466.806  -78.075  149.603  3.36145E-16  SWARM-A  2.834  258.243
2018-04-20T16:51:00Z  467.100  -79.929  151.909  3.36897E-16  SWARM-A  2.996  260.165
2018-04-20T16:51:30Z  467.346  -81.757  155.288  3.37683E-16  SWARM-A  3.229  262.087
2018-04-20T16:52:00Z  467.542  -83.537  160.611  3.38435E-16  SWARM-A  3.593  264.009
2018-04-20T16:52:30Z  467.689  -85.217  169.882  3.39126E-16  SWARM-A  4.219  265.930
2018-04-20T16:53:00Z  467.784  -86.641  -171.967  3.39775E-16  SWARM-A  5.437  267.852
2018-04-20T16:53:30Z  467.829  -87.359  -137.512  3.40506E-16  SWARM-A  7.743  269.774
2018-04-20T16:54:00Z  467.823  -86.845  -100.469  3.41190E-16  SWARM-A  10.220  271.695
2018-04-20T16:54:30Z  467.765  -85.503  -79.801  3.41576E-16  SWARM-A  11.607  273.617
2018-04-20T16:55:00Z  467.657  -83.853  -69.411  3.41869E-16  SWARM-A  12.308  275.539
2018-04-20T16:55:30Z  467.499  -82.085  -63.571  3.42453E-16  SWARM-A  12.705  277.461
2018-04-20T16:56:00Z  467.291  -80.264  -59.923  3.43414E-16  SWARM-A  12.957  279.382
2018-04-20T16:56:30Z  467.034  -78.414  -57.462  3.44801E-16  SWARM-A  13.129  281.304
2018-04-20T16:57:00Z  466.729  -76.547  -55.707  3.46560E-16  SWARM-A  13.255  283.226
2018-04-20T16:57:30Z  466.378  -74.668  -54.404  3.48580E-16  SWARM-A  13.350  285.148
2018-04-20T16:58:00Z  465.981  -72.783  -53.407  3.50796E-16  SWARM-A  13.425  287.070
2018-04-20T16:58:30Z  465.540  -70.891  -52.625  3.53166E-16  SWARM-A  13.485  288.992
2018-04-20T16:59:00Z  465.057  -68.996  -52.001  3.55729E-16  SWARM-A  13.535  290.914
2018-04-20T16:59:30Z  464.533  -67.097  -51.496  3.58541E-16  SWARM-A  13.577  292.836
2018-04-20T17:00:00Z  463.972  -65.195  -51.083  3.61584E-16  SWARM-A  13.613  294.758
2018-04-20T17:00:30Z  463.373  -63.291  -50.741  3.65009E-16  SWARM-A  13.644  296.680
2018-04-20T17:01:00Z  462.741  -61.385  -50.458  3.68808E-16  SWARM-A  13.671  298.603
2018-04-20T17:01:30Z  462.077  -59.477  -50.221  3.72965E-16  SWARM-A  13.695  300.525
2018-04-20T17:02:00Z  461.383  -57.567  -50.023  3.77696E-16  SWARM-A  13.717  302.448
2018-04-20T17:02:30Z  460.663  -55.656  -49.857  3.82656E-16  SWARM-A  13.736  304.371
2018-04-20T17:03:00Z  459.919  -53.743  -49.718  3.87930E-16  SWARM-A  13.754  306.293
2018-04-20T17:03:30Z  459.154  -51.829  -49.602  3.93525E-16  SWARM-A  13.770  308.216
2018-04-20T17:04:00Z  458.370  -49.914  -49.506  3.99399E-16  SWARM-A  13.785  310.140
2018-04-20T17:04:30Z  457.571  -47.997  -49.426  4.05579E-16  SWARM-A  13.798  312.063
2018-04-20T17:05:00Z  456.760  -46.079  -49.361  4.12036E-16  SWARM-A  13.811  313.986
2018-04-20T17:05:30Z  455.939  -44.159  -49.309  4.18842E-16  SWARM-A  13.823  315.910
2018-04-20T17:06:00Z  455.111  -42.239  -49.268  4.25980E-16  SWARM-A  13.834  317.833
2018-04-20T17:06:30Z  454.280  -40.317  -49.237  4.33038E-16  SWARM-A  13.844  319.757
2018-04-20T17:07:00Z  453.448  -38.394  -49.214  4.40413E-16  SWARM-A  13.854  321.681
2018-04-20T17:07:30Z  452.619  -36.470  -49.199  4.48232E-16  SWARM-A  13.864  323.605
2018-04-20T17:08:00Z  451.795  -34.545  -49.191  4.56555E-16  SWARM-A  13.872  325.530
2018-04-20T17:08:30Z  450.979  -32.618  -49.188  4.65288E-16  SWARM-A  13.881  327.454
2018-04-20T17:09:00Z  450.174  -30.691  -49.191  4.74564E-16  SWARM-A  13.889  329.379
2018-04-20T17:09:30Z  449.383  -28.763  -49.199  4.84330E-16  SWARM-A  13.897  331.304
2018-04-20T17:10:00Z  448.608  -26.833  -49.211  4.94558E-16  SWARM-A  13.904  333.229
2018-04-20T17:10:30Z  447.853  -24.903  -49.227  5.05399E-16  SWARM-A  13.912  335.154
2018-04-20T17:11:00Z  447.119  -22.972  -49.246  5.16826E-16  SWARM-A  13.919  337.080
2018-04-20T17:11:30Z  446.409  -21.040  -49.268  5.28596E-16  SWARM-A  13.926  339.005
2018-04-20T17:12:00Z  445.725  -19.108  -49.292  5.40629E-16  SWARM-A  13.932  340.931
2018-04-20T17:12:30Z  445.070  -17.174  -49.319  5.52858E-16  SWARM-A  13.939  342.857
2018-04-20T17:13:00Z  444.445  -15.240  -49.348  5.65122E-16  SWARM-A  13.945  344.783
2018-04-20T17:13:30Z  443.852  -13.305  -49.379  5.77391E-16  SWARM-A  13.952  346.709
2018-04-20T17:14:00Z  443.293  -11.370  -49.411  5.89517E-16  SWARM-A  13.958  348.636
2018-04-20T17:14:30Z  442.770  -9.434  -49.444  6.01448E-16  SWARM-A  13.964  350.562
2018-04-20T17:15:00Z  442.283  -7.498  -49.479  6.13055E-16  SWARM-A  13.970  352.489
2018-04-20T17:15:30Z  441.834  -5.561  -49.514  6.23794E-16  SWARM-A  13.976  354.416
2018-04-20T17:16:00Z  441.424  -3.624  -49.549  6.34023E-16  SWARM-A  13.982  356.344
2018-04-20T17:16:30Z  441.055  -1.686  -49.586  6.43773E-16  SWARM-A  13.988  358.271
2018-04-20T17:17:00Z  440.725  0.251  -49.622  6.53002E-16  SWARM-A  13.994  0.199
2018-04-20T17:17:30Z  440.436  2.189  -49.658  6.61729E-16  SWARM-A  14.000  2.126
2018-04-20T17:18:00Z  440.189  4.127  -49.694  6.69892E-16  SWARM-A  14.006  4.054
2018-04-20T17:18:30Z  439.982  6.065  -49.730  6.77540E-16  SWARM-A  14.012  5.982
2018-04-20T17:19:00Z  439.817  8.003  -49.765  6.84625E-16  SWARM-A  14.018  7.911
2018-04-20T17:19:30Z  439.692  9.941  -49.799  6.91220E-16  SWARM-A  14.024  9.839
2018-04-20T17:20:00Z  439.608  11.879  -49.832  6.97281E-16  SWARM-A  14.030  11.768
2018-04-20T17:20:30Z  439.563  13.816  -49.863  7.02727E-16  SWARM-A  14.036  13.697
2018-04-20T17:21:00Z  439.557  15.753  -49.893  7.07602E-16  SWARM-A  14.042  15.625
2018-04-20T17:21:30Z  439.589  17.690  -49.922  7.11890E-16  SWARM-A  14.049  17.555
2018-04-20T17:22:00Z  439.657  19.627  -49.948  7.15530E-16  SWARM-A  14.055  19.484
2018-04-20T17:22:30Z  439.761  21.563  -49.972  7.18539E-16  SWARM-A  14.062  21.413
2018-04-20T17:23:00Z  439.898  23.499  -49.993  7.20863E-16  SWARM-A  14.069  23.343
2018-04-20T17:23:30Z  440.067  25.434  -50.010  7.22498E-16  SWARM-A  14.076  25.272
2018-04-20T17:24:00Z  440.266  27.369  -50.025  7.23320E-16  SWARM-A  14.084  27.202
2018-04-20T17:24:30Z  440.493  29.303  -50.035  7.23342E-16  SWARM-A  14.091  29.132
2018-04-20T17:25:00Z  440.747  31.236  -50.042  7.22634E-16  SWARM-A  14.099  31.062
2018-04-20T17:25:30Z  441.025  33.169  -50.043  7.21332E-16  SWARM-A  14.107  32.993
2018-04-20T17:26:00Z  441.325  35.101  -50.038  7.19352E-16  SWARM-A  14.116  34.923
2018-04-20T17:26:30Z  441.645  37.032  -50.028  7.16781E-16  SWARM-A  14.125  36.854
2018-04-20T17:27:00Z  441.981  38.962  -50.010  7.13712E-16  SWARM-A  14.135  38.784
2018-04-20T17:27:30Z  442.333  40.891  -49.984  7.10228E-16  SWARM-A  14.145  40.715
2018-04-20T17:28:00Z  442.697  42.820  -49.949  7.06414E-16  SWARM-A  14.155  42.646
2018-04-20T17:28:30Z  443.072  44.747  -49.904  7.02308E-16  SWARM-A  14.167  44.577
2018-04-20T17:29:00Z  443.453  46.674  -49.848  6.97893E-16  SWARM-A  14.179  46.508
2018-04-20T17:29:30Z  443.839  48.599  -49.778  6.92999E-16  SWARM-A  14.192  48.439
2018-04-20T17:30:00Z  444.228  50.524  -49.692  6.87398E-16  SWARM-A  14.206  50.370
2018-04-20T17:30:30Z  444.617  52.447  -49.589  6.80966E-16  SWARM-A  14.221  52.301
2018-04-20T17:31:00Z  445.003  54.369  -49.465  6.73850E-16  SWARM-A  14.238  54.233
2018-04-20T17:31:30Z  445.384  56.290  -49.316  6.66673E-16  SWARM-A  14.256  56.164
2018-04-20T17:32:00Z  445.757  58.210  -49.139  6.60233E-16  SWARM-A  14.276  58.096
2018-04-20T17:32:30Z  446.121  60.128  -48.927  6.55094E-16  SWARM-A  14.298  60.027
2018-04-20T17:33:00Z  446.473  62.045  -48.673  6.51514E-16  SWARM-A  14.324  61.959
2018-04-20T17:33:30Z  446.811  63.959  -48.368  6.49271E-16  SWARM-A  14.352  63.891
2018-04-20T17:34:00Z  447.133  65.872  -48.001  6.47853E-16  SWARM-A  14.385  65.823
2018-04-20T17:34:30Z  447.437  67.782  -47.554  6.46718E-16  SWARM-A  14.423  67.755
2018-04-20T17:35:00Z  447.720  69.690  -47.006  6.45519E-16  SWARM-A  14.468  69.687
2018-04-20T17:35:30Z  447.982  71.594  -46.325  6.43761E-16  SWARM-A  14.522  71.619
2018-04-20T17:36:00Z  448.221  73.493  -45.465  6.41104E-16  SWARM-A  14.588  73.551
2018-04-20T17:36:30Z  448.435  75.386  -44.358  6.37210E-16  SWARM-A  14.670  75.483
2018-04-20T17:37:00Z  448.624  77.271  -42.894  6.31934E-16  SWARM-A  14.776  77.415
2018-04-20T17:37:30Z  448.785  79.142  -40.891  6.25138E-16  SWARM-A  14.917  79.347
2018-04-20T17:38:00Z  448.918  80.993  -38.020  6.17006E-16  SWARM-A  15.117  81.279
2018-04-20T17:38:30Z  449.023  82.807  -33.637  6.07613E-16  SWARM-A  15.418  83.211
2018-04-20T17:39:00Z  449.098  84.547  -26.320  5.97119E-16  SWARM-A  15.914  85.144
2018-04-20T17:39:30Z  449.143  86.115  -12.597  5.86157E-16  SWARM-A  16.837  87.076
2018-04-20T17:40:00Z  449.157  87.203  15.064  5.74824E-16  SWARM-A  18.689  89.008
2018-04-20T17:40:30Z  449.141  87.186  54.979  5.63144E-16  SWARM-A  21.359  90.940
2018-04-20T17:41:00Z  449.095  86.077  82.166  5.51008E-16  SWARM-A  23.180  92.873
2018-04-20T17:41:30Z  449.018  84.502  95.641  5.38941E-16  SWARM-A  0.086  94.805
2018-04-20T17:42:00Z  448.912  82.759  102.848  5.27299E-16  SWARM-A  0.575  96.737
2018-04-20T17:42:30Z  448.777  80.944  107.178  5.16075E-16  SWARM-A  0.872  98.670
2018-04-20T17:43:00Z  448.612  79.092  110.019  5.05231E-16  SWARM-A  1.070  100.602
2018-04-20T17:43:30Z  448.420  77.220  112.005  4.94645E-16  SWARM-A  1.211  102.534
2018-04-20T17:44:00Z  448.202  75.335  113.457  4.84309E-16  SWARM-A  1.316  104.466
2018-04-20T17:44:30Z  447.958  73.442  114.557  4.74113E-16  SWARM-A  1.397  106.399
2018-04-20T17:45:00Z  447.689  71.542  115.411  4.64011E-16  SWARM-A  1.463  108.331
2018-04-20T17:45:30Z  447.398  69.638  116.088  4.53933E-16  SWARM-A  1.516  110.263
2018-04-20T17:46:00Z  447.086  67.730  116.633  4.43942E-16  SWARM-A  1.561  112.195
2018-04-20T17:46:30Z  446.755  65.820  117.077  4.34016E-16  SWARM-A  1.599  114.127
2018-04-20T17:47:00Z  446.406  63.907  117.443  4.24181E-16  SWARM-A  1.631  116.059
2018-04-20T17:47:30Z  446.041  61.992  117.746  4.14559E-16  SWARM-A  1.660  117.991
2018-04-20T17:48:00Z  445.664  60.075  117.999  4.05364E-16  SWARM-A  1.685  119.923
2018-04-20T17:48:30Z  445.275  58.157  118.210  3.96687E-16  SWARM-A  1.708  121.855
2018-04-20T17:49:00Z  444.877  56.237  118.386  3.88501E-16  SWARM-A  1.728  123.787
2018-04-20T17:49:30Z  444.472  54.316  118.534  3.80745E-16  SWARM-A  1.746  125.719
2018-04-20T17:50:00Z  444.064  52.393  118.658  3.73172E-16  SWARM-A  1.762  127.650
2018-04-20T17:50:30Z  443.653  50.469  118.761  3.65712E-16  SWARM-A  1.778  129.582
2018-04-20T17:51:00Z  443.243  48.545  118.846  3.58470E-16  SWARM-A  1.792  131.513
2018-04-20T17:51:30Z  442.836  46.619  118.916  3.51259E-16  SWARM-A  1.805  133.445
2018-04-20T17:52:00Z  442.435  44.692  118.972  3.44411E-16  SWARM-A  1.817  135.376
2018-04-20T17:52:30Z  442.042  42.764  119.017  3.38000E-16  SWARM-A  1.828  137.308
2018-04-20T17:53:00Z  441.660  40.835  119.051  3.32020E-16  SWARM-A  1.839  139.239
2018-04-20T17:53:30Z  441.291  38.905  119.077  3.26413E-16  SWARM-A  1.849  141.170
2018-04-20T17:54:00Z  440.938  36.975  119.095  3.21251E-16  SWARM-A  1.858  143.101
2018-04-20T17:54:30Z  440.602  35.043  119.105  3.16494E-16  SWARM-A  1.867  145.032
2018-04-20T17:55:00Z  440.288  33.111  119.109  3.12122E-16  SWARM-A  1.876  146.963
2018-04-20T17:55:30Z  439.996  31.178  119.108  3.08131E-16  SWARM-A  1.884  148.893
2018-04-20T17:56:00Z  439.730  29.244  119.102  3.04507E-16  SWARM-A  1.892  150.824
2018-04-20T17:56:30Z  439.490  27.309  119.091  3.01097E-16  SWARM-A  1.900  152.754
2018-04-20T17:57:00Z  439.280  25.374  119.077  2.98003E-16  SWARM-A  1.907  154.684
2018-04-20T17:57:30Z  439.101  23.439  119.059  2.95143E-16  SWARM-A  1.914  156.615
2018-04-20T17:58:00Z  438.954  21.503  119.038  2.92543E-16  SWARM-A  1.921  158.545
2018-04-20T17:58:30Z  438.842  19.566  119.014  2.90082E-16  SWARM-A  1.928  160.474
2018-04-20T17:59:00Z  438.767  17.629  118.988  2.87812E-16  SWARM-A  1.934  162.404
2018-04-20T17:59:30Z  438.728  15.691  118.960  2.85648E-16  SWARM-A  1.941  164.334
2018-04-20T18:00:00Z  438.728  13.753  118.930  2.83403E-16  SWARM-A  1.947  166.263
2018-04-20T18:00:30Z  438.768  11.815  118.898  2.81457E-16  SWARM-A  1.953  168.192
2018-04-20T18:01:00Z  438.847  9.877  118.865  2.79606E-16  SWARM-A  1.960  170.122
2018-04-20T18:01:30Z  438.968  7.939  118.831  2.77795E-16  SWARM-A  1.966  172.051
2018-04-20T18:02:00Z  439.131  6.000  118.797  2.76113E-16  SWARM-A  1.972  173.979
2018-04-20T18:02:30Z  439.335  4.062  118.761  2.74518E-16  SWARM-A  1.978  175.908
2018-04-20T18:03:00Z  439.581  2.123  118.725  2.73041E-16  SWARM-A  1.984  177.836
2018-04-20T18:03:30Z  439.869  0.185  118.689  2.71687E-16  SWARM-A  1.990  179.765
2018-04-20T18:04:00Z  440.198  -1.753  118.653  2.70432E-16  SWARM-A  1.995  181.693
2018-04-20T18:04:30Z  440.569  -3.691  118.617  2.69281E-16  SWARM-A  2.001  183.621
2018-04-20T18:05:00Z  440.980  -5.629  118.581  2.68170E-16  SWARM-A  2.007  185.548
2018-04-20T18:05:30Z  441.431  -7.566  118.546  2.67248E-16  SWARM-A  2.013  187.476
2018-04-20T18:06:00Z  441.920  -9.503  118.512  2.66499E-16  SWARM-A  2.019  189.403
2018-04-20T18:06:30Z  442.448  -11.439  118.479  2.65982E-16  SWARM-A  2.026  191.331
2018-04-20T18:07:00Z  443.011  -13.375  118.447  2.65644E-16  SWARM-A  2.032  193.258
2018-04-20T18:07:30Z  443.610  -15.310  118.416  2.65475E-16  SWARM-A  2.038  195.184
2018-04-20T18:08:00Z  444.241  -17.245  118.388  2.65557E-16  SWARM-A  2.044  197.111
2018-04-20T18:08:30Z  444.904  -19.179  118.361  2.65788E-16  SWARM-A  2.051  199.037
2018-04-20T18:09:00Z  445.596  -21.112  118.336  2.66199E-16  SWARM-A  2.058  200.964
2018-04-20T18:09:30Z  446.315  -23.044  118.315  2.66678E-16  SWARM-A  2.065  202.890
2018-04-20T18:10:00Z  447.059  -24.976  118.296  2.67187E-16  SWARM-A  2.072  204.816
2018-04-20T18:10:30Z  447.826  -26.906  118.280  2.67680E-16  SWARM-A  2.079  206.741
2018-04-20T18:11:00Z  448.613  -28.836  118.269  2.68010E-16  SWARM-A  2.087  208.667
2018-04-20T18:11:30Z  449.417  -30.765  118.261  2.68189E-16  SWARM-A  2.094  210.592
2018-04-20T18:12:00Z  450.235  -32.692  118.259  2.68202E-16  SWARM-A  2.103  212.517
2018-04-20T18:12:30Z  451.066  -34.619  118.261  2.68327E-16  SWARM-A  2.111  214.442
2018-04-20T18:13:00Z  451.906  -36.545  118.270  2.68830E-16  SWARM-A  2.120  216.367
2018-04-20T18:13:30Z  452.751  -38.469  118.286  2.69942E-16  SWARM-A  2.129  218.291
2018-04-20T18:14:00Z  453.600  -40.392  118.309  2.71735E-16  SWARM-A  2.139  220.216
2018-04-20T18:14:30Z  454.450  -42.315  118.341  2.74060E-16  SWARM-A  2.150  222.140
2018-04-20T18:15:00Z  455.296  -44.235  118.382  2.76563E-16  SWARM-A  2.161  224.064
2018-04-20T18:15:30Z  456.137  -46.155  118.435  2.78991E-16  SWARM-A  2.173  225.988
2018-04-20T18:16:00Z  456.968  -48.074  118.501  2.81100E-16  SWARM-A  2.185  227.912
2018-04-20T18:16:30Z  457.788  -49.991  118.581  2.82733E-16  SWARM-A  2.199  229.835
2018-04-20T18:17:00Z  458.593  -51.907  118.679  2.83910E-16  SWARM-A  2.214  231.759
2018-04-20T18:17:30Z  459.381  -53.821  118.796  2.84718E-16  SWARM-A  2.230  233.682
2018-04-20T18:18:00Z  460.148  -55.734  118.936  2.85164E-16  SWARM-A  2.248  235.605
2018-04-20T18:18:30Z  460.891  -57.646  119.104  2.85360E-16  SWARM-A  2.267  237.528
2018-04-20T18:19:00Z  461.609  -59.555  119.303  2.85378E-16  SWARM-A  2.289  239.451
2018-04-20T18:19:30Z  462.297  -61.464  119.542  2.85351E-16  SWARM-A  2.313  241.374
2018-04-20T18:20:00Z  462.955  -63.370  119.829  2.85349E-16  SWARM-A  2.341  243.297
2018-04-20T18:20:30Z  463.579  -65.274  120.173  2.85456E-16  SWARM-A  2.372  245.219
2018-04-20T18:21:00Z  464.167  -67.176  120.590  2.85719E-16  SWARM-A  2.408  247.142
2018-04-20T18:21:30Z  464.718  -69.075  121.101  2.86216E-16  SWARM-A  2.450  249.064
2018-04-20T18:22:00Z  465.228  -70.970  121.731  2.86920E-16  SWARM-A  2.501  250.986
2018-04-20T18:22:30Z  465.697  -72.862  122.521  2.87878E-16  SWARM-A  2.562  252.908
2018-04-20T18:23:00Z  466.122  -74.747  123.531  2.89095E-16  SWARM-A  2.637  254.830
2018-04-20T18:23:30Z  466.502  -76.625  124.851  2.90570E-16  SWARM-A  2.734  256.752
2018-04-20T18:24:00Z  466.835  -78.492  126.631  2.92311E-16  SWARM-A  2.861  258.674
2018-04-20T18:24:30Z  467.121  -80.341  129.132  2.94276E-16  SWARM-A  3.036  260.596
2018-04-20T18:25:00Z  467.359  -82.161  132.851  2.96477E-16  SWARM-A  3.292  262.518
2018-04-20T18:25:30Z  467.547  -83.925  138.825  2.98908E-16  SWARM-A  3.699  264.440
2018-04-20T18:26:00Z  467.684  -85.567  149.505  3.01602E-16  SWARM-A  4.419  266.362
2018-04-20T18:26:30Z  467.772  -86.887  170.805  3.04615E-16  SWARM-A  5.847  268.283
2018-04-20T18:27:00Z  467.808  -87.350  -151.678  3.08010E-16  SWARM-A  8.357  270.205
2018-04-20T18:27:30Z  467.793  -86.588  -117.926  3.11537E-16  SWARM-A  10.615  272.127
2018-04-20T18:28:00Z  467.728  -85.148  -100.314  3.14959E-16  SWARM-A  11.798  274.049
2018-04-20T18:28:30Z  467.611  -83.462  -91.276  3.18550E-16  SWARM-A  12.409  275.970
2018-04-20T18:29:00Z  467.445  -81.679  -86.060  3.22471E-16  SWARM-A  12.765  277.892
2018-04-20T18:29:30Z  467.229  -79.850  -82.737  3.26856E-16  SWARM-A  12.994  279.814
2018-04-20T18:30:00Z  466.965  -77.995  -80.464  3.31708E-16  SWARM-A  13.154  281.736
2018-04-20T18:30:30Z  466.653  -76.125  -78.826  3.37065E-16  SWARM-A  13.272  283.657
2018-04-20T18:31:00Z  466.294  -74.245  -77.601  3.42937E-16  SWARM-A  13.362  285.579
2018-04-20T18:31:30Z  465.891  -72.358  -76.657  3.49229E-16  SWARM-A  13.433  287.501
2018-04-20T18:32:00Z  465.444  -70.466  -75.914  3.55920E-16  SWARM-A  13.491  289.423
2018-04-20T18:32:30Z  464.955  -68.569  -75.319  3.63015E-16  SWARM-A  13.539  291.345
2018-04-20T18:33:00Z  464.426  -66.670  -74.836  3.70581E-16  SWARM-A  13.580  293.267
2018-04-20T18:33:30Z  463.859  -64.768  -74.440  3.78565E-16  SWARM-A  13.614  295.190
2018-04-20T18:34:00Z  463.257  -62.863  -74.112  3.87095E-16  SWARM-A  13.645  297.112
2018-04-20T18:34:30Z  462.621  -60.957  -73.840  3.96070E-16  SWARM-A  13.671  299.034
2018-04-20T18:35:00Z  461.954  -59.048  -73.612  4.05498E-16  SWARM-A  13.695  300.957
2018-04-20T18:35:30Z  461.258  -57.138  -73.421  4.15278E-16  SWARM-A  13.716  302.880
2018-04-20T18:36:00Z  460.536  -55.227  -73.262  4.25334E-16  SWARM-A  13.735  304.802
2018-04-20T18:36:30Z  459.791  -53.314  -73.128  4.35440E-16  SWARM-A  13.752  306.725
2018-04-20T18:37:00Z  459.025  -51.399  -73.016  4.45759E-16  SWARM-A  13.768  308.648
2018-04-20T18:37:30Z  458.241  -49.483  -72.924  4.56204E-16  SWARM-A  13.782  310.571
2018-04-20T18:38:00Z  457.443  -47.566  -72.847  4.66768E-16  SWARM-A  13.796  312.494
2018-04-20T18:38:30Z  456.632  -45.648  -72.785  4.77402E-16  SWARM-A  13.808  314.418
2018-04-20T18:39:00Z  455.813  -43.728  -72.736  4.88074E-16  SWARM-A  13.820  316.341
2018-04-20T18:39:30Z  454.988  -41.807  -72.697  4.98734E-16  SWARM-A  13.831  318.265
2018-04-20T18:40:00Z  454.159  -39.885  -72.667  5.09338E-16  SWARM-A  13.841  320.189
2018-04-20T18:40:30Z  453.331  -37.962  -72.646  5.19980E-16  SWARM-A  13.851  322.113
2018-04-20T18:41:00Z  452.505  -36.038  -72.633  5.30636E-16  SWARM-A  13.860  324.037
2018-04-20T18:41:30Z  451.685  -34.112  -72.625  5.41312E-16  SWARM-A  13.869  325.962
2018-04-20T18:42:00Z  450.874  -32.186  -72.624  5.51999E-16  SWARM-A  13.877  327.886
2018-04-20T18:42:30Z  450.075  -30.258  -72.628  5.62729E-16  SWARM-A  13.885  329.811
2018-04-20T18:43:00Z  449.289  -28.330  -72.637  5.73696E-16  SWARM-A  13.893  331.736
2018-04-20T18:43:30Z  448.521  -26.401  -72.649  5.84669E-16  SWARM-A  13.900  333.661
2018-04-20T18:44:00Z  447.772  -24.470  -72.666  5.95589E-16  SWARM-A  13.908  335.586
2018-04-20T18:44:30Z  447.045  -22.539  -72.685  6.06384E-16  SWARM-A  13.915  337.511
2018-04-20T18:45:00Z  446.343  -20.607  -72.708  6.17013E-16  SWARM-A  13.921  339.437
2018-04-20T18:45:30Z  445.667  -18.674  -72.733  6.27479E-16  SWARM-A  13.928  341.363
2018-04-20T18:46:00Z  445.019  -16.741  -72.760  6.37661E-16  SWARM-A  13.935  343.289
2018-04-20T18:46:30Z  444.403  -14.806  -72.790  6.47491E-16  SWARM-A  13.941  345.215
2018-04-20T18:47:00Z  443.818  -12.872  -72.820  6.56856E-16  SWARM-A  13.947  347.141
2018-04-20T18:47:30Z  443.268  -10.936  -72.853  6.65786E-16  SWARM-A  13.954  349.067
2018-04-20T18:48:00Z  442.753  -9.000  -72.886  6.74166E-16  SWARM-A  13.960  350.994
2018-04-20T18:48:30Z  442.274  -7.064  -72.921  6.81885E-16  SWARM-A  13.966  352.921
2018-04-20T18:49:00Z  441.834  -5.127  -72.956  6.88894E-16  SWARM-A  13.972  354.848
2018-04-20T18:49:30Z  441.433  -3.190  -72.992  6.95026E-16  SWARM-A  13.978  356.775
2018-04-20T18:50:00Z  441.071  -1.252  -73.028  7.00066E-16  SWARM-A  13.984  358.703
2018-04-20T18:50:30Z  440.750  0.685  -73.064  7.04307E-16  SWARM-A  13.989  0.630
2018-04-20T18:51:00Z  440.469  2.623  -73.100  7.07763E-16  SWARM-A  13.995  2.558
2018-04-20T18:51:30Z  440.229  4.561  -73.136  7.10443E-16  SWARM-A  14.001  4.486
2018-04-20T18:52:00Z  440.030  6.499  -73.171  7.12331E-16  SWARM-A  14.007  6.414
2018-04-20T18:52:30Z  439.872  8.437  -73.206  7.13458E-16  SWARM-A  14.013  8.342
2018-04-20T18:53:00Z  439.754  10.375  -73.240  7.13848E-16  SWARM-A  14.019  10.271
2018-04-20T18:53:30Z  439.676  12.312  -73.272  7.13531E-16  SWARM-A  14.026  12.200
2018-04-20T18:54:00Z  439.637  14.250  -73.303  7.12509E-16  SWARM-A  14.032  14.128
2018-04-20T18:54:30Z  439.637  16.187  -73.333  7.10822E-16  SWARM-A  14.038  16.057
2018-04-20T18:55:00Z  439.673  18.124  -73.361  7.08565E-16  SWARM-A  14.045  17.986
2018-04-20T18:55:30Z  439.746  20.060  -73.386  7.05581E-16  SWARM-A  14.051  19.916
2018-04-20T18:56:00Z  439.854  21.996  -73.409  7.02077E-16  SWARM-A  14.058  21.845
2018-04-20T18:56:30Z  439.995  23.932  -73.429  6.98035E-16  SWARM-A  14.065  23.775
2018-04-20T18:57:00Z  440.168  25.867  -73.447  6.93433E-16  SWARM-A  14.072  25.704
2018-04-20T18:57:30Z  440.370  27.802  -73.460  6.88338E-16  SWARM-A  14.080  27.634
2018-04-20T18:58:00Z  440.601  29.735  -73.469  6.82726E-16  SWARM-A  14.087  29.564
2018-04-20T18:58:30Z  440.857  31.668  -73.474  6.76667E-16  SWARM-A  14.095  31.494
2018-04-20T18:59:00Z  441.137  33.601  -73.474  6.70200E-16  SWARM-A  14.104  33.424
2018-04-20T18:59:30Z  441.439  35.533  -73.468  6.63359E-16  SWARM-A  14.112  35.355
2018-04-20T19:00:00Z  441.760  37.463  -73.456  6.56168E-16  SWARM-A  14.122  37.285
2018-04-20T19:00:30Z  442.097  39.393  -73.437  6.48662E-16  SWARM-A  14.131  39.216
2018-04-20T19:01:00Z  442.449  41.323  -73.409  6.40978E-16  SWARM-A  14.141  41.147
2018-04-20T19:01:30Z  442.813  43.251  -73.372  6.33097E-16  SWARM-A  14.152  43.077
2018-04-20T19:02:00Z  443.187  45.178  -73.324  6.24956E-16  SWARM-A  14.164  45.008
2018-04-20T19:02:30Z  443.567  47.104  -73.264  6.16636E-16  SWARM-A  14.176  46.939
2018-04-20T19:03:00Z  443.952  49.030  -73.191  6.08100E-16  SWARM-A  14.189  48.871
2018-04-20T19:03:30Z  444.339  50.954  -73.102  5.99555E-16  SWARM-A  14.204  50.802
2018-04-20T19:04:00Z  444.725  52.877  -72.994  5.91230E-16  SWARM-A  14.219  52.733
2018-04-20T19:04:30Z  445.108  54.799  -72.864  5.83438E-16  SWARM-A  14.236  54.664
2018-04-20T19:05:00Z  445.486  56.719  -72.709  5.76351E-16  SWARM-A  14.255  56.596
2018-04-20T19:05:30Z  445.857  58.639  -72.524  5.69941E-16  SWARM-A  14.275  58.528
2018-04-20T19:06:00Z  446.217  60.556  -72.303  5.64085E-16  SWARM-A  14.299  60.459
2018-04-20T19:06:30Z  446.565  62.472  -72.039  5.58711E-16  SWARM-A  14.324  62.391
2018-04-20T19:07:00Z  446.899  64.387  -71.721  5.53548E-16  SWARM-A  14.354  64.323
2018-04-20T19:07:30Z  447.217  66.299  -71.337  5.48333E-16  SWARM-A  14.388  66.254
2018-04-20T19:08:00Z  447.516  68.209  -70.870  5.42760E-16  SWARM-A  14.427  68.186
2018-04-20T19:08:30Z  447.795  70.115  -70.294  5.36670E-16  SWARM-A  14.474  70.118
2018-04-20T19:09:00Z  448.052  72.018  -69.577  5.30381E-16  SWARM-A  14.530  72.050
2018-04-20T19:09:30Z  448.286  73.916  -68.668  5.23183E-16  SWARM-A  14.599  73.982
2018-04-20T19:10:00Z  448.495  75.808  -67.492  5.14731E-16  SWARM-A  14.686  75.914
2018-04-20T19:10:30Z  448.678  77.690  -65.926  5.05528E-16  SWARM-A  14.799  77.847
2018-04-20T19:11:00Z  448.833  79.557  -63.763  4.95633E-16  SWARM-A  14.951  79.779
2018-04-20T19:11:30Z  448.961  81.401  -60.625  4.85198E-16  SWARM-A  15.169  81.711
2018-04-20T19:12:00Z  449.059  83.203  -55.750  4.74438E-16  SWARM-A  15.502  83.643
2018-04-20T19:12:30Z  449.128  84.917  -47.416  4.63522E-16  SWARM-A  16.066  85.575
2018-04-20T19:13:00Z  449.167  86.417  -31.368  4.52779E-16  SWARM-A  17.144  87.508
2018-04-20T19:13:30Z  449.175  87.314  0.280  4.42376E-16  SWARM-A  19.262  89.440
2018-04-20T19:14:00Z  449.154  87.007  39.223  4.32117E-16  SWARM-A  21.867  91.372
2018-04-20T19:14:30Z  449.101  85.749  62.577  4.22013E-16  SWARM-A  23.432  93.304
2018-04-20T19:15:00Z  449.019  84.121  74.172  4.12558E-16  SWARM-A  0.214  95.237
2018-04-20T19:15:30Z  448.907  82.357  80.549  4.03797E-16  SWARM-A  0.647  97.169
2018-04-20T19:16:00Z  448.765  80.532  84.466  3.95778E-16  SWARM-A  0.917  99.101
2018-04-20T19:16:30Z  448.595  78.675  87.078  3.88417E-16  SWARM-A  1.099  101.034
2018-04-20T19:17:00Z  448.398  76.800  88.925  3.81710E-16  SWARM-A  1.230  102.966
2018-04-20T19:17:30Z  448.175  74.913  90.287  3.75610E-16  SWARM-A  1.330  104.898
2018-04-20T19:18:00Z  447.926  73.018  91.325  3.70058E-16  SWARM-A  1.407  106.830
2018-04-20T19:18:30Z  447.653  71.117  92.136  3.64940E-16  SWARM-A  1.469  108.762
2018-04-20T19:19:00Z  447.358  69.212  92.781  3.60196E-16  SWARM-A  1.521  110.695
2018-04-20T19:19:30Z  447.042  67.304  93.302  3.55789E-16  SWARM-A  1.564  112.627
2018-04-20T19:20:00Z  446.708  65.393  93.727  3.51691E-16  SWARM-A  1.601  114.559
2018-04-20T19:20:30Z  446.356  63.479  94.078  3.47924E-16  SWARM-A  1.632  116.491
2018-04-20T19:21:00Z  445.989  61.564  94.369  3.44455E-16  SWARM-A  1.660  118.423
2018-04-20T19:21:30Z  445.610  59.647  94.612  3.41206E-16  SWARM-A  1.685  120.355
2018-04-20T19:22:00Z  445.220  57.728  94.815  3.38323E-16  SWARM-A  1.706  122.286
2018-04-20T19:22:30Z  444.821  55.808  94.985  3.35947E-16  SWARM-A  1.726  124.218
2018-04-20T19:23:00Z  444.416  53.886  95.127  3.33923E-16  SWARM-A  1.744  126.150
2018-04-20T19:23:30Z  444.008  51.964  95.246  3.32132E-16  SWARM-A  1.760  128.082
2018-04-20T19:24:00Z  443.599  50.040  95.345  3.30209E-16  SWARM-A  1.775  130.013
2018-04-20T19:24:30Z  443.190  48.115  95.427  3.28196E-16  SWARM-A  1.789  131.945
2018-04-20T19:25:00Z  442.786  46.189  95.493  3.26101E-16  SWARM-A  1.802  133.876
2018-04-20T19:25:30Z  442.388  44.261  95.547  3.24011E-16  SWARM-A  1.814  135.807
2018-04-20T19:26:00Z  441.999  42.333  95.590  3.21938E-16  SWARM-A  1.825  137.739
2018-04-20T19:26:30Z  441.621  40.404  95.622  3.19871E-16  SWARM-A  1.835  139.670
2018-04-20T19:27:00Z  441.258  38.474  95.646  3.17778E-16  SWARM-A  1.845  141.601
2018-04-20T19:27:30Z  440.910  36.544  95.662  3.15720E-16  SWARM-A  1.855  143.532
2018-04-20T19:28:00Z  440.582  34.612  95.671  3.13702E-16  SWARM-A  1.864  145.463
2018-04-20T19:28:30Z  440.274  32.679  95.674  3.11689E-16  SWARM-A  1.872  147.393
2018-04-20T19:29:00Z  439.990  30.746  95.672  3.09741E-16  SWARM-A  1.880  149.324
2018-04-20T19:29:30Z  439.732  28.812  95.665  3.07857E-16  SWARM-A  1.888  151.254
2018-04-20T19:30:00Z  439.501  26.878  95.654  3.05934E-16  SWARM-A  1.896  153.185
2018-04-20T19:30:30Z  439.299  24.943  95.638  3.04006E-16  SWARM-A  1.903  155.115
2018-04-20T19:31:00Z  439.130  23.007  95.620  3.02068E-16  SWARM-A  1.910  157.045
2018-04-20T19:31:30Z  438.993  21.071  95.598  3.00134E-16  SWARM-A  1.917  158.975
2018-04-20T19:32:00Z  438.892  19.134  95.574  2.98178E-16  SWARM-A  1.924  160.905
2018-04-20T19:32:30Z  438.827  17.197  95.547  2.96214E-16  SWARM-A  1.930  162.834
2018-04-20T19:33:00Z  438.799  15.259  95.519  2.94238E-16  SWARM-A  1.937  164.764
2018-04-20T19:33:30Z  438.811  13.321  95.488  2.92247E-16  SWARM-A  1.943  166.693
2018-04-20T19:34:00Z  438.862  11.383  95.457  2.90217E-16  SWARM-A  1.949  168.622
2018-04-20T19:34:30Z  438.954  9.445  95.423  2.88202E-16  SWARM-A  1.955  170.551
2018-04-20T19:35:00Z  439.087  7.507  95.389  2.86203E-16  SWARM-A  1.961  172.480
2018-04-20T19:35:30Z  439.262  5.568  95.354  2.84307E-16  SWARM-A  1.967  174.409
2018-04-20T19:36:00Z  439.479  3.630  95.319  2.82260E-16  SWARM-A  1.973  176.337
2018-04-20T19:36:30Z  439.738  1.692  95.283  2.80201E-16  SWARM-A  1.979  178.266
2018-04-20T19:37:00Z  440.039  -0.247  95.247  2.78134E-16  SWARM-A  1.985  180.194
2018-04-20T19:37:30Z  440.381  -2.185  95.211  2.75918E-16  SWARM-A  1.991  182.122
2018-04-20T19:38:00Z  440.765  -4.122  95.175  2.73684E-16  SWARM-A  1.997  184.050
2018-04-20T19:38:30Z  441.189  -6.060  95.139  2.71392E-16  SWARM-A  2.003  185.977
2018-04-20T19:39:00Z  441.652  -7.997  95.104  2.69152E-16  SWARM-A  2.009  187.905
2018-04-20T19:39:30Z  442.155  -9.934  95.071  2.66883E-16  SWARM-A  2.015  189.832
2018-04-20T19:40:00Z  442.695  -11.870  95.038  2.64637E-16  SWARM-A  2.021  191.759
2018-04-20T19:40:30Z  443.270  -13.805  95.006  2.62372E-16  SWARM-A  2.028  193.686
2018-04-20T19:41:00Z  443.880  -15.740  94.976  2.60136E-16  SWARM-A  2.034  195.613
2018-04-20T19:41:30Z  444.523  -17.675  94.948  2.57889E-16  SWARM-A  2.040  197.539
2018-04-20T19:42:00Z  445.197  -19.608  94.922  2.55580E-16  SWARM-A  2.047  199.465
2018-04-20T19:42:30Z  445.900  -21.541  94.898  2.53267E-16  SWARM-A  2.054  201.392
2018-04-20T19:43:00Z  446.629  -23.473  94.877  2.50943E-16  SWARM-A  2.061  203.317
2018-04-20T19:43:30Z  447.382  -25.405  94.859  2.48533E-16  SWARM-A  2.068  205.243
2018-04-20T19:44:00Z  448.157  -27.335  94.844  2.46008E-16  SWARM-A  2.075  207.169
2018-04-20T19:44:30Z  448.952  -29.264  94.833  2.43356E-16  SWARM-A  2.083  209.094
2018-04-20T19:45:00Z  449.763  -31.193  94.827  2.40536E-16  SWARM-A  2.091  211.019
2018-04-20T19:45:30Z  450.588  -33.120  94.826  2.37713E-16  SWARM-A  2.099  212.944
2018-04-20T19:46:00Z  451.424  -35.046  94.830  2.35116E-16  SWARM-A  2.107  214.869
2018-04-20T19:46:30Z  452.268  -36.972  94.840  2.32990E-16  SWARM-A  2.117  216.794
2018-04-20T19:47:00Z  453.118  -38.896  94.857  2.31431E-16  SWARM-A  2.126  218.718
2018-04-20T19:47:30Z  453.970  -40.819  94.882  2.30513E-16  SWARM-A  2.136  220.642
2018-04-20T19:48:00Z  454.821  -42.740  94.916  2.30060E-16  SWARM-A  2.147  222.566
2018-04-20T19:48:30Z  455.668  -44.661  94.961  2.29926E-16  SWARM-A  2.158  224.490
2018-04-20T19:49:00Z  456.509  -46.580  95.016  2.29982E-16  SWARM-A  2.170  226.414
2018-04-20T19:49:30Z  457.339  -48.498  95.085  2.30138E-16  SWARM-A  2.183  228.338
2018-04-20T19:50:00Z  458.157  -50.415  95.169  2.30353E-16  SWARM-A  2.197  230.261
2018-04-20T19:50:30Z  458.959  -52.330  95.271  2.30618E-16  SWARM-A  2.212  232.185
2018-04-20T19:51:00Z  459.743  -54.244  95.393  2.30951E-16  SWARM-A  2.228  234.108
2018-04-20T19:51:30Z  460.505  -56.157  95.539  2.31427E-16  SWARM-A  2.246  236.031
2018-04-20T19:52:00Z  461.243  -58.068  95.713  2.32104E-16  SWARM-A  2.266  237.954
2018-04-20T19:52:30Z  461.954  -59.977  95.921  2.32997E-16  SWARM-A  2.289  239.876
2018-04-20T19:53:00Z  462.635  -61.885  96.170  2.34142E-16  SWARM-A  2.313  241.799
2018-04-20T19:53:30Z  463.285  -63.791  96.468  2.35556E-16  SWARM-A  2.342  243.722
2018-04-20T19:54:00Z  463.900  -65.694  96.827  2.37281E-16  SWARM-A  2.374  245.644
2018-04-20T19:54:30Z  464.478  -67.596  97.264  2.39331E-16  SWARM-A  2.411  247.566
2018-04-20T19:55:00Z  465.018  -69.494  97.798  2.41709E-16  SWARM-A  2.455  249.489
2018-04-20T19:55:30Z  465.518  -71.388  98.460  2.44431E-16  SWARM-A  2.508  251.411
2018-04-20T19:56:00Z  465.974  -73.278  99.293  2.47583E-16  SWARM-A  2.572  253.333
2018-04-20T19:56:30Z  466.387  -75.162  100.362  2.51126E-16  SWARM-A  2.651  255.255
2018-04-20T19:57:00Z  466.754  -77.038  101.769  2.55133E-16  SWARM-A  2.753  257.177
2018-04-20T19:57:30Z  467.074  -78.901  103.681  2.59588E-16  SWARM-A  2.889  259.098
2018-04-20T19:58:00Z  467.346  -80.745  106.397  2.64537E-16  SWARM-A  3.079  261.020
2018-04-20T19:58:30Z  467.569  -82.556  110.496  2.69980E-16  SWARM-A  3.360  262.942
2018-04-20T19:59:00Z  467.742  -84.301  117.220  2.75948E-16  SWARM-A  3.817  264.864
2018-04-20T19:59:30Z  467.865  -85.896  129.564  2.82480E-16  SWARM-A  4.648  266.785
2018-04-20T20:00:00Z  467.936  -87.087  154.394  2.89658E-16  SWARM-A  6.312  268.707
2018-04-20T20:00:30Z  467.957  -87.276  -166.291  2.97448E-16  SWARM-A  8.941  270.629
2018-04-20T20:01:00Z  467.926  -86.306  -136.343  3.05479E-16  SWARM-A  10.946  272.550
2018-04-20T20:01:30Z  467.845  -84.789  -121.266  3.13652E-16  SWARM-A  11.959  274.472
2018-04-20T20:02:00Z  467.713  -83.075  -113.337  3.22024E-16  SWARM-A  12.496  276.394
2018-04-20T20:02:30Z  467.531  -81.279  -108.648  3.30487E-16  SWARM-A  12.817  278.315
2018-04-20T20:03:00Z  467.299  -79.443  -105.606  3.39003E-16  SWARM-A  13.028  280.237
2018-04-20T20:03:30Z  467.019  -77.584  -103.498  3.47504E-16  SWARM-A  13.177  282.159
2018-04-20T20:04:00Z  466.691  -75.712  -101.966  3.55839E-16  SWARM-A  13.288  284.080
2018-04-20T20:04:30Z  466.317  -73.830  -100.811  3.64111E-16  SWARM-A  13.373  286.002
2018-04-20T20:05:00Z  465.899  -71.942  -99.917  3.72567E-16  SWARM-A  13.441  287.924
2018-04-20T20:05:30Z  465.437  -70.049  -99.210  3.81316E-16  SWARM-A  13.497  289.846
2018-04-20T20:06:00Z  464.934  -68.152  -98.642  3.90411E-16  SWARM-A  13.543  291.768
2018-04-20T20:06:30Z  464.391  -66.251  -98.179  3.99797E-16  SWARM-A  13.582  293.690
2018-04-20T20:07:00Z  463.811  -64.349  -97.799  4.09537E-16  SWARM-A  13.616  295.612
2018-04-20T20:07:30Z  463.195  -62.444  -97.484  4.19506E-16  SWARM-A  13.645  297.535
2018-04-20T20:08:00Z  462.547  -60.537  -97.222  4.29685E-16  SWARM-A  13.671  299.457
2018-04-20T20:08:30Z  461.868  -58.628  -97.003  4.39956E-16  SWARM-A  13.694  301.380
2018-04-20T20:09:00Z  461.160  -56.718  -96.820  4.50302E-16  SWARM-A  13.714  303.302
2018-04-20T20:09:30Z  460.428  -54.806  -96.666  4.60632E-16  SWARM-A  13.733  305.225
2018-04-20T20:10:00Z  459.672  -52.893  -96.537  4.70977E-16  SWARM-A  13.750  307.148
2018-04-20T20:10:30Z  458.897  -50.978  -96.430  4.81265E-16  SWARM-A  13.765  309.071
2018-04-20T20:11:00Z  458.105  -49.062  -96.341  4.91505E-16  SWARM-A  13.779  310.994
2018-04-20T20:11:30Z  457.298  -47.145  -96.268  5.01744E-16  SWARM-A  13.793  312.917
2018-04-20T20:12:00Z  456.480  -45.226  -96.209  5.12023E-16  SWARM-A  13.805  314.841
2018-04-20T20:12:30Z  455.654  -43.306  -96.162  5.22293E-16  SWARM-A  13.816  316.764
2018-04-20T20:13:00Z  454.823  -41.385  -96.125  5.32502E-16  SWARM-A  13.827  318.688
2018-04-20T20:13:30Z  453.989  -39.463  -96.097  5.42734E-16  SWARM-A  13.837  320.612
2018-04-20T20:14:00Z  453.156  -37.539  -96.078  5.53010E-16  SWARM-A  13.847  322.536
2018-04-20T20:14:30Z  452.326  -35.615  -96.065  5.63370E-16  SWARM-A  13.856  324.460
2018-04-20T20:15:00Z  451.503  -33.689  -96.060  5.73866E-16  SWARM-A  13.865  326.384
2018-04-20T20:15:30Z  450.690  -31.762  -96.060  5.84515E-16  SWARM-A  13.873  328.309
2018-04-20T20:16:00Z  449.888  -29.835  -96.065  5.95280E-16  SWARM-A  13.881  330.234
2018-04-20T20:16:30Z  449.102  -27.906  -96.074  6.06164E-16  SWARM-A  13.889  332.159
2018-04-20T20:17:00Z  448.333  -25.976  -96.088  6.17195E-16  SWARM-A  13.896  334.084
2018-04-20T20:17:30Z  447.585  -24.046  -96.105  6.28297E-16  SWARM-A  13.904  336.009
2018-04-20T20:18:00Z  446.859  -22.114  -96.125  6.39403E-16  SWARM-A  13.911  337.934
2018-04-20T20:18:30Z  446.158  -20.182  -96.148  6.49964E-16  SWARM-A  13.917  339.860
2018-04-20T20:19:00Z  445.484  -18.249  -96.173  6.60361E-16  SWARM-A  13.924  341.786
2018-04-20T20:19:30Z  444.839  -16.316  -96.201  6.70474E-16  SWARM-A  13.931  343.712
2018-04-20T20:20:00Z  444.226  -14.381  -96.231  6.80225E-16  SWARM-A  13.937  345.638
2018-04-20T20:20:30Z  443.645  -12.446  -96.262  6.89496E-16  SWARM-A  13.943  347.564
2018-04-20T20:21:00Z  443.099  -10.511  -96.294  6.98145E-16  SWARM-A  13.949  349.491
2018-04-20T20:21:30Z  442.590  -8.574  -96.328  7.06120E-16  SWARM-A  13.955  351.418
2018-04-20T20:22:00Z  442.117  -6.638  -96.363  7.13223E-16  SWARM-A  13.961  353.345
2018-04-20T20:22:30Z  441.683  -4.701  -96.398  7.19450E-16  SWARM-A  13.967  355.272
2018-04-20T20:23:00Z  441.288  -2.764  -96.434  7.24728E-16  SWARM-A  13.973  357.199
2018-04-20T20:23:30Z  440.933  -0.826  -96.470  7.28977E-16  SWARM-A  13.979  359.127
2018-04-20T20:24:00Z  440.619  1.111  -96.506  7.32190E-16  SWARM-A  13.985  1.054
2018-04-20T20:24:30Z  440.346  3.049  -96.542  7.34303E-16  SWARM-A  13.991  2.982
2018-04-20T20:25:00Z  440.114  4.987  -96.578  7.35351E-16  SWARM-A  13.997  4.910
2018-04-20T20:25:30Z  439.922  6.925  -96.613  7.35339E-16  SWARM-A  14.003  6.838
2018-04-20T20:26:00Z  439.772  8.863  -96.647  7.34290E-16  SWARM-A  14.009  8.767
2018-04-20T20:26:30Z  439.662  10.801  -96.681  7.32255E-16  SWARM-A  14.015  10.695
2018-04-20T20:27:00Z  439.592  12.739  -96.713  7.29272E-16  SWARM-A  14.021  12.624
2018-04-20T20:27:30Z  439.562  14.676  -96.744  7.25384E-16  SWARM-A  14.028  14.553
2018-04-20T20:28:00Z  439.569  16.613  -96.773  7.20847E-16  SWARM-A  14.034  16.482
2018-04-20T20:28:30Z  439.613  18.550  -96.800  7.15487E-16  SWARM-A  14.041  18.411
2018-04-20T20:29:00Z  439.693  20.487  -96.825  7.09328E-16  SWARM-A  14.047  20.340
2018-04-20T20:29:30Z  439.808  22.423  -96.848  7.02557E-16  SWARM-A  14.054  22.270
2018-04-20T20:30:00Z  439.956  24.358  -96.867  6.95186E-16  SWARM-A  14.061  24.199
2018-04-20T20:30:30Z  440.134  26.293  -96.883  6.87277E-16  SWARM-A  14.068  26.129
2018-04-20T20:31:00Z  440.342  28.228  -96.896  6.78862E-16  SWARM-A  14.076  28.059
2018-04-20T20:31:30Z  440.578  30.161  -96.904  6.70021E-16  SWARM-A  14.084  29.989
2018-04-20T20:32:00Z  440.839  32.094  -96.908  6.60730E-16  SWARM-A  14.092  31.919
2018-04-20T20:32:30Z  441.123  34.027  -96.907  6.51041E-16  SWARM-A  14.100  33.850
2018-04-20T20:33:00Z  441.429  35.958  -96.899  6.41024E-16  SWARM-A  14.109  35.780
2018-04-20T20:33:30Z  441.753  37.889  -96.885  6.30664E-16  SWARM-A  14.118  37.711
2018-04-20T20:34:00Z  442.093  39.819  -96.864  6.20138E-16  SWARM-A  14.128  39.641
2018-04-20T20:34:30Z  442.448  41.748  -96.834  6.09596E-16  SWARM-A  14.138  41.572
2018-04-20T20:35:00Z  442.814  43.676  -96.795  5.99157E-16  SWARM-A  14.149  43.503
2018-04-20T20:35:30Z  443.189  45.603  -96.745  5.88921E-16  SWARM-A  14.161  45.434
2018-04-20T20:36:00Z  443.570  47.529  -96.682  5.79011E-16  SWARM-A  14.173  47.365
2018-04-20T20:36:30Z  443.955  49.454  -96.605  5.69409E-16  SWARM-A  14.187  49.296
2018-04-20T20:37:00Z  444.342  51.378  -96.512  5.60179E-16  SWARM-A  14.202  51.228
2018-04-20T20:37:30Z  444.728  53.301  -96.399  5.51050E-16  SWARM-A  14.217  53.159
2018-04-20T20:38:00Z  445.110  55.223  -96.264  5.42050E-16  SWARM-A  14.235  55.091
2018-04-20T20:38:30Z  445.486  57.143  -96.103  5.33214E-16  SWARM-A  14.254  57.022
2018-04-20T20:39:00Z  445.855  59.062  -95.911  5.24503E-16  SWARM-A  14.275  58.954
2018-04-20T20:39:30Z  446.213  60.979  -95.681  5.16032E-16  SWARM-A  14.299  60.885
2018-04-20T20:40:00Z  446.559  62.895  -95.405  5.07706E-16  SWARM-A  14.325  62.817
2018-04-20T20:40:30Z  446.890  64.809  -95.074  4.99559E-16  SWARM-A  14.356  64.749
2018-04-20T20:41:00Z  447.204  66.721  -94.673  4.91427E-16  SWARM-A  14.391  66.681
2018-04-20T20:41:30Z  447.500  68.630  -94.183  4.83281E-16  SWARM-A  14.432  68.613
2018-04-20T20:42:00Z  447.776  70.536  -93.580  4.74943E-16  SWARM-A  14.480  70.545
2018-04-20T20:42:30Z  448.029  72.438  -92.825  4.66194E-16  SWARM-A  14.539  72.477
2018-04-20T20:43:00Z  448.260  74.334  -91.864  4.57108E-16  SWARM-A  14.611  74.409
2018-04-20T20:43:30Z  448.465  76.224  -90.614  4.47671E-16  SWARM-A  14.703  76.341
2018-04-20T20:44:00Z  448.644  78.103  -88.937  4.37931E-16  SWARM-A  14.823  78.273
2018-04-20T20:44:30Z  448.795  79.967  -86.599  4.27727E-16  SWARM-A  14.987  80.206
2018-04-20T20:45:00Z  448.919  81.804  -83.163  4.17273E-16  SWARM-A  15.225  82.138
2018-04-20T20:45:30Z  449.013  83.591  -77.723  4.06708E-16  SWARM-A  15.596  84.070
2018-04-20T20:46:00Z  449.078  85.274  -68.189  3.96280E-16  SWARM-A  16.240  86.002
2018-04-20T20:46:30Z  449.113  86.688  -49.398  3.86169E-16  SWARM-A  17.501  87.935
2018-04-20T20:47:00Z  449.117  87.360  -14.091  3.76490E-16  SWARM-A  19.863  89.867
2018-04-20T20:47:30Z  449.092  86.784  22.434  3.66930E-16  SWARM-A  22.306  91.799
2018-04-20T20:48:00Z  449.035  85.408  42.398  3.57772E-16  SWARM-A  23.646  93.732
2018-04-20T20:48:30Z  448.949  83.739  52.451  3.49301E-16  SWARM-A  0.324  95.664
2018-04-20T20:49:00Z  448.834  81.957  58.130  3.41568E-16  SWARM-A  0.711  97.596
2018-04-20T20:49:30Z  448.689  80.123  61.692  3.34609E-16  SWARM-A  0.957  99.528
2018-04-20T20:50:00Z  448.516  78.261  64.101  3.28409E-16  SWARM-A  1.126  101.461
2018-04-20T20:50:30Z  448.316  76.383  65.823  3.22909E-16  SWARM-A  1.249  103.393
2018-04-20T20:51:00Z  448.090  74.494  67.103  3.18065E-16  SWARM-A  1.343  105.325
2018-04-20T20:51:30Z  447.839  72.598  68.085  3.13994E-16  SWARM-A  1.416  107.257
2018-04-20T20:52:00Z  447.564  70.696  68.854  3.10592E-16  SWARM-A  1.476  109.190
2018-04-20T20:52:30Z  447.268  68.790  69.469  3.07732E-16  SWARM-A  1.525  111.122
2018-04-20T20:53:00Z  446.951  66.881  69.967  3.05343E-16  SWARM-A  1.567  113.054
2018-04-20T20:53:30Z  446.616  64.969  70.375  3.03476E-16  SWARM-A  1.602  114.986
2018-04-20T20:54:00Z  446.265  63.056  70.711  3.02086E-16  SWARM-A  1.633  116.918
2018-04-20T20:54:30Z  445.898  61.140  70.991  3.01194E-16  SWARM-A  1.660  118.850
2018-04-20T20:55:00Z  445.520  59.222  71.225  3.00801E-16  SWARM-A  1.684  120.782
2018-04-20T20:55:30Z  445.131  57.303  71.420  3.01059E-16  SWARM-A  1.705  122.714
2018-04-20T20:56:00Z  444.734  55.383  71.584  3.01973E-16  SWARM-A  1.725  124.645
2018-04-20T20:56:30Z  444.332  53.461  71.720  3.03472E-16  SWARM-A  1.742  126.577
2018-04-20T20:57:00Z  443.926  51.538  71.835  3.05228E-16  SWARM-A  1.758  128.509
2018-04-20T20:57:30Z  443.520  49.614  71.930  3.07189E-16  SWARM-A  1.773  130.440
2018-04-20T20:58:00Z  443.116  47.689  72.008  3.09209E-16  SWARM-A  1.786  132.372
2018-04-20T20:58:30Z  442.716  45.762  72.072  3.11156E-16  SWARM-A  1.799  134.303
2018-04-20T20:59:00Z  442.322  43.835  72.123  3.13107E-16  SWARM-A  1.811  136.235
2018-04-20T20:59:30Z  441.939  41.907  72.163  3.15157E-16  SWARM-A  1.822  138.166
2018-04-20T21:00:00Z  441.567  39.977  72.194  3.17768E-16  SWARM-A  1.832  140.097
2018-04-20T21:00:30Z  441.210  38.047  72.216  3.20076E-16  SWARM-A  1.842  142.028
2018-04-20T21:01:00Z  440.869  36.116  72.230  3.22393E-16  SWARM-A  1.851  143.959
2018-04-20T21:01:30Z  440.548  34.185  72.238  3.24636E-16  SWARM-A  1.860  145.890
2018-04-20T21:02:00Z  440.248  32.252  72.240  3.26785E-16  SWARM-A  1.868  147.820
2018-04-20T21:02:30Z  439.972  30.319  72.236  3.28787E-16  SWARM-A  1.876  149.751
2018-04-20T21:03:00Z  439.721  28.385  72.228  3.30604E-16  SWARM-A  1.884  151.681
2018-04-20T21:03:30Z  439.499  26.450  72.216  3.32185E-16  SWARM-A  1.892  153.612
2018-04-20T21:04:00Z  439.307  24.515  72.200  3.33510E-16  SWARM-A  1.899  155.542
2018-04-20T21:04:30Z  439.147  22.579  72.181  3.34589E-16  SWARM-A  1.906  157.472
2018-04-20T21:05:00Z  439.020  20.642  72.159  3.35337E-16  SWARM-A  1.913  159.402
2018-04-20T21:05:30Z  438.929  18.706  72.134  3.35748E-16  SWARM-A  1.920  161.331
2018-04-20T21:06:00Z  438.874  16.769  72.107  3.35745E-16  SWARM-A  1.926  163.261
2018-04-20T21:06:30Z  438.857  14.831  72.078  3.35416E-16  SWARM-A  1.933  165.190
2018-04-20T21:07:00Z  438.880  12.893  72.047  3.34696E-16  SWARM-A  1.939  167.120
2018-04-20T21:07:30Z  438.942  10.955  72.015  3.33596E-16  SWARM-A  1.945  169.049
2018-04-20T21:08:00Z  439.046  9.017  71.982  3.32109E-16  SWARM-A  1.951  170.978
2018-04-20T21:08:30Z  439.190  7.079  71.947  3.30314E-16  SWARM-A  1.957  172.906
2018-04-20T21:09:00Z  439.377  5.140  71.912  3.28146E-16  SWARM-A  1.963  174.835
2018-04-20T21:09:30Z  439.606  3.202  71.877  3.25741E-16  SWARM-A  1.969  176.763
2018-04-20T21:10:00Z  439.877  1.264  71.841  3.23000E-16  SWARM-A  1.975  178.692
2018-04-20T21:10:30Z  440.189  -0.675  71.805  3.20062E-16  SWARM-A  1.981  180.620
2018-04-20T21:11:00Z  440.544  -2.613  71.768  3.16901E-16  SWARM-A  1.987  182.548
2018-04-20T21:11:30Z  440.940  -4.550  71.733  3.13575E-16  SWARM-A  1.993  184.475
2018-04-20T21:12:00Z  441.376  -6.488  71.697  3.10053E-16  SWARM-A  1.999  186.403
2018-04-20T21:12:30Z  441.851  -8.424  71.663  3.06391E-16  SWARM-A  2.005  188.330
2018-04-20T21:13:00Z  442.365  -10.361  71.629  3.02633E-16  SWARM-A  2.011  190.257
2018-04-20T21:13:30Z  442.915  -12.297  71.596  2.98756E-16  SWARM-A  2.017  192.184
2018-04-20T21:14:00Z  443.502  -14.232  71.565  2.94810E-16  SWARM-A  2.023  194.111
2018-04-20T21:14:30Z  444.122  -16.167  71.535  2.90833E-16  SWARM-A  2.030  196.038
2018-04-20T21:15:00Z  444.774  -18.101  71.507  2.86822E-16  SWARM-A  2.036  197.964
2018-04-20T21:15:30Z  445.456  -20.035  71.482  2.82810E-16  SWARM-A  2.043  199.890
2018-04-20T21:16:00Z  446.167  -21.967  71.458  2.78840E-16  SWARM-A  2.050  201.816
2018-04-20T21:16:30Z  446.903  -23.899  71.438  2.74939E-16  SWARM-A  2.057  203.742
2018-04-20T21:17:00Z  447.663  -25.830  71.421  2.71117E-16  SWARM-A  2.064  205.668
2018-04-20T21:17:30Z  448.443  -27.760  71.407  2.67413E-16  SWARM-A  2.071  207.593
2018-04-20T21:18:00Z  449.242  -29.689  71.397  2.63825E-16  SWARM-A  2.079  209.518
2018-04-20T21:18:30Z  450.057  -31.617  71.392  2.60435E-16  SWARM-A  2.087  211.443
2018-04-20T21:19:00Z  450.885  -33.544  71.391  2.57193E-16  SWARM-A  2.095  213.368
2018-04-20T21:19:30Z  451.723  -35.470  71.397  2.54183E-16  SWARM-A  2.104  215.293
2018-04-20T21:20:00Z  452.568  -37.395  71.408  2.51427E-16  SWARM-A  2.113  217.217
2018-04-20T21:20:30Z  453.418  -39.319  71.427  2.48918E-16  SWARM-A  2.123  219.142
2018-04-20T21:21:00Z  454.269  -41.242  71.454  2.46644E-16  SWARM-A  2.133  221.066
2018-04-20T21:21:30Z  455.118  -43.163  71.490  2.44567E-16  SWARM-A  2.143  222.990
2018-04-20T21:22:00Z  455.963  -45.084  71.537  2.42748E-16  SWARM-A  2.155  224.914
2018-04-20T21:22:30Z  456.800  -47.003  71.595  2.41175E-16  SWARM-A  2.167  226.837
2018-04-20T21:23:00Z  457.626  -48.920  71.667  2.39912E-16  SWARM-A  2.180  228.761
2018-04-20T21:23:30Z  458.438  -50.837  71.755  2.38949E-16  SWARM-A  2.194  230.684
2018-04-20T21:24:00Z  459.235  -52.752  71.860  2.38262E-16  SWARM-A  2.210  232.608
2018-04-20T21:24:30Z  460.011  -54.665  71.987  2.37893E-16  SWARM-A  2.227  234.531
2018-04-20T21:25:00Z  460.765  -56.578  72.139  2.37799E-16  SWARM-A  2.245  236.454
2018-04-20T21:25:30Z  461.495  -58.488  72.320  2.38059E-16  SWARM-A  2.265  238.376
2018-04-20T21:26:00Z  462.196  -60.397  72.536  2.38552E-16  SWARM-A  2.288  240.299
2018-04-20T21:26:30Z  462.868  -62.304  72.795  2.39304E-16  SWARM-A  2.314  242.222
2018-04-20T21:27:00Z  463.507  -64.210  73.105  2.40346E-16  SWARM-A  2.343  244.144
2018-04-20T21:27:30Z  464.110  -66.113  73.480  2.41647E-16  SWARM-A  2.376  246.067
2018-04-20T21:28:00Z  464.677  -68.013  73.935  2.43108E-16  SWARM-A  2.415  247.989
2018-04-20T21:28:30Z  465.204  -69.911  74.494  2.44712E-16  SWARM-A  2.460  249.911
2018-04-20T21:29:00Z  465.690  -71.804  75.190  2.46604E-16  SWARM-A  2.515  251.833
2018-04-20T21:29:30Z  466.133  -73.693  76.068  2.48812E-16  SWARM-A  2.582  253.755
2018-04-20T21:30:00Z  466.532  -75.575  77.200  2.51352E-16  SWARM-A  2.666  255.677
2018-04-20T21:30:30Z  466.884  -77.449  78.700  2.54264E-16  SWARM-A  2.774  257.599
2018-04-20T21:31:00Z  467.189  -79.309  80.756  2.57626E-16  SWARM-A  2.919  259.521
2018-04-20T21:31:30Z  467.446  -81.147  83.711  2.61459E-16  SWARM-A  3.125  261.442
2018-04-20T21:32:00Z  467.653  -82.947  88.242  2.65837E-16  SWARM-A  3.435  263.364
2018-04-20T21:32:30Z  467.810  -84.669  95.844  2.70816E-16  SWARM-A  3.950  265.286
2018-04-20T21:33:00Z  467.916  -86.209  110.177  2.76437E-16  SWARM-A  4.914  267.207
2018-04-20T21:33:30Z  467.972  -87.239  138.840  2.82804E-16  SWARM-A  6.833  269.129
2018-04-20T21:34:00Z  467.976  -87.144  178.433  2.89999E-16  SWARM-A  9.481  271.051
2018-04-20T21:34:30Z  467.929  -86.002  -155.493  2.97552E-16  SWARM-A  11.228  272.972
2018-04-20T21:35:00Z  467.831  -84.424  -142.533  3.05349E-16  SWARM-A  12.100  274.894
2018-04-20T21:35:30Z  467.683  -82.685  -135.536  3.13431E-16  SWARM-A  12.575  276.816
2018-04-20T21:36:00Z  467.484  -80.878  -131.302  3.21646E-16  SWARM-A  12.866  278.737
2018-04-20T21:36:30Z  467.237  -79.036  -128.510  3.29953E-16  SWARM-A  13.060  280.659
2018-04-20T21:37:00Z  466.941  -77.174  -126.552  3.38281E-16  SWARM-A  13.199  282.581
2018-04-20T21:37:30Z  466.598  -75.299  -125.116  3.46663E-16  SWARM-A  13.303  284.502
2018-04-20T21:38:00Z  466.209  -73.416  -124.027  3.55316E-16  SWARM-A  13.384  286.424
2018-04-20T21:38:30Z  465.775  -71.526  -123.179  3.64382E-16  SWARM-A  13.449  288.346
2018-04-20T21:39:00Z  465.299  -69.632  -122.507  3.74078E-16  SWARM-A  13.502  290.268
2018-04-20T21:39:30Z  464.782  -67.735  -121.965  3.84141E-16  SWARM-A  13.546  292.190
2018-04-20T21:40:00Z  464.226  -65.834  -121.522  3.94812E-16  SWARM-A  13.584  294.112
2018-04-20T21:40:30Z  463.633  -63.931  -121.158  4.06066E-16  SWARM-A  13.617  296.035
2018-04-20T21:41:00Z  463.005  -62.025  -120.856  4.17841E-16  SWARM-A  13.645  297.957
2018-04-20T21:41:30Z  462.345  -60.118  -120.604  4.30003E-16  SWARM-A  13.671  299.879
2018-04-20T21:42:00Z  461.655  -58.209  -120.393  4.42445E-16  SWARM-A  13.693  301.802
2018-04-20T21:42:30Z  460.937  -56.298  -120.217  4.55099E-16  SWARM-A  13.713  303.725
2018-04-20T21:43:00Z  460.194  -54.386  -120.069  4.67966E-16  SWARM-A  13.731  305.647
2018-04-20T21:43:30Z  459.430  -52.472  -119.946  4.80910E-16  SWARM-A  13.748  307.570
2018-04-20T21:44:00Z  458.646  -50.557  -119.843  4.93944E-16  SWARM-A  13.763  309.493
2018-04-20T21:44:30Z  457.845  -48.641  -119.758  5.06974E-16  SWARM-A  13.777  311.417
2018-04-20T21:45:00Z  457.032  -46.723  -119.688  5.19915E-16  SWARM-A  13.790  313.340
2018-04-20T21:45:30Z  456.207  -44.804  -119.631  5.32640E-16  SWARM-A  13.802  315.263
2018-04-20T21:46:00Z  455.375  -42.884  -119.586  5.45325E-16  SWARM-A  13.813  317.187
2018-04-20T21:46:30Z  454.539  -40.962  -119.552  5.57905E-16  SWARM-A  13.824  319.111
2018-04-20T21:47:00Z  453.701  -39.040  -119.526  5.70403E-16  SWARM-A  13.834  321.035
2018-04-20T21:47:30Z  452.864  -37.116  -119.508  5.82883E-16  SWARM-A  13.844  322.959
2018-04-20T21:48:00Z  452.032  -35.191  -119.498  5.95272E-16  SWARM-A  13.853  324.883
2018-04-20T21:48:30Z  451.207  -33.265  -119.493  6.07657E-16  SWARM-A  13.861  326.808
2018-04-20T21:49:00Z  450.392  -31.338  -119.494  6.20028E-16  SWARM-A  13.869  328.732
2018-04-20T21:49:30Z  449.590  -29.410  -119.500  6.32380E-16  SWARM-A  13.877  330.657
2018-04-20T21:50:00Z  448.804  -27.481  -119.511  6.44683E-16  SWARM-A  13.885  332.582
2018-04-20T21:50:30Z  448.036  -25.551  -119.525  6.56933E-16  SWARM-A  13.892  334.508
2018-04-20T21:51:00Z  447.289  -23.621  -119.543  6.69098E-16  SWARM-A  13.900  336.433
2018-04-20T21:51:30Z  446.566  -21.689  -119.564  6.81100E-16  SWARM-A  13.907  338.358
2018-04-20T21:52:00Z  445.867  -19.757  -119.588  6.92866E-16  SWARM-A  13.913  340.284
2018-04-20T21:52:30Z  445.197  -17.823  -119.614  7.04362E-16  SWARM-A  13.920  342.210
2018-04-20T21:53:00Z  444.556  -15.889  -119.642  7.15450E-16  SWARM-A  13.926  344.136
2018-04-20T21:53:30Z  443.947  -13.955  -119.672  7.26081E-16  SWARM-A  13.933  346.063
2018-04-20T21:54:00Z  443.372  -12.020  -119.703  7.36108E-16  SWARM-A  13.939  347.989
2018-04-20T21:54:30Z  442.831  -10.084  -119.736  7.45388E-16  SWARM-A  13.945  349.916
2018-04-20T21:55:00Z  442.327  -8.147  -119.770  7.53830E-16  SWARM-A  13.951  351.843
2018-04-20T21:55:30Z  441.861  -6.211  -119.805  7.61363E-16  SWARM-A  13.957  353.770
2018-04-20T21:56:00Z  441.434  -4.274  -119.840  7.67894E-16  SWARM-A  13.963  355.697
2018-04-20T21:56:30Z  441.046  -2.336  -119.876  7.73389E-16  SWARM-A  13.969  357.624
2018-04-20T21:57:00Z  440.698  -0.399  -119.912  7.77812E-16  SWARM-A  13.975  359.552
2018-04-20T21:57:30Z  440.392  1.539  -119.949  7.81132E-16  SWARM-A  13.981  1.480
2018-04-20T21:58:00Z  440.126  3.477  -119.985  7.83363E-16  SWARM-A  13.987  3.408
2018-04-20T21:58:30Z  439.902  5.415  -120.020  7.84486E-16  SWARM-A  13.993  5.336
2018-04-20T21:59:00Z  439.719  7.353  -120.055  7.84626E-16  SWARM-A  13.999  7.264
2018-04-20T21:59:30Z  439.577  9.291  -120.089  7.83793E-16  SWARM-A  14.005  9.193
2018-04-20T22:00:00Z  439.476  11.229  -120.123  7.82057E-16  SWARM-A  14.011  11.121
2018-04-20T22:00:30Z  439.415  13.167  -120.155  7.79430E-16  SWARM-A  14.017  13.050
2018-04-20T22:01:00Z  439.393  15.104  -120.185  7.75953E-16  SWARM-A  14.023  14.979
2018-04-20T22:01:30Z  439.410  17.042  -120.214  7.71691E-16  SWARM-A  14.030  16.908
2018-04-20T22:02:00Z  439.463  18.979  -120.241  7.66700E-16  SWARM-A  14.036  18.838
2018-04-20T22:02:30Z  439.553  20.915  -120.265  7.60907E-16  SWARM-A  14.043  20.767
2018-04-20T22:03:00Z  439.676  22.851  -120.287  7.54428E-16  SWARM-A  14.050  22.697
2018-04-20T22:03:30Z  439.833  24.786  -120.306  7.47223E-16  SWARM-A  14.057  24.626
2018-04-20T22:04:00Z  440.021  26.721  -120.321  7.39303E-16  SWARM-A  14.064  26.556
2018-04-20T22:04:30Z  440.238  28.656  -120.333  7.30683E-16  SWARM-A  14.072  28.486
2018-04-20T22:05:00Z  440.482  30.589  -120.341  7.21349E-16  SWARM-A  14.080  30.416
2018-04-20T22:05:30Z  440.752  32.522  -120.343  7.11349E-16  SWARM-A  14.088  32.347
2018-04-20T22:06:00Z  441.044  34.454  -120.341  7.00714E-16  SWARM-A  14.096  34.277
2018-04-20T22:06:30Z  441.357  36.386  -120.332  6.89526E-16  SWARM-A  14.105  36.208
2018-04-20T22:07:00Z  441.689  38.317  -120.317  6.77734E-16  SWARM-A  14.115  38.138
2018-04-20T22:07:30Z  442.036  40.246  -120.294  6.65545E-16  SWARM-A  14.125  40.069
2018-04-20T22:08:00Z  442.397  42.175  -120.262  6.52934E-16  SWARM-A  14.135  42.000
2018-04-20T22:08:30Z  442.769  44.103  -120.220  6.40067E-16  SWARM-A  14.146  43.931
2018-04-20T22:09:00Z  443.149  46.030  -120.167  6.26997E-16  SWARM-A  14.158  45.862
2018-04-20T22:09:30Z  443.536  47.956  -120.102  6.13560E-16  SWARM-A  14.171  47.793
2018-04-20T22:10:00Z  443.926  49.881  -120.022  6.00231E-16  SWARM-A  14.184  49.725
2018-04-20T22:10:30Z  444.317  51.805  -119.924  5.87075E-16  SWARM-A  14.199  51.656
2018-04-20T22:11:00Z  444.706  53.727  -119.807  5.74197E-16  SWARM-A  14.215  53.588
2018-04-20T22:11:30Z  445.092  55.649  -119.667  5.61743E-16  SWARM-A  14.233  55.519
2018-04-20T22:12:00Z  445.471  57.569  -119.499  5.49894E-16  SWARM-A  14.253  57.451
2018-04-20T22:12:30Z  445.842  59.488  -119.299  5.38594E-16  SWARM-A  14.274  59.382
2018-04-20T22:13:00Z  446.201  61.405  -119.060  5.28058E-16  SWARM-A  14.299  61.314
2018-04-20T22:13:30Z  446.548  63.320  -118.773  5.18021E-16  SWARM-A  14.326  63.246
2018-04-20T22:14:00Z  446.880  65.234  -118.428  5.08080E-16  SWARM-A  14.357  65.178
2018-04-20T22:14:30Z  447.194  67.145  -118.009  4.98665E-16  SWARM-A  14.394  67.110
2018-04-20T22:15:00Z  447.490  69.053  -117.497  4.89509E-16  SWARM-A  14.436  69.042
2018-04-20T22:15:30Z  447.764  70.959  -116.864  4.80577E-16  SWARM-A  14.487  70.974
2018-04-20T22:16:00Z  448.017  72.860  -116.069  4.71634E-16  SWARM-A  14.548  72.906
2018-04-20T22:16:30Z  448.245  74.755  -115.053  4.62673E-16  SWARM-A  14.624  74.838
2018-04-20T22:17:00Z  448.449  76.643  -113.723  4.53578E-16  SWARM-A  14.721  76.770
2018-04-20T22:17:30Z  448.626  78.519  -111.925  4.44638E-16  SWARM-A  14.849  78.703
2018-04-20T22:18:00Z  448.776  80.378  -109.393  4.35720E-16  SWARM-A  15.026  80.635
2018-04-20T22:18:30Z  448.897  82.207  -105.615  4.26597E-16  SWARM-A  15.287  82.567
2018-04-20T22:19:00Z  448.989  83.978  -99.516  4.17301E-16  SWARM-A  15.701  84.499
2018-04-20T22:19:30Z  449.052  85.622  -88.537  4.07963E-16  SWARM-A  16.442  86.432
2018-04-20T22:20:00Z  449.084  86.928  -66.513  3.98717E-16  SWARM-A  17.918  88.364
2018-04-20T22:20:30Z  449.086  87.339  -28.326  3.89519E-16  SWARM-A  20.472  90.296
2018-04-20T22:21:00Z  449.058  86.523  4.766  3.80071E-16  SWARM-A  22.687  92.229
2018-04-20T22:21:30Z  449.000  85.053  21.793  3.70170E-16  SWARM-A  23.830  94.161
2018-04-20T22:22:00Z  448.911  83.350  30.553  3.60544E-16  SWARM-A  0.423  96.093
2018-04-20T22:22:30Z  448.793  81.553  35.631  3.51323E-16  SWARM-A  0.770  98.025
2018-04-20T22:23:00Z  448.647  79.712  38.877  3.42489E-16  SWARM-A  0.994  99.958
2018-04-20T22:23:30Z  448.472  77.845  41.103  3.34099E-16  SWARM-A  1.151  101.890
2018-04-20T22:24:00Z  448.270  75.964  42.709  3.26208E-16  SWARM-A  1.266  103.822
2018-04-20T22:24:30Z  448.042  74.073  43.913  3.18812E-16  SWARM-A  1.355  105.755
2018-04-20T22:25:00Z  447.790  72.176  44.840  3.11899E-16  SWARM-A  1.425  107.687
2018-04-20T22:25:30Z  447.515  70.273  45.571  3.05428E-16  SWARM-A  1.482  109.619
2018-04-20T22:26:00Z  447.218  68.366  46.157  2.99474E-16  SWARM-A  1.530  111.551
2018-04-20T22:26:30Z  446.901  66.457  46.633  2.94065E-16  SWARM-A  1.570  113.483
2018-04-20T22:27:00Z  446.566  64.544  47.023  2.89186E-16  SWARM-A  1.604  115.415
2018-04-20T22:27:30Z  446.214  62.630  47.346  2.84771E-16  SWARM-A  1.634  117.347
2018-04-20T22:28:00Z  445.848  60.714  47.614  2.80774E-16  SWARM-A  1.660  119.279
2018-04-20T22:28:30Z  445.471  58.796  47.838  2.77271E-16  SWARM-A  1.683  121.211
2018-04-20T22:29:00Z  445.083  56.877  48.026  2.74186E-16  SWARM-A  1.704  123.143
2018-04-20T22:29:30Z  444.688  54.956  48.183  2.71523E-16  SWARM-A  1.723  125.075
2018-04-20T22:30:00Z  444.288  53.034  48.315  2.69302E-16  SWARM-A  1.740  127.006
2018-04-20T22:30:30Z  443.885  51.111  48.424  2.67319E-16  SWARM-A  1.756  128.938
2018-04-20T22:31:00Z  443.482  49.186  48.515  2.65764E-16  SWARM-A  1.770  130.869
2018-04-20T22:31:30Z  443.081  47.261  48.590  2.64640E-16  SWARM-A  1.784  132.801
2018-04-20T22:32:00Z  442.684  45.334  48.651  2.63961E-16  SWARM-A  1.796  134.732
2018-04-20T22:32:30Z  442.296  43.407  48.699  2.63662E-16  SWARM-A  1.808  136.663
2018-04-20T22:33:00Z  441.917  41.478  48.737  2.63746E-16  SWARM-A  1.818  138.595
2018-04-20T22:33:30Z  441.550  39.549  48.766  2.64146E-16  SWARM-A  1.829  140.526
2018-04-20T22:34:00Z  441.198  37.619  48.786  2.64884E-16  SWARM-A  1.838  142.457
2018-04-20T22:34:30Z  440.863  35.688  48.799  2.65923E-16  SWARM-A  1.847  144.387
2018-04-20T22:35:00Z  440.548  33.756  48.805  2.67262E-16  SWARM-A  1.856  146.318
2018-04-20T22:35:30Z  440.254  31.823  48.806  2.68855E-16  SWARM-A  1.865  148.249
2018-04-20T22:36:00Z  439.985  29.889  48.801  2.70671E-16  SWARM-A  1.873  150.179
2018-04-20T22:36:30Z  439.742  27.955  48.792  2.72700E-16  SWARM-A  1.880  152.110
2018-04-20T22:37:00Z  439.527  26.020  48.779  2.74848E-16  SWARM-A  1.888  154.040
2018-04-20T22:37:30Z  439.343  24.085  48.762  2.77138E-16  SWARM-A  1.895  155.970
2018-04-20T22:38:00Z  439.191  22.149  48.742  2.79503E-16  SWARM-A  1.902  157.900
2018-04-20T22:38:30Z  439.072  20.213  48.719  2.81914E-16  SWARM-A  1.909  159.830
2018-04-20T22:39:00Z  438.989  18.276  48.694  2.84347E-16  SWARM-A  1.916  161.759
2018-04-20T22:39:30Z  438.943  16.339  48.667  2.86771E-16  SWARM-A  1.922  163.689
2018-04-20T22:40:00Z  438.935  14.401  48.637  2.89141E-16  SWARM-A  1.928  165.618
2018-04-20T22:40:30Z  438.966  12.463  48.606  2.91451E-16  SWARM-A  1.935  167.547
2018-04-20T22:41:00Z  439.036  10.525  48.573  2.93665E-16  SWARM-A  1.941  169.476
2018-04-20T22:41:30Z  439.148  8.587  48.540  2.95789E-16  SWARM-A  1.947  171.405
2018-04-20T22:42:00Z  439.300  6.649  48.505  2.97785E-16  SWARM-A  1.953  173.334
2018-04-20T22:42:30Z  439.495  4.710  48.470  2.99660E-16  SWARM-A  1.959  175.263
2018-04-20T22:43:00Z  439.731  2.772  48.434  3.01396E-16  SWARM-A  1.965  177.191
2018-04-20T22:43:30Z  440.009  0.834  48.398  3.02993E-16  SWARM-A  1.971  179.119
2018-04-20T22:44:00Z  440.329  -1.104  48.362  3.04456E-16  SWARM-A  1.977  181.047
2018-04-20T22:44:30Z  440.690  -3.042  48.326  3.05706E-16  SWARM-A  1.983  182.975
2018-04-20T22:45:00Z  441.092  -4.980  48.290  3.06813E-16  SWARM-A  1.989  184.902
2018-04-20T22:45:30Z  441.534  -6.917  48.255  3.07713E-16  SWARM-A  1.995  186.830
2018-04-20T22:46:00Z  442.015  -8.854  48.220  3.08406E-16  SWARM-A  2.001  188.757
2018-04-20T22:46:30Z  442.534  -10.790  48.187  3.08960E-16  SWARM-A  2.007  190.684
2018-04-20T22:47:00Z  443.090  -12.726  48.154  3.09322E-16  SWARM-A  2.013  192.611
2018-04-20T22:47:30Z  443.680  -14.661  48.123  3.09495E-16  SWARM-A  2.019  194.538
2018-04-20T22:48:00Z  444.304  -16.596  48.094  3.09476E-16  SWARM-A  2.026  196.464
2018-04-20T22:48:30Z  444.960  -18.530  48.066  3.09288E-16  SWARM-A  2.032  198.391
2018-04-20T22:49:00Z  445.645  -20.463  48.041  3.08911E-16  SWARM-A  2.039  200.317
2018-04-20T22:49:30Z  446.357  -22.396  48.018  3.08406E-16  SWARM-A  2.045  202.243
2018-04-20T22:50:00Z  447.095  -24.327  47.999  3.07742E-16  SWARM-A  2.053  204.169
2018-04-20T22:50:30Z  447.856  -26.258  47.982  3.06948E-16  SWARM-A  2.060  206.094
2018-04-20T22:51:00Z  448.637  -28.188  47.969  3.06059E-16  SWARM-A  2.067  208.020
2018-04-20T22:51:30Z  449.436  -30.117  47.960  3.05062E-16  SWARM-A  2.075  209.945
2018-04-20T22:52:00Z  450.250  -32.044  47.956  3.04026E-16  SWARM-A  2.083  211.870
2018-04-20T22:52:30Z  451.076  -33.971  47.956  3.02964E-16  SWARM-A  2.091  213.795
2018-04-20T22:53:00Z  451.912  -35.897  47.963  3.01846E-16  SWARM-A  2.100  215.719
2018-04-20T22:53:30Z  452.755  -37.822  47.976  3.00793E-16  SWARM-A  2.109  217.644
2018-04-20T22:54:00Z  453.601  -39.745  47.997  2.99778E-16  SWARM-A  2.119  219.568
2018-04-20T22:54:30Z  454.448  -41.668  48.025  2.98852E-16  SWARM-A  2.129  221.492
2018-04-20T22:55:00Z  455.292  -43.589  48.064  2.98015E-16  SWARM-A  2.140  223.416
2018-04-20T22:55:30Z  456.131  -45.509  48.112  2.97295E-16  SWARM-A  2.152  225.340
2018-04-20T22:56:00Z  456.962  -47.428  48.174  2.96646E-16  SWARM-A  2.164  227.264
2018-04-20T22:56:30Z  457.781  -49.345  48.249  2.96044E-16  SWARM-A  2.178  229.187
2018-04-20T22:57:00Z  458.586  -51.261  48.340  2.95574E-16  SWARM-A  2.192  231.111
2018-04-20T22:57:30Z  459.374  -53.176  48.450  2.95329E-16  SWARM-A  2.208  233.034
2018-04-20T22:58:00Z  460.141  -55.089  48.582  2.95336E-16  SWARM-A  2.225  234.957
2018-04-20T22:58:30Z  460.886  -57.001  48.740  2.95629E-16  SWARM-A  2.244  236.880
2018-04-20T22:59:00Z  461.605  -58.912  48.928  2.96233E-16  SWARM-A  2.264  238.803
2018-04-20T22:59:30Z  462.297  -60.820  49.152  2.97174E-16  SWARM-A  2.288  240.725
2018-04-20T23:00:00Z  462.957  -62.727  49.422  2.98110E-16  SWARM-A  2.314  242.648
2018-04-20T23:00:30Z  463.584  -64.632  49.745  2.99251E-16  SWARM-A  2.344  244.570
2018-04-20T23:01:00Z  464.176  -66.534  50.136  3.00675E-16  SWARM-A  2.378  246.493
2018-04-20T23:01:30Z  464.730  -68.434  50.612  3.02471E-16  SWARM-A  2.418  248.415
2018-04-20T23:02:00Z  465.245  -70.331  51.197  3.04538E-16  SWARM-A  2.466  250.337
2018-04-20T23:02:30Z  465.717  -72.224  51.928  3.06906E-16  SWARM-A  2.523  252.259
2018-04-20T23:03:00Z  466.147  -74.111  52.855  3.09563E-16  SWARM-A  2.593  254.181
2018-04-20T23:03:30Z  466.532  -75.992  54.056  3.12831E-16  SWARM-A  2.681  256.103
2018-04-20T23:04:00Z  466.870  -77.863  55.659  3.16376E-16  SWARM-A  2.797  258.025
2018-04-20T23:04:30Z  467.161  -79.719  57.876  3.20268E-16  SWARM-A  2.953  259.947
2018-04-20T23:05:00Z  467.403  -81.551  61.104  3.24509E-16  SWARM-A  3.176  261.869
2018-04-20T23:05:30Z  467.595  -83.338  66.140  3.29149E-16  SWARM-A  3.520  263.790
2018-04-20T23:06:00Z  467.738  -85.034  74.796  3.34280E-16  SWARM-A  4.106  265.712
2018-04-20T23:06:30Z  467.830  -86.501  91.542  3.39604E-16  SWARM-A  5.230  267.634
2018-04-20T23:07:00Z  467.870  -87.334  124.114  3.45511E-16  SWARM-A  7.410  269.556
2018-04-20T23:07:30Z  467.860  -86.957  162.377  3.52051E-16  SWARM-A  9.969  271.477
2018-04-20T23:08:00Z  467.799  -85.675  -175.229  3.58830E-16  SWARM-A  11.471  273.399
2018-04-20T23:08:30Z  467.687  -84.047  -164.048  3.65949E-16  SWARM-A  12.224  275.321
2018-04-20T23:09:00Z  467.524  -82.289  -157.847  3.73429E-16  SWARM-A  12.646  277.242
2018-04-20T23:09:30Z  467.312  -80.472  -154.014  3.81202E-16  SWARM-A  12.910  279.164
2018-04-20T23:10:00Z  467.051  -78.624  -151.446  3.88970E-16  SWARM-A  13.090  281.086
2018-04-20T23:10:30Z  466.742  -76.759  -149.626  3.96823E-16  SWARM-A  13.219  283.008
2018-04-20T23:11:00Z  466.387  -74.882  -148.279  4.04635E-16  SWARM-A  13.317  284.930
2018-04-20T23:11:30Z  465.986  -72.997  -147.252  4.12197E-16  SWARM-A  13.394  286.852
2018-04-20T23:12:00Z  465.541  -71.106  -146.448  4.19572E-16  SWARM-A  13.456  288.774
2018-04-20T23:12:30Z  465.054  -69.211  -145.808  4.26771E-16  SWARM-A  13.507  290.696
2018-04-20T23:13:00Z  464.527  -67.312  -145.291  4.34142E-16  SWARM-A  13.550  292.618
2018-04-20T23:13:30Z  463.961  -65.411  -144.868  4.41822E-16  SWARM-A  13.586  294.540
2018-04-20T23:14:00Z  463.359  -63.507  -144.519  4.50048E-16  SWARM-A  13.618  296.462
2018-04-20T23:14:30Z  462.723  -61.601  -144.229  4.58832E-16  SWARM-A  13.646  298.385
2018-04-20T23:15:00Z  462.055  -59.693  -143.987  4.68121E-16  SWARM-A  13.670  300.307
2018-04-20T23:15:30Z  461.358  -57.784  -143.785  4.77736E-16  SWARM-A  13.692  302.230
2018-04-20T23:16:00Z  460.634  -55.872  -143.615  4.87597E-16  SWARM-A  13.712  304.153
2018-04-20T23:16:30Z  459.886  -53.960  -143.473  4.97466E-16  SWARM-A  13.729  306.076
2018-04-20T23:17:00Z  459.116  -52.046  -143.355  5.06938E-16  SWARM-A  13.746  307.999
2018-04-20T23:17:30Z  458.328  -50.130  -143.256  5.16354E-16  SWARM-A  13.761  309.922
2018-04-20T23:18:00Z  457.525  -48.214  -143.175  5.25816E-16  SWARM-A  13.774  311.845
2018-04-20T23:18:30Z  456.709  -46.295  -143.108  5.35231E-16  SWARM-A  13.787  313.769
2018-04-20T23:19:00Z  455.883  -44.376  -143.054  5.44597E-16  SWARM-A  13.799  315.692
2018-04-20T23:19:30Z  455.050  -42.456  -143.012  5.53973E-16  SWARM-A  13.810  317.616
2018-04-20T23:20:00Z  454.214  -40.534  -142.979  5.63345E-16  SWARM-A  13.821  319.540
2018-04-20T23:20:30Z  453.377  -38.611  -142.956  5.72789E-16  SWARM-A  13.831  321.464
2018-04-20T23:21:00Z  452.542  -36.687  -142.940  5.82298E-16  SWARM-A  13.840  323.388
2018-04-20T23:21:30Z  451.712  -34.762  -142.930  5.91867E-16  SWARM-A  13.849  325.313
2018-04-20T23:22:00Z  450.891  -32.835  -142.927  6.01524E-16  SWARM-A  13.858  327.237
2018-04-20T23:22:30Z  450.080  -30.908  -142.930  6.11281E-16  SWARM-A  13.866  329.162
2018-04-20T23:23:00Z  449.283  -28.980  -142.937  6.21086E-16  SWARM-A  13.874  331.087
2018-04-20T23:23:30Z  448.502  -27.051  -142.948  6.30957E-16  SWARM-A  13.881  333.012
2018-04-20T23:24:00Z  447.741  -25.121  -142.963  6.40798E-16  SWARM-A  13.888  334.937
2018-04-20T23:24:30Z  447.001  -23.189  -142.982  6.50561E-16  SWARM-A  13.896  336.863
2018-04-20T23:25:00Z  446.285  -21.258  -143.004  6.60194E-16  SWARM-A  13.902  338.788
2018-04-20T23:25:30Z  445.595  -19.325  -143.028  6.69561E-16  SWARM-A  13.909  340.714
2018-04-20T23:26:00Z  444.934  -17.391  -143.055  6.78611E-16  SWARM-A  13.916  342.640
2018-04-20T23:26:30Z  444.302  -15.457  -143.083  6.87161E-16  SWARM-A  13.922  344.567
2018-04-20T23:27:00Z  443.704  -13.522  -143.114  6.95139E-16  SWARM-A  13.928  346.493
2018-04-20T23:27:30Z  443.139  -11.587  -143.145  7.02389E-16  SWARM-A  13.935  348.420
2018-04-20T23:28:00Z  442.609  -9.651  -143.179  7.08817E-16  SWARM-A  13.941  350.346
2018-04-20T23:28:30Z  442.117  -7.715  -143.213  7.14378E-16  SWARM-A  13.947  352.273
2018-04-20T23:29:00Z  441.662  -5.778  -143.248  7.18999E-16  SWARM-A  13.953  354.201
2018-04-20T23:29:30Z  441.247  -3.840  -143.283  7.22665E-16  SWARM-A  13.959  356.128
2018-04-20T23:30:00Z  440.871  -1.903  -143.319  7.25377E-16  SWARM-A  13.965  358.055
2018-04-20T23:30:30Z  440.536  0.035  -143.356  7.27099E-16  SWARM-A  13.971  359.983
2018-04-20T23:31:00Z  440.242  1.973  -143.392  7.27907E-16  SWARM-A  13.977  1.911
2018-04-20T23:31:30Z  439.989  3.911  -143.428  7.27864E-16  SWARM-A  13.983  3.839
2018-04-20T23:32:00Z  439.777  5.849  -143.463  7.27023E-16  SWARM-A  13.988  5.767
2018-04-20T23:32:30Z  439.607  7.787  -143.498  7.25443E-16  SWARM-A  13.994  7.696
2018-04-20T23:33:00Z  439.477  9.725  -143.532  7.23241E-16  SWARM-A  14.001  9.624
2018-04-20T23:33:30Z  439.388  11.663  -143.565  7.20510E-16  SWARM-A  14.007  11.553
2018-04-20T23:34:00Z  439.339  13.601  -143.597  7.17319E-16  SWARM-A  14.013  13.482
2018-04-20T23:34:30Z  439.328  15.538  -143.627  7.13712E-16  SWARM-A  14.019  15.411
2018-04-20T23:35:00Z  439.356  17.475  -143.656  7.09777E-16  SWARM-A  14.026  17.340
2018-04-20T23:35:30Z  439.421  19.412  -143.682  7.05522E-16  SWARM-A  14.032  19.270
2018-04-20T23:36:00Z  439.521  21.349  -143.706  7.01081E-16  SWARM-A  14.039  21.199
2018-04-20T23:36:30Z  439.655  23.284  -143.727  6.96389E-16  SWARM-A  14.046  23.129
2018-04-20T23:37:00Z  439.821  25.220  -143.746  6.91576E-16  SWARM-A  14.053  25.059
2018-04-20T23:37:30Z  440.018  27.155  -143.760  6.86591E-16  SWARM-A  14.060  26.989
2018-04-20T23:38:00Z  440.244  29.089  -143.771  6.81491E-16  SWARM-A  14.068  28.919
2018-04-20T23:38:30Z  440.496  31.022  -143.778  6.76261E-16  SWARM-A  14.076  30.849
2018-04-20T23:39:00Z  440.774  32.955  -143.779  6.70423E-16  SWARM-A  14.084  32.779
2018-04-20T23:39:30Z  441.073  34.887  -143.776  6.63996E-16  SWARM-A  14.093  34.710
2018-04-20T23:40:00Z  441.393  36.819  -143.766  6.57471E-16  SWARM-A  14.102  36.640
2018-04-20T23:40:30Z  441.731  38.749  -143.749  6.50879E-16  SWARM-A  14.111  38.571
2018-04-20T23:41:00Z  442.084  40.679  -143.724  6.44238E-16  SWARM-A  14.121  40.502
2018-04-20T23:41:30Z  442.451  42.607  -143.690  6.37582E-16  SWARM-A  14.132  42.433
2018-04-20T23:42:00Z  442.827  44.535  -143.646  6.31054E-16  SWARM-A  14.143  44.364
2018-04-20T23:42:30Z  443.212  46.462  -143.591  6.24666E-16  SWARM-A  14.155  46.295
2018-04-20T23:43:00Z  443.602  48.388  -143.522  6.18345E-16  SWARM-A  14.168  48.226
2018-04-20T23:43:30Z  443.996  50.312  -143.439  6.12190E-16  SWARM-A  14.182  50.157
2018-04-20T23:44:00Z  444.389  52.236  -143.337  6.06170E-16  SWARM-A  14.197  52.089
2018-04-20T23:44:30Z  444.781  54.158  -143.215  6.00041E-16  SWARM-A  14.213  54.020
2018-04-20T23:45:00Z  445.168  56.079  -143.070  5.93813E-16  SWARM-A  14.231  55.952
2018-04-20T23:45:30Z  445.548  57.999  -142.895  5.87824E-16  SWARM-A  14.251  57.884
2018-04-20T23:46:00Z  445.918  59.918  -142.687  5.82176E-16  SWARM-A  14.274  59.815
2018-04-20T23:46:30Z  446.278  61.834  -142.439  5.76862E-16  SWARM-A  14.298  61.747
2018-04-20T23:47:00Z  446.623  63.749  -142.140  5.71181E-16  SWARM-A  14.327  63.679
2018-04-20T23:47:30Z  446.953  65.662  -141.780  5.65590E-16  SWARM-A  14.359  65.611
2018-04-20T23:48:00Z  447.265  67.573  -141.343  5.60498E-16  SWARM-A  14.397  67.543
2018-04-20T23:48:30Z  447.558  69.481  -140.807  5.55675E-16  SWARM-A  14.441  69.475
2018-04-20T23:49:00Z  447.829  71.385  -140.142  5.51021E-16  SWARM-A  14.493  71.407
2018-04-20T23:49:30Z  448.078  73.285  -139.305  5.47227E-16  SWARM-A  14.557  73.339
2018-04-20T23:50:00Z  448.302  75.179  -138.229  5.43091E-16  SWARM-A  14.637  75.271
2018-04-20T23:50:30Z  448.501  77.065  -136.811  5.38454E-16  SWARM-A  14.740  77.203
2018-04-20T23:51:00Z  448.673  78.938  -134.879  5.33247E-16  SWARM-A  14.877  79.135
2018-04-20T23:51:30Z  448.818  80.792  -132.127  5.26706E-16  SWARM-A  15.069  81.068
2018-04-20T23:52:00Z  448.934  82.611  -127.957  5.18855E-16  SWARM-A  15.356  83.000
2018-04-20T23:52:30Z  449.020  84.362  -121.075  5.10478E-16  SWARM-A  15.823  84.932
2018-04-20T23:53:00Z  449.077  85.958  -108.339  5.01617E-16  SWARM-A  16.680  86.864
2018-04-20T23:53:30Z  449.104  87.126  -82.606  4.92510E-16  SWARM-A  18.404  88.797
2018-04-20T23:54:00Z  449.100  87.252  -42.850  4.82511E-16  SWARM-A  21.063  90.729
2018-04-20T23:54:30Z  449.066  86.230  -13.706  4.71831E-16  SWARM-A  23.014  92.661
2018-04-20T23:55:00Z  449.002  84.685  0.828  4.60960E-16  SWARM-A  23.991  94.594
2018-04-20T23:55:30Z  448.907  82.954  8.499  4.50144E-16  SWARM-A  0.511  96.526
2018-04-20T23:56:00Z  448.784  81.144  13.056  4.39510E-16  SWARM-A  0.823  98.458
2018-04-20T23:56:30Z  448.631  79.296  16.021  4.29185E-16  SWARM-A  1.029  100.391
2018-04-20T23:57:00Z  448.451  77.425  18.081  4.19118E-16  SWARM-A  1.175  102.323
2018-04-20T23:57:30Z  448.243  75.542  19.581  4.09472E-16  SWARM-A  1.283  104.255
2018-04-20T23:58:00Z  448.010  73.649  20.713  4.00245E-16  SWARM-A  1.367  106.187
2018-04-20T23:58:30Z  447.753  71.750  21.590  3.91433E-16  SWARM-A  1.434  108.119
2018-04-20T23:59:00Z  447.472  69.846  22.284  3.82533E-16  SWARM-A  1.488  110.052
2018-04-20T23:59:30Z  447.170  67.939  22.842  3.74352E-16  SWARM-A  1.534  111.984
2018-04-21T00:00:00Z  446.849  66.029  23.296  3.67607E-16  SWARM-A  1.573  113.916
2018-04-21T00:00:30Z  446.510  64.116  23.670  3.60848E-16  SWARM-A  1.606  115.848
2018-04-21T00:01:00Z  446.154  62.201  23.979  3.54526E-16  SWARM-A  1.635  117.780
2018-04-21T00:01:30Z  445.786  60.285  24.237  3.48695E-16  SWARM-A  1.660  119.712
2018-04-21T00:02:00Z  445.405  58.367  24.452  3.43226E-16  SWARM-A  1.683  121.644
2018-04-21T00:02:30Z  445.015  56.447  24.632  3.37990E-16  SWARM-A  1.703  123.575
2018-04-21T00:03:00Z  444.618  54.526  24.783  3.32933E-16  SWARM-A  1.722  125.507
2018-04-21T00:03:30Z  444.217  52.604  24.909  3.28013E-16  SWARM-A  1.738  127.439
2018-04-21T00:04:00Z  443.813  50.680  25.014  3.23149E-16  SWARM-A  1.754  129.370
2018-04-21T00:04:30Z  443.409  48.755  25.101  3.18422E-16  SWARM-A  1.768  131.302
2018-04-21T00:05:00Z  443.008  46.830  25.172  3.13885E-16  SWARM-A  1.781  133.233
2018-04-21T00:05:30Z  442.612  44.903  25.230  3.09512E-16  SWARM-A  1.793  135.165
2018-04-21T00:06:00Z  442.224  42.975  25.276  3.05328E-16  SWARM-A  1.805  137.096
2018-04-21T00:06:30Z  441.846  41.047  25.311  3.01287E-16  SWARM-A  1.815  139.027
2018-04-21T00:07:00Z  441.481  39.117  25.338  2.97348E-16  SWARM-A  1.825  140.958
2018-04-21T00:07:30Z  441.131  37.186  25.356  2.93575E-16  SWARM-A  1.835  142.889
2018-04-21T00:08:00Z  440.798  35.255  25.367  2.89970E-16  SWARM-A  1.844  144.820
2018-04-21T00:08:30Z  440.486  33.323  25.372  2.86583E-16  SWARM-A  1.853  146.750
2018-04-21T00:09:00Z  440.196  31.390  25.372  2.83417E-16  SWARM-A  1.861  148.681
2018-04-21T00:09:30Z  439.931  29.456  25.366  2.80494E-16  SWARM-A  1.869  150.611
2018-04-21T00:10:00Z  439.692  27.522  25.356  2.77834E-16  SWARM-A  1.877  152.542
2018-04-21T00:10:30Z  439.482  25.587  25.342  2.75374E-16  SWARM-A  1.884  154.472
2018-04-21T00:11:00Z  439.303  23.652  25.324  2.73177E-16  SWARM-A  1.891  156.402
2018-04-21T00:11:30Z  439.156  21.716  25.303  2.71233E-16  SWARM-A  1.898  158.332
2018-04-21T00:12:00Z  439.044  19.779  25.280  2.69520E-16  SWARM-A  1.905  160.262
2018-04-21T00:12:30Z  438.967  17.842  25.254  2.68024E-16  SWARM-A  1.911  162.191
2018-04-21T00:13:00Z  438.926  15.905  25.226  2.66773E-16  SWARM-A  1.918  164.121
2018-04-21T00:13:30Z  438.925  13.967  25.196  2.65711E-16  SWARM-A  1.924  166.050
2018-04-21T00:14:00Z  438.962  12.029  25.165  2.64833E-16  SWARM-A  1.930  167.979
2018-04-21T00:14:30Z  439.040  10.091  25.132  2.64132E-16  SWARM-A  1.937  169.908
2018-04-21T00:15:00Z  439.158  8.153  25.098  2.63614E-16  SWARM-A  1.943  171.837
2018-04-21T00:15:30Z  439.318  6.215  25.063  2.63261E-16  SWARM-A  1.949  173.766
2018-04-21T00:16:00Z  439.519  4.276  25.028  2.63054E-16  SWARM-A  1.955  175.694
2018-04-21T00:16:30Z  439.763  2.338  24.992  2.62955E-16  SWARM-A  1.961  177.623
2018-04-21T00:17:00Z  440.048  0.400  24.955  2.63074E-16  SWARM-A  1.967  179.551
2018-04-21T00:17:30Z  440.375  -1.538  24.919  2.63317E-16  SWARM-A  1.972  181.479
2018-04-21T00:18:00Z  440.743  -3.476  24.883  2.63752E-16  SWARM-A  1.978  183.407
2018-04-21T00:18:30Z  441.152  -5.414  24.847  2.64305E-16  SWARM-A  1.984  185.334
2018-04-21T00:19:00Z  441.600  -7.351  24.812  2.65102E-16  SWARM-A  1.990  187.262
2018-04-21T00:19:30Z  442.087  -9.288  24.778  2.65984E-16  SWARM-A  1.996  189.189
2018-04-21T00:20:00Z  442.612  -11.224  24.744  2.67042E-16  SWARM-A  2.002  191.116
2018-04-21T00:20:30Z  443.173  -13.160  24.712  2.68240E-16  SWARM-A  2.009  193.043
2018-04-21T00:21:00Z  443.769  -15.095  24.681  2.69550E-16  SWARM-A  2.015  194.970
2018-04-21T00:21:30Z  444.398  -17.029  24.652  2.70944E-16  SWARM-A  2.021  196.896
2018-04-21T00:22:00Z  445.058  -18.963  24.625  2.72474E-16  SWARM-A  2.028  198.822
2018-04-21T00:22:30Z  445.748  -20.896  24.601  2.73954E-16  SWARM-A  2.035  200.748
2018-04-21T00:23:00Z  446.464  -22.829  24.578  2.75512E-16  SWARM-A  2.041  202.674
2018-04-21T00:23:30Z  447.205  -24.760  24.559  2.77125E-16  SWARM-A  2.048  204.600
2018-04-21T00:24:00Z  447.968  -26.691  24.543  2.78739E-16  SWARM-A  2.056  206.526
2018-04-21T00:24:30Z  448.751  -28.620  24.531  2.80343E-16  SWARM-A  2.063  208.451
2018-04-21T00:25:00Z  449.552  -30.549  24.523  2.81896E-16  SWARM-A  2.071  210.376
2018-04-21T00:25:30Z  450.367  -32.477  24.520  2.83425E-16  SWARM-A  2.079  212.301
2018-04-21T00:26:00Z  451.193  -34.403  24.522  2.84811E-16  SWARM-A  2.088  214.226
2018-04-21T00:26:30Z  452.029  -36.329  24.530  2.85694E-16  SWARM-A  2.096  216.151
2018-04-21T00:27:00Z  452.871  -38.253  24.544  2.86665E-16  SWARM-A  2.106  218.075
2018-04-21T00:27:30Z  453.715  -40.177  24.566  2.87659E-16  SWARM-A  2.116  220.000
2018-04-21T00:28:00Z  454.560  -42.099  24.597  2.88801E-16  SWARM-A  2.126  221.924
2018-04-21T00:28:30Z  455.402  -44.020  24.638  2.90021E-16  SWARM-A  2.137  223.848
2018-04-21T00:29:00Z  456.238  -45.940  24.689  2.91437E-16  SWARM-A  2.149  225.772
2018-04-21T00:29:30Z  457.065  -47.858  24.753  2.93054E-16  SWARM-A  2.161  227.695
2018-04-21T00:30:00Z  457.881  -49.775  24.831  2.94918E-16  SWARM-A  2.175  229.619
2018-04-21T00:30:30Z  458.681  -51.691  24.926  2.97022E-16  SWARM-A  2.190  231.542
2018-04-21T00:31:00Z  459.464  -53.606  25.041  2.99294E-16  SWARM-A  2.206  233.465
2018-04-21T00:31:30Z  460.226  -55.519  25.178  3.01665E-16  SWARM-A  2.223  235.388
2018-04-21T00:32:00Z  460.965  -57.430  25.342  3.04319E-16  SWARM-A  2.242  237.311
2018-04-21T00:32:30Z  461.677  -59.340  25.538  3.07277E-16  SWARM-A  2.264  239.234
2018-04-21T00:33:00Z  462.361  -61.249  25.772  3.10583E-16  SWARM-A  2.288  241.157
2018-04-21T00:33:30Z  463.014  -63.155  26.052  3.13528E-16  SWARM-A  2.315  243.080
2018-04-21T00:34:00Z  463.634  -65.060  26.388  3.16608E-16  SWARM-A  2.345  245.002
2018-04-21T00:34:30Z  464.217  -66.962  26.796  3.19897E-16  SWARM-A  2.381  246.924
2018-04-21T00:35:00Z  464.763  -68.861  27.294  3.23425E-16  SWARM-A  2.422  248.847
2018-04-21T00:35:30Z  465.268  -70.757  27.909  3.27411E-16  SWARM-A  2.472  250.769
2018-04-21T00:36:00Z  465.732  -72.649  28.678  3.31751E-16  SWARM-A  2.531  252.691
2018-04-21T00:36:30Z  466.152  -74.535  29.658  3.36202E-16  SWARM-A  2.605  254.613
2018-04-21T00:37:00Z  466.527  -76.414  30.935  3.40777E-16  SWARM-A  2.699  256.535
2018-04-21T00:37:30Z  466.856  -78.282  32.652  3.44892E-16  SWARM-A  2.821  258.457
2018-04-21T00:38:00Z  467.136  -80.134  35.052  3.48701E-16  SWARM-A  2.990  260.379
2018-04-21T00:38:30Z  467.368  -81.958  38.592  3.52514E-16  SWARM-A  3.234  262.301
2018-04-21T00:39:00Z  467.551  -83.731  44.225  3.56391E-16  SWARM-A  3.618  264.222
2018-04-21T00:39:30Z  467.683  -85.393  54.161  3.60230E-16  SWARM-A  4.289  266.144
2018-04-21T00:40:00Z  467.764  -86.768  73.816  3.64096E-16  SWARM-A  5.607  268.066
2018-04-21T00:40:30Z  467.795  -87.364  109.926  3.68448E-16  SWARM-A  8.023  269.988
2018-04-21T00:41:00Z  467.774  -86.723  145.452  3.72957E-16  SWARM-A  10.400  271.909
2018-04-21T00:41:30Z  467.702  -85.328  164.541  3.77510E-16  SWARM-A  11.681  273.831
2018-04-21T00:42:00Z  467.580  -83.660  174.226  3.82202E-16  SWARM-A  12.335  275.753
2018-04-21T00:42:30Z  467.408  -81.884  179.743  3.87221E-16  SWARM-A  12.711  277.675
2018-04-21T00:43:00Z  467.186  -80.059  -176.777  3.92626E-16  SWARM-A  12.951  279.596
2018-04-21T00:43:30Z  466.916  -78.206  -174.412  3.98432E-16  SWARM-A  13.117  281.518
2018-04-21T00:44:00Z  466.598  -76.337  -172.718  4.03916E-16  SWARM-A  13.238  283.440
2018-04-21T00:44:30Z  466.233  -74.458  -171.454  4.09724E-16  SWARM-A  13.331  285.362
2018-04-21T00:45:00Z  465.824  -72.572  -170.485  4.15616E-16  SWARM-A  13.404  287.284
2018-04-21T00:45:30Z  465.371  -70.680  -169.723  4.21542E-16  SWARM-A  13.463  289.206
2018-04-21T00:46:00Z  464.877  -68.784  -169.114  4.27176E-16  SWARM-A  13.512  291.128
2018-04-21T00:46:30Z  464.343  -66.884  -168.620  4.32393E-16  SWARM-A  13.553  293.050
2018-04-21T00:47:00Z  463.771  -64.982  -168.215  4.37177E-16  SWARM-A  13.589  294.973
2018-04-21T00:47:30Z  463.163  -63.078  -167.881  4.41631E-16  SWARM-A  13.619  296.895
2018-04-21T00:48:00Z  462.521  -61.172  -167.603  4.45966E-16  SWARM-A  13.646  298.818
2018-04-21T00:48:30Z  461.849  -59.263  -167.371  4.50562E-16  SWARM-A  13.670  300.740
2018-04-21T00:49:00Z  461.147  -57.353  -167.177  4.56512E-16  SWARM-A  13.691  302.663
2018-04-21T00:49:30Z  460.420  -55.442  -167.014  4.62761E-16  SWARM-A  13.710  304.586
2018-04-21T00:50:00Z  459.669  -53.529  -166.878  4.69058E-16  SWARM-A  13.728  306.509
2018-04-21T00:50:30Z  458.898  -51.615  -166.764  4.75304E-16  SWARM-A  13.744  308.432
2018-04-21T00:51:00Z  458.109  -49.699  -166.670  4.81431E-16  SWARM-A  13.758  310.355
2018-04-21T00:51:30Z  457.305  -47.782  -166.592  4.87309E-16  SWARM-A  13.772  312.278
2018-04-21T00:52:00Z  456.489  -45.863  -166.528  4.93003E-16  SWARM-A  13.784  314.202
2018-04-21T00:52:30Z  455.664  -43.944  -166.477  4.98478E-16  SWARM-A  13.796  316.125
2018-04-21T00:53:00Z  454.833  -42.023  -166.437  5.03778E-16  SWARM-A  13.807  318.049
2018-04-21T00:53:30Z  453.999  -40.101  -166.407  5.08889E-16  SWARM-A  13.817  319.973
2018-04-21T00:54:00Z  453.165  -38.178  -166.385  5.13884E-16  SWARM-A  13.827  321.897
2018-04-21T00:54:30Z  452.333  -36.253  -166.371  5.18807E-16  SWARM-A  13.837  323.822
2018-04-21T00:55:00Z  451.508  -34.328  -166.363  5.23743E-16  SWARM-A  13.845  325.746
2018-04-21T00:55:30Z  450.691  -32.401  -166.361  5.28734E-16  SWARM-A  13.854  327.671
2018-04-21T00:56:00Z  449.885  -30.474  -166.365  5.33785E-16  SWARM-A  13.862  329.596
2018-04-21T00:56:30Z  449.094  -28.545  -166.373  5.38954E-16  SWARM-A  13.870  331.521
2018-04-21T00:57:00Z  448.320  -26.616  -166.386  5.44232E-16  SWARM-A  13.877  333.446
2018-04-21T00:57:30Z  447.566  -24.685  -166.402  5.49648E-16  SWARM-A  13.884  335.371
2018-04-21T00:58:00Z  446.833  -22.754  -166.421  5.55175E-16  SWARM-A  13.892  337.297
2018-04-21T00:58:30Z  446.125  -20.822  -166.443  5.60836E-16  SWARM-A  13.898  339.222
2018-04-21T00:59:00Z  445.443  -18.889  -166.468  5.66581E-16  SWARM-A  13.905  341.148
2018-04-21T00:59:30Z  444.791  -16.956  -166.495  5.72316E-16  SWARM-A  13.912  343.074
2018-04-21T01:00:00Z  444.169  -15.021  -166.524  5.78031E-16  SWARM-A  13.918  345.001
2018-04-21T01:00:30Z  443.579  -13.086  -166.555  5.83626E-16  SWARM-A  13.924  346.927
2018-04-21T01:01:00Z  443.024  -11.151  -166.588  5.89059E-16  SWARM-A  13.930  348.854
2018-04-21T01:01:30Z  442.505  -9.215  -166.621  5.94273E-16  SWARM-A  13.937  350.781
2018-04-21T01:02:00Z  442.023  -7.278  -166.655  5.99259E-16  SWARM-A  13.943  352.708
2018-04-21T01:02:30Z  441.579  -5.341  -166.691  6.03936E-16  SWARM-A  13.949  354.635
2018-04-21T01:03:00Z  441.174  -3.404  -166.726  6.08325E-16  SWARM-A  13.954  356.562
2018-04-21T01:03:30Z  440.809  -1.466  -166.763  6.12410E-16  SWARM-A  13.960  358.490
2018-04-21T01:04:00Z  440.485  0.471  -166.799  6.16141E-16  SWARM-A  13.966  0.417
2018-04-21T01:04:30Z  440.202  2.409  -166.835  6.19615E-16  SWARM-A  13.972  2.345
2018-04-21T01:05:00Z  439.960  4.348  -166.871  6.22788E-16  SWARM-A  13.978  4.273
2018-04-21T01:05:30Z  439.760  6.286  -166.907  6.24783E-16  SWARM-A  13.984  6.202
2018-04-21T01:06:00Z  439.600  8.224  -166.941  6.26502E-16  SWARM-A  13.990  8.130
2018-04-21T01:06:30Z  439.482  10.162  -166.975  6.28016E-16  SWARM-A  13.996  10.059
2018-04-21T01:07:00Z  439.403  12.100  -167.008  6.29323E-16  SWARM-A  14.002  11.987
2018-04-21T01:07:30Z  439.364  14.037  -167.040  6.30454E-16  SWARM-A  14.009  13.916
2018-04-21T01:08:00Z  439.364  15.975  -167.069  6.31427E-16  SWARM-A  14.015  15.845
2018-04-21T01:08:30Z  439.402  17.912  -167.097  6.32267E-16  SWARM-A  14.021  17.775
2018-04-21T01:09:00Z  439.476  19.848  -167.123  6.32913E-16  SWARM-A  14.028  19.704
2018-04-21T01:09:30Z  439.585  21.785  -167.147  6.33449E-16  SWARM-A  14.035  21.634
2018-04-21T01:10:00Z  439.727  23.720  -167.167  6.33733E-16  SWARM-A  14.042  23.563
2018-04-21T01:10:30Z  439.902  25.656  -167.185  6.33729E-16  SWARM-A  14.049  25.493
2018-04-21T01:11:00Z  440.106  27.590  -167.199  6.33332E-16  SWARM-A  14.056  27.423
2018-04-21T01:11:30Z  440.339  29.524  -167.209  6.32469E-16  SWARM-A  14.064  29.353
2018-04-21T01:12:00Z  440.598  31.458  -167.215  6.31170E-16  SWARM-A  14.072  31.283
2018-04-21T01:12:30Z  440.881  33.390  -167.215  6.29395E-16  SWARM-A  14.080  33.214
2018-04-21T01:13:00Z  441.185  35.322  -167.210  6.26939E-16  SWARM-A  14.089  35.144
2018-04-21T01:13:30Z  441.510  37.253  -167.199  6.23605E-16  SWARM-A  14.098  37.075
2018-04-21T01:14:00Z  441.852  39.184  -167.180  6.19779E-16  SWARM-A  14.108  39.006
2018-04-21T01:14:30Z  442.208  41.113  -167.153  6.15535E-16  SWARM-A  14.118  40.936
2018-04-21T01:15:00Z  442.577  43.041  -167.118  6.10925E-16  SWARM-A  14.128  42.867
2018-04-21T01:15:30Z  442.956  44.969  -167.071  6.06016E-16  SWARM-A  14.140  44.798
2018-04-21T01:16:00Z  443.342  46.896  -167.013  6.00860E-16  SWARM-A  14.152  46.729
2018-04-21T01:16:30Z  443.733  48.821  -166.941  5.94571E-16  SWARM-A  14.165  48.661
2018-04-21T01:17:00Z  444.126  50.745  -166.854  5.88274E-16  SWARM-A  14.179  50.592
2018-04-21T01:17:30Z  444.518  52.669  -166.749  5.82020E-16  SWARM-A  14.195  52.523
2018-04-21T01:18:00Z  444.909  54.591  -166.622  5.75864E-16  SWARM-A  14.211  54.455
2018-04-21T01:18:30Z  445.293  56.512  -166.470  5.69892E-16  SWARM-A  14.230  56.387
2018-04-21T01:19:00Z  445.671  58.431  -166.289  5.64354E-16  SWARM-A  14.250  58.318
2018-04-21T01:19:30Z  446.038  60.349  -166.073  5.59636E-16  SWARM-A  14.273  60.250
2018-04-21T01:20:00Z  446.394  62.265  -165.814  5.55150E-16  SWARM-A  14.299  62.182
2018-04-21T01:20:30Z  446.735  64.180  -165.503  5.50901E-16  SWARM-A  14.328  64.113
2018-04-21T01:21:00Z  447.060  66.093  -165.127  5.46934E-16  SWARM-A  14.361  66.045
2018-04-21T01:21:30Z  447.367  68.003  -164.670  5.43170E-16  SWARM-A  14.400  67.977
2018-04-21T01:22:00Z  447.655  69.910  -164.109  5.38994E-16  SWARM-A  14.446  69.909
2018-04-21T01:22:30Z  447.920  71.813  -163.410  5.34825E-16  SWARM-A  14.501  71.841
2018-04-21T01:23:00Z  448.162  73.712  -162.526  5.30786E-16  SWARM-A  14.568  73.773
2018-04-21T01:23:30Z  448.380  75.604  -161.384  5.26727E-16  SWARM-A  14.652  75.706
2018-04-21T01:24:00Z  448.572  77.488  -159.870  5.22488E-16  SWARM-A  14.762  77.638
2018-04-21T01:24:30Z  448.737  79.357  -157.788  5.17761E-16  SWARM-A  14.909  79.570
2018-04-21T01:25:00Z  448.874  81.205  -154.785  5.12047E-16  SWARM-A  15.117  81.502
2018-04-21T01:25:30Z  448.982  83.013  -150.159  5.05710E-16  SWARM-A  15.434  83.434
2018-04-21T01:26:00Z  449.060  84.741  -142.343  4.98780E-16  SWARM-A  15.963  85.367
2018-04-21T01:26:30Z  449.109  86.276  -127.473  4.91276E-16  SWARM-A  16.963  87.299
2018-04-21T01:27:00Z  449.127  87.270  -97.732  4.83162E-16  SWARM-A  18.954  89.231
2018-04-21T01:27:30Z  449.115  87.102  -58.087  4.74650E-16  SWARM-A  21.606  91.163
2018-04-21T01:28:00Z  449.073  85.911  -32.918  4.65443E-16  SWARM-A  23.292  93.096
2018-04-21T01:28:30Z  449.000  84.307  -20.464  4.55956E-16  SWARM-A  0.130  95.028
2018-04-21T01:29:00Z  448.898  82.552  -13.707  4.46418E-16  SWARM-A  0.589  96.960
2018-04-21T01:29:30Z  448.766  80.731  -9.600  4.36903E-16  SWARM-A  0.871  98.893
2018-04-21T01:30:00Z  448.605  78.877  -6.883  4.27491E-16  SWARM-A  1.061  100.825
2018-04-21T01:30:30Z  448.417  77.003  -4.972  4.18260E-16  SWARM-A  1.196  102.757
2018-04-21T01:31:00Z  448.202  75.117  -3.568  4.09183E-16  SWARM-A  1.298  104.689
2018-04-21T01:31:30Z  447.961  73.223  -2.502  4.00067E-16  SWARM-A  1.378  106.622
2018-04-21T01:32:00Z  447.696  71.323  -1.672  3.91286E-16  SWARM-A  1.442  108.554
2018-04-21T01:32:30Z  447.409  69.418  -1.012  3.82949E-16  SWARM-A  1.494  110.486
2018-04-21T01:33:00Z  447.100  67.510  -0.480  3.75099E-16  SWARM-A  1.538  112.418
2018-04-21T01:33:30Z  446.772  65.599  -0.046  3.67765E-16  SWARM-A  1.575  114.350
2018-04-21T01:34:00Z  446.427  63.686  0.311  3.60952E-16  SWARM-A  1.607  116.282
2018-04-21T01:34:30Z  446.066  61.771  0.608  3.54707E-16  SWARM-A  1.635  118.214
2018-04-21T01:35:00Z  445.691  59.854  0.855  3.48853E-16  SWARM-A  1.660  120.146
2018-04-21T01:35:30Z  445.306  57.935  1.062  3.43403E-16  SWARM-A  1.682  122.078
2018-04-21T01:36:00Z  444.911  56.015  1.235  3.38252E-16  SWARM-A  1.702  124.010
2018-04-21T01:36:30Z  444.510  54.094  1.379  3.33325E-16  SWARM-A  1.720  125.941
2018-04-21T01:37:00Z  444.105  52.171  1.500  3.28615E-16  SWARM-A  1.736  127.873
2018-04-21T01:37:30Z  443.698  50.247  1.601  3.24265E-16  SWARM-A  1.751  129.805
2018-04-21T01:38:00Z  443.292  48.323  1.684  3.20157E-16  SWARM-A  1.765  131.736
2018-04-21T01:38:30Z  442.889  46.397  1.752  3.16442E-16  SWARM-A  1.778  133.667
2018-04-21T01:39:00Z  442.491  44.470  1.807  3.13168E-16  SWARM-A  1.790  135.599
2018-04-21T01:39:30Z  442.102  42.542  1.850  3.10320E-16  SWARM-A  1.801  137.530
2018-04-21T01:40:00Z  441.724  40.613  1.884  3.07924E-16  SWARM-A  1.812  139.461
2018-04-21T01:40:30Z  441.359  38.683  1.908  3.05936E-16  SWARM-A  1.822  141.392
2018-04-21T01:41:00Z  441.011  36.752  1.925  3.04301E-16  SWARM-A  1.831  143.323
2018-04-21T01:41:30Z  440.680  34.821  1.935  3.02999E-16  SWARM-A  1.840  145.254
2018-04-21T01:42:00Z  440.370  32.888  1.938  3.02074E-16  SWARM-A  1.849  147.185
2018-04-21T01:42:30Z  440.082  30.955  1.936  3.01451E-16  SWARM-A  1.857  149.115
2018-04-21T01:43:00Z  439.820  29.021  1.930  3.01141E-16  SWARM-A  1.865  151.046
2018-04-21T01:43:30Z  439.585  27.087  1.918  3.01100E-16  SWARM-A  1.873  152.976
2018-04-21T01:44:00Z  439.379  25.152  1.903  3.01333E-16  SWARM-A  1.880  154.906
2018-04-21T01:44:30Z  439.205  23.216  1.885  3.01770E-16  SWARM-A  1.887  156.836
2018-04-21T01:45:00Z  439.063  21.280  1.864  3.02374E-16  SWARM-A  1.894  158.766
2018-04-21T01:45:30Z  438.956  19.343  1.840  3.03063E-16  SWARM-A  1.901  160.696
2018-04-21T01:46:00Z  438.885  17.406  1.813  3.03855E-16  SWARM-A  1.907  162.626
2018-04-21T01:46:30Z  438.851  15.469  1.785  3.04652E-16  SWARM-A  1.914  164.555
2018-04-21T01:47:00Z  438.856  13.531  1.754  3.05446E-16  SWARM-A  1.920  166.484
2018-04-21T01:47:30Z  438.900  11.593  1.722  3.06196E-16  SWARM-A  1.926  168.414
2018-04-21T01:48:00Z  438.984  9.655  1.689  3.06908E-16  SWARM-A  1.932  170.343
2018-04-21T01:48:30Z  439.110  7.716  1.655  3.07488E-16  SWARM-A  1.938  172.272
2018-04-21T01:49:00Z  439.277  5.778  1.620  3.07922E-16  SWARM-A  1.944  174.200
2018-04-21T01:49:30Z  439.486  3.840  1.584  3.08326E-16  SWARM-A  1.950  176.129
2018-04-21T01:50:00Z  439.736  1.901  1.548  3.08623E-16  SWARM-A  1.956  178.057
2018-04-21T01:50:30Z  440.029  -0.037  1.512  3.08855E-16  SWARM-A  1.962  179.985
2018-04-21T01:51:00Z  440.363  -1.975  1.476  3.09046E-16  SWARM-A  1.968  181.913
2018-04-21T01:51:30Z  440.738  -3.913  1.440  3.09234E-16  SWARM-A  1.974  183.841
2018-04-21T01:52:00Z  441.154  -5.850  1.404  3.09411E-16  SWARM-A  1.980  185.769
2018-04-21T01:52:30Z  441.609  -7.788  1.369  3.09702E-16  SWARM-A  1.986  187.696
2018-04-21T01:53:00Z  442.103  -9.724  1.335  3.10088E-16  SWARM-A  1.992  189.623
2018-04-21T01:53:30Z  442.634  -11.661  1.302  3.10562E-16  SWARM-A  1.998  191.550
2018-04-21T01:54:00Z  443.201  -13.596  1.270  3.11159E-16  SWARM-A  2.004  193.477
2018-04-21T01:54:30Z  443.803  -15.531  1.239  3.11857E-16  SWARM-A  2.011  195.404
2018-04-21T01:55:00Z  444.437  -17.466  1.211  3.12672E-16  SWARM-A  2.017  197.331
2018-04-21T01:55:30Z  445.103  -19.400  1.184  3.13408E-16  SWARM-A  2.024  199.257
2018-04-21T01:56:00Z  445.797  -21.333  1.160  3.13944E-16  SWARM-A  2.030  201.183
2018-04-21T01:56:30Z  446.517  -23.265  1.138  3.14518E-16  SWARM-A  2.037  203.109
2018-04-21T01:57:00Z  447.262  -25.196  1.120  3.15173E-16  SWARM-A  2.044  205.035
2018-04-21T01:57:30Z  448.029  -27.126  1.105  3.15857E-16  SWARM-A  2.052  206.960
2018-04-21T01:58:00Z  448.816  -29.056  1.093  3.16553E-16  SWARM-A  2.059  208.886
2018-04-21T01:58:30Z  449.619  -30.985  1.086  3.17262E-16  SWARM-A  2.067  210.811
2018-04-21T01:59:00Z  450.436  -32.912  1.084  3.17998E-16  SWARM-A  2.075  212.736
2018-04-21T01:59:30Z  451.265  -34.838  1.087  3.18729E-16  SWARM-A  2.084  214.661
2018-04-21T02:00:00Z  452.102  -36.764  1.097  3.19495E-16  SWARM-A  2.093  216.586
2018-04-21T02:00:30Z  452.945  -38.688  1.113  3.20255E-16  SWARM-A  2.102  218.510
2018-04-21T02:01:00Z  453.790  -40.611  1.137  3.21127E-16  SWARM-A  2.112  220.434
2018-04-21T02:01:30Z  454.635  -42.533  1.170  3.22079E-16  SWARM-A  2.123  222.359
2018-04-21T02:02:00Z  455.476  -44.454  1.212  3.23010E-16  SWARM-A  2.134  224.283
2018-04-21T02:02:30Z  456.311  -46.374  1.266  3.23930E-16  SWARM-A  2.146  226.206
2018-04-21T02:03:00Z  457.137  -48.292  1.334  3.25029E-16  SWARM-A  2.159  228.130
2018-04-21T02:03:30Z  457.950  -50.209  1.416  3.26297E-16  SWARM-A  2.172  230.054
2018-04-21T02:04:00Z  458.748  -52.124  1.515  3.27729E-16  SWARM-A  2.187  231.977
2018-04-21T02:04:30Z  459.527  -54.039  1.634  3.29314E-16  SWARM-A  2.204  233.900
2018-04-21T02:05:00Z  460.286  -55.952  1.777  3.30596E-16  SWARM-A  2.222  235.823
2018-04-21T02:05:30Z  461.020  -57.863  1.947  3.31912E-16  SWARM-A  2.241  237.746
2018-04-21T02:06:00Z  461.729  -59.772  2.151  3.33380E-16  SWARM-A  2.263  239.669
2018-04-21T02:06:30Z  462.408  -61.680  2.394  3.34930E-16  SWARM-A  2.288  241.592
2018-04-21T02:07:00Z  463.055  -63.587  2.686  3.36564E-16  SWARM-A  2.315  243.515
2018-04-21T02:07:30Z  463.669  -65.490  3.038  3.38495E-16  SWARM-A  2.347  245.437
2018-04-21T02:08:00Z  464.246  -67.392  3.464  3.40594E-16  SWARM-A  2.384  247.360
2018-04-21T02:08:30Z  464.785  -69.291  3.985  3.42554E-16  SWARM-A  2.427  249.282
2018-04-21T02:09:00Z  465.284  -71.186  4.631  3.44545E-16  SWARM-A  2.478  251.204
2018-04-21T02:09:30Z  465.740  -73.076  5.442  3.46544E-16  SWARM-A  2.541  253.126
2018-04-21T02:10:00Z  466.153  -74.961  6.480  3.47876E-16  SWARM-A  2.618  255.048
2018-04-21T02:10:30Z  466.520  -76.838  7.842  3.48954E-16  SWARM-A  2.718  256.970
2018-04-21T02:11:00Z  466.841  -78.704  9.686  3.49871E-16  SWARM-A  2.849  258.892
2018-04-21T02:11:30Z  467.113  -80.550  12.292  3.50642E-16  SWARM-A  3.031  260.814
2018-04-21T02:12:00Z  467.337  -82.366  16.196  3.51242E-16  SWARM-A  3.299  262.736
2018-04-21T02:12:30Z  467.511  -84.121  22.536  3.51473E-16  SWARM-A  3.730  264.658
2018-04-21T02:13:00Z  467.635  -85.741  34.029  3.51540E-16  SWARM-A  4.505  266.580
2018-04-21T02:13:30Z  467.708  -86.999  57.106  3.51563E-16  SWARM-A  6.052  268.502
2018-04-21T02:14:00Z  467.731  -87.323  95.773  3.51800E-16  SWARM-A  8.638  270.423
2018-04-21T02:14:30Z  467.702  -86.449  127.626  3.51839E-16  SWARM-A  10.770  272.345
2018-04-21T02:15:00Z  467.622  -84.965  143.871  3.51708E-16  SWARM-A  11.861  274.267
2018-04-21T02:15:30Z  467.492  -83.264  152.305  3.51635E-16  SWARM-A  12.432  276.189
2018-04-21T02:16:00Z  467.312  -81.474  157.235  3.51847E-16  SWARM-A  12.769  278.110
2018-04-21T02:16:30Z  467.083  -79.640  160.405  3.52465E-16  SWARM-A  12.988  280.032
2018-04-21T02:17:00Z  466.805  -77.784  162.588  3.53617E-16  SWARM-A  13.142  281.954
2018-04-21T02:17:30Z  466.480  -75.912  164.168  3.55327E-16  SWARM-A  13.256  283.876
2018-04-21T02:18:00Z  466.110  -74.031  165.355  3.57358E-16  SWARM-A  13.343  285.798
2018-04-21T02:18:30Z  465.694  -72.143  166.271  3.59988E-16  SWARM-A  13.413  287.720
2018-04-21T02:19:00Z  465.235  -70.250  166.994  3.63226E-16  SWARM-A  13.469  289.642
2018-04-21T02:19:30Z  464.735  -68.353  167.574  3.66948E-16  SWARM-A  13.516  291.564
2018-04-21T02:20:00Z  464.196  -66.453  168.045  3.71097E-16  SWARM-A  13.556  293.486
2018-04-21T02:20:30Z  463.619  -64.551  168.432  3.75390E-16  SWARM-A  13.590  295.409
2018-04-21T02:21:00Z  463.007  -62.646  168.753  3.79683E-16  SWARM-A  13.620  297.331
2018-04-21T02:21:30Z  462.362  -60.739  169.019  3.83812E-16  SWARM-A  13.646  299.254
2018-04-21T02:22:00Z  461.686  -58.830  169.242  3.87807E-16  SWARM-A  13.669  301.176
2018-04-21T02:22:30Z  460.983  -56.920  169.429  3.91839E-16  SWARM-A  13.690  303.099
2018-04-21T02:23:00Z  460.254  -55.008  169.585  3.96137E-16  SWARM-A  13.709  305.022
2018-04-21T02:23:30Z  459.502  -53.095  169.716  4.00854E-16  SWARM-A  13.726  306.945
2018-04-21T02:24:00Z  458.730  -51.180  169.825  4.06049E-16  SWARM-A  13.741  308.868
2018-04-21T02:24:30Z  457.941  -49.264  169.915  4.11621E-16  SWARM-A  13.756  310.791
2018-04-21T02:25:00Z  457.137  -47.347  169.989  4.17485E-16  SWARM-A  13.769  312.715
2018-04-21T02:25:30Z  456.323  -45.428  170.050  4.23563E-16  SWARM-A  13.781  314.638
2018-04-21T02:26:00Z  455.499  -43.508  170.098  4.29787E-16  SWARM-A  13.793  316.562
2018-04-21T02:26:30Z  454.671  -41.587  170.136  4.36137E-16  SWARM-A  13.804  318.486
2018-04-21T02:27:00Z  453.839  -39.665  170.164  4.42621E-16  SWARM-A  13.814  320.410
2018-04-21T02:27:30Z  453.009  -37.741  170.184  4.49210E-16  SWARM-A  13.824  322.334
2018-04-21T02:28:00Z  452.182  -35.817  170.197  4.55919E-16  SWARM-A  13.833  324.258
2018-04-21T02:28:30Z  451.361  -33.891  170.203  4.62821E-16  SWARM-A  13.842  326.183
2018-04-21T02:29:00Z  450.549  -31.964  170.203  4.69804E-16  SWARM-A  13.850  328.107
2018-04-21T02:29:30Z  449.749  -30.037  170.199  4.76985E-16  SWARM-A  13.858  330.032
2018-04-21T02:30:00Z  448.964  -28.108  170.189  4.84331E-16  SWARM-A  13.866  331.957
2018-04-21T02:30:30Z  448.197  -26.178  170.176  4.91805E-16  SWARM-A  13.873  333.882
2018-04-21T02:31:00Z  447.449  -24.248  170.159  4.99472E-16  SWARM-A  13.880  335.808
2018-04-21T02:31:30Z  446.724  -22.316  170.139  5.07232E-16  SWARM-A  13.887  337.733
2018-04-21T02:32:00Z  446.024  -20.384  170.116  5.15052E-16  SWARM-A  13.894  339.659
2018-04-21T02:32:30Z  445.350  -18.451  170.091  5.22914E-16  SWARM-A  13.901  341.585
2018-04-21T02:33:00Z  444.706  -16.517  170.063  5.30738E-16  SWARM-A  13.907  343.511
2018-04-21T02:33:30Z  444.093  -14.583  170.034  5.38459E-16  SWARM-A  13.914  345.437
2018-04-21T02:34:00Z  443.512  -12.648  170.002  5.45967E-16  SWARM-A  13.920  347.364
2018-04-21T02:34:30Z  442.966  -10.712  169.970  5.53206E-16  SWARM-A  13.926  349.290
2018-04-21T02:35:00Z  442.455  -8.776  169.936  5.60072E-16  SWARM-A  13.932  351.217
2018-04-21T02:35:30Z  441.982  -6.839  169.901  5.66550E-16  SWARM-A  13.938  353.144
2018-04-21T02:36:00Z  441.547  -4.902  169.866  5.72594E-16  SWARM-A  13.944  355.071
2018-04-21T02:36:30Z  441.152  -2.965  169.830  5.78166E-16  SWARM-A  13.950  356.999
2018-04-21T02:37:00Z  440.797  -1.027  169.794  5.83300E-16  SWARM-A  13.956  358.926
2018-04-21T02:37:30Z  440.482  0.911  169.758  5.87944E-16  SWARM-A  13.962  0.854
2018-04-21T02:38:00Z  440.208  2.849  169.722  5.92088E-16  SWARM-A  13.968  2.782
2018-04-21T02:38:30Z  439.976  4.787  169.686  5.95714E-16  SWARM-A  13.974  4.710
2018-04-21T02:39:00Z  439.784  6.725  169.650  5.98910E-16  SWARM-A  13.980  6.638
2018-04-21T02:39:30Z  439.634  8.663  169.616  6.01711E-16  SWARM-A  13.986  8.567
2018-04-21T02:40:00Z  439.525  10.601  169.582  6.04116E-16  SWARM-A  13.992  10.495
2018-04-21T02:40:30Z  439.455  12.538  169.549  6.06093E-16  SWARM-A  13.998  12.424
2018-04-21T02:41:00Z  439.425  14.476  169.518  6.07736E-16  SWARM-A  14.004  14.353
2018-04-21T02:41:30Z  439.433  16.413  169.489  6.09028E-16  SWARM-A  14.011  16.282
2018-04-21T02:42:00Z  439.478  18.350  169.461  6.10006E-16  SWARM-A  14.017  18.211
2018-04-21T02:42:30Z  439.560  20.287  169.436  6.10582E-16  SWARM-A  14.024  20.141
2018-04-21T02:43:00Z  439.676  22.223  169.413  6.10761E-16  SWARM-A  14.031  22.070
2018-04-21T02:43:30Z  439.826  24.159  169.393  6.10520E-16  SWARM-A  14.038  24.000
2018-04-21T02:44:00Z  440.006  26.094  169.376  6.09832E-16  SWARM-A  14.045  25.930
2018-04-21T02:44:30Z  440.217  28.028  169.363  6.08666E-16  SWARM-A  14.052  27.860
2018-04-21T02:45:00Z  440.456  29.962  169.354  6.07010E-16  SWARM-A  14.060  29.790
2018-04-21T02:45:30Z  440.720  31.895  169.349  6.04816E-16  SWARM-A  14.068  31.720
2018-04-21T02:46:00Z  441.007  33.828  169.350  6.02122E-16  SWARM-A  14.076  33.650
2018-04-21T02:46:30Z  441.316  35.759  169.356  5.98018E-16  SWARM-A  14.085  35.581
2018-04-21T02:47:00Z  441.645  37.690  169.369  5.93187E-16  SWARM-A  14.094  37.512
2018-04-21T02:47:30Z  441.989  39.620  169.390  5.87889E-16  SWARM-A  14.104  39.442
2018-04-21T02:48:00Z  442.348  41.549  169.418  5.82220E-16  SWARM-A  14.114  41.373
2018-04-21T02:48:30Z  442.719  43.478  169.456  5.76235E-16  SWARM-A  14.125  43.304
2018-04-21T02:49:00Z  443.099  45.405  169.505  5.70181E-16  SWARM-A  14.137  45.235
2018-04-21T02:49:30Z  443.486  47.331  169.566  5.64024E-16  SWARM-A  14.149  47.166
2018-04-21T02:50:00Z  443.877  49.256  169.641  5.57859E-16  SWARM-A  14.163  49.097
2018-04-21T02:50:30Z  444.270  51.180  169.732  5.51688E-16  SWARM-A  14.177  51.029
2018-04-21T02:51:00Z  444.661  53.103  169.842  5.45606E-16  SWARM-A  14.193  52.960
2018-04-21T02:51:30Z  445.050  55.025  169.974  5.39061E-16  SWARM-A  14.210  54.892
2018-04-21T02:52:00Z  445.433  56.946  170.132  5.32692E-16  SWARM-A  14.229  56.823
2018-04-21T02:52:30Z  445.807  58.865  170.320  5.26618E-16  SWARM-A  14.250  58.755
2018-04-21T02:53:00Z  446.172  60.782  170.545  5.20703E-16  SWARM-A  14.273  60.686
2018-04-21T02:53:30Z  446.524  62.698  170.815  5.14294E-16  SWARM-A  14.299  62.618
2018-04-21T02:54:00Z  446.861  64.613  171.139  5.07482E-16  SWARM-A  14.329  64.550
2018-04-21T02:54:30Z  447.181  66.524  171.532  5.00782E-16  SWARM-A  14.364  66.482
2018-04-21T02:55:00Z  447.483  68.434  172.010  4.94107E-16  SWARM-A  14.404  68.414
2018-04-21T02:55:30Z  447.765  70.340  172.599  4.87737E-16  SWARM-A  14.451  70.346
2018-04-21T02:56:00Z  448.024  72.243  173.334  4.82075E-16  SWARM-A  14.509  72.278
2018-04-21T02:56:30Z  448.260  74.140  174.269  4.76470E-16  SWARM-A  14.579  74.210
2018-04-21T02:57:00Z  448.471  76.031  175.482  4.70980E-16  SWARM-A  14.669  76.142
2018-04-21T02:57:30Z  448.655  77.912  177.103  4.65360E-16  SWARM-A  14.785  78.074
2018-04-21T02:58:00Z  448.813  79.777  179.353  4.58655E-16  SWARM-A  14.943  80.006
2018-04-21T02:58:30Z  448.942  81.618  -177.359  4.51666E-16  SWARM-A  15.171  81.938
2018-04-21T02:59:00Z  449.042  83.413  -172.199  4.44253E-16  SWARM-A  15.523  83.871
2018-04-21T02:59:30Z  449.112  85.111  -163.260  4.36297E-16  SWARM-A  16.128  85.803
2018-04-21T03:00:00Z  449.153  86.569  -145.810  4.27153E-16  SWARM-A  17.299  87.735
2018-04-21T03:00:30Z  449.163  87.351  -112.105  4.17823E-16  SWARM-A  19.555  89.667
2018-04-21T03:01:00Z  449.142  86.897  -74.243  4.07801E-16  SWARM-A  22.087  91.600
2018-04-21T03:01:30Z  449.091  85.571  -52.752  3.97233E-16  SWARM-A  23.528  93.532
2018-04-21T03:02:00Z  449.010  83.920  -42.023  3.86577E-16  SWARM-A  0.252  95.464
2018-04-21T03:02:30Z  448.899  82.145  -36.040  3.76012E-16  SWARM-A  0.659  97.397
2018-04-21T03:03:00Z  448.758  80.315  -32.324  3.65558E-16  SWARM-A  0.915  99.329
2018-04-21T03:03:30Z  448.590  78.455  -29.826  3.55373E-16  SWARM-A  1.090  101.261
2018-04-21T03:04:00Z  448.393  76.578  -28.051  3.45399E-16  SWARM-A  1.216  103.193
2018-04-21T03:04:30Z  448.171  74.690  -26.735  3.35291E-16  SWARM-A  1.313  105.125
2018-04-21T03:05:00Z  447.922  72.794  -25.730  3.25540E-16  SWARM-A  1.388  107.058
2018-04-21T03:05:30Z  447.650  70.893  -24.943  3.16253E-16  SWARM-A  1.449  108.990
2018-04-21T03:06:00Z  447.356  68.988  -24.315  3.07470E-16  SWARM-A  1.499  110.922
2018-04-21T03:06:30Z  447.040  67.079  -23.808  2.99223E-16  SWARM-A  1.541  112.854
2018-04-21T03:07:00Z  446.706  65.167  -23.393  2.91499E-16  SWARM-A  1.577  114.786
2018-04-21T03:07:30Z  446.354  63.254  -23.050  2.84411E-16  SWARM-A  1.608  116.718
2018-04-21T03:08:00Z  445.988  61.338  -22.766  2.77909E-16  SWARM-A  1.635  118.650
2018-04-21T03:08:30Z  445.608  59.421  -22.529  2.72110E-16  SWARM-A  1.660  120.582
2018-04-21T03:09:00Z  445.217  57.502  -22.330  2.66993E-16  SWARM-A  1.681  122.514
2018-04-21T03:09:30Z  444.818  55.582  -22.164  2.62600E-16  SWARM-A  1.701  124.446
2018-04-21T03:10:00Z  444.413  53.660  -22.025  2.58896E-16  SWARM-A  1.718  126.377
2018-04-21T03:10:30Z  444.004  51.737  -21.909  2.55426E-16  SWARM-A  1.734  128.309
2018-04-21T03:11:00Z  443.594  49.813  -21.813  2.52633E-16  SWARM-A  1.749  130.240
2018-04-21T03:11:30Z  443.185  47.888  -21.733  2.50269E-16  SWARM-A  1.763  132.172
2018-04-21T03:12:00Z  442.780  45.962  -21.668  2.48442E-16  SWARM-A  1.775  134.103
2018-04-21T03:12:30Z  442.381  44.034  -21.616  2.47205E-16  SWARM-A  1.787  136.035
2018-04-21T03:13:00Z  441.991  42.106  -21.575  2.46604E-16  SWARM-A  1.798  137.966
2018-04-21T03:13:30Z  441.613  40.177  -21.544  2.46556E-16  SWARM-A  1.809  139.897
2018-04-21T03:14:00Z  441.248  38.247  -21.521  2.47048E-16  SWARM-A  1.818  141.828
2018-04-21T03:14:30Z  440.899  36.316  -21.507  2.48006E-16  SWARM-A  1.828  143.759
2018-04-21T03:15:00Z  440.569  34.384  -21.498  2.49399E-16  SWARM-A  1.837  145.690
2018-04-21T03:15:30Z  440.261  32.452  -21.496  2.51216E-16  SWARM-A  1.845  147.620
2018-04-21T03:16:00Z  439.976  30.519  -21.499  2.53432E-16  SWARM-A  1.853  149.551
2018-04-21T03:16:30Z  439.716  28.585  -21.507  2.55955E-16  SWARM-A  1.861  151.481
2018-04-21T03:17:00Z  439.484  26.650  -21.519  2.58736E-16  SWARM-A  1.869  153.412
2018-04-21T03:17:30Z  439.282  24.715  -21.535  2.61703E-16  SWARM-A  1.876  155.342
2018-04-21T03:18:00Z  439.112  22.779  -21.554  2.64813E-16  SWARM-A  1.883  157.272
2018-04-21T03:18:30Z  438.975  20.843  -21.576  2.68022E-16  SWARM-A  1.890  159.202
2018-04-21T03:19:00Z  438.873  18.906  -21.601  2.71235E-16  SWARM-A  1.897  161.132
2018-04-21T03:19:30Z  438.807  16.968  -21.628  2.74459E-16  SWARM-A  1.903  163.061
2018-04-21T03:20:00Z  438.779  15.031  -21.657  2.77609E-16  SWARM-A  1.909  164.991
2018-04-21T03:20:30Z  438.789  13.093  -21.687  2.80600E-16  SWARM-A  1.916  166.920
2018-04-21T03:21:00Z  438.840  11.155  -21.719  2.83440E-16  SWARM-A  1.922  168.849
2018-04-21T03:21:30Z  438.931  9.217  -21.753  2.86053E-16  SWARM-A  1.928  170.778
2018-04-21T03:22:00Z  439.063  7.278  -21.787  2.88461E-16  SWARM-A  1.934  172.707
2018-04-21T03:22:30Z  439.237  5.340  -21.822  2.90627E-16  SWARM-A  1.940  174.636
2018-04-21T03:23:00Z  439.453  3.401  -21.858  2.92525E-16  SWARM-A  1.946  176.565
2018-04-21T03:23:30Z  439.711  1.463  -21.894  2.94196E-16  SWARM-A  1.952  178.493
2018-04-21T03:24:00Z  440.010  -0.475  -21.930  2.95634E-16  SWARM-A  1.958  180.421
2018-04-21T03:24:30Z  440.352  -2.413  -21.967  2.96794E-16  SWARM-A  1.964  182.349
2018-04-21T03:25:00Z  440.734  -4.351  -22.003  2.97762E-16  SWARM-A  1.970  184.277
2018-04-21T03:25:30Z  441.157  -6.289  -22.038  2.98545E-16  SWARM-A  1.976  186.205
2018-04-21T03:26:00Z  441.619  -8.226  -22.073  2.99184E-16  SWARM-A  1.982  188.132
2018-04-21T03:26:30Z  442.120  -10.162  -22.107  2.99696E-16  SWARM-A  1.988  190.059
2018-04-21T03:27:00Z  442.658  -12.099  -22.140  3.00070E-16  SWARM-A  1.994  191.986
2018-04-21T03:27:30Z  443.231  -14.034  -22.172  3.00326E-16  SWARM-A  2.000  193.913
2018-04-21T03:28:00Z  443.839  -15.969  -22.202  3.00460E-16  SWARM-A  2.006  195.840
2018-04-21T03:28:30Z  444.480  -17.904  -22.230  3.00514E-16  SWARM-A  2.013  197.767
2018-04-21T03:29:00Z  445.151  -19.837  -22.256  3.00497E-16  SWARM-A  2.020  199.693
2018-04-21T03:29:30Z  445.850  -21.770  -22.279  3.00367E-16  SWARM-A  2.026  201.619
2018-04-21T03:30:00Z  446.576  -23.702  -22.300  3.00119E-16  SWARM-A  2.033  203.545
2018-04-21T03:30:30Z  447.326  -25.633  -22.318  2.99749E-16  SWARM-A  2.040  205.471
2018-04-21T03:31:00Z  448.098  -27.564  -22.332  2.99265E-16  SWARM-A  2.048  207.396
2018-04-21T03:31:30Z  448.888  -29.493  -22.343  2.98706E-16  SWARM-A  2.055  209.322
2018-04-21T03:32:00Z  449.695  -31.421  -22.349  2.98015E-16  SWARM-A  2.063  211.247
2018-04-21T03:32:30Z  450.515  -33.349  -22.350  2.97238E-16  SWARM-A  2.072  213.172
2018-04-21T03:33:00Z  451.347  -35.275  -22.345  2.96416E-16  SWARM-A  2.080  215.097
2018-04-21T03:33:30Z  452.186  -37.200  -22.334  2.94877E-16  SWARM-A  2.089  217.022
2018-04-21T03:34:00Z  453.030  -39.124  -22.317  2.93273E-16  SWARM-A  2.099  218.946
2018-04-21T03:34:30Z  453.876  -41.047  -22.291  2.91727E-16  SWARM-A  2.109  220.871
2018-04-21T03:35:00Z  454.721  -42.969  -22.256  2.90262E-16  SWARM-A  2.120  222.795
2018-04-21T03:35:30Z  455.562  -44.889  -22.211  2.88868E-16  SWARM-A  2.131  224.719
2018-04-21T03:36:00Z  456.396  -46.809  -22.154  2.87669E-16  SWARM-A  2.143  226.643
2018-04-21T03:36:30Z  457.220  -48.727  -22.083  2.86652E-16  SWARM-A  2.156  228.566
2018-04-21T03:37:00Z  458.031  -50.643  -21.998  2.85857E-16  SWARM-A  2.170  230.490
2018-04-21T03:37:30Z  458.826  -52.559  -21.894  2.85081E-16  SWARM-A  2.185  232.413
2018-04-21T03:38:00Z  459.602  -54.473  -21.770  2.84572E-16  SWARM-A  2.202  234.337
2018-04-21T03:38:30Z  460.357  -56.385  -21.621  2.84371E-16  SWARM-A  2.220  236.260
2018-04-21T03:39:00Z  461.087  -58.296  -21.444  2.84202E-16  SWARM-A  2.240  238.183
2018-04-21T03:39:30Z  461.791  -60.206  -21.232  2.83823E-16  SWARM-A  2.263  240.106
2018-04-21T03:40:00Z  462.464  -62.113  -20.978  2.83590E-16  SWARM-A  2.288  242.028
2018-04-21T03:40:30Z  463.106  -64.019  -20.674  2.83583E-16  SWARM-A  2.317  243.951
2018-04-21T03:41:00Z  463.714  -65.922  -20.307  2.83999E-16  SWARM-A  2.350  245.874
2018-04-21T03:41:30Z  464.284  -67.823  -19.861  2.84631E-16  SWARM-A  2.388  247.796
2018-04-21T03:42:00Z  464.817  -69.721  -19.314  2.85467E-16  SWARM-A  2.432  249.718
2018-04-21T03:42:30Z  465.308  -71.616  -18.635  2.86256E-16  SWARM-A  2.486  251.641
2018-04-21T03:43:00Z  465.757  -73.505  -17.779  2.86423E-16  SWARM-A  2.551  253.563
2018-04-21T03:43:30Z  466.162  -75.389  -16.677  2.86644E-16  SWARM-A  2.633  255.485
2018-04-21T03:44:00Z  466.521  -77.263  -15.223  2.86953E-16  SWARM-A  2.738  257.407
2018-04-21T03:44:30Z  466.834  -79.125  -13.236  2.87061E-16  SWARM-A  2.879  259.329
2018-04-21T03:45:00Z  467.099  -80.966  -10.395  2.87106E-16  SWARM-A  3.077  261.251
2018-04-21T03:45:30Z  467.314  -82.771  -6.072  2.87218E-16  SWARM-A  3.374  263.173
2018-04-21T03:46:00Z  467.480  -84.505  1.110  2.87411E-16  SWARM-A  3.861  265.095
2018-04-21T03:46:30Z  467.596  -86.072  14.495  2.87754E-16  SWARM-A  4.761  267.017
2018-04-21T03:47:00Z  467.661  -87.180  41.418  2.88331E-16  SWARM-A  6.564  268.938
2018-04-21T03:47:30Z  467.675  -87.213  81.136  2.89156E-16  SWARM-A  9.221  270.860
2018-04-21T03:48:00Z  467.638  -86.144  108.958  2.89662E-16  SWARM-A  11.084  272.782
2018-04-21T03:48:30Z  467.550  -84.590  122.819  2.90037E-16  SWARM-A  12.016  274.704
2018-04-21T03:49:00Z  467.412  -82.862  130.211  2.90487E-16  SWARM-A  12.517  276.626
2018-04-21T03:49:30Z  467.224  -81.059  134.637  2.92068E-16  SWARM-A  12.821  278.547
2018-04-21T03:50:00Z  466.988  -79.220  137.534  2.94838E-16  SWARM-A  13.022  280.469
2018-04-21T03:50:30Z  466.703  -77.359  139.555  2.98292E-16  SWARM-A  13.165  282.391
2018-04-21T03:51:00Z  466.371  -75.485  141.032  3.02494E-16  SWARM-A  13.272  284.313
2018-04-21T03:51:30Z  465.993  -73.602  142.148  3.07466E-16  SWARM-A  13.355  286.235
2018-04-21T03:52:00Z  465.572  -71.713  143.015  3.13318E-16  SWARM-A  13.421  288.157
2018-04-21T03:52:30Z  465.107  -69.819  143.702  3.20005E-16  SWARM-A  13.475  290.079
2018-04-21T03:53:00Z  464.602  -67.921  144.255  3.27479E-16  SWARM-A  13.520  292.001
2018-04-21T03:53:30Z  464.057  -66.021  144.705  3.35650E-16  SWARM-A  13.559  293.924
2018-04-21T03:54:00Z  463.476  -64.117  145.076  3.44400E-16  SWARM-A  13.592  295.846
2018-04-21T03:54:30Z  462.860  -62.212  145.383  3.53429E-16  SWARM-A  13.621  297.768
2018-04-21T03:55:00Z  462.212  -60.305  145.639  3.62288E-16  SWARM-A  13.646  299.691
2018-04-21T03:55:30Z  461.533  -58.396  145.853  3.71023E-16  SWARM-A  13.669  301.614
2018-04-21T03:56:00Z  460.827  -56.485  146.032  3.79504E-16  SWARM-A  13.689  303.536
2018-04-21T03:56:30Z  460.096  -54.573  146.182  3.87894E-16  SWARM-A  13.707  305.459
2018-04-21T03:57:00Z  459.343  -52.659  146.307  3.96157E-16  SWARM-A  13.724  307.382
2018-04-21T03:57:30Z  458.570  -50.744  146.412  4.04457E-16  SWARM-A  13.739  309.305
2018-04-21T03:58:00Z  457.781  -48.828  146.498  4.12990E-16  SWARM-A  13.753  311.229
2018-04-21T03:58:30Z  456.978  -46.910  146.569  4.21704E-16  SWARM-A  13.766  313.152
2018-04-21T03:59:00Z  456.164  -44.991  146.627  4.30581E-16  SWARM-A  13.778  315.075
2018-04-21T03:59:30Z  455.343  -43.071  146.673  4.39559E-16  SWARM-A  13.790  316.999
2018-04-21T04:00:00Z  454.517  -41.150  146.708  4.48565E-16  SWARM-A  13.801  318.923
2018-04-21T04:00:30Z  453.690  -39.227  146.734  4.57606E-16  SWARM-A  13.811  320.847
2018-04-21T04:01:00Z  452.863  -37.304  146.753  4.66658E-16  SWARM-A  13.820  322.771
2018-04-21T04:01:30Z  452.041  -35.379  146.764  4.75757E-16  SWARM-A  13.829  324.696
2018-04-21T04:02:00Z  451.225  -33.453  146.769  4.84890E-16  SWARM-A  13.838  326.620
2018-04-21T04:02:30Z  450.420  -31.526  146.768  4.94057E-16  SWARM-A  13.846  328.545
2018-04-21T04:03:00Z  449.627  -29.598  146.762  5.03134E-16  SWARM-A  13.854  330.470
2018-04-21T04:03:30Z  448.849  -27.669  146.752  5.12038E-16  SWARM-A  13.862  332.395
2018-04-21T04:04:00Z  448.090  -25.739  146.738  5.20934E-16  SWARM-A  13.869  334.320
2018-04-21T04:04:30Z  447.350  -23.809  146.720  5.29793E-16  SWARM-A  13.876  336.245
2018-04-21T04:05:00Z  446.634  -21.877  146.700  5.38611E-16  SWARM-A  13.883  338.171
2018-04-21T04:05:30Z  445.943  -19.945  146.676  5.47340E-16  SWARM-A  13.890  340.096
2018-04-21T04:06:00Z  445.280  -18.012  146.650  5.55943E-16  SWARM-A  13.897  342.022
2018-04-21T04:06:30Z  444.646  -16.078  146.622  5.63585E-16  SWARM-A  13.903  343.948
2018-04-21T04:07:00Z  444.043  -14.143  146.592  5.70604E-16  SWARM-A  13.909  345.875
2018-04-21T04:07:30Z  443.473  -12.208  146.561  5.77215E-16  SWARM-A  13.916  347.801
2018-04-21T04:08:00Z  442.938  -10.272  146.528  5.83506E-16  SWARM-A  13.922  349.728
2018-04-21T04:08:30Z  442.439  -8.336  146.494  5.89291E-16  SWARM-A  13.928  351.655
2018-04-21T04:09:00Z  441.978  -6.399  146.459  5.94453E-16  SWARM-A  13.934  353.582
2018-04-21T04:09:30Z  441.554  -4.462  146.424  5.99244E-16  SWARM-A  13.940  355.509
2018-04-21T04:10:00Z  441.170  -2.525  146.388  6.03943E-16  SWARM-A  13.946  357.436
2018-04-21T04:10:30Z  440.826  -0.587  146.351  6.07834E-16  SWARM-A  13.952  359.364
2018-04-21T04:11:00Z  440.523  1.350  146.315  6.10845E-16  SWARM-A  13.958  1.292
2018-04-21T04:11:30Z  440.260  3.288  146.279  6.13203E-16  SWARM-A  13.964  3.219
2018-04-21T04:12:00Z  440.038  5.226  146.243  6.14911E-16  SWARM-A  13.970  5.148
2018-04-21T04:12:30Z  439.857  7.164  146.208  6.16049E-16  SWARM-A  13.976  7.076
2018-04-21T04:13:00Z  439.717  9.102  146.174  6.16610E-16  SWARM-A  13.982  9.004
2018-04-21T04:13:30Z  439.617  11.040  146.140  6.16586E-16  SWARM-A  13.988  10.933
2018-04-21T04:14:00Z  439.557  12.978  146.108  6.16052E-16  SWARM-A  13.994  12.862
2018-04-21T04:14:30Z  439.536  14.915  146.077  6.14957E-16  SWARM-A  14.000  14.790
2018-04-21T04:15:00Z  439.553  16.853  146.048  6.13325E-16  SWARM-A  14.007  16.720
2018-04-21T04:15:30Z  439.607  18.789  146.021  6.11146E-16  SWARM-A  14.013  18.649
2018-04-21T04:16:00Z  439.697  20.726  145.996  6.08427E-16  SWARM-A  14.020  20.578
2018-04-21T04:16:30Z  439.820  22.662  145.974  6.05136E-16  SWARM-A  14.027  22.508
2018-04-21T04:17:00Z  439.976  24.597  145.955  6.01219E-16  SWARM-A  14.034  24.437
2018-04-21T04:17:30Z  440.164  26.532  145.939  5.96685E-16  SWARM-A  14.041  26.367
2018-04-21T04:18:00Z  440.380  28.466  145.926  5.91470E-16  SWARM-A  14.048  28.297
2018-04-21T04:18:30Z  440.623  30.400  145.918  5.85586E-16  SWARM-A  14.056  30.227
2018-04-21T04:19:00Z  440.891  32.333  145.915  5.78992E-16  SWARM-A  14.064  32.157
2018-04-21T04:19:30Z  441.182  34.265  145.917  5.71940E-16  SWARM-A  14.073  34.088
2018-04-21T04:20:00Z  441.494  36.197  145.925  5.64371E-16  SWARM-A  14.082  36.018
2018-04-21T04:20:30Z  441.824  38.127  145.939  5.56314E-16  SWARM-A  14.091  37.949
2018-04-21T04:21:00Z  442.170  40.057  145.961  5.47918E-16  SWARM-A  14.101  39.879
2018-04-21T04:21:30Z  442.529  41.986  145.992  5.39108E-16  SWARM-A  14.111  41.810
2018-04-21T04:22:00Z  442.899  43.914  146.032  5.30203E-16  SWARM-A  14.122  43.741
2018-04-21T04:22:30Z  443.278  45.841  146.084  5.20931E-16  SWARM-A  14.134  45.672
2018-04-21T04:23:00Z  443.663  47.767  146.148  5.11825E-16  SWARM-A  14.147  47.603
2018-04-21T04:23:30Z  444.051  49.692  146.226  5.02846E-16  SWARM-A  14.160  49.534
2018-04-21T04:24:00Z  444.440  51.616  146.321  4.94044E-16  SWARM-A  14.175  51.466
2018-04-21T04:24:30Z  444.827  53.538  146.436  4.85525E-16  SWARM-A  14.191  53.397
2018-04-21T04:25:00Z  445.211  55.460  146.574  4.77351E-16  SWARM-A  14.208  55.328
2018-04-21T04:25:30Z  445.588  57.380  146.738  4.69585E-16  SWARM-A  14.228  57.260
2018-04-21T04:26:00Z  445.956  59.299  146.934  4.62263E-16  SWARM-A  14.249  59.192
2018-04-21T04:26:30Z  446.314  61.216  147.169  4.55384E-16  SWARM-A  14.273  61.123
2018-04-21T04:27:00Z  446.658  63.131  147.450  4.48932E-16  SWARM-A  14.300  63.055
2018-04-21T04:27:30Z  446.987  65.045  147.788  4.42832E-16  SWARM-A  14.331  64.987
2018-04-21T04:28:00Z  447.299  66.956  148.198  4.37028E-16  SWARM-A  14.367  66.919
2018-04-21T04:28:30Z  447.592  68.865  148.699  4.31406E-16  SWARM-A  14.408  68.851
2018-04-21T04:29:00Z  447.864  70.771  149.318  4.25900E-16  SWARM-A  14.458  70.783
2018-04-21T04:29:30Z  448.113  72.672  150.093  4.20535E-16  SWARM-A  14.518  72.715
2018-04-21T04:30:00Z  448.339  74.568  151.082  4.15353E-16  SWARM-A  14.592  74.647
2018-04-21T04:30:30Z  448.539  76.457  152.374  4.10503E-16  SWARM-A  14.687  76.579
2018-04-21T04:31:00Z  448.713  78.335  154.114  4.06006E-16  SWARM-A  14.811  78.511
2018-04-21T04:31:30Z  448.859  80.196  156.554  4.01676E-16  SWARM-A  14.982  80.443
2018-04-21T04:32:00Z  448.977  82.028  160.169  3.97436E-16  SWARM-A  15.231  82.375
2018-04-21T04:32:30Z  449.066  83.808  165.955  3.93148E-16  SWARM-A  15.625  84.307
2018-04-21T04:33:00Z  449.125  85.471  176.249  3.88675E-16  SWARM-A  16.320  86.240
2018-04-21T04:33:30Z  449.153  86.829  -163.229  3.84030E-16  SWARM-A  17.696  88.172
2018-04-21T04:34:00Z  449.152  87.360  -126.151  3.79100E-16  SWARM-A  20.177  90.104
2018-04-21T04:34:30Z  449.120  86.646  -91.399  3.73452E-16  SWARM-A  22.502  92.036
2018-04-21T04:35:00Z  449.057  85.215  -73.122  3.67293E-16  SWARM-A  23.729  93.969
2018-04-21T04:35:30Z  448.964  83.526  -63.820  3.60937E-16  SWARM-A  0.357  95.901
2018-04-21T04:36:00Z  448.842  81.735  -58.491  3.54539E-16  SWARM-A  0.721  97.833
2018-04-21T04:36:30Z  448.691  79.897  -55.113  3.48189E-16  SWARM-A  0.954  99.766
2018-04-21T04:37:00Z  448.512  78.032  -52.811  3.41985E-16  SWARM-A  1.116  101.698
2018-04-21T04:37:30Z  448.305  76.152  -51.157  3.36074E-16  SWARM-A  1.235  103.630
2018-04-21T04:38:00Z  448.072  74.262  -49.921  3.30488E-16  SWARM-A  1.325  105.562
2018-04-21T04:38:30Z  447.814  72.365  -48.972  3.25317E-16  SWARM-A  1.397  107.494
2018-04-21T04:39:00Z  447.533  70.462  -48.225  3.20647E-16  SWARM-A  1.455  109.427
2018-04-21T04:39:30Z  447.229  68.556  -47.627  3.16450E-16  SWARM-A  1.503  111.359
2018-04-21T04:40:00Z  446.906  66.647  -47.143  3.12757E-16  SWARM-A  1.544  113.291
2018-04-21T04:40:30Z  446.564  64.735  -46.745  3.09566E-16  SWARM-A  1.579  115.223
2018-04-21T04:41:00Z  446.205  62.821  -46.417  3.06951E-16  SWARM-A  1.609  117.155
2018-04-21T04:41:30Z  445.832  60.905  -46.144  3.04831E-16  SWARM-A  1.635  119.087
2018-04-21T04:42:00Z  445.446  58.987  -45.916  3.03249E-16  SWARM-A  1.659  121.019
2018-04-21T04:42:30Z  445.050  57.068  -45.726  3.02276E-16  SWARM-A  1.680  122.951
2018-04-21T04:43:00Z  444.647  55.147  -45.566  3.01925E-16  SWARM-A  1.699  124.883
2018-04-21T04:43:30Z  444.238  53.225  -45.432  3.02234E-16  SWARM-A  1.716  126.814
2018-04-21T04:44:00Z  443.826  51.302  -45.321  3.03030E-16  SWARM-A  1.732  128.746
2018-04-21T04:44:30Z  443.413  49.377  -45.228  3.04261E-16  SWARM-A  1.747  130.678
2018-04-21T04:45:00Z  443.002  47.452  -45.152  3.05875E-16  SWARM-A  1.760  132.609
2018-04-21T04:45:30Z  442.596  45.525  -45.090  3.07604E-16  SWARM-A  1.772  134.540
2018-04-21T04:46:00Z  442.197  43.598  -45.041  3.09562E-16  SWARM-A  1.784  136.472
2018-04-21T04:46:30Z  441.808  41.670  -45.002  3.11761E-16  SWARM-A  1.795  138.403
2018-04-21T04:47:00Z  441.430  39.740  -44.973  3.14217E-16  SWARM-A  1.805  140.334
2018-04-21T04:47:30Z  441.068  37.810  -44.952  3.16962E-16  SWARM-A  1.815  142.265
2018-04-21T04:48:00Z  440.722  35.879  -44.939  3.19968E-16  SWARM-A  1.824  144.196
2018-04-21T04:48:30Z  440.396  33.947  -44.932  3.23157E-16  SWARM-A  1.833  146.127
2018-04-21T04:49:00Z  440.091  32.014  -44.931  3.26445E-16  SWARM-A  1.841  148.058
2018-04-21T04:49:30Z  439.811  30.080  -44.935  3.29882E-16  SWARM-A  1.849  149.988
2018-04-21T04:50:00Z  439.557  28.146  -44.944  3.33374E-16  SWARM-A  1.857  151.919
2018-04-21T04:50:30Z  439.331  26.211  -44.956  3.36858E-16  SWARM-A  1.865  153.849
2018-04-21T04:51:00Z  439.136  24.276  -44.973  3.40271E-16  SWARM-A  1.872  155.779
2018-04-21T04:51:30Z  438.973  22.340  -44.993  3.43553E-16  SWARM-A  1.879  157.709
2018-04-21T04:52:00Z  438.844  20.403  -45.015  3.46680E-16  SWARM-A  1.886  159.639
2018-04-21T04:52:30Z  438.750  18.466  -45.041  3.49480E-16  SWARM-A  1.892  161.569
2018-04-21T04:53:00Z  438.693  16.529  -45.068  3.52003E-16  SWARM-A  1.899  163.499
2018-04-21T04:53:30Z  438.674  14.591  -45.097  3.54103E-16  SWARM-A  1.905  165.428
2018-04-21T04:54:00Z  438.695  12.653  -45.128  3.55766E-16  SWARM-A  1.912  167.358
2018-04-21T04:54:30Z  438.756  10.715  -45.161  3.56919E-16  SWARM-A  1.918  169.287
2018-04-21T04:55:00Z  438.858  8.777  -45.194  3.57599E-16  SWARM-A  1.924  171.216
2018-04-21T04:55:30Z  439.002  6.838  -45.229  3.57756E-16  SWARM-A  1.930  173.145
2018-04-21T04:56:00Z  439.187  4.900  -45.264  3.57359E-16  SWARM-A  1.936  175.074
2018-04-21T04:56:30Z  439.415  2.961  -45.300  3.56457E-16  SWARM-A  1.942  177.002
2018-04-21T04:57:00Z  439.685  1.023  -45.336  3.55045E-16  SWARM-A  1.948  178.930
2018-04-21T04:57:30Z  439.997  -0.915  -45.372  3.53119E-16  SWARM-A  1.954  180.859
2018-04-21T04:58:00Z  440.351  -2.853  -45.408  3.50752E-16  SWARM-A  1.960  182.787
2018-04-21T04:58:30Z  440.746  -4.791  -45.444  3.47994E-16  SWARM-A  1.966  184.714
2018-04-21T04:59:00Z  441.182  -6.728  -45.479  3.44873E-16  SWARM-A  1.972  186.642
2018-04-21T04:59:30Z  441.656  -8.666  -45.514  3.41482E-16  SWARM-A  1.978  188.570
2018-04-21T05:00:00Z  442.170  -10.602  -45.548  3.37800E-16  SWARM-A  1.984  190.497
2018-04-21T05:00:30Z  442.720  -12.538  -45.580  3.33897E-16  SWARM-A  1.990  192.424
2018-04-21T05:01:00Z  443.306  -14.474  -45.612  3.29824E-16  SWARM-A  1.996  194.351
2018-04-21T05:01:30Z  443.925  -16.409  -45.641  3.25580E-16  SWARM-A  2.002  196.278
2018-04-21T05:02:00Z  444.577  -18.343  -45.669  3.21177E-16  SWARM-A  2.009  198.204
2018-04-21T05:02:30Z  445.260  -20.276  -45.694  3.16645E-16  SWARM-A  2.016  200.130
2018-04-21T05:03:00Z  445.970  -22.209  -45.717  3.12016E-16  SWARM-A  2.022  202.057
2018-04-21T05:03:30Z  446.706  -24.141  -45.738  3.07250E-16  SWARM-A  2.029  203.982
2018-04-21T05:04:00Z  447.466  -26.072  -45.755  3.02404E-16  SWARM-A  2.037  205.908
2018-04-21T05:04:30Z  448.246  -28.002  -45.768  2.97514E-16  SWARM-A  2.044  207.834
2018-04-21T05:05:00Z  449.046  -29.931  -45.777  2.92578E-16  SWARM-A  2.052  209.759
2018-04-21T05:05:30Z  449.861  -31.859  -45.782  2.87625E-16  SWARM-A  2.060  211.684
2018-04-21T05:06:00Z  450.689  -33.786  -45.782  2.82678E-16  SWARM-A  2.068  213.609
2018-04-21T05:06:30Z  451.527  -35.712  -45.776  2.77753E-16  SWARM-A  2.077  215.534
2018-04-21T05:07:00Z  452.373  -37.637  -45.763  2.72955E-16  SWARM-A  2.086  217.459
2018-04-21T05:07:30Z  453.223  -39.561  -45.744  2.68308E-16  SWARM-A  2.096  219.383
2018-04-21T05:08:00Z  454.074  -41.484  -45.716  2.63864E-16  SWARM-A  2.106  221.308
2018-04-21T05:08:30Z  454.924  -43.405  -45.679  2.59687E-16  SWARM-A  2.117  223.232
2018-04-21T05:09:00Z  455.770  -45.326  -45.631  2.55835E-16  SWARM-A  2.128  225.156
2018-04-21T05:09:30Z  456.607  -47.245  -45.571  2.52337E-16  SWARM-A  2.140  227.080
2018-04-21T05:10:00Z  457.435  -49.162  -45.497  2.49215E-16  SWARM-A  2.154  229.003
2018-04-21T05:10:30Z  458.248  -51.079  -45.408  2.46499E-16  SWARM-A  2.168  230.927
2018-04-21T05:11:00Z  459.045  -52.994  -45.300  2.44185E-16  SWARM-A  2.184  232.850
2018-04-21T05:11:30Z  459.823  -54.907  -45.170  2.42330E-16  SWARM-A  2.200  234.773
2018-04-21T05:12:00Z  460.578  -56.820  -45.015  2.40860E-16  SWARM-A  2.219  236.697
2018-04-21T05:12:30Z  461.309  -58.730  -44.830  2.39738E-16  SWARM-A  2.240  238.620
2018-04-21T05:13:00Z  462.011  -60.639  -44.609  2.38896E-16  SWARM-A  2.263  240.542
2018-04-21T05:13:30Z  462.684  -62.546  -44.345  2.38321E-16  SWARM-A  2.289  242.465
2018-04-21T05:14:00Z  463.323  -64.451  -44.028  2.38039E-16  SWARM-A  2.318  244.388
2018-04-21T05:14:30Z  463.928  -66.354  -43.644  2.38011E-16  SWARM-A  2.352  246.310
2018-04-21T05:15:00Z  464.496  -68.254  -43.177  2.38227E-16  SWARM-A  2.392  248.232
2018-04-21T05:15:30Z  465.024  -70.152  -42.603  2.38610E-16  SWARM-A  2.438  250.155
2018-04-21T05:16:00Z  465.511  -72.045  -41.888  2.39060E-16  SWARM-A  2.494  252.077
2018-04-21T05:16:30Z  465.955  -73.933  -40.983  2.39572E-16  SWARM-A  2.563  253.999
2018-04-21T05:17:00Z  466.355  -75.815  -39.812  2.40141E-16  SWARM-A  2.649  255.921
2018-04-21T05:17:30Z  466.708  -77.687  -38.256  2.40752E-16  SWARM-A  2.761  257.843
2018-04-21T05:18:00Z  467.015  -79.545  -36.110  2.41377E-16  SWARM-A  2.913  259.765
2018-04-21T05:18:30Z  467.273  -81.379  -33.004  2.42015E-16  SWARM-A  3.128  261.687
2018-04-21T05:19:00Z  467.482  -83.172  -28.194  2.42712E-16  SWARM-A  3.457  263.609
2018-04-21T05:19:30Z  467.641  -84.880  -20.011  2.43414E-16  SWARM-A  4.011  265.530
2018-04-21T05:20:00Z  467.749  -86.381  -4.345  2.44329E-16  SWARM-A  5.064  267.452
2018-04-21T05:20:30Z  467.807  -87.303  26.594  2.45487E-16  SWARM-A  7.135  269.374
2018-04-21T05:21:00Z  467.813  -87.043  65.630  2.46896E-16  SWARM-A  9.746  271.296
2018-04-21T05:21:30Z  467.769  -85.817  89.547  2.48300E-16  SWARM-A  11.348  273.217
2018-04-21T05:22:00Z  467.674  -84.208  101.441  2.49867E-16  SWARM-A  12.150  275.139
2018-04-21T05:22:30Z  467.528  -82.458  107.962  2.51654E-16  SWARM-A  12.593  277.061
2018-04-21T05:23:00Z  467.332  -80.645  111.957  2.53858E-16  SWARM-A  12.867  278.983
2018-04-21T05:23:30Z  467.087  -78.800  114.615  2.56465E-16  SWARM-A  13.053  280.904
2018-04-21T05:24:00Z  466.795  -76.935  116.492  2.59615E-16  SWARM-A  13.186  282.826
2018-04-21T05:24:30Z  466.455  -75.059  117.874  2.63408E-16  SWARM-A  13.287  284.748
2018-04-21T05:25:00Z  466.070  -73.175  118.927  2.67918E-16  SWARM-A  13.365  286.670
2018-04-21T05:25:30Z  465.640  -71.284  119.748  2.73149E-16  SWARM-A  13.428  288.592
2018-04-21T05:26:00Z  465.168  -69.390  120.401  2.79281E-16  SWARM-A  13.480  290.514
2018-04-21T05:26:30Z  464.656  -67.492  120.929  2.86150E-16  SWARM-A  13.524  292.436
2018-04-21T05:27:00Z  464.104  -65.590  121.360  2.93788E-16  SWARM-A  13.561  294.358
2018-04-21T05:27:30Z  463.516  -63.687  121.715  3.02110E-16  SWARM-A  13.593  296.280
2018-04-21T05:28:00Z  462.893  -61.781  122.010  3.10978E-16  SWARM-A  13.621  298.203
2018-04-21T05:28:30Z  462.239  -59.874  122.255  3.20300E-16  SWARM-A  13.646  300.125
2018-04-21T05:29:00Z  461.554  -57.964  122.461  3.29894E-16  SWARM-A  13.668  302.048
2018-04-21T05:29:30Z  460.843  -56.053  122.633  3.39681E-16  SWARM-A  13.687  303.971
2018-04-21T05:30:00Z  460.107  -54.141  122.777  3.49506E-16  SWARM-A  13.705  305.893
2018-04-21T05:30:30Z  459.349  -52.227  122.898  3.59543E-16  SWARM-A  13.722  307.816
2018-04-21T05:31:00Z  458.572  -50.312  122.998  3.69851E-16  SWARM-A  13.737  309.739
2018-04-21T05:31:30Z  457.780  -48.395  123.081  3.80671E-16  SWARM-A  13.751  311.663
2018-04-21T05:32:00Z  456.974  -46.477  123.149  3.91842E-16  SWARM-A  13.763  313.586
2018-04-21T05:32:30Z  456.158  -44.558  123.204  4.03408E-16  SWARM-A  13.775  315.509
2018-04-21T05:33:00Z  455.334  -42.638  123.247  4.15193E-16  SWARM-A  13.787  317.433
2018-04-21T05:33:30Z  454.507  -40.716  123.280  4.27220E-16  SWARM-A  13.797  319.357
2018-04-21T05:34:00Z  453.678  -38.794  123.305  4.39433E-16  SWARM-A  13.807  321.281
2018-04-21T05:34:30Z  452.852  -36.870  123.321  4.51782E-16  SWARM-A  13.817  323.205
2018-04-21T05:35:00Z  452.029  -34.945  123.331  4.64308E-16  SWARM-A  13.826  325.129
2018-04-21T05:35:30Z  451.215  -33.019  123.335  4.76912E-16  SWARM-A  13.834  327.053
2018-04-21T05:36:00Z  450.411  -31.092  123.333  4.89584E-16  SWARM-A  13.842  328.978
2018-04-21T05:36:30Z  449.620  -29.164  123.326  5.02322E-16  SWARM-A  13.850  330.903
2018-04-21T05:37:00Z  448.845  -27.235  123.315  5.15039E-16  SWARM-A  13.858  332.828
2018-04-21T05:37:30Z  448.089  -25.305  123.300  5.27714E-16  SWARM-A  13.865  334.753
2018-04-21T05:38:00Z  447.353  -23.374  123.282  5.40278E-16  SWARM-A  13.872  336.678
2018-04-21T05:38:30Z  446.641  -21.443  123.260  5.52654E-16  SWARM-A  13.879  338.604
2018-04-21T05:39:00Z  445.955  -19.510  123.236  5.64761E-16  SWARM-A  13.886  340.529
2018-04-21T05:39:30Z  445.296  -17.577  123.210  5.76516E-16  SWARM-A  13.893  342.455
2018-04-21T05:40:00Z  444.667  -15.643  123.181  5.87862E-16  SWARM-A  13.899  344.381
2018-04-21T05:40:30Z  444.070  -13.708  123.151  5.98711E-16  SWARM-A  13.905  346.308
2018-04-21T05:41:00Z  443.506  -11.773  123.119  6.08940E-16  SWARM-A  13.912  348.234
2018-04-21T05:41:30Z  442.977  -9.837  123.086  6.18467E-16  SWARM-A  13.918  350.161
2018-04-21T05:42:00Z  442.485  -7.901  123.052  6.27206E-16  SWARM-A  13.924  352.087
2018-04-21T05:42:30Z  442.029  -5.965  123.017  6.35175E-16  SWARM-A  13.930  354.014
2018-04-21T05:43:00Z  441.613  -4.028  122.982  6.42291E-16  SWARM-A  13.936  355.941
2018-04-21T05:43:30Z  441.235  -2.090  122.946  6.48522E-16  SWARM-A  13.942  357.869
2018-04-21T05:44:00Z  440.898  -0.153  122.909  6.53865E-16  SWARM-A  13.948  359.796
2018-04-21T05:44:30Z  440.600  1.785  122.873  6.58300E-16  SWARM-A  13.953  1.724
2018-04-21T05:45:00Z  440.344  3.723  122.837  6.61849E-16  SWARM-A  13.959  3.652
2018-04-21T05:45:30Z  440.128  5.661  122.802  6.64529E-16  SWARM-A  13.965  5.580
2018-04-21T05:46:00Z  439.953  7.599  122.767  6.66326E-16  SWARM-A  13.971  7.508
2018-04-21T05:46:30Z  439.818  9.537  122.732  6.67314E-16  SWARM-A  13.977  9.436
2018-04-21T05:47:00Z  439.724  11.475  122.699  6.67479E-16  SWARM-A  13.984  11.365
2018-04-21T05:47:30Z  439.668  13.412  122.667  6.66893E-16  SWARM-A  13.990  13.294
2018-04-21T05:48:00Z  439.651  15.349  122.637  6.65558E-16  SWARM-A  13.996  15.223
2018-04-21T05:48:30Z  439.672  17.286  122.608  6.63469E-16  SWARM-A  14.002  17.152
2018-04-21T05:49:00Z  439.729  19.223  122.582  6.60668E-16  SWARM-A  14.009  19.081
2018-04-21T05:49:30Z  439.822  21.159  122.558  6.57138E-16  SWARM-A  14.016  21.010
2018-04-21T05:50:00Z  439.948  23.095  122.536  6.52873E-16  SWARM-A  14.023  22.940
2018-04-21T05:50:30Z  440.106  25.030  122.517  6.47947E-16  SWARM-A  14.030  24.869
2018-04-21T05:51:00Z  440.295  26.965  122.502  6.42256E-16  SWARM-A  14.037  26.799
2018-04-21T05:51:30Z  440.512  28.899  122.491  6.35751E-16  SWARM-A  14.045  28.729
2018-04-21T05:52:00Z  440.756  30.833  122.484  6.28492E-16  SWARM-A  14.053  30.659
2018-04-21T05:52:30Z  441.024  32.765  122.482  6.20589E-16  SWARM-A  14.061  32.589
2018-04-21T05:53:00Z  441.314  34.697  122.485  6.11953E-16  SWARM-A  14.069  34.520
2018-04-21T05:53:30Z  441.625  36.629  122.494  6.02704E-16  SWARM-A  14.078  36.450
2018-04-21T05:54:00Z  441.953  38.559  122.511  5.92768E-16  SWARM-A  14.088  38.381
2018-04-21T05:54:30Z  442.297  40.489  122.535  5.82293E-16  SWARM-A  14.098  40.311
2018-04-21T05:55:00Z  442.653  42.417  122.568  5.71268E-16  SWARM-A  14.108  42.242
2018-04-21T05:55:30Z  443.020  44.345  122.610  5.59934E-16  SWARM-A  14.119  44.173
2018-04-21T05:56:00Z  443.395  46.272  122.665  5.48337E-16  SWARM-A  14.131  46.104
2018-04-21T05:56:30Z  443.775  48.197  122.732  5.36553E-16  SWARM-A  14.144  48.035
2018-04-21T05:57:00Z  444.158  50.122  122.814  5.24727E-16  SWARM-A  14.158  49.966
2018-04-21T05:57:30Z  444.541  52.046  122.914  5.12949E-16  SWARM-A  14.173  51.898
2018-04-21T05:58:00Z  444.922  53.968  123.033  5.01357E-16  SWARM-A  14.189  53.829
2018-04-21T05:58:30Z  445.299  55.889  123.177  4.90018E-16  SWARM-A  14.207  55.760
2018-04-21T05:59:00Z  445.669  57.809  123.348  4.79026E-16  SWARM-A  14.227  57.692
2018-04-21T05:59:30Z  446.030  59.727  123.552  4.68448E-16  SWARM-A  14.249  59.624
2018-04-21T06:00:00Z  446.380  61.644  123.797  4.58708E-16  SWARM-A  14.273  61.555
2018-04-21T06:00:30Z  446.716  63.559  124.090  4.49000E-16  SWARM-A  14.301  63.487
2018-04-21T06:01:00Z  447.037  65.473  124.444  4.39684E-16  SWARM-A  14.333  65.419
2018-04-21T06:01:30Z  447.340  67.383  124.872  4.30685E-16  SWARM-A  14.370  67.351
2018-04-21T06:02:00Z  447.624  69.292  125.398  4.21976E-16  SWARM-A  14.413  69.283
2018-04-21T06:02:30Z  447.887  71.196  126.048  4.13482E-16  SWARM-A  14.465  71.215
2018-04-21T06:03:00Z  448.127  73.097  126.866  4.05339E-16  SWARM-A  14.528  73.147
2018-04-21T06:03:30Z  448.343  74.991  127.915  3.97662E-16  SWARM-A  14.606  75.079
2018-04-21T06:04:00Z  448.534  76.878  129.294  3.90555E-16  SWARM-A  14.707  77.011
2018-04-21T06:04:30Z  448.697  78.752  131.164  3.84050E-16  SWARM-A  14.840  78.943
2018-04-21T06:05:00Z  448.834  80.608  133.817  3.78173E-16  SWARM-A  15.025  80.875
2018-04-21T06:05:30Z  448.941  82.432  137.806  3.72744E-16  SWARM-A  15.299  82.808
2018-04-21T06:06:00Z  449.020  84.193  144.325  3.67701E-16  SWARM-A  15.742  84.740
2018-04-21T06:06:30Z  449.069  85.811  156.242  3.62918E-16  SWARM-A  16.545  86.672
2018-04-21T06:07:00Z  449.087  87.044  -179.720  3.58301E-16  SWARM-A  18.156  88.605
2018-04-21T06:07:30Z  449.075  87.299  -140.470  3.53793E-16  SWARM-A  20.781  90.537
2018-04-21T06:08:00Z  449.033  86.363  -109.550  3.49012E-16  SWARM-A  22.850  92.469
2018-04-21T06:08:30Z  448.961  84.849  -93.965  3.44161E-16  SWARM-A  23.898  94.401
2018-04-21T06:09:00Z  448.859  83.130  -85.835  3.39440E-16  SWARM-A  0.448  96.334
2018-04-21T06:09:30Z  448.728  81.325  -81.057  3.34872E-16  SWARM-A  0.775  98.266
2018-04-21T06:10:00Z  448.568  79.480  -77.971  3.30493E-16  SWARM-A  0.989  100.198
2018-04-21T06:10:30Z  448.380  77.612  -75.839  3.26369E-16  SWARM-A  1.139  102.131
2018-04-21T06:11:00Z  448.165  75.729  -74.293  3.22588E-16  SWARM-A  1.251  104.063
2018-04-21T06:11:30Z  447.924  73.837  -73.130  3.19223E-16  SWARM-A  1.337  105.995
2018-04-21T06:12:00Z  447.659  71.938  -72.231  3.16254E-16  SWARM-A  1.405  107.928
2018-04-21T06:12:30Z  447.372  70.035  -71.521  3.13767E-16  SWARM-A  1.461  109.860
2018-04-21T06:13:00Z  447.062  68.128  -70.950  3.11723E-16  SWARM-A  1.507  111.792
2018-04-21T06:13:30Z  446.734  66.218  -70.487  3.10117E-16  SWARM-A  1.546  113.724
2018-04-21T06:14:00Z  446.387  64.305  -70.106  3.08920E-16  SWARM-A  1.580  115.656
2018-04-21T06:14:30Z  446.025  62.391  -69.791  3.08126E-16  SWARM-A  1.609  117.588
2018-04-21T06:15:00Z  445.649  60.474  -69.528  3.07726E-16  SWARM-A  1.635  119.520
2018-04-21T06:15:30Z  445.262  58.556  -69.309  3.07725E-16  SWARM-A  1.658  121.452
2018-04-21T06:16:00Z  444.865  56.637  -69.125  3.07976E-16  SWARM-A  1.679  123.384
2018-04-21T06:16:30Z  444.461  54.716  -68.972  3.08539E-16  SWARM-A  1.697  125.316
2018-04-21T06:17:00Z  444.053  52.793  -68.843  3.09416E-16  SWARM-A  1.714  127.248
2018-04-21T06:17:30Z  443.643  50.870  -68.736  3.10518E-16  SWARM-A  1.730  129.179
2018-04-21T06:18:00Z  443.233  48.945  -68.647  3.11859E-16  SWARM-A  1.744  131.111
2018-04-21T06:18:30Z  442.826  47.019  -68.574  3.13222E-16  SWARM-A  1.757  133.043
2018-04-21T06:19:00Z  442.424  45.093  -68.515  3.14651E-16  SWARM-A  1.769  134.974
2018-04-21T06:19:30Z  442.030  43.165  -68.468  3.16110E-16  SWARM-A  1.781  136.905
2018-04-21T06:20:00Z  441.646  41.236  -68.432  3.17490E-16  SWARM-A  1.792  138.837
2018-04-21T06:20:30Z  441.276  39.307  -68.404  3.18737E-16  SWARM-A  1.802  140.768
2018-04-21T06:21:00Z  440.920  37.376  -68.385  3.19876E-16  SWARM-A  1.811  142.699
2018-04-21T06:21:30Z  440.583  35.445  -68.373  3.20902E-16  SWARM-A  1.820  144.630
2018-04-21T06:22:00Z  440.266  33.513  -68.367  3.21783E-16  SWARM-A  1.829  146.561
2018-04-21T06:22:30Z  439.972  31.580  -68.367  3.22541E-16  SWARM-A  1.838  148.491
2018-04-21T06:23:00Z  439.702  29.646  -68.372  3.23172E-16  SWARM-A  1.846  150.422
2018-04-21T06:23:30Z  439.460  27.712  -68.382  3.23651E-16  SWARM-A  1.853  152.352
2018-04-21T06:24:00Z  439.246  25.777  -68.396  3.23954E-16  SWARM-A  1.861  154.283
2018-04-21T06:24:30Z  439.064  23.841  -68.413  3.24031E-16  SWARM-A  1.868  156.213
2018-04-21T06:25:00Z  438.914  21.905  -68.433  3.23876E-16  SWARM-A  1.875  158.143
2018-04-21T06:25:30Z  438.799  19.968  -68.456  3.23452E-16  SWARM-A  1.882  160.073
2018-04-21T06:26:00Z  438.720  18.031  -68.482  3.22719E-16  SWARM-A  1.888  162.003
2018-04-21T06:26:30Z  438.678  16.094  -68.510  3.21708E-16  SWARM-A  1.895  163.932
2018-04-21T06:27:00Z  438.674  14.156  -68.539  3.20352E-16  SWARM-A  1.901  165.862
2018-04-21T06:27:30Z  438.711  12.218  -68.571  3.18667E-16  SWARM-A  1.907  167.791
2018-04-21T06:28:00Z  438.787  10.280  -68.603  3.16667E-16  SWARM-A  1.913  169.720
2018-04-21T06:28:30Z  438.905  8.341  -68.637  3.14392E-16  SWARM-A  1.920  171.649
2018-04-21T06:29:00Z  439.064  6.403  -68.672  3.11808E-16  SWARM-A  1.926  173.578
2018-04-21T06:29:30Z  439.266  4.464  -68.707  3.08978E-16  SWARM-A  1.932  175.507
2018-04-21T06:30:00Z  439.509  2.526  -68.743  3.05904E-16  SWARM-A  1.937  177.435
2018-04-21T06:30:30Z  439.794  0.588  -68.779  3.02596E-16  SWARM-A  1.943  179.364
2018-04-21T06:31:00Z  440.121  -1.351  -68.815  2.99102E-16  SWARM-A  1.949  181.292
2018-04-21T06:31:30Z  440.490  -3.289  -68.851  2.95453E-16  SWARM-A  1.955  183.220
2018-04-21T06:32:00Z  440.899  -5.226  -68.887  2.91696E-16  SWARM-A  1.961  185.147
2018-04-21T06:32:30Z  441.348  -7.164  -68.922  2.87818E-16  SWARM-A  1.967  187.075
2018-04-21T06:33:00Z  441.837  -9.101  -68.957  2.83850E-16  SWARM-A  1.973  189.002
2018-04-21T06:33:30Z  442.363  -11.037  -68.990  2.79802E-16  SWARM-A  1.979  190.930
2018-04-21T06:34:00Z  442.925  -12.973  -69.022  2.75647E-16  SWARM-A  1.986  192.857
2018-04-21T06:34:30Z  443.522  -14.908  -69.053  2.71368E-16  SWARM-A  1.992  194.783
2018-04-21T06:35:00Z  444.153  -16.843  -69.082  2.67068E-16  SWARM-A  1.998  196.710
2018-04-21T06:35:30Z  444.815  -18.777  -69.109  2.62593E-16  SWARM-A  2.005  198.637
2018-04-21T06:36:00Z  445.507  -20.710  -69.134  2.57894E-16  SWARM-A  2.011  200.563
2018-04-21T06:36:30Z  446.225  -22.643  -69.157  2.53156E-16  SWARM-A  2.018  202.489
2018-04-21T06:37:00Z  446.969  -24.574  -69.176  2.48207E-16  SWARM-A  2.025  204.415
2018-04-21T06:37:30Z  447.736  -26.505  -69.192  2.43145E-16  SWARM-A  2.033  206.340
2018-04-21T06:38:00Z  448.523  -28.435  -69.205  2.37928E-16  SWARM-A  2.040  208.266
2018-04-21T06:38:30Z  449.327  -30.364  -69.213  2.32631E-16  SWARM-A  2.048  210.191
2018-04-21T06:39:00Z  450.146  -32.292  -69.217  2.27207E-16  SWARM-A  2.056  212.116
2018-04-21T06:39:30Z  450.978  -34.219  -69.215  2.21748E-16  SWARM-A  2.064  214.041
2018-04-21T06:40:00Z  451.819  -36.144  -69.208  2.16319E-16  SWARM-A  2.073  215.966
2018-04-21T06:40:30Z  452.666  -38.069  -69.194  2.10897E-16  SWARM-A  2.082  217.891
2018-04-21T06:41:00Z  453.517  -39.992  -69.172  2.05631E-16  SWARM-A  2.092  219.815
2018-04-21T06:41:30Z  454.368  -41.915  -69.142  2.00529E-16  SWARM-A  2.103  221.739
2018-04-21T06:42:00Z  455.217  -43.836  -69.103  1.95667E-16  SWARM-A  2.114  223.663
2018-04-21T06:42:30Z  456.061  -45.756  -69.052  1.91148E-16  SWARM-A  2.125  225.587
2018-04-21T06:43:00Z  456.895  -47.674  -68.989  1.86941E-16  SWARM-A  2.138  227.511
2018-04-21T06:43:30Z  457.719  -49.592  -68.912  1.83112E-16  SWARM-A  2.151  229.434
2018-04-21T06:44:00Z  458.528  -51.508  -68.819  1.79671E-16  SWARM-A  2.166  231.358
2018-04-21T06:44:30Z  459.320  -53.423  -68.706  1.76643E-16  SWARM-A  2.182  233.281
2018-04-21T06:45:00Z  460.091  -55.336  -68.571  1.74038E-16  SWARM-A  2.199  235.204
2018-04-21T06:45:30Z  460.840  -57.248  -68.409  1.71875E-16  SWARM-A  2.218  237.127
2018-04-21T06:46:00Z  461.563  -59.158  -68.217  1.70171E-16  SWARM-A  2.239  239.050
2018-04-21T06:46:30Z  462.257  -61.066  -67.987  1.68849E-16  SWARM-A  2.263  240.973
2018-04-21T06:47:00Z  462.921  -62.973  -67.711  1.67974E-16  SWARM-A  2.290  242.896
2018-04-21T06:47:30Z  463.551  -64.877  -67.380  1.67578E-16  SWARM-A  2.320  244.818
2018-04-21T06:48:00Z  464.145  -66.780  -66.979  1.67656E-16  SWARM-A  2.355  246.740
2018-04-21T06:48:30Z  464.702  -68.679  -66.490  1.68211E-16  SWARM-A  2.396  248.663
2018-04-21T06:49:00Z  465.219  -70.576  -65.888  1.69191E-16  SWARM-A  2.445  250.585
2018-04-21T06:49:30Z  465.695  -72.468  -65.135  1.70509E-16  SWARM-A  2.503  252.507
2018-04-21T06:50:00Z  466.127  -74.355  -64.177  1.72149E-16  SWARM-A  2.575  254.429
2018-04-21T06:50:30Z  466.514  -76.234  -62.932  1.74139E-16  SWARM-A  2.667  256.351
2018-04-21T06:51:00Z  466.855  -78.104  -61.265  1.76366E-16  SWARM-A  2.786  258.273
2018-04-21T06:51:30Z  467.148  -79.957  -58.944  1.78914E-16  SWARM-A  2.949  260.195
2018-04-21T06:52:00Z  467.393  -81.785  -55.540  1.81722E-16  SWARM-A  3.184  262.117
2018-04-21T06:52:30Z  467.588  -83.564  -50.170  1.84866E-16  SWARM-A  3.551  264.038
2018-04-21T06:53:00Z  467.733  -85.241  -40.804  1.88371E-16  SWARM-A  4.184  265.960
2018-04-21T06:53:30Z  467.827  -86.658  -22.444  1.92331E-16  SWARM-A  5.416  267.882
2018-04-21T06:54:00Z  467.871  -87.358  12.234  1.96810E-16  SWARM-A  7.736  269.804
2018-04-21T06:54:30Z  467.863  -86.826  49.048  2.01734E-16  SWARM-A  10.199  271.725
2018-04-21T06:55:00Z  467.805  -85.477  69.485  2.06934E-16  SWARM-A  11.569  273.647
2018-04-21T06:55:30Z  467.695  -83.824  79.775  2.12473E-16  SWARM-A  12.264  275.569
2018-04-21T06:56:00Z  467.535  -82.056  85.571  2.18452E-16  SWARM-A  12.658  277.490
2018-04-21T06:56:30Z  467.326  -80.234  89.198  2.24856E-16  SWARM-A  12.909  279.412
2018-04-21T06:57:00Z  467.067  -78.384  91.647  2.31788E-16  SWARM-A  13.080  281.334
2018-04-21T06:57:30Z  466.760  -76.516  93.395  2.39246E-16  SWARM-A  13.205  283.256
2018-04-21T06:58:00Z  466.407  -74.638  94.693  2.47269E-16  SWARM-A  13.300  285.178
2018-04-21T06:58:30Z  466.008  -72.752  95.687  2.55910E-16  SWARM-A  13.375  287.100
2018-04-21T06:59:00Z  465.566  -70.861  96.467  2.65062E-16  SWARM-A  13.435  289.022
2018-04-21T06:59:30Z  465.081  -68.965  97.090  2.74767E-16  SWARM-A  13.485  290.944
2018-04-21T07:00:00Z  464.555  -67.067  97.594  2.84891E-16  SWARM-A  13.527  292.866
2018-04-21T07:00:30Z  463.991  -65.165  98.006  2.95383E-16  SWARM-A  13.563  294.788
2018-04-21T07:01:00Z  463.391  -63.261  98.347  3.06117E-16  SWARM-A  13.594  296.710
2018-04-21T07:01:30Z  462.757  -61.355  98.630  3.16902E-16  SWARM-A  13.621  298.633
2018-04-21T07:02:00Z  462.092  -59.447  98.866  3.27566E-16  SWARM-A  13.645  300.555
2018-04-21T07:02:30Z  461.397  -57.537  99.064  3.37993E-16  SWARM-A  13.666  302.478
2018-04-21T07:03:00Z  460.675  -55.626  99.230  3.48114E-16  SWARM-A  13.686  304.400
2018-04-21T07:03:30Z  459.930  -53.713  99.369  3.57954E-16  SWARM-A  13.703  306.323
2018-04-21T07:04:00Z  459.163  -51.799  99.485  3.67520E-16  SWARM-A  13.719  308.246
2018-04-21T07:04:30Z  458.379  -49.883  99.581  3.76970E-16  SWARM-A  13.734  310.169
2018-04-21T07:05:00Z  457.578  -47.966  99.660  3.86287E-16  SWARM-A  13.748  312.093
2018-04-21T07:05:30Z  456.765  -46.048  99.725  3.95460E-16  SWARM-A  13.760  314.016
2018-04-21T07:06:00Z  455.943  -44.129  99.777  4.04480E-16  SWARM-A  13.772  315.939
2018-04-21T07:06:30Z  455.114  -42.208  99.818  4.13344E-16  SWARM-A  13.783  317.863
2018-04-21T07:07:00Z  454.282  -40.286  99.850  4.22040E-16  SWARM-A  13.794  319.787
2018-04-21T07:07:30Z  453.449  -38.364  99.872  4.30515E-16  SWARM-A  13.804  321.711
2018-04-21T07:08:00Z  452.618  -36.439  99.888  4.39055E-16  SWARM-A  13.813  323.635
2018-04-21T07:08:30Z  451.793  -34.514  99.896  4.47340E-16  SWARM-A  13.822  325.559
2018-04-21T07:09:00Z  450.976  -32.588  99.898  4.55554E-16  SWARM-A  13.830  327.484
2018-04-21T07:09:30Z  450.171  -30.661  99.895  4.63772E-16  SWARM-A  13.838  329.409
2018-04-21T07:10:00Z  449.379  -28.732  99.888  4.72026E-16  SWARM-A  13.846  331.333
2018-04-21T07:10:30Z  448.604  -26.803  99.876  4.80283E-16  SWARM-A  13.854  333.259
2018-04-21T07:11:00Z  447.848  -24.873  99.860  4.88573E-16  SWARM-A  13.861  335.184
2018-04-21T07:11:30Z  447.114  -22.942  99.841  4.97083E-16  SWARM-A  13.868  337.109
2018-04-21T07:12:00Z  446.404  -21.010  99.819  5.05901E-16  SWARM-A  13.875  339.035
2018-04-21T07:12:30Z  445.720  -19.077  99.794  5.14734E-16  SWARM-A  13.882  340.960
2018-04-21T07:13:00Z  445.065  -17.144  99.768  5.23536E-16  SWARM-A  13.888  342.886
2018-04-21T07:13:30Z  444.440  -15.210  99.739  5.32268E-16  SWARM-A  13.895  344.812
2018-04-21T07:14:00Z  443.847  -13.275  99.708  5.40864E-16  SWARM-A  13.901  346.739
2018-04-21T07:14:30Z  443.289  -11.340  99.676  5.49301E-16  SWARM-A  13.907  348.665
2018-04-21T07:15:00Z  442.766  -9.404  99.643  5.57410E-16  SWARM-A  13.913  350.592
2018-04-21T07:15:30Z  442.280  -7.467  99.609  5.64522E-16  SWARM-A  13.919  352.519
2018-04-21T07:16:00Z  441.831  -5.531  99.573  5.71266E-16  SWARM-A  13.925  354.446
2018-04-21T07:16:30Z  441.422  -3.594  99.538  5.77597E-16  SWARM-A  13.931  356.373
2018-04-21T07:17:00Z  441.052  -1.656  99.502  5.83512E-16  SWARM-A  13.937  358.301
2018-04-21T07:17:30Z  440.723  0.282  99.466  5.88923E-16  SWARM-A  13.943  0.228
2018-04-21T07:18:00Z  440.434  2.219  99.429  5.93842E-16  SWARM-A  13.949  2.156
2018-04-21T07:18:30Z  440.186  4.157  99.394  5.98240E-16  SWARM-A  13.955  4.084
2018-04-21T07:19:00Z  439.980  6.095  99.358  6.02108E-16  SWARM-A  13.961  6.012
2018-04-21T07:19:30Z  439.814  8.033  99.323  6.05238E-16  SWARM-A  13.967  7.940
2018-04-21T07:20:00Z  439.689  9.971  99.289  6.07825E-16  SWARM-A  13.973  9.869
2018-04-21T07:20:30Z  439.604  11.909  99.257  6.09911E-16  SWARM-A  13.979  11.797
2018-04-21T07:21:00Z  439.558  13.846  99.225  6.11533E-16  SWARM-A  13.985  13.726
2018-04-21T07:21:30Z  439.552  15.784  99.195  6.12688E-16  SWARM-A  13.992  15.655
2018-04-21T07:22:00Z  439.583  17.721  99.167  6.13450E-16  SWARM-A  13.998  17.584
2018-04-21T07:22:30Z  439.650  19.657  99.141  6.13736E-16  SWARM-A  14.005  19.514
2018-04-21T07:23:00Z  439.752  21.594  99.117  6.13589E-16  SWARM-A  14.012  21.443
2018-04-21T07:23:30Z  439.889  23.529  99.097  6.13036E-16  SWARM-A  14.019  23.372
2018-04-21T07:24:00Z  440.057  25.464  99.079  6.12005E-16  SWARM-A  14.026  25.302
2018-04-21T07:24:30Z  440.255  27.399  99.065  6.10511E-16  SWARM-A  14.033  27.232
2018-04-21T07:25:00Z  440.482  29.333  99.054  6.08522E-16  SWARM-A  14.041  29.162
2018-04-21T07:25:30Z  440.735  31.266  99.048  6.06085E-16  SWARM-A  14.049  31.092
2018-04-21T07:26:00Z  441.012  33.199  99.047  6.03111E-16  SWARM-A  14.057  33.022
2018-04-21T07:26:30Z  441.311  35.131  99.052  5.99652E-16  SWARM-A  14.066  34.953
2018-04-21T07:27:00Z  441.630  37.062  99.063  5.95647E-16  SWARM-A  14.075  36.883
2018-04-21T07:27:30Z  441.966  38.992  99.081  5.91181E-16  SWARM-A  14.084  38.814
2018-04-21T07:28:00Z  442.318  40.922  99.107  5.86226E-16  SWARM-A  14.094  40.745
2018-04-21T07:28:30Z  442.681  42.850  99.142  5.80829E-16  SWARM-A  14.105  42.675
2018-04-21T07:29:00Z  443.056  44.778  99.188  5.75022E-16  SWARM-A  14.116  44.606
2018-04-21T07:29:30Z  443.437  46.704  99.245  5.68831E-16  SWARM-A  14.128  46.537
2018-04-21T07:30:00Z  443.824  48.630  99.315  5.62332E-16  SWARM-A  14.142  48.469
2018-04-21T07:30:30Z  444.213  50.554  99.401  5.55546E-16  SWARM-A  14.156  50.400
2018-04-21T07:31:00Z  444.603  52.477  99.505  5.48551E-16  SWARM-A  14.171  52.331
2018-04-21T07:31:30Z  444.990  54.399  99.630  5.41418E-16  SWARM-A  14.187  54.263
2018-04-21T07:32:00Z  445.372  56.320  99.779  5.34147E-16  SWARM-A  14.206  56.194
2018-04-21T07:32:30Z  445.747  58.240  99.957  5.26846E-16  SWARM-A  14.226  58.126
2018-04-21T07:33:00Z  446.112  60.158  100.170  5.19491E-16  SWARM-A  14.249  60.057
2018-04-21T07:33:30Z  446.466  62.074  100.425  5.12095E-16  SWARM-A  14.274  61.989
2018-04-21T07:34:00Z  446.806  63.989  100.731  5.04637E-16  SWARM-A  14.303  63.921
2018-04-21T07:34:30Z  447.130  65.902  101.100  4.97077E-16  SWARM-A  14.336  65.853
2018-04-21T07:35:00Z  447.436  67.812  101.549  4.89312E-16  SWARM-A  14.374  67.784
2018-04-21T07:35:30Z  447.722  69.719  102.100  4.81349E-16  SWARM-A  14.419  69.716
2018-04-21T07:36:00Z  447.987  71.623  102.784  4.73172E-16  SWARM-A  14.473  71.648
2018-04-21T07:36:30Z  448.229  73.522  103.648  4.64926E-16  SWARM-A  14.539  73.580
2018-04-21T07:37:00Z  448.446  75.415  104.761  4.56825E-16  SWARM-A  14.621  75.513
2018-04-21T07:37:30Z  448.638  77.299  106.233  4.48973E-16  SWARM-A  14.728  77.445
2018-04-21T07:38:00Z  448.802  79.171  108.249  4.41466E-16  SWARM-A  14.870  79.377
2018-04-21T07:38:30Z  448.939  81.021  111.139  4.34149E-16  SWARM-A  15.071  81.309
2018-04-21T07:39:00Z  449.047  82.833  115.559  4.26961E-16  SWARM-A  15.374  83.241
2018-04-21T07:39:30Z  449.125  84.572  122.945  4.19848E-16  SWARM-A  15.875  85.173
2018-04-21T07:40:00Z  449.174  86.135  136.822  4.12875E-16  SWARM-A  16.809  87.106
2018-04-21T07:40:30Z  449.192  87.211  164.751  4.05983E-16  SWARM-A  18.679  89.038
2018-04-21T07:41:00Z  449.180  87.173  -155.383  3.98888E-16  SWARM-A  21.345  90.970
2018-04-21T07:41:30Z  449.138  86.053  -128.483  3.91263E-16  SWARM-A  23.147  92.902
2018-04-21T07:42:00Z  449.065  84.475  -115.147  3.83515E-16  SWARM-A  0.044  94.835
2018-04-21T07:42:30Z  448.962  82.730  -107.998  3.75774E-16  SWARM-A  0.529  96.767
2018-04-21T07:43:00Z  448.830  80.914  -103.696  3.68084E-16  SWARM-A  0.824  98.699
2018-04-21T07:43:30Z  448.670  79.063  -100.869  3.60509E-16  SWARM-A  1.021  100.631
2018-04-21T07:44:00Z  448.481  77.190  -98.892  3.53116E-16  SWARM-A  1.161  102.564
2018-04-21T07:44:30Z  448.266  75.306  -97.444  3.45970E-16  SWARM-A  1.266  104.496
2018-04-21T07:45:00Z  448.026  73.412  -96.348  3.38883E-16  SWARM-A  1.347  106.428
2018-04-21T07:45:30Z  447.761  71.513  -95.496  3.31989E-16  SWARM-A  1.412  108.360
2018-04-21T07:46:00Z  447.474  69.608  -94.821  3.25444E-16  SWARM-A  1.466  110.292
2018-04-21T07:46:30Z  447.166  67.701  -94.277  3.19288E-16  SWARM-A  1.510  112.224
2018-04-21T07:47:00Z  446.838  65.790  -93.833  3.13511E-16  SWARM-A  1.548  114.156
2018-04-21T07:47:30Z  446.493  63.877  -93.468  3.08155E-16  SWARM-A  1.581  116.088
2018-04-21T07:48:00Z  446.133  61.962  -93.165  3.03229E-16  SWARM-A  1.610  118.020
2018-04-21T07:48:30Z  445.759  60.045  -92.913  2.98731E-16  SWARM-A  1.635  119.952
2018-04-21T07:49:00Z  445.374  58.127  -92.703  2.94598E-16  SWARM-A  1.657  121.884
2018-04-21T07:49:30Z  444.981  56.207  -92.526  2.90857E-16  SWARM-A  1.677  123.816
2018-04-21T07:50:00Z  444.580  54.286  -92.378  2.87513E-16  SWARM-A  1.695  125.747
2018-04-21T07:50:30Z  444.176  52.364  -92.255  2.84750E-16  SWARM-A  1.712  127.679
2018-04-21T07:51:00Z  443.769  50.440  -92.152  2.82366E-16  SWARM-A  1.727  129.611
2018-04-21T07:51:30Z  443.364  48.515  -92.067  2.80184E-16  SWARM-A  1.741  131.542
2018-04-21T07:52:00Z  442.961  46.590  -91.997  2.78368E-16  SWARM-A  1.754  133.474
2018-04-21T07:52:30Z  442.564  44.663  -91.941  2.76885E-16  SWARM-A  1.766  135.405
2018-04-21T07:53:00Z  442.176  42.735  -91.896  2.75674E-16  SWARM-A  1.777  137.336
2018-04-21T07:53:30Z  441.798  40.806  -91.862  2.74714E-16  SWARM-A  1.788  139.267
2018-04-21T07:54:00Z  441.433  38.876  -91.836  2.73977E-16  SWARM-A  1.798  141.198
2018-04-21T07:54:30Z  441.084  36.946  -91.818  2.73548E-16  SWARM-A  1.808  143.129
2018-04-21T07:55:00Z  440.753  35.014  -91.808  2.73321E-16  SWARM-A  1.817  145.060
2018-04-21T07:55:30Z  440.442  33.082  -91.803  2.73232E-16  SWARM-A  1.825  146.991
2018-04-21T07:56:00Z  440.154  31.149  -91.805  2.73089E-16  SWARM-A  1.834  148.921
2018-04-21T07:56:30Z  439.892  29.215  -91.811  2.73076E-16  SWARM-A  1.841  150.852
2018-04-21T07:57:00Z  439.656  27.281  -91.821  2.73169E-16  SWARM-A  1.849  152.782
2018-04-21T07:57:30Z  439.449  25.346  -91.836  2.73323E-16  SWARM-A  1.857  154.712
2018-04-21T07:58:00Z  439.273  23.411  -91.854  2.73494E-16  SWARM-A  1.864  156.642
2018-04-21T07:58:30Z  439.130  21.474  -91.875  2.73610E-16  SWARM-A  1.871  158.572
2018-04-21T07:59:00Z  439.022  19.538  -91.898  2.73598E-16  SWARM-A  1.877  160.502
2018-04-21T07:59:30Z  438.949  17.601  -91.925  2.73438E-16  SWARM-A  1.884  162.431
2018-04-21T08:00:00Z  438.914  15.663  -91.953  2.73088E-16  SWARM-A  1.890  164.361
2018-04-21T08:00:30Z  438.916  13.726  -91.983  2.72528E-16  SWARM-A  1.897  166.290
2018-04-21T08:01:00Z  438.959  11.788  -92.014  2.71711E-16  SWARM-A  1.903  168.219
2018-04-21T08:01:30Z  439.041  9.850  -92.047  2.70686E-16  SWARM-A  1.909  170.148
2018-04-21T08:02:00Z  439.164  7.911  -92.081  2.69348E-16  SWARM-A  1.915  172.077
2018-04-21T08:02:30Z  439.329  5.973  -92.116  2.67783E-16  SWARM-A  1.921  174.006
2018-04-21T08:03:00Z  439.535  4.035  -92.151  2.65920E-16  SWARM-A  1.927  175.934
2018-04-21T08:03:30Z  439.784  2.096  -92.187  2.63801E-16  SWARM-A  1.933  177.863
2018-04-21T08:04:00Z  440.074  0.158  -92.223  2.61459E-16  SWARM-A  1.939  179.791
2018-04-21T08:04:30Z  440.405  -1.780  -92.259  2.58936E-16  SWARM-A  1.945  181.719
2018-04-21T08:05:00Z  440.778  -3.718  -92.295  2.56261E-16  SWARM-A  1.951  183.646
2018-04-21T08:05:30Z  441.191  -5.655  -92.331  2.53420E-16  SWARM-A  1.957  185.574
2018-04-21T08:06:00Z  441.644  -7.592  -92.366  2.50426E-16  SWARM-A  1.963  187.502
2018-04-21T08:06:30Z  442.136  -9.529  -92.400  2.47360E-16  SWARM-A  1.969  189.429
2018-04-21T08:07:00Z  442.665  -11.465  -92.433  2.44203E-16  SWARM-A  1.975  191.356
2018-04-21T08:07:30Z  443.231  -13.401  -92.465  2.40965E-16  SWARM-A  1.981  193.283
2018-04-21T08:08:00Z  443.831  -15.336  -92.496  2.37665E-16  SWARM-A  1.988  195.209
2018-04-21T08:08:30Z  444.463  -17.271  -92.524  2.34352E-16  SWARM-A  1.994  197.136
2018-04-21T08:09:00Z  445.127  -19.204  -92.551  2.30995E-16  SWARM-A  2.001  199.062
2018-04-21T08:09:30Z  445.820  -21.137  -92.575  2.27624E-16  SWARM-A  2.007  200.988
2018-04-21T08:10:00Z  446.540  -23.069  -92.597  2.24229E-16  SWARM-A  2.014  202.914
2018-04-21T08:10:30Z  447.284  -25.001  -92.616  2.20906E-16  SWARM-A  2.021  204.840
2018-04-21T08:11:00Z  448.050  -26.931  -92.631  2.17656E-16  SWARM-A  2.029  206.765
2018-04-21T08:11:30Z  448.836  -28.861  -92.643  2.14454E-16  SWARM-A  2.036  208.691
2018-04-21T08:12:00Z  449.640  -30.789  -92.650  2.11366E-16  SWARM-A  2.044  210.616
2018-04-21T08:12:30Z  450.457  -32.717  -92.652  2.08408E-16  SWARM-A  2.052  212.541
2018-04-21T08:13:00Z  451.286  -34.643  -92.650  2.05605E-16  SWARM-A  2.061  214.466
2018-04-21T08:13:30Z  452.124  -36.569  -92.641  2.03024E-16  SWARM-A  2.070  216.390
2018-04-21T08:14:00Z  452.967  -38.493  -92.625  2.00634E-16  SWARM-A  2.079  218.315
2018-04-21T08:14:30Z  453.813  -40.416  -92.602  1.98499E-16  SWARM-A  2.089  220.239
2018-04-21T08:15:00Z  454.660  -42.338  -92.570  1.96642E-16  SWARM-A  2.099  222.163
2018-04-21T08:15:30Z  455.503  -44.259  -92.528  1.95062E-16  SWARM-A  2.110  224.087
2018-04-21T08:16:00Z  456.339  -46.179  -92.475  1.93749E-16  SWARM-A  2.122  226.011
2018-04-21T08:16:30Z  457.167  -48.097  -92.409  1.92722E-16  SWARM-A  2.135  227.935
2018-04-21T08:17:00Z  457.983  -50.014  -92.328  1.91936E-16  SWARM-A  2.149  229.858
2018-04-21T08:17:30Z  458.783  -51.930  -92.230  1.91393E-16  SWARM-A  2.164  231.782
2018-04-21T08:18:00Z  459.565  -53.844  -92.113  1.91046E-16  SWARM-A  2.180  233.705
2018-04-21T08:18:30Z  460.327  -55.757  -91.972  1.90918E-16  SWARM-A  2.197  235.628
2018-04-21T08:19:00Z  461.065  -57.668  -91.804  1.90900E-16  SWARM-A  2.217  237.551
2018-04-21T08:19:30Z  461.777  -59.578  -91.604  1.91069E-16  SWARM-A  2.239  239.474
2018-04-21T08:20:00Z  462.460  -61.486  -91.364  1.91419E-16  SWARM-A  2.263  241.396
2018-04-21T08:20:30Z  463.112  -63.392  -91.077  1.91948E-16  SWARM-A  2.290  243.319
2018-04-21T08:21:00Z  463.729  -65.296  -90.732  1.92652E-16  SWARM-A  2.322  245.241
2018-04-21T08:21:30Z  464.311  -67.198  -90.313  1.93533E-16  SWARM-A  2.358  247.164
2018-04-21T08:22:00Z  464.855  -69.097  -89.802  1.94484E-16  SWARM-A  2.401  249.086
2018-04-21T08:22:30Z  465.358  -70.992  -89.169  1.95498E-16  SWARM-A  2.451  251.008
2018-04-21T08:23:00Z  465.820  -72.883  -88.376  1.96541E-16  SWARM-A  2.512  252.930
2018-04-21T08:23:30Z  466.238  -74.769  -87.363  1.97559E-16  SWARM-A  2.588  254.852
2018-04-21T08:24:00Z  466.610  -76.647  -86.038  1.98584E-16  SWARM-A  2.685  256.774
2018-04-21T08:24:30Z  466.936  -78.513  -84.251  1.99583E-16  SWARM-A  2.812  258.696
2018-04-21T08:25:00Z  467.214  -80.362  -81.737  2.00569E-16  SWARM-A  2.988  260.618
2018-04-21T08:25:30Z  467.444  -82.181  -77.998  2.01613E-16  SWARM-A  3.246  262.540
2018-04-21T08:26:00Z  467.624  -83.944  -71.985  2.02697E-16  SWARM-A  3.655  264.462
2018-04-21T08:26:30Z  467.753  -85.583  -61.223  2.03943E-16  SWARM-A  4.381  266.383
2018-04-21T08:27:00Z  467.832  -86.897  -39.750  2.05402E-16  SWARM-A  5.821  268.305
2018-04-21T08:27:30Z  467.860  -87.346  -2.122  2.07158E-16  SWARM-A  8.337  270.227
2018-04-21T08:28:00Z  467.837  -86.573  31.428  2.09088E-16  SWARM-A  10.582  272.148
2018-04-21T08:28:30Z  467.763  -85.128  48.898  2.11077E-16  SWARM-A  11.755  274.070
2018-04-21T08:29:00Z  467.638  -83.441  57.875  2.13370E-16  SWARM-A  12.362  275.992
2018-04-21T08:29:30Z  467.463  -81.658  63.063  2.15780E-16  SWARM-A  12.717  277.914
2018-04-21T08:30:00Z  467.238  -79.828  66.372  2.18505E-16  SWARM-A  12.945  279.835
2018-04-21T08:30:30Z  466.965  -77.973  68.638  2.21669E-16  SWARM-A  13.105  281.757
2018-04-21T08:31:00Z  466.644  -76.103  70.271  2.25214E-16  SWARM-A  13.222  283.679
2018-04-21T08:31:30Z  466.277  -74.223  71.493  2.29120E-16  SWARM-A  13.312  285.601
2018-04-21T08:32:00Z  465.864  -72.336  72.434  2.33435E-16  SWARM-A  13.383  287.523
2018-04-21T08:32:30Z  465.408  -70.444  73.176  2.38153E-16  SWARM-A  13.441  289.445
2018-04-21T08:33:00Z  464.910  -68.547  73.770  2.43222E-16  SWARM-A  13.489  291.367
2018-04-21T08:33:30Z  464.373  -66.648  74.252  2.48638E-16  SWARM-A  13.529  293.289
2018-04-21T08:34:00Z  463.797  -64.745  74.648  2.54397E-16  SWARM-A  13.564  295.211
2018-04-21T08:34:30Z  463.186  -62.841  74.975  2.60446E-16  SWARM-A  13.594  297.134
2018-04-21T08:35:00Z  462.541  -60.934  75.247  2.66783E-16  SWARM-A  13.620  299.056
2018-04-21T08:35:30Z  461.865  -59.026  75.474  2.73413E-16  SWARM-A  13.644  300.979
2018-04-21T08:36:00Z  461.160  -57.116  75.665  2.80383E-16  SWARM-A  13.665  302.901
2018-04-21T08:36:30Z  460.430  -55.204  75.824  2.87656E-16  SWARM-A  13.684  304.824
2018-04-21T08:37:00Z  459.676  -53.291  75.958  2.95254E-16  SWARM-A  13.701  306.747
2018-04-21T08:37:30Z  458.902  -51.376  76.069  3.03204E-16  SWARM-A  13.717  308.670
2018-04-21T08:38:00Z  458.110  -49.461  76.162  3.11405E-16  SWARM-A  13.731  310.593
2018-04-21T08:38:30Z  457.304  -47.543  76.238  3.19869E-16  SWARM-A  13.745  312.517
2018-04-21T08:39:00Z  456.485  -45.625  76.300  3.28786E-16  SWARM-A  13.757  314.440
2018-04-21T08:39:30Z  455.658  -43.705  76.350  3.38238E-16  SWARM-A  13.769  316.364
2018-04-21T08:40:00Z  454.825  -41.784  76.389  3.47959E-16  SWARM-A  13.780  318.288
2018-04-21T08:40:30Z  453.989  -39.862  76.418  3.57344E-16  SWARM-A  13.790  320.212
2018-04-21T08:41:00Z  453.153  -37.939  76.439  3.66936E-16  SWARM-A  13.800  322.136
2018-04-21T08:41:30Z  452.320  -36.014  76.453  3.76773E-16  SWARM-A  13.809  324.060
2018-04-21T08:42:00Z  451.494  -34.089  76.460  3.86886E-16  SWARM-A  13.818  325.984
2018-04-21T08:42:30Z  450.676  -32.162  76.461  3.97269E-16  SWARM-A  13.826  327.909
2018-04-21T08:43:00Z  449.870  -30.235  76.457  4.07919E-16  SWARM-A  13.834  329.834
2018-04-21T08:43:30Z  449.078  -28.306  76.448  4.18970E-16  SWARM-A  13.842  331.759
2018-04-21T08:44:00Z  448.304  -26.377  76.436  4.30509E-16  SWARM-A  13.850  333.684
2018-04-21T08:44:30Z  447.550  -24.446  76.419  4.42295E-16  SWARM-A  13.857  335.609
2018-04-21T08:45:00Z  446.818  -22.515  76.400  4.54256E-16  SWARM-A  13.864  337.535
2018-04-21T08:45:30Z  446.110  -20.583  76.377  4.66389E-16  SWARM-A  13.871  339.461
2018-04-21T08:46:00Z  445.430  -18.650  76.352  4.78579E-16  SWARM-A  13.877  341.386
2018-04-21T08:46:30Z  444.779  -16.716  76.325  4.90685E-16  SWARM-A  13.884  343.312
2018-04-21T08:47:00Z  444.158  -14.782  76.296  5.02624E-16  SWARM-A  13.890  345.239
2018-04-21T08:47:30Z  443.571  -12.847  76.265  5.13741E-16  SWARM-A  13.897  347.165
2018-04-21T08:48:00Z  443.018  -10.911  76.232  5.24580E-16  SWARM-A  13.903  349.092
2018-04-21T08:48:30Z  442.501  -8.975  76.199  5.35096E-16  SWARM-A  13.909  351.019
2018-04-21T08:49:00Z  442.021  -7.039  76.164  5.45144E-16  SWARM-A  13.915  352.946
2018-04-21T08:49:30Z  441.580  -5.102  76.129  5.54692E-16  SWARM-A  13.921  354.873
2018-04-21T08:50:00Z  441.179  -3.164  76.094  5.63638E-16  SWARM-A  13.927  356.800
2018-04-21T08:50:30Z  440.818  -1.227  76.057  5.71893E-16  SWARM-A  13.933  358.728
2018-04-21T08:51:00Z  440.498  0.711  76.021  5.79470E-16  SWARM-A  13.939  0.655
2018-04-21T08:51:30Z  440.219  2.649  75.985  5.86208E-16  SWARM-A  13.945  2.583
2018-04-21T08:52:00Z  439.982  4.587  75.949  5.91984E-16  SWARM-A  13.951  4.511
2018-04-21T08:52:30Z  439.786  6.525  75.914  5.96978E-16  SWARM-A  13.957  6.440
2018-04-21T08:53:00Z  439.631  8.463  75.880  6.01201E-16  SWARM-A  13.963  8.368
2018-04-21T08:53:30Z  439.518  10.401  75.846  6.04672E-16  SWARM-A  13.969  10.296
2018-04-21T08:54:00Z  439.445  12.339  75.813  6.07437E-16  SWARM-A  13.975  12.225
2018-04-21T08:54:30Z  439.411  14.276  75.782  6.09487E-16  SWARM-A  13.981  14.154
2018-04-21T08:55:00Z  439.417  16.214  75.753  6.10895E-16  SWARM-A  13.988  16.083
2018-04-21T08:55:30Z  439.460  18.151  75.725  6.11646E-16  SWARM-A  13.994  18.012
2018-04-21T08:56:00Z  439.539  20.087  75.699  6.11782E-16  SWARM-A  14.001  19.942
2018-04-21T08:56:30Z  439.654  22.023  75.676  6.11298E-16  SWARM-A  14.007  21.871
2018-04-21T08:57:00Z  439.801  23.959  75.656  6.10197E-16  SWARM-A  14.014  23.801
2018-04-21T08:57:30Z  439.981  25.894  75.639  6.08549E-16  SWARM-A  14.022  25.731
2018-04-21T08:58:00Z  440.191  27.829  75.626  6.06341E-16  SWARM-A  14.029  27.661
2018-04-21T08:58:30Z  440.428  29.763  75.617  6.03545E-16  SWARM-A  14.037  29.591
2018-04-21T08:59:00Z  440.692  31.696  75.612  6.00247E-16  SWARM-A  14.045  31.521
2018-04-21T08:59:30Z  440.979  33.628  75.612  5.96408E-16  SWARM-A  14.053  33.451
2018-04-21T09:00:00Z  441.288  35.560  75.618  5.93072E-16  SWARM-A  14.062  35.382
2018-04-21T09:00:30Z  441.616  37.491  75.630  5.88229E-16  SWARM-A  14.071  37.312
2018-04-21T09:01:00Z  441.960  39.421  75.650  5.82904E-16  SWARM-A  14.081  39.243
2018-04-21T09:01:30Z  442.320  41.350  75.678  5.77126E-16  SWARM-A  14.091  41.174
2018-04-21T09:02:00Z  442.691  43.279  75.715  5.70873E-16  SWARM-A  14.102  43.105
2018-04-21T09:02:30Z  443.072  45.206  75.763  5.64233E-16  SWARM-A  14.113  45.036
2018-04-21T09:03:00Z  443.460  47.132  75.823  5.57262E-16  SWARM-A  14.126  46.967
2018-04-21T09:03:30Z  443.853  49.058  75.897  5.49960E-16  SWARM-A  14.139  48.898
2018-04-21T09:04:00Z  444.247  50.982  75.986  5.42388E-16  SWARM-A  14.153  50.829
2018-04-21T09:04:30Z  444.641  52.905  76.095  5.34596E-16  SWARM-A  14.169  52.761
2018-04-21T09:05:00Z  445.033  54.827  76.225  5.26654E-16  SWARM-A  14.186  54.692
2018-04-21T09:05:30Z  445.419  56.747  76.380  5.18596E-16  SWARM-A  14.204  56.624
2018-04-21T09:06:00Z  445.797  58.667  76.565  5.10473E-16  SWARM-A  14.225  58.555
2018-04-21T09:06:30Z  446.165  60.584  76.787  5.02336E-16  SWARM-A  14.248  60.487
2018-04-21T09:07:00Z  446.521  62.500  77.052  4.94204E-16  SWARM-A  14.274  62.419
2018-04-21T09:07:30Z  446.863  64.415  77.371  4.86038E-16  SWARM-A  14.304  64.350
2018-04-21T09:08:00Z  447.188  66.327  77.756  4.77867E-16  SWARM-A  14.338  66.282
2018-04-21T09:08:30Z  447.495  68.237  78.225  4.69681E-16  SWARM-A  14.377  68.214
2018-04-21T09:09:00Z  447.782  70.143  78.802  4.61476E-16  SWARM-A  14.424  70.146
2018-04-21T09:09:30Z  448.047  72.046  79.522  4.53306E-16  SWARM-A  14.481  72.078
2018-04-21T09:10:00Z  448.288  73.944  80.434  4.45234E-16  SWARM-A  14.550  74.010
2018-04-21T09:10:30Z  448.505  75.835  81.615  4.37245E-16  SWARM-A  14.637  75.942
2018-04-21T09:11:00Z  448.696  77.717  83.188  4.29589E-16  SWARM-A  14.750  77.874
2018-04-21T09:11:30Z  448.859  79.584  85.362  4.22283E-16  SWARM-A  14.903  79.807
2018-04-21T09:12:00Z  448.995  81.428  88.519  4.15307E-16  SWARM-A  15.122  81.739
2018-04-21T09:12:30Z  449.101  83.229  93.429  4.08679E-16  SWARM-A  15.458  83.671
2018-04-21T09:13:00Z  449.178  84.941  101.835  4.02362E-16  SWARM-A  16.026  85.603
2018-04-21T09:13:30Z  449.225  86.436  118.050  3.96404E-16  SWARM-A  17.116  87.535
2018-04-21T09:14:00Z  449.241  87.319  149.954  3.90777E-16  SWARM-A  19.251  89.468
2018-04-21T09:14:30Z  449.227  86.993  -171.223  3.85104E-16  SWARM-A  21.848  91.400
2018-04-21T09:15:00Z  449.183  85.727  -148.106  3.79301E-16  SWARM-A  23.397  93.332
2018-04-21T09:15:30Z  449.108  84.096  -136.621  3.73623E-16  SWARM-A  0.171  95.264
2018-04-21T09:16:00Z  449.003  82.331  -130.295  3.68176E-16  SWARM-A  0.601  97.196
2018-04-21T09:16:30Z  448.869  80.505  -126.402  3.62695E-16  SWARM-A  0.869  99.129
2018-04-21T09:17:00Z  448.707  78.648  -123.804  3.57300E-16  SWARM-A  1.051  101.061
2018-04-21T09:17:30Z  448.517  76.773  -121.966  3.52150E-16  SWARM-A  1.181  102.993
2018-04-21T09:18:00Z  448.300  74.886  -120.609  3.47216E-16  SWARM-A  1.280  104.925
2018-04-21T09:18:30Z  448.059  72.991  -119.575  3.42447E-16  SWARM-A  1.357  106.857
2018-04-21T09:19:00Z  447.793  71.090  -118.767  3.37876E-16  SWARM-A  1.420  108.789
2018-04-21T09:19:30Z  447.505  69.185  -118.124  3.33476E-16  SWARM-A  1.471  110.721
2018-04-21T09:20:00Z  447.195  67.277  -117.605  3.29185E-16  SWARM-A  1.514  112.653
2018-04-21T09:20:30Z  446.867  65.366  -117.181  3.25029E-16  SWARM-A  1.550  114.585
2018-04-21T09:21:00Z  446.522  63.452  -116.831  3.20980E-16  SWARM-A  1.582  116.517
2018-04-21T09:21:30Z  446.161  61.537  -116.540  3.16958E-16  SWARM-A  1.610  118.449
2018-04-21T09:22:00Z  445.788  59.620  -116.298  3.13211E-16  SWARM-A  1.634  120.381
2018-04-21T09:22:30Z  445.403  57.701  -116.096  3.09522E-16  SWARM-A  1.656  122.313
2018-04-21T09:23:00Z  445.010  55.781  -115.926  3.05818E-16  SWARM-A  1.676  124.244
2018-04-21T09:23:30Z  444.610  53.860  -115.784  3.02098E-16  SWARM-A  1.693  126.176
2018-04-21T09:24:00Z  444.207  51.937  -115.665  2.98459E-16  SWARM-A  1.710  128.108
2018-04-21T09:24:30Z  443.802  50.013  -115.567  2.94845E-16  SWARM-A  1.725  130.039
2018-04-21T09:25:00Z  443.397  48.088  -115.485  2.91445E-16  SWARM-A  1.738  131.970
2018-04-21T09:25:30Z  442.997  46.162  -115.419  2.88193E-16  SWARM-A  1.751  133.902
2018-04-21T09:26:00Z  442.602  44.235  -115.365  2.85119E-16  SWARM-A  1.763  135.833
2018-04-21T09:26:30Z  442.216  42.307  -115.323  2.82249E-16  SWARM-A  1.774  137.764
2018-04-21T09:27:00Z  441.841  40.378  -115.291  2.79605E-16  SWARM-A  1.785  139.695
2018-04-21T09:27:30Z  441.479  38.449  -115.267  2.76967E-16  SWARM-A  1.795  141.626
2018-04-21T09:28:00Z  441.133  36.518  -115.251  2.74506E-16  SWARM-A  1.804  143.557
2018-04-21T09:28:30Z  440.806  34.586  -115.242  2.72279E-16  SWARM-A  1.813  145.488
2018-04-21T09:29:00Z  440.500  32.654  -115.239  2.70273E-16  SWARM-A  1.822  147.418
2018-04-21T09:29:30Z  440.217  30.721  -115.241  2.68491E-16  SWARM-A  1.830  149.349
2018-04-21T09:30:00Z  439.959  28.787  -115.248  2.66878E-16  SWARM-A  1.838  151.279
2018-04-21T09:30:30Z  439.728  26.853  -115.260  2.65469E-16  SWARM-A  1.845  153.209
2018-04-21T09:31:00Z  439.527  24.918  -115.275  2.64174E-16  SWARM-A  1.852  155.139
2018-04-21T09:31:30Z  439.357  22.982  -115.294  2.63012E-16  SWARM-A  1.860  157.069
2018-04-21T09:32:00Z  439.220  21.046  -115.315  2.61904E-16  SWARM-A  1.866  158.999
2018-04-21T09:32:30Z  439.118  19.109  -115.340  2.60844E-16  SWARM-A  1.873  160.929
2018-04-21T09:33:00Z  439.052  17.172  -115.366  2.59831E-16  SWARM-A  1.880  162.858
2018-04-21T09:33:30Z  439.024  15.235  -115.395  2.58801E-16  SWARM-A  1.886  164.787
2018-04-21T09:34:00Z  439.034  13.297  -115.425  2.57743E-16  SWARM-A  1.892  166.717
2018-04-21T09:34:30Z  439.084  11.359  -115.457  2.56651E-16  SWARM-A  1.899  168.646
2018-04-21T09:35:00Z  439.174  9.421  -115.490  2.55501E-16  SWARM-A  1.905  170.575
2018-04-21T09:35:30Z  439.305  7.483  -115.525  2.54228E-16  SWARM-A  1.911  172.503
2018-04-21T09:36:00Z  439.478  5.545  -115.560  2.52859E-16  SWARM-A  1.917  174.432
2018-04-21T09:36:30Z  439.692  3.606  -115.595  2.51401E-16  SWARM-A  1.923  176.360
2018-04-21T09:37:00Z  439.948  1.668  -115.631  2.49936E-16  SWARM-A  1.929  178.289
2018-04-21T09:37:30Z  440.246  -0.270  -115.667  2.48343E-16  SWARM-A  1.935  180.217
2018-04-21T09:38:00Z  440.586  -2.208  -115.703  2.46649E-16  SWARM-A  1.941  182.144
2018-04-21T09:38:30Z  440.966  -4.146  -115.739  2.44921E-16  SWARM-A  1.947  184.072
2018-04-21T09:39:00Z  441.386  -6.083  -115.775  2.43125E-16  SWARM-A  1.952  186.000
2018-04-21T09:39:30Z  441.846  -8.020  -115.810  2.41214E-16  SWARM-A  1.958  187.927
2018-04-21T09:40:00Z  442.344  -9.956  -115.844  2.39284E-16  SWARM-A  1.965  189.854
2018-04-21T09:40:30Z  442.879  -11.892  -115.876  2.37152E-16  SWARM-A  1.971  191.781
2018-04-21T09:41:00Z  443.450  -13.828  -115.908  2.34935E-16  SWARM-A  1.977  193.708
2018-04-21T09:41:30Z  444.055  -15.763  -115.938  2.32618E-16  SWARM-A  1.983  195.634
2018-04-21T09:42:00Z  444.692  -17.697  -115.966  2.30161E-16  SWARM-A  1.990  197.561
2018-04-21T09:42:30Z  445.359  -19.631  -115.993  2.27582E-16  SWARM-A  1.996  199.487
2018-04-21T09:43:00Z  446.055  -21.564  -116.016  2.24868E-16  SWARM-A  2.003  201.413
2018-04-21T09:43:30Z  446.778  -23.495  -116.037  2.22016E-16  SWARM-A  2.010  203.339
2018-04-21T09:44:00Z  447.524  -25.427  -116.056  2.19028E-16  SWARM-A  2.017  205.265
2018-04-21T09:44:30Z  448.291  -27.357  -116.070  2.15907E-16  SWARM-A  2.024  207.190
2018-04-21T09:45:00Z  449.078  -29.286  -116.081  2.12714E-16  SWARM-A  2.032  209.115
2018-04-21T09:45:30Z  449.881  -31.214  -116.087  2.09434E-16  SWARM-A  2.040  211.040
2018-04-21T09:46:00Z  450.698  -33.142  -116.089  2.06101E-16  SWARM-A  2.048  212.965
2018-04-21T09:46:30Z  451.525  -35.068  -116.084  2.02782E-16  SWARM-A  2.057  214.890
2018-04-21T09:47:00Z  452.361  -36.993  -116.074  1.99471E-16  SWARM-A  2.066  216.815
2018-04-21T09:47:30Z  453.202  -38.917  -116.057  1.96204E-16  SWARM-A  2.075  218.739
2018-04-21T09:48:00Z  454.044  -40.840  -116.032  1.93085E-16  SWARM-A  2.085  220.663
2018-04-21T09:48:30Z  454.886  -42.762  -115.998  1.90055E-16  SWARM-A  2.096  222.587
2018-04-21T09:49:00Z  455.724  -44.682  -115.953  1.87195E-16  SWARM-A  2.107  224.511
2018-04-21T09:49:30Z  456.555  -46.602  -115.898  1.84477E-16  SWARM-A  2.119  226.435
2018-04-21T09:50:00Z  457.377  -48.520  -115.829  1.81930E-16  SWARM-A  2.132  228.359
2018-04-21T09:50:30Z  458.185  -50.436  -115.745  1.79594E-16  SWARM-A  2.146  230.282
2018-04-21T09:51:00Z  458.978  -52.352  -115.643  1.77414E-16  SWARM-A  2.161  232.205
2018-04-21T09:51:30Z  459.752  -54.266  -115.521  1.75428E-16  SWARM-A  2.178  234.128
2018-04-21T09:52:00Z  460.504  -56.178  -115.374  1.73647E-16  SWARM-A  2.196  236.051
2018-04-21T09:52:30Z  461.232  -58.089  -115.200  1.72042E-16  SWARM-A  2.216  237.974
2018-04-21T09:53:00Z  461.934  -59.999  -114.992  1.70627E-16  SWARM-A  2.238  239.897
2018-04-21T09:53:30Z  462.606  -61.906  -114.742  1.69419E-16  SWARM-A  2.263  241.820
2018-04-21T09:54:00Z  463.246  -63.812  -114.444  1.68445E-16  SWARM-A  2.291  243.742
2018-04-21T09:54:30Z  463.852  -65.716  -114.084  1.67644E-16  SWARM-A  2.324  245.665
2018-04-21T09:55:00Z  464.421  -67.617  -113.647  1.66973E-16  SWARM-A  2.361  247.587
2018-04-21T09:55:30Z  464.952  -69.515  -113.111  1.66468E-16  SWARM-A  2.405  249.509
2018-04-21T09:56:00Z  465.442  -71.409  -112.448  1.66140E-16  SWARM-A  2.458  251.432
2018-04-21T09:56:30Z  465.890  -73.299  -111.612  1.66029E-16  SWARM-A  2.522  253.354
2018-04-21T09:57:00Z  466.294  -75.183  -110.540  1.66150E-16  SWARM-A  2.601  255.276
2018-04-21T09:57:30Z  466.652  -77.059  -109.130  1.66500E-16  SWARM-A  2.704  257.198
2018-04-21T09:58:00Z  466.964  -78.922  -107.211  1.67195E-16  SWARM-A  2.840  259.119
2018-04-21T09:58:30Z  467.228  -80.766  -104.483  1.68210E-16  SWARM-A  3.030  261.041
2018-04-21T09:59:00Z  467.442  -82.576  -100.364  1.69638E-16  SWARM-A  3.313  262.963
2018-04-21T09:59:30Z  467.607  -84.320  -93.598  1.71466E-16  SWARM-A  3.773  264.885
2018-04-21T10:00:00Z  467.722  -85.913  -81.160  1.73784E-16  SWARM-A  4.610  266.807
2018-04-21T10:00:30Z  467.786  -87.097  -56.135  1.76655E-16  SWARM-A  6.287  268.728
2018-04-21T10:01:00Z  467.799  -87.271  -16.759  1.80156E-16  SWARM-A  8.920  270.650
2018-04-21T10:01:30Z  467.761  -86.291  12.989  1.84172E-16  SWARM-A  10.912  272.572
2018-04-21T10:02:00Z  467.672  -84.770  27.944  1.88588E-16  SWARM-A  11.917  274.494
2018-04-21T10:02:30Z  467.533  -83.054  35.820  1.93553E-16  SWARM-A  12.450  276.415
2018-04-21T10:03:00Z  467.343  -81.258  40.483  1.99169E-16  SWARM-A  12.770  278.337
2018-04-21T10:03:30Z  467.105  -79.421  43.510  2.05339E-16  SWARM-A  12.980  280.259
2018-04-21T10:04:00Z  466.818  -77.562  45.610  2.12098E-16  SWARM-A  13.128  282.181
2018-04-21T10:04:30Z  466.483  -75.690  47.137  2.19472E-16  SWARM-A  13.238  284.103
2018-04-21T10:05:00Z  466.103  -73.808  48.288  2.27393E-16  SWARM-A  13.323  286.025
2018-04-21T10:05:30Z  465.678  -71.919  49.179  2.35839E-16  SWARM-A  13.391  287.947
2018-04-21T10:06:00Z  465.209  -70.026  49.884  2.44796E-16  SWARM-A  13.446  289.869
2018-04-21T10:06:30Z  464.700  -68.128  50.451  2.54154E-16  SWARM-A  13.493  291.791
2018-04-21T10:07:00Z  464.151  -66.228  50.912  2.63959E-16  SWARM-A  13.532  293.713
2018-04-21T10:07:30Z  463.564  -64.325  51.291  2.74107E-16  SWARM-A  13.565  295.636
2018-04-21T10:08:00Z  462.943  -62.420  51.605  2.84542E-16  SWARM-A  13.595  297.558
2018-04-21T10:08:30Z  462.288  -60.513  51.866  2.95264E-16  SWARM-A  13.620  299.481
2018-04-21T10:09:00Z  461.604  -58.604  52.085  3.06119E-16  SWARM-A  13.643  301.403
2018-04-21T10:09:30Z  460.891  -56.694  52.268  3.17197E-16  SWARM-A  13.664  303.326
2018-04-21T10:10:00Z  460.153  -54.782  52.421  3.28812E-16  SWARM-A  13.682  305.249
2018-04-21T10:10:30Z  459.393  -52.868  52.550  3.40604E-16  SWARM-A  13.699  307.172
2018-04-21T10:11:00Z  458.612  -50.953  52.657  3.52421E-16  SWARM-A  13.715  309.095
2018-04-21T10:11:30Z  457.815  -49.037  52.745  3.64119E-16  SWARM-A  13.729  311.018
2018-04-21T10:12:00Z  457.004  -47.120  52.818  3.75584E-16  SWARM-A  13.742  312.942
2018-04-21T10:12:30Z  456.182  -45.201  52.877  3.86207E-16  SWARM-A  13.754  314.865
2018-04-21T10:13:00Z  455.352  -43.281  52.924  3.96641E-16  SWARM-A  13.766  316.789
2018-04-21T10:13:30Z  454.517  -41.359  52.961  4.06838E-16  SWARM-A  13.777  318.713
2018-04-21T10:14:00Z  453.679  -39.437  52.988  4.16824E-16  SWARM-A  13.787  320.637
2018-04-21T10:14:30Z  452.843  -37.513  53.008  4.26569E-16  SWARM-A  13.796  322.561
2018-04-21T10:15:00Z  452.010  -35.589  53.020  4.36365E-16  SWARM-A  13.806  324.486
2018-04-21T10:15:30Z  451.185  -33.663  53.025  4.46140E-16  SWARM-A  13.814  326.410
2018-04-21T10:16:00Z  450.368  -31.736  53.025  4.55701E-16  SWARM-A  13.823  328.335
2018-04-21T10:16:30Z  449.565  -29.808  53.020  4.65058E-16  SWARM-A  13.831  330.260
2018-04-21T10:17:00Z  448.777  -27.879  53.011  4.74216E-16  SWARM-A  13.838  332.185
2018-04-21T10:17:30Z  448.006  -25.949  52.997  4.83117E-16  SWARM-A  13.846  334.110
2018-04-21T10:18:00Z  447.256  -24.019  52.980  4.91416E-16  SWARM-A  13.853  336.036
2018-04-21T10:18:30Z  446.530  -22.087  52.960  4.98875E-16  SWARM-A  13.860  337.961
2018-04-21T10:19:00Z  445.828  -20.155  52.937  5.06059E-16  SWARM-A  13.867  339.887
2018-04-21T10:19:30Z  445.154  -18.221  52.911  5.12729E-16  SWARM-A  13.873  341.813
2018-04-21T10:20:00Z  444.510  -16.287  52.883  5.18817E-16  SWARM-A  13.880  343.739
2018-04-21T10:20:30Z  443.897  -14.353  52.854  5.24396E-16  SWARM-A  13.886  345.666
2018-04-21T10:21:00Z  443.317  -12.418  52.823  5.29495E-16  SWARM-A  13.892  347.592
2018-04-21T10:21:30Z  442.773  -10.482  52.790  5.33874E-16  SWARM-A  13.899  349.519
2018-04-21T10:22:00Z  442.264  -8.546  52.756  5.37425E-16  SWARM-A  13.905  351.446
2018-04-21T10:22:30Z  441.794  -6.609  52.722  5.40328E-16  SWARM-A  13.911  353.373
2018-04-21T10:23:00Z  441.362  -4.672  52.686  5.42517E-16  SWARM-A  13.917  355.300
2018-04-21T10:23:30Z  440.970  -2.734  52.650  5.44012E-16  SWARM-A  13.923  357.228
2018-04-21T10:24:00Z  440.619  -0.797  52.614  5.44734E-16  SWARM-A  13.929  359.155
2018-04-21T10:24:30Z  440.308  1.141  52.578  5.44759E-16  SWARM-A  13.934  1.083
2018-04-21T10:25:00Z  440.039  3.079  52.542  5.44089E-16  SWARM-A  13.940  3.011
2018-04-21T10:25:30Z  439.811  5.017  52.506  5.42741E-16  SWARM-A  13.946  4.939
2018-04-21T10:26:00Z  439.625  6.955  52.471  5.40750E-16  SWARM-A  13.952  6.868
2018-04-21T10:26:30Z  439.480  8.894  52.437  5.38213E-16  SWARM-A  13.958  8.796
2018-04-21T10:27:00Z  439.376  10.832  52.403  5.35216E-16  SWARM-A  13.964  10.725
2018-04-21T10:27:30Z  439.312  12.769  52.371  5.31760E-16  SWARM-A  13.971  12.654
2018-04-21T10:28:00Z  439.288  14.707  52.340  5.27887E-16  SWARM-A  13.977  14.583
2018-04-21T10:28:30Z  439.302  16.644  52.311  5.23666E-16  SWARM-A  13.983  16.512
2018-04-21T10:29:00Z  439.353  18.581  52.284  5.19150E-16  SWARM-A  13.990  18.441
2018-04-21T10:29:30Z  439.441  20.518  52.259  5.14369E-16  SWARM-A  13.997  20.371
2018-04-21T10:30:00Z  439.563  22.454  52.236  5.09401E-16  SWARM-A  14.003  22.300
2018-04-21T10:30:30Z  439.719  24.390  52.217  5.04252E-16  SWARM-A  14.010  24.230
2018-04-21T10:31:00Z  439.906  26.325  52.201  4.98984E-16  SWARM-A  14.018  26.160
2018-04-21T10:31:30Z  440.123  28.259  52.188  4.93642E-16  SWARM-A  14.025  28.090
2018-04-21T10:32:00Z  440.367  30.193  52.180  4.88184E-16  SWARM-A  14.033  30.020
2018-04-21T10:32:30Z  440.637  32.126  52.176  4.82789E-16  SWARM-A  14.041  31.951
2018-04-21T10:33:00Z  440.930  34.059  52.177  4.77346E-16  SWARM-A  14.049  33.881
2018-04-21T10:33:30Z  441.244  35.990  52.185  4.71951E-16  SWARM-A  14.058  35.812
2018-04-21T10:34:00Z  441.578  37.921  52.199  4.66610E-16  SWARM-A  14.068  37.742
2018-04-21T10:34:30Z  441.927  39.851  52.220  4.61294E-16  SWARM-A  14.077  39.673
2018-04-21T10:35:00Z  442.291  41.780  52.250  4.56129E-16  SWARM-A  14.088  41.604
2018-04-21T10:35:30Z  442.666  43.708  52.289  4.51088E-16  SWARM-A  14.099  43.535
2018-04-21T10:36:00Z  443.050  45.635  52.340  4.46181E-16  SWARM-A  14.110  45.466
2018-04-21T10:36:30Z  443.441  47.562  52.402  4.41466E-16  SWARM-A  14.123  47.397
2018-04-21T10:37:00Z  443.836  49.487  52.480  4.36957E-16  SWARM-A  14.136  49.329
2018-04-21T10:37:30Z  444.233  51.411  52.573  4.32725E-16  SWARM-A  14.151  51.260
2018-04-21T10:38:00Z  444.628  53.334  52.686  4.28716E-16  SWARM-A  14.167  53.191
2018-04-21T10:38:30Z  445.020  55.255  52.821  4.25002E-16  SWARM-A  14.184  55.123
2018-04-21T10:39:00Z  445.406  57.176  52.982  4.21533E-16  SWARM-A  14.203  57.054
2018-04-21T10:39:30Z  445.784  59.095  53.175  4.18272E-16  SWARM-A  14.224  58.986
2018-04-21T10:40:00Z  446.152  61.012  53.406  4.15246E-16  SWARM-A  14.248  60.918
2018-04-21T10:40:30Z  446.507  62.928  53.682  4.12436E-16  SWARM-A  14.275  62.850
2018-04-21T10:41:00Z  446.847  64.842  54.014  4.09789E-16  SWARM-A  14.305  64.782
2018-04-21T10:41:30Z  447.170  66.753  54.416  4.07274E-16  SWARM-A  14.340  66.713
2018-04-21T10:42:00Z  447.474  68.663  54.907  4.04827E-16  SWARM-A  14.381  68.645
2018-04-21T10:42:30Z  447.758  70.569  55.512  4.02434E-16  SWARM-A  14.430  70.577
2018-04-21T10:43:00Z  448.020  72.470  56.269  4.00076E-16  SWARM-A  14.489  72.510
2018-04-21T10:43:30Z  448.259  74.367  57.233  3.97716E-16  SWARM-A  14.561  74.442
2018-04-21T10:44:00Z  448.472  76.257  58.489  3.95453E-16  SWARM-A  14.654  76.374
2018-04-21T10:44:30Z  448.659  78.136  60.173  3.93419E-16  SWARM-A  14.774  78.306
2018-04-21T10:45:00Z  448.819  79.999  62.523  3.91585E-16  SWARM-A  14.939  80.238
2018-04-21T10:45:30Z  448.950  81.835  65.983  3.89883E-16  SWARM-A  15.178  82.170
2018-04-21T10:46:00Z  449.052  83.622  71.467  3.88270E-16  SWARM-A  15.552  84.103
2018-04-21T10:46:30Z  449.125  85.302  81.099  3.86702E-16  SWARM-A  16.203  86.035
2018-04-21T10:47:00Z  449.167  86.709  100.119  3.85190E-16  SWARM-A  17.479  87.967
2018-04-21T10:47:30Z  449.179  87.362  135.702  3.83636E-16  SWARM-A  19.859  89.899
2018-04-21T10:48:00Z  449.161  86.766  172.014  3.81591E-16  SWARM-A  22.289  91.832
2018-04-21T10:48:30Z  449.112  85.382  -168.265  3.78733E-16  SWARM-A  23.612  93.764
2018-04-21T10:49:00Z  449.033  83.710  -158.323  3.75730E-16  SWARM-A  0.283  95.696
2018-04-21T10:49:30Z  448.925  81.927  -152.696  3.72591E-16  SWARM-A  0.666  97.628
2018-04-21T10:50:00Z  448.787  80.092  -149.163  3.69344E-16  SWARM-A  0.910  99.561
2018-04-21T10:50:30Z  448.621  78.230  -146.769  3.65941E-16  SWARM-A  1.078  101.493
2018-04-21T10:51:00Z  448.428  76.352  -145.058  3.62474E-16  SWARM-A  1.200  103.425
2018-04-21T10:51:30Z  448.209  74.463  -143.785  3.58865E-16  SWARM-A  1.294  105.357
2018-04-21T10:52:00Z  447.964  72.566  -142.809  3.55164E-16  SWARM-A  1.367  107.289
2018-04-21T10:52:30Z  447.696  70.664  -142.043  3.51495E-16  SWARM-A  1.426  109.221
2018-04-21T10:53:00Z  447.406  68.759  -141.431  3.47863E-16  SWARM-A  1.476  111.153
2018-04-21T10:53:30Z  447.095  66.850  -140.935  3.44043E-16  SWARM-A  1.517  113.085
2018-04-21T10:54:00Z  446.766  64.938  -140.529  3.40108E-16  SWARM-A  1.552  115.017
2018-04-21T10:54:30Z  446.419  63.024  -140.194  3.35985E-16  SWARM-A  1.583  116.949
2018-04-21T10:55:00Z  446.058  61.108  -139.915  3.31698E-16  SWARM-A  1.610  118.881
2018-04-21T10:55:30Z  445.684  59.191  -139.682  3.27319E-16  SWARM-A  1.634  120.813
2018-04-21T10:56:00Z  445.299  57.272  -139.488  3.22739E-16  SWARM-A  1.655  122.745
2018-04-21T10:56:30Z  444.906  55.352  -139.325  3.18178E-16  SWARM-A  1.674  124.676
2018-04-21T10:57:00Z  444.508  53.430  -139.189  3.13295E-16  SWARM-A  1.692  126.608
2018-04-21T10:57:30Z  444.105  51.507  -139.075  3.08447E-16  SWARM-A  1.708  128.540
2018-04-21T10:58:00Z  443.702  49.583  -138.981  3.03659E-16  SWARM-A  1.722  130.471
2018-04-21T10:58:30Z  443.301  47.658  -138.903  2.99010E-16  SWARM-A  1.736  132.402
2018-04-21T10:59:00Z  442.903  45.732  -138.839  2.94496E-16  SWARM-A  1.748  134.334
2018-04-21T10:59:30Z  442.512  43.804  -138.788  2.90097E-16  SWARM-A  1.760  136.265
2018-04-21T11:00:00Z  442.130  41.876  -138.748  2.85903E-16  SWARM-A  1.771  138.196
2018-04-21T11:00:30Z  441.760  39.947  -138.718  2.81859E-16  SWARM-A  1.781  140.127
2018-04-21T11:01:00Z  441.404  38.017  -138.696  2.78003E-16  SWARM-A  1.791  142.058
2018-04-21T11:01:30Z  441.065  36.086  -138.682  2.74368E-16  SWARM-A  1.801  143.989
2018-04-21T11:02:00Z  440.745  34.154  -138.674  2.70880E-16  SWARM-A  1.809  145.919
2018-04-21T11:02:30Z  440.446  32.222  -138.673  2.67588E-16  SWARM-A  1.818  147.850
2018-04-21T11:03:00Z  440.171  30.289  -138.676  2.64489E-16  SWARM-A  1.826  149.780
2018-04-21T11:03:30Z  439.921  28.355  -138.685  2.61585E-16  SWARM-A  1.834  151.711
2018-04-21T11:04:00Z  439.700  26.420  -138.697  2.58864E-16  SWARM-A  1.841  153.641
2018-04-21T11:04:30Z  439.508  24.485  -138.713  2.56328E-16  SWARM-A  1.848  155.571
2018-04-21T11:05:00Z  439.347  22.549  -138.733  2.53911E-16  SWARM-A  1.855  157.501
2018-04-21T11:05:30Z  439.220  20.613  -138.755  2.51648E-16  SWARM-A  1.862  159.430
2018-04-21T11:06:00Z  439.128  18.676  -138.780  2.49494E-16  SWARM-A  1.869  161.360
2018-04-21T11:06:30Z  439.073  16.739  -138.807  2.47443E-16  SWARM-A  1.876  163.290
2018-04-21T11:07:00Z  439.054  14.802  -138.836  2.45449E-16  SWARM-A  1.882  165.219
2018-04-21T11:07:30Z  439.075  12.864  -138.867  2.43614E-16  SWARM-A  1.888  167.148
2018-04-21T11:08:00Z  439.135  10.926  -138.899  2.41812E-16  SWARM-A  1.894  169.077
2018-04-21T11:08:30Z  439.236  8.988  -138.932  2.40097E-16  SWARM-A  1.901  171.006
2018-04-21T11:09:00Z  439.377  7.050  -138.967  2.38467E-16  SWARM-A  1.907  172.935
2018-04-21T11:09:30Z  439.561  5.111  -139.002  2.36969E-16  SWARM-A  1.913  174.863
2018-04-21T11:10:00Z  439.785  3.173  -139.038  2.35493E-16  SWARM-A  1.918  176.791
2018-04-21T11:10:30Z  440.052  1.235  -139.074  2.34101E-16  SWARM-A  1.924  178.720
2018-04-21T11:11:00Z  440.359  -0.703  -139.110  2.32776E-16  SWARM-A  1.930  180.648
2018-04-21T11:11:30Z  440.708  -2.641  -139.146  2.31536E-16  SWARM-A  1.936  182.575
2018-04-21T11:12:00Z  441.098  -4.579  -139.182  2.30358E-16  SWARM-A  1.942  184.503
2018-04-21T11:12:30Z  441.527  -6.516  -139.217  2.29247E-16  SWARM-A  1.948  186.430
2018-04-21T11:13:00Z  441.996  -8.453  -139.252  2.28158E-16  SWARM-A  1.954  188.358
2018-04-21T11:13:30Z  442.502  -10.389  -139.286  2.27070E-16  SWARM-A  1.960  190.285
2018-04-21T11:14:00Z  443.046  -12.325  -139.319  2.26067E-16  SWARM-A  1.966  192.212
2018-04-21T11:14:30Z  443.624  -14.260  -139.350  2.25033E-16  SWARM-A  1.973  194.138
2018-04-21T11:15:00Z  444.236  -16.195  -139.380  2.23949E-16  SWARM-A  1.979  196.065
2018-04-21T11:15:30Z  444.880  -18.129  -139.408  2.22869E-16  SWARM-A  1.986  197.991
2018-04-21T11:16:00Z  445.554  -20.063  -139.434  2.21745E-16  SWARM-A  1.992  199.917
2018-04-21T11:16:30Z  446.256  -21.995  -139.457  2.20569E-16  SWARM-A  1.999  201.843
2018-04-21T11:17:00Z  446.983  -23.927  -139.477  2.19342E-16  SWARM-A  2.006  203.769
2018-04-21T11:17:30Z  447.734  -25.858  -139.495  2.18075E-16  SWARM-A  2.013  205.695
2018-04-21T11:18:00Z  448.506  -27.788  -139.508  2.16739E-16  SWARM-A  2.020  207.620
2018-04-21T11:18:30Z  449.296  -29.717  -139.518  2.15368E-16  SWARM-A  2.028  209.545
2018-04-21T11:19:00Z  450.102  -31.645  -139.524  2.13935E-16  SWARM-A  2.036  211.470
2018-04-21T11:19:30Z  450.921  -33.572  -139.524  2.12513E-16  SWARM-A  2.044  213.395
2018-04-21T11:20:00Z  451.750  -35.498  -139.519  2.11042E-16  SWARM-A  2.053  215.320
2018-04-21T11:20:30Z  452.586  -37.423  -139.507  2.09542E-16  SWARM-A  2.062  217.244
2018-04-21T11:21:00Z  453.427  -39.347  -139.488  2.08078E-16  SWARM-A  2.072  219.169
2018-04-21T11:21:30Z  454.269  -41.269  -139.461  2.06546E-16  SWARM-A  2.082  221.093
2018-04-21T11:22:00Z  455.109  -43.191  -139.425  2.05027E-16  SWARM-A  2.093  223.017
2018-04-21T11:22:30Z  455.945  -45.111  -139.379  2.03456E-16  SWARM-A  2.104  224.941
2018-04-21T11:23:00Z  456.773  -47.030  -139.320  2.01829E-16  SWARM-A  2.116  226.864
2018-04-21T11:23:30Z  457.591  -48.948  -139.248  2.00176E-16  SWARM-A  2.129  228.788
2018-04-21T11:24:00Z  458.395  -50.864  -139.161  1.98511E-16  SWARM-A  2.144  230.711
2018-04-21T11:24:30Z  459.183  -52.779  -139.055  1.96826E-16  SWARM-A  2.159  232.635
2018-04-21T11:25:00Z  459.951  -54.693  -138.928  1.95125E-16  SWARM-A  2.176  234.558
2018-04-21T11:25:30Z  460.697  -56.605  -138.776  1.93444E-16  SWARM-A  2.194  236.481
2018-04-21T11:26:00Z  461.418  -58.516  -138.594  1.91758E-16  SWARM-A  2.215  238.403
2018-04-21T11:26:30Z  462.112  -60.425  -138.378  1.90048E-16  SWARM-A  2.238  240.326
2018-04-21T11:27:00Z  462.776  -62.332  -138.119  1.88319E-16  SWARM-A  2.263  242.249
2018-04-21T11:27:30Z  463.407  -64.237  -137.808  1.86510E-16  SWARM-A  2.292  244.171
2018-04-21T11:28:00Z  464.003  -66.140  -137.432  1.84708E-16  SWARM-A  2.326  246.094
2018-04-21T11:28:30Z  464.563  -68.041  -136.976  1.82917E-16  SWARM-A  2.364  248.016
2018-04-21T11:29:00Z  465.083  -69.938  -136.415  1.81101E-16  SWARM-A  2.410  249.938
2018-04-21T11:29:30Z  465.563  -71.832  -135.718  1.79394E-16  SWARM-A  2.465  251.860
2018-04-21T11:30:00Z  465.999  -73.721  -134.838  1.77734E-16  SWARM-A  2.532  253.782
2018-04-21T11:30:30Z  466.392  -75.603  -133.702  1.76152E-16  SWARM-A  2.616  255.704
2018-04-21T11:31:00Z  466.738  -77.476  -132.197  1.74722E-16  SWARM-A  2.725  257.626
2018-04-21T11:31:30Z  467.038  -79.336  -130.131  1.73418E-16  SWARM-A  2.871  259.548
2018-04-21T11:32:00Z  467.289  -81.174  -127.161  1.72327E-16  SWARM-A  3.077  261.470
2018-04-21T11:32:30Z  467.492  -82.973  -122.600  1.71433E-16  SWARM-A  3.389  263.392
2018-04-21T11:33:00Z  467.644  -84.694  -114.936  1.70824E-16  SWARM-A  3.909  265.314
2018-04-21T11:33:30Z  467.746  -86.230  -100.457  1.70517E-16  SWARM-A  4.882  267.235
2018-04-21T11:34:00Z  467.797  -87.249  -71.523  1.70556E-16  SWARM-A  6.820  269.157
2018-04-21T11:34:30Z  467.797  -87.134  -31.948  1.71054E-16  SWARM-A  9.466  271.079
2018-04-21T11:35:00Z  467.746  -85.982  -6.125  1.71767E-16  SWARM-A  11.196  273.000
2018-04-21T11:35:30Z  467.644  -84.399  6.703  1.72727E-16  SWARM-A  12.060  274.922
2018-04-21T11:36:00Z  467.492  -82.659  13.640  1.74052E-16  SWARM-A  12.530  276.844
2018-04-21T11:36:30Z  467.290  -80.851  17.843  1.75779E-16  SWARM-A  12.819  278.766
2018-04-21T11:37:00Z  467.038  -79.009  20.618  1.77914E-16  SWARM-A  13.012  280.688
2018-04-21T11:37:30Z  466.739  -77.146  22.565  1.80532E-16  SWARM-A  13.150  282.609
2018-04-21T11:38:00Z  466.392  -75.271  23.993  1.83623E-16  SWARM-A  13.254  284.531
2018-04-21T11:38:30Z  466.000  -73.387  25.078  1.87215E-16  SWARM-A  13.335  286.453
2018-04-21T11:39:00Z  465.563  -71.498  25.922  1.91360E-16  SWARM-A  13.399  288.375
2018-04-21T11:39:30Z  465.084  -69.603  26.591  1.96062E-16  SWARM-A  13.452  290.297
2018-04-21T11:40:00Z  464.564  -67.705  27.132  2.01307E-16  SWARM-A  13.497  292.220
2018-04-21T11:40:30Z  464.005  -65.804  27.572  2.07149E-16  SWARM-A  13.534  294.142
2018-04-21T11:41:00Z  463.409  -63.901  27.935  2.13534E-16  SWARM-A  13.567  296.064
2018-04-21T11:41:30Z  462.779  -61.995  28.236  2.20433E-16  SWARM-A  13.595  297.987
2018-04-21T11:42:00Z  462.116  -60.088  28.487  2.27915E-16  SWARM-A  13.620  299.909
2018-04-21T11:42:30Z  461.423  -58.179  28.697  2.35965E-16  SWARM-A  13.643  301.832
2018-04-21T11:43:00Z  460.703  -56.268  28.873  2.44474E-16  SWARM-A  13.663  303.755
2018-04-21T11:43:30Z  459.959  -54.355  29.020  2.53476E-16  SWARM-A  13.681  305.678
2018-04-21T11:44:00Z  459.193  -52.441  29.143  2.62863E-16  SWARM-A  13.697  307.601
2018-04-21T11:44:30Z  458.407  -50.526  29.246  2.72676E-16  SWARM-A  13.712  309.524
2018-04-21T11:45:00Z  457.605  -48.610  29.330  2.82870E-16  SWARM-A  13.726  311.447
2018-04-21T11:45:30Z  456.791  -46.692  29.400  2.93378E-16  SWARM-A  13.739  313.371
2018-04-21T11:46:00Z  455.965  -44.773  29.456  3.04172E-16  SWARM-A  13.751  315.294
2018-04-21T11:46:30Z  455.133  -42.852  29.501  3.15169E-16  SWARM-A  13.763  317.218
2018-04-21T11:47:00Z  454.296  -40.931  29.535  3.26410E-16  SWARM-A  13.773  319.142
2018-04-21T11:47:30Z  453.458  -39.008  29.560  3.37866E-16  SWARM-A  13.783  321.066
2018-04-21T11:48:00Z  452.621  -37.084  29.578  3.49526E-16  SWARM-A  13.793  322.991
2018-04-21T11:48:30Z  451.789  -35.159  29.588  3.61353E-16  SWARM-A  13.802  324.915
2018-04-21T11:49:00Z  450.964  -33.233  29.593  3.73332E-16  SWARM-A  13.811  326.840
2018-04-21T11:49:30Z  450.150  -31.306  29.592  3.85411E-16  SWARM-A  13.819  328.764
2018-04-21T11:50:00Z  449.349  -29.378  29.585  3.97587E-16  SWARM-A  13.827  330.689
2018-04-21T11:50:30Z  448.564  -27.449  29.575  4.09852E-16  SWARM-A  13.834  332.615
2018-04-21T11:51:00Z  447.798  -25.519  29.560  4.22162E-16  SWARM-A  13.842  334.540
2018-04-21T11:51:30Z  447.052  -23.588  29.542  4.34483E-16  SWARM-A  13.849  336.465
2018-04-21T11:52:00Z  446.330  -21.656  29.521  4.46702E-16  SWARM-A  13.856  338.391
2018-04-21T11:52:30Z  445.634  -19.723  29.498  4.58771E-16  SWARM-A  13.863  340.317
2018-04-21T11:53:00Z  444.965  -17.790  29.471  4.70631E-16  SWARM-A  13.869  342.243
2018-04-21T11:53:30Z  444.327  -15.856  29.443  4.82092E-16  SWARM-A  13.876  344.169
2018-04-21T11:54:00Z  443.721  -13.921  29.413  4.93157E-16  SWARM-A  13.882  346.096
2018-04-21T11:54:30Z  443.149  -11.986  29.381  5.03653E-16  SWARM-A  13.888  348.022
2018-04-21T11:55:00Z  442.612  -10.050  29.349  5.13526E-16  SWARM-A  13.894  349.949
2018-04-21T11:55:30Z  442.111  -8.113  29.315  5.22551E-16  SWARM-A  13.900  351.876
2018-04-21T11:56:00Z  441.649  -6.177  29.280  5.30798E-16  SWARM-A  13.906  353.803
2018-04-21T11:56:30Z  441.225  -4.239  29.244  5.38213E-16  SWARM-A  13.912  355.731
2018-04-21T11:57:00Z  440.842  -2.302  29.208  5.44765E-16  SWARM-A  13.918  357.658
2018-04-21T11:57:30Z  440.499  -0.364  29.172  5.50484E-16  SWARM-A  13.924  359.586
2018-04-21T11:58:00Z  440.197  1.574  29.136  5.55411E-16  SWARM-A  13.930  1.514
2018-04-21T11:58:30Z  439.937  3.512  29.100  5.59435E-16  SWARM-A  13.936  3.442
2018-04-21T11:59:00Z  439.718  5.450  29.064  5.62536E-16  SWARM-A  13.942  5.370
2018-04-21T11:59:30Z  439.540  7.388  29.029  5.64841E-16  SWARM-A  13.948  7.299
2018-04-21T12:00:00Z  439.404  9.327  28.995  5.66233E-16  SWARM-A  13.954  9.227
2018-04-21T12:00:30Z  439.308  11.265  28.961  5.67000E-16  SWARM-A  13.960  11.156
2018-04-21T12:01:00Z  439.252  13.202  28.929  5.67084E-16  SWARM-A  13.966  13.085
2018-04-21T12:01:30Z  439.236  15.140  28.899  5.66569E-16  SWARM-A  13.973  15.014
2018-04-21T12:02:00Z  439.258  17.077  28.870  5.65513E-16  SWARM-A  13.979  16.943
2018-04-21T12:02:30Z  439.317  19.014  28.843  5.63951E-16  SWARM-A  13.986  18.873
2018-04-21T12:03:00Z  439.412  20.951  28.819  5.61957E-16  SWARM-A  13.992  20.802
2018-04-21T12:03:30Z  439.541  22.887  28.797  5.59553E-16  SWARM-A  13.999  22.732
2018-04-21T12:04:00Z  439.703  24.822  28.778  5.56775E-16  SWARM-A  14.006  24.662
2018-04-21T12:04:30Z  439.896  26.757  28.762  5.53717E-16  SWARM-A  14.014  26.592
2018-04-21T12:05:00Z  440.118  28.692  28.751  5.50423E-16  SWARM-A  14.021  28.522
2018-04-21T12:05:30Z  440.368  30.625  28.743  5.46795E-16  SWARM-A  14.029  30.452
2018-04-21T12:06:00Z  440.642  32.558  28.740  5.43013E-16  SWARM-A  14.037  32.382
2018-04-21T12:06:30Z  440.940  34.491  28.743  5.39048E-16  SWARM-A  14.046  34.313
2018-04-21T12:07:00Z  441.258  36.422  28.752  5.34849E-16  SWARM-A  14.055  36.243
2018-04-21T12:07:30Z  441.595  38.353  28.767  5.30499E-16  SWARM-A  14.064  38.174
2018-04-21T12:08:00Z  441.947  40.283  28.790  5.26051E-16  SWARM-A  14.074  40.105
2018-04-21T12:08:30Z  442.313  42.212  28.822  5.21409E-16  SWARM-A  14.084  42.036
2018-04-21T12:09:00Z  442.690  44.140  28.864  5.16772E-16  SWARM-A  14.095  43.967
2018-04-21T12:09:30Z  443.075  46.067  28.917  5.11969E-16  SWARM-A  14.107  45.898
2018-04-21T12:10:00Z  443.466  47.993  28.982  5.07125E-16  SWARM-A  14.120  47.829
2018-04-21T12:10:30Z  443.860  49.918  29.063  5.02268E-16  SWARM-A  14.134  49.761
2018-04-21T12:11:00Z  444.256  51.841  29.160  4.97356E-16  SWARM-A  14.149  51.692
2018-04-21T12:11:30Z  444.650  53.764  29.278  4.92401E-16  SWARM-A  14.165  53.624
2018-04-21T12:12:00Z  445.040  55.685  29.418  4.87420E-16  SWARM-A  14.182  55.555
2018-04-21T12:12:30Z  445.424  57.606  29.586  4.82394E-16  SWARM-A  14.202  57.487
2018-04-21T12:13:00Z  445.799  59.524  29.787  4.77246E-16  SWARM-A  14.224  59.419
2018-04-21T12:13:30Z  446.163  61.441  30.026  4.71947E-16  SWARM-A  14.248  61.351
2018-04-21T12:14:00Z  446.514  63.357  30.314  4.66458E-16  SWARM-A  14.275  63.282
2018-04-21T12:14:30Z  446.849  65.270  30.660  4.60704E-16  SWARM-A  14.307  65.214
2018-04-21T12:15:00Z  447.168  67.182  31.080  4.54539E-16  SWARM-A  14.343  67.146
2018-04-21T12:15:30Z  447.468  69.090  31.593  4.47935E-16  SWARM-A  14.386  69.078
2018-04-21T12:16:00Z  447.746  70.995  32.228  4.40922E-16  SWARM-A  14.436  71.010
2018-04-21T12:16:30Z  448.003  72.896  33.026  4.33632E-16  SWARM-A  14.498  72.943
2018-04-21T12:17:00Z  448.235  74.792  34.046  4.26222E-16  SWARM-A  14.574  74.875
2018-04-21T12:17:30Z  448.442  76.679  35.382  4.18790E-16  SWARM-A  14.672  76.807
2018-04-21T12:18:00Z  448.623  78.555  37.190  4.11372E-16  SWARM-A  14.800  78.739
2018-04-21T12:18:30Z  448.776  80.414  39.738  4.03915E-16  SWARM-A  14.979  80.671
2018-04-21T12:19:00Z  448.900  82.242  43.544  3.96331E-16  SWARM-A  15.241  82.604
2018-04-21T12:19:30Z  448.995  84.012  49.702  3.88576E-16  SWARM-A  15.660  84.536
2018-04-21T12:20:00Z  449.061  85.653  60.814  3.80687E-16  SWARM-A  16.409  86.468
2018-04-21T12:20:30Z  449.096  86.949  83.140  3.72722E-16  SWARM-A  17.905  88.400
2018-04-21T12:21:00Z  449.101  87.337  121.546  3.64611E-16  SWARM-A  20.474  90.333
2018-04-21T12:21:30Z  449.076  86.501  154.330  3.56070E-16  SWARM-A  22.668  92.265
2018-04-21T12:22:00Z  449.021  85.023  171.125  3.47436E-16  SWARM-A  23.796  94.197
2018-04-21T12:22:30Z  448.935  83.317  179.780  3.38940E-16  SWARM-A  0.382  96.130
2018-04-21T12:23:00Z  448.820  81.519  -175.193  3.30702E-16  SWARM-A  0.725  98.062
2018-04-21T12:23:30Z  448.676  79.677  -171.975  3.22794E-16  SWARM-A  0.948  99.994
2018-04-21T12:24:00Z  448.504  77.810  -169.765  3.15290E-16  SWARM-A  1.104  101.926
2018-04-21T12:24:30Z  448.305  75.929  -168.169  3.08220E-16  SWARM-A  1.218  103.859
2018-04-21T12:25:00Z  448.080  74.038  -166.973  3.01597E-16  SWARM-A  1.306  105.791
2018-04-21T12:25:30Z  447.831  72.140  -166.051  2.95466E-16  SWARM-A  1.376  107.723
2018-04-21T12:26:00Z  447.558  70.237  -165.324  2.89782E-16  SWARM-A  1.433  109.655
2018-04-21T12:26:30Z  447.263  68.330  -164.741  2.84559E-16  SWARM-A  1.480  111.587
2018-04-21T12:27:00Z  446.949  66.421  -164.268  2.79745E-16  SWARM-A  1.520  113.519
2018-04-21T12:27:30Z  446.616  64.508  -163.879  2.75368E-16  SWARM-A  1.554  115.451
2018-04-21T12:28:00Z  446.266  62.594  -163.558  2.71398E-16  SWARM-A  1.584  117.383
2018-04-21T12:28:30Z  445.903  60.678  -163.291  2.67781E-16  SWARM-A  1.610  119.315
2018-04-21T12:29:00Z  445.527  58.760  -163.068  2.64614E-16  SWARM-A  1.633  121.247
2018-04-21T12:29:30Z  445.141  56.841  -162.881  2.61882E-16  SWARM-A  1.654  123.179
2018-04-21T12:30:00Z  444.748  54.920  -162.725  2.59512E-16  SWARM-A  1.673  125.110
2018-04-21T12:30:30Z  444.349  52.998  -162.594  2.57485E-16  SWARM-A  1.690  127.042
2018-04-21T12:31:00Z  443.948  51.075  -162.485  2.55869E-16  SWARM-A  1.706  128.974
2018-04-21T12:31:30Z  443.546  49.150  -162.394  2.54461E-16  SWARM-A  1.720  130.905
2018-04-21T12:32:00Z  443.146  47.225  -162.320  2.53330E-16  SWARM-A  1.733  132.837
2018-04-21T12:32:30Z  442.750  45.299  -162.260  2.52457E-16  SWARM-A  1.746  134.768
2018-04-21T12:33:00Z  442.362  43.371  -162.211  2.51747E-16  SWARM-A  1.757  136.699
2018-04-21T12:33:30Z  441.984  41.443  -162.174  2.51258E-16  SWARM-A  1.768  138.630
2018-04-21T12:34:00Z  441.618  39.513  -162.146  2.50947E-16  SWARM-A  1.778  140.561
2018-04-21T12:34:30Z  441.266  37.583  -162.126  2.50801E-16  SWARM-A  1.788  142.492
2018-04-21T12:35:00Z  440.932  35.652  -162.113  2.50799E-16  SWARM-A  1.797  144.423
2018-04-21T12:35:30Z  440.617  33.720  -162.107  2.50883E-16  SWARM-A  1.806  146.353
2018-04-21T12:36:00Z  440.325  31.787  -162.106  2.51038E-16  SWARM-A  1.814  148.284
2018-04-21T12:36:30Z  440.056  29.854  -162.111  2.51258E-16  SWARM-A  1.822  150.214
2018-04-21T12:37:00Z  439.813  27.920  -162.120  2.51454E-16  SWARM-A  1.830  152.145
2018-04-21T12:37:30Z  439.599  25.985  -162.134  2.51596E-16  SWARM-A  1.837  154.075
2018-04-21T12:38:00Z  439.415  24.050  -162.151  2.51677E-16  SWARM-A  1.844  156.005
2018-04-21T12:38:30Z  439.263  22.114  -162.171  2.51629E-16  SWARM-A  1.851  157.935
2018-04-21T12:39:00Z  439.145  20.177  -162.194  2.51429E-16  SWARM-A  1.858  159.865
2018-04-21T12:39:30Z  439.061  18.240  -162.219  2.51100E-16  SWARM-A  1.865  161.794
2018-04-21T12:40:00Z  439.015  16.303  -162.247  2.50592E-16  SWARM-A  1.871  163.724
2018-04-21T12:40:30Z  439.006  14.366  -162.276  2.49859E-16  SWARM-A  1.878  165.653
2018-04-21T12:41:00Z  439.036  12.428  -162.308  2.48884E-16  SWARM-A  1.884  167.582
2018-04-21T12:41:30Z  439.106  10.490  -162.340  2.47737E-16  SWARM-A  1.890  169.511
2018-04-21T12:42:00Z  439.217  8.552  -162.374  2.46322E-16  SWARM-A  1.896  171.440
2018-04-21T12:42:30Z  439.368  6.613  -162.409  2.44726E-16  SWARM-A  1.902  173.369
2018-04-21T12:43:00Z  439.561  4.675  -162.444  2.42874E-16  SWARM-A  1.908  175.297
2018-04-21T12:43:30Z  439.796  2.737  -162.480  2.40836E-16  SWARM-A  1.914  177.226
2018-04-21T12:44:00Z  440.073  0.799  -162.516  2.38626E-16  SWARM-A  1.920  179.154
2018-04-21T12:44:30Z  440.391  -1.139  -162.552  2.36231E-16  SWARM-A  1.926  181.082
2018-04-21T12:45:00Z  440.750  -3.077  -162.588  2.33690E-16  SWARM-A  1.932  183.009
2018-04-21T12:45:30Z  441.149  -5.015  -162.624  2.30972E-16  SWARM-A  1.938  184.937
2018-04-21T12:46:00Z  441.589  -6.952  -162.659  2.28149E-16  SWARM-A  1.944  186.864
2018-04-21T12:46:30Z  442.067  -8.889  -162.694  2.25214E-16  SWARM-A  1.950  188.792
2018-04-21T12:47:00Z  442.583  -10.825  -162.728  2.22197E-16  SWARM-A  1.956  190.719
2018-04-21T12:47:30Z  443.135  -12.761  -162.760  2.19086E-16  SWARM-A  1.962  192.646
2018-04-21T12:48:00Z  443.722  -14.696  -162.791  2.15883E-16  SWARM-A  1.968  194.572
2018-04-21T12:48:30Z  444.343  -16.631  -162.821  2.12669E-16  SWARM-A  1.975  196.499
2018-04-21T12:49:00Z  444.995  -18.565  -162.848  2.09364E-16  SWARM-A  1.981  198.425
2018-04-21T12:49:30Z  445.676  -20.498  -162.873  2.06073E-16  SWARM-A  1.988  200.351
2018-04-21T12:50:00Z  446.385  -22.431  -162.896  2.02775E-16  SWARM-A  1.995  202.277
2018-04-21T12:50:30Z  447.119  -24.362  -162.916  1.99502E-16  SWARM-A  2.002  204.203
2018-04-21T12:51:00Z  447.876  -26.293  -162.933  1.96237E-16  SWARM-A  2.009  206.128
2018-04-21T12:51:30Z  448.654  -28.223  -162.946  1.93029E-16  SWARM-A  2.017  208.054
2018-04-21T12:52:00Z  449.449  -30.151  -162.954  1.89898E-16  SWARM-A  2.024  209.979
2018-04-21T12:52:30Z  450.259  -32.079  -162.959  1.86853E-16  SWARM-A  2.032  211.904
2018-04-21T12:53:00Z  451.081  -34.006  -162.958  1.83889E-16  SWARM-A  2.041  213.829
2018-04-21T12:53:30Z  451.913  -35.932  -162.951  1.81056E-16  SWARM-A  2.049  215.754
2018-04-21T12:54:00Z  452.752  -37.857  -162.938  1.78357E-16  SWARM-A  2.059  217.678
2018-04-21T12:54:30Z  453.594  -39.780  -162.918  1.75716E-16  SWARM-A  2.068  219.602
2018-04-21T12:55:00Z  454.437  -41.702  -162.889  1.73232E-16  SWARM-A  2.079  221.527
2018-04-21T12:55:30Z  455.278  -43.624  -162.851  1.70791E-16  SWARM-A  2.090  223.450
2018-04-21T12:56:00Z  456.113  -45.544  -162.802  1.68494E-16  SWARM-A  2.101  225.374
2018-04-21T12:56:30Z  456.940  -47.462  -162.740  1.66360E-16  SWARM-A  2.114  227.298
2018-04-21T12:57:00Z  457.756  -49.380  -162.665  1.64450E-16  SWARM-A  2.127  229.221
2018-04-21T12:57:30Z  458.557  -51.296  -162.574  1.62732E-16  SWARM-A  2.141  231.145
2018-04-21T12:58:00Z  459.342  -53.211  -162.463  1.61235E-16  SWARM-A  2.157  233.068
2018-04-21T12:58:30Z  460.106  -55.124  -162.331  1.59883E-16  SWARM-A  2.174  234.991
2018-04-21T12:59:00Z  460.848  -57.036  -162.173  1.58644E-16  SWARM-A  2.193  236.914
2018-04-21T12:59:30Z  461.565  -58.946  -161.984  1.57525E-16  SWARM-A  2.214  238.837
2018-04-21T13:00:00Z  462.253  -60.855  -161.759  1.56470E-16  SWARM-A  2.237  240.760
2018-04-21T13:00:30Z  462.911  -62.762  -161.490  1.55528E-16  SWARM-A  2.264  242.682
2018-04-21T13:01:00Z  463.535  -64.666  -161.165  1.54699E-16  SWARM-A  2.294  244.605
2018-04-21T13:01:30Z  464.125  -66.569  -160.774  1.53995E-16  SWARM-A  2.328  246.527
2018-04-21T13:02:00Z  464.677  -68.469  -160.296  1.53429E-16  SWARM-A  2.368  248.449
2018-04-21T13:02:30Z  465.190  -70.365  -159.709  1.53007E-16  SWARM-A  2.416  250.371
2018-04-21T13:03:00Z  465.661  -72.258  -158.975  1.52678E-16  SWARM-A  2.473  252.294
2018-04-21T13:03:30Z  466.089  -74.146  -158.045  1.52490E-16  SWARM-A  2.543  254.216
2018-04-21T13:04:00Z  466.473  -76.026  -156.838  1.52492E-16  SWARM-A  2.632  256.138
2018-04-21T13:04:30Z  466.810  -77.897  -155.228  1.52735E-16  SWARM-A  2.748  258.060
2018-04-21T13:05:00Z  467.100  -79.753  -152.998  1.53232E-16  SWARM-A  2.905  259.981
2018-04-21T13:05:30Z  467.342  -81.584  -149.748  1.54019E-16  SWARM-A  3.130  261.903
2018-04-21T13:06:00Z  467.535  -83.371  -144.669  1.55010E-16  SWARM-A  3.477  263.825
2018-04-21T13:06:30Z  467.677  -85.064  -135.920  1.56323E-16  SWARM-A  4.068  265.747
2018-04-21T13:07:00Z  467.769  -86.525  -118.958  1.57982E-16  SWARM-A  5.207  267.668
2018-04-21T13:07:30Z  467.810  -87.341  -86.065  1.60070E-16  SWARM-A  7.409  269.590
2018-04-21T13:08:00Z  467.800  -86.941  -47.960  1.62521E-16  SWARM-A  9.957  271.512
2018-04-21T13:08:30Z  467.739  -85.648  -25.849  1.65184E-16  SWARM-A  11.440  273.434
2018-04-21T13:09:00Z  467.627  -84.016  -14.803  1.68125E-16  SWARM-A  12.184  275.355
2018-04-21T13:09:30Z  467.465  -82.256  -8.664  1.71379E-16  SWARM-A  12.602  277.277
2018-04-21T13:10:00Z  467.253  -80.439  -4.862  1.74949E-16  SWARM-A  12.864  279.199
2018-04-21T13:10:30Z  466.992  -78.591  -2.314  1.78937E-16  SWARM-A  13.042  281.121
2018-04-21T13:11:00Z  466.683  -76.725  -0.505  1.83319E-16  SWARM-A  13.171  283.043
2018-04-21T13:11:30Z  466.327  -74.847  0.834  1.88119E-16  SWARM-A  13.269  284.964
2018-04-21T13:12:00Z  465.926  -72.962  1.856  1.93386E-16  SWARM-A  13.345  286.886
2018-04-21T13:12:30Z  465.481  -71.071  2.656  1.99499E-16  SWARM-A  13.407  288.808
2018-04-21T13:13:00Z  464.994  -69.176  3.293  2.06169E-16  SWARM-A  13.457  290.731
2018-04-21T13:13:30Z  464.466  -67.277  3.808  2.13275E-16  SWARM-A  13.500  292.653
2018-04-21T13:14:00Z  463.899  -65.376  4.229  2.20803E-16  SWARM-A  13.537  294.575
2018-04-21T13:14:30Z  463.296  -63.472  4.577  2.28616E-16  SWARM-A  13.568  296.497
2018-04-21T13:15:00Z  462.660  -61.566  4.865  2.36801E-16  SWARM-A  13.596  298.420
2018-04-21T13:15:30Z  461.991  -59.658  5.106  2.45335E-16  SWARM-A  13.620  300.342
2018-04-21T13:16:00Z  461.293  -57.748  5.308  2.54204E-16  SWARM-A  13.642  302.265
2018-04-21T13:16:30Z  460.568  -55.837  5.476  2.63355E-16  SWARM-A  13.661  304.188
2018-04-21T13:17:00Z  459.820  -53.924  5.618  2.72247E-16  SWARM-A  13.679  306.111
2018-04-21T13:17:30Z  459.050  -52.010  5.736  2.81399E-16  SWARM-A  13.695  308.034
2018-04-21T13:18:00Z  458.261  -50.095  5.834  2.90801E-16  SWARM-A  13.710  309.957
2018-04-21T13:18:30Z  457.457  -48.178  5.915  3.00387E-16  SWARM-A  13.724  311.881
2018-04-21T13:19:00Z  456.641  -46.260  5.981  3.10371E-16  SWARM-A  13.737  313.804
2018-04-21T13:19:30Z  455.815  -44.340  6.035  3.20777E-16  SWARM-A  13.749  315.728
2018-04-21T13:20:00Z  454.982  -42.420  6.077  3.31390E-16  SWARM-A  13.760  317.651
2018-04-21T13:20:30Z  454.145  -40.498  6.109  3.42215E-16  SWARM-A  13.770  319.575
2018-04-21T13:21:00Z  453.308  -38.575  6.132  3.53343E-16  SWARM-A  13.780  321.500
2018-04-21T13:21:30Z  452.473  -36.651  6.148  3.64294E-16  SWARM-A  13.790  323.424
2018-04-21T13:22:00Z  451.643  -34.726  6.157  3.75199E-16  SWARM-A  13.798  325.348
2018-04-21T13:22:30Z  450.822  -32.799  6.160  3.86411E-16  SWARM-A  13.807  327.273
2018-04-21T13:23:00Z  450.011  -30.872  6.158  3.97866E-16  SWARM-A  13.815  329.198
2018-04-21T13:23:30Z  449.214  -28.944  6.150  4.09578E-16  SWARM-A  13.823  331.123
2018-04-21T13:24:00Z  448.434  -27.014  6.139  4.21406E-16  SWARM-A  13.831  333.048
2018-04-21T13:24:30Z  447.672  -25.084  6.123  4.33240E-16  SWARM-A  13.838  334.973
2018-04-21T13:25:00Z  446.933  -23.153  6.105  4.45218E-16  SWARM-A  13.845  336.899
2018-04-21T13:25:30Z  446.217  -21.221  6.083  4.57273E-16  SWARM-A  13.852  338.824
2018-04-21T13:26:00Z  445.527  -19.288  6.059  4.69309E-16  SWARM-A  13.859  340.750
2018-04-21T13:26:30Z  444.866  -17.355  6.032  4.81326E-16  SWARM-A  13.865  342.676
2018-04-21T13:27:00Z  444.235  -15.421  6.003  4.93239E-16  SWARM-A  13.872  344.603
2018-04-21T13:27:30Z  443.637  -13.486  5.973  5.04961E-16  SWARM-A  13.878  346.529
2018-04-21T13:28:00Z  443.072  -11.550  5.941  5.16299E-16  SWARM-A  13.884  348.456
2018-04-21T13:28:30Z  442.543  -9.614  5.908  5.27290E-16  SWARM-A  13.890  350.383
2018-04-21T13:29:00Z  442.051  -7.678  5.873  5.37910E-16  SWARM-A  13.896  352.310
2018-04-21T13:29:30Z  441.597  -5.741  5.838  5.47945E-16  SWARM-A  13.902  354.237
2018-04-21T13:30:00Z  441.183  -3.804  5.803  5.57336E-16  SWARM-A  13.908  356.164
2018-04-21T13:30:30Z  440.808  -1.866  5.767  5.65411E-16  SWARM-A  13.914  358.092
2018-04-21T13:31:00Z  440.474  0.072  5.730  5.72837E-16  SWARM-A  13.920  0.019
2018-04-21T13:31:30Z  440.180  2.010  5.694  5.79651E-16  SWARM-A  13.926  1.947
2018-04-21T13:32:00Z  439.929  3.948  5.658  5.85860E-16  SWARM-A  13.932  3.875
2018-04-21T13:32:30Z  439.718  5.886  5.622  5.91427E-16  SWARM-A  13.938  5.804
2018-04-21T13:33:00Z  439.549  7.824  5.588  5.96404E-16  SWARM-A  13.944  7.732
2018-04-21T13:33:30Z  439.421  9.762  5.553  6.00835E-16  SWARM-A  13.950  9.661
2018-04-21T13:34:00Z  439.333  11.700  5.520  6.04729E-16  SWARM-A  13.956  11.590
2018-04-21T13:34:30Z  439.285  13.638  5.489  6.08117E-16  SWARM-A  13.962  13.519
2018-04-21T13:35:00Z  439.276  15.575  5.458  6.10989E-16  SWARM-A  13.969  15.448
2018-04-21T13:35:30Z  439.305  17.513  5.430  6.13371E-16  SWARM-A  13.975  17.377
2018-04-21T13:36:00Z  439.371  19.449  5.404  6.15318E-16  SWARM-A  13.982  19.306
2018-04-21T13:36:30Z  439.472  21.386  5.380  6.16675E-16  SWARM-A  13.988  21.236
2018-04-21T13:37:00Z  439.607  23.322  5.358  6.17507E-16  SWARM-A  13.995  23.166
2018-04-21T13:37:30Z  439.775  25.257  5.340  6.17798E-16  SWARM-A  14.002  25.095
2018-04-21T13:38:00Z  439.973  27.192  5.326  6.17501E-16  SWARM-A  14.010  27.025
2018-04-21T13:38:30Z  440.200  29.126  5.315  6.16615E-16  SWARM-A  14.017  28.956
2018-04-21T13:39:00Z  440.453  31.060  5.308  6.15033E-16  SWARM-A  14.025  30.886
2018-04-21T13:39:30Z  440.731  32.993  5.307  6.12819E-16  SWARM-A  14.033  32.816
2018-04-21T13:40:00Z  441.032  34.925  5.310  6.09953E-16  SWARM-A  14.042  34.747
2018-04-21T13:40:30Z  441.352  36.856  5.320  6.06411E-16  SWARM-A  14.051  36.677
2018-04-21T13:41:00Z  441.691  38.787  5.338  6.02302E-16  SWARM-A  14.061  38.608
2018-04-21T13:41:30Z  442.044  40.716  5.362  5.97529E-16  SWARM-A  14.071  40.539
2018-04-21T13:42:00Z  442.411  42.645  5.396  5.92195E-16  SWARM-A  14.081  42.470
2018-04-21T13:42:30Z  442.788  44.573  5.440  5.86425E-16  SWARM-A  14.092  44.401
2018-04-21T13:43:00Z  443.173  46.500  5.496  5.80262E-16  SWARM-A  14.104  46.332
2018-04-21T13:43:30Z  443.563  48.425  5.565  5.73738E-16  SWARM-A  14.117  48.263
2018-04-21T13:44:00Z  443.956  50.350  5.649  5.66695E-16  SWARM-A  14.131  50.195
2018-04-21T13:44:30Z  444.349  52.274  5.750  5.58874E-16  SWARM-A  14.146  52.126
2018-04-21T13:45:00Z  444.740  54.196  5.872  5.50889E-16  SWARM-A  14.163  54.058
2018-04-21T13:45:30Z  445.127  56.117  6.019  5.42756E-16  SWARM-A  14.181  55.989
2018-04-21T13:46:00Z  445.507  58.037  6.193  5.34395E-16  SWARM-A  14.201  57.921
2018-04-21T13:46:30Z  445.877  59.955  6.402  5.25935E-16  SWARM-A  14.223  59.853
2018-04-21T13:47:00Z  446.236  61.872  6.651  5.17287E-16  SWARM-A  14.248  61.785
2018-04-21T13:47:30Z  446.581  63.787  6.951  5.08348E-16  SWARM-A  14.276  63.717
2018-04-21T13:48:00Z  446.911  65.700  7.312  4.99106E-16  SWARM-A  14.309  65.649
2018-04-21T13:48:30Z  447.223  67.611  7.751  4.89531E-16  SWARM-A  14.346  67.581
2018-04-21T13:49:00Z  447.515  69.519  8.289  4.79659E-16  SWARM-A  14.391  69.513
2018-04-21T13:49:30Z  447.786  71.423  8.956  4.69647E-16  SWARM-A  14.443  71.445
2018-04-21T13:50:00Z  448.034  73.323  9.797  4.59784E-16  SWARM-A  14.508  73.377
2018-04-21T13:50:30Z  448.258  75.217  10.878  4.50201E-16  SWARM-A  14.588  75.309
2018-04-21T13:51:00Z  448.456  77.102  12.304  4.40868E-16  SWARM-A  14.692  77.241
2018-04-21T13:51:30Z  448.628  78.975  14.248  4.31332E-16  SWARM-A  14.830  79.173
2018-04-21T13:52:00Z  448.771  80.828  17.020  4.21825E-16  SWARM-A  15.023  81.106
2018-04-21T13:52:30Z  448.886  82.647  21.227  4.12278E-16  SWARM-A  15.312  83.038
2018-04-21T13:53:00Z  448.972  84.397  28.183  4.02623E-16  SWARM-A  15.784  84.970
2018-04-21T13:53:30Z  449.027  85.988  41.091  3.92978E-16  SWARM-A  16.652  86.903
2018-04-21T13:54:00Z  449.053  87.142  67.173  3.83429E-16  SWARM-A  18.400  88.835
2018-04-21T13:54:30Z  449.048  87.242  107.003  3.73196E-16  SWARM-A  21.063  90.767
2018-04-21T13:55:00Z  449.013  86.203  135.794  3.62820E-16  SWARM-A  22.991  92.700
2018-04-21T13:55:30Z  448.948  84.653  150.126  3.52674E-16  SWARM-A  23.955  94.632
2018-04-21T13:56:00Z  448.853  82.919  157.708  3.42941E-16  SWARM-A  0.469  96.564
2018-04-21T13:56:30Z  448.728  81.108  162.221  3.33660E-16  SWARM-A  0.778  98.496
2018-04-21T13:57:00Z  448.575  79.259  165.162  3.25073E-16  SWARM-A  0.982  100.429
2018-04-21T13:57:30Z  448.394  77.388  167.207  3.17297E-16  SWARM-A  1.127  102.361
2018-04-21T13:58:00Z  448.187  75.504  168.698  3.10010E-16  SWARM-A  1.235  104.293
2018-04-21T13:58:30Z  447.954  73.611  169.823  3.03070E-16  SWARM-A  1.318  106.226
2018-04-21T13:59:00Z  447.696  71.712  170.696  2.96474E-16  SWARM-A  1.384  108.158
2018-04-21T13:59:30Z  447.416  69.808  171.386  2.90194E-16  SWARM-A  1.439  110.090
2018-04-21T14:00:00Z  447.114  67.901  171.942  2.83819E-16  SWARM-A  1.484  112.022
2018-04-21T14:00:30Z  446.793  65.991  172.394  2.77465E-16  SWARM-A  1.523  113.954
2018-04-21T14:01:00Z  446.454  64.078  172.766  2.71380E-16  SWARM-A  1.556  115.886
2018-04-21T14:01:30Z  446.099  62.163  173.074  2.65460E-16  SWARM-A  1.585  117.818
2018-04-21T14:02:00Z  445.730  60.246  173.330  2.59806E-16  SWARM-A  1.610  119.750
2018-04-21T14:02:30Z  445.350  58.328  173.545  2.54422E-16  SWARM-A  1.633  121.682
2018-04-21T14:03:00Z  444.961  56.408  173.724  2.49082E-16  SWARM-A  1.653  123.614
2018-04-21T14:03:30Z  444.565  54.487  173.874  2.43981E-16  SWARM-A  1.671  125.546
2018-04-21T14:04:00Z  444.164  52.565  174.000  2.39088E-16  SWARM-A  1.688  127.477
2018-04-21T14:04:30Z  443.761  50.641  174.104  2.34483E-16  SWARM-A  1.703  129.409
2018-04-21T14:05:00Z  443.358  48.717  174.191  2.30125E-16  SWARM-A  1.717  131.340
2018-04-21T14:05:30Z  442.958  46.791  174.262  2.26034E-16  SWARM-A  1.731  133.272
2018-04-21T14:06:00Z  442.564  44.864  174.319  2.22194E-16  SWARM-A  1.743  135.203
2018-04-21T14:06:30Z  442.177  42.936  174.365  2.18670E-16  SWARM-A  1.754  137.134
2018-04-21T14:07:00Z  441.801  41.008  174.400  2.15478E-16  SWARM-A  1.765  139.065
2018-04-21T14:07:30Z  441.438  39.078  174.426  2.12589E-16  SWARM-A  1.775  140.996
2018-04-21T14:08:00Z  441.090  37.148  174.445  2.10048E-16  SWARM-A  1.784  142.927
2018-04-21T14:08:30Z  440.760  35.216  174.456  2.07855E-16  SWARM-A  1.793  144.858
2018-04-21T14:09:00Z  440.450  33.284  174.460  2.06004E-16  SWARM-A  1.802  146.789
2018-04-21T14:09:30Z  440.163  31.351  174.460  2.04511E-16  SWARM-A  1.810  148.720
2018-04-21T14:10:00Z  439.901  29.417  174.454  2.03205E-16  SWARM-A  1.818  150.650
2018-04-21T14:10:30Z  439.665  27.483  174.444  2.02028E-16  SWARM-A  1.826  152.580
2018-04-21T14:11:00Z  439.459  25.548  174.429  2.01072E-16  SWARM-A  1.833  154.511
2018-04-21T14:11:30Z  439.283  23.613  174.412  2.00355E-16  SWARM-A  1.841  156.441
2018-04-21T14:12:00Z  439.140  21.677  174.391  1.99814E-16  SWARM-A  1.847  158.370
2018-04-21T14:12:30Z  439.030  19.740  174.367  1.99423E-16  SWARM-A  1.854  160.300
2018-04-21T14:13:00Z  438.957  17.803  174.341  1.99149E-16  SWARM-A  1.861  162.230
2018-04-21T14:13:30Z  438.921  15.866  174.313  1.98992E-16  SWARM-A  1.867  164.159
2018-04-21T14:14:00Z  438.923  13.928  174.283  1.98902E-16  SWARM-A  1.874  166.089
2018-04-21T14:14:30Z  438.964  11.990  174.252  1.98851E-16  SWARM-A  1.880  168.018
2018-04-21T14:15:00Z  439.045  10.052  174.219  1.98792E-16  SWARM-A  1.886  169.947
2018-04-21T14:15:30Z  439.167  8.114  174.185  1.98781E-16  SWARM-A  1.892  171.876
2018-04-21T14:16:00Z  439.331  6.175  174.150  1.98780E-16  SWARM-A  1.898  173.804
2018-04-21T14:16:30Z  439.536  4.237  174.114  1.98760E-16  SWARM-A  1.904  175.733
2018-04-21T14:17:00Z  439.783  2.299  174.078  1.98746E-16  SWARM-A  1.910  177.661
2018-04-21T14:17:30Z  440.072  0.361  174.042  1.98740E-16  SWARM-A  1.916  179.589
2018-04-21T14:18:00Z  440.402  -1.577  174.006  1.98746E-16  SWARM-A  1.922  181.517
2018-04-21T14:18:30Z  440.773  -3.515  173.970  1.98796E-16  SWARM-A  1.928  183.445
2018-04-21T14:19:00Z  441.185  -5.453  173.934  1.98867E-16  SWARM-A  1.934  185.373
2018-04-21T14:19:30Z  441.636  -7.390  173.899  1.98980E-16  SWARM-A  1.940  187.300
2018-04-21T14:20:00Z  442.126  -9.327  173.865  1.99105E-16  SWARM-A  1.946  189.227
2018-04-21T14:20:30Z  442.654  -11.263  173.831  1.99322E-16  SWARM-A  1.952  191.154
2018-04-21T14:21:00Z  443.217  -13.199  173.799  1.99504E-16  SWARM-A  1.958  193.081
2018-04-21T14:21:30Z  443.815  -15.134  173.768  1.99774E-16  SWARM-A  1.964  195.008
2018-04-21T14:22:00Z  444.446  -17.068  173.739  2.00009E-16  SWARM-A  1.971  196.934
2018-04-21T14:22:30Z  445.108  -19.002  173.712  2.00282E-16  SWARM-A  1.977  198.861
2018-04-21T14:23:00Z  445.799  -20.935  173.687  2.00566E-16  SWARM-A  1.984  200.787
2018-04-21T14:23:30Z  446.516  -22.868  173.665  2.00886E-16  SWARM-A  1.991  202.713
2018-04-21T14:24:00Z  447.258  -24.799  173.646  2.01215E-16  SWARM-A  1.998  204.639
2018-04-21T14:24:30Z  448.022  -26.730  173.630  2.01538E-16  SWARM-A  2.005  206.564
2018-04-21T14:25:00Z  448.806  -28.659  173.618  2.01887E-16  SWARM-A  2.013  208.489
2018-04-21T14:25:30Z  449.607  -30.588  173.610  2.02152E-16  SWARM-A  2.020  210.415
2018-04-21T14:26:00Z  450.422  -32.515  173.607  2.02422E-16  SWARM-A  2.029  212.340
2018-04-21T14:26:30Z  451.249  -34.442  173.609  2.02704E-16  SWARM-A  2.037  214.264
2018-04-21T14:27:00Z  452.085  -36.368  173.617  2.03012E-16  SWARM-A  2.046  216.189
2018-04-21T14:27:30Z  452.926  -38.292  173.632  2.03268E-16  SWARM-A  2.055  218.114
2018-04-21T14:28:00Z  453.771  -40.215  173.654  2.03466E-16  SWARM-A  2.065  220.038
2018-04-21T14:28:30Z  454.615  -42.137  173.685  2.03781E-16  SWARM-A  2.075  221.962
2018-04-21T14:29:00Z  455.457  -44.058  173.725  2.04166E-16  SWARM-A  2.086  223.886
2018-04-21T14:29:30Z  456.292  -45.978  173.777  2.04667E-16  SWARM-A  2.098  225.810
2018-04-21T14:30:00Z  457.118  -47.896  173.841  2.05207E-16  SWARM-A  2.111  227.733
2018-04-21T14:30:30Z  457.933  -49.814  173.920  2.05803E-16  SWARM-A  2.124  229.657
2018-04-21T14:31:00Z  458.732  -51.729  174.015  2.06304E-16  SWARM-A  2.139  231.580
2018-04-21T14:31:30Z  459.514  -53.644  174.130  2.06687E-16  SWARM-A  2.155  233.503
2018-04-21T14:32:00Z  460.275  -55.557  174.268  2.06899E-16  SWARM-A  2.173  235.426
2018-04-21T14:32:30Z  461.013  -57.468  174.432  2.06920E-16  SWARM-A  2.192  237.349
2018-04-21T14:33:00Z  461.725  -59.378  174.628  2.06828E-16  SWARM-A  2.213  239.272
2018-04-21T14:33:30Z  462.409  -61.287  174.863  2.06561E-16  SWARM-A  2.237  241.195
2018-04-21T14:34:00Z  463.061  -63.193  175.144  2.06163E-16  SWARM-A  2.264  243.117
2018-04-21T14:34:30Z  463.679  -65.097  175.482  2.05603E-16  SWARM-A  2.295  245.040
2018-04-21T14:35:00Z  464.262  -66.999  175.891  2.04928E-16  SWARM-A  2.331  246.962
2018-04-21T14:35:30Z  464.807  -68.898  176.391  2.04133E-16  SWARM-A  2.373  248.884
2018-04-21T14:36:00Z  465.312  -70.794  177.008  2.03257E-16  SWARM-A  2.422  250.806
2018-04-21T14:36:30Z  465.776  -72.686  177.780  2.02326E-16  SWARM-A  2.482  252.729
2018-04-21T14:37:00Z  466.196  -74.572  178.764  2.01393E-16  SWARM-A  2.556  254.651
2018-04-21T14:37:30Z  466.571  -76.451  -179.951  2.00435E-16  SWARM-A  2.650  256.572
2018-04-21T14:38:00Z  466.899  -78.319  -178.225  1.99557E-16  SWARM-A  2.773  258.494
2018-04-21T14:38:30Z  467.180  -80.170  -175.809  1.98843E-16  SWARM-A  2.943  260.416
2018-04-21T14:39:00Z  467.412  -81.993  -172.240  1.98298E-16  SWARM-A  3.189  262.338
2018-04-21T14:39:30Z  467.595  -83.765  -166.552  1.97992E-16  SWARM-A  3.576  264.260
2018-04-21T14:40:00Z  467.727  -85.424  -156.494  1.97923E-16  SWARM-A  4.255  266.181
2018-04-21T14:40:30Z  467.809  -86.790  -136.564  1.98206E-16  SWARM-A  5.592  268.103
2018-04-21T14:41:00Z  467.840  -87.364  -100.178  1.98730E-16  SWARM-A  8.026  270.025
2018-04-21T14:41:30Z  467.819  -86.701  -64.934  1.99471E-16  SWARM-A  10.384  271.947
2018-04-21T14:42:00Z  467.748  -85.298  -46.109  2.00370E-16  SWARM-A  11.648  273.868
2018-04-21T14:42:30Z  467.626  -83.626  -36.542  2.01600E-16  SWARM-A  12.294  275.790
2018-04-21T14:43:00Z  467.453  -81.849  -31.081  2.03254E-16  SWARM-A  12.666  277.712
2018-04-21T14:43:30Z  467.231  -80.023  -27.630  2.05399E-16  SWARM-A  12.905  279.634
2018-04-21T14:44:00Z  466.961  -78.170  -25.282  2.08112E-16  SWARM-A  13.069  281.555
2018-04-21T14:44:30Z  466.642  -76.301  -23.598  2.11433E-16  SWARM-A  13.190  283.477
2018-04-21T14:45:00Z  466.277  -74.422  -22.342  2.15476E-16  SWARM-A  13.282  285.399
2018-04-21T14:45:30Z  465.867  -72.535  -21.377  2.20058E-16  SWARM-A  13.355  287.321
2018-04-21T14:46:00Z  465.413  -70.643  -20.619  2.25231E-16  SWARM-A  13.414  289.243
2018-04-21T14:46:30Z  464.918  -68.747  -20.013  2.30978E-16  SWARM-A  13.462  291.165
2018-04-21T14:47:00Z  464.382  -66.848  -19.521  2.37287E-16  SWARM-A  13.503  293.087
2018-04-21T14:47:30Z  463.808  -64.946  -19.118  2.44076E-16  SWARM-A  13.539  295.010
2018-04-21T14:48:00Z  463.198  -63.041  -18.785  2.51407E-16  SWARM-A  13.569  296.932
2018-04-21T14:48:30Z  462.555  -61.135  -18.509  2.58986E-16  SWARM-A  13.596  298.854
2018-04-21T14:49:00Z  461.880  -59.227  -18.277  2.66835E-16  SWARM-A  13.620  300.777
2018-04-21T14:49:30Z  461.176  -57.317  -18.084  2.75001E-16  SWARM-A  13.641  302.700
2018-04-21T14:50:00Z  460.447  -55.405  -17.922  2.83432E-16  SWARM-A  13.660  304.623
2018-04-21T14:50:30Z  459.694  -53.492  -17.786  2.92103E-16  SWARM-A  13.677  306.545
2018-04-21T14:51:00Z  458.920  -51.578  -17.673  3.00872E-16  SWARM-A  13.693  308.469
2018-04-21T14:51:30Z  458.128  -49.662  -17.579  3.09783E-16  SWARM-A  13.708  310.392
2018-04-21T14:52:00Z  457.321  -47.745  -17.502  3.18771E-16  SWARM-A  13.721  312.315
2018-04-21T14:52:30Z  456.502  -45.826  -17.438  3.27860E-16  SWARM-A  13.734  314.239
2018-04-21T14:53:00Z  455.674  -43.907  -17.388  3.36829E-16  SWARM-A  13.746  316.162
2018-04-21T14:53:30Z  454.840  -41.986  -17.348  3.45763E-16  SWARM-A  13.757  318.086
2018-04-21T14:54:00Z  454.003  -40.064  -17.318  3.54672E-16  SWARM-A  13.767  320.010
2018-04-21T14:54:30Z  453.165  -38.141  -17.296  3.63606E-16  SWARM-A  13.777  321.934
2018-04-21T14:55:00Z  452.331  -36.216  -17.282  3.72630E-16  SWARM-A  13.786  323.858
2018-04-21T14:55:30Z  451.502  -34.291  -17.275  3.81748E-16  SWARM-A  13.795  325.783
2018-04-21T14:56:00Z  450.682  -32.364  -17.273  3.90980E-16  SWARM-A  13.803  327.708
2018-04-21T14:56:30Z  449.874  -30.437  -17.277  4.00334E-16  SWARM-A  13.811  329.632
2018-04-21T14:57:00Z  449.080  -28.508  -17.285  4.09769E-16  SWARM-A  13.819  331.557
2018-04-21T14:57:30Z  448.302  -26.579  -17.297  4.19281E-16  SWARM-A  13.827  333.482
2018-04-21T14:58:00Z  447.545  -24.648  -17.314  4.28877E-16  SWARM-A  13.834  335.408
2018-04-21T14:58:30Z  446.809  -22.717  -17.333  4.38507E-16  SWARM-A  13.841  337.333
2018-04-21T14:59:00Z  446.098  -20.785  -17.355  4.48104E-16  SWARM-A  13.848  339.259
2018-04-21T14:59:30Z  445.414  -18.852  -17.380  4.57617E-16  SWARM-A  13.855  341.185
2018-04-21T15:00:00Z  444.759  -16.918  -17.408  4.66649E-16  SWARM-A  13.861  343.111
2018-04-21T15:00:30Z  444.134  -14.984  -17.437  4.75781E-16  SWARM-A  13.867  345.037
2018-04-21T15:01:00Z  443.542  -13.049  -17.468  4.84629E-16  SWARM-A  13.874  346.964
2018-04-21T15:01:30Z  442.985  -11.113  -17.500  4.93113E-16  SWARM-A  13.880  348.891
2018-04-21T15:02:00Z  442.463  -9.177  -17.533  5.01205E-16  SWARM-A  13.886  350.817
2018-04-21T15:02:30Z  441.979  -7.241  -17.568  5.08693E-16  SWARM-A  13.892  352.744
2018-04-21T15:03:00Z  441.532  -5.304  -17.603  5.15672E-16  SWARM-A  13.898  354.672
2018-04-21T15:03:30Z  441.125  -3.367  -17.639  5.22153E-16  SWARM-A  13.904  356.599
2018-04-21T15:04:00Z  440.758  -1.429  -17.675  5.27985E-16  SWARM-A  13.910  358.527
2018-04-21T15:04:30Z  440.432  0.509  -17.711  5.33227E-16  SWARM-A  13.916  0.454
2018-04-21T15:05:00Z  440.147  2.447  -17.747  5.37845E-16  SWARM-A  13.922  2.382
2018-04-21T15:05:30Z  439.903  4.385  -17.783  5.41871E-16  SWARM-A  13.928  4.310
2018-04-21T15:06:00Z  439.700  6.323  -17.819  5.45349E-16  SWARM-A  13.934  6.239
2018-04-21T15:06:30Z  439.539  8.261  -17.854  5.48201E-16  SWARM-A  13.940  8.167
2018-04-21T15:07:00Z  439.418  10.199  -17.888  5.50608E-16  SWARM-A  13.946  10.096
2018-04-21T15:07:30Z  439.338  12.137  -17.920  5.52441E-16  SWARM-A  13.952  12.025
2018-04-21T15:08:00Z  439.297  14.075  -17.952  5.53775E-16  SWARM-A  13.958  13.954
2018-04-21T15:08:30Z  439.295  16.012  -17.982  5.54593E-16  SWARM-A  13.964  15.883
2018-04-21T15:09:00Z  439.331  17.949  -18.010  5.54965E-16  SWARM-A  13.971  17.812
2018-04-21T15:09:30Z  439.403  19.886  -18.035  5.54818E-16  SWARM-A  13.978  19.741
2018-04-21T15:10:00Z  439.510  21.823  -18.059  5.54175E-16  SWARM-A  13.984  21.671
2018-04-21T15:10:30Z  439.651  23.758  -18.079  5.53017E-16  SWARM-A  13.991  23.601
2018-04-21T15:11:00Z  439.823  25.694  -18.097  5.51285E-16  SWARM-A  13.998  25.531
2018-04-21T15:11:30Z  440.026  27.628  -18.111  5.49013E-16  SWARM-A  14.006  27.461
2018-04-21T15:12:00Z  440.257  29.562  -18.121  5.46163E-16  SWARM-A  14.014  29.391
2018-04-21T15:12:30Z  440.515  31.496  -18.126  5.42770E-16  SWARM-A  14.021  31.321
2018-04-21T15:13:00Z  440.796  33.429  -18.127  5.38809E-16  SWARM-A  14.030  33.252
2018-04-21T15:13:30Z  441.099  35.360  -18.121  5.34375E-16  SWARM-A  14.038  35.182
2018-04-21T15:14:00Z  441.422  37.292  -18.110  5.29469E-16  SWARM-A  14.048  37.113
2018-04-21T15:14:30Z  441.762  39.222  -18.091  5.24120E-16  SWARM-A  14.057  39.044
2018-04-21T15:15:00Z  442.117  41.151  -18.064  5.18452E-16  SWARM-A  14.067  40.974
2018-04-21T15:15:30Z  442.484  43.080  -18.028  5.12497E-16  SWARM-A  14.078  42.905
2018-04-21T15:16:00Z  442.861  45.007  -17.982  5.06338E-16  SWARM-A  14.089  44.837
2018-04-21T15:16:30Z  443.245  46.934  -17.923  5.00014E-16  SWARM-A  14.102  46.768
2018-04-21T15:17:00Z  443.634  48.859  -17.851  4.93567E-16  SWARM-A  14.115  48.699
2018-04-21T15:17:30Z  444.025  50.784  -17.764  4.86910E-16  SWARM-A  14.129  50.630
2018-04-21T15:18:00Z  444.415  52.707  -17.658  4.80338E-16  SWARM-A  14.144  52.562
2018-04-21T15:18:30Z  444.804  54.629  -17.530  4.73826E-16  SWARM-A  14.161  54.494
2018-04-21T15:19:00Z  445.187  56.550  -17.378  4.67326E-16  SWARM-A  14.180  56.425
2018-04-21T15:19:30Z  445.562  58.470  -17.196  4.60729E-16  SWARM-A  14.200  58.357
2018-04-21T15:20:00Z  445.928  60.388  -16.979  4.53821E-16  SWARM-A  14.223  60.289
2018-04-21T15:20:30Z  446.281  62.304  -16.719  4.46430E-16  SWARM-A  14.249  62.221
2018-04-21T15:21:00Z  446.621  64.219  -16.407  4.38653E-16  SWARM-A  14.278  64.152
2018-04-21T15:21:30Z  446.944  66.131  -16.030  4.30769E-16  SWARM-A  14.311  66.084
2018-04-21T15:22:00Z  447.249  68.042  -15.571  4.23316E-16  SWARM-A  14.350  68.016
2018-04-21T15:22:30Z  447.534  69.949  -15.007  4.16307E-16  SWARM-A  14.396  69.949
2018-04-21T15:23:00Z  447.798  71.852  -14.305  4.09754E-16  SWARM-A  14.451  71.881
2018-04-21T15:23:30Z  448.038  73.751  -13.416  4.03805E-16  SWARM-A  14.519  73.813
2018-04-21T15:24:00Z  448.253  75.643  -12.268  3.98142E-16  SWARM-A  14.604  75.745
2018-04-21T15:24:30Z  448.443  77.526  -10.744  3.92524E-16  SWARM-A  14.714  77.677
2018-04-21T15:25:00Z  448.606  79.396  -8.647  3.86712E-16  SWARM-A  14.862  79.610
2018-04-21T15:25:30Z  448.740  81.243  -5.620  3.80553E-16  SWARM-A  15.072  81.542
2018-04-21T15:26:00Z  448.846  83.050  -0.947  3.73994E-16  SWARM-A  15.392  83.474
2018-04-21T15:26:30Z  448.923  84.775  6.965  3.67006E-16  SWARM-A  15.928  85.407
2018-04-21T15:27:00Z  448.970  86.304  22.054  3.59835E-16  SWARM-A  16.942  87.339
2018-04-21T15:27:30Z  448.986  87.280  52.171  3.52824E-16  SWARM-A  18.958  89.271
2018-04-21T15:28:00Z  448.972  87.084  91.715  3.45563E-16  SWARM-A  21.603  91.204
2018-04-21T15:28:30Z  448.928  85.880  116.526  3.38045E-16  SWARM-A  23.265  93.136
2018-04-21T15:29:00Z  448.854  84.271  128.808  3.30627E-16  SWARM-A  0.092  95.068
2018-04-21T15:29:30Z  448.751  82.514  135.487  3.23454E-16  SWARM-A  0.546  97.001
2018-04-21T15:30:00Z  448.618  80.692  139.556  3.16593E-16  SWARM-A  0.825  98.933
2018-04-21T15:30:30Z  448.457  78.838  142.252  3.10073E-16  SWARM-A  1.013  100.865
2018-04-21T15:31:00Z  448.268  76.963  144.149  3.03867E-16  SWARM-A  1.148  102.798
2018-04-21T15:31:30Z  448.053  75.077  145.545  2.97867E-16  SWARM-A  1.250  104.730
2018-04-21T15:32:00Z  447.813  73.183  146.605  2.91785E-16  SWARM-A  1.329  106.662
2018-04-21T15:32:30Z  447.549  71.282  147.432  2.85899E-16  SWARM-A  1.392  108.595
2018-04-21T15:33:00Z  447.262  69.377  148.088  2.80130E-16  SWARM-A  1.444  110.527
2018-04-21T15:33:30Z  446.955  67.469  148.618  2.74496E-16  SWARM-A  1.488  112.459
2018-04-21T15:34:00Z  446.628  65.558  149.050  2.68995E-16  SWARM-A  1.525  114.391
2018-04-21T15:34:30Z  446.285  63.645  149.406  2.63687E-16  SWARM-A  1.557  116.323
2018-04-21T15:35:00Z  445.926  61.730  149.702  2.58578E-16  SWARM-A  1.585  118.255
2018-04-21T15:35:30Z  445.554  59.813  149.948  2.53641E-16  SWARM-A  1.610  120.187
2018-04-21T15:36:00Z  445.170  57.894  150.154  2.48858E-16  SWARM-A  1.632  122.119
2018-04-21T15:36:30Z  444.779  55.974  150.326  2.44271E-16  SWARM-A  1.652  124.051
2018-04-21T15:37:00Z  444.380  54.052  150.471  2.39780E-16  SWARM-A  1.670  125.983
2018-04-21T15:37:30Z  443.978  52.130  150.591  2.35528E-16  SWARM-A  1.686  127.914
2018-04-21T15:38:00Z  443.574  50.206  150.691  2.31554E-16  SWARM-A  1.701  129.846
2018-04-21T15:38:30Z  443.171  48.281  150.774  2.27886E-16  SWARM-A  1.715  131.778
2018-04-21T15:39:00Z  442.772  46.355  150.842  2.24550E-16  SWARM-A  1.728  133.709
2018-04-21T15:39:30Z  442.378  44.428  150.897  2.21501E-16  SWARM-A  1.740  135.640
2018-04-21T15:40:00Z  441.993  42.500  150.940  2.18865E-16  SWARM-A  1.751  137.572
2018-04-21T15:40:30Z  441.619  40.571  150.973  2.16543E-16  SWARM-A  1.761  139.503
2018-04-21T15:41:00Z  441.259  38.641  150.997  2.14608E-16  SWARM-A  1.771  141.434
2018-04-21T15:41:30Z  440.914  36.710  151.014  2.13086E-16  SWARM-A  1.781  143.365
2018-04-21T15:42:00Z  440.589  34.778  151.023  2.11900E-16  SWARM-A  1.790  145.296
2018-04-21T15:42:30Z  440.283  32.846  151.027  2.11099E-16  SWARM-A  1.798  147.227
2018-04-21T15:43:00Z  440.001  30.913  151.025  2.10615E-16  SWARM-A  1.807  149.157
2018-04-21T15:43:30Z  439.745  28.979  151.018  2.10472E-16  SWARM-A  1.815  151.088
2018-04-21T15:44:00Z  439.515  27.044  151.007  2.10634E-16  SWARM-A  1.822  153.018
2018-04-21T15:44:30Z  439.315  25.109  150.992  2.11077E-16  SWARM-A  1.829  154.948
2018-04-21T15:45:00Z  439.147  23.174  150.973  2.11755E-16  SWARM-A  1.837  156.878
2018-04-21T15:45:30Z  439.011  21.237  150.952  2.12594E-16  SWARM-A  1.843  158.808
2018-04-21T15:46:00Z  438.910  19.301  150.928  2.13598E-16  SWARM-A  1.850  160.738
2018-04-21T15:46:30Z  438.845  17.364  150.901  2.14704E-16  SWARM-A  1.857  162.668
2018-04-21T15:47:00Z  438.817  15.426  150.873  2.15818E-16  SWARM-A  1.863  164.597
2018-04-21T15:47:30Z  438.828  13.488  150.842  2.16916E-16  SWARM-A  1.869  166.527
2018-04-21T15:48:00Z  438.878  11.550  150.810  2.17986E-16  SWARM-A  1.876  168.456
2018-04-21T15:48:30Z  438.969  9.612  150.777  2.19001E-16  SWARM-A  1.882  170.385
2018-04-21T15:49:00Z  439.101  7.674  150.743  2.19828E-16  SWARM-A  1.888  172.314
2018-04-21T15:49:30Z  439.274  5.735  150.708  2.20551E-16  SWARM-A  1.894  174.242
2018-04-21T15:50:00Z  439.489  3.797  150.672  2.21102E-16  SWARM-A  1.900  176.171
2018-04-21T15:50:30Z  439.746  1.858  150.636  2.21418E-16  SWARM-A  1.906  178.099
2018-04-21T15:51:00Z  440.044  -0.080  150.600  2.21567E-16  SWARM-A  1.912  180.027
2018-04-21T15:51:30Z  440.384  -2.018  150.564  2.21495E-16  SWARM-A  1.918  181.955
2018-04-21T15:52:00Z  440.765  -3.956  150.528  2.21191E-16  SWARM-A  1.924  183.883
2018-04-21T15:52:30Z  441.187  -5.893  150.492  2.20704E-16  SWARM-A  1.929  185.811
2018-04-21T15:53:00Z  441.647  -7.830  150.457  2.19971E-16  SWARM-A  1.935  187.738
2018-04-21T15:53:30Z  442.146  -9.767  150.423  2.19105E-16  SWARM-A  1.942  189.666
2018-04-21T15:54:00Z  442.682  -11.703  150.390  2.18010E-16  SWARM-A  1.948  191.593
2018-04-21T15:54:30Z  443.254  -13.639  150.358  2.16750E-16  SWARM-A  1.954  193.520
2018-04-21T15:55:00Z  443.860  -15.574  150.328  2.15308E-16  SWARM-A  1.960  195.446
2018-04-21T15:55:30Z  444.499  -17.508  150.299  2.13714E-16  SWARM-A  1.967  197.373
2018-04-21T15:56:00Z  445.168  -19.442  150.273  2.11998E-16  SWARM-A  1.973  199.299
2018-04-21T15:56:30Z  445.866  -21.375  150.248  2.10108E-16  SWARM-A  1.980  201.225
2018-04-21T15:57:00Z  446.591  -23.307  150.227  2.08102E-16  SWARM-A  1.987  203.151
2018-04-21T15:57:30Z  447.339  -25.238  150.208  2.06014E-16  SWARM-A  1.994  205.077
2018-04-21T15:58:00Z  448.109  -27.169  150.193  2.03777E-16  SWARM-A  2.001  207.002
2018-04-21T15:58:30Z  448.899  -29.098  150.182  2.01499E-16  SWARM-A  2.009  208.928
2018-04-21T15:59:00Z  449.705  -31.027  150.175  1.99161E-16  SWARM-A  2.017  210.853
2018-04-21T15:59:30Z  450.525  -32.954  150.173  1.96814E-16  SWARM-A  2.025  212.778
2018-04-21T16:00:00Z  451.356  -34.881  150.176  1.94542E-16  SWARM-A  2.033  214.703
2018-04-21T16:00:30Z  452.195  -36.806  150.186  1.92383E-16  SWARM-A  2.042  216.627
2018-04-21T16:01:00Z  453.040  -38.730  150.202  1.90448E-16  SWARM-A  2.052  218.552
2018-04-21T16:01:30Z  453.887  -40.653  150.226  1.88803E-16  SWARM-A  2.062  220.476
2018-04-21T16:02:00Z  454.734  -42.575  150.259  1.87471E-16  SWARM-A  2.072  222.400
2018-04-21T16:02:30Z  455.577  -44.496  150.302  1.86400E-16  SWARM-A  2.084  224.324
2018-04-21T16:03:00Z  456.414  -46.415  150.357  1.85460E-16  SWARM-A  2.095  226.248
2018-04-21T16:03:30Z  457.241  -48.333  150.424  1.84508E-16  SWARM-A  2.108  228.172
2018-04-21T16:04:00Z  458.056  -50.250  150.506  1.83590E-16  SWARM-A  2.122  230.095
2018-04-21T16:04:30Z  458.855  -52.166  150.606  1.82633E-16  SWARM-A  2.137  232.018
2018-04-21T16:05:00Z  459.636  -54.080  150.726  1.81697E-16  SWARM-A  2.153  233.942
2018-04-21T16:05:30Z  460.395  -55.993  150.869  1.80821E-16  SWARM-A  2.171  235.865
2018-04-21T16:06:00Z  461.131  -57.904  151.040  1.79983E-16  SWARM-A  2.191  237.788
2018-04-21T16:06:30Z  461.840  -59.813  151.245  1.79231E-16  SWARM-A  2.213  239.710
2018-04-21T16:07:00Z  462.520  -61.721  151.489  1.78536E-16  SWARM-A  2.238  241.633
2018-04-21T16:07:30Z  463.168  -63.627  151.782  1.77890E-16  SWARM-A  2.265  243.556
2018-04-21T16:08:00Z  463.782  -65.531  152.135  1.77342E-16  SWARM-A  2.297  245.478
2018-04-21T16:08:30Z  464.360  -67.432  152.563  1.76893E-16  SWARM-A  2.334  247.400
2018-04-21T16:09:00Z  464.899  -69.331  153.087  1.76605E-16  SWARM-A  2.377  249.323
2018-04-21T16:09:30Z  465.398  -71.226  153.735  1.76495E-16  SWARM-A  2.429  251.245
2018-04-21T16:10:00Z  465.855  -73.116  154.550  1.76634E-16  SWARM-A  2.492  253.167
2018-04-21T16:10:30Z  466.268  -75.001  155.594  1.76952E-16  SWARM-A  2.570  255.089
2018-04-21T16:11:00Z  466.636  -76.878  156.964  1.77476E-16  SWARM-A  2.669  257.011
2018-04-21T16:11:30Z  466.957  -78.743  158.821  1.78223E-16  SWARM-A  2.801  258.933
2018-04-21T16:12:00Z  467.231  -80.589  161.448  1.79145E-16  SWARM-A  2.985  260.854
2018-04-21T16:12:30Z  467.455  -82.403  165.387  1.80258E-16  SWARM-A  3.256  262.776
2018-04-21T16:13:00Z  467.630  -84.156  171.799  1.81467E-16  SWARM-A  3.692  264.698
2018-04-21T16:13:30Z  467.754  -85.772  -176.548  1.82648E-16  SWARM-A  4.477  266.620
2018-04-21T16:14:00Z  467.828  -87.017  -153.134  1.84047E-16  SWARM-A  6.046  268.541
2018-04-21T16:14:30Z  467.850  -87.316  -114.304  1.85616E-16  SWARM-A  8.643  270.463
2018-04-21T16:15:00Z  467.822  -86.422  -82.816  1.87177E-16  SWARM-A  10.751  272.385
2018-04-21T16:15:30Z  467.742  -84.931  -66.808  1.88767E-16  SWARM-A  11.826  274.307
2018-04-21T16:16:00Z  467.612  -83.227  -58.477  1.90522E-16  SWARM-A  12.390  276.228
2018-04-21T16:16:30Z  467.432  -81.436  -53.597  1.92542E-16  SWARM-A  12.724  278.150
2018-04-21T16:17:00Z  467.202  -79.602  -50.453  1.94941E-16  SWARM-A  12.942  280.072
2018-04-21T16:17:30Z  466.924  -77.745  -48.285  1.97729E-16  SWARM-A  13.094  281.994
2018-04-21T16:18:00Z  466.598  -75.873  -46.715  2.00956E-16  SWARM-A  13.207  283.915
2018-04-21T16:18:30Z  466.226  -73.992  -45.535  2.04611E-16  SWARM-A  13.294  285.837
2018-04-21T16:19:00Z  465.809  -72.104  -44.623  2.08761E-16  SWARM-A  13.364  287.759
2018-04-21T16:19:30Z  465.349  -70.211  -43.904  2.13190E-16  SWARM-A  13.420  289.681
2018-04-21T16:20:00Z  464.847  -68.314  -43.326  2.18045E-16  SWARM-A  13.467  291.603
2018-04-21T16:20:30Z  464.306  -66.414  -42.857  2.23279E-16  SWARM-A  13.506  293.525
2018-04-21T16:21:00Z  463.727  -64.512  -42.471  2.28883E-16  SWARM-A  13.540  295.448
2018-04-21T16:21:30Z  463.112  -62.607  -42.152  2.34940E-16  SWARM-A  13.570  297.370
2018-04-21T16:22:00Z  462.464  -60.700  -41.886  2.41324E-16  SWARM-A  13.596  299.293
2018-04-21T16:22:30Z  461.785  -58.791  -41.664  2.48103E-16  SWARM-A  13.619  301.215
2018-04-21T16:23:00Z  461.078  -56.881  -41.479  2.55174E-16  SWARM-A  13.640  303.138
2018-04-21T16:23:30Z  460.345  -54.969  -41.323  2.62354E-16  SWARM-A  13.659  305.061
2018-04-21T16:24:00Z  459.589  -53.056  -41.193  2.69819E-16  SWARM-A  13.676  306.984
2018-04-21T16:24:30Z  458.813  -51.141  -41.084  2.77508E-16  SWARM-A  13.691  308.907
2018-04-21T16:25:00Z  458.020  -49.225  -40.994  2.85438E-16  SWARM-A  13.705  310.830
2018-04-21T16:25:30Z  457.213  -47.308  -40.920  2.93615E-16  SWARM-A  13.719  312.753
2018-04-21T16:26:00Z  456.394  -45.389  -40.860  3.02006E-16  SWARM-A  13.731  314.677
2018-04-21T16:26:30Z  455.567  -43.469  -40.812  3.10669E-16  SWARM-A  13.743  316.600
2018-04-21T16:27:00Z  454.734  -41.548  -40.774  3.19576E-16  SWARM-A  13.753  318.524
2018-04-21T16:27:30Z  453.899  -39.626  -40.746  3.28746E-16  SWARM-A  13.764  320.448
2018-04-21T16:28:00Z  453.065  -37.703  -40.726  3.38141E-16  SWARM-A  13.773  322.372
2018-04-21T16:28:30Z  452.234  -35.778  -40.714  3.47796E-16  SWARM-A  13.782  324.296
2018-04-21T16:29:00Z  451.410  -33.852  -40.708  3.57737E-16  SWARM-A  13.791  326.221
2018-04-21T16:29:30Z  450.595  -31.926  -40.707  3.68009E-16  SWARM-A  13.800  328.145
2018-04-21T16:30:00Z  449.792  -29.998  -40.712  3.78336E-16  SWARM-A  13.808  330.070
2018-04-21T16:30:30Z  449.004  -28.069  -40.721  3.89025E-16  SWARM-A  13.815  331.995
2018-04-21T16:31:00Z  448.233  -26.140  -40.735  3.99873E-16  SWARM-A  13.823  333.920
2018-04-21T16:31:30Z  447.483  -24.209  -40.752  4.10852E-16  SWARM-A  13.830  335.846
2018-04-21T16:32:00Z  446.755  -22.278  -40.772  4.21939E-16  SWARM-A  13.837  337.771
2018-04-21T16:32:30Z  446.052  -20.346  -40.795  4.33059E-16  SWARM-A  13.844  339.697
2018-04-21T16:33:00Z  445.376  -18.413  -40.820  4.44026E-16  SWARM-A  13.850  341.623
2018-04-21T16:33:30Z  444.730  -16.479  -40.848  4.54978E-16  SWARM-A  13.857  343.549
2018-04-21T16:34:00Z  444.115  -14.544  -40.878  4.65527E-16  SWARM-A  13.863  345.475
2018-04-21T16:34:30Z  443.532  -12.609  -40.909  4.75829E-16  SWARM-A  13.870  347.402
2018-04-21T16:35:00Z  442.984  -10.674  -40.941  4.85546E-16  SWARM-A  13.876  349.328
2018-04-21T16:35:30Z  442.472  -8.738  -40.975  4.94760E-16  SWARM-A  13.882  351.255
2018-04-21T16:36:00Z  441.998  -6.801  -41.010  5.03294E-16  SWARM-A  13.888  353.182
2018-04-21T16:36:30Z  441.562  -4.864  -41.045  5.11127E-16  SWARM-A  13.894  355.109
2018-04-21T16:37:00Z  441.165  -2.927  -41.081  5.18168E-16  SWARM-A  13.900  357.037
2018-04-21T16:37:30Z  440.809  -0.989  -41.117  5.24366E-16  SWARM-A  13.906  358.964
2018-04-21T16:38:00Z  440.493  0.949  -41.154  5.29743E-16  SWARM-A  13.912  0.892
2018-04-21T16:38:30Z  440.218  2.887  -41.190  5.34285E-16  SWARM-A  13.917  2.820
2018-04-21T16:39:00Z  439.984  4.825  -41.226  5.37990E-16  SWARM-A  13.923  4.748
2018-04-21T16:39:30Z  439.792  6.763  -41.261  5.40918E-16  SWARM-A  13.929  6.676
2018-04-21T16:40:00Z  439.641  8.701  -41.296  5.43059E-16  SWARM-A  13.935  8.604
2018-04-21T16:40:30Z  439.530  10.639  -41.329  5.44452E-16  SWARM-A  13.941  10.533
2018-04-21T16:41:00Z  439.460  12.576  -41.362  5.45125E-16  SWARM-A  13.948  12.462
2018-04-21T16:41:30Z  439.429  14.514  -41.393  5.45131E-16  SWARM-A  13.954  14.391
2018-04-21T16:42:00Z  439.436  16.451  -41.422  5.44494E-16  SWARM-A  13.960  16.320
2018-04-21T16:42:30Z  439.481  18.388  -41.450  5.43229E-16  SWARM-A  13.967  18.249
2018-04-21T16:43:00Z  439.562  20.325  -41.475  5.41384E-16  SWARM-A  13.973  20.178
2018-04-21T16:43:30Z  439.677  22.261  -41.498  5.38990E-16  SWARM-A  13.980  22.108
2018-04-21T16:44:00Z  439.826  24.196  -41.518  5.36079E-16  SWARM-A  13.987  24.038
2018-04-21T16:44:30Z  440.006  26.132  -41.534  5.32628E-16  SWARM-A  13.994  25.967
2018-04-21T16:45:00Z  440.216  28.066  -41.547  5.28733E-16  SWARM-A  14.002  27.897
2018-04-21T16:45:30Z  440.453  30.000  -41.556  5.24364E-16  SWARM-A  14.010  29.828
2018-04-21T16:46:00Z  440.716  31.933  -41.561  5.19607E-16  SWARM-A  14.018  31.758
2018-04-21T16:46:30Z  441.002  33.865  -41.560  5.14502E-16  SWARM-A  14.026  33.688
2018-04-21T16:47:00Z  441.310  35.797  -41.553  5.09097E-16  SWARM-A  14.035  35.619
2018-04-21T16:47:30Z  441.636  37.728  -41.540  5.03381E-16  SWARM-A  14.044  37.549
2018-04-21T16:48:00Z  441.979  39.658  -41.520  4.97553E-16  SWARM-A  14.054  39.480
2018-04-21T16:48:30Z  442.336  41.587  -41.491  4.91596E-16  SWARM-A  14.064  41.411
2018-04-21T16:49:00Z  442.704  43.515  -41.453  4.85650E-16  SWARM-A  14.075  43.342
2018-04-21T16:49:30Z  443.082  45.443  -41.404  4.79818E-16  SWARM-A  14.087  45.273
2018-04-21T16:50:00Z  443.466  47.369  -41.342  4.74189E-16  SWARM-A  14.099  47.204
2018-04-21T16:50:30Z  443.854  49.294  -41.267  4.68835E-16  SWARM-A  14.112  49.135
2018-04-21T16:51:00Z  444.244  51.218  -41.175  4.63749E-16  SWARM-A  14.127  51.067
2018-04-21T16:51:30Z  444.633  53.141  -41.065  4.58821E-16  SWARM-A  14.142  52.998
2018-04-21T16:52:00Z  445.018  55.063  -40.932  4.53913E-16  SWARM-A  14.160  54.929
2018-04-21T16:52:30Z  445.397  56.983  -40.773  4.48840E-16  SWARM-A  14.179  56.861
2018-04-21T16:53:00Z  445.769  58.903  -40.584  4.43561E-16  SWARM-A  14.200  58.793
2018-04-21T16:53:30Z  446.130  60.820  -40.358  4.38228E-16  SWARM-A  14.223  60.724
2018-04-21T16:54:00Z  446.478  62.736  -40.087  4.33268E-16  SWARM-A  14.249  62.656
2018-04-21T16:54:30Z  446.812  64.650  -39.761  4.29044E-16  SWARM-A  14.279  64.588
2018-04-21T16:55:00Z  447.128  66.562  -39.367  4.25684E-16  SWARM-A  14.314  66.520
2018-04-21T16:55:30Z  447.426  68.472  -38.887  4.23103E-16  SWARM-A  14.354  68.452
2018-04-21T16:56:00Z  447.704  70.378  -38.295  4.21131E-16  SWARM-A  14.402  70.384
2018-04-21T16:56:30Z  447.959  72.280  -37.555  4.19419E-16  SWARM-A  14.460  72.316
2018-04-21T16:57:00Z  448.191  74.178  -36.615  4.17700E-16  SWARM-A  14.531  74.248
2018-04-21T16:57:30Z  448.398  76.068  -35.395  4.15665E-16  SWARM-A  14.621  76.180
2018-04-21T16:58:00Z  448.579  77.949  -33.762  4.13127E-16  SWARM-A  14.738  78.113
2018-04-21T16:58:30Z  448.732  79.814  -31.494  4.09974E-16  SWARM-A  14.897  80.045
2018-04-21T16:59:00Z  448.857  81.654  -28.177  4.06020E-16  SWARM-A  15.127  81.977
2018-04-21T16:59:30Z  448.953  83.447  -22.963  4.01354E-16  SWARM-A  15.483  83.909
2018-04-21T17:00:00Z  449.019  85.143  -13.909  3.96180E-16  SWARM-A  16.095  85.842
2018-04-21T17:00:30Z  449.056  86.592  3.797  3.90594E-16  SWARM-A  17.283  87.774
2018-04-21T17:01:00Z  449.062  87.353  37.822  3.84824E-16  SWARM-A  19.560  89.706
2018-04-21T17:01:30Z  449.037  86.874  75.430  3.78561E-16  SWARM-A  22.075  91.639
2018-04-21T17:02:00Z  448.983  85.539  96.612  3.71898E-16  SWARM-A  23.496  93.571
2018-04-21T17:02:30Z  448.898  83.884  107.205  3.65289E-16  SWARM-A  0.211  95.503
2018-04-21T17:03:00Z  448.784  82.108  113.128  3.58687E-16  SWARM-A  0.614  97.436
2018-04-21T17:03:30Z  448.641  80.277  116.815  3.52218E-16  SWARM-A  0.868  99.368
2018-04-21T17:04:00Z  448.469  78.417  119.295  3.45776E-16  SWARM-A  1.042  101.300
2018-04-21T17:04:30Z  448.271  76.540  121.061  3.39370E-16  SWARM-A  1.168  103.233
2018-04-21T17:05:00Z  448.046  74.651  122.369  3.32963E-16  SWARM-A  1.263  105.165
2018-04-21T17:05:30Z  447.796  72.755  123.370  3.26522E-16  SWARM-A  1.338  107.097
2018-04-21T17:06:00Z  447.523  70.854  124.154  3.19931E-16  SWARM-A  1.399  109.029
2018-04-21T17:06:30Z  447.227  68.948  124.779  3.13321E-16  SWARM-A  1.449  110.961
2018-04-21T17:07:00Z  446.911  67.039  125.285  3.06767E-16  SWARM-A  1.491  112.894
2018-04-21T17:07:30Z  446.577  65.128  125.699  3.00089E-16  SWARM-A  1.527  114.826
2018-04-21T17:08:00Z  446.225  63.214  126.041  2.93433E-16  SWARM-A  1.558  116.758
2018-04-21T17:08:30Z  445.859  61.298  126.324  2.86756E-16  SWARM-A  1.585  118.690
2018-04-21T17:09:00Z  445.481  59.381  126.561  2.79881E-16  SWARM-A  1.609  120.622
2018-04-21T17:09:30Z  445.092  57.462  126.759  2.72950E-16  SWARM-A  1.631  122.554
2018-04-21T17:10:00Z  444.695  55.542  126.924  2.65970E-16  SWARM-A  1.650  124.485
2018-04-21T17:10:30Z  444.292  53.620  127.063  2.58966E-16  SWARM-A  1.668  126.417
2018-04-21T17:11:00Z  443.885  51.697  127.179  2.51953E-16  SWARM-A  1.684  128.349
2018-04-21T17:11:30Z  443.478  49.773  127.275  2.44789E-16  SWARM-A  1.699  130.281
2018-04-21T17:12:00Z  443.072  47.848  127.354  2.37985E-16  SWARM-A  1.712  132.212
2018-04-21T17:12:30Z  442.670  45.921  127.419  2.31277E-16  SWARM-A  1.725  134.143
2018-04-21T17:13:00Z  442.275  43.994  127.471  2.24819E-16  SWARM-A  1.737  136.075
2018-04-21T17:13:30Z  441.888  42.066  127.512  2.18598E-16  SWARM-A  1.748  138.006
2018-04-21T17:14:00Z  441.514  40.137  127.543  2.12523E-16  SWARM-A  1.758  139.937
2018-04-21T17:14:30Z  441.153  38.206  127.566  2.06697E-16  SWARM-A  1.768  141.868
2018-04-21T17:15:00Z  440.809  36.275  127.581  2.01198E-16  SWARM-A  1.777  143.799
2018-04-21T17:15:30Z  440.484  34.344  127.589  1.95915E-16  SWARM-A  1.786  145.730
2018-04-21T17:16:00Z  440.180  32.411  127.591  1.90998E-16  SWARM-A  1.795  147.661
2018-04-21T17:16:30Z  439.900  30.478  127.588  1.86357E-16  SWARM-A  1.803  149.592
2018-04-21T17:17:00Z  439.645  28.544  127.580  1.82022E-16  SWARM-A  1.811  151.522
2018-04-21T17:17:30Z  439.418  26.609  127.568  1.77938E-16  SWARM-A  1.818  153.452
2018-04-21T17:18:00Z  439.222  24.674  127.553  1.74184E-16  SWARM-A  1.825  155.383
2018-04-21T17:18:30Z  439.056  22.738  127.533  1.70759E-16  SWARM-A  1.832  157.313
2018-04-21T17:19:00Z  438.925  20.801  127.511  1.67539E-16  SWARM-A  1.839  159.243
2018-04-21T17:19:30Z  438.828  18.865  127.487  1.64554E-16  SWARM-A  1.846  161.172
2018-04-21T17:20:00Z  438.767  16.927  127.460  1.61864E-16  SWARM-A  1.853  163.102
2018-04-21T17:20:30Z  438.745  14.990  127.431  1.59381E-16  SWARM-A  1.859  165.032
2018-04-21T17:21:00Z  438.761  13.052  127.400  1.57136E-16  SWARM-A  1.865  166.961
2018-04-21T17:21:30Z  438.817  11.114  127.368  1.55126E-16  SWARM-A  1.871  168.890
2018-04-21T17:22:00Z  438.914  9.175  127.335  1.53336E-16  SWARM-A  1.878  170.819
2018-04-21T17:22:30Z  439.052  7.237  127.300  1.51766E-16  SWARM-A  1.884  172.748
2018-04-21T17:23:00Z  439.231  5.299  127.265  1.50433E-16  SWARM-A  1.890  174.677
2018-04-21T17:23:30Z  439.452  3.360  127.230  1.49371E-16  SWARM-A  1.896  176.605
2018-04-21T17:24:00Z  439.715  1.422  127.194  1.48526E-16  SWARM-A  1.901  178.534
2018-04-21T17:24:30Z  440.020  -0.517  127.157  1.47963E-16  SWARM-A  1.907  180.462
2018-04-21T17:25:00Z  440.367  -2.455  127.121  1.47619E-16  SWARM-A  1.913  182.390
2018-04-21T17:25:30Z  440.754  -4.392  127.085  1.47585E-16  SWARM-A  1.919  184.318
2018-04-21T17:26:00Z  441.181  -6.330  127.050  1.47799E-16  SWARM-A  1.925  186.245
2018-04-21T17:26:30Z  441.648  -8.267  127.015  1.48243E-16  SWARM-A  1.931  188.173
2018-04-21T17:27:00Z  442.154  -10.204  126.981  1.48991E-16  SWARM-A  1.937  190.100
2018-04-21T17:27:30Z  442.696  -12.140  126.949  1.49950E-16  SWARM-A  1.943  192.027
2018-04-21T17:28:00Z  443.274  -14.075  126.917  1.51146E-16  SWARM-A  1.950  193.954
2018-04-21T17:28:30Z  443.886  -16.010  126.887  1.52532E-16  SWARM-A  1.956  195.881
2018-04-21T17:29:00Z  444.530  -17.945  126.859  1.54124E-16  SWARM-A  1.962  197.807
2018-04-21T17:29:30Z  445.205  -19.878  126.833  1.55896E-16  SWARM-A  1.969  199.734
2018-04-21T17:30:00Z  445.909  -21.811  126.810  1.57806E-16  SWARM-A  1.976  201.660
2018-04-21T17:30:30Z  446.638  -23.743  126.789  1.59784E-16  SWARM-A  1.983  203.586
2018-04-21T17:31:00Z  447.391  -25.674  126.771  1.61870E-16  SWARM-A  1.990  205.512
2018-04-21T17:31:30Z  448.166  -27.605  126.757  1.63946E-16  SWARM-A  1.997  207.437
2018-04-21T17:32:00Z  448.960  -29.534  126.747  1.66046E-16  SWARM-A  2.005  209.363
2018-04-21T17:32:30Z  449.770  -31.462  126.741  1.68135E-16  SWARM-A  2.013  211.288
2018-04-21T17:33:00Z  450.594  -33.389  126.740  1.70217E-16  SWARM-A  2.021  213.213
2018-04-21T17:33:30Z  451.429  -35.316  126.745  1.72299E-16  SWARM-A  2.030  215.138
2018-04-21T17:34:00Z  452.271  -37.241  126.756  1.74473E-16  SWARM-A  2.039  217.062
2018-04-21T17:34:30Z  453.119  -39.165  126.775  1.76704E-16  SWARM-A  2.049  218.987
2018-04-21T17:35:00Z  453.969  -41.088  126.801  1.78994E-16  SWARM-A  2.059  220.911
2018-04-21T17:35:30Z  454.817  -43.009  126.836  1.81284E-16  SWARM-A  2.069  222.835
2018-04-21T17:36:00Z  455.662  -44.930  126.882  1.83381E-16  SWARM-A  2.081  224.759
2018-04-21T17:36:30Z  456.500  -46.849  126.939  1.85250E-16  SWARM-A  2.093  226.683
2018-04-21T17:37:00Z  457.328  -48.767  127.010  1.86838E-16  SWARM-A  2.106  228.607
2018-04-21T17:37:30Z  458.142  -50.684  127.096  1.88170E-16  SWARM-A  2.120  230.530
2018-04-21T17:38:00Z  458.941  -52.599  127.200  1.89255E-16  SWARM-A  2.135  232.454
2018-04-21T17:38:30Z  459.721  -54.513  127.325  1.90109E-16  SWARM-A  2.152  234.377
2018-04-21T17:39:00Z  460.479  -56.425  127.474  1.90753E-16  SWARM-A  2.170  236.300
2018-04-21T17:39:30Z  461.213  -58.336  127.653  1.91135E-16  SWARM-A  2.190  238.223
2018-04-21T17:40:00Z  461.919  -60.245  127.866  1.91328E-16  SWARM-A  2.213  240.146
2018-04-21T17:40:30Z  462.597  -62.153  128.121  1.91316E-16  SWARM-A  2.238  242.068
2018-04-21T17:41:00Z  463.242  -64.058  128.427  1.91135E-16  SWARM-A  2.267  243.991
2018-04-21T17:41:30Z  463.852  -65.962  128.796  1.90877E-16  SWARM-A  2.300  245.913
2018-04-21T17:42:00Z  464.426  -67.862  129.244  1.90540E-16  SWARM-A  2.338  247.836
2018-04-21T17:42:30Z  464.961  -69.760  129.794  1.90153E-16  SWARM-A  2.383  249.758
2018-04-21T17:43:00Z  465.456  -71.654  130.476  1.89789E-16  SWARM-A  2.437  251.680
2018-04-21T17:43:30Z  465.908  -73.544  131.338  1.89462E-16  SWARM-A  2.503  253.602
2018-04-21T17:44:00Z  466.315  -75.427  132.446  1.89240E-16  SWARM-A  2.585  255.524
2018-04-21T17:44:30Z  466.678  -77.301  133.911  1.89066E-16  SWARM-A  2.691  257.446
2018-04-21T17:45:00Z  466.993  -79.162  135.913  1.88985E-16  SWARM-A  2.833  259.368
2018-04-21T17:45:30Z  467.260  -81.003  138.778  1.88959E-16  SWARM-A  3.032  261.290
2018-04-21T17:46:00Z  467.478  -82.807  143.145  1.89002E-16  SWARM-A  3.332  263.212
2018-04-21T17:46:30Z  467.647  -84.538  150.412  1.89077E-16  SWARM-A  3.824  265.133
2018-04-21T17:47:00Z  467.765  -86.099  163.986  1.89154E-16  SWARM-A  4.738  267.055
2018-04-21T17:47:30Z  467.832  -87.192  -168.746  1.89280E-16  SWARM-A  6.564  268.977
2018-04-21T17:48:00Z  467.848  -87.199  -129.051  1.89480E-16  SWARM-A  9.219  270.899
2018-04-21T17:48:30Z  467.814  -86.114  -101.593  1.89382E-16  SWARM-A  11.057  272.820
2018-04-21T17:49:00Z  467.728  -84.556  -87.918  1.89118E-16  SWARM-A  11.977  274.742
2018-04-21T17:49:30Z  467.592  -82.826  -80.606  1.88877E-16  SWARM-A  12.473  276.664
2018-04-21T17:50:00Z  467.405  -81.023  -76.217  1.88810E-16  SWARM-A  12.774  278.585
2018-04-21T17:50:30Z  467.170  -79.183  -73.340  1.89015E-16  SWARM-A  12.974  280.507
2018-04-21T17:51:00Z  466.886  -77.322  -71.331  1.89543E-16  SWARM-A  13.117  282.429
2018-04-21T17:51:30Z  466.555  -75.447  -69.862  1.90430E-16  SWARM-A  13.223  284.351
2018-04-21T17:52:00Z  466.178  -73.565  -68.750  1.91670E-16  SWARM-A  13.305  286.273
2018-04-21T17:52:30Z  465.757  -71.675  -67.887  1.93325E-16  SWARM-A  13.371  288.195
2018-04-21T17:53:00Z  465.292  -69.781  -67.203  1.95360E-16  SWARM-A  13.425  290.117
2018-04-21T17:53:30Z  464.786  -67.884  -66.652  1.97774E-16  SWARM-A  13.470  292.039
2018-04-21T17:54:00Z  464.241  -65.983  -66.202  2.00685E-16  SWARM-A  13.508  293.961
2018-04-21T17:54:30Z  463.659  -64.080  -65.833  2.04028E-16  SWARM-A  13.541  295.883
2018-04-21T17:55:00Z  463.042  -62.175  -65.526  2.07831E-16  SWARM-A  13.570  297.805
2018-04-21T17:55:30Z  462.391  -60.268  -65.271  2.12057E-16  SWARM-A  13.596  299.728
2018-04-21T17:56:00Z  461.711  -58.359  -65.058  2.16670E-16  SWARM-A  13.618  301.650
2018-04-21T17:56:30Z  461.002  -56.448  -64.879  2.21673E-16  SWARM-A  13.638  303.573
2018-04-21T17:57:00Z  460.269  -54.536  -64.729  2.27065E-16  SWARM-A  13.657  305.496
2018-04-21T17:57:30Z  459.513  -52.623  -64.604  2.32800E-16  SWARM-A  13.673  307.419
2018-04-21T17:58:00Z  458.738  -50.708  -64.499  2.38905E-16  SWARM-A  13.689  309.342
2018-04-21T17:58:30Z  457.945  -48.791  -64.413  2.45363E-16  SWARM-A  13.703  311.265
2018-04-21T17:59:00Z  457.139  -46.874  -64.342  2.52180E-16  SWARM-A  13.716  313.188
2018-04-21T17:59:30Z  456.323  -44.955  -64.285  2.59372E-16  SWARM-A  13.728  315.112
2018-04-21T18:00:00Z  455.498  -43.035  -64.239  2.66917E-16  SWARM-A  13.739  317.035
2018-04-21T18:00:30Z  454.668  -41.114  -64.204  2.74920E-16  SWARM-A  13.750  318.959
2018-04-21T18:01:00Z  453.837  -39.191  -64.177  2.83404E-16  SWARM-A  13.760  320.883
2018-04-21T18:01:30Z  453.006  -37.267  -64.159  2.92153E-16  SWARM-A  13.770  322.807
2018-04-21T18:02:00Z  452.179  -35.343  -64.148  3.01255E-16  SWARM-A  13.779  324.731
2018-04-21T18:02:30Z  451.360  -33.417  -64.143  3.10755E-16  SWARM-A  13.787  326.656
2018-04-21T18:03:00Z  450.550  -31.490  -64.144  3.20674E-16  SWARM-A  13.796  328.580
2018-04-21T18:03:30Z  449.752  -29.562  -64.149  3.30986E-16  SWARM-A  13.804  330.505
2018-04-21T18:04:00Z  448.970  -27.633  -64.160  3.41693E-16  SWARM-A  13.811  332.430
2018-04-21T18:04:30Z  448.206  -25.704  -64.174  3.52724E-16  SWARM-A  13.819  334.355
2018-04-21T18:05:00Z  447.462  -23.773  -64.191  3.64033E-16  SWARM-A  13.826  336.281
2018-04-21T18:05:30Z  446.740  -21.841  -64.212  3.75579E-16  SWARM-A  13.833  338.206
2018-04-21T18:06:00Z  446.044  -19.909  -64.236  3.87345E-16  SWARM-A  13.840  340.132
2018-04-21T18:06:30Z  445.375  -17.976  -64.261  3.99180E-16  SWARM-A  13.846  342.058
2018-04-21T18:07:00Z  444.736  -16.042  -64.289  4.11032E-16  SWARM-A  13.853  343.984
2018-04-21T18:07:30Z  444.127  -14.108  -64.319  4.22822E-16  SWARM-A  13.859  345.910
2018-04-21T18:08:00Z  443.552  -12.173  -64.351  4.34430E-16  SWARM-A  13.865  347.836
2018-04-21T18:08:30Z  443.012  -10.237  -64.384  4.45735E-16  SWARM-A  13.871  349.763
2018-04-21T18:09:00Z  442.507  -8.301  -64.418  4.56638E-16  SWARM-A  13.877  351.690
2018-04-21T18:09:30Z  442.040  -6.364  -64.452  4.67062E-16  SWARM-A  13.883  353.617
2018-04-21T18:10:00Z  441.611  -4.427  -64.488  4.76880E-16  SWARM-A  13.889  355.544
2018-04-21T18:10:30Z  441.222  -2.490  -64.524  4.86033E-16  SWARM-A  13.895  357.471
2018-04-21T18:11:00Z  440.872  -0.552  -64.560  4.94433E-16  SWARM-A  13.901  359.399
2018-04-21T18:11:30Z  440.563  1.385  -64.596  5.02018E-16  SWARM-A  13.907  1.326
2018-04-21T18:12:00Z  440.296  3.323  -64.632  5.08843E-16  SWARM-A  13.913  3.254
2018-04-21T18:12:30Z  440.069  5.261  -64.668  5.14681E-16  SWARM-A  13.919  5.182
2018-04-21T18:13:00Z  439.883  7.199  -64.703  5.19677E-16  SWARM-A  13.925  7.110
2018-04-21T18:13:30Z  439.738  9.137  -64.737  5.23859E-16  SWARM-A  13.931  9.039
2018-04-21T18:14:00Z  439.633  11.075  -64.771  5.27136E-16  SWARM-A  13.937  10.967
2018-04-21T18:14:30Z  439.569  13.013  -64.803  5.29616E-16  SWARM-A  13.943  12.896
2018-04-21T18:15:00Z  439.543  14.950  -64.834  5.31266E-16  SWARM-A  13.950  14.825
2018-04-21T18:15:30Z  439.555  16.887  -64.862  5.32115E-16  SWARM-A  13.956  16.754
2018-04-21T18:16:00Z  439.605  18.824  -64.889  5.32214E-16  SWARM-A  13.963  18.683
2018-04-21T18:16:30Z  439.690  20.760  -64.914  5.31557E-16  SWARM-A  13.969  20.613
2018-04-21T18:17:00Z  439.810  22.696  -64.936  5.30227E-16  SWARM-A  13.976  22.542
2018-04-21T18:17:30Z  439.963  24.632  -64.956  5.28196E-16  SWARM-A  13.983  24.472
2018-04-21T18:18:00Z  440.147  26.567  -64.971  5.25484E-16  SWARM-A  13.991  26.402
2018-04-21T18:18:30Z  440.359  28.501  -64.983  5.22183E-16  SWARM-A  13.998  28.331
2018-04-21T18:19:00Z  440.600  30.435  -64.991  5.18255E-16  SWARM-A  14.006  30.262
2018-04-21T18:19:30Z  440.865  32.368  -64.995  5.13778E-16  SWARM-A  14.014  32.192
2018-04-21T18:20:00Z  441.153  34.300  -64.993  5.08823E-16  SWARM-A  14.022  34.122
2018-04-21T18:20:30Z  441.463  36.231  -64.984  5.03385E-16  SWARM-A  14.031  36.053
2018-04-21T18:21:00Z  441.790  38.162  -64.970  4.97637E-16  SWARM-A  14.041  37.983
2018-04-21T18:21:30Z  442.134  40.092  -64.947  4.91631E-16  SWARM-A  14.051  39.914
2018-04-21T18:22:00Z  442.491  42.020  -64.916  4.85434E-16  SWARM-A  14.061  41.845
2018-04-21T18:22:30Z  442.859  43.948  -64.876  4.79137E-16  SWARM-A  14.072  43.776
2018-04-21T18:23:00Z  443.236  45.875  -64.824  4.72792E-16  SWARM-A  14.084  45.707
2018-04-21T18:23:30Z  443.619  47.801  -64.760  4.66469E-16  SWARM-A  14.096  47.638
2018-04-21T18:24:00Z  444.006  49.726  -64.681  4.60105E-16  SWARM-A  14.110  49.569
2018-04-21T18:24:30Z  444.394  51.650  -64.585  4.53673E-16  SWARM-A  14.125  51.500
2018-04-21T18:25:00Z  444.780  53.573  -64.470  4.47114E-16  SWARM-A  14.141  53.432
2018-04-21T18:25:30Z  445.163  55.494  -64.331  4.40487E-16  SWARM-A  14.158  55.363
2018-04-21T18:26:00Z  445.539  57.414  -64.166  4.34050E-16  SWARM-A  14.178  57.295
2018-04-21T18:26:30Z  445.907  59.333  -63.969  4.27969E-16  SWARM-A  14.199  59.226
2018-04-21T18:27:00Z  446.264  61.250  -63.734  4.22532E-16  SWARM-A  14.223  61.158
2018-04-21T18:27:30Z  446.608  63.166  -63.451  4.17836E-16  SWARM-A  14.250  63.090
2018-04-21T18:28:00Z  446.937  65.079  -63.111  4.13680E-16  SWARM-A  14.281  65.022
2018-04-21T18:28:30Z  447.249  66.991  -62.699  4.10060E-16  SWARM-A  14.317  66.954
2018-04-21T18:29:00Z  447.542  68.900  -62.196  4.06685E-16  SWARM-A  14.359  68.885
2018-04-21T18:29:30Z  447.814  70.805  -61.574  4.03433E-16  SWARM-A  14.409  70.818
2018-04-21T18:30:00Z  448.063  72.706  -60.795  4.00015E-16  SWARM-A  14.469  72.750
2018-04-21T18:30:30Z  448.289  74.602  -59.800  3.96402E-16  SWARM-A  14.544  74.682
2018-04-21T18:31:00Z  448.489  76.491  -58.500  3.92523E-16  SWARM-A  14.639  76.614
2018-04-21T18:31:30Z  448.663  78.368  -56.749  3.88291E-16  SWARM-A  14.764  78.546
2018-04-21T18:32:00Z  448.810  80.229  -54.290  3.83662E-16  SWARM-A  14.936  80.478
2018-04-21T18:32:30Z  448.927  82.061  -50.644  3.78770E-16  SWARM-A  15.187  82.410
2018-04-21T18:33:00Z  449.016  83.838  -44.798  3.73589E-16  SWARM-A  15.585  84.343
2018-04-21T18:33:30Z  449.075  85.498  -34.379  3.68341E-16  SWARM-A  16.288  86.275
2018-04-21T18:34:00Z  449.104  86.846  -13.586  3.63070E-16  SWARM-A  17.683  88.207
2018-04-21T18:34:30Z  449.103  87.356  23.696  3.57879E-16  SWARM-A  20.177  90.140
2018-04-21T18:35:00Z  449.071  86.623  58.133  3.52458E-16  SWARM-A  22.481  92.072
2018-04-21T18:35:30Z  449.009  85.184  76.172  3.47054E-16  SWARM-A  23.692  94.004
2018-04-21T18:36:00Z  448.916  83.492  85.374  3.41860E-16  SWARM-A  0.314  95.936
2018-04-21T18:36:30Z  448.795  81.701  90.658  3.36899E-16  SWARM-A  0.674  97.869
2018-04-21T18:37:00Z  448.644  79.862  94.012  3.32204E-16  SWARM-A  0.906  99.801
2018-04-21T18:37:30Z  448.466  77.997  96.302  3.27459E-16  SWARM-A  1.067  101.733
2018-04-21T18:38:00Z  448.260  76.117  97.948  3.22947E-16  SWARM-A  1.185  103.666
2018-04-21T18:38:30Z  448.029  74.227  99.178  3.18509E-16  SWARM-A  1.276  105.598
2018-04-21T18:39:00Z  447.772  72.329  100.125  3.14215E-16  SWARM-A  1.347  107.530
2018-04-21T18:39:30Z  447.493  70.427  100.869  3.10040E-16  SWARM-A  1.405  109.462
2018-04-21T18:40:00Z  447.192  68.521  101.465  3.05920E-16  SWARM-A  1.453  111.394
2018-04-21T18:40:30Z  446.870  66.611  101.948  3.01868E-16  SWARM-A  1.494  113.327
2018-04-21T18:41:00Z  446.531  64.699  102.344  2.97907E-16  SWARM-A  1.528  115.259
2018-04-21T18:41:30Z  446.175  62.785  102.672  2.93938E-16  SWARM-A  1.559  117.191
2018-04-21T18:42:00Z  445.805  60.869  102.944  2.89970E-16  SWARM-A  1.585  119.123
2018-04-21T18:42:30Z  445.423  58.951  103.172  2.85829E-16  SWARM-A  1.608  121.055
2018-04-21T18:43:00Z  445.031  57.032  103.362  2.81581E-16  SWARM-A  1.630  122.986
2018-04-21T18:43:30Z  444.632  55.111  103.521  2.77217E-16  SWARM-A  1.648  124.918
2018-04-21T18:44:00Z  444.228  53.189  103.655  2.72699E-16  SWARM-A  1.666  126.850
2018-04-21T18:44:30Z  443.820  51.266  103.766  2.68214E-16  SWARM-A  1.681  128.782
2018-04-21T18:45:00Z  443.413  49.342  103.858  2.63655E-16  SWARM-A  1.696  130.713
2018-04-21T18:45:30Z  443.007  47.416  103.934  2.58940E-16  SWARM-A  1.709  132.645
2018-04-21T18:46:00Z  442.607  45.490  103.996  2.54174E-16  SWARM-A  1.722  134.576
2018-04-21T18:46:30Z  442.214  43.562  104.045  2.49306E-16  SWARM-A  1.733  136.507
2018-04-21T18:47:00Z  441.830  41.634  104.084  2.44381E-16  SWARM-A  1.744  138.439
2018-04-21T18:47:30Z  441.459  39.704  104.113  2.39521E-16  SWARM-A  1.755  140.370
2018-04-21T18:48:00Z  441.103  37.774  104.134  2.34645E-16  SWARM-A  1.764  142.301
2018-04-21T18:48:30Z  440.764  35.843  104.148  2.29735E-16  SWARM-A  1.774  144.232
2018-04-21T18:49:00Z  440.445  33.911  104.154  2.24754E-16  SWARM-A  1.782  146.162
2018-04-21T18:49:30Z  440.147  31.978  104.156  2.19748E-16  SWARM-A  1.791  148.093
2018-04-21T18:50:00Z  439.874  30.045  104.151  2.14694E-16  SWARM-A  1.799  150.024
2018-04-21T18:50:30Z  439.627  28.111  104.143  2.09570E-16  SWARM-A  1.807  151.954
2018-04-21T18:51:00Z  439.409  26.176  104.130  2.04406E-16  SWARM-A  1.814  153.884
2018-04-21T18:51:30Z  439.221  24.241  104.113  1.99133E-16  SWARM-A  1.821  155.815
2018-04-21T18:52:00Z  439.065  22.305  104.094  1.93802E-16  SWARM-A  1.828  157.745
2018-04-21T18:52:30Z  438.943  20.368  104.071  1.88481E-16  SWARM-A  1.835  159.674
2018-04-21T18:53:00Z  438.857  18.431  104.046  1.83204E-16  SWARM-A  1.842  161.604
2018-04-21T18:53:30Z  438.807  16.494  104.018  1.77971E-16  SWARM-A  1.848  163.534
2018-04-21T18:54:00Z  438.795  14.556  103.989  1.72843E-16  SWARM-A  1.855  165.463
2018-04-21T18:54:30Z  438.823  12.618  103.958  1.67870E-16  SWARM-A  1.861  167.393
2018-04-21T18:55:00Z  438.891  10.680  103.926  1.63067E-16  SWARM-A  1.867  169.322
2018-04-21T18:55:30Z  438.999  8.742  103.892  1.58497E-16  SWARM-A  1.873  171.251
2018-04-21T18:56:00Z  439.149  6.804  103.858  1.54185E-16  SWARM-A  1.879  173.179
2018-04-21T18:56:30Z  439.340  4.865  103.823  1.50179E-16  SWARM-A  1.885  175.108
2018-04-21T18:57:00Z  439.574  2.927  103.787  1.46516E-16  SWARM-A  1.891  177.036
2018-04-21T18:57:30Z  439.849  0.988  103.751  1.43227E-16  SWARM-A  1.897  178.965
2018-04-21T18:58:00Z  440.166  -0.950  103.715  1.40333E-16  SWARM-A  1.903  180.893
2018-04-21T18:58:30Z  440.524  -2.888  103.679  1.37827E-16  SWARM-A  1.909  182.821
2018-04-21T18:59:00Z  440.923  -4.825  103.643  1.35663E-16  SWARM-A  1.915  184.749
2018-04-21T18:59:30Z  441.362  -6.763  103.608  1.33938E-16  SWARM-A  1.921  186.676
2018-04-21T19:00:00Z  441.841  -8.700  103.573  1.32599E-16  SWARM-A  1.927  188.603
2018-04-21T19:00:30Z  442.357  -10.636  103.539  1.31637E-16  SWARM-A  1.933  190.531
2018-04-21T19:01:00Z  442.910  -12.572  103.507  1.31012E-16  SWARM-A  1.939  192.458
2018-04-21T19:01:30Z  443.498  -14.508  103.476  1.30642E-16  SWARM-A  1.945  194.384
2018-04-21T19:02:00Z  444.120  -16.442  103.446  1.30522E-16  SWARM-A  1.952  196.311
2018-04-21T19:02:30Z  444.774  -18.376  103.419  1.30653E-16  SWARM-A  1.958  198.237
2018-04-21T19:03:00Z  445.459  -20.310  103.394  1.30974E-16  SWARM-A  1.965  200.164
2018-04-21T19:03:30Z  446.171  -22.242  103.371  1.31448E-16  SWARM-A  1.972  202.090
2018-04-21T19:04:00Z  446.909  -24.174  103.351  1.32056E-16  SWARM-A  1.979  204.015
2018-04-21T19:04:30Z  447.670  -26.105  103.334  1.32746E-16  SWARM-A  1.986  205.941
2018-04-21T19:05:00Z  448.452  -28.035  103.321  1.33507E-16  SWARM-A  1.993  207.867
2018-04-21T19:05:30Z  449.253  -29.964  103.311  1.34378E-16  SWARM-A  2.001  209.792
2018-04-21T19:06:00Z  450.069  -31.892  103.307  1.35288E-16  SWARM-A  2.009  211.717
2018-04-21T19:06:30Z  450.898  -33.819  103.307  1.36285E-16  SWARM-A  2.018  213.642
2018-04-21T19:07:00Z  451.737  -35.745  103.313  1.37385E-16  SWARM-A  2.026  215.567
2018-04-21T19:07:30Z  452.583  -37.670  103.326  1.38594E-16  SWARM-A  2.036  217.491
2018-04-21T19:08:00Z  453.434  -39.593  103.346  1.39892E-16  SWARM-A  2.045  219.416
2018-04-21T19:08:30Z  454.285  -41.516  103.374  1.41253E-16  SWARM-A  2.055  221.340
2018-04-21T19:09:00Z  455.135  -43.437  103.412  1.42654E-16  SWARM-A  2.066  223.264
2018-04-21T19:09:30Z  455.980  -45.357  103.460  1.44054E-16  SWARM-A  2.078  225.188
2018-04-21T19:10:00Z  456.817  -47.276  103.520  1.45429E-16  SWARM-A  2.090  227.111
2018-04-21T19:10:30Z  457.643  -49.194  103.594  1.46801E-16  SWARM-A  2.103  229.035
2018-04-21T19:11:00Z  458.456  -51.110  103.684  1.48191E-16  SWARM-A  2.118  230.958
2018-04-21T19:11:30Z  459.252  -53.025  103.793  1.49590E-16  SWARM-A  2.133  232.882
2018-04-21T19:12:00Z  460.027  -54.938  103.923  1.50989E-16  SWARM-A  2.150  234.805
2018-04-21T19:12:30Z  460.781  -56.850  104.079  1.52380E-16  SWARM-A  2.169  236.728
2018-04-21T19:13:00Z  461.509  -58.761  104.265  1.53742E-16  SWARM-A  2.190  238.650
2018-04-21T19:13:30Z  462.210  -60.670  104.487  1.55104E-16  SWARM-A  2.213  240.573
2018-04-21T19:14:00Z  462.880  -62.577  104.752  1.56441E-16  SWARM-A  2.239  242.496
2018-04-21T19:14:30Z  463.517  -64.482  105.071  1.57756E-16  SWARM-A  2.269  244.418
2018-04-21T19:15:00Z  464.119  -66.384  105.456  1.59119E-16  SWARM-A  2.303  246.341
2018-04-21T19:15:30Z  464.684  -68.284  105.925  1.60507E-16  SWARM-A  2.342  248.263
2018-04-21T19:16:00Z  465.209  -70.181  106.501  1.61967E-16  SWARM-A  2.389  250.185
2018-04-21T19:16:30Z  465.693  -72.074  107.220  1.63540E-16  SWARM-A  2.445  252.107
2018-04-21T19:17:00Z  466.134  -73.962  108.129  1.65289E-16  SWARM-A  2.514  254.029
2018-04-21T19:17:30Z  466.530  -75.844  109.306  1.67182E-16  SWARM-A  2.601  255.951
2018-04-21T19:18:00Z  466.880  -77.715  110.871  1.69311E-16  SWARM-A  2.714  257.873
2018-04-21T19:18:30Z  467.183  -79.573  113.030  1.71650E-16  SWARM-A  2.866  259.795
2018-04-21T19:19:00Z  467.437  -81.407  116.158  1.74227E-16  SWARM-A  3.083  261.717
2018-04-21T19:19:30Z  467.642  -83.199  121.008  1.77039E-16  SWARM-A  3.414  263.638
2018-04-21T19:20:00Z  467.797  -84.904  129.270  1.80089E-16  SWARM-A  3.973  265.560
2018-04-21T19:20:30Z  467.901  -86.399  145.108  1.83368E-16  SWARM-A  5.038  267.482
2018-04-21T19:21:00Z  467.954  -87.306  176.301  1.86915E-16  SWARM-A  7.126  269.403
2018-04-21T19:21:30Z  467.956  -87.028  -144.803  1.90679E-16  SWARM-A  9.727  271.325
2018-04-21T19:22:00Z  467.907  -85.793  -121.143  1.94351E-16  SWARM-A  11.313  273.247
2018-04-21T19:22:30Z  467.807  -84.181  -109.363  1.97822E-16  SWARM-A  12.106  275.168
2018-04-21T19:23:00Z  467.656  -82.430  -102.892  2.01293E-16  SWARM-A  12.546  277.090
2018-04-21T19:23:30Z  467.456  -80.617  -98.920  2.04836E-16  SWARM-A  12.819  279.012
2018-04-21T19:24:00Z  467.206  -78.771  -96.275  2.08551E-16  SWARM-A  13.004  280.933
2018-04-21T19:24:30Z  466.909  -76.907  -94.406  2.12537E-16  SWARM-A  13.137  282.855
2018-04-21T19:25:00Z  466.564  -75.030  -93.028  2.16887E-16  SWARM-A  13.237  284.777
2018-04-21T19:25:30Z  466.173  -73.146  -91.979  2.21628E-16  SWARM-A  13.315  286.699
2018-04-21T19:26:00Z  465.738  -71.256  -91.160  2.26781E-16  SWARM-A  13.378  288.621
2018-04-21T19:26:30Z  465.261  -69.361  -90.508  2.32312E-16  SWARM-A  13.430  290.543
2018-04-21T19:27:00Z  464.743  -67.463  -89.981  2.38245E-16  SWARM-A  13.473  292.465
2018-04-21T19:27:30Z  464.186  -65.562  -89.551  2.44532E-16  SWARM-A  13.510  294.387
2018-04-21T19:28:00Z  463.592  -63.658  -89.197  2.51155E-16  SWARM-A  13.542  296.309
2018-04-21T19:28:30Z  462.964  -61.753  -88.902  2.58083E-16  SWARM-A  13.570  298.231
2018-04-21T19:29:00Z  462.303  -59.845  -88.657  2.65371E-16  SWARM-A  13.595  300.154
2018-04-21T19:29:30Z  461.613  -57.936  -88.451  2.72926E-16  SWARM-A  13.617  302.076
2018-04-21T19:30:00Z  460.895  -56.025  -88.279  2.80703E-16  SWARM-A  13.637  303.999
2018-04-21T19:30:30Z  460.153  -54.112  -88.135  2.88642E-16  SWARM-A  13.655  305.922
2018-04-21T19:31:00Z  459.390  -52.199  -88.015  2.96719E-16  SWARM-A  13.671  307.845
2018-04-21T19:31:30Z  458.607  -50.283  -87.915  3.04890E-16  SWARM-A  13.686  309.768
2018-04-21T19:32:00Z  457.808  -48.367  -87.832  3.13179E-16  SWARM-A  13.700  311.691
2018-04-21T19:32:30Z  456.997  -46.449  -87.764  3.21513E-16  SWARM-A  13.713  313.614
2018-04-21T19:33:00Z  456.175  -44.530  -87.709  3.29894E-16  SWARM-A  13.725  315.538
2018-04-21T19:33:30Z  455.345  -42.610  -87.666  3.38308E-16  SWARM-A  13.736  317.461
2018-04-21T19:34:00Z  454.512  -40.688  -87.632  3.46765E-16  SWARM-A  13.747  319.385
2018-04-21T19:34:30Z  453.677  -38.765  -87.608  3.55255E-16  SWARM-A  13.757  321.309
2018-04-21T19:35:00Z  452.844  -36.842  -87.591  3.63538E-16  SWARM-A  13.766  323.233
2018-04-21T19:35:30Z  452.016  -34.917  -87.581  3.71864E-16  SWARM-A  13.775  325.157
2018-04-21T19:36:00Z  451.195  -32.991  -87.578  3.80266E-16  SWARM-A  13.784  327.082
2018-04-21T19:36:30Z  450.385  -31.064  -87.580  3.88779E-16  SWARM-A  13.792  329.006
2018-04-21T19:37:00Z  449.587  -29.135  -87.586  3.97393E-16  SWARM-A  13.800  330.931
2018-04-21T19:37:30Z  448.806  -27.206  -87.597  4.06096E-16  SWARM-A  13.807  332.856
2018-04-21T19:38:00Z  448.044  -25.276  -87.612  4.14873E-16  SWARM-A  13.815  334.781
2018-04-21T19:38:30Z  447.302  -23.346  -87.630  4.23749E-16  SWARM-A  13.822  336.707
2018-04-21T19:39:00Z  446.584  -21.414  -87.652  4.32668E-16  SWARM-A  13.829  338.632
2018-04-21T19:39:30Z  445.891  -19.481  -87.676  4.41582E-16  SWARM-A  13.835  340.558
2018-04-21T19:40:00Z  445.227  -17.548  -87.702  4.50421E-16  SWARM-A  13.842  342.484
2018-04-21T19:40:30Z  444.593  -15.614  -87.731  4.59159E-16  SWARM-A  13.848  344.410
2018-04-21T19:41:00Z  443.990  -13.679  -87.761  4.67740E-16  SWARM-A  13.855  346.336
2018-04-21T19:41:30Z  443.421  -11.744  -87.792  4.76014E-16  SWARM-A  13.861  348.263
2018-04-21T19:42:00Z  442.887  -9.808  -87.825  4.83874E-16  SWARM-A  13.867  350.189
2018-04-21T19:42:30Z  442.390  -7.872  -87.859  4.91315E-16  SWARM-A  13.873  352.116
2018-04-21T19:43:00Z  441.930  -5.936  -87.894  4.98338E-16  SWARM-A  13.879  354.043
2018-04-21T19:43:30Z  441.509  -3.998  -87.930  5.04884E-16  SWARM-A  13.885  355.970
2018-04-21T19:44:00Z  441.128  -2.061  -87.966  5.10862E-16  SWARM-A  13.891  357.898
2018-04-21T19:44:30Z  440.787  -0.123  -88.002  5.16299E-16  SWARM-A  13.897  359.825
2018-04-21T19:45:00Z  440.487  1.814  -88.038  5.21148E-16  SWARM-A  13.903  1.753
2018-04-21T19:45:30Z  440.227  3.752  -88.074  5.25404E-16  SWARM-A  13.909  3.681
2018-04-21T19:46:00Z  440.009  5.690  -88.109  5.29039E-16  SWARM-A  13.915  5.609
2018-04-21T19:46:30Z  439.832  7.628  -88.144  5.32087E-16  SWARM-A  13.921  7.537
2018-04-21T19:47:00Z  439.695  9.566  -88.178  5.34551E-16  SWARM-A  13.927  9.466
2018-04-21T19:47:30Z  439.599  11.504  -88.212  5.36400E-16  SWARM-A  13.933  11.394
2018-04-21T19:48:00Z  439.543  13.442  -88.243  5.37652E-16  SWARM-A  13.939  13.323
2018-04-21T19:48:30Z  439.525  15.379  -88.274  5.38305E-16  SWARM-A  13.946  15.252
2018-04-21T19:49:00Z  439.544  17.316  -88.302  5.38363E-16  SWARM-A  13.952  17.181
2018-04-21T19:49:30Z  439.601  19.253  -88.328  5.37786E-16  SWARM-A  13.959  19.110
2018-04-21T19:50:00Z  439.693  21.189  -88.353  5.36587E-16  SWARM-A  13.965  21.040
2018-04-21T19:50:30Z  439.819  23.125  -88.374  5.34721E-16  SWARM-A  13.972  22.969
2018-04-21T19:51:00Z  439.977  25.060  -88.392  5.32182E-16  SWARM-A  13.979  24.899
2018-04-21T19:51:30Z  440.165  26.995  -88.407  5.28961E-16  SWARM-A  13.987  26.829
2018-04-21T19:52:00Z  440.383  28.929  -88.418  5.24951E-16  SWARM-A  13.994  28.759
2018-04-21T19:52:30Z  440.627  30.863  -88.425  5.20238E-16  SWARM-A  14.002  30.689
2018-04-21T19:53:00Z  440.896  32.796  -88.427  5.14805E-16  SWARM-A  14.010  32.619
2018-04-21T19:53:30Z  441.187  34.728  -88.424  5.08624E-16  SWARM-A  14.019  34.550
2018-04-21T19:54:00Z  441.499  36.659  -88.414  5.01686E-16  SWARM-A  14.028  36.480
2018-04-21T19:54:30Z  441.829  38.589  -88.398  4.94089E-16  SWARM-A  14.037  38.411
2018-04-21T19:55:00Z  442.174  40.519  -88.373  4.85831E-16  SWARM-A  14.047  40.342
2018-04-21T19:55:30Z  442.532  42.448  -88.340  4.77018E-16  SWARM-A  14.058  42.272
2018-04-21T19:56:00Z  442.901  44.375  -88.297  4.67702E-16  SWARM-A  14.069  44.203
2018-04-21T19:56:30Z  443.278  46.302  -88.243  4.57942E-16  SWARM-A  14.081  46.134
2018-04-21T19:57:00Z  443.660  48.228  -88.175  4.47817E-16  SWARM-A  14.094  48.066
2018-04-21T19:57:30Z  444.046  50.153  -88.092  4.37337E-16  SWARM-A  14.108  49.997
2018-04-21T19:58:00Z  444.433  52.076  -87.992  4.26607E-16  SWARM-A  14.123  51.928
2018-04-21T19:58:30Z  444.817  53.999  -87.872  4.15593E-16  SWARM-A  14.139  53.860
2018-04-21T19:59:00Z  445.198  55.920  -87.728  4.04557E-16  SWARM-A  14.157  55.791
2018-04-21T19:59:30Z  445.572  57.840  -87.556  3.93711E-16  SWARM-A  14.177  57.723
2018-04-21T20:00:00Z  445.937  59.758  -87.351  3.83177E-16  SWARM-A  14.199  59.654
2018-04-21T20:00:30Z  446.291  61.675  -87.106  3.73037E-16  SWARM-A  14.224  61.586
2018-04-21T20:01:00Z  446.632  63.590  -86.811  3.63290E-16  SWARM-A  14.251  63.518
2018-04-21T20:01:30Z  446.957  65.503  -86.456  3.53918E-16  SWARM-A  14.283  65.450
2018-04-21T20:02:00Z  447.265  67.414  -86.026  3.44818E-16  SWARM-A  14.321  67.382
2018-04-21T20:02:30Z  447.555  69.322  -85.498  3.35825E-16  SWARM-A  14.364  69.314
2018-04-21T20:03:00Z  447.823  71.227  -84.845  3.26959E-16  SWARM-A  14.416  71.246
2018-04-21T20:03:30Z  448.068  73.127  -84.023  3.18206E-16  SWARM-A  14.479  73.178
2018-04-21T20:04:00Z  448.290  75.022  -82.969  3.09494E-16  SWARM-A  14.558  75.110
2018-04-21T20:04:30Z  448.486  76.908  -81.583  3.00799E-16  SWARM-A  14.658  77.042
2018-04-21T20:05:00Z  448.656  78.782  -79.701  2.92093E-16  SWARM-A  14.792  78.975
2018-04-21T20:05:30Z  448.798  80.638  -77.031  2.83227E-16  SWARM-A  14.979  80.907
2018-04-21T20:06:00Z  448.911  82.460  -73.010  2.74452E-16  SWARM-A  15.255  82.839
2018-04-21T20:06:30Z  448.995  84.220  -66.430  2.65805E-16  SWARM-A  15.702  84.771
2018-04-21T20:07:00Z  449.050  85.834  -54.380  2.57394E-16  SWARM-A  16.514  86.704
2018-04-21T20:07:30Z  449.074  87.056  -30.072  2.49285E-16  SWARM-A  18.142  88.636
2018-04-21T20:08:00Z  449.068  87.290  9.257  2.41468E-16  SWARM-A  20.773  90.568
2018-04-21T20:08:30Z  449.032  86.340  39.874  2.33701E-16  SWARM-A  22.822  92.501
2018-04-21T20:09:00Z  448.965  84.822  55.283  2.26362E-16  SWARM-A  23.858  94.433
2018-04-21T20:09:30Z  448.869  83.100  63.339  2.19450E-16  SWARM-A  0.403  96.365
2018-04-21T20:10:00Z  448.743  81.295  68.083  2.13073E-16  SWARM-A  0.728  98.298
2018-04-21T20:10:30Z  448.589  79.449  71.150  2.07350E-16  SWARM-A  0.941  100.230
2018-04-21T20:11:00Z  448.407  77.581  73.271  2.03086E-16  SWARM-A  1.090  102.162
2018-04-21T20:11:30Z  448.198  75.698  74.811  1.98653E-16  SWARM-A  1.201  104.094
2018-04-21T20:12:00Z  447.964  73.806  75.970  1.94911E-16  SWARM-A  1.287  106.027
2018-04-21T20:12:30Z  447.705  71.907  76.866  1.91772E-16  SWARM-A  1.355  107.959
2018-04-21T20:13:00Z  447.423  70.004  77.574  1.89251E-16  SWARM-A  1.411  109.891
2018-04-21T20:13:30Z  447.120  68.097  78.143  1.87390E-16  SWARM-A  1.457  111.823
2018-04-21T20:14:00Z  446.797  66.187  78.605  1.86173E-16  SWARM-A  1.496  113.755
2018-04-21T20:14:30Z  446.457  64.274  78.985  1.85599E-16  SWARM-A  1.530  115.687
2018-04-21T20:15:00Z  446.101  62.360  79.300  1.85641E-16  SWARM-A  1.559  117.619
2018-04-21T20:15:30Z  445.731  60.443  79.562  1.86240E-16  SWARM-A  1.585  119.551
2018-04-21T20:16:00Z  445.349  58.525  79.781  1.87271E-16  SWARM-A  1.608  121.483
2018-04-21T20:16:30Z  444.958  56.605  79.964  1.88655E-16  SWARM-A  1.628  123.415
2018-04-21T20:17:00Z  444.560  54.685  80.117  1.90399E-16  SWARM-A  1.647  125.347
2018-04-21T20:17:30Z  444.158  52.762  80.245  1.92475E-16  SWARM-A  1.664  127.279
2018-04-21T20:18:00Z  443.753  50.839  80.352  1.94799E-16  SWARM-A  1.679  129.210
2018-04-21T20:18:30Z  443.348  48.914  80.441  1.97383E-16  SWARM-A  1.693  131.142
2018-04-21T20:19:00Z  442.947  46.989  80.514  2.00134E-16  SWARM-A  1.707  133.073
2018-04-21T20:19:30Z  442.550  45.062  80.573  2.03042E-16  SWARM-A  1.719  135.005
2018-04-21T20:20:00Z  442.162  43.134  80.620  2.06072E-16  SWARM-A  1.730  136.936
2018-04-21T20:20:30Z  441.783  41.206  80.656  2.09178E-16  SWARM-A  1.741  138.867
2018-04-21T20:21:00Z  441.418  39.276  80.684  2.12317E-16  SWARM-A  1.751  140.798
2018-04-21T20:21:30Z  441.068  37.346  80.703  2.15427E-16  SWARM-A  1.761  142.729
2018-04-21T20:22:00Z  440.736  35.414  80.715  2.18436E-16  SWARM-A  1.770  144.660
2018-04-21T20:22:30Z  440.423  33.482  80.720  2.21365E-16  SWARM-A  1.779  146.591
2018-04-21T20:23:00Z  440.133  31.549  80.720  2.24086E-16  SWARM-A  1.787  148.521
2018-04-21T20:23:30Z  439.867  29.616  80.715  2.26641E-16  SWARM-A  1.795  150.452
2018-04-21T20:24:00Z  439.628  27.682  80.705  2.28903E-16  SWARM-A  1.803  152.382
2018-04-21T20:24:30Z  439.418  25.747  80.692  2.30894E-16  SWARM-A  1.810  154.313
2018-04-21T20:25:00Z  439.239  23.811  80.675  2.32583E-16  SWARM-A  1.817  156.243
2018-04-21T20:25:30Z  439.092  21.875  80.654  2.33947E-16  SWARM-A  1.824  158.173
2018-04-21T20:26:00Z  438.979  19.939  80.631  2.34953E-16  SWARM-A  1.831  160.102
2018-04-21T20:26:30Z  438.902  18.002  80.605  2.35604E-16  SWARM-A  1.838  162.032
2018-04-21T20:27:00Z  438.863  16.064  80.578  2.35859E-16  SWARM-A  1.844  163.962
2018-04-21T20:27:30Z  438.861  14.127  80.548  2.35749E-16  SWARM-A  1.850  165.891
2018-04-21T20:28:00Z  438.900  12.189  80.517  2.35251E-16  SWARM-A  1.857  167.820
2018-04-21T20:28:30Z  438.978  10.251  80.484  2.34393E-16  SWARM-A  1.863  169.749
2018-04-21T20:29:00Z  439.098  8.312  80.450  2.33159E-16  SWARM-A  1.869  171.678
2018-04-21T20:29:30Z  439.259  6.374  80.416  2.31576E-16  SWARM-A  1.875  173.607
2018-04-21T20:30:00Z  439.462  4.436  80.381  2.29689E-16  SWARM-A  1.881  175.535
2018-04-21T20:30:30Z  439.708  2.497  80.345  2.27514E-16  SWARM-A  1.887  177.464
2018-04-21T20:31:00Z  439.995  0.559  80.309  2.25075E-16  SWARM-A  1.893  179.392
2018-04-21T20:31:30Z  440.325  -1.379  80.273  2.22396E-16  SWARM-A  1.899  181.320
2018-04-21T20:32:00Z  440.696  -3.317  80.237  2.19467E-16  SWARM-A  1.905  183.248
2018-04-21T20:32:30Z  441.108  -5.254  80.201  2.16342E-16  SWARM-A  1.911  185.175
2018-04-21T20:33:00Z  441.560  -7.191  80.166  2.13095E-16  SWARM-A  1.917  187.103
2018-04-21T20:33:30Z  442.051  -9.128  80.131  2.09705E-16  SWARM-A  1.923  189.030
2018-04-21T20:34:00Z  442.579  -11.065  80.098  2.06200E-16  SWARM-A  1.929  190.957
2018-04-21T20:34:30Z  443.145  -13.000  80.066  2.02647E-16  SWARM-A  1.935  192.884
2018-04-21T20:35:00Z  443.745  -14.936  80.035  1.99059E-16  SWARM-A  1.941  194.810
2018-04-21T20:35:30Z  444.379  -16.870  80.006  1.95404E-16  SWARM-A  1.948  196.737
2018-04-21T20:36:00Z  445.044  -18.804  79.979  1.91788E-16  SWARM-A  1.954  198.663
2018-04-21T20:36:30Z  445.738  -20.737  79.954  1.88171E-16  SWARM-A  1.961  200.589
2018-04-21T20:37:00Z  446.460  -22.669  79.932  1.84606E-16  SWARM-A  1.968  202.515
2018-04-21T20:37:30Z  447.207  -24.601  79.913  1.81123E-16  SWARM-A  1.975  204.441
2018-04-21T20:38:00Z  447.976  -26.531  79.897  1.77749E-16  SWARM-A  1.982  206.367
2018-04-21T20:38:30Z  448.766  -28.461  79.884  1.74494E-16  SWARM-A  1.990  208.292
2018-04-21T20:39:00Z  449.573  -30.390  79.876  1.71409E-16  SWARM-A  1.997  210.217
2018-04-21T20:39:30Z  450.394  -32.318  79.872  1.68482E-16  SWARM-A  2.005  212.142
2018-04-21T20:40:00Z  451.228  -34.244  79.874  1.65747E-16  SWARM-A  2.014  214.067
2018-04-21T20:40:30Z  452.070  -36.170  79.882  1.63204E-16  SWARM-A  2.023  215.991
2018-04-21T20:41:00Z  452.919  -38.094  79.896  1.60900E-16  SWARM-A  2.032  217.916
2018-04-21T20:41:30Z  453.771  -40.018  79.918  1.58818E-16  SWARM-A  2.042  219.840
2018-04-21T20:42:00Z  454.624  -41.940  79.948  1.56948E-16  SWARM-A  2.052  221.764
2018-04-21T20:42:30Z  455.473  -43.861  79.988  1.55308E-16  SWARM-A  2.063  223.688
2018-04-21T20:43:00Z  456.317  -45.781  80.038  1.53852E-16  SWARM-A  2.075  225.612
2018-04-21T20:43:30Z  457.152  -47.699  80.101  1.52612E-16  SWARM-A  2.087  227.536
2018-04-21T20:44:00Z  457.975  -49.616  80.179  1.51617E-16  SWARM-A  2.101  229.459
2018-04-21T20:44:30Z  458.783  -51.532  80.273  1.50871E-16  SWARM-A  2.116  231.382
2018-04-21T20:45:00Z  459.574  -53.447  80.386  1.50361E-16  SWARM-A  2.131  233.305
2018-04-21T20:45:30Z  460.344  -55.360  80.521  1.49876E-16  SWARM-A  2.149  235.228
2018-04-21T20:46:00Z  461.090  -57.271  80.683  1.49635E-16  SWARM-A  2.168  237.151
2018-04-21T20:46:30Z  461.811  -59.181  80.876  1.49734E-16  SWARM-A  2.189  239.074
2018-04-21T20:47:00Z  462.503  -61.090  81.107  1.50009E-16  SWARM-A  2.213  240.997
2018-04-21T20:47:30Z  463.164  -62.996  81.383  1.50419E-16  SWARM-A  2.240  242.919
2018-04-21T20:48:00Z  463.791  -64.901  81.715  1.50945E-16  SWARM-A  2.270  244.841
2018-04-21T20:48:30Z  464.383  -66.803  82.117  1.51575E-16  SWARM-A  2.305  246.764
2018-04-21T20:49:00Z  464.936  -68.702  82.608  1.52327E-16  SWARM-A  2.346  248.686
2018-04-21T20:49:30Z  465.449  -70.598  83.212  1.53121E-16  SWARM-A  2.395  250.608
2018-04-21T20:50:00Z  465.921  -72.490  83.967  1.53983E-16  SWARM-A  2.453  252.530
2018-04-21T20:50:30Z  466.348  -74.377  84.928  1.55001E-16  SWARM-A  2.526  254.452
2018-04-21T20:51:00Z  466.731  -76.256  86.178  1.56183E-16  SWARM-A  2.618  256.374
2018-04-21T20:51:30Z  467.066  -78.125  87.852  1.57565E-16  SWARM-A  2.737  258.296
2018-04-21T20:52:00Z  467.354  -79.979  90.183  1.59189E-16  SWARM-A  2.901  260.217
2018-04-21T20:52:30Z  467.593  -81.805  93.605  1.61074E-16  SWARM-A  3.138  262.139
2018-04-21T20:53:00Z  467.782  -83.583  99.007  1.63242E-16  SWARM-A  3.506  264.061
2018-04-21T20:53:30Z  467.921  -85.258  108.442  1.65723E-16  SWARM-A  4.143  265.982
2018-04-21T20:54:00Z  468.009  -86.670  126.952  1.68555E-16  SWARM-A  5.386  267.904
2018-04-21T20:54:30Z  468.046  -87.358  161.796  1.71853E-16  SWARM-A  7.717  269.826
2018-04-21T20:55:00Z  468.032  -86.813  -161.549  1.75467E-16  SWARM-A  10.169  271.747
2018-04-21T20:55:30Z  467.966  -85.458  -141.278  1.79191E-16  SWARM-A  11.529  273.669
2018-04-21T20:56:00Z  467.849  -83.805  -131.060  1.83012E-16  SWARM-A  12.218  275.590
2018-04-21T20:56:30Z  467.682  -82.035  -125.296  1.86974E-16  SWARM-A  12.611  277.512
2018-04-21T20:57:00Z  467.466  -80.213  -121.686  1.91033E-16  SWARM-A  12.860  279.434
2018-04-21T20:57:30Z  467.200  -78.363  -119.246  1.95213E-16  SWARM-A  13.031  281.355
2018-04-21T20:58:00Z  466.886  -76.495  -117.504  1.99583E-16  SWARM-A  13.155  283.277
2018-04-21T20:58:30Z  466.525  -74.617  -116.209  2.04298E-16  SWARM-A  13.250  285.199
2018-04-21T20:59:00Z  466.119  -72.731  -115.217  2.09400E-16  SWARM-A  13.325  287.121
2018-04-21T20:59:30Z  465.669  -70.840  -114.439  2.14876E-16  SWARM-A  13.385  289.042
2018-04-21T21:00:00Z  465.177  -68.945  -113.817  2.19825E-16  SWARM-A  13.435  290.964
2018-04-21T21:00:30Z  464.645  -67.046  -113.314  2.26457E-16  SWARM-A  13.476  292.887
2018-04-21T21:01:00Z  464.074  -65.144  -112.902  2.33500E-16  SWARM-A  13.512  294.809
2018-04-21T21:01:30Z  463.467  -63.240  -112.562  2.40990E-16  SWARM-A  13.543  296.731
2018-04-21T21:02:00Z  462.825  -61.334  -112.279  2.48858E-16  SWARM-A  13.570  298.653
2018-04-21T21:02:30Z  462.153  -59.426  -112.043  2.57093E-16  SWARM-A  13.594  300.576
2018-04-21T21:03:00Z  461.451  -57.516  -111.846  2.65667E-16  SWARM-A  13.616  302.498
2018-04-21T21:03:30Z  460.722  -55.605  -111.680  2.74571E-16  SWARM-A  13.635  304.421
2018-04-21T21:04:00Z  459.970  -53.692  -111.541  2.83651E-16  SWARM-A  13.653  306.344
2018-04-21T21:04:30Z  459.196  -51.778  -111.426  2.92894E-16  SWARM-A  13.669  308.267
2018-04-21T21:05:00Z  458.404  -49.863  -111.329  3.02331E-16  SWARM-A  13.684  310.190
2018-04-21T21:05:30Z  457.597  -47.946  -111.250  3.11904E-16  SWARM-A  13.697  312.113
2018-04-21T21:06:00Z  456.777  -46.028  -111.185  3.21608E-16  SWARM-A  13.710  314.036
2018-04-21T21:06:30Z  455.948  -44.108  -111.133  3.31408E-16  SWARM-A  13.722  315.960
2018-04-21T21:07:00Z  455.112  -42.188  -111.092  3.41289E-16  SWARM-A  13.733  317.884
2018-04-21T21:07:30Z  454.273  -40.266  -111.061  3.51262E-16  SWARM-A  13.743  319.807
2018-04-21T21:08:00Z  453.433  -38.343  -111.038  3.61310E-16  SWARM-A  13.753  321.731
2018-04-21T21:08:30Z  452.595  -36.419  -111.023  3.71415E-16  SWARM-A  13.763  323.656
2018-04-21T21:09:00Z  451.763  -34.494  -111.015  3.81562E-16  SWARM-A  13.771  325.580
2018-04-21T21:09:30Z  450.940  -32.567  -111.012  3.91770E-16  SWARM-A  13.780  327.504
2018-04-21T21:10:00Z  450.127  -30.640  -111.015  4.02040E-16  SWARM-A  13.788  329.429
2018-04-21T21:10:30Z  449.328  -28.712  -111.023  4.12342E-16  SWARM-A  13.796  331.354
2018-04-21T21:11:00Z  448.546  -26.782  -111.035  4.22609E-16  SWARM-A  13.803  333.279
2018-04-21T21:11:30Z  447.784  -24.852  -111.050  4.32854E-16  SWARM-A  13.811  335.204
2018-04-21T21:12:00Z  447.042  -22.921  -111.069  4.42985E-16  SWARM-A  13.818  337.130
2018-04-21T21:12:30Z  446.325  -20.989  -111.091  4.52988E-16  SWARM-A  13.825  339.055
2018-04-21T21:13:00Z  445.635  -19.056  -111.116  4.62732E-16  SWARM-A  13.831  340.981
2018-04-21T21:13:30Z  444.972  -17.123  -111.143  4.72193E-16  SWARM-A  13.838  342.907
2018-04-21T21:14:00Z  444.341  -15.189  -111.171  4.81244E-16  SWARM-A  13.844  344.833
2018-04-21T21:14:30Z  443.741  -13.254  -111.202  4.89787E-16  SWARM-A  13.851  346.760
2018-04-21T21:15:00Z  443.176  -11.318  -111.234  4.97748E-16  SWARM-A  13.857  348.686
2018-04-21T21:15:30Z  442.646  -9.382  -111.267  5.05027E-16  SWARM-A  13.863  350.613
2018-04-21T21:16:00Z  442.153  -7.446  -111.302  5.11527E-16  SWARM-A  13.869  352.540
2018-04-21T21:16:30Z  441.698  -5.509  -111.337  5.17173E-16  SWARM-A  13.875  354.467
2018-04-21T21:17:00Z  441.282  -3.572  -111.372  5.21897E-16  SWARM-A  13.881  356.395
2018-04-21T21:17:30Z  440.906  -1.634  -111.408  5.25689E-16  SWARM-A  13.887  358.322
2018-04-21T21:18:00Z  440.570  0.303  -111.444  5.28492E-16  SWARM-A  13.893  0.250
2018-04-21T21:18:30Z  440.276  2.241  -111.480  5.30305E-16  SWARM-A  13.899  2.178
2018-04-21T21:19:00Z  440.023  4.179  -111.516  5.31129E-16  SWARM-A  13.905  4.106
2018-04-21T21:19:30Z  439.811  6.117  -111.552  5.30997E-16  SWARM-A  13.911  6.034
2018-04-21T21:20:00Z  439.641  8.055  -111.586  5.29972E-16  SWARM-A  13.917  7.962
2018-04-21T21:20:30Z  439.511  9.993  -111.620  5.28071E-16  SWARM-A  13.923  9.891
2018-04-21T21:21:00Z  439.422  11.931  -111.653  5.25391E-16  SWARM-A  13.929  11.820
2018-04-21T21:21:30Z  439.372  13.869  -111.685  5.21941E-16  SWARM-A  13.935  13.748
2018-04-21T21:22:00Z  439.362  15.806  -111.714  5.17826E-16  SWARM-A  13.941  15.677
2018-04-21T21:22:30Z  439.389  17.743  -111.743  5.13150E-16  SWARM-A  13.948  17.607
2018-04-21T21:23:00Z  439.453  19.680  -111.768  5.07859E-16  SWARM-A  13.955  19.536
2018-04-21T21:23:30Z  439.553  21.616  -111.792  5.02102E-16  SWARM-A  13.961  21.466
2018-04-21T21:24:00Z  439.686  23.552  -111.813  4.95862E-16  SWARM-A  13.968  23.395
2018-04-21T21:24:30Z  439.851  25.488  -111.830  4.89174E-16  SWARM-A  13.975  25.325
2018-04-21T21:25:00Z  440.047  27.422  -111.845  4.82123E-16  SWARM-A  13.983  27.255
2018-04-21T21:25:30Z  440.271  29.356  -111.855  4.74705E-16  SWARM-A  13.990  29.185
2018-04-21T21:26:00Z  440.522  31.290  -111.861  4.66981E-16  SWARM-A  13.998  31.115
2018-04-21T21:26:30Z  440.798  33.223  -111.861  4.59036E-16  SWARM-A  14.007  33.046
2018-04-21T21:27:00Z  441.095  35.155  -111.857  4.50875E-16  SWARM-A  14.015  34.976
2018-04-21T21:27:30Z  441.413  37.086  -111.846  4.42638E-16  SWARM-A  14.024  36.907
2018-04-21T21:28:00Z  441.748  39.016  -111.827  4.34231E-16  SWARM-A  14.034  38.838
2018-04-21T21:28:30Z  442.098  40.946  -111.801  4.25822E-16  SWARM-A  14.044  40.769
2018-04-21T21:29:00Z  442.460  42.874  -111.766  4.17508E-16  SWARM-A  14.055  42.700
2018-04-21T21:29:30Z  442.833  44.802  -111.720  4.09267E-16  SWARM-A  14.066  44.631
2018-04-21T21:30:00Z  443.213  46.728  -111.663  4.01184E-16  SWARM-A  14.078  46.562
2018-04-21T21:30:30Z  443.599  48.654  -111.592  3.93334E-16  SWARM-A  14.091  48.493
2018-04-21T21:31:00Z  443.987  50.579  -111.506  3.85760E-16  SWARM-A  14.105  50.424
2018-04-21T21:31:30Z  444.375  52.502  -111.402  3.78308E-16  SWARM-A  14.121  52.356
2018-04-21T21:32:00Z  444.761  54.424  -111.277  3.71277E-16  SWARM-A  14.137  54.287
2018-04-21T21:32:30Z  445.143  56.345  -111.127  3.64701E-16  SWARM-A  14.156  56.219
2018-04-21T21:33:00Z  445.517  58.265  -110.948  3.58537E-16  SWARM-A  14.176  58.151
2018-04-21T21:33:30Z  445.882  60.183  -110.735  3.52934E-16  SWARM-A  14.198  60.083
2018-04-21T21:34:00Z  446.236  62.100  -110.479  3.47832E-16  SWARM-A  14.224  62.014
2018-04-21T21:34:30Z  446.576  64.014  -110.172  3.43177E-16  SWARM-A  14.253  63.946
2018-04-21T21:35:00Z  446.900  65.927  -109.802  3.38716E-16  SWARM-A  14.286  65.878
2018-04-21T21:35:30Z  447.206  67.837  -109.352  3.34457E-16  SWARM-A  14.324  67.810
2018-04-21T21:36:00Z  447.494  69.745  -108.800  3.30544E-16  SWARM-A  14.369  69.742
2018-04-21T21:36:30Z  447.760  71.649  -108.113  3.26932E-16  SWARM-A  14.423  71.674
2018-04-21T21:37:00Z  448.003  73.548  -107.246  3.23517E-16  SWARM-A  14.489  73.607
2018-04-21T21:37:30Z  448.222  75.441  -106.129  3.20222E-16  SWARM-A  14.572  75.539
2018-04-21T21:38:00Z  448.416  77.325  -104.650  3.17060E-16  SWARM-A  14.679  77.471
2018-04-21T21:38:30Z  448.582  79.196  -102.625  3.14243E-16  SWARM-A  14.822  79.403
2018-04-21T21:39:00Z  448.722  81.046  -99.718  3.11524E-16  SWARM-A  15.025  81.336
2018-04-21T21:39:30Z  448.832  82.858  -95.269  3.08806E-16  SWARM-A  15.330  83.268
2018-04-21T21:40:00Z  448.914  84.595  -87.822  3.06058E-16  SWARM-A  15.834  85.200
2018-04-21T21:40:30Z  448.965  86.155  -73.809  3.03299E-16  SWARM-A  16.777  87.133
2018-04-21T21:41:00Z  448.987  87.219  -45.627  3.00492E-16  SWARM-A  18.664  89.065
2018-04-21T21:41:30Z  448.978  87.162  -5.784  2.97519E-16  SWARM-A  21.329  90.997
2018-04-21T21:42:00Z  448.940  86.033  20.866  2.93740E-16  SWARM-A  23.114  92.930
2018-04-21T21:42:30Z  448.871  84.450  34.074  2.89778E-16  SWARM-A  0.002  94.862
2018-04-21T21:43:00Z  448.772  82.704  41.167  2.85763E-16  SWARM-A  0.484  96.795
2018-04-21T21:43:30Z  448.645  80.888  45.442  2.81705E-16  SWARM-A  0.777  98.727
2018-04-21T21:44:00Z  448.488  79.035  48.254  2.77696E-16  SWARM-A  0.973  100.659
2018-04-21T21:44:30Z  448.305  77.163  50.222  2.73676E-16  SWARM-A  1.112  102.592
2018-04-21T21:45:00Z  448.095  75.278  51.663  2.69733E-16  SWARM-A  1.217  104.524
2018-04-21T21:45:30Z  447.859  73.384  52.755  2.65727E-16  SWARM-A  1.298  106.456
2018-04-21T21:46:00Z  447.600  71.485  53.604  2.61808E-16  SWARM-A  1.363  108.388
2018-04-21T21:46:30Z  447.318  69.580  54.278  2.58013E-16  SWARM-A  1.416  110.321
2018-04-21T21:47:00Z  447.015  67.672  54.820  2.54431E-16  SWARM-A  1.460  112.253
2018-04-21T21:47:30Z  446.693  65.762  55.263  2.50992E-16  SWARM-A  1.498  114.185
2018-04-21T21:48:00Z  446.353  63.849  55.627  2.47755E-16  SWARM-A  1.531  116.117
2018-04-21T21:48:30Z  445.998  61.934  55.929  2.44633E-16  SWARM-A  1.559  118.049
2018-04-21T21:49:00Z  445.630  60.017  56.180  2.41607E-16  SWARM-A  1.584  119.981
2018-04-21T21:49:30Z  445.251  58.098  56.390  2.38749E-16  SWARM-A  1.607  121.913
2018-04-21T21:50:00Z  444.862  56.178  56.567  2.36039E-16  SWARM-A  1.627  123.845
2018-04-21T21:50:30Z  444.467  54.257  56.714  2.33507E-16  SWARM-A  1.645  125.776
2018-04-21T21:51:00Z  444.068  52.335  56.837  2.31063E-16  SWARM-A  1.662  127.708
2018-04-21T21:51:30Z  443.667  50.411  56.940  2.28738E-16  SWARM-A  1.677  129.640
2018-04-21T21:52:00Z  443.267  48.486  57.025  2.26518E-16  SWARM-A  1.691  131.571
2018-04-21T21:52:30Z  442.870  46.560  57.094  2.24359E-16  SWARM-A  1.704  133.503
2018-04-21T21:53:00Z  442.479  44.633  57.150  2.22293E-16  SWARM-A  1.716  135.434
2018-04-21T21:53:30Z  442.097  42.705  57.195  2.20310E-16  SWARM-A  1.727  137.365
2018-04-21T21:54:00Z  441.725  40.777  57.229  2.18415E-16  SWARM-A  1.738  139.297
2018-04-21T21:54:30Z  441.366  38.847  57.255  2.16525E-16  SWARM-A  1.748  141.228
2018-04-21T21:55:00Z  441.024  36.916  57.272  2.14685E-16  SWARM-A  1.757  143.159
2018-04-21T21:55:30Z  440.699  34.985  57.283  2.12773E-16  SWARM-A  1.766  145.089
2018-04-21T21:56:00Z  440.395  33.053  57.287  2.10861E-16  SWARM-A  1.775  147.020
2018-04-21T21:56:30Z  440.113  31.119  57.286  2.08979E-16  SWARM-A  1.783  148.951
2018-04-21T21:57:00Z  439.857  29.186  57.279  2.07137E-16  SWARM-A  1.791  150.881
2018-04-21T21:57:30Z  439.627  27.251  57.269  2.05258E-16  SWARM-A  1.799  152.811
2018-04-21T21:58:00Z  439.427  25.316  57.254  2.03477E-16  SWARM-A  1.806  154.742
2018-04-21T21:58:30Z  439.257  23.381  57.236  2.01698E-16  SWARM-A  1.813  156.672
2018-04-21T21:59:00Z  439.121  21.445  57.215  1.99996E-16  SWARM-A  1.820  158.602
2018-04-21T21:59:30Z  439.019  19.508  57.191  1.98349E-16  SWARM-A  1.827  160.531
2018-04-21T22:00:00Z  438.952  17.571  57.165  1.96762E-16  SWARM-A  1.834  162.461
2018-04-21T22:00:30Z  438.923  15.634  57.137  1.95286E-16  SWARM-A  1.840  164.390
2018-04-21T22:01:00Z  438.933  13.696  57.107  1.93881E-16  SWARM-A  1.846  166.320
2018-04-21T22:01:30Z  438.981  11.758  57.075  1.92644E-16  SWARM-A  1.853  168.249
2018-04-21T22:02:00Z  439.070  9.820  57.043  1.91508E-16  SWARM-A  1.859  170.178
2018-04-21T22:02:30Z  439.200  7.882  57.009  1.90511E-16  SWARM-A  1.865  172.107
2018-04-21T22:03:00Z  439.372  5.943  56.974  1.89660E-16  SWARM-A  1.871  174.035
2018-04-21T22:03:30Z  439.585  4.005  56.938  1.89023E-16  SWARM-A  1.877  175.964
2018-04-21T22:04:00Z  439.841  2.067  56.902  1.88511E-16  SWARM-A  1.883  177.892
2018-04-21T22:04:30Z  440.138  0.129  56.866  1.88168E-16  SWARM-A  1.889  179.820
2018-04-21T22:05:00Z  440.476  -1.809  56.830  1.87954E-16  SWARM-A  1.895  181.748
2018-04-21T22:05:30Z  440.856  -3.747  56.794  1.87862E-16  SWARM-A  1.900  183.676
2018-04-21T22:06:00Z  441.276  -5.685  56.759  1.87860E-16  SWARM-A  1.906  185.603
2018-04-21T22:06:30Z  441.736  -7.622  56.724  1.87942E-16  SWARM-A  1.912  187.531
2018-04-21T22:07:00Z  442.234  -9.558  56.689  1.87978E-16  SWARM-A  1.918  189.458
2018-04-21T22:07:30Z  442.770  -11.494  56.656  1.88068E-16  SWARM-A  1.925  191.385
2018-04-21T22:08:00Z  443.341  -13.430  56.624  1.88164E-16  SWARM-A  1.931  193.312
2018-04-21T22:08:30Z  443.947  -15.365  56.594  1.88252E-16  SWARM-A  1.937  195.238
2018-04-21T22:09:00Z  444.586  -17.299  56.565  1.88362E-16  SWARM-A  1.944  197.165
2018-04-21T22:09:30Z  445.255  -19.233  56.539  1.88415E-16  SWARM-A  1.950  199.091
2018-04-21T22:10:00Z  445.954  -21.166  56.514  1.88418E-16  SWARM-A  1.957  201.017
2018-04-21T22:10:30Z  446.679  -23.098  56.493  1.88349E-16  SWARM-A  1.964  202.943
2018-04-21T22:11:00Z  447.428  -25.029  56.474  1.88206E-16  SWARM-A  1.971  204.868
2018-04-21T22:11:30Z  448.199  -26.960  56.459  1.87957E-16  SWARM-A  1.978  206.794
2018-04-21T22:12:00Z  448.989  -28.889  56.447  1.87634E-16  SWARM-A  1.986  208.719
2018-04-21T22:12:30Z  449.797  -30.818  56.440  1.87230E-16  SWARM-A  1.994  210.644
2018-04-21T22:13:00Z  450.618  -32.745  56.437  1.86774E-16  SWARM-A  2.002  212.569
2018-04-21T22:13:30Z  451.451  -34.672  56.440  1.86262E-16  SWARM-A  2.010  214.494
2018-04-21T22:14:00Z  452.292  -36.597  56.449  1.85748E-16  SWARM-A  2.019  216.418
2018-04-21T22:14:30Z  453.138  -38.521  56.465  1.85238E-16  SWARM-A  2.029  218.343
2018-04-21T22:15:00Z  453.987  -40.444  56.488  1.84738E-16  SWARM-A  2.038  220.267
2018-04-21T22:15:30Z  454.835  -42.366  56.520  1.84257E-16  SWARM-A  2.049  222.191
2018-04-21T22:16:00Z  455.680  -44.287  56.562  1.83861E-16  SWARM-A  2.060  224.115
2018-04-21T22:16:30Z  456.518  -46.206  56.615  1.83456E-16  SWARM-A  2.072  226.039
2018-04-21T22:17:00Z  457.347  -48.125  56.682  1.83240E-16  SWARM-A  2.085  227.962
2018-04-21T22:17:30Z  458.163  -50.041  56.762  1.82982E-16  SWARM-A  2.098  229.886
2018-04-21T22:18:00Z  458.964  -51.957  56.860  1.82751E-16  SWARM-A  2.113  231.809
2018-04-21T22:18:30Z  459.746  -53.871  56.978  1.82583E-16  SWARM-A  2.129  233.732
2018-04-21T22:19:00Z  460.508  -55.784  57.119  1.82490E-16  SWARM-A  2.147  235.655
2018-04-21T22:19:30Z  461.245  -57.695  57.287  1.82466E-16  SWARM-A  2.167  237.578
2018-04-21T22:20:00Z  461.956  -59.605  57.488  1.82469E-16  SWARM-A  2.188  239.500
2018-04-21T22:20:30Z  462.637  -61.513  57.728  1.82501E-16  SWARM-A  2.213  241.423
2018-04-21T22:21:00Z  463.287  -63.419  58.015  1.82285E-16  SWARM-A  2.240  243.346
2018-04-21T22:21:30Z  463.902  -65.323  58.361  1.82014E-16  SWARM-A  2.272  245.268
2018-04-21T22:22:00Z  464.482  -67.224  58.781  1.81683E-16  SWARM-A  2.308  247.190
2018-04-21T22:22:30Z  465.022  -69.123  59.294  1.81283E-16  SWARM-A  2.350  249.112
2018-04-21T22:23:00Z  465.523  -71.019  59.928  1.80823E-16  SWARM-A  2.401  251.034
2018-04-21T22:23:30Z  465.980  -72.909  60.723  1.80280E-16  SWARM-A  2.462  252.956
2018-04-21T22:24:00Z  466.394  -74.795  61.739  1.79756E-16  SWARM-A  2.538  254.878
2018-04-21T22:24:30Z  466.763  -76.672  63.068  1.79203E-16  SWARM-A  2.635  256.800
2018-04-21T22:25:00Z  467.084  -78.539  64.862  1.78615E-16  SWARM-A  2.763  258.722
2018-04-21T22:25:30Z  467.357  -80.387  67.387  1.78024E-16  SWARM-A  2.940  260.644
2018-04-21T22:26:00Z  467.581  -82.206  71.146  1.77466E-16  SWARM-A  3.199  262.566
2018-04-21T22:26:30Z  467.756  -83.968  77.199  1.77015E-16  SWARM-A  3.611  264.487
2018-04-21T22:27:00Z  467.880  -85.605  88.053  1.76396E-16  SWARM-A  4.343  266.409
2018-04-21T22:27:30Z  467.953  -86.911  109.730  1.76006E-16  SWARM-A  5.796  268.331
2018-04-21T22:28:00Z  467.974  -87.345  147.516  1.76028E-16  SWARM-A  8.324  270.252
2018-04-21T22:28:30Z  467.945  -86.558  -179.144  1.76241E-16  SWARM-A  10.555  272.174
2018-04-21T22:29:00Z  467.864  -85.108  -161.840  1.76594E-16  SWARM-A  11.717  274.095
2018-04-21T22:29:30Z  467.733  -83.419  -152.937  1.77168E-16  SWARM-A  12.318  276.017
2018-04-21T22:30:00Z  467.552  -81.634  -147.784  1.77983E-16  SWARM-A  12.670  277.939
2018-04-21T22:30:30Z  467.321  -79.804  -144.495  1.79106E-16  SWARM-A  12.898  279.860
2018-04-21T22:31:00Z  467.041  -77.949  -142.240  1.80593E-16  SWARM-A  13.057  281.782
2018-04-21T22:31:30Z  466.714  -76.079  -140.615  1.82492E-16  SWARM-A  13.173  283.704
2018-04-21T22:32:00Z  466.340  -74.199  -139.398  1.84850E-16  SWARM-A  13.263  285.626
2018-04-21T22:32:30Z  465.921  -72.312  -138.460  1.87668E-16  SWARM-A  13.334  287.548
2018-04-21T22:33:00Z  465.459  -70.419  -137.721  1.91021E-16  SWARM-A  13.391  289.470
2018-04-21T22:33:30Z  464.956  -68.523  -137.129  1.94864E-16  SWARM-A  13.439  291.392
2018-04-21T22:34:00Z  464.412  -66.623  -136.648  1.99293E-16  SWARM-A  13.479  293.314
2018-04-21T22:34:30Z  463.831  -64.721  -136.254  2.04206E-16  SWARM-A  13.514  295.236
2018-04-21T22:35:00Z  463.214  -62.816  -135.928  2.09651E-16  SWARM-A  13.544  297.158
2018-04-21T22:35:30Z  462.564  -60.910  -135.656  2.15618E-16  SWARM-A  13.570  299.081
2018-04-21T22:36:00Z  461.883  -59.001  -135.430  2.21820E-16  SWARM-A  13.594  301.003
2018-04-21T22:36:30Z  461.173  -57.091  -135.240  2.28407E-16  SWARM-A  13.615  302.926
2018-04-21T22:37:00Z  460.438  -55.180  -135.081  2.35407E-16  SWARM-A  13.634  304.849
2018-04-21T22:37:30Z  459.679  -53.267  -134.948  2.42794E-16  SWARM-A  13.651  306.772
2018-04-21T22:38:00Z  458.900  -51.352  -134.836  2.50499E-16  SWARM-A  13.667  308.695
2018-04-21T22:38:30Z  458.103  -49.436  -134.744  2.58575E-16  SWARM-A  13.681  310.618
2018-04-21T22:39:00Z  457.292  -47.519  -134.668  2.66924E-16  SWARM-A  13.695  312.541
2018-04-21T22:39:30Z  456.469  -45.600  -134.607  2.75510E-16  SWARM-A  13.707  314.465
2018-04-21T22:40:00Z  455.637  -43.681  -134.557  2.84248E-16  SWARM-A  13.719  316.388
2018-04-21T22:40:30Z  454.800  -41.760  -134.518  2.93212E-16  SWARM-A  13.730  318.312
2018-04-21T22:41:00Z  453.960  -39.838  -134.489  3.02272E-16  SWARM-A  13.740  320.236
2018-04-21T22:41:30Z  453.120  -37.914  -134.468  3.11452E-16  SWARM-A  13.750  322.160
2018-04-21T22:42:00Z  452.283  -35.990  -134.455  3.20790E-16  SWARM-A  13.759  324.084
2018-04-21T22:42:30Z  451.453  -34.064  -134.448  3.30178E-16  SWARM-A  13.768  326.009
2018-04-21T22:43:00Z  450.632  -32.138  -134.447  3.39630E-16  SWARM-A  13.776  327.934
2018-04-21T22:43:30Z  449.822  -30.210  -134.451  3.49122E-16  SWARM-A  13.784  329.858
2018-04-21T22:44:00Z  449.027  -28.281  -134.460  3.58642E-16  SWARM-A  13.792  331.783
2018-04-21T22:44:30Z  448.250  -26.352  -134.472  3.68109E-16  SWARM-A  13.799  333.708
2018-04-21T22:45:00Z  447.492  -24.421  -134.489  3.77478E-16  SWARM-A  13.807  335.634
2018-04-21T22:45:30Z  446.757  -22.490  -134.508  3.86778E-16  SWARM-A  13.814  337.559
2018-04-21T22:46:00Z  446.047  -20.558  -134.531  3.95887E-16  SWARM-A  13.821  339.485
2018-04-21T22:46:30Z  445.364  -18.625  -134.556  4.04753E-16  SWARM-A  13.827  341.411
2018-04-21T22:47:00Z  444.710  -16.691  -134.583  4.13323E-16  SWARM-A  13.834  343.337
2018-04-21T22:47:30Z  444.086  -14.757  -134.613  4.21516E-16  SWARM-A  13.840  345.263
2018-04-21T22:48:00Z  443.496  -12.822  -134.644  4.29261E-16  SWARM-A  13.846  347.190
2018-04-21T22:48:30Z  442.940  -10.886  -134.676  4.36488E-16  SWARM-A  13.853  349.117
2018-04-21T22:49:00Z  442.421  -8.950  -134.710  4.43167E-16  SWARM-A  13.859  351.043
2018-04-21T22:49:30Z  441.938  -7.013  -134.744  4.49220E-16  SWARM-A  13.865  352.971
2018-04-21T22:50:00Z  441.494  -5.076  -134.779  4.54580E-16  SWARM-A  13.871  354.898
2018-04-21T22:50:30Z  441.090  -3.139  -134.815  4.59278E-16  SWARM-A  13.877  356.825
2018-04-21T22:51:00Z  440.725  -1.201  -134.851  4.63331E-16  SWARM-A  13.883  358.753
2018-04-21T22:51:30Z  440.401  0.736  -134.887  4.66680E-16  SWARM-A  13.888  0.681
2018-04-21T22:52:00Z  440.119  2.674  -134.923  4.69398E-16  SWARM-A  13.894  2.608
2018-04-21T22:52:30Z  439.878  4.613  -134.959  4.71505E-16  SWARM-A  13.900  4.537
2018-04-21T22:53:00Z  439.678  6.551  -134.994  4.73064E-16  SWARM-A  13.906  6.465
2018-04-21T22:53:30Z  439.519  8.489  -135.029  4.74081E-16  SWARM-A  13.912  8.393
2018-04-21T22:54:00Z  439.401  10.427  -135.063  4.74616E-16  SWARM-A  13.918  10.322
2018-04-21T22:54:30Z  439.324  12.365  -135.095  4.74702E-16  SWARM-A  13.925  12.251
2018-04-21T22:55:00Z  439.286  14.302  -135.127  4.74359E-16  SWARM-A  13.931  14.180
2018-04-21T22:55:30Z  439.287  16.240  -135.156  4.73644E-16  SWARM-A  13.937  16.109
2018-04-21T22:56:00Z  439.325  18.177  -135.184  4.72617E-16  SWARM-A  13.944  18.038
2018-04-21T22:56:30Z  439.400  20.113  -135.209  4.71303E-16  SWARM-A  13.950  19.968
2018-04-21T22:57:00Z  439.510  22.050  -135.232  4.69671E-16  SWARM-A  13.957  21.897
2018-04-21T22:57:30Z  439.654  23.985  -135.252  4.67737E-16  SWARM-A  13.964  23.827
2018-04-21T22:58:00Z  439.829  25.921  -135.269  4.65501E-16  SWARM-A  13.971  25.757
2018-04-21T22:58:30Z  440.035  27.855  -135.283  4.63012E-16  SWARM-A  13.979  27.687
2018-04-21T22:59:00Z  440.268  29.789  -135.292  4.60179E-16  SWARM-A  13.987  29.617
2018-04-21T22:59:30Z  440.528  31.723  -135.297  4.57088E-16  SWARM-A  13.995  31.548
2018-04-21T23:00:00Z  440.812  33.655  -135.297  4.53722E-16  SWARM-A  14.003  33.478
2018-04-21T23:00:30Z  441.117  35.587  -135.291  4.50106E-16  SWARM-A  14.012  35.408
2018-04-21T23:01:00Z  441.442  37.518  -135.278  4.45677E-16  SWARM-A  14.021  37.339
2018-04-21T23:01:30Z  441.785  39.448  -135.258  4.40811E-16  SWARM-A  14.030  39.270
2018-04-21T23:02:00Z  442.141  41.378  -135.230  4.35755E-16  SWARM-A  14.041  41.201
2018-04-21T23:02:30Z  442.510  43.306  -135.193  4.30580E-16  SWARM-A  14.051  43.132
2018-04-21T23:03:00Z  442.889  45.233  -135.145  4.25350E-16  SWARM-A  14.063  45.063
2018-04-21T23:03:30Z  443.275  47.160  -135.085  4.20124E-16  SWARM-A  14.075  46.994
2018-04-21T23:04:00Z  443.666  49.085  -135.011  4.14998E-16  SWARM-A  14.089  48.925
2018-04-21T23:04:30Z  444.058  51.010  -134.921  4.09972E-16  SWARM-A  14.103  50.857
2018-04-21T23:05:00Z  444.451  52.933  -134.813  4.05100E-16  SWARM-A  14.118  52.788
2018-04-21T23:05:30Z  444.840  54.855  -134.683  4.00386E-16  SWARM-A  14.135  54.720
2018-04-21T23:06:00Z  445.224  56.775  -134.527  3.95544E-16  SWARM-A  14.154  56.652
2018-04-21T23:06:30Z  445.601  58.695  -134.341  3.90915E-16  SWARM-A  14.175  58.583
2018-04-21T23:07:00Z  445.968  60.613  -134.119  3.86574E-16  SWARM-A  14.198  60.515
2018-04-21T23:07:30Z  446.322  62.529  -133.853  3.82548E-16  SWARM-A  14.224  62.447
2018-04-21T23:08:00Z  446.662  64.443  -133.534  3.78257E-16  SWARM-A  14.254  64.379
2018-04-21T23:08:30Z  446.986  66.355  -133.148  3.73907E-16  SWARM-A  14.288  66.311
2018-04-21T23:09:00Z  447.291  68.265  -132.677  3.69824E-16  SWARM-A  14.328  68.243
2018-04-21T23:09:30Z  447.576  70.172  -132.098  3.65994E-16  SWARM-A  14.374  70.175
2018-04-21T23:10:00Z  447.840  72.075  -131.377  3.62564E-16  SWARM-A  14.431  72.107
2018-04-21T23:10:30Z  448.081  73.973  -130.462  3.59675E-16  SWARM-A  14.500  74.039
2018-04-21T23:11:00Z  448.297  75.864  -129.276  3.56762E-16  SWARM-A  14.588  75.971
2018-04-21T23:11:30Z  448.487  77.746  -127.696  3.53693E-16  SWARM-A  14.701  77.904
2018-04-21T23:12:00Z  448.650  79.613  -125.511  3.50362E-16  SWARM-A  14.855  79.836
2018-04-21T23:12:30Z  448.785  81.456  -122.336  3.46170E-16  SWARM-A  15.075  81.768
2018-04-21T23:13:00Z  448.891  83.256  -117.390  3.41830E-16  SWARM-A  15.413  83.700
2018-04-21T23:13:30Z  448.968  84.967  -108.907  3.37390E-16  SWARM-A  15.987  85.633
2018-04-21T23:14:00Z  449.015  86.456  -92.513  3.32901E-16  SWARM-A  17.088  87.565
2018-04-21T23:14:30Z  449.032  87.325  -60.329  3.28077E-16  SWARM-A  19.242  89.497
2018-04-21T23:15:00Z  449.018  86.980  -21.624  3.22980E-16  SWARM-A  21.831  91.430
2018-04-21T23:15:30Z  448.975  85.704  1.242  3.17635E-16  SWARM-A  23.364  93.362
2018-04-21T23:16:00Z  448.901  84.070  12.608  3.12274E-16  SWARM-A  0.130  95.295
2018-04-21T23:16:30Z  448.797  82.303  18.880  3.07040E-16  SWARM-A  0.556  97.227
2018-04-21T23:17:00Z  448.665  80.476  22.745  3.01977E-16  SWARM-A  0.822  99.159
2018-04-21T23:17:30Z  448.504  78.618  25.327  2.97019E-16  SWARM-A  1.003  101.091
2018-04-21T23:18:00Z  448.315  76.743  27.155  2.92201E-16  SWARM-A  1.133  103.024
2018-04-21T23:18:30Z  448.100  74.855  28.505  2.87459E-16  SWARM-A  1.231  104.956
2018-04-21T23:19:00Z  447.860  72.960  29.535  2.82383E-16  SWARM-A  1.308  106.888
2018-04-21T23:19:30Z  447.596  71.059  30.339  2.77443E-16  SWARM-A  1.370  108.820
2018-04-21T23:20:00Z  447.310  69.154  30.980  2.72705E-16  SWARM-A  1.421  110.753
2018-04-21T23:20:30Z  447.003  67.246  31.497  2.68116E-16  SWARM-A  1.464  112.685
2018-04-21T23:21:00Z  446.677  65.334  31.920  2.63741E-16  SWARM-A  1.501  114.617
2018-04-21T23:21:30Z  446.335  63.421  32.268  2.59532E-16  SWARM-A  1.532  116.549
2018-04-21T23:22:00Z  445.977  61.505  32.558  2.55413E-16  SWARM-A  1.560  118.481
2018-04-21T23:22:30Z  445.606  59.588  32.799  2.51365E-16  SWARM-A  1.584  120.413
2018-04-21T23:23:00Z  445.224  57.669  33.001  2.47352E-16  SWARM-A  1.606  122.345
2018-04-21T23:23:30Z  444.834  55.749  33.170  2.43388E-16  SWARM-A  1.626  124.276
2018-04-21T23:24:00Z  444.438  53.828  33.312  2.39469E-16  SWARM-A  1.643  126.208
2018-04-21T23:24:30Z  444.038  51.905  33.430  2.35588E-16  SWARM-A  1.660  128.140
2018-04-21T23:25:00Z  443.636  49.981  33.528  2.31690E-16  SWARM-A  1.675  130.071
2018-04-21T23:25:30Z  443.236  48.056  33.609  2.27796E-16  SWARM-A  1.688  132.003
2018-04-21T23:26:00Z  442.839  46.130  33.675  2.23824E-16  SWARM-A  1.701  133.934
2018-04-21T23:26:30Z  442.449  44.203  33.728  2.19845E-16  SWARM-A  1.713  135.866
2018-04-21T23:27:00Z  442.067  42.275  33.771  2.15842E-16  SWARM-A  1.724  137.797
2018-04-21T23:27:30Z  441.697  40.346  33.803  2.11811E-16  SWARM-A  1.735  139.728
2018-04-21T23:28:00Z  441.340  38.416  33.826  2.07771E-16  SWARM-A  1.744  141.659
2018-04-21T23:28:30Z  440.999  36.485  33.842  2.03759E-16  SWARM-A  1.754  143.590
2018-04-21T23:29:00Z  440.676  34.553  33.851  1.99790E-16  SWARM-A  1.763  145.521
2018-04-21T23:29:30Z  440.375  32.621  33.854  1.95847E-16  SWARM-A  1.771  147.451
2018-04-21T23:30:00Z  440.096  30.688  33.851  1.91981E-16  SWARM-A  1.779  149.382
2018-04-21T23:30:30Z  439.843  28.754  33.844  1.88196E-16  SWARM-A  1.787  151.312
2018-04-21T23:31:00Z  439.617  26.819  33.832  1.84491E-16  SWARM-A  1.795  153.242
2018-04-21T23:31:30Z  439.421  24.884  33.817  1.80903E-16  SWARM-A  1.802  155.173
2018-04-21T23:32:00Z  439.256  22.948  33.798  1.77406E-16  SWARM-A  1.809  157.103
2018-04-21T23:32:30Z  439.124  21.012  33.776  1.74031E-16  SWARM-A  1.816  159.032
2018-04-21T23:33:00Z  439.027  19.076  33.752  1.70776E-16  SWARM-A  1.823  160.962
2018-04-21T23:33:30Z  438.966  17.139  33.725  1.67661E-16  SWARM-A  1.829  162.892
2018-04-21T23:34:00Z  438.942  15.201  33.697  1.64690E-16  SWARM-A  1.836  164.821
2018-04-21T23:34:30Z  438.957  13.263  33.666  1.61861E-16  SWARM-A  1.842  166.750
2018-04-21T23:35:00Z  439.011  11.325  33.634  1.59188E-16  SWARM-A  1.848  168.679
2018-04-21T23:35:30Z  439.106  9.387  33.601  1.56669E-16  SWARM-A  1.854  170.608
2018-04-21T23:36:00Z  439.241  7.449  33.567  1.54300E-16  SWARM-A  1.861  172.537
2018-04-21T23:36:30Z  439.419  5.511  33.532  1.52094E-16  SWARM-A  1.867  174.466
2018-04-21T23:37:00Z  439.637  3.572  33.496  1.50051E-16  SWARM-A  1.872  176.394
2018-04-21T23:37:30Z  439.898  1.634  33.460  1.48180E-16  SWARM-A  1.878  178.322
2018-04-21T23:38:00Z  440.201  -0.304  33.424  1.46486E-16  SWARM-A  1.884  180.250
2018-04-21T23:38:30Z  440.544  -2.242  33.388  1.45024E-16  SWARM-A  1.890  182.178
2018-04-21T23:39:00Z  440.929  -4.180  33.352  1.43753E-16  SWARM-A  1.896  184.106
2018-04-21T23:39:30Z  441.354  -6.117  33.316  1.42667E-16  SWARM-A  1.902  186.034
2018-04-21T23:40:00Z  441.818  -8.054  33.281  1.41795E-16  SWARM-A  1.908  187.961
2018-04-21T23:40:30Z  442.321  -9.991  33.247  1.41124E-16  SWARM-A  1.914  189.888
2018-04-21T23:41:00Z  442.861  -11.927  33.214  1.40625E-16  SWARM-A  1.920  191.815
2018-04-21T23:41:30Z  443.436  -13.862  33.183  1.40328E-16  SWARM-A  1.927  193.742
2018-04-21T23:42:00Z  444.045  -15.797  33.153  1.40223E-16  SWARM-A  1.933  195.668
2018-04-21T23:42:30Z  444.687  -17.732  33.124  1.40281E-16  SWARM-A  1.939  197.595
2018-04-21T23:43:00Z  445.359  -19.665  33.098  1.40465E-16  SWARM-A  1.946  199.521
2018-04-21T23:43:30Z  446.060  -21.598  33.074  1.40791E-16  SWARM-A  1.953  201.447
2018-04-21T23:44:00Z  446.787  -23.530  33.053  1.41237E-16  SWARM-A  1.960  203.373
2018-04-21T23:44:30Z  447.538  -25.461  33.035  1.41776E-16  SWARM-A  1.967  205.299
2018-04-21T23:45:00Z  448.310  -27.391  33.021  1.42433E-16  SWARM-A  1.974  207.224
2018-04-21T23:45:30Z  449.101  -29.320  33.010  1.43221E-16  SWARM-A  1.982  209.149
2018-04-21T23:46:00Z  449.908  -31.249  33.003  1.44123E-16  SWARM-A  1.990  211.074
2018-04-21T23:46:30Z  450.729  -33.176  33.002  1.45145E-16  SWARM-A  1.998  212.999
2018-04-21T23:47:00Z  451.560  -35.102  33.006  1.46306E-16  SWARM-A  2.006  214.924
2018-04-21T23:47:30Z  452.399  -37.027  33.016  1.47575E-16  SWARM-A  2.016  216.849
2018-04-21T23:48:00Z  453.243  -38.951  33.034  1.48671E-16  SWARM-A  2.025  218.773
2018-04-21T23:48:30Z  454.089  -40.874  33.059  1.49888E-16  SWARM-A  2.035  220.697
2018-04-21T23:49:00Z  454.934  -42.796  33.093  1.51266E-16  SWARM-A  2.046  222.621
2018-04-21T23:49:30Z  455.775  -44.716  33.137  1.52782E-16  SWARM-A  2.057  224.545
2018-04-21T23:50:00Z  456.609  -46.636  33.193  1.54469E-16  SWARM-A  2.069  226.469
2018-04-21T23:50:30Z  457.433  -48.554  33.262  1.56317E-16  SWARM-A  2.082  228.392
2018-04-21T23:51:00Z  458.243  -50.470  33.347  1.58325E-16  SWARM-A  2.096  230.316
2018-04-21T23:51:30Z  459.038  -52.386  33.448  1.60478E-16  SWARM-A  2.111  232.239
2018-04-21T23:52:00Z  459.813  -54.300  33.571  1.62790E-16  SWARM-A  2.127  234.162
2018-04-21T23:52:30Z  460.567  -56.212  33.717  1.65109E-16  SWARM-A  2.146  236.085
2018-04-21T23:53:00Z  461.297  -58.123  33.892  1.67556E-16  SWARM-A  2.166  238.008
2018-04-21T23:53:30Z  462.000  -60.032  34.101  1.70124E-16  SWARM-A  2.188  239.931
2018-04-21T23:54:00Z  462.672  -61.940  34.351  1.72799E-16  SWARM-A  2.213  241.854
2018-04-21T23:54:30Z  463.313  -63.846  34.650  1.75175E-16  SWARM-A  2.241  243.776
2018-04-21T23:55:00Z  463.919  -65.749  35.011  1.77622E-16  SWARM-A  2.273  245.698
2018-04-21T23:55:30Z  464.489  -67.650  35.449  1.80068E-16  SWARM-A  2.311  247.621
2018-04-21T23:56:00Z  465.019  -69.548  35.986  1.82539E-16  SWARM-A  2.355  249.543
2018-04-21T23:56:30Z  465.509  -71.443  36.652  1.85129E-16  SWARM-A  2.408  251.465
2018-04-21T23:57:00Z  465.956  -73.333  37.490  1.87668E-16  SWARM-A  2.472  253.387
2018-04-21T23:57:30Z  466.359  -75.217  38.566  1.90122E-16  SWARM-A  2.552  255.309
2018-04-21T23:58:00Z  466.717  -77.092  39.983  1.92326E-16  SWARM-A  2.655  257.231
2018-04-21T23:58:30Z  467.027  -78.955  41.911  1.94073E-16  SWARM-A  2.792  259.153
2018-04-21T23:59:00Z  467.289  -80.799  44.655  1.95669E-16  SWARM-A  2.983  261.075
2018-04-21T23:59:30Z  467.502  -82.608  48.804  1.97141E-16  SWARM-A  3.268  262.997
2018-04-22T00:00:00Z  467.665  -84.350  55.631  1.97498E-16  SWARM-A  3.732  264.918
2018-04-22T00:00:30Z  467.777  -85.940  68.212  1.98538E-16  SWARM-A  4.579  266.840
2018-04-22T00:01:00Z  467.838  -87.112  93.539  1.99685E-16  SWARM-A  6.275  268.762
2018-04-22T00:01:30Z  467.849  -87.264  133.015  2.00902E-16  SWARM-A  8.915  270.683
2018-04-22T00:02:00Z  467.808  -86.269  162.463  2.01930E-16  SWARM-A  10.887  272.605
2018-04-22T00:02:30Z  467.717  -84.742  177.235  2.02800E-16  SWARM-A  11.880  274.527
2018-04-22T00:03:00Z  467.574  -83.024  -174.972  2.03600E-16  SWARM-A  12.408  276.449
2018-04-22T00:03:30Z  467.382  -81.227  -170.349  2.04389E-16  SWARM-A  12.725  278.370
2018-04-22T00:04:00Z  467.141  -79.390  -167.345  2.04862E-16  SWARM-A  12.933  280.292
2018-04-22T00:04:30Z  466.851  -77.531  -165.259  2.05337E-16  SWARM-A  13.081  282.214
2018-04-22T00:05:00Z  466.515  -75.658  -163.741  2.05855E-16  SWARM-A  13.190  284.136
2018-04-22T00:05:30Z  466.132  -73.775  -162.596  2.06459E-16  SWARM-A  13.275  286.058
2018-04-22T00:06:00Z  465.705  -71.887  -161.709  2.07130E-16  SWARM-A  13.342  287.980
2018-04-22T00:06:30Z  465.235  -69.993  -161.008  2.07915E-16  SWARM-A  13.397  289.902
2018-04-22T00:07:00Z  464.723  -68.096  -160.444  2.09336E-16  SWARM-A  13.443  291.824
2018-04-22T00:07:30Z  464.173  -66.196  -159.985  2.11360E-16  SWARM-A  13.482  293.746
2018-04-22T00:08:00Z  463.586  -64.293  -159.607  2.13655E-16  SWARM-A  13.516  295.668
2018-04-22T00:08:30Z  462.963  -62.388  -159.294  2.16183E-16  SWARM-A  13.545  297.591
2018-04-22T00:09:00Z  462.308  -60.481  -159.034  2.19032E-16  SWARM-A  13.571  299.513
2018-04-22T00:09:30Z  461.622  -58.572  -158.816  2.22150E-16  SWARM-A  13.593  301.436
2018-04-22T00:10:00Z  460.909  -56.661  -158.634  2.25539E-16  SWARM-A  13.614  303.359
2018-04-22T00:10:30Z  460.170  -54.749  -158.481  2.29219E-16  SWARM-A  13.632  305.281
2018-04-22T00:11:00Z  459.409  -52.836  -158.354  2.33258E-16  SWARM-A  13.649  307.204
2018-04-22T00:11:30Z  458.628  -50.921  -158.247  2.37612E-16  SWARM-A  13.665  309.127
2018-04-22T00:12:00Z  457.831  -49.005  -158.159  2.42303E-16  SWARM-A  13.679  311.051
2018-04-22T00:12:30Z  457.020  -47.087  -158.087  2.47355E-16  SWARM-A  13.692  312.974
2018-04-22T00:13:00Z  456.198  -45.168  -158.028  2.52781E-16  SWARM-A  13.704  314.898
2018-04-22T00:13:30Z  455.367  -43.248  -157.981  2.58528E-16  SWARM-A  13.716  316.821
2018-04-22T00:14:00Z  454.532  -41.327  -157.945  2.64635E-16  SWARM-A  13.727  318.745
2018-04-22T00:14:30Z  453.695  -39.405  -157.917  2.71069E-16  SWARM-A  13.737  320.669
2018-04-22T00:15:00Z  452.859  -37.481  -157.898  2.77874E-16  SWARM-A  13.746  322.594
2018-04-22T00:15:30Z  452.026  -35.556  -157.886  2.85019E-16  SWARM-A  13.755  324.518
2018-04-22T00:16:00Z  451.201  -33.630  -157.881  2.92487E-16  SWARM-A  13.764  326.442
2018-04-22T00:16:30Z  450.385  -31.704  -157.881  3.00280E-16  SWARM-A  13.772  328.367
2018-04-22T00:17:00Z  449.582  -29.776  -157.886  3.08341E-16  SWARM-A  13.780  330.292
2018-04-22T00:17:30Z  448.794  -27.847  -157.896  3.16621E-16  SWARM-A  13.788  332.217
2018-04-22T00:18:00Z  448.024  -25.917  -157.910  3.25054E-16  SWARM-A  13.795  334.142
2018-04-22T00:18:30Z  447.275  -23.986  -157.927  3.33695E-16  SWARM-A  13.803  336.068
2018-04-22T00:19:00Z  446.549  -22.055  -157.948  3.42440E-16  SWARM-A  13.810  337.993
2018-04-22T00:19:30Z  445.848  -20.122  -157.971  3.50768E-16  SWARM-A  13.816  339.919
2018-04-22T00:20:00Z  445.174  -18.189  -157.996  3.58829E-16  SWARM-A  13.823  341.845
2018-04-22T00:20:30Z  444.530  -16.255  -158.024  3.66689E-16  SWARM-A  13.830  343.771
2018-04-22T00:21:00Z  443.917  -14.321  -158.054  3.74229E-16  SWARM-A  13.836  345.698
2018-04-22T00:21:30Z  443.338  -12.385  -158.085  3.81357E-16  SWARM-A  13.842  347.624
2018-04-22T00:22:00Z  442.794  -10.450  -158.118  3.87983E-16  SWARM-A  13.848  349.551
2018-04-22T00:22:30Z  442.285  -8.513  -158.152  3.94005E-16  SWARM-A  13.854  351.478
2018-04-22T00:23:00Z  441.815  -6.577  -158.187  3.99378E-16  SWARM-A  13.860  353.405
2018-04-22T00:23:30Z  441.383  -4.640  -158.222  4.04126E-16  SWARM-A  13.866  355.332
2018-04-22T00:24:00Z  440.991  -2.702  -158.258  4.08192E-16  SWARM-A  13.872  357.260
2018-04-22T00:24:30Z  440.639  -0.764  -158.294  4.11546E-16  SWARM-A  13.878  359.187
2018-04-22T00:25:00Z  440.327  1.173  -158.330  4.14176E-16  SWARM-A  13.884  1.115
2018-04-22T00:25:30Z  440.057  3.111  -158.366  4.16007E-16  SWARM-A  13.890  3.043
2018-04-22T00:26:00Z  439.828  5.050  -158.402  4.17140E-16  SWARM-A  13.896  4.971
2018-04-22T00:26:30Z  439.641  6.988  -158.437  4.17724E-16  SWARM-A  13.902  6.900
2018-04-22T00:27:00Z  439.494  8.926  -158.472  4.17801E-16  SWARM-A  13.908  8.828
2018-04-22T00:27:30Z  439.388  10.864  -158.505  4.17358E-16  SWARM-A  13.914  10.757
2018-04-22T00:28:00Z  439.323  12.802  -158.538  4.16237E-16  SWARM-A  13.920  12.686
2018-04-22T00:28:30Z  439.296  14.739  -158.569  4.14930E-16  SWARM-A  13.927  14.615
2018-04-22T00:29:00Z  439.308  16.677  -158.598  4.13285E-16  SWARM-A  13.933  16.544
2018-04-22T00:29:30Z  439.357  18.614  -158.625  4.11514E-16  SWARM-A  13.940  18.473
2018-04-22T00:30:00Z  439.443  20.550  -158.650  4.09575E-16  SWARM-A  13.946  20.403
2018-04-22T00:30:30Z  439.563  22.486  -158.672  4.07517E-16  SWARM-A  13.953  22.332
2018-04-22T00:31:00Z  439.716  24.422  -158.692  4.05492E-16  SWARM-A  13.960  24.262
2018-04-22T00:31:30Z  439.900  26.357  -158.708  4.03465E-16  SWARM-A  13.967  26.192
2018-04-22T00:32:00Z  440.113  28.291  -158.721  4.01394E-16  SWARM-A  13.975  28.122
2018-04-22T00:32:30Z  440.355  30.225  -158.729  3.99330E-16  SWARM-A  13.983  30.052
2018-04-22T00:33:00Z  440.621  32.158  -158.733  3.97171E-16  SWARM-A  13.991  31.983
2018-04-22T00:33:30Z  440.912  34.091  -158.732  3.94919E-16  SWARM-A  13.999  33.913
2018-04-22T00:34:00Z  441.223  36.023  -158.724  3.92769E-16  SWARM-A  14.008  35.844
2018-04-22T00:34:30Z  441.553  37.953  -158.710  3.90745E-16  SWARM-A  14.017  37.774
2018-04-22T00:35:00Z  441.900  39.883  -158.689  3.88877E-16  SWARM-A  14.027  39.705
2018-04-22T00:35:30Z  442.261  41.812  -158.659  3.87207E-16  SWARM-A  14.037  41.636
2018-04-22T00:36:00Z  442.633  43.741  -158.619  3.85695E-16  SWARM-A  14.048  43.567
2018-04-22T00:36:30Z  443.014  45.668  -158.569  3.84437E-16  SWARM-A  14.060  45.498
2018-04-22T00:37:00Z  443.402  47.594  -158.506  3.83437E-16  SWARM-A  14.072  47.429
2018-04-22T00:37:30Z  443.793  49.519  -158.429  3.82740E-16  SWARM-A  14.086  49.361
2018-04-22T00:38:00Z  444.186  51.443  -158.335  3.82636E-16  SWARM-A  14.101  51.292
2018-04-22T00:38:30Z  444.578  53.366  -158.222  3.82827E-16  SWARM-A  14.116  53.224
2018-04-22T00:39:00Z  444.967  55.288  -158.087  3.83309E-16  SWARM-A  14.134  55.155
2018-04-22T00:39:30Z  445.349  57.208  -157.925  3.84104E-16  SWARM-A  14.153  57.087
2018-04-22T00:40:00Z  445.723  59.127  -157.732  3.85189E-16  SWARM-A  14.174  59.018
2018-04-22T00:40:30Z  446.087  61.045  -157.501  3.86555E-16  SWARM-A  14.198  60.950
2018-04-22T00:41:00Z  446.438  62.960  -157.224  3.88136E-16  SWARM-A  14.225  62.882
2018-04-22T00:41:30Z  446.774  64.874  -156.891  3.89879E-16  SWARM-A  14.255  64.814
2018-04-22T00:42:00Z  447.093  66.786  -156.488  3.91480E-16  SWARM-A  14.290  66.746
2018-04-22T00:42:30Z  447.393  68.695  -155.996  3.92928E-16  SWARM-A  14.331  68.678
2018-04-22T00:43:00Z  447.673  70.601  -155.389  3.94331E-16  SWARM-A  14.380  70.610
2018-04-22T00:43:30Z  447.931  72.503  -154.629  3.95613E-16  SWARM-A  14.439  72.542
2018-04-22T00:44:00Z  448.165  74.400  -153.661  3.96610E-16  SWARM-A  14.512  74.474
2018-04-22T00:44:30Z  448.374  76.289  -152.400  3.97263E-16  SWARM-A  14.605  76.407
2018-04-22T00:45:00Z  448.557  78.168  -150.708  3.97351E-16  SWARM-A  14.726  78.339
2018-04-22T00:45:30Z  448.713  80.031  -148.344  3.96765E-16  SWARM-A  14.892  80.271
2018-04-22T00:46:00Z  448.841  81.867  -144.861  3.95484E-16  SWARM-A  15.132  82.203
2018-04-22T00:46:30Z  448.939  83.653  -139.331  3.93351E-16  SWARM-A  15.509  84.136
2018-04-22T00:47:00Z  449.008  85.330  -129.597  3.90398E-16  SWARM-A  16.166  86.068
2018-04-22T00:47:30Z  449.047  86.730  -110.339  3.86895E-16  SWARM-A  17.459  88.000
2018-04-22T00:48:00Z  449.056  87.364  -74.487  3.82718E-16  SWARM-A  19.857  89.932
2018-04-22T00:48:30Z  449.034  86.748  -38.406  3.77629E-16  SWARM-A  22.271  91.865
2018-04-22T00:49:00Z  448.982  85.356  -18.927  3.71734E-16  SWARM-A  23.578  93.797
2018-04-22T00:49:30Z  448.900  83.680  -9.096  3.65362E-16  SWARM-A  0.242  95.729
2018-04-22T00:50:00Z  448.788  81.896  -3.521  3.58618E-16  SWARM-A  0.622  97.662
2018-04-22T00:50:30Z  448.648  80.060  -0.014  3.51583E-16  SWARM-A  0.864  99.594
2018-04-22T00:51:00Z  448.479  78.198  2.363  3.44238E-16  SWARM-A  1.030  101.526
2018-04-22T00:51:30Z  448.282  76.319  4.064  3.36754E-16  SWARM-A  1.152  103.459
2018-04-22T00:52:00Z  448.060  74.429  5.331  3.29167E-16  SWARM-A  1.245  105.391
2018-04-22T00:52:30Z  447.812  72.533  6.302  3.21497E-16  SWARM-A  1.318  107.323
2018-04-22T00:53:00Z  447.541  70.631  7.065  3.13812E-16  SWARM-A  1.377  109.255
2018-04-22T00:53:30Z  447.248  68.725  7.674  3.06206E-16  SWARM-A  1.426  111.187
2018-04-22T00:54:00Z  446.934  66.816  8.168  2.98659E-16  SWARM-A  1.467  113.120
2018-04-22T00:54:30Z  446.602  64.904  8.572  2.91208E-16  SWARM-A  1.503  115.052
2018-04-22T00:55:00Z  446.253  62.990  8.906  2.83895E-16  SWARM-A  1.533  116.984
2018-04-22T00:55:30Z  445.889  61.074  9.183  2.76714E-16  SWARM-A  1.560  118.916
2018-04-22T00:56:00Z  445.513  59.156  9.415  2.69571E-16  SWARM-A  1.584  120.848
2018-04-22T00:56:30Z  445.126  57.237  9.609  2.62534E-16  SWARM-A  1.605  122.779
2018-04-22T00:57:00Z  444.732  55.317  9.771  2.55630E-16  SWARM-A  1.624  124.711
2018-04-22T00:57:30Z  444.332  53.395  9.907  2.48928E-16  SWARM-A  1.642  126.643
2018-04-22T00:58:00Z  443.928  51.472  10.020  2.42449E-16  SWARM-A  1.658  128.575
2018-04-22T00:58:30Z  443.524  49.548  10.114  2.36250E-16  SWARM-A  1.672  130.506
2018-04-22T00:59:00Z  443.121  47.623  10.191  2.30286E-16  SWARM-A  1.686  132.438
2018-04-22T00:59:30Z  442.723  45.696  10.255  2.24703E-16  SWARM-A  1.698  134.369
2018-04-22T01:00:00Z  442.331  43.769  10.305  2.19467E-16  SWARM-A  1.710  136.300
2018-04-22T01:00:30Z  441.948  41.840  10.345  2.14628E-16  SWARM-A  1.721  138.232
2018-04-22T01:01:00Z  441.577  39.911  10.375  2.10223E-16  SWARM-A  1.731  140.163
2018-04-22T01:01:30Z  441.221  37.981  10.396  2.06280E-16  SWARM-A  1.741  142.094
2018-04-22T01:02:00Z  440.881  36.050  10.410  2.02804E-16  SWARM-A  1.750  144.025
2018-04-22T01:02:30Z  440.560  34.118  10.418  1.99773E-16  SWARM-A  1.759  145.955
2018-04-22T01:03:00Z  440.261  32.186  10.419  1.97234E-16  SWARM-A  1.768  147.886
2018-04-22T01:03:30Z  439.985  30.252  10.416  1.95143E-16  SWARM-A  1.776  149.816
2018-04-22T01:04:00Z  439.735  28.318  10.407  1.93473E-16  SWARM-A  1.783  151.747
2018-04-22T01:04:30Z  439.514  26.383  10.395  1.92207E-16  SWARM-A  1.791  153.677
2018-04-22T01:05:00Z  439.322  24.448  10.379  1.91322E-16  SWARM-A  1.798  155.607
2018-04-22T01:05:30Z  439.162  22.512  10.359  1.90751E-16  SWARM-A  1.805  157.537
2018-04-22T01:06:00Z  439.035  20.576  10.337  1.90464E-16  SWARM-A  1.812  159.467
2018-04-22T01:06:30Z  438.943  18.639  10.312  1.90445E-16  SWARM-A  1.819  161.397
2018-04-22T01:07:00Z  438.888  16.702  10.285  1.90638E-16  SWARM-A  1.825  163.326
2018-04-22T01:07:30Z  438.871  14.764  10.255  1.91033E-16  SWARM-A  1.832  165.256
2018-04-22T01:08:00Z  438.892  12.826  10.224  1.91544E-16  SWARM-A  1.838  167.185
2018-04-22T01:08:30Z  438.954  10.888  10.192  1.92215E-16  SWARM-A  1.844  169.114
2018-04-22T01:09:00Z  439.055  8.950  10.159  1.92936E-16  SWARM-A  1.850  171.043
2018-04-22T01:09:30Z  439.198  7.012  10.124  1.93707E-16  SWARM-A  1.856  172.972
2018-04-22T01:10:00Z  439.383  5.073  10.089  1.94492E-16  SWARM-A  1.862  174.901
2018-04-22T01:10:30Z  439.609  3.135  10.053  1.95297E-16  SWARM-A  1.868  176.829
2018-04-22T01:11:00Z  439.877  1.197  10.017  1.96049E-16  SWARM-A  1.874  178.757
2018-04-22T01:11:30Z  440.187  -0.741  9.981  1.96778E-16  SWARM-A  1.880  180.685
2018-04-22T01:12:00Z  440.539  -2.679  9.945  1.97450E-16  SWARM-A  1.886  182.613
2018-04-22T01:12:30Z  440.931  -4.617  9.909  1.98095E-16  SWARM-A  1.892  184.541
2018-04-22T01:13:00Z  441.363  -6.554  9.873  1.98666E-16  SWARM-A  1.898  186.469
2018-04-22T01:13:30Z  441.834  -8.491  9.839  1.99205E-16  SWARM-A  1.904  188.396
2018-04-22T01:14:00Z  442.344  -10.428  9.805  1.99683E-16  SWARM-A  1.910  190.323
2018-04-22T01:14:30Z  442.890  -12.364  9.772  2.00076E-16  SWARM-A  1.916  192.250
2018-04-22T01:15:00Z  443.472  -14.299  9.741  2.00420E-16  SWARM-A  1.922  194.177
2018-04-22T01:15:30Z  444.087  -16.234  9.711  2.00714E-16  SWARM-A  1.929  196.103
2018-04-22T01:16:00Z  444.734  -18.168  9.683  2.00943E-16  SWARM-A  1.935  198.030
2018-04-22T01:16:30Z  445.412  -20.102  9.657  2.01094E-16  SWARM-A  1.942  199.956
2018-04-22T01:17:00Z  446.117  -22.034  9.634  2.01162E-16  SWARM-A  1.949  201.882
2018-04-22T01:17:30Z  446.848  -23.966  9.614  2.01128E-16  SWARM-A  1.956  203.808
2018-04-22T01:18:00Z  447.603  -25.897  9.596  2.00981E-16  SWARM-A  1.963  205.734
2018-04-22T01:18:30Z  448.378  -27.827  9.582  2.00697E-16  SWARM-A  1.970  207.659
2018-04-22T01:19:00Z  449.172  -29.756  9.573  2.00285E-16  SWARM-A  1.978  209.584
2018-04-22T01:19:30Z  449.982  -31.685  9.567  1.99722E-16  SWARM-A  1.986  211.510
2018-04-22T01:20:00Z  450.804  -33.612  9.567  1.98930E-16  SWARM-A  1.994  213.434
2018-04-22T01:20:30Z  451.637  -35.538  9.572  1.97998E-16  SWARM-A  2.003  215.359
2018-04-22T01:21:00Z  452.477  -37.463  9.584  1.96933E-16  SWARM-A  2.012  217.284
2018-04-22T01:21:30Z  453.321  -39.386  9.603  1.95759E-16  SWARM-A  2.022  219.208
2018-04-22T01:22:00Z  454.167  -41.309  9.630  1.94476E-16  SWARM-A  2.032  221.132
2018-04-22T01:22:30Z  455.011  -43.231  9.666  1.93120E-16  SWARM-A  2.042  223.057
2018-04-22T01:23:00Z  455.851  -45.151  9.713  1.91726E-16  SWARM-A  2.054  224.980
2018-04-22T01:23:30Z  456.683  -47.070  9.772  1.90311E-16  SWARM-A  2.066  226.904
2018-04-22T01:24:00Z  457.504  -48.988  9.844  1.88917E-16  SWARM-A  2.079  228.828
2018-04-22T01:24:30Z  458.312  -50.904  9.932  1.87563E-16  SWARM-A  2.093  230.751
2018-04-22T01:25:00Z  459.103  -52.819  10.038  1.86112E-16  SWARM-A  2.109  232.675
2018-04-22T01:25:30Z  459.876  -54.733  10.166  1.84768E-16  SWARM-A  2.126  234.598
2018-04-22T01:26:00Z  460.625  -56.645  10.318  1.83536E-16  SWARM-A  2.144  236.521
2018-04-22T01:26:30Z  461.350  -58.556  10.500  1.82484E-16  SWARM-A  2.165  238.444
2018-04-22T01:27:00Z  462.048  -60.465  10.717  1.81585E-16  SWARM-A  2.187  240.366
2018-04-22T01:27:30Z  462.715  -62.372  10.977  1.80851E-16  SWARM-A  2.213  242.289
2018-04-22T01:28:00Z  463.350  -64.277  11.289  1.80311E-16  SWARM-A  2.242  244.212
2018-04-22T01:28:30Z  463.950  -66.180  11.666  1.79916E-16  SWARM-A  2.276  246.134
2018-04-22T01:29:00Z  464.513  -68.081  12.124  1.79754E-16  SWARM-A  2.315  248.056
2018-04-22T01:29:30Z  465.036  -69.978  12.687  1.79792E-16  SWARM-A  2.360  249.979
2018-04-22T01:30:00Z  465.519  -71.872  13.387  1.79948E-16  SWARM-A  2.415  251.901
2018-04-22T01:30:30Z  465.958  -73.761  14.272  1.80294E-16  SWARM-A  2.483  253.823
2018-04-22T01:31:00Z  466.354  -75.643  15.414  1.80690E-16  SWARM-A  2.567  255.745
2018-04-22T01:31:30Z  466.703  -77.516  16.928  1.81291E-16  SWARM-A  2.677  257.667
2018-04-22T01:32:00Z  467.005  -79.376  19.008  1.82013E-16  SWARM-A  2.824  259.589
2018-04-22T01:32:30Z  467.258  -81.213  22.003  1.82714E-16  SWARM-A  3.032  261.511
2018-04-22T01:33:00Z  467.463  -83.011  26.608  1.83447E-16  SWARM-A  3.347  263.432
2018-04-22T01:33:30Z  467.617  -84.730  34.365  1.84305E-16  SWARM-A  3.872  265.354
2018-04-22T01:34:00Z  467.721  -86.259  49.059  1.85311E-16  SWARM-A  4.860  267.276
2018-04-22T01:34:30Z  467.774  -87.261  78.379  1.86615E-16  SWARM-A  6.823  269.198
2018-04-22T01:35:00Z  467.776  -87.119  117.895  1.88172E-16  SWARM-A  9.466  271.120
2018-04-22T01:35:30Z  467.727  -85.951  143.353  1.89701E-16  SWARM-A  11.172  273.041
2018-04-22T01:36:00Z  467.627  -84.363  155.996  1.91318E-16  SWARM-A  12.023  274.963
2018-04-22T01:36:30Z  467.477  -82.621  162.850  1.92991E-16  SWARM-A  12.488  276.885
2018-04-22T01:37:00Z  467.277  -80.812  167.011  1.94889E-16  SWARM-A  12.774  278.807
2018-04-22T01:37:30Z  467.028  -78.969  169.763  1.96995E-16  SWARM-A  12.966  280.728
2018-04-22T01:38:00Z  466.731  -77.106  171.695  1.99393E-16  SWARM-A  13.103  282.650
2018-04-22T01:38:30Z  466.387  -75.231  173.115  2.02071E-16  SWARM-A  13.206  284.572
2018-04-22T01:39:00Z  465.998  -73.347  174.193  2.05033E-16  SWARM-A  13.286  286.494
2018-04-22T01:39:30Z  465.564  -71.457  175.032  2.08305E-16  SWARM-A  13.350  288.416
2018-04-22T01:40:00Z  465.088  -69.563  175.698  2.11856E-16  SWARM-A  13.403  290.338
2018-04-22T01:40:30Z  464.571  -67.665  176.236  2.15671E-16  SWARM-A  13.447  292.260
2018-04-22T01:41:00Z  464.016  -65.764  176.674  2.19687E-16  SWARM-A  13.485  294.183
2018-04-22T01:41:30Z  463.424  -63.860  177.036  2.23967E-16  SWARM-A  13.517  296.105
2018-04-22T01:42:00Z  462.797  -61.955  177.335  2.28456E-16  SWARM-A  13.545  298.027
2018-04-22T01:42:30Z  462.138  -60.047  177.585  2.33118E-16  SWARM-A  13.570  299.950
2018-04-22T01:43:00Z  461.450  -58.138  177.794  2.38065E-16  SWARM-A  13.593  301.872
2018-04-22T01:43:30Z  460.734  -56.227  177.969  2.43246E-16  SWARM-A  13.613  303.795
2018-04-22T01:44:00Z  459.994  -54.315  178.116  2.48673E-16  SWARM-A  13.631  305.718
2018-04-22T01:44:30Z  459.233  -52.401  178.238  2.54303E-16  SWARM-A  13.647  307.641
2018-04-22T01:45:00Z  458.452  -50.486  178.340  2.60106E-16  SWARM-A  13.662  309.564
2018-04-22T01:45:30Z  457.655  -48.569  178.425  2.66085E-16  SWARM-A  13.676  311.488
2018-04-22T01:46:00Z  456.845  -46.651  178.494  2.72113E-16  SWARM-A  13.689  313.411
2018-04-22T01:46:30Z  456.024  -44.732  178.550  2.78104E-16  SWARM-A  13.701  315.335
2018-04-22T01:47:00Z  455.196  -42.812  178.594  2.84217E-16  SWARM-A  13.713  317.258
2018-04-22T01:47:30Z  454.364  -40.890  178.628  2.90338E-16  SWARM-A  13.723  319.182
2018-04-22T01:48:00Z  453.531  -38.968  178.653  2.96619E-16  SWARM-A  13.733  321.106
2018-04-22T01:48:30Z  452.699  -37.044  178.670  3.02899E-16  SWARM-A  13.743  323.030
2018-04-22T01:49:00Z  451.871  -35.119  178.681  3.09199E-16  SWARM-A  13.752  324.955
2018-04-22T01:49:30Z  451.051  -33.193  178.685  3.15509E-16  SWARM-A  13.760  326.879
2018-04-22T01:50:00Z  450.241  -31.266  178.683  3.21845E-16  SWARM-A  13.769  328.804
2018-04-22T01:50:30Z  449.444  -29.338  178.677  3.28156E-16  SWARM-A  13.777  330.729
2018-04-22T01:51:00Z  448.662  -27.409  178.666  3.34426E-16  SWARM-A  13.784  332.654
2018-04-22T01:51:30Z  447.899  -25.479  178.652  3.40725E-16  SWARM-A  13.791  334.579
2018-04-22T01:52:00Z  447.157  -23.548  178.634  3.46914E-16  SWARM-A  13.799  336.505
2018-04-22T01:52:30Z  446.438  -21.616  178.613  3.52981E-16  SWARM-A  13.806  338.431
2018-04-22T01:53:00Z  445.745  -19.683  178.589  3.58947E-16  SWARM-A  13.812  340.356
2018-04-22T01:53:30Z  445.080  -17.750  178.562  3.64708E-16  SWARM-A  13.819  342.282
2018-04-22T01:54:00Z  444.444  -15.816  178.534  3.70287E-16  SWARM-A  13.825  344.209
2018-04-22T01:54:30Z  443.840  -13.881  178.504  3.75601E-16  SWARM-A  13.832  346.135
2018-04-22T01:55:00Z  443.270  -11.946  178.472  3.80597E-16  SWARM-A  13.838  348.061
2018-04-22T01:55:30Z  442.734  -10.010  178.439  3.85257E-16  SWARM-A  13.844  349.988
2018-04-22T01:56:00Z  442.235  -8.074  178.405  3.89558E-16  SWARM-A  13.850  351.915
2018-04-22T01:56:30Z  441.774  -6.137  178.370  3.93495E-16  SWARM-A  13.856  353.842
2018-04-22T01:57:00Z  441.352  -4.200  178.335  3.96953E-16  SWARM-A  13.862  355.770
2018-04-22T01:57:30Z  440.969  -2.262  178.299  4.00041E-16  SWARM-A  13.868  357.697
2018-04-22T01:58:00Z  440.627  -0.325  178.263  4.02746E-16  SWARM-A  13.874  359.625
2018-04-22T01:58:30Z  440.325  1.613  178.226  4.05031E-16  SWARM-A  13.880  1.553
2018-04-22T01:59:00Z  440.065  3.551  178.190  4.06933E-16  SWARM-A  13.886  3.481
2018-04-22T01:59:30Z  439.846  5.489  178.154  4.08534E-16  SWARM-A  13.892  5.409
2018-04-22T02:00:00Z  439.668  7.427  178.119  4.09791E-16  SWARM-A  13.898  7.337
2018-04-22T02:00:30Z  439.531  9.365  178.085  4.10757E-16  SWARM-A  13.904  9.266
2018-04-22T02:01:00Z  439.435  11.303  178.052  4.11439E-16  SWARM-A  13.910  11.194
2018-04-22T02:01:30Z  439.378  13.241  178.020  4.11848E-16  SWARM-A  13.916  13.123
2018-04-22T02:02:00Z  439.361  15.179  177.989  4.11690E-16  SWARM-A  13.922  15.052
2018-04-22T02:02:30Z  439.382  17.116  177.960  4.11300E-16  SWARM-A  13.929  16.981
2018-04-22T02:03:00Z  439.440  19.053  177.934  4.10672E-16  SWARM-A  13.935  18.911
2018-04-22T02:03:30Z  439.533  20.989  177.909  4.09816E-16  SWARM-A  13.942  20.840
2018-04-22T02:04:00Z  439.661  22.925  177.887  4.08752E-16  SWARM-A  13.949  22.770
2018-04-22T02:04:30Z  439.821  24.861  177.868  4.07410E-16  SWARM-A  13.956  24.700
2018-04-22T02:05:00Z  440.012  26.795  177.853  4.05835E-16  SWARM-A  13.963  26.629
2018-04-22T02:05:30Z  440.233  28.730  177.841  4.03965E-16  SWARM-A  13.971  28.559
2018-04-22T02:06:00Z  440.480  30.663  177.834  4.01868E-16  SWARM-A  13.979  30.490
2018-04-22T02:06:30Z  440.752  32.596  177.831  3.99499E-16  SWARM-A  13.987  32.420
2018-04-22T02:07:00Z  441.048  34.529  177.834  3.96881E-16  SWARM-A  13.995  34.350
2018-04-22T02:07:30Z  441.363  36.460  177.842  3.94109E-16  SWARM-A  14.004  36.281
2018-04-22T02:08:00Z  441.697  38.391  177.858  3.91097E-16  SWARM-A  14.014  38.212
2018-04-22T02:08:30Z  442.047  40.320  177.881  3.87885E-16  SWARM-A  14.023  40.142
2018-04-22T02:09:00Z  442.410  42.249  177.913  3.84515E-16  SWARM-A  14.034  42.073
2018-04-22T02:09:30Z  442.785  44.177  177.955  3.81114E-16  SWARM-A  14.045  44.004
2018-04-22T02:10:00Z  443.167  46.104  178.008  3.77859E-16  SWARM-A  14.057  45.935
2018-04-22T02:10:30Z  443.556  48.030  178.074  3.74371E-16  SWARM-A  14.070  47.867
2018-04-22T02:11:00Z  443.947  49.955  178.154  3.70723E-16  SWARM-A  14.083  49.798
2018-04-22T02:11:30Z  444.340  51.879  178.252  3.67033E-16  SWARM-A  14.098  51.729
2018-04-22T02:12:00Z  444.731  53.801  178.370  3.63463E-16  SWARM-A  14.114  53.661
2018-04-22T02:12:30Z  445.118  55.723  178.511  3.60017E-16  SWARM-A  14.132  55.592
2018-04-22T02:13:00Z  445.498  57.643  178.679  3.56724E-16  SWARM-A  14.152  57.524
2018-04-22T02:13:30Z  445.870  59.561  178.880  3.53586E-16  SWARM-A  14.173  59.456
2018-04-22T02:14:00Z  446.230  61.478  179.121  3.50308E-16  SWARM-A  14.198  61.387
2018-04-22T02:14:30Z  446.578  63.394  179.409  3.46847E-16  SWARM-A  14.225  63.319
2018-04-22T02:15:00Z  446.910  65.307  179.756  3.43466E-16  SWARM-A  14.257  65.251
2018-04-22T02:15:30Z  447.224  67.218  -179.823  3.40164E-16  SWARM-A  14.293  67.183
2018-04-22T02:16:00Z  447.520  69.127  -179.307  3.36864E-16  SWARM-A  14.336  69.115
2018-04-22T02:16:30Z  447.794  71.032  -178.670  3.33552E-16  SWARM-A  14.387  71.047
2018-04-22T02:17:00Z  448.046  72.933  -177.869  3.30391E-16  SWARM-A  14.448  72.979
2018-04-22T02:17:30Z  448.274  74.828  -176.844  3.27383E-16  SWARM-A  14.525  74.911
2018-04-22T02:18:00Z  448.477  76.715  -175.501  3.24209E-16  SWARM-A  14.623  76.843
2018-04-22T02:18:30Z  448.653  78.591  -173.683  3.20835E-16  SWARM-A  14.753  78.776
2018-04-22T02:19:00Z  448.801  80.449  -171.117  3.17209E-16  SWARM-A  14.932  80.708
2018-04-22T02:19:30Z  448.921  82.277  -167.281  3.13223E-16  SWARM-A  15.196  82.640
2018-04-22T02:20:00Z  449.012  84.045  -161.062  3.08495E-16  SWARM-A  15.619  84.572
2018-04-22T02:20:30Z  449.073  85.682  -149.812  3.03270E-16  SWARM-A  16.377  86.505
2018-04-22T02:21:00Z  449.104  86.967  -127.184  2.97795E-16  SWARM-A  17.894  88.437
2018-04-22T02:21:30Z  449.104  87.332  -88.587  2.92061E-16  SWARM-A  20.476  90.369
2018-04-22T02:22:00Z  449.074  86.477  -56.126  2.85786E-16  SWARM-A  22.648  92.301
2018-04-22T02:22:30Z  449.014  84.993  -39.558  2.79210E-16  SWARM-A  23.761  94.234
2018-04-22T02:23:00Z  448.923  83.284  -31.002  2.72399E-16  SWARM-A  0.340  96.166
2018-04-22T02:23:30Z  448.803  81.485  -26.023  2.65414E-16  SWARM-A  0.680  98.098
2018-04-22T02:24:00Z  448.654  79.642  -22.830  2.58492E-16  SWARM-A  0.901  100.031
2018-04-22T02:24:30Z  448.477  77.775  -20.636  2.51608E-16  SWARM-A  1.056  101.963
2018-04-22T02:25:00Z  448.273  75.893  -19.050  2.44746E-16  SWARM-A  1.170  103.895
2018-04-22T02:25:30Z  448.043  74.002  -17.860  2.37990E-16  SWARM-A  1.257  105.827
2018-04-22T02:26:00Z  447.788  72.104  -16.942  2.31377E-16  SWARM-A  1.327  107.759
2018-04-22T02:26:30Z  447.509  70.201  -16.219  2.24989E-16  SWARM-A  1.384  109.692
2018-04-22T02:27:00Z  447.209  68.294  -15.639  2.18784E-16  SWARM-A  1.431  111.624
2018-04-22T02:27:30Z  446.889  66.384  -15.167  2.12787E-16  SWARM-A  1.470  113.556
2018-04-22T02:28:00Z  446.550  64.472  -14.781  2.07089E-16  SWARM-A  1.504  115.488
2018-04-22T02:28:30Z  446.195  62.558  -14.461  2.01622E-16  SWARM-A  1.534  117.420
2018-04-22T02:29:00Z  445.826  60.641  -14.194  1.96435E-16  SWARM-A  1.560  119.352
2018-04-22T02:29:30Z  445.444  58.723  -13.972  1.91557E-16  SWARM-A  1.583  121.284
2018-04-22T02:30:00Z  445.053  56.804  -13.786  1.86799E-16  SWARM-A  1.604  123.216
2018-04-22T02:30:30Z  444.653  54.883  -13.630  1.82195E-16  SWARM-A  1.623  125.147
2018-04-22T02:31:00Z  444.249  52.961  -13.500  1.77968E-16  SWARM-A  1.640  127.079
2018-04-22T02:31:30Z  443.842  51.038  -13.391  1.74009E-16  SWARM-A  1.655  129.011
2018-04-22T02:32:00Z  443.435  49.113  -13.301  1.70408E-16  SWARM-A  1.670  130.942
2018-04-22T02:32:30Z  443.029  47.188  -13.227  1.67218E-16  SWARM-A  1.683  132.874
2018-04-22T02:33:00Z  442.629  45.261  -13.167  1.64449E-16  SWARM-A  1.695  134.805
2018-04-22T02:33:30Z  442.236  43.333  -13.119  1.62166E-16  SWARM-A  1.707  136.736
2018-04-22T02:34:00Z  441.852  41.405  -13.082  1.60307E-16  SWARM-A  1.718  138.668
2018-04-22T02:34:30Z  441.481  39.475  -13.054  1.58904E-16  SWARM-A  1.728  140.599
2018-04-22T02:35:00Z  441.125  37.545  -13.034  1.57986E-16  SWARM-A  1.738  142.530
2018-04-22T02:35:30Z  440.786  35.614  -13.022  1.57552E-16  SWARM-A  1.747  144.460
2018-04-22T02:36:00Z  440.466  33.682  -13.016  1.57562E-16  SWARM-A  1.755  146.391
2018-04-22T02:36:30Z  440.169  31.749  -13.016  1.57999E-16  SWARM-A  1.764  148.322
2018-04-22T02:37:00Z  439.895  29.815  -13.020  1.58845E-16  SWARM-A  1.772  150.252
2018-04-22T02:37:30Z  439.648  27.881  -13.030  1.60052E-16  SWARM-A  1.779  152.183
2018-04-22T02:38:00Z  439.430  25.946  -13.043  1.61592E-16  SWARM-A  1.787  154.113
2018-04-22T02:38:30Z  439.242  24.011  -13.060  1.63394E-16  SWARM-A  1.794  156.043
2018-04-22T02:39:00Z  439.086  22.075  -13.080  1.65469E-16  SWARM-A  1.801  157.973
2018-04-22T02:39:30Z  438.963  20.138  -13.103  1.67727E-16  SWARM-A  1.808  159.903
2018-04-22T02:40:00Z  438.877  18.201  -13.129  1.70137E-16  SWARM-A  1.815  161.833
2018-04-22T02:40:30Z  438.827  16.264  -13.157  1.72679E-16  SWARM-A  1.821  163.762
2018-04-22T02:41:00Z  438.815  14.326  -13.186  1.75264E-16  SWARM-A  1.827  165.692
2018-04-22T02:41:30Z  438.842  12.389  -13.218  1.77894E-16  SWARM-A  1.834  167.621
2018-04-22T02:42:00Z  438.909  10.450  -13.250  1.80518E-16  SWARM-A  1.840  169.550
2018-04-22T02:42:30Z  439.017  8.512  -13.284  1.83148E-16  SWARM-A  1.846  171.479
2018-04-22T02:43:00Z  439.166  6.574  -13.319  1.85692E-16  SWARM-A  1.852  173.408
2018-04-22T02:43:30Z  439.357  4.635  -13.354  1.88186E-16  SWARM-A  1.858  175.336
2018-04-22T02:44:00Z  439.590  2.697  -13.390  1.90615E-16  SWARM-A  1.864  177.265
2018-04-22T02:44:30Z  439.865  0.759  -13.426  1.92939E-16  SWARM-A  1.870  179.193
2018-04-22T02:45:00Z  440.181  -1.180  -13.462  1.95186E-16  SWARM-A  1.876  181.121
2018-04-22T02:45:30Z  440.539  -3.118  -13.498  1.97367E-16  SWARM-A  1.882  183.049
2018-04-22T02:46:00Z  440.937  -5.055  -13.534  1.99463E-16  SWARM-A  1.888  184.977
2018-04-22T02:46:30Z  441.376  -6.993  -13.570  2.01473E-16  SWARM-A  1.894  186.904
2018-04-22T02:47:00Z  441.853  -8.930  -13.604  2.03297E-16  SWARM-A  1.900  188.832
2018-04-22T02:47:30Z  442.368  -10.866  -13.638  2.05003E-16  SWARM-A  1.906  190.759
2018-04-22T02:48:00Z  442.920  -12.802  -13.670  2.06581E-16  SWARM-A  1.912  192.686
2018-04-22T02:48:30Z  443.507  -14.737  -13.701  2.07965E-16  SWARM-A  1.918  194.613
2018-04-22T02:49:00Z  444.128  -16.672  -13.731  2.09172E-16  SWARM-A  1.924  196.539
2018-04-22T02:49:30Z  444.780  -18.606  -13.758  2.10203E-16  SWARM-A  1.931  198.466
2018-04-22T02:50:00Z  445.462  -20.539  -13.783  2.11054E-16  SWARM-A  1.938  200.392
2018-04-22T02:50:30Z  446.172  -22.472  -13.806  2.11663E-16  SWARM-A  1.944  202.318
2018-04-22T02:51:00Z  446.907  -24.404  -13.826  2.12000E-16  SWARM-A  1.951  204.244
2018-04-22T02:51:30Z  447.665  -26.334  -13.842  2.11965E-16  SWARM-A  1.959  206.170
2018-04-22T02:52:00Z  448.443  -28.264  -13.855  2.11762E-16  SWARM-A  1.966  208.095
2018-04-22T02:52:30Z  449.240  -30.193  -13.864  2.11409E-16  SWARM-A  1.974  210.020
2018-04-22T02:53:00Z  450.052  -32.121  -13.868  2.10859E-16  SWARM-A  1.982  211.946
2018-04-22T02:53:30Z  450.876  -34.048  -13.867  2.10171E-16  SWARM-A  1.990  213.871
2018-04-22T02:54:00Z  451.710  -35.974  -13.861  2.09357E-16  SWARM-A  1.999  215.795
2018-04-22T02:54:30Z  452.551  -37.899  -13.847  2.08520E-16  SWARM-A  2.008  217.720
2018-04-22T02:55:00Z  453.395  -39.822  -13.826  2.07639E-16  SWARM-A  2.018  219.644
2018-04-22T02:55:30Z  454.240  -41.745  -13.797  2.06753E-16  SWARM-A  2.028  221.569
2018-04-22T02:56:00Z  455.083  -43.666  -13.759  2.05902E-16  SWARM-A  2.039  223.493
2018-04-22T02:56:30Z  455.921  -45.586  -13.710  2.05157E-16  SWARM-A  2.051  225.417
2018-04-22T02:57:00Z  456.751  -47.505  -13.648  2.04518E-16  SWARM-A  2.063  227.341
2018-04-22T02:57:30Z  457.570  -49.423  -13.573  2.03962E-16  SWARM-A  2.077  229.264
2018-04-22T02:58:00Z  458.374  -51.339  -13.481  2.03507E-16  SWARM-A  2.091  231.188
2018-04-22T02:58:30Z  459.161  -53.254  -13.370  2.03246E-16  SWARM-A  2.107  233.111
2018-04-22T02:59:00Z  459.929  -55.167  -13.237  2.03197E-16  SWARM-A  2.124  235.034
2018-04-22T02:59:30Z  460.674  -57.079  -13.079  2.03372E-16  SWARM-A  2.143  236.957
2018-04-22T03:00:00Z  461.393  -58.990  -12.889  2.02798E-16  SWARM-A  2.164  238.880
2018-04-22T03:00:30Z  462.084  -60.898  -12.663  2.03032E-16  SWARM-A  2.187  240.803
2018-04-22T03:01:00Z  462.745  -62.805  -12.392  2.03457E-16  SWARM-A  2.214  242.726
2018-04-22T03:01:30Z  463.373  -64.710  -12.067  2.04051E-16  SWARM-A  2.244  244.648
2018-04-22T03:02:00Z  463.966  -66.613  -11.673  2.04777E-16  SWARM-A  2.278  246.571
2018-04-22T03:02:30Z  464.521  -68.512  -11.193  2.05610E-16  SWARM-A  2.319  248.493
2018-04-22T03:03:00Z  465.037  -70.409  -10.603  2.06566E-16  SWARM-A  2.366  250.415
2018-04-22T03:03:30Z  465.511  -72.302  -9.866  2.07559E-16  SWARM-A  2.424  252.338
2018-04-22T03:04:00Z  465.942  -74.189  -8.930  2.08565E-16  SWARM-A  2.495  254.260
2018-04-22T03:04:30Z  466.329  -76.070  -7.715  2.09493E-16  SWARM-A  2.584  256.182
2018-04-22T03:05:00Z  466.669  -77.940  -6.093  2.10239E-16  SWARM-A  2.700  258.104
2018-04-22T03:05:30Z  466.963  -79.796  -3.845  2.10656E-16  SWARM-A  2.859  260.026
2018-04-22T03:06:00Z  467.207  -81.626  -0.564  2.10906E-16  SWARM-A  3.086  261.948
2018-04-22T03:06:30Z  467.403  -83.411  4.574  2.11143E-16  SWARM-A  3.436  263.870
2018-04-22T03:07:00Z  467.548  -85.102  13.448  2.11313E-16  SWARM-A  4.036  265.791
2018-04-22T03:07:30Z  467.643  -86.554  30.696  2.11453E-16  SWARM-A  5.195  267.713
2018-04-22T03:08:00Z  467.687  -87.346  63.984  2.11668E-16  SWARM-A  7.422  269.635
2018-04-22T03:08:30Z  467.680  -86.918  101.848  2.11902E-16  SWARM-A  9.955  271.557
2018-04-22T03:09:00Z  467.623  -85.613  123.595  2.12110E-16  SWARM-A  11.413  273.479
2018-04-22T03:09:30Z  467.514  -83.976  134.474  2.12407E-16  SWARM-A  12.146  275.400
2018-04-22T03:10:00Z  467.356  -82.214  140.537  2.12939E-16  SWARM-A  12.559  277.322
2018-04-22T03:10:30Z  467.148  -80.395  144.300  2.13764E-16  SWARM-A  12.818  279.244
2018-04-22T03:11:00Z  466.891  -78.547  146.827  2.14985E-16  SWARM-A  12.995  281.166
2018-04-22T03:11:30Z  466.586  -76.680  148.622  2.16665E-16  SWARM-A  13.123  283.088
2018-04-22T03:12:00Z  466.235  -74.803  149.952  2.18903E-16  SWARM-A  13.220  285.010
2018-04-22T03:12:30Z  465.839  -72.917  150.968  2.21661E-16  SWARM-A  13.296  286.932
2018-04-22T03:13:00Z  465.399  -71.026  151.763  2.24947E-16  SWARM-A  13.357  288.854
2018-04-22T03:13:30Z  464.917  -69.131  152.397  2.28461E-16  SWARM-A  13.408  290.776
2018-04-22T03:14:00Z  464.395  -67.232  152.909  2.32513E-16  SWARM-A  13.451  292.698
2018-04-22T03:14:30Z  463.835  -65.330  153.329  2.37012E-16  SWARM-A  13.487  294.620
2018-04-22T03:15:00Z  463.238  -63.426  153.675  2.41908E-16  SWARM-A  13.518  296.543
2018-04-22T03:15:30Z  462.608  -61.520  153.962  2.47145E-16  SWARM-A  13.546  298.465
2018-04-22T03:16:00Z  461.946  -59.612  154.202  2.52554E-16  SWARM-A  13.570  300.388
2018-04-22T03:16:30Z  461.254  -57.703  154.402  2.58204E-16  SWARM-A  13.592  302.311
2018-04-22T03:17:00Z  460.537  -55.792  154.570  2.64040E-16  SWARM-A  13.611  304.233
2018-04-22T03:17:30Z  459.795  -53.879  154.711  2.70080E-16  SWARM-A  13.629  306.156
2018-04-22T03:18:00Z  459.032  -51.965  154.829  2.76381E-16  SWARM-A  13.645  308.079
2018-04-22T03:18:30Z  458.251  -50.049  154.926  2.82889E-16  SWARM-A  13.660  310.003
2018-04-22T03:19:00Z  457.454  -48.132  155.007  2.89551E-16  SWARM-A  13.674  311.926
2018-04-22T03:19:30Z  456.645  -46.214  155.073  2.96304E-16  SWARM-A  13.686  313.849
2018-04-22T03:20:00Z  455.826  -44.295  155.126  3.03086E-16  SWARM-A  13.698  315.773
2018-04-22T03:20:30Z  455.001  -42.374  155.168  3.09913E-16  SWARM-A  13.709  317.697
2018-04-22T03:21:00Z  454.172  -40.452  155.200  3.16782E-16  SWARM-A  13.720  319.621
2018-04-22T03:21:30Z  453.342  -38.529  155.223  3.23619E-16  SWARM-A  13.730  321.545
2018-04-22T03:22:00Z  452.515  -36.605  155.239  3.30513E-16  SWARM-A  13.739  323.469
2018-04-22T03:22:30Z  451.693  -34.680  155.248  3.37430E-16  SWARM-A  13.748  325.393
2018-04-22T03:23:00Z  450.879  -32.754  155.250  3.44347E-16  SWARM-A  13.757  327.318
2018-04-22T03:23:30Z  450.076  -30.826  155.248  3.51260E-16  SWARM-A  13.765  329.243
2018-04-22T03:24:00Z  449.286  -28.898  155.240  3.58217E-16  SWARM-A  13.773  331.168
2018-04-22T03:24:30Z  448.513  -26.969  155.229  3.65198E-16  SWARM-A  13.780  333.093
2018-04-22T03:25:00Z  447.759  -25.039  155.213  3.72180E-16  SWARM-A  13.787  335.018
2018-04-22T03:25:30Z  447.027  -23.108  155.194  3.79158E-16  SWARM-A  13.795  336.944
2018-04-22T03:26:00Z  446.318  -21.176  155.173  3.86120E-16  SWARM-A  13.801  338.869
2018-04-22T03:26:30Z  445.636  -19.243  155.148  3.92974E-16  SWARM-A  13.808  340.795
2018-04-22T03:27:00Z  444.981  -17.310  155.121  3.99723E-16  SWARM-A  13.815  342.721
2018-04-22T03:27:30Z  444.357  -15.375  155.093  4.06329E-16  SWARM-A  13.821  344.647
2018-04-22T03:28:00Z  443.765  -13.441  155.062  4.12683E-16  SWARM-A  13.827  346.574
2018-04-22T03:28:30Z  443.207  -11.505  155.030  4.18767E-16  SWARM-A  13.834  348.500
2018-04-22T03:29:00Z  442.683  -9.569  154.997  4.24499E-16  SWARM-A  13.840  350.427
2018-04-22T03:29:30Z  442.197  -7.633  154.963  4.29849E-16  SWARM-A  13.846  352.354
2018-04-22T03:30:00Z  441.748  -5.696  154.928  4.34768E-16  SWARM-A  13.852  354.281
2018-04-22T03:30:30Z  441.338  -3.759  154.892  4.39223E-16  SWARM-A  13.858  356.208
2018-04-22T03:31:00Z  440.968  -1.821  154.856  4.43246E-16  SWARM-A  13.864  358.136
2018-04-22T03:31:30Z  440.638  0.116  154.820  4.46817E-16  SWARM-A  13.870  0.064
2018-04-22T03:32:00Z  440.349  2.054  154.783  4.49896E-16  SWARM-A  13.875  1.991
2018-04-22T03:32:30Z  440.101  3.992  154.747  4.52516E-16  SWARM-A  13.881  3.919
2018-04-22T03:33:00Z  439.894  5.930  154.712  4.54626E-16  SWARM-A  13.887  5.848
2018-04-22T03:33:30Z  439.728  7.868  154.677  4.56273E-16  SWARM-A  13.893  7.776
2018-04-22T03:34:00Z  439.603  9.806  154.643  4.57482E-16  SWARM-A  13.899  9.704
2018-04-22T03:34:30Z  439.518  11.744  154.610  4.58267E-16  SWARM-A  13.906  11.633
2018-04-22T03:35:00Z  439.473  13.682  154.578  4.58615E-16  SWARM-A  13.912  13.562
2018-04-22T03:35:30Z  439.466  15.619  154.548  4.58568E-16  SWARM-A  13.918  15.491
2018-04-22T03:36:00Z  439.497  17.556  154.519  4.58120E-16  SWARM-A  13.925  17.420
2018-04-22T03:36:30Z  439.564  19.493  154.493  4.57222E-16  SWARM-A  13.931  19.349
2018-04-22T03:37:00Z  439.667  21.429  154.469  4.55970E-16  SWARM-A  13.938  21.279
2018-04-22T03:37:30Z  439.803  23.365  154.448  4.54335E-16  SWARM-A  13.945  23.208
2018-04-22T03:38:00Z  439.972  25.301  154.430  4.52249E-16  SWARM-A  13.952  25.138
2018-04-22T03:38:30Z  440.171  27.235  154.415  4.49710E-16  SWARM-A  13.959  27.068
2018-04-22T03:39:00Z  440.398  29.169  154.404  4.46723E-16  SWARM-A  13.967  28.998
2018-04-22T03:39:30Z  440.652  31.103  154.398  4.43281E-16  SWARM-A  13.975  30.928
2018-04-22T03:40:00Z  440.930  33.036  154.396  4.39415E-16  SWARM-A  13.983  32.859
2018-04-22T03:40:30Z  441.230  34.967  154.400  4.34682E-16  SWARM-A  13.992  34.789
2018-04-22T03:41:00Z  441.550  36.899  154.410  4.29164E-16  SWARM-A  14.001  36.719
2018-04-22T03:41:30Z  441.888  38.829  154.428  4.23286E-16  SWARM-A  14.010  38.650
2018-04-22T03:42:00Z  442.241  40.758  154.453  4.17097E-16  SWARM-A  14.020  40.581
2018-04-22T03:42:30Z  442.606  42.687  154.487  4.10644E-16  SWARM-A  14.031  42.512
2018-04-22T03:43:00Z  442.982  44.615  154.531  4.04037E-16  SWARM-A  14.042  44.443
2018-04-22T03:43:30Z  443.365  46.541  154.587  3.97498E-16  SWARM-A  14.054  46.374
2018-04-22T03:44:00Z  443.753  48.467  154.656  3.90916E-16  SWARM-A  14.067  48.305
2018-04-22T03:44:30Z  444.144  50.392  154.740  3.84425E-16  SWARM-A  14.081  50.236
2018-04-22T03:45:00Z  444.535  52.315  154.842  3.78007E-16  SWARM-A  14.096  52.167
2018-04-22T03:45:30Z  444.924  54.237  154.965  3.71695E-16  SWARM-A  14.113  54.099
2018-04-22T03:46:00Z  445.308  56.158  155.111  3.65245E-16  SWARM-A  14.131  56.030
2018-04-22T03:46:30Z  445.684  58.078  155.287  3.58964E-16  SWARM-A  14.151  57.962
2018-04-22T03:47:00Z  446.051  59.996  155.496  3.52903E-16  SWARM-A  14.173  59.894
2018-04-22T03:47:30Z  446.406  61.913  155.746  3.47076E-16  SWARM-A  14.198  61.825
2018-04-22T03:48:00Z  446.748  63.828  156.047  3.41394E-16  SWARM-A  14.226  63.757
2018-04-22T03:48:30Z  447.073  65.741  156.409  3.35209E-16  SWARM-A  14.259  65.689
2018-04-22T03:49:00Z  447.381  67.651  156.850  3.29266E-16  SWARM-A  14.297  67.621
2018-04-22T03:49:30Z  447.668  69.559  157.390  3.23424E-16  SWARM-A  14.341  69.553
2018-04-22T03:50:00Z  447.935  71.463  158.060  3.17697E-16  SWARM-A  14.394  71.485
2018-04-22T03:50:30Z  448.178  73.363  158.906  3.12331E-16  SWARM-A  14.459  73.417
2018-04-22T03:51:00Z  448.397  75.256  159.992  3.07277E-16  SWARM-A  14.539  75.349
2018-04-22T03:51:30Z  448.590  77.142  161.426  3.02298E-16  SWARM-A  14.643  77.281
2018-04-22T03:52:00Z  448.757  79.014  163.383  2.97399E-16  SWARM-A  14.782  79.213
2018-04-22T03:52:30Z  448.895  80.867  166.178  2.92453E-16  SWARM-A  14.977  81.145
2018-04-22T03:53:00Z  449.005  82.684  170.424  2.86881E-16  SWARM-A  15.268  83.078
2018-04-22T03:53:30Z  449.085  84.432  177.460  2.81279E-16  SWARM-A  15.746  85.010
2018-04-22T03:54:00Z  449.135  86.018  -169.450  2.75665E-16  SWARM-A  16.627  86.942
2018-04-22T03:54:30Z  449.155  87.158  -143.005  2.70035E-16  SWARM-A  18.398  88.874
2018-04-22T03:55:00Z  449.145  87.230  -103.125  2.64140E-16  SWARM-A  21.065  90.807
2018-04-22T03:55:30Z  449.104  86.175  -74.704  2.57881E-16  SWARM-A  22.968  92.739
2018-04-22T03:56:00Z  449.033  84.618  -60.576  2.51532E-16  SWARM-A  23.918  94.671
2018-04-22T03:56:30Z  448.931  82.882  -53.084  2.45348E-16  SWARM-A  0.426  96.603
2018-04-22T03:57:00Z  448.801  81.070  -48.615  2.39436E-16  SWARM-A  0.732  98.536
2018-04-22T03:57:30Z  448.641  79.221  -45.698  2.33807E-16  SWARM-A  0.935  100.468
2018-04-22T03:58:00Z  448.454  77.350  -43.667  2.28445E-16  SWARM-A  1.079  102.400
2018-04-22T03:58:30Z  448.239  75.466  -42.185  2.23391E-16  SWARM-A  1.186  104.332
2018-04-22T03:59:00Z  447.999  73.573  -41.066  2.18694E-16  SWARM-A  1.269  106.265
2018-04-22T03:59:30Z  447.735  71.673  -40.198  2.14348E-16  SWARM-A  1.335  108.197
2018-04-22T04:00:00Z  447.447  69.769  -39.511  2.10092E-16  SWARM-A  1.389  110.129
2018-04-22T04:00:30Z  447.138  67.862  -38.958  2.06127E-16  SWARM-A  1.434  112.061
2018-04-22T04:01:00Z  446.809  65.952  -38.507  2.02553E-16  SWARM-A  1.473  113.993
2018-04-22T04:01:30Z  446.462  64.039  -38.137  1.99389E-16  SWARM-A  1.506  115.925
2018-04-22T04:02:00Z  446.100  62.124  -37.830  1.96596E-16  SWARM-A  1.535  117.857
2018-04-22T04:02:30Z  445.723  60.207  -37.575  1.94225E-16  SWARM-A  1.560  119.789
2018-04-22T04:03:00Z  445.335  58.289  -37.361  1.92211E-16  SWARM-A  1.583  121.721
2018-04-22T04:03:30Z  444.937  56.369  -37.182  1.90521E-16  SWARM-A  1.603  123.653
2018-04-22T04:04:00Z  444.533  54.448  -37.033  1.89130E-16  SWARM-A  1.621  125.585
2018-04-22T04:04:30Z  444.123  52.526  -36.908  1.88014E-16  SWARM-A  1.638  127.516
2018-04-22T04:05:00Z  443.712  50.602  -36.804  1.87106E-16  SWARM-A  1.653  129.448
2018-04-22T04:05:30Z  443.301  48.677  -36.717  1.86353E-16  SWARM-A  1.667  131.379
2018-04-22T04:06:00Z  442.892  46.752  -36.647  1.85722E-16  SWARM-A  1.680  133.311
2018-04-22T04:06:30Z  442.489  44.825  -36.590  1.85240E-16  SWARM-A  1.692  135.242
2018-04-22T04:07:00Z  442.093  42.897  -36.544  1.84897E-16  SWARM-A  1.704  137.174
2018-04-22T04:07:30Z  441.708  40.968  -36.509  1.84647E-16  SWARM-A  1.714  139.105
2018-04-22T04:08:00Z  441.336  39.038  -36.483  1.84465E-16  SWARM-A  1.724  141.036
2018-04-22T04:08:30Z  440.980  37.108  -36.465  1.84378E-16  SWARM-A  1.734  142.967
2018-04-22T04:09:00Z  440.641  35.176  -36.454  1.84382E-16  SWARM-A  1.743  144.898
2018-04-22T04:09:30Z  440.322  33.244  -36.449  1.84470E-16  SWARM-A  1.752  146.829
2018-04-22T04:10:00Z  440.026  31.311  -36.450  1.84637E-16  SWARM-A  1.760  148.759
2018-04-22T04:10:30Z  439.754  29.377  -36.456  1.84868E-16  SWARM-A  1.768  150.690
2018-04-22T04:11:00Z  439.510  27.443  -36.466  1.85174E-16  SWARM-A  1.776  152.620
2018-04-22T04:11:30Z  439.294  25.508  -36.481  1.85538E-16  SWARM-A  1.783  154.550
2018-04-22T04:12:00Z  439.109  23.572  -36.498  1.85927E-16  SWARM-A  1.790  156.481
2018-04-22T04:12:30Z  438.958  21.636  -36.519  1.86368E-16  SWARM-A  1.797  158.411
2018-04-22T04:13:00Z  438.840  19.699  -36.543  1.86836E-16  SWARM-A  1.804  160.340
2018-04-22T04:13:30Z  438.759  17.762  -36.569  1.87321E-16  SWARM-A  1.810  162.270
2018-04-22T04:14:00Z  438.714  15.825  -36.597  1.87810E-16  SWARM-A  1.817  164.200
2018-04-22T04:14:30Z  438.709  13.887  -36.627  1.88313E-16  SWARM-A  1.823  166.129
2018-04-22T04:15:00Z  438.743  11.949  -36.659  1.88809E-16  SWARM-A  1.829  168.058
2018-04-22T04:15:30Z  438.817  10.011  -36.691  1.89280E-16  SWARM-A  1.836  169.988
2018-04-22T04:16:00Z  438.932  8.072  -36.725  1.89717E-16  SWARM-A  1.842  171.917
2018-04-22T04:16:30Z  439.089  6.134  -36.760  1.90073E-16  SWARM-A  1.848  173.845
2018-04-22T04:17:00Z  439.289  4.195  -36.796  1.90362E-16  SWARM-A  1.854  175.774
2018-04-22T04:17:30Z  439.530  2.257  -36.832  1.90573E-16  SWARM-A  1.860  177.702
2018-04-22T04:18:00Z  439.813  0.319  -36.868  1.90654E-16  SWARM-A  1.866  179.631
2018-04-22T04:18:30Z  440.138  -1.620  -36.904  1.90577E-16  SWARM-A  1.871  181.559
2018-04-22T04:19:00Z  440.505  -3.558  -36.940  1.90353E-16  SWARM-A  1.877  183.487
2018-04-22T04:19:30Z  440.912  -5.495  -36.976  1.89965E-16  SWARM-A  1.883  185.415
2018-04-22T04:20:00Z  441.359  -7.433  -37.011  1.89376E-16  SWARM-A  1.889  187.342
2018-04-22T04:20:30Z  441.846  -9.369  -37.045  1.88612E-16  SWARM-A  1.895  189.269
2018-04-22T04:21:00Z  442.370  -11.306  -37.079  1.87623E-16  SWARM-A  1.901  191.197
2018-04-22T04:21:30Z  442.930  -13.242  -37.111  1.86446E-16  SWARM-A  1.908  193.124
2018-04-22T04:22:00Z  443.526  -15.177  -37.141  1.85062E-16  SWARM-A  1.914  195.051
2018-04-22T04:22:30Z  444.155  -17.112  -37.170  1.83465E-16  SWARM-A  1.920  196.977
2018-04-22T04:23:00Z  444.815  -19.046  -37.197  1.81687E-16  SWARM-A  1.927  198.904
2018-04-22T04:23:30Z  445.504  -20.979  -37.222  1.79680E-16  SWARM-A  1.934  200.830
2018-04-22T04:24:00Z  446.222  -22.911  -37.244  1.77454E-16  SWARM-A  1.940  202.756
2018-04-22T04:24:30Z  446.964  -24.843  -37.263  1.75075E-16  SWARM-A  1.948  204.682
2018-04-22T04:25:00Z  447.728  -26.773  -37.279  1.72559E-16  SWARM-A  1.955  206.608
2018-04-22T04:25:30Z  448.513  -28.703  -37.291  1.69923E-16  SWARM-A  1.962  208.533
2018-04-22T04:26:00Z  449.316  -30.632  -37.298  1.67221E-16  SWARM-A  1.970  210.458
2018-04-22T04:26:30Z  450.133  -32.560  -37.302  1.64466E-16  SWARM-A  1.978  212.384
2018-04-22T04:27:00Z  450.962  -34.487  -37.299  1.61691E-16  SWARM-A  1.987  214.309
2018-04-22T04:27:30Z  451.801  -36.412  -37.291  1.58900E-16  SWARM-A  1.996  216.233
2018-04-22T04:28:00Z  452.646  -38.337  -37.276  1.55973E-16  SWARM-A  2.005  218.158
2018-04-22T04:28:30Z  453.494  -40.260  -37.254  1.53196E-16  SWARM-A  2.015  220.082
2018-04-22T04:29:00Z  454.342  -42.182  -37.222  1.50595E-16  SWARM-A  2.025  222.007
2018-04-22T04:29:30Z  455.188  -44.103  -37.182  1.48244E-16  SWARM-A  2.036  223.931
2018-04-22T04:30:00Z  456.028  -46.023  -37.130  1.46114E-16  SWARM-A  2.048  225.855
2018-04-22T04:30:30Z  456.860  -47.942  -37.065  1.44331E-16  SWARM-A  2.061  227.779
2018-04-22T04:31:00Z  457.680  -49.859  -36.986  1.42893E-16  SWARM-A  2.074  229.702
2018-04-22T04:31:30Z  458.485  -51.775  -36.890  1.41863E-16  SWARM-A  2.089  231.626
2018-04-22T04:32:00Z  459.273  -53.690  -36.774  1.41133E-16  SWARM-A  2.105  233.549
2018-04-22T04:32:30Z  460.041  -55.603  -36.636  1.40832E-16  SWARM-A  2.123  235.472
2018-04-22T04:33:00Z  460.785  -57.514  -36.471  1.40961E-16  SWARM-A  2.142  237.395
2018-04-22T04:33:30Z  461.503  -59.424  -36.273  1.41425E-16  SWARM-A  2.164  239.318
2018-04-22T04:34:00Z  462.193  -61.333  -36.038  1.42108E-16  SWARM-A  2.188  241.241
2018-04-22T04:34:30Z  462.851  -63.239  -35.755  1.43294E-16  SWARM-A  2.215  243.164
2018-04-22T04:35:00Z  463.476  -65.144  -35.415  1.44867E-16  SWARM-A  2.246  245.086
2018-04-22T04:35:30Z  464.065  -67.046  -35.004  1.46887E-16  SWARM-A  2.281  247.009
2018-04-22T04:36:00Z  464.617  -68.945  -34.501  1.49220E-16  SWARM-A  2.323  248.931
2018-04-22T04:36:30Z  465.128  -70.841  -33.880  1.51927E-16  SWARM-A  2.373  250.853
2018-04-22T04:37:00Z  465.598  -72.732  -33.103  1.54876E-16  SWARM-A  2.433  252.776
2018-04-22T04:37:30Z  466.025  -74.619  -32.112  1.57717E-16  SWARM-A  2.508  254.698
2018-04-22T04:38:00Z  466.406  -76.497  -30.818  1.60808E-16  SWARM-A  2.602  256.620
2018-04-22T04:38:30Z  466.741  -78.365  -29.077  1.64092E-16  SWARM-A  2.727  258.542
2018-04-22T04:39:00Z  467.028  -80.216  -26.638  1.67450E-16  SWARM-A  2.898  260.464
2018-04-22T04:39:30Z  467.267  -82.038  -23.028  1.70853E-16  SWARM-A  3.147  262.386
2018-04-22T04:40:00Z  467.457  -83.808  -17.264  1.74360E-16  SWARM-A  3.539  264.307
2018-04-22T04:40:30Z  467.596  -85.462  -7.042  1.77964E-16  SWARM-A  4.229  266.229
2018-04-22T04:41:00Z  467.685  -86.816  13.249  1.81704E-16  SWARM-A  5.590  268.151
2018-04-22T04:41:30Z  467.723  -87.361  49.953  1.85662E-16  SWARM-A  8.045  270.073
2018-04-22T04:42:00Z  467.710  -86.671  84.801  1.89690E-16  SWARM-A  10.377  271.995
2018-04-22T04:42:30Z  467.646  -85.257  103.291  1.93631E-16  SWARM-A  11.618  273.916
2018-04-22T04:43:00Z  467.531  -83.582  112.712  1.97139E-16  SWARM-A  12.254  275.838
2018-04-22T04:43:30Z  467.366  -81.803  118.107  2.00649E-16  SWARM-A  12.622  277.760
2018-04-22T04:44:00Z  467.152  -79.976  121.523  2.04242E-16  SWARM-A  12.858  279.682
2018-04-22T04:44:30Z  466.889  -78.122  123.851  2.08077E-16  SWARM-A  13.022  281.604
2018-04-22T04:45:00Z  466.579  -76.253  125.523  2.12832E-16  SWARM-A  13.142  283.526
2018-04-22T04:45:30Z  466.222  -74.374  126.771  2.18026E-16  SWARM-A  13.233  285.447
2018-04-22T04:46:00Z  465.820  -72.487  127.730  2.23595E-16  SWARM-A  13.305  287.369
2018-04-22T04:46:30Z  465.375  -70.595  128.484  2.29472E-16  SWARM-A  13.364  289.291
2018-04-22T04:47:00Z  464.888  -68.699  129.087  2.35702E-16  SWARM-A  13.413  291.214
2018-04-22T04:47:30Z  464.361  -66.799  129.577  2.42251E-16  SWARM-A  13.454  293.136
2018-04-22T04:48:00Z  463.797  -64.897  129.978  2.49148E-16  SWARM-A  13.489  295.058
2018-04-22T04:48:30Z  463.196  -62.993  130.310  2.56264E-16  SWARM-A  13.519  296.980
2018-04-22T04:49:00Z  462.562  -61.086  130.585  2.63517E-16  SWARM-A  13.546  298.903
2018-04-22T04:49:30Z  461.897  -59.178  130.816  2.70888E-16  SWARM-A  13.569  300.825
2018-04-22T04:50:00Z  461.203  -57.268  131.008  2.78199E-16  SWARM-A  13.591  302.748
2018-04-22T04:50:30Z  460.483  -55.356  131.170  2.85506E-16  SWARM-A  13.610  304.671
2018-04-22T04:51:00Z  459.740  -53.443  131.305  2.92795E-16  SWARM-A  13.627  306.594
2018-04-22T04:51:30Z  458.976  -51.529  131.418  2.99726E-16  SWARM-A  13.643  308.517
2018-04-22T04:52:00Z  458.194  -49.613  131.511  3.06728E-16  SWARM-A  13.658  310.440
2018-04-22T04:52:30Z  457.398  -47.696  131.589  3.13825E-16  SWARM-A  13.671  312.363
2018-04-22T04:53:00Z  456.589  -45.778  131.652  3.20967E-16  SWARM-A  13.684  314.287
2018-04-22T04:53:30Z  455.772  -43.858  131.702  3.28180E-16  SWARM-A  13.695  316.210
2018-04-22T04:54:00Z  454.948  -41.937  131.741  3.35462E-16  SWARM-A  13.706  318.134
2018-04-22T04:54:30Z  454.121  -40.015  131.771  3.42814E-16  SWARM-A  13.717  320.058
2018-04-22T04:55:00Z  453.295  -38.092  131.793  3.50248E-16  SWARM-A  13.726  321.982
2018-04-22T04:55:30Z  452.471  -36.168  131.807  3.57867E-16  SWARM-A  13.736  323.906
2018-04-22T04:56:00Z  451.653  -34.243  131.814  3.65620E-16  SWARM-A  13.744  325.830
2018-04-22T04:56:30Z  450.844  -32.316  131.816  3.73526E-16  SWARM-A  13.753  327.755
2018-04-22T04:57:00Z  450.046  -30.389  131.812  3.81559E-16  SWARM-A  13.761  329.680
2018-04-22T04:57:30Z  449.262  -28.460  131.804  3.89744E-16  SWARM-A  13.769  331.605
2018-04-22T04:58:00Z  448.496  -26.531  131.791  3.98026E-16  SWARM-A  13.776  333.530
2018-04-22T04:58:30Z  447.749  -24.601  131.775  4.06410E-16  SWARM-A  13.783  335.455
2018-04-22T04:59:00Z  447.024  -22.670  131.756  4.14507E-16  SWARM-A  13.791  337.380
2018-04-22T04:59:30Z  446.323  -20.738  131.733  4.22614E-16  SWARM-A  13.797  339.306
2018-04-22T05:00:00Z  445.649  -18.805  131.708  4.30635E-16  SWARM-A  13.804  341.232
2018-04-22T05:00:30Z  445.003  -16.871  131.681  4.38536E-16  SWARM-A  13.811  343.158
2018-04-22T05:01:00Z  444.388  -14.937  131.652  4.46241E-16  SWARM-A  13.817  345.084
2018-04-22T05:01:30Z  443.805  -13.002  131.621  4.53709E-16  SWARM-A  13.823  347.010
2018-04-22T05:02:00Z  443.256  -11.067  131.589  4.60233E-16  SWARM-A  13.829  348.937
2018-04-22T05:02:30Z  442.743  -9.131  131.555  4.66181E-16  SWARM-A  13.835  350.863
2018-04-22T05:03:00Z  442.266  -7.194  131.521  4.71657E-16  SWARM-A  13.842  352.790
2018-04-22T05:03:30Z  441.827  -5.258  131.486  4.76565E-16  SWARM-A  13.848  354.717
2018-04-22T05:04:00Z  441.427  -3.320  131.450  4.80982E-16  SWARM-A  13.853  356.644
2018-04-22T05:04:30Z  441.067  -1.383  131.414  4.84869E-16  SWARM-A  13.859  358.572
2018-04-22T05:05:00Z  440.746  0.555  131.378  4.88496E-16  SWARM-A  13.865  0.499
2018-04-22T05:05:30Z  440.467  2.493  131.341  4.91758E-16  SWARM-A  13.871  2.427
2018-04-22T05:06:00Z  440.228  4.431  131.306  4.94359E-16  SWARM-A  13.877  4.355
2018-04-22T05:06:30Z  440.030  6.369  131.270  4.96329E-16  SWARM-A  13.883  6.283
2018-04-22T05:07:00Z  439.873  8.306  131.235  4.97700E-16  SWARM-A  13.889  8.212
2018-04-22T05:07:30Z  439.756  10.244  131.202  4.98511E-16  SWARM-A  13.895  10.140
2018-04-22T05:08:00Z  439.678  12.182  131.169  4.98759E-16  SWARM-A  13.901  12.069
2018-04-22T05:08:30Z  439.640  14.119  131.137  4.98496E-16  SWARM-A  13.908  13.998
2018-04-22T05:09:00Z  439.640  16.057  131.108  4.97566E-16  SWARM-A  13.914  15.926
2018-04-22T05:09:30Z  439.678  17.994  131.080  4.96073E-16  SWARM-A  13.920  17.856
2018-04-22T05:10:00Z  439.751  19.930  131.054  4.93989E-16  SWARM-A  13.927  19.785
2018-04-22T05:10:30Z  439.859  21.866  131.031  4.91404E-16  SWARM-A  13.934  21.714
2018-04-22T05:11:00Z  440.001  23.802  131.010  4.88220E-16  SWARM-A  13.941  23.644
2018-04-22T05:11:30Z  440.174  25.737  130.993  4.84474E-16  SWARM-A  13.948  25.573
2018-04-22T05:12:00Z  440.376  27.671  130.979  4.80245E-16  SWARM-A  13.955  27.503
2018-04-22T05:12:30Z  440.606  29.605  130.969  4.75504E-16  SWARM-A  13.963  29.433
2018-04-22T05:13:00Z  440.862  31.539  130.964  4.70302E-16  SWARM-A  13.971  31.363
2018-04-22T05:13:30Z  441.142  33.471  130.964  4.64631E-16  SWARM-A  13.979  33.294
2018-04-22T05:14:00Z  441.443  35.403  130.969  4.58546E-16  SWARM-A  13.988  35.224
2018-04-22T05:14:30Z  441.763  37.334  130.981  4.52099E-16  SWARM-A  13.997  37.154
2018-04-22T05:15:00Z  442.100  39.264  131.000  4.45356E-16  SWARM-A  14.007  39.085
2018-04-22T05:15:30Z  442.451  41.193  131.027  4.38329E-16  SWARM-A  14.017  41.016
2018-04-22T05:16:00Z  442.814  43.121  131.064  4.31120E-16  SWARM-A  14.028  42.947
2018-04-22T05:16:30Z  443.187  45.049  131.110  4.23795E-16  SWARM-A  14.039  44.877
2018-04-22T05:17:00Z  443.566  46.975  131.169  4.16402E-16  SWARM-A  14.051  46.808
2018-04-22T05:17:30Z  443.950  48.900  131.241  4.09000E-16  SWARM-A  14.065  48.740
2018-04-22T05:18:00Z  444.335  50.825  131.330  4.01673E-16  SWARM-A  14.079  50.671
2018-04-22T05:18:30Z  444.720  52.748  131.436  3.94440E-16  SWARM-A  14.094  52.602
2018-04-22T05:19:00Z  445.102  54.670  131.564  3.87375E-16  SWARM-A  14.111  54.533
2018-04-22T05:19:30Z  445.479  56.590  131.717  3.80500E-16  SWARM-A  14.130  56.465
2018-04-22T05:20:00Z  445.848  58.510  131.900  3.73825E-16  SWARM-A  14.150  58.397
2018-04-22T05:20:30Z  446.206  60.427  132.118  3.67392E-16  SWARM-A  14.173  60.328
2018-04-22T05:21:00Z  446.553  62.344  132.379  3.61163E-16  SWARM-A  14.199  62.260
2018-04-22T05:21:30Z  446.885  64.258  132.693  3.55128E-16  SWARM-A  14.228  64.192
2018-04-22T05:22:00Z  447.201  66.170  133.072  3.49214E-16  SWARM-A  14.262  66.123
2018-04-22T05:22:30Z  447.498  68.080  133.533  3.43444E-16  SWARM-A  14.301  68.055
2018-04-22T05:23:00Z  447.776  69.987  134.100  3.37725E-16  SWARM-A  14.347  69.987
2018-04-22T05:23:30Z  448.031  71.890  134.806  3.32029E-16  SWARM-A  14.402  71.919
2018-04-22T05:24:00Z  448.263  73.789  135.699  3.26328E-16  SWARM-A  14.470  73.851
2018-04-22T05:24:30Z  448.471  75.681  136.854  3.20653E-16  SWARM-A  14.555  75.783
2018-04-22T05:25:00Z  448.653  77.564  138.388  3.14968E-16  SWARM-A  14.666  77.715
2018-04-22T05:25:30Z  448.807  79.432  140.501  3.09331E-16  SWARM-A  14.815  79.648
2018-04-22T05:26:00Z  448.933  81.278  143.554  3.03665E-16  SWARM-A  15.027  81.580
2018-04-22T05:26:30Z  449.031  83.084  148.273  2.97930E-16  SWARM-A  15.350  83.512
2018-04-22T05:27:00Z  449.099  84.807  156.280  2.92106E-16  SWARM-A  15.892  85.444
2018-04-22T05:27:30Z  449.137  86.329  171.582  2.86134E-16  SWARM-A  16.921  87.377
2018-04-22T05:28:00Z  449.145  87.288  -157.960  2.80152E-16  SWARM-A  18.960  89.309
2018-04-22T05:28:30Z  449.122  87.066  -118.547  2.73760E-16  SWARM-A  21.595  91.241
2018-04-22T05:29:00Z  449.069  85.850  -94.074  2.66966E-16  SWARM-A  23.235  93.173
2018-04-22T05:29:30Z  448.985  84.237  -81.950  2.60041E-16  SWARM-A  0.052  95.106
2018-04-22T05:30:00Z  448.872  82.478  -75.338  2.53029E-16  SWARM-A  0.501  97.038
2018-04-22T05:30:30Z  448.730  80.656  -71.303  2.45954E-16  SWARM-A  0.778  98.970
2018-04-22T05:31:00Z  448.559  78.801  -68.625  2.38911E-16  SWARM-A  0.965  100.903
2018-04-22T05:31:30Z  448.361  76.926  -66.738  2.31953E-16  SWARM-A  1.099  102.835
2018-04-22T05:32:00Z  448.136  75.040  -65.350  2.25091E-16  SWARM-A  1.200  104.767
2018-04-22T05:32:30Z  447.886  73.145  -64.294  2.18399E-16  SWARM-A  1.279  106.699
2018-04-22T05:33:00Z  447.611  71.245  -63.471  2.11874E-16  SWARM-A  1.342  108.631
2018-04-22T05:33:30Z  447.314  69.340  -62.816  2.05601E-16  SWARM-A  1.394  110.564
2018-04-22T05:34:00Z  446.997  67.432  -62.288  1.99598E-16  SWARM-A  1.438  112.496
2018-04-22T05:34:30Z  446.660  65.521  -61.857  1.93856E-16  SWARM-A  1.475  114.428
2018-04-22T05:35:00Z  446.306  63.608  -61.502  1.88378E-16  SWARM-A  1.507  116.360
2018-04-22T05:35:30Z  445.937  61.692  -61.207  1.83247E-16  SWARM-A  1.535  118.292
2018-04-22T05:36:00Z  445.555  59.775  -60.962  1.78346E-16  SWARM-A  1.559  120.224
2018-04-22T05:36:30Z  445.162  57.857  -60.756  1.73917E-16  SWARM-A  1.581  122.156
2018-04-22T05:37:00Z  444.760  55.937  -60.584  1.69823E-16  SWARM-A  1.601  124.088
2018-04-22T05:37:30Z  444.352  54.015  -60.440  1.66135E-16  SWARM-A  1.619  126.019
2018-04-22T05:38:00Z  443.940  52.092  -60.320  1.62879E-16  SWARM-A  1.636  127.951
2018-04-22T05:38:30Z  443.527  50.169  -60.220  1.60079E-16  SWARM-A  1.651  129.883
2018-04-22T05:39:00Z  443.116  48.244  -60.137  1.57804E-16  SWARM-A  1.664  131.814
2018-04-22T05:39:30Z  442.707  46.317  -60.070  1.55933E-16  SWARM-A  1.677  133.746
2018-04-22T05:40:00Z  442.305  44.390  -60.015  1.54454E-16  SWARM-A  1.689  135.677
2018-04-22T05:40:30Z  441.912  42.462  -59.972  1.53349E-16  SWARM-A  1.700  137.609
2018-04-22T05:41:00Z  441.530  40.533  -59.939  1.52595E-16  SWARM-A  1.711  139.540
2018-04-22T05:41:30Z  441.162  38.603  -59.914  1.52153E-16  SWARM-A  1.721  141.471
2018-04-22T05:42:00Z  440.810  36.672  -59.898  1.52008E-16  SWARM-A  1.730  143.402
2018-04-22T05:42:30Z  440.477  34.741  -59.888  1.52114E-16  SWARM-A  1.739  145.333
2018-04-22T05:43:00Z  440.165  32.808  -59.885  1.52489E-16  SWARM-A  1.748  147.264
2018-04-22T05:43:30Z  439.876  30.875  -59.887  1.53049E-16  SWARM-A  1.756  149.194
2018-04-22T05:44:00Z  439.613  28.941  -59.894  1.53823E-16  SWARM-A  1.764  151.125
2018-04-22T05:44:30Z  439.378  27.007  -59.905  1.54683E-16  SWARM-A  1.772  153.055
2018-04-22T05:45:00Z  439.172  25.071  -59.920  1.55659E-16  SWARM-A  1.779  154.986
2018-04-22T05:45:30Z  438.998  23.136  -59.938  1.56731E-16  SWARM-A  1.786  156.916
2018-04-22T05:46:00Z  438.858  21.199  -59.960  1.57834E-16  SWARM-A  1.793  158.846
2018-04-22T05:46:30Z  438.752  19.262  -59.984  1.58914E-16  SWARM-A  1.800  160.776
2018-04-22T05:47:00Z  438.683  17.325  -60.010  1.59975E-16  SWARM-A  1.806  162.705
2018-04-22T05:47:30Z  438.652  15.388  -60.039  1.60971E-16  SWARM-A  1.813  164.635
2018-04-22T05:48:00Z  438.660  13.450  -60.069  1.61969E-16  SWARM-A  1.819  166.564
2018-04-22T05:48:30Z  438.708  11.512  -60.101  1.62877E-16  SWARM-A  1.825  168.494
2018-04-22T05:49:00Z  438.796  9.573  -60.134  1.63695E-16  SWARM-A  1.831  170.423
2018-04-22T05:49:30Z  438.926  7.635  -60.168  1.64416E-16  SWARM-A  1.837  172.352
2018-04-22T05:50:00Z  439.098  5.696  -60.203  1.65026E-16  SWARM-A  1.843  174.280
2018-04-22T05:50:30Z  439.312  3.758  -60.238  1.65482E-16  SWARM-A  1.849  176.209
2018-04-22T05:51:00Z  439.569  1.819  -60.274  1.65852E-16  SWARM-A  1.855  178.138
2018-04-22T05:51:30Z  439.867  -0.119  -60.310  1.66107E-16  SWARM-A  1.861  180.066
2018-04-22T05:52:00Z  440.207  -2.057  -60.346  1.66232E-16  SWARM-A  1.867  181.994
2018-04-22T05:52:30Z  440.588  -3.995  -60.382  1.66254E-16  SWARM-A  1.873  183.922
2018-04-22T05:53:00Z  441.011  -5.932  -60.418  1.66172E-16  SWARM-A  1.879  185.849
2018-04-22T05:53:30Z  441.472  -7.870  -60.453  1.66005E-16  SWARM-A  1.885  187.777
2018-04-22T05:54:00Z  441.973  -9.806  -60.487  1.65763E-16  SWARM-A  1.891  189.704
2018-04-22T05:54:30Z  442.511  -11.743  -60.520  1.65428E-16  SWARM-A  1.897  191.632
2018-04-22T05:55:00Z  443.085  -13.679  -60.552  1.65034E-16  SWARM-A  1.903  193.558
2018-04-22T05:55:30Z  443.694  -15.614  -60.582  1.64567E-16  SWARM-A  1.910  195.485
2018-04-22T05:56:00Z  444.335  -17.548  -60.610  1.64067E-16  SWARM-A  1.916  197.412
2018-04-22T05:56:30Z  445.007  -19.482  -60.637  1.63544E-16  SWARM-A  1.923  199.338
2018-04-22T05:57:00Z  445.709  -21.415  -60.661  1.62996E-16  SWARM-A  1.930  201.264
2018-04-22T05:57:30Z  446.436  -23.347  -60.682  1.62367E-16  SWARM-A  1.936  203.190
2018-04-22T05:58:00Z  447.188  -25.279  -60.700  1.61684E-16  SWARM-A  1.944  205.116
2018-04-22T05:58:30Z  447.962  -27.209  -60.715  1.60925E-16  SWARM-A  1.951  207.042
2018-04-22T05:59:00Z  448.756  -29.138  -60.726  1.60087E-16  SWARM-A  1.959  208.967
2018-04-22T05:59:30Z  449.566  -31.067  -60.733  1.59152E-16  SWARM-A  1.966  210.893
2018-04-22T06:00:00Z  450.390  -32.995  -60.735  1.57857E-16  SWARM-A  1.975  212.818
2018-04-22T06:00:30Z  451.226  -34.921  -60.731  1.56716E-16  SWARM-A  1.983  214.743
2018-04-22T06:01:00Z  452.069  -36.846  -60.722  1.55430E-16  SWARM-A  1.992  216.667
2018-04-22T06:01:30Z  452.919  -38.771  -60.705  1.54100E-16  SWARM-A  2.002  218.592
2018-04-22T06:02:00Z  453.770  -40.694  -60.680  1.52641E-16  SWARM-A  2.012  220.516
2018-04-22T06:02:30Z  454.622  -42.616  -60.647  1.51106E-16  SWARM-A  2.022  222.440
2018-04-22T06:03:00Z  455.470  -44.536  -60.604  1.49548E-16  SWARM-A  2.033  224.364
2018-04-22T06:03:30Z  456.311  -46.456  -60.549  1.47954E-16  SWARM-A  2.045  226.288
2018-04-22T06:04:00Z  457.143  -48.374  -60.481  1.46345E-16  SWARM-A  2.058  228.212
2018-04-22T06:04:30Z  457.962  -50.291  -60.398  1.44773E-16  SWARM-A  2.072  230.136
2018-04-22T06:05:00Z  458.766  -52.207  -60.298  1.43281E-16  SWARM-A  2.087  232.059
2018-04-22T06:05:30Z  459.552  -54.121  -60.178  1.41851E-16  SWARM-A  2.103  233.982
2018-04-22T06:06:00Z  460.316  -56.034  -60.034  1.40506E-16  SWARM-A  2.121  235.905
2018-04-22T06:06:30Z  461.057  -57.945  -59.862  1.39251E-16  SWARM-A  2.141  237.828
2018-04-22T06:07:00Z  461.770  -59.854  -59.656  1.38099E-16  SWARM-A  2.163  239.751
2018-04-22T06:07:30Z  462.455  -61.762  -59.411  1.37078E-16  SWARM-A  2.188  241.674
2018-04-22T06:08:00Z  463.108  -63.668  -59.116  1.36199E-16  SWARM-A  2.216  243.597
2018-04-22T06:08:30Z  463.726  -65.572  -58.761  1.35488E-16  SWARM-A  2.248  245.519
2018-04-22T06:09:00Z  464.308  -67.473  -58.331  1.34950E-16  SWARM-A  2.285  247.441
2018-04-22T06:09:30Z  464.852  -69.372  -57.804  1.34611E-16  SWARM-A  2.328  249.364
2018-04-22T06:10:00Z  465.355  -71.267  -57.152  1.34474E-16  SWARM-A  2.380  251.286
2018-04-22T06:10:30Z  465.816  -73.157  -56.332  1.34558E-16  SWARM-A  2.443  253.208
2018-04-22T06:11:00Z  466.233  -75.042  -55.281  1.34821E-16  SWARM-A  2.522  255.130
2018-04-22T06:11:30Z  466.605  -76.918  -53.902  1.35341E-16  SWARM-A  2.622  257.052
2018-04-22T06:12:00Z  466.929  -78.783  -52.030  1.36112E-16  SWARM-A  2.755  258.974
2018-04-22T06:12:30Z  467.206  -80.628  -49.380  1.37180E-16  SWARM-A  2.940  260.896
2018-04-22T06:13:00Z  467.434  -82.442  -45.399  1.38526E-16  SWARM-A  3.214  262.818
2018-04-22T06:13:30Z  467.613  -84.193  -38.907  1.40212E-16  SWARM-A  3.655  264.739
2018-04-22T06:14:00Z  467.741  -85.803  -27.081  1.42226E-16  SWARM-A  4.452  266.661
2018-04-22T06:14:30Z  467.818  -87.035  -3.314  1.44630E-16  SWARM-A  6.044  268.583
2018-04-22T06:15:00Z  467.844  -87.305  35.646  1.47487E-16  SWARM-A  8.650  270.505
2018-04-22T06:15:30Z  467.819  -86.392  66.736  1.50650E-16  SWARM-A  10.731  272.426
2018-04-22T06:16:00Z  467.743  -84.895  82.502  1.54117E-16  SWARM-A  11.790  274.348
2018-04-22T06:16:30Z  467.616  -83.188  90.730  1.57907E-16  SWARM-A  12.347  276.270
2018-04-22T06:17:00Z  467.440  -81.396  95.562  1.62081E-16  SWARM-A  12.678  278.191
2018-04-22T06:17:30Z  467.213  -79.561  98.681  1.66665E-16  SWARM-A  12.894  280.113
2018-04-22T06:18:00Z  466.939  -77.704  100.834  1.71679E-16  SWARM-A  13.046  282.035
2018-04-22T06:18:30Z  466.616  -75.832  102.395  1.77113E-16  SWARM-A  13.158  283.957
2018-04-22T06:19:00Z  466.248  -73.951  103.570  1.82997E-16  SWARM-A  13.245  285.879
2018-04-22T06:19:30Z  465.834  -72.063  104.477  1.89300E-16  SWARM-A  13.314  287.801
2018-04-22T06:20:00Z  465.377  -70.169  105.194  1.95991E-16  SWARM-A  13.370  289.723
2018-04-22T06:20:30Z  464.879  -68.273  105.769  2.03073E-16  SWARM-A  13.417  291.645
2018-04-22T06:21:00Z  464.341  -66.373  106.237  2.10570E-16  SWARM-A  13.456  293.567
2018-04-22T06:21:30Z  463.766  -64.470  106.621  2.18373E-16  SWARM-A  13.490  295.489
2018-04-22T06:22:00Z  463.155  -62.565  106.940  2.26534E-16  SWARM-A  13.520  297.411
2018-04-22T06:22:30Z  462.511  -60.658  107.204  2.34913E-16  SWARM-A  13.546  299.334
2018-04-22T06:23:00Z  461.836  -58.750  107.426  2.43483E-16  SWARM-A  13.569  301.256
2018-04-22T06:23:30Z  461.133  -56.839  107.611  2.52182E-16  SWARM-A  13.589  303.179
2018-04-22T06:24:00Z  460.404  -54.928  107.767  2.61026E-16  SWARM-A  13.608  305.102
2018-04-22T06:24:30Z  459.652  -53.014  107.896  2.69929E-16  SWARM-A  13.625  307.025
2018-04-22T06:25:00Z  458.881  -51.100  108.005  2.78918E-16  SWARM-A  13.641  308.948
2018-04-22T06:25:30Z  458.092  -49.184  108.095  2.87870E-16  SWARM-A  13.655  310.871
2018-04-22T06:26:00Z  457.288  -47.266  108.168  2.96845E-16  SWARM-A  13.668  312.794
2018-04-22T06:26:30Z  456.473  -45.348  108.228  3.05843E-16  SWARM-A  13.681  314.718
2018-04-22T06:27:00Z  455.650  -43.428  108.276  3.14732E-16  SWARM-A  13.692  316.641
2018-04-22T06:27:30Z  454.821  -41.507  108.314  3.23533E-16  SWARM-A  13.703  318.565
2018-04-22T06:28:00Z  453.990  -39.585  108.342  3.32202E-16  SWARM-A  13.713  320.489
2018-04-22T06:28:30Z  453.160  -37.661  108.361  3.40791E-16  SWARM-A  13.723  322.413
2018-04-22T06:29:00Z  452.333  -35.737  108.374  3.49266E-16  SWARM-A  13.732  324.337
2018-04-22T06:29:30Z  451.512  -33.811  108.380  3.57587E-16  SWARM-A  13.741  326.261
2018-04-22T06:30:00Z  450.701  -31.885  108.380  3.65841E-16  SWARM-A  13.749  328.186
2018-04-22T06:30:30Z  449.902  -29.957  108.376  3.73956E-16  SWARM-A  13.757  330.111
2018-04-22T06:31:00Z  449.118  -28.028  108.366  3.81893E-16  SWARM-A  13.765  332.036
2018-04-22T06:31:30Z  448.352  -26.099  108.353  3.89688E-16  SWARM-A  13.772  333.961
2018-04-22T06:32:00Z  447.605  -24.168  108.336  3.97405E-16  SWARM-A  13.779  335.886
2018-04-22T06:32:30Z  446.881  -22.237  108.316  4.04962E-16  SWARM-A  13.786  337.811
2018-04-22T06:33:00Z  446.182  -20.305  108.293  4.12408E-16  SWARM-A  13.793  339.737
2018-04-22T06:33:30Z  445.510  -18.372  108.267  4.19821E-16  SWARM-A  13.800  341.663
2018-04-22T06:34:00Z  444.867  -16.438  108.240  4.27332E-16  SWARM-A  13.806  343.589
2018-04-22T06:34:30Z  444.256  -14.504  108.210  4.34719E-16  SWARM-A  13.813  345.515
2018-04-22T06:35:00Z  443.677  -12.569  108.179  4.41983E-16  SWARM-A  13.819  347.441
2018-04-22T06:35:30Z  443.132  -10.633  108.147  4.49041E-16  SWARM-A  13.825  349.368
2018-04-22T06:36:00Z  442.624  -8.697  108.113  4.55819E-16  SWARM-A  13.831  351.295
2018-04-22T06:36:30Z  442.152  -6.761  108.078  4.62278E-16  SWARM-A  13.837  353.221
2018-04-22T06:37:00Z  441.719  -4.824  108.043  4.68394E-16  SWARM-A  13.843  355.149
2018-04-22T06:37:30Z  441.324  -2.887  108.007  4.74091E-16  SWARM-A  13.849  357.076
2018-04-22T06:38:00Z  440.970  -0.949  107.971  4.78826E-16  SWARM-A  13.855  359.003
2018-04-22T06:38:30Z  440.655  0.989  107.935  4.83004E-16  SWARM-A  13.861  0.931
2018-04-22T06:39:00Z  440.382  2.926  107.899  4.86650E-16  SWARM-A  13.867  2.859
2018-04-22T06:39:30Z  440.149  4.864  107.863  4.89754E-16  SWARM-A  13.873  4.787
2018-04-22T06:40:00Z  439.957  6.802  107.828  4.92304E-16  SWARM-A  13.879  6.715
2018-04-22T06:40:30Z  439.806  8.740  107.793  4.94284E-16  SWARM-A  13.885  8.643
2018-04-22T06:41:00Z  439.695  10.678  107.760  4.95647E-16  SWARM-A  13.891  10.572
2018-04-22T06:41:30Z  439.624  12.616  107.727  4.96458E-16  SWARM-A  13.897  12.500
2018-04-22T06:42:00Z  439.592  14.553  107.696  4.96685E-16  SWARM-A  13.903  14.429
2018-04-22T06:42:30Z  439.599  16.490  107.667  4.96335E-16  SWARM-A  13.910  16.358
2018-04-22T06:43:00Z  439.642  18.427  107.640  4.95341E-16  SWARM-A  13.916  18.287
2018-04-22T06:43:30Z  439.722  20.364  107.614  4.93717E-16  SWARM-A  13.923  20.217
2018-04-22T06:44:00Z  439.836  22.300  107.592  4.91550E-16  SWARM-A  13.930  22.146
2018-04-22T06:44:30Z  439.983  24.235  107.572  4.88854E-16  SWARM-A  13.937  24.076
2018-04-22T06:45:00Z  440.161  26.170  107.555  4.85651E-16  SWARM-A  13.944  26.006
2018-04-22T06:45:30Z  440.369  28.105  107.543  4.81919E-16  SWARM-A  13.952  27.935
2018-04-22T06:46:00Z  440.605  30.038  107.534  4.77727E-16  SWARM-A  13.959  29.865
2018-04-22T06:46:30Z  440.866  31.971  107.530  4.73082E-16  SWARM-A  13.967  31.796
2018-04-22T06:47:00Z  441.150  33.904  107.531  4.67991E-16  SWARM-A  13.976  33.726
2018-04-22T06:47:30Z  441.456  35.835  107.538  4.62469E-16  SWARM-A  13.985  35.656
2018-04-22T06:48:00Z  441.780  37.766  107.551  4.56605E-16  SWARM-A  13.994  37.587
2018-04-22T06:48:30Z  442.121  39.696  107.572  4.50442E-16  SWARM-A  14.003  39.517
2018-04-22T06:49:00Z  442.476  41.625  107.601  4.44015E-16  SWARM-A  14.014  41.448
2018-04-22T06:49:30Z  442.843  43.553  107.640  4.37385E-16  SWARM-A  14.025  43.379
2018-04-22T06:50:00Z  443.218  45.480  107.689  4.30634E-16  SWARM-A  14.036  45.310
2018-04-22T06:50:30Z  443.601  47.406  107.751  4.23840E-16  SWARM-A  14.049  47.241
2018-04-22T06:51:00Z  443.987  49.331  107.827  4.16925E-16  SWARM-A  14.062  49.172
2018-04-22T06:51:30Z  444.375  51.255  107.919  4.10111E-16  SWARM-A  14.077  51.104
2018-04-22T06:52:00Z  444.762  53.178  108.030  4.03363E-16  SWARM-A  14.092  53.035
2018-04-22T06:52:30Z  445.146  55.100  108.163  3.96753E-16  SWARM-A  14.110  54.966
2018-04-22T06:53:00Z  445.524  57.020  108.323  3.90328E-16  SWARM-A  14.129  56.898
2018-04-22T06:53:30Z  445.894  58.939  108.513  3.84026E-16  SWARM-A  14.150  58.829
2018-04-22T06:54:00Z  446.254  60.857  108.740  3.77895E-16  SWARM-A  14.173  60.761
2018-04-22T06:54:30Z  446.601  62.773  109.012  3.71807E-16  SWARM-A  14.200  62.693
2018-04-22T06:55:00Z  446.934  64.687  109.340  3.65773E-16  SWARM-A  14.230  64.625
2018-04-22T06:55:30Z  447.249  66.598  109.736  3.59659E-16  SWARM-A  14.264  66.556
2018-04-22T06:56:00Z  447.547  68.508  110.219  3.53459E-16  SWARM-A  14.305  68.488
2018-04-22T06:56:30Z  447.823  70.414  110.814  3.47177E-16  SWARM-A  14.353  70.420
2018-04-22T06:57:00Z  448.078  72.316  111.557  3.40707E-16  SWARM-A  14.411  72.352
2018-04-22T06:57:30Z  448.309  74.213  112.502  3.34100E-16  SWARM-A  14.482  74.284
2018-04-22T06:58:00Z  448.515  76.103  113.731  3.27355E-16  SWARM-A  14.572  76.216
2018-04-22T06:58:30Z  448.695  77.984  115.374  3.20396E-16  SWARM-A  14.690  78.149
2018-04-22T06:59:00Z  448.847  79.848  117.659  3.13314E-16  SWARM-A  14.851  80.081
2018-04-22T06:59:30Z  448.972  81.687  121.005  3.06100E-16  SWARM-A  15.082  82.013
2018-04-22T07:00:00Z  449.067  83.479  126.271  2.98790E-16  SWARM-A  15.442  83.945
2018-04-22T07:00:30Z  449.133  85.172  135.433  2.91330E-16  SWARM-A  16.061  85.877
2018-04-22T07:01:00Z  449.168  86.613  153.379  2.83922E-16  SWARM-A  17.266  87.810
2018-04-22T07:01:30Z  449.173  87.353  -172.314  2.76465E-16  SWARM-A  19.561  89.742
2018-04-22T07:02:00Z  449.148  86.853  -134.957  2.68761E-16  SWARM-A  22.060  91.674
2018-04-22T07:02:30Z  449.093  85.508  -114.055  2.60855E-16  SWARM-A  23.462  93.606
2018-04-22T07:03:00Z  449.007  83.851  -103.584  2.52936E-16  SWARM-A  0.168  95.539
2018-04-22T07:03:30Z  448.891  82.074  -97.714  2.45092E-16  SWARM-A  0.568  97.471
2018-04-22T07:04:00Z  448.747  80.242  -94.054  2.37318E-16  SWARM-A  0.820  99.403
2018-04-22T07:04:30Z  448.574  78.382  -91.588  2.29695E-16  SWARM-A  0.993  101.335
2018-04-22T07:05:00Z  448.374  76.504  -89.832  2.22211E-16  SWARM-A  1.118  103.268
2018-04-22T07:05:30Z  448.148  74.616  -88.529  2.14940E-16  SWARM-A  1.213  105.200
2018-04-22T07:06:00Z  447.896  72.720  -87.531  2.07858E-16  SWARM-A  1.288  107.132
2018-04-22T07:06:30Z  447.621  70.819  -86.750  2.00987E-16  SWARM-A  1.349  109.064
2018-04-22T07:07:00Z  447.324  68.913  -86.127  1.94220E-16  SWARM-A  1.399  110.996
2018-04-22T07:07:30Z  447.006  67.004  -85.623  1.87663E-16  SWARM-A  1.441  112.928
2018-04-22T07:08:00Z  446.670  65.093  -85.210  1.81378E-16  SWARM-A  1.476  114.860
2018-04-22T07:08:30Z  446.318  63.179  -84.869  1.75325E-16  SWARM-A  1.507  116.792
2018-04-22T07:09:00Z  445.950  61.263  -84.586  1.69505E-16  SWARM-A  1.535  118.724
2018-04-22T07:09:30Z  445.571  59.346  -84.350  1.63985E-16  SWARM-A  1.559  120.656
2018-04-22T07:10:00Z  445.181  57.427  -84.152  1.58702E-16  SWARM-A  1.580  122.588
2018-04-22T07:10:30Z  444.782  55.507  -83.987  1.53665E-16  SWARM-A  1.600  124.520
2018-04-22T07:11:00Z  444.379  53.585  -83.848  1.48933E-16  SWARM-A  1.617  126.452
2018-04-22T07:11:30Z  443.972  51.662  -83.733  1.44521E-16  SWARM-A  1.633  128.383
2018-04-22T07:12:00Z  443.564  49.738  -83.637  1.40408E-16  SWARM-A  1.648  130.315
2018-04-22T07:12:30Z  443.158  47.813  -83.558  1.36592E-16  SWARM-A  1.662  132.246
2018-04-22T07:13:00Z  442.756  45.887  -83.493  1.33131E-16  SWARM-A  1.674  134.178
2018-04-22T07:13:30Z  442.360  43.959  -83.441  1.30038E-16  SWARM-A  1.686  136.109
2018-04-22T07:14:00Z  441.974  42.031  -83.400  1.27216E-16  SWARM-A  1.697  138.040
2018-04-22T07:14:30Z  441.600  40.102  -83.369  1.24710E-16  SWARM-A  1.708  139.971
2018-04-22T07:15:00Z  441.239  38.172  -83.346  1.22476E-16  SWARM-A  1.717  141.902
2018-04-22T07:15:30Z  440.896  36.241  -83.331  1.20576E-16  SWARM-A  1.727  143.833
2018-04-22T07:16:00Z  440.571  34.309  -83.323  1.18928E-16  SWARM-A  1.736  145.764
2018-04-22T07:16:30Z  440.268  32.377  -83.321  1.17594E-16  SWARM-A  1.744  147.695
2018-04-22T07:17:00Z  439.988  30.443  -83.324  1.16514E-16  SWARM-A  1.752  149.625
2018-04-22T07:17:30Z  439.734  28.509  -83.332  1.15648E-16  SWARM-A  1.760  151.556
2018-04-22T07:18:00Z  439.509  26.575  -83.344  1.15025E-16  SWARM-A  1.768  153.486
2018-04-22T07:18:30Z  439.312  24.640  -83.360  1.14594E-16  SWARM-A  1.775  155.416
2018-04-22T07:19:00Z  439.148  22.704  -83.379  1.14379E-16  SWARM-A  1.782  157.346
2018-04-22T07:19:30Z  439.017  20.767  -83.401  1.14270E-16  SWARM-A  1.789  159.276
2018-04-22T07:20:00Z  438.921  18.831  -83.425  1.14264E-16  SWARM-A  1.795  161.206
2018-04-22T07:20:30Z  438.861  16.893  -83.452  1.14396E-16  SWARM-A  1.802  163.135
2018-04-22T07:21:00Z  438.840  14.956  -83.481  1.14601E-16  SWARM-A  1.808  165.065
2018-04-22T07:21:30Z  438.856  13.018  -83.512  1.14889E-16  SWARM-A  1.815  166.994
2018-04-22T07:22:00Z  438.913  11.080  -83.544  1.15232E-16  SWARM-A  1.821  168.923
2018-04-22T07:22:30Z  439.010  9.142  -83.577  1.15644E-16  SWARM-A  1.827  170.852
2018-04-22T07:23:00Z  439.148  7.203  -83.611  1.16089E-16  SWARM-A  1.833  172.781
2018-04-22T07:23:30Z  439.328  5.265  -83.646  1.16586E-16  SWARM-A  1.839  174.710
2018-04-22T07:24:00Z  439.550  3.327  -83.682  1.17113E-16  SWARM-A  1.845  176.638
2018-04-22T07:24:30Z  439.813  1.388  -83.718  1.17670E-16  SWARM-A  1.851  178.566
2018-04-22T07:25:00Z  440.119  -0.550  -83.754  1.18248E-16  SWARM-A  1.857  180.495
2018-04-22T07:25:30Z  440.465  -2.488  -83.790  1.18824E-16  SWARM-A  1.863  182.422
2018-04-22T07:26:00Z  440.853  -4.426  -83.826  1.19385E-16  SWARM-A  1.869  184.350
2018-04-22T07:26:30Z  441.281  -6.363  -83.861  1.19954E-16  SWARM-A  1.875  186.278
2018-04-22T07:27:00Z  441.748  -8.300  -83.896  1.20522E-16  SWARM-A  1.881  188.205
2018-04-22T07:27:30Z  442.254  -10.237  -83.930  1.21065E-16  SWARM-A  1.887  190.132
2018-04-22T07:28:00Z  442.797  -12.173  -83.963  1.21538E-16  SWARM-A  1.893  192.059
2018-04-22T07:28:30Z  443.375  -14.108  -83.994  1.21968E-16  SWARM-A  1.899  193.986
2018-04-22T07:29:00Z  443.987  -16.043  -84.024  1.22266E-16  SWARM-A  1.906  195.913
2018-04-22T07:29:30Z  444.632  -17.977  -84.052  1.22465E-16  SWARM-A  1.912  197.839
2018-04-22T07:30:00Z  445.307  -19.911  -84.078  1.22521E-16  SWARM-A  1.919  199.766
2018-04-22T07:30:30Z  446.011  -21.844  -84.101  1.22387E-16  SWARM-A  1.925  201.692
2018-04-22T07:31:00Z  446.740  -23.776  -84.122  1.22132E-16  SWARM-A  1.932  203.618
2018-04-22T07:31:30Z  447.493  -25.707  -84.139  1.21741E-16  SWARM-A  1.940  205.543
2018-04-22T07:32:00Z  448.268  -27.637  -84.153  1.21191E-16  SWARM-A  1.947  207.469
2018-04-22T07:32:30Z  449.061  -29.566  -84.163  1.20435E-16  SWARM-A  1.955  209.394
2018-04-22T07:33:00Z  449.871  -31.494  -84.169  1.19544E-16  SWARM-A  1.963  211.319
2018-04-22T07:33:30Z  450.694  -33.422  -84.170  1.18506E-16  SWARM-A  1.971  213.244
2018-04-22T07:34:00Z  451.527  -35.348  -84.165  1.17312E-16  SWARM-A  1.980  215.169
2018-04-22T07:34:30Z  452.368  -37.273  -84.153  1.16030E-16  SWARM-A  1.989  217.094
2018-04-22T07:35:00Z  453.214  -39.197  -84.135  1.14614E-16  SWARM-A  1.998  219.018
2018-04-22T07:35:30Z  454.062  -41.119  -84.108  1.13124E-16  SWARM-A  2.008  220.943
2018-04-22T07:36:00Z  454.908  -43.041  -84.073  1.11575E-16  SWARM-A  2.019  222.867
2018-04-22T07:36:30Z  455.750  -44.962  -84.027  1.09994E-16  SWARM-A  2.030  224.791
2018-04-22T07:37:00Z  456.585  -46.881  -83.970  1.08389E-16  SWARM-A  2.043  226.714
2018-04-22T07:37:30Z  457.410  -48.799  -83.898  1.06773E-16  SWARM-A  2.056  228.638
2018-04-22T07:38:00Z  458.222  -50.715  -83.812  1.05201E-16  SWARM-A  2.070  230.561
2018-04-22T07:38:30Z  459.017  -52.630  -83.707  1.03679E-16  SWARM-A  2.085  232.485
2018-04-22T07:39:00Z  459.794  -54.544  -83.582  1.02231E-16  SWARM-A  2.102  234.408
2018-04-22T07:39:30Z  460.549  -56.457  -83.432  1.00886E-16  SWARM-A  2.120  236.331
2018-04-22T07:40:00Z  461.279  -58.367  -83.252  9.96644E-17  SWARM-A  2.140  238.254
2018-04-22T07:40:30Z  461.982  -60.277  -83.038  9.85830E-17  SWARM-A  2.163  240.177
2018-04-22T07:41:00Z  462.655  -62.184  -82.783  9.76531E-17  SWARM-A  2.188  242.099
2018-04-22T07:41:30Z  463.296  -64.089  -82.476  9.68906E-17  SWARM-A  2.217  244.022
2018-04-22T07:42:00Z  463.903  -65.993  -82.105  9.63275E-17  SWARM-A  2.250  245.944
2018-04-22T07:42:30Z  464.472  -67.893  -81.655  9.59603E-17  SWARM-A  2.288  247.867
2018-04-22T07:43:00Z  465.003  -69.791  -81.103  9.58136E-17  SWARM-A  2.334  249.789
2018-04-22T07:43:30Z  465.493  -71.685  -80.417  9.58333E-17  SWARM-A  2.388  251.711
2018-04-22T07:44:00Z  465.940  -73.574  -79.552  9.60793E-17  SWARM-A  2.454  253.633
2018-04-22T07:44:30Z  466.343  -75.457  -78.438  9.66094E-17  SWARM-A  2.536  255.555
2018-04-22T07:45:00Z  466.700  -77.331  -76.965  9.73894E-17  SWARM-A  2.643  257.477
2018-04-22T07:45:30Z  467.011  -79.192  -74.951  9.84591E-17  SWARM-A  2.785  259.399
2018-04-22T07:46:00Z  467.273  -81.032  -72.066  9.98180E-17  SWARM-A  2.986  261.321
2018-04-22T07:46:30Z  467.486  -82.835  -67.663  1.01484E-16  SWARM-A  3.288  263.243
2018-04-22T07:47:00Z  467.649  -84.564  -60.324  1.03428E-16  SWARM-A  3.786  265.164
2018-04-22T07:47:30Z  467.762  -86.121  -46.593  1.05729E-16  SWARM-A  4.709  267.086
2018-04-22T07:48:00Z  467.824  -87.200  -19.042  1.08402E-16  SWARM-A  6.554  269.008
2018-04-22T07:48:30Z  467.835  -87.186  20.625  1.11406E-16  SWARM-A  9.207  270.930
2018-04-22T07:49:00Z  467.795  -86.090  47.786  1.14657E-16  SWARM-A  11.026  272.851
2018-04-22T07:49:30Z  467.704  -84.528  61.310  1.18168E-16  SWARM-A  11.936  274.773
2018-04-22T07:50:00Z  467.562  -82.796  68.558  1.21933E-16  SWARM-A  12.428  276.695
2018-04-22T07:50:30Z  467.371  -80.992  72.916  1.26047E-16  SWARM-A  12.727  278.617
2018-04-22T07:51:00Z  467.130  -79.151  75.777  1.30410E-16  SWARM-A  12.926  280.538
2018-04-22T07:51:30Z  466.841  -77.290  77.776  1.35126E-16  SWARM-A  13.067  282.460
2018-04-22T07:52:00Z  466.504  -75.416  79.239  1.40125E-16  SWARM-A  13.173  284.382
2018-04-22T07:52:30Z  466.122  -73.533  80.347  1.45463E-16  SWARM-A  13.255  286.304
2018-04-22T07:53:00Z  465.695  -71.644  81.208  1.51137E-16  SWARM-A  13.321  288.226
2018-04-22T07:53:30Z  465.226  -69.750  81.890  1.57106E-16  SWARM-A  13.375  290.148
2018-04-22T07:54:00Z  464.715  -67.852  82.440  1.63391E-16  SWARM-A  13.420  292.070
2018-04-22T07:54:30Z  464.165  -65.951  82.888  1.69968E-16  SWARM-A  13.458  293.992
2018-04-22T07:55:00Z  463.577  -64.048  83.256  1.76830E-16  SWARM-A  13.491  295.915
2018-04-22T07:55:30Z  462.955  -62.143  83.562  1.83907E-16  SWARM-A  13.520  297.837
2018-04-22T07:56:00Z  462.300  -60.236  83.817  1.91198E-16  SWARM-A  13.545  299.760
2018-04-22T07:56:30Z  461.615  -58.327  84.030  1.98735E-16  SWARM-A  13.568  301.682
2018-04-22T07:57:00Z  460.903  -56.416  84.209  2.06465E-16  SWARM-A  13.588  303.605
2018-04-22T07:57:30Z  460.165  -54.504  84.358  2.14408E-16  SWARM-A  13.606  305.528
2018-04-22T07:58:00Z  459.406  -52.590  84.483  2.22589E-16  SWARM-A  13.623  307.451
2018-04-22T07:58:30Z  458.626  -50.675  84.587  2.30969E-16  SWARM-A  13.638  309.374
2018-04-22T07:59:00Z  457.830  -48.759  84.674  2.39534E-16  SWARM-A  13.652  311.297
2018-04-22T07:59:30Z  457.021  -46.841  84.744  2.48298E-16  SWARM-A  13.665  313.220
2018-04-22T08:00:00Z  456.201  -44.922  84.802  2.57262E-16  SWARM-A  13.677  315.144
2018-04-22T08:00:30Z  455.373  -43.002  84.847  2.66378E-16  SWARM-A  13.689  317.068
2018-04-22T08:01:00Z  454.540  -41.081  84.882  2.75890E-16  SWARM-A  13.699  318.991
2018-04-22T08:01:30Z  453.705  -39.158  84.909  2.85819E-16  SWARM-A  13.709  320.915
2018-04-22T08:02:00Z  452.872  -37.234  84.927  2.95559E-16  SWARM-A  13.719  322.840
2018-04-22T08:02:30Z  452.043  -35.310  84.938  3.05458E-16  SWARM-A  13.728  324.764
2018-04-22T08:03:00Z  451.221  -33.384  84.943  3.15538E-16  SWARM-A  13.737  326.688
2018-04-22T08:03:30Z  450.409  -31.457  84.942  3.25789E-16  SWARM-A  13.745  328.613
2018-04-22T08:04:00Z  449.610  -29.529  84.936  3.36239E-16  SWARM-A  13.753  330.538
2018-04-22T08:04:30Z  448.826  -27.600  84.926  3.46832E-16  SWARM-A  13.761  332.463
2018-04-22T08:05:00Z  448.060  -25.670  84.912  3.57760E-16  SWARM-A  13.768  334.388
2018-04-22T08:05:30Z  447.316  -23.739  84.895  3.68995E-16  SWARM-A  13.775  336.313
2018-04-22T08:06:00Z  446.594  -21.808  84.874  3.80323E-16  SWARM-A  13.782  338.239
2018-04-22T08:06:30Z  445.898  -19.875  84.850  3.91609E-16  SWARM-A  13.789  340.165
2018-04-22T08:07:00Z  445.229  -17.942  84.824  4.02888E-16  SWARM-A  13.796  342.091
2018-04-22T08:07:30Z  444.591  -16.008  84.796  4.14097E-16  SWARM-A  13.802  344.017
2018-04-22T08:08:00Z  443.984  -14.074  84.767  4.25160E-16  SWARM-A  13.808  345.943
2018-04-22T08:08:30Z  443.411  -12.139  84.735  4.35517E-16  SWARM-A  13.815  347.869
2018-04-22T08:09:00Z  442.872  -10.203  84.702  4.45327E-16  SWARM-A  13.821  349.796
2018-04-22T08:09:30Z  442.371  -8.267  84.669  4.54759E-16  SWARM-A  13.827  351.723
2018-04-22T08:10:00Z  441.906  -6.330  84.634  4.63656E-16  SWARM-A  13.833  353.650
2018-04-22T08:10:30Z  441.481  -4.393  84.598  4.71970E-16  SWARM-A  13.839  355.577
2018-04-22T08:11:00Z  441.096  -2.456  84.563  4.79653E-16  SWARM-A  13.845  357.505
2018-04-22T08:11:30Z  440.751  -0.518  84.526  4.86656E-16  SWARM-A  13.851  359.432
2018-04-22T08:12:00Z  440.447  1.420  84.490  4.92889E-16  SWARM-A  13.857  1.360
2018-04-22T08:12:30Z  440.184  3.358  84.454  4.98237E-16  SWARM-A  13.863  3.288
2018-04-22T08:13:00Z  439.963  5.296  84.419  5.02683E-16  SWARM-A  13.868  5.216
2018-04-22T08:13:30Z  439.783  7.234  84.384  5.06284E-16  SWARM-A  13.874  7.144
2018-04-22T08:14:00Z  439.644  9.172  84.349  5.09102E-16  SWARM-A  13.881  9.073
2018-04-22T08:14:30Z  439.546  11.110  84.316  5.11094E-16  SWARM-A  13.887  11.001
2018-04-22T08:15:00Z  439.488  13.047  84.284  5.12457E-16  SWARM-A  13.893  12.930
2018-04-22T08:15:30Z  439.470  14.985  84.254  5.12956E-16  SWARM-A  13.899  14.859
2018-04-22T08:16:00Z  439.489  16.922  84.225  5.12735E-16  SWARM-A  13.906  16.788
2018-04-22T08:16:30Z  439.546  18.859  84.198  5.11918E-16  SWARM-A  13.912  18.717
2018-04-22T08:17:00Z  439.639  20.795  84.173  5.10476E-16  SWARM-A  13.919  20.647
2018-04-22T08:17:30Z  439.766  22.731  84.151  5.08454E-16  SWARM-A  13.926  22.576
2018-04-22T08:18:00Z  439.926  24.666  84.132  5.05848E-16  SWARM-A  13.933  24.506
2018-04-22T08:18:30Z  440.117  26.601  84.117  5.02695E-16  SWARM-A  13.940  26.436
2018-04-22T08:19:00Z  440.337  28.536  84.105  4.98992E-16  SWARM-A  13.948  28.366
2018-04-22T08:19:30Z  440.584  30.469  84.097  4.94782E-16  SWARM-A  13.955  30.296
2018-04-22T08:20:00Z  440.856  32.402  84.094  4.90088E-16  SWARM-A  13.964  32.226
2018-04-22T08:20:30Z  441.151  34.334  84.096  4.84911E-16  SWARM-A  13.972  34.156
2018-04-22T08:21:00Z  441.467  36.266  84.104  4.79274E-16  SWARM-A  13.981  36.087
2018-04-22T08:21:30Z  441.801  38.196  84.120  4.73239E-16  SWARM-A  13.990  38.017
2018-04-22T08:22:00Z  442.151  40.126  84.142  4.66789E-16  SWARM-A  14.000  39.948
2018-04-22T08:22:30Z  442.515  42.055  84.173  4.59959E-16  SWARM-A  14.010  41.879
2018-04-22T08:23:00Z  442.890  43.983  84.214  4.52798E-16  SWARM-A  14.022  43.810
2018-04-22T08:23:30Z  443.273  45.910  84.267  4.45334E-16  SWARM-A  14.033  45.741
2018-04-22T08:24:00Z  443.663  47.836  84.331  4.37576E-16  SWARM-A  14.046  47.672
2018-04-22T08:24:30Z  444.056  49.761  84.411  4.29550E-16  SWARM-A  14.060  49.603
2018-04-22T08:25:00Z  444.450  51.684  84.507  4.21290E-16  SWARM-A  14.074  51.534
2018-04-22T08:25:30Z  444.843  53.607  84.623  4.12840E-16  SWARM-A  14.090  53.466
2018-04-22T08:26:00Z  445.232  55.528  84.762  4.04266E-16  SWARM-A  14.108  55.397
2018-04-22T08:26:30Z  445.615  57.448  84.927  3.95571E-16  SWARM-A  14.127  57.329
2018-04-22T08:27:00Z  445.989  59.367  85.125  3.86785E-16  SWARM-A  14.149  59.260
2018-04-22T08:27:30Z  446.352  61.284  85.362  3.77928E-16  SWARM-A  14.173  61.192
2018-04-22T08:28:00Z  446.703  63.200  85.646  3.69021E-16  SWARM-A  14.200  63.124
2018-04-22T08:28:30Z  447.038  65.113  85.987  3.60082E-16  SWARM-A  14.231  65.055
2018-04-22T08:29:00Z  447.356  67.024  86.401  3.51079E-16  SWARM-A  14.267  66.987
2018-04-22T08:29:30Z  447.654  68.933  86.906  3.42025E-16  SWARM-A  14.309  68.919
2018-04-22T08:30:00Z  447.932  70.838  87.531  3.32883E-16  SWARM-A  14.359  70.851
2018-04-22T08:30:30Z  448.188  72.740  88.314  3.23740E-16  SWARM-A  14.420  72.783
2018-04-22T08:31:00Z  448.420  74.635  89.314  3.14564E-16  SWARM-A  14.495  74.715
2018-04-22T08:31:30Z  448.626  76.524  90.622  3.05391E-16  SWARM-A  14.590  76.647
2018-04-22T08:32:00Z  448.806  78.401  92.384  2.96211E-16  SWARM-A  14.716  78.579
2018-04-22T08:32:30Z  448.958  80.261  94.859  2.86991E-16  SWARM-A  14.890  80.511
2018-04-22T08:33:00Z  449.081  82.092  98.536  2.77821E-16  SWARM-A  15.143  82.444
2018-04-22T08:33:30Z  449.176  83.868  104.437  2.68735E-16  SWARM-A  15.545  84.376
2018-04-22T08:34:00Z  449.240  85.524  114.976  2.59806E-16  SWARM-A  16.256  86.308
2018-04-22T08:34:30Z  449.274  86.863  136.025  2.51118E-16  SWARM-A  17.667  88.240
2018-04-22T08:35:00Z  449.278  87.351  173.493  2.42691E-16  SWARM-A  20.173  90.172
2018-04-22T08:35:30Z  449.251  86.600  -152.366  2.34276E-16  SWARM-A  22.458  92.104
2018-04-22T08:36:00Z  449.194  85.156  -134.546  2.26022E-16  SWARM-A  23.654  94.037
2018-04-22T08:36:30Z  449.107  83.462  -125.438  2.18193E-16  SWARM-A  0.270  95.969
2018-04-22T08:37:00Z  448.990  81.669  -120.196  2.10854E-16  SWARM-A  0.628  97.901
2018-04-22T08:37:30Z  448.844  79.830  -116.863  2.03945E-16  SWARM-A  0.858  99.833
2018-04-22T08:38:00Z  448.669  77.965  -114.586  1.97503E-16  SWARM-A  1.018  101.765
2018-04-22T08:38:30Z  448.468  76.085  -112.947  1.91401E-16  SWARM-A  1.136  103.698
2018-04-22T08:39:00Z  448.240  74.195  -111.722  1.85915E-16  SWARM-A  1.226  105.630
2018-04-22T08:39:30Z  447.988  72.297  -110.779  1.80961E-16  SWARM-A  1.297  107.562
2018-04-22T08:40:00Z  447.712  70.395  -110.037  1.76588E-16  SWARM-A  1.355  109.494
2018-04-22T08:40:30Z  447.414  68.489  -109.443  1.72778E-16  SWARM-A  1.403  111.426
2018-04-22T08:41:00Z  447.096  66.579  -108.961  1.69557E-16  SWARM-A  1.443  113.358
2018-04-22T08:41:30Z  446.759  64.667  -108.565  1.66885E-16  SWARM-A  1.478  115.290
2018-04-22T08:42:00Z  446.407  62.753  -108.239  1.64751E-16  SWARM-A  1.508  117.222
2018-04-22T08:42:30Z  446.039  60.837  -107.967  1.63124E-16  SWARM-A  1.535  119.154
2018-04-22T08:43:00Z  445.660  58.920  -107.740  1.61915E-16  SWARM-A  1.558  121.085
2018-04-22T08:43:30Z  445.270  57.001  -107.550  1.61256E-16  SWARM-A  1.579  123.017
2018-04-22T08:44:00Z  444.873  55.080  -107.391  1.60963E-16  SWARM-A  1.598  124.949
2018-04-22T08:44:30Z  444.470  53.158  -107.258  1.61069E-16  SWARM-A  1.615  126.880
2018-04-22T08:45:00Z  444.065  51.235  -107.147  1.60908E-16  SWARM-A  1.631  128.812
2018-04-22T08:45:30Z  443.658  49.311  -107.055  1.61464E-16  SWARM-A  1.645  130.743
2018-04-22T08:46:00Z  443.254  47.386  -106.979  1.62355E-16  SWARM-A  1.659  132.675
2018-04-22T08:46:30Z  442.853  45.459  -106.917  1.63424E-16  SWARM-A  1.671  134.606
2018-04-22T08:47:00Z  442.460  43.532  -106.868  1.64617E-16  SWARM-A  1.683  136.537
2018-04-22T08:47:30Z  442.076  41.604  -106.829  1.65933E-16  SWARM-A  1.694  138.468
2018-04-22T08:48:00Z  441.704  39.674  -106.800  1.67343E-16  SWARM-A  1.704  140.399
2018-04-22T08:48:30Z  441.347  37.744  -106.779  1.68824E-16  SWARM-A  1.714  142.330
2018-04-22T08:49:00Z  441.006  35.813  -106.766  1.70201E-16  SWARM-A  1.723  144.261
2018-04-22T08:49:30Z  440.685  33.881  -106.759  1.71575E-16  SWARM-A  1.732  146.191
2018-04-22T08:50:00Z  440.385  31.949  -106.758  1.72914E-16  SWARM-A  1.740  148.122
2018-04-22T08:50:30Z  440.109  30.015  -106.762  1.74261E-16  SWARM-A  1.748  150.052
2018-04-22T08:51:00Z  439.859  28.081  -106.771  1.75489E-16  SWARM-A  1.756  151.983
2018-04-22T08:51:30Z  439.637  26.147  -106.784  1.76651E-16  SWARM-A  1.763  153.913
2018-04-22T08:52:00Z  439.446  24.211  -106.800  1.77692E-16  SWARM-A  1.771  155.843
2018-04-22T08:52:30Z  439.286  22.276  -106.820  1.78571E-16  SWARM-A  1.778  157.773
2018-04-22T08:53:00Z  439.159  20.339  -106.843  1.79288E-16  SWARM-A  1.784  159.703
2018-04-22T08:53:30Z  439.068  18.403  -106.868  1.79865E-16  SWARM-A  1.791  161.632
2018-04-22T08:54:00Z  439.014  16.465  -106.895  1.80126E-16  SWARM-A  1.798  163.562
2018-04-22T08:54:30Z  438.997  14.528  -106.924  1.80305E-16  SWARM-A  1.804  165.491
2018-04-22T08:55:00Z  439.020  12.590  -106.955  1.80187E-16  SWARM-A  1.810  167.420
2018-04-22T08:55:30Z  439.082  10.652  -106.988  1.79819E-16  SWARM-A  1.816  169.349
2018-04-22T08:56:00Z  439.185  8.714  -107.021  1.79204E-16  SWARM-A  1.823  171.278
2018-04-22T08:56:30Z  439.329  6.776  -107.055  1.78326E-16  SWARM-A  1.829  173.207
2018-04-22T08:57:00Z  439.515  4.837  -107.091  1.77219E-16  SWARM-A  1.835  175.135
2018-04-22T08:57:30Z  439.742  2.899  -107.126  1.75885E-16  SWARM-A  1.841  177.064
2018-04-22T08:58:00Z  440.011  0.961  -107.162  1.74299E-16  SWARM-A  1.847  178.992
2018-04-22T08:58:30Z  440.322  -0.977  -107.199  1.72462E-16  SWARM-A  1.852  180.920
2018-04-22T08:59:00Z  440.674  -2.915  -107.235  1.70494E-16  SWARM-A  1.858  182.848
2018-04-22T08:59:30Z  441.067  -4.853  -107.270  1.68313E-16  SWARM-A  1.864  184.775
2018-04-22T09:00:00Z  441.500  -6.790  -107.305  1.65996E-16  SWARM-A  1.870  186.703
2018-04-22T09:00:30Z  441.972  -8.727  -107.340  1.63510E-16  SWARM-A  1.876  188.630
2018-04-22T09:01:00Z  442.482  -10.663  -107.374  1.60883E-16  SWARM-A  1.882  190.557
2018-04-22T09:01:30Z  443.028  -12.599  -107.406  1.58153E-16  SWARM-A  1.889  192.484
2018-04-22T09:02:00Z  443.610  -14.535  -107.437  1.55304E-16  SWARM-A  1.895  194.411
2018-04-22T09:02:30Z  444.225  -16.469  -107.466  1.52366E-16  SWARM-A  1.901  196.337
2018-04-22T09:03:00Z  444.872  -18.403  -107.494  1.49332E-16  SWARM-A  1.908  198.264
2018-04-22T09:03:30Z  445.549  -20.337  -107.519  1.46263E-16  SWARM-A  1.914  200.190
2018-04-22T09:04:00Z  446.253  -22.269  -107.542  1.43133E-16  SWARM-A  1.921  202.116
2018-04-22T09:04:30Z  446.983  -24.201  -107.562  1.39949E-16  SWARM-A  1.928  204.042
2018-04-22T09:05:00Z  447.736  -26.132  -107.579  1.36747E-16  SWARM-A  1.935  205.967
2018-04-22T09:05:30Z  448.510  -28.062  -107.592  1.33472E-16  SWARM-A  1.943  207.893
2018-04-22T09:06:00Z  449.301  -29.991  -107.601  1.30216E-16  SWARM-A  1.951  209.818
2018-04-22T09:06:30Z  450.109  -31.919  -107.606  1.26907E-16  SWARM-A  1.959  211.743
2018-04-22T09:07:00Z  450.929  -33.846  -107.605  1.23604E-16  SWARM-A  1.967  213.668
2018-04-22T09:07:30Z  451.758  -35.771  -107.599  1.20286E-16  SWARM-A  1.976  215.593
2018-04-22T09:08:00Z  452.595  -37.696  -107.586  1.16980E-16  SWARM-A  1.985  217.517
2018-04-22T09:08:30Z  453.436  -39.620  -107.566  1.13718E-16  SWARM-A  1.995  219.442
2018-04-22T09:09:00Z  454.278  -41.542  -107.537  1.10504E-16  SWARM-A  2.005  221.366
2018-04-22T09:09:30Z  455.119  -43.464  -107.500  1.07314E-16  SWARM-A  2.016  223.290
2018-04-22T09:10:00Z  455.954  -45.384  -107.451  1.04250E-16  SWARM-A  2.027  225.214
2018-04-22T09:10:30Z  456.782  -47.303  -107.391  1.01238E-16  SWARM-A  2.040  227.137
2018-04-22T09:11:00Z  457.598  -49.220  -107.317  9.83004E-17  SWARM-A  2.053  229.061
2018-04-22T09:11:30Z  458.401  -51.137  -107.226  9.55701E-17  SWARM-A  2.067  230.985
2018-04-22T09:12:00Z  459.187  -53.051  -107.117  9.29842E-17  SWARM-A  2.083  232.908
2018-04-22T09:12:30Z  459.953  -54.965  -106.987  9.05611E-17  SWARM-A  2.100  234.831
2018-04-22T09:13:00Z  460.698  -56.877  -106.831  8.83191E-17  SWARM-A  2.119  236.754
2018-04-22T09:13:30Z  461.417  -58.788  -106.644  8.63091E-17  SWARM-A  2.139  238.677
2018-04-22T09:14:00Z  462.108  -60.696  -106.422  8.45337E-17  SWARM-A  2.163  240.600
2018-04-22T09:14:30Z  462.769  -62.603  -106.155  8.30313E-17  SWARM-A  2.189  242.522
2018-04-22T09:15:00Z  463.397  -64.508  -105.836  8.17939E-17  SWARM-A  2.218  244.445
2018-04-22T09:15:30Z  463.990  -66.411  -105.449  8.08800E-17  SWARM-A  2.252  246.367
2018-04-22T09:16:00Z  464.547  -68.311  -104.979  8.02627E-17  SWARM-A  2.292  248.290
2018-04-22T09:16:30Z  465.064  -70.208  -104.400  7.99587E-17  SWARM-A  2.339  250.212
2018-04-22T09:17:00Z  465.539  -72.101  -103.679  8.00076E-17  SWARM-A  2.395  252.134
2018-04-22T09:17:30Z  465.972  -73.989  -102.766  8.04359E-17  SWARM-A  2.465  254.056
2018-04-22T09:18:00Z  466.361  -75.871  -101.584  8.12412E-17  SWARM-A  2.552  255.978
2018-04-22T09:18:30Z  466.703  -77.742  -100.012  8.24370E-17  SWARM-A  2.665  257.900
2018-04-22T09:19:00Z  466.998  -79.599  -97.841  8.40255E-17  SWARM-A  2.818  259.822
2018-04-22T09:19:30Z  467.245  -81.433  -94.693  8.60843E-17  SWARM-A  3.036  261.744
2018-04-22T09:20:00Z  467.443  -83.224  -89.808  8.85881E-17  SWARM-A  3.370  263.666
2018-04-22T09:20:30Z  467.591  -84.928  -81.472  9.15076E-17  SWARM-A  3.934  265.588
2018-04-22T09:21:00Z  467.689  -86.418  -65.466  9.49464E-17  SWARM-A  5.010  267.509
2018-04-22T09:21:30Z  467.736  -87.311  -34.020  9.88968E-17  SWARM-A  7.114  269.431
2018-04-22T09:22:00Z  467.732  -87.014  4.757  1.03357E-16  SWARM-A  9.708  271.353
2018-04-22T09:22:30Z  467.677  -85.770  28.174  1.08214E-16  SWARM-A  11.277  273.275
2018-04-22T09:23:00Z  467.571  -84.155  39.840  1.13464E-16  SWARM-A  12.063  275.196
2018-04-22T09:23:30Z  467.415  -82.403  46.261  1.19145E-16  SWARM-A  12.500  277.118
2018-04-22T09:24:00Z  467.209  -80.589  50.208  1.25240E-16  SWARM-A  12.771  279.040
2018-04-22T09:24:30Z  466.955  -78.743  52.839  1.31738E-16  SWARM-A  12.955  280.962
2018-04-22T09:25:00Z  466.652  -76.878  54.700  1.38647E-16  SWARM-A  13.087  282.884
2018-04-22T09:25:30Z  466.302  -75.001  56.072  1.45948E-16  SWARM-A  13.187  284.806
2018-04-22T09:26:00Z  465.907  -73.117  57.118  1.53624E-16  SWARM-A  13.265  286.728
2018-04-22T09:26:30Z  465.468  -71.226  57.935  1.61673E-16  SWARM-A  13.328  288.650
2018-04-22T09:27:00Z  464.987  -69.331  58.585  1.70042E-16  SWARM-A  13.380  290.572
2018-04-22T09:27:30Z  464.465  -67.433  59.110  1.78706E-16  SWARM-A  13.423  292.494
2018-04-22T09:28:00Z  463.904  -65.532  59.539  1.87669E-16  SWARM-A  13.460  294.417
2018-04-22T09:28:30Z  463.307  -63.628  59.892  1.96871E-16  SWARM-A  13.492  296.339
2018-04-22T09:29:00Z  462.675  -61.722  60.186  2.06261E-16  SWARM-A  13.520  298.261
2018-04-22T09:29:30Z  462.012  -59.814  60.431  2.15846E-16  SWARM-A  13.544  300.184
2018-04-22T09:30:00Z  461.319  -57.905  60.636  2.25606E-16  SWARM-A  13.566  302.107
