2015-03-16T05:30:00Z  463.526  59.410  -141.757  9.87468E-16  SWARM-A  19.903  59.387
2015-03-16T05:30:30Z  463.907  61.320  -141.521  9.86164E-16  SWARM-A  19.927  61.311
2015-03-16T05:31:00Z  464.274  63.228  -141.239  9.82936E-16  SWARM-A  19.954  63.235
2015-03-16T05:31:30Z  464.627  65.134  -140.899  9.77739E-16  SWARM-A  19.985  65.160
2015-03-16T05:32:00Z  464.962  67.038  -140.487  9.69851E-16  SWARM-A  20.021  67.084
2015-03-16T05:32:30Z  465.279  68.939  -139.984  9.59524E-16  SWARM-A  20.063  69.008
2015-03-16T05:33:00Z  465.574  70.837  -139.363  9.48747E-16  SWARM-A  20.112  70.933
2015-03-16T05:33:30Z  465.848  72.731  -138.585  9.37717E-16  SWARM-A  20.173  72.857
2015-03-16T05:34:00Z  466.097  74.619  -137.592  9.27030E-16  SWARM-A  20.247  74.782
2015-03-16T05:34:30Z  466.321  76.500  -136.296  9.17033E-16  SWARM-A  20.342  76.706
2015-03-16T05:35:00Z  466.519  78.371  -134.551  9.09236E-16  SWARM-A  20.466  78.631
2015-03-16T05:35:30Z  466.689  80.224  -132.105  9.01947E-16  SWARM-A  20.638  80.556
2015-03-16T05:36:00Z  466.831  82.049  -128.483  8.95211E-16  SWARM-A  20.888  82.480
2015-03-16T05:36:30Z  466.943  83.820  -122.691  8.88782E-16  SWARM-A  21.282  84.405
2015-03-16T05:37:00Z  467.026  85.476  -112.401  8.82461E-16  SWARM-A  21.976  86.329
2015-03-16T05:37:30Z  467.078  86.828  -91.940  8.74741E-16  SWARM-A  23.349  88.254
2015-03-16T05:38:00Z  467.100  87.360  -55.041  8.66073E-16  SWARM-A  1.817  90.179
2015-03-16T05:38:30Z  467.092  86.655  -20.335  8.56448E-16  SWARM-A  4.139  92.103
2015-03-16T05:39:00Z  467.053  85.234  -1.999  8.46551E-16  SWARM-A  5.370  94.028
2015-03-16T05:39:30Z  466.983  83.554  7.347  8.36742E-16  SWARM-A  6.001  95.953
2015-03-16T05:40:00Z  466.884  81.771  12.703  8.26877E-16  SWARM-A  6.367  97.877
2015-03-16T05:40:30Z  466.755  79.941  16.099  8.16863E-16  SWARM-A  6.601  99.802
2015-03-16T05:41:00Z  466.598  78.084  18.414  8.07307E-16  SWARM-A  6.764  101.726
2015-03-16T05:41:30Z  466.414  76.212  20.077  7.98261E-16  SWARM-A  6.883  103.651
2015-03-16T05:42:00Z  466.203  74.330  21.319  7.89754E-16  SWARM-A  6.974  105.575
2015-03-16T05:42:30Z  465.966  72.441  22.274  7.81717E-16  SWARM-A  7.046  107.500
2015-03-16T05:43:00Z  465.706  70.546  23.025  7.73925E-16  SWARM-A  7.105  109.424
2015-03-16T05:43:30Z  465.423  68.648  23.625  7.66209E-16  SWARM-A  7.153  111.348
2015-03-16T05:44:00Z  465.120  66.746  24.113  7.58449E-16  SWARM-A  7.194  113.273
2015-03-16T05:44:30Z  464.797  64.842  24.512  7.50625E-16  SWARM-A  7.229  115.197
2015-03-16T05:45:00Z  464.458  62.936  24.842  7.43041E-16  SWARM-A  7.259  117.121
2015-03-16T05:45:30Z  464.104  61.027  25.117  7.35734E-16  SWARM-A  7.286  119.045
2015-03-16T05:46:00Z  463.736  59.118  25.346  7.28193E-16  SWARM-A  7.310  120.970
2015-03-16T05:46:30Z  463.358  57.206  25.538  7.21079E-16  SWARM-A  7.331  122.894
2015-03-16T05:47:00Z  462.971  55.293  25.699  7.14451E-16  SWARM-A  7.350  124.818
2015-03-16T05:47:30Z  462.578  53.379  25.833  7.08405E-16  SWARM-A  7.367  126.741
2015-03-16T05:48:00Z  462.181  51.464  25.946  7.02728E-16  SWARM-A  7.383  128.665
2015-03-16T05:48:30Z  461.783  49.548  26.039  6.97434E-16  SWARM-A  7.397  130.589
2015-03-16T05:49:00Z  461.385  47.630  26.115  6.92467E-16  SWARM-A  7.411  132.513
2015-03-16T05:49:30Z  460.991  45.712  26.178  6.87849E-16  SWARM-A  7.423  134.436
2015-03-16T05:50:00Z  460.603  43.792  26.228  6.83450E-16  SWARM-A  7.435  136.360
2015-03-16T05:50:30Z  460.224  41.872  26.267  6.79520E-16  SWARM-A  7.446  138.283
2015-03-16T05:51:00Z  459.855  39.950  26.296  6.75934E-16  SWARM-A  7.456  140.206
2015-03-16T05:51:30Z  459.500  38.028  26.318  6.72683E-16  SWARM-A  7.466  142.129
2015-03-16T05:52:00Z  459.160  36.105  26.331  6.69843E-16  SWARM-A  7.475  144.052
2015-03-16T05:52:30Z  458.839  34.181  26.338  6.67466E-16  SWARM-A  7.484  145.975
2015-03-16T05:53:00Z  458.538  32.256  26.340  6.65450E-16  SWARM-A  7.493  147.898
2015-03-16T05:53:30Z  458.260  30.331  26.336  6.63813E-16  SWARM-A  7.501  149.821
2015-03-16T05:54:00Z  458.007  28.404  26.327  6.62586E-16  SWARM-A  7.508  151.744
2015-03-16T05:54:30Z  457.781  26.478  26.314  6.61807E-16  SWARM-A  7.516  153.666
2015-03-16T05:55:00Z  457.583  24.550  26.298  6.61445E-16  SWARM-A  7.523  155.588
2015-03-16T05:55:30Z  457.417  22.622  26.278  6.61495E-16  SWARM-A  7.530  157.511
2015-03-16T05:56:00Z  457.283  20.694  26.255  6.61963E-16  SWARM-A  7.537  159.433
2015-03-16T05:56:30Z  457.183  18.765  26.230  6.62790E-16  SWARM-A  7.544  161.355
2015-03-16T05:57:00Z  457.118  16.835  26.202  6.63943E-16  SWARM-A  7.550  163.276
2015-03-16T05:57:30Z  457.090  14.906  26.173  6.65381E-16  SWARM-A  7.556  165.198
2015-03-16T05:58:00Z  457.100  12.976  26.142  6.67095E-16  SWARM-A  7.563  167.119
2015-03-16T05:58:30Z  457.149  11.046  26.109  6.69086E-16  SWARM-A  7.569  169.041
2015-03-16T05:59:00Z  457.238  9.115  26.076  6.71261E-16  SWARM-A  7.575  170.962
2015-03-16T05:59:30Z  457.366  7.185  26.041  6.73635E-16  SWARM-A  7.581  172.883
2015-03-16T06:00:00Z  457.536  5.254  26.005  6.75619E-16  SWARM-A  7.587  174.804
2015-03-16T06:00:30Z  457.746  3.324  25.969  6.78188E-16  SWARM-A  7.593  176.724
2015-03-16T06:01:00Z  457.997  1.393  25.933  6.80852E-16  SWARM-A  7.599  178.645
2015-03-16T06:01:30Z  458.290  -0.537  25.896  6.83574E-16  SWARM-A  7.605  180.565
2015-03-16T06:02:00Z  458.622  -2.467  25.860  6.86334E-16  SWARM-A  7.611  182.486
2015-03-16T06:02:30Z  458.995  -4.397  25.823  6.89124E-16  SWARM-A  7.616  184.406
2015-03-16T06:03:00Z  459.408  -6.327  25.787  6.91884E-16  SWARM-A  7.622  186.325
2015-03-16T06:03:30Z  459.859  -8.256  25.752  6.94608E-16  SWARM-A  7.628  188.245
2015-03-16T06:04:00Z  460.347  -10.185  25.718  6.97257E-16  SWARM-A  7.634  190.165
2015-03-16T06:04:30Z  460.872  -12.113  25.685  6.99781E-16  SWARM-A  7.641  192.084
2015-03-16T06:05:00Z  461.432  -14.041  25.653  7.02256E-16  SWARM-A  7.647  194.003
2015-03-16T06:05:30Z  462.025  -15.968  25.622  7.04632E-16  SWARM-A  7.653  195.922
2015-03-16T06:06:00Z  462.649  -17.895  25.594  7.06908E-16  SWARM-A  7.660  197.841
2015-03-16T06:06:30Z  463.304  -19.821  25.567  7.09018E-16  SWARM-A  7.666  199.759
2015-03-16T06:07:00Z  463.986  -21.746  25.543  7.10961E-16  SWARM-A  7.673  201.678
2015-03-16T06:07:30Z  464.693  -23.670  25.522  7.12716E-16  SWARM-A  7.680  203.596
2015-03-16T06:08:00Z  465.424  -25.593  25.504  7.14319E-16  SWARM-A  7.687  205.514
2015-03-16T06:08:30Z  466.175  -27.516  25.489  7.15693E-16  SWARM-A  7.694  207.432
2015-03-16T06:09:00Z  466.945  -29.438  25.478  7.16860E-16  SWARM-A  7.702  209.350
2015-03-16T06:09:30Z  467.730  -31.358  25.471  7.17838E-16  SWARM-A  7.710  211.267
2015-03-16T06:10:00Z  468.529  -33.278  25.470  7.18625E-16  SWARM-A  7.718  213.185
2015-03-16T06:10:30Z  469.338  -35.197  25.473  7.19225E-16  SWARM-A  7.727  215.102
2015-03-16T06:11:00Z  470.154  -37.114  25.483  7.19659E-16  SWARM-A  7.736  217.019
2015-03-16T06:11:30Z  470.975  -39.031  25.500  7.19963E-16  SWARM-A  7.745  218.936
2015-03-16T06:12:00Z  471.798  -40.946  25.525  7.20145E-16  SWARM-A  7.755  220.853
2015-03-16T06:12:30Z  472.619  -42.860  25.559  7.19622E-16  SWARM-A  7.766  222.769
2015-03-16T06:13:00Z  473.437  -44.773  25.603  7.18671E-16  SWARM-A  7.777  224.686
2015-03-16T06:13:30Z  474.247  -46.685  25.658  7.17740E-16  SWARM-A  7.789  226.602
2015-03-16T06:14:00Z  475.047  -48.596  25.727  7.16853E-16  SWARM-A  7.802  228.518
2015-03-16T06:14:30Z  475.834  -50.505  25.811  7.16079E-16  SWARM-A  7.816  230.434
2015-03-16T06:15:00Z  476.606  -52.413  25.912  7.15478E-16  SWARM-A  7.831  232.350
2015-03-16T06:15:30Z  477.359  -54.320  26.034  7.15136E-16  SWARM-A  7.847  234.266
2015-03-16T06:16:00Z  478.090  -56.225  26.179  7.15125E-16  SWARM-A  7.865  236.181
2015-03-16T06:16:30Z  478.797  -58.128  26.353  7.15418E-16  SWARM-A  7.885  238.097
2015-03-16T06:17:00Z  479.477  -60.031  26.560  7.15914E-16  SWARM-A  7.907  240.012
2015-03-16T06:17:30Z  480.129  -61.931  26.808  7.16760E-16  SWARM-A  7.932  241.928
2015-03-16T06:18:00Z  480.748  -63.829  27.105  7.17972E-16  SWARM-A  7.960  243.843
2015-03-16T06:18:30Z  481.334  -65.726  27.463  7.19051E-16  SWARM-A  7.993  245.758
2015-03-16T06:19:00Z  481.883  -67.620  27.898  7.20108E-16  SWARM-A  8.030  247.673
2015-03-16T06:19:30Z  482.394  -69.511  28.430  7.21397E-16  SWARM-A  8.074  249.588
2015-03-16T06:20:00Z  482.865  -71.398  29.089  7.22809E-16  SWARM-A  8.126  251.503
2015-03-16T06:20:30Z  483.294  -73.281  29.918  7.24238E-16  SWARM-A  8.190  253.418
2015-03-16T06:21:00Z  483.679  -75.158  30.981  7.25494E-16  SWARM-A  8.269  255.332
2015-03-16T06:21:30Z  484.020  -77.027  32.378  7.25694E-16  SWARM-A  8.370  257.247
2015-03-16T06:22:00Z  484.314  -78.884  34.275  7.26031E-16  SWARM-A  8.505  259.162
2015-03-16T06:22:30Z  484.560  -80.721  36.965  7.26693E-16  SWARM-A  8.693  261.076
2015-03-16T06:23:00Z  484.759  -82.526  41.015  7.27128E-16  SWARM-A  8.971  262.991
2015-03-16T06:23:30Z  484.908  -84.266  47.636  7.28023E-16  SWARM-A  9.421  264.905
2015-03-16T06:24:00Z  485.007  -85.862  59.738  7.30380E-16  SWARM-A  10.236  266.820
2015-03-16T06:24:30Z  485.057  -87.067  84.034  7.33061E-16  SWARM-A  11.864  268.734
2015-03-16T06:25:00Z  485.056  -87.294  123.097  7.35901E-16  SWARM-A  14.477  270.649
2015-03-16T06:25:30Z  485.005  -86.356  153.559  7.37841E-16  SWARM-A  16.516  272.563
2015-03-16T06:26:00Z  484.904  -84.856  168.974  7.39269E-16  SWARM-A  17.552  274.478
2015-03-16T06:26:30Z  484.753  -83.152  177.059  7.38881E-16  SWARM-A  18.099  276.393
2015-03-16T06:27:00Z  484.553  -81.365  -178.172  7.38081E-16  SWARM-A  18.425  278.307
2015-03-16T06:27:30Z  484.304  -79.537  -175.087  7.37009E-16  SWARM-A  18.639  280.222
2015-03-16T06:28:00Z  484.008  -77.686  -172.952  7.35926E-16  SWARM-A  18.790  282.136
2015-03-16T06:28:30Z  483.666  -75.821  -171.401  7.35052E-16  SWARM-A  18.902  284.051
2015-03-16T06:29:00Z  483.279  -73.947  -170.234  7.34392E-16  SWARM-A  18.988  285.966
2015-03-16T06:29:30Z  482.847  -72.066  -169.331  7.34063E-16  SWARM-A  19.056  287.881
2015-03-16T06:30:00Z  482.374  -70.180  -168.618  7.34612E-16  SWARM-A  19.112  289.796
2015-03-16T06:30:30Z  481.860  -68.290  -168.044  7.35888E-16  SWARM-A  19.159  291.711
2015-03-16T06:31:00Z  481.308  -66.397  -167.578  7.37941E-16  SWARM-A  19.198  293.626
2015-03-16T06:31:30Z  480.719  -64.501  -167.195  7.40651E-16  SWARM-A  19.232  295.541
2015-03-16T06:32:00Z  480.096  -62.603  -166.878  7.43889E-16  SWARM-A  19.262  297.456
2015-03-16T06:32:30Z  479.441  -60.703  -166.613  7.47087E-16  SWARM-A  19.287  299.372
2015-03-16T06:33:00Z  478.756  -58.802  -166.392  7.50048E-16  SWARM-A  19.311  301.287
2015-03-16T06:33:30Z  478.044  -56.898  -166.207  7.52533E-16  SWARM-A  19.331  303.203
2015-03-16T06:34:00Z  477.307  -54.994  -166.052  7.54805E-16  SWARM-A  19.350  305.119
2015-03-16T06:34:30Z  476.549  -53.087  -165.923  7.57179E-16  SWARM-A  19.367  307.034
2015-03-16T06:35:00Z  475.771  -51.180  -165.815  7.60353E-16  SWARM-A  19.382  308.950
2015-03-16T06:35:30Z  474.977  -49.271  -165.725  7.64096E-16  SWARM-A  19.397  310.867
2015-03-16T06:36:00Z  474.169  -47.360  -165.651  7.69199E-16  SWARM-A  19.410  312.783
2015-03-16T06:36:30Z  473.351  -45.449  -165.591  7.75396E-16  SWARM-A  19.422  314.699
2015-03-16T06:37:00Z  472.525  -43.536  -165.544  7.82230E-16  SWARM-A  19.434  316.616
2015-03-16T06:37:30Z  471.694  -41.622  -165.506  7.89375E-16  SWARM-A  19.445  318.533
2015-03-16T06:38:00Z  470.861  -39.707  -165.478  7.96657E-16  SWARM-A  19.455  320.450
2015-03-16T06:38:30Z  470.030  -37.790  -165.459  8.04024E-16  SWARM-A  19.464  322.367
2015-03-16T06:39:00Z  469.203  -35.873  -165.446  8.11518E-16  SWARM-A  19.474  324.284
2015-03-16T06:39:30Z  468.383  -33.954  -165.440  8.19165E-16  SWARM-A  19.482  326.201
2015-03-16T06:40:00Z  467.572  -32.035  -165.440  8.26964E-16  SWARM-A  19.491  328.119
2015-03-16T06:40:30Z  466.775  -30.114  -165.445  8.35018E-16  SWARM-A  19.499  330.037
2015-03-16T06:41:00Z  465.992  -28.193  -165.454  8.43313E-16  SWARM-A  19.506  331.955
2015-03-16T06:41:30Z  465.228  -26.270  -165.468  8.51858E-16  SWARM-A  19.514  333.873
2015-03-16T06:42:00Z  464.484  -24.347  -165.485  8.60623E-16  SWARM-A  19.521  335.791
2015-03-16T06:42:30Z  463.763  -22.423  -165.505  8.69537E-16  SWARM-A  19.528  337.709
2015-03-16T06:43:00Z  463.067  -20.497  -165.529  8.78535E-16  SWARM-A  19.535  339.628
2015-03-16T06:43:30Z  462.399  -18.572  -165.554  8.87525E-16  SWARM-A  19.541  341.547
2015-03-16T06:44:00Z  461.761  -16.645  -165.582  8.96450E-16  SWARM-A  19.548  343.466
2015-03-16T06:44:30Z  461.154  -14.718  -165.612  9.05206E-16  SWARM-A  19.554  345.385
2015-03-16T06:45:00Z  460.580  -12.790  -165.643  9.13461E-16  SWARM-A  19.561  347.304
2015-03-16T06:45:30Z  460.041  -10.862  -165.676  9.22031E-16  SWARM-A  19.567  349.224
2015-03-16T06:46:00Z  459.538  -8.933  -165.710  9.29852E-16  SWARM-A  19.573  351.144
2015-03-16T06:46:30Z  459.073  -7.003  -165.745  9.37217E-16  SWARM-A  19.579  353.063
2015-03-16T06:47:00Z  458.647  -5.073  -165.781  9.44106E-16  SWARM-A  19.585  354.984
2015-03-16T06:47:30Z  458.260  -3.143  -165.817  9.50519E-16  SWARM-A  19.591  356.904
2015-03-16T06:48:00Z  457.914  -1.213  -165.853  9.56481E-16  SWARM-A  19.597  358.824
2015-03-16T06:48:30Z  457.608  0.718  -165.890  9.61962E-16  SWARM-A  19.602  0.745
2015-03-16T06:49:00Z  457.344  2.648  -165.926  9.67030E-16  SWARM-A  19.608  2.665
2015-03-16T06:49:30Z  457.121  4.579  -165.963  9.71696E-16  SWARM-A  19.614  4.586
2015-03-16T06:50:00Z  456.940  6.510  -165.998  9.75948E-16  SWARM-A  19.620  6.507
2015-03-16T06:50:30Z  456.800  8.441  -166.033  9.79899E-16  SWARM-A  19.626  8.429
2015-03-16T06:51:00Z  456.701  10.371  -166.068  9.83622E-16  SWARM-A  19.632  10.350
2015-03-16T06:51:30Z  456.643  12.302  -166.101  9.87110E-16  SWARM-A  19.638  12.272
2015-03-16T06:52:00Z  456.624  14.232  -166.132  9.90448E-16  SWARM-A  19.645  14.193
2015-03-16T06:52:30Z  456.643  16.162  -166.162  9.93540E-16  SWARM-A  19.651  16.115
2015-03-16T06:53:00Z  456.701  18.092  -166.191  9.96408E-16  SWARM-A  19.657  18.037
2015-03-16T06:53:30Z  456.794  20.021  -166.217  9.99306E-16  SWARM-A  19.664  19.959
2015-03-16T06:54:00Z  456.923  21.950  -166.240  1.00203E-15  SWARM-A  19.671  21.881
2015-03-16T06:54:30Z  457.086  23.879  -166.261  1.00456E-15  SWARM-A  19.678  23.804
2015-03-16T06:55:00Z  457.280  25.806  -166.279  1.00686E-15  SWARM-A  19.685  25.726
2015-03-16T06:55:30Z  457.504  27.734  -166.293  1.00902E-15  SWARM-A  19.692  27.649
2015-03-16T06:56:00Z  457.756  29.660  -166.303  1.01099E-15  SWARM-A  19.700  29.572
2015-03-16T06:56:30Z  458.034  31.586  -166.309  1.01277E-15  SWARM-A  19.708  31.495
2015-03-16T06:57:00Z  458.337  33.512  -166.310  1.01434E-15  SWARM-A  19.716  33.418
2015-03-16T06:57:30Z  458.661  35.436  -166.305  1.01574E-15  SWARM-A  19.725  35.341
2015-03-16T06:58:00Z  459.004  37.360  -166.293  1.01669E-15  SWARM-A  19.734  37.264
2015-03-16T06:58:30Z  459.365  39.282  -166.275  1.01643E-15  SWARM-A  19.743  39.187
2015-03-16T06:59:00Z  459.741  41.204  -166.248  1.01594E-15  SWARM-A  19.754  41.111
2015-03-16T06:59:30Z  460.129  43.125  -166.213  1.01521E-15  SWARM-A  19.764  43.034
2015-03-16T07:00:00Z  460.526  45.045  -166.167  1.01424E-15  SWARM-A  19.776  44.958
2015-03-16T07:00:30Z  460.931  46.964  -166.109  1.01305E-15  SWARM-A  19.788  46.882
2015-03-16T07:01:00Z  461.341  48.883  -166.037  1.01173E-15  SWARM-A  19.801  48.805
2015-03-16T07:01:30Z  461.752  50.799  -165.950  1.01035E-15  SWARM-A  19.815  50.729
2015-03-16T07:02:00Z  462.164  52.715  -165.845  1.00899E-15  SWARM-A  19.830  52.653
2015-03-16T07:02:30Z  462.572  54.630  -165.719  1.00798E-15  SWARM-A  19.847  54.577
2015-03-16T07:03:00Z  462.976  56.543  -165.568  1.00760E-15  SWARM-A  19.866  56.501
2015-03-16T07:03:30Z  463.372  58.455  -165.388  1.00767E-15  SWARM-A  19.886  58.425
2015-03-16T07:04:00Z  463.758  60.366  -165.172  1.00796E-15  SWARM-A  19.909  60.350
2015-03-16T07:04:30Z  464.131  62.275  -164.914  1.00839E-15  SWARM-A  19.934  62.274
2015-03-16T07:05:00Z  464.491  64.182  -164.605  1.00814E-15  SWARM-A  19.963  64.198
2015-03-16T07:05:30Z  464.835  66.087  -164.231  1.00625E-15  SWARM-A  19.996  66.123
2015-03-16T07:06:00Z  465.160  67.990  -163.777  1.00054E-15  SWARM-A  20.035  68.047
2015-03-16T07:06:30Z  465.465  69.889  -163.219  9.92550E-16  SWARM-A  20.081  69.971
2015-03-16T07:07:00Z  465.749  71.785  -162.526  9.83396E-16  SWARM-A  20.135  71.896
2015-03-16T07:07:30Z  466.009  73.677  -161.650  9.73356E-16  SWARM-A  20.202  73.820
2015-03-16T07:08:00Z  466.245  75.562  -160.519  9.64222E-16  SWARM-A  20.286  75.745
2015-03-16T07:08:30Z  466.455  77.438  -159.022  9.56308E-16  SWARM-A  20.394  77.669
2015-03-16T07:09:00Z  466.638  79.301  -156.969  9.49163E-16  SWARM-A  20.539  79.594
2015-03-16T07:09:30Z  466.793  81.142  -154.017  9.42962E-16  SWARM-A  20.744  81.518
2015-03-16T07:10:00Z  466.919  82.945  -149.489  9.36784E-16  SWARM-A  21.054  83.443
2015-03-16T07:10:30Z  467.015  84.670  -141.884  9.30143E-16  SWARM-A  21.570  85.368
2015-03-16T07:11:00Z  467.081  86.213  -127.527  9.23666E-16  SWARM-A  22.535  87.292
2015-03-16T07:11:30Z  467.117  87.244  -98.767  9.17932E-16  SWARM-A  0.461  89.217
2015-03-16T07:12:00Z  467.122  87.143  -59.083  9.11463E-16  SWARM-A  3.115  91.141
2015-03-16T07:12:30Z  467.096  85.996  -33.048  9.03233E-16  SWARM-A  4.859  93.066
2015-03-16T07:13:00Z  467.041  84.412  -20.131  8.94872E-16  SWARM-A  5.728  94.991
2015-03-16T07:13:30Z  466.954  82.670  -13.161  8.86539E-16  SWARM-A  6.201  96.915
2015-03-16T07:14:00Z  466.839  80.860  -8.943  8.78089E-16  SWARM-A  6.491  98.840
2015-03-16T07:14:30Z  466.694  79.015  -6.162  8.69814E-16  SWARM-A  6.684  100.764
2015-03-16T07:15:00Z  466.521  77.150  -4.211  8.61853E-16  SWARM-A  6.823  102.689
2015-03-16T07:15:30Z  466.322  75.272  -2.781  8.54247E-16  SWARM-A  6.926  104.613
2015-03-16T07:16:00Z  466.096  73.386  -1.696  8.47206E-16  SWARM-A  7.007  106.538
2015-03-16T07:16:30Z  465.845  71.494  -0.852  8.40623E-16  SWARM-A  7.072  108.462
2015-03-16T07:17:00Z  465.571  69.597  -0.182  8.33153E-16  SWARM-A  7.125  110.387
2015-03-16T07:17:30Z  465.276  67.697  0.358  8.25694E-16  SWARM-A  7.169  112.311
2015-03-16T07:18:00Z  464.960  65.794  0.799  8.18224E-16  SWARM-A  7.207  114.235
2015-03-16T07:18:30Z  464.627  63.889  1.161  8.10673E-16  SWARM-A  7.239  116.160
2015-03-16T07:19:00Z  464.277  61.981  1.462  8.02950E-16  SWARM-A  7.268  118.084
2015-03-16T07:19:30Z  463.913  60.072  1.713  7.95199E-16  SWARM-A  7.293  120.008
2015-03-16T07:20:00Z  463.537  58.162  1.922  7.87705E-16  SWARM-A  7.315  121.932
2015-03-16T07:20:30Z  463.151  56.250  2.098  7.80550E-16  SWARM-A  7.335  123.856
2015-03-16T07:21:00Z  462.758  54.336  2.245  7.73660E-16  SWARM-A  7.353  125.780
2015-03-16T07:21:30Z  462.360  52.421  2.368  7.67143E-16  SWARM-A  7.370  127.704
2015-03-16T07:22:00Z  461.959  50.506  2.470  7.60798E-16  SWARM-A  7.385  129.628
2015-03-16T07:22:30Z  461.558  48.589  2.554  7.54602E-16  SWARM-A  7.399  131.551
2015-03-16T07:23:00Z  461.159  46.671  2.623  7.48527E-16  SWARM-A  7.412  133.475
2015-03-16T07:23:30Z  460.764  44.751  2.679  7.42615E-16  SWARM-A  7.424  135.398
2015-03-16T07:24:00Z  460.377  42.831  2.724  7.36877E-16  SWARM-A  7.435  137.322
2015-03-16T07:24:30Z  460.000  40.910  2.758  7.31327E-16  SWARM-A  7.446  139.245
2015-03-16T07:25:00Z  459.635  38.989  2.783  7.25986E-16  SWARM-A  7.456  141.168
2015-03-16T07:25:30Z  459.284  37.066  2.800  7.20871E-16  SWARM-A  7.465  143.092
2015-03-16T07:26:00Z  458.951  35.142  2.810  7.16037E-16  SWARM-A  7.474  145.015
2015-03-16T07:26:30Z  458.637  33.218  2.814  7.11493E-16  SWARM-A  7.483  146.938
2015-03-16T07:27:00Z  458.344  31.293  2.813  7.07282E-16  SWARM-A  7.491  148.860
2015-03-16T07:27:30Z  458.076  29.367  2.807  7.03485E-16  SWARM-A  7.499  150.783
2015-03-16T07:28:00Z  457.833  27.440  2.796  7.00100E-16  SWARM-A  7.507  152.706
2015-03-16T07:28:30Z  457.618  25.513  2.781  6.97177E-16  SWARM-A  7.514  154.628
2015-03-16T07:29:00Z  457.434  23.585  2.763  6.94693E-16  SWARM-A  7.521  156.550
2015-03-16T07:29:30Z  457.281  21.657  2.741  6.92610E-16  SWARM-A  7.528  158.472
2015-03-16T07:30:00Z  457.161  19.728  2.717  6.90941E-16  SWARM-A  7.535  160.394
2015-03-16T07:30:30Z  457.076  17.799  2.691  6.89674E-16  SWARM-A  7.541  162.316
2015-03-16T07:31:00Z  457.027  15.870  2.662  6.88774E-16  SWARM-A  7.548  164.238
2015-03-16T07:31:30Z  457.016  13.940  2.632  6.88240E-16  SWARM-A  7.554  166.160
2015-03-16T07:32:00Z  457.043  12.010  2.600  6.88000E-16  SWARM-A  7.560  168.081
2015-03-16T07:32:30Z  457.109  10.079  2.567  6.88039E-16  SWARM-A  7.566  170.002
2015-03-16T07:33:00Z  457.216  8.149  2.533  6.88283E-16  SWARM-A  7.572  171.924
2015-03-16T07:33:30Z  457.363  6.218  2.497  6.88700E-16  SWARM-A  7.578  173.845
2015-03-16T07:34:00Z  457.550  4.288  2.462  6.89285E-16  SWARM-A  7.584  175.765
2015-03-16T07:34:30Z  457.779  2.357  2.425  6.89971E-16  SWARM-A  7.590  177.686
2015-03-16T07:35:00Z  458.049  0.427  2.389  6.90686E-16  SWARM-A  7.596  179.607
2015-03-16T07:35:30Z  458.359  -1.504  2.352  6.91456E-16  SWARM-A  7.602  181.527
2015-03-16T07:36:00Z  458.710  -3.434  2.316  6.92192E-16  SWARM-A  7.608  183.447
2015-03-16T07:36:30Z  459.101  -5.364  2.279  6.92949E-16  SWARM-A  7.614  185.367
2015-03-16T07:37:00Z  459.530  -7.293  2.244  6.93630E-16  SWARM-A  7.620  187.287
2015-03-16T07:37:30Z  459.998  -9.222  2.209  6.94320E-16  SWARM-A  7.626  189.206
2015-03-16T07:38:00Z  460.503  -11.151  2.175  6.94859E-16  SWARM-A  7.632  191.126
2015-03-16T07:38:30Z  461.044  -13.079  2.142  6.95312E-16  SWARM-A  7.638  193.045
2015-03-16T07:39:00Z  461.618  -15.007  2.111  6.95741E-16  SWARM-A  7.644  194.964
2015-03-16T07:39:30Z  462.226  -16.934  2.082  6.96220E-16  SWARM-A  7.651  196.883
2015-03-16T07:40:00Z  462.864  -18.860  2.054  6.96779E-16  SWARM-A  7.657  198.802
2015-03-16T07:40:30Z  463.531  -20.785  2.029  6.97345E-16  SWARM-A  7.664  200.721
2015-03-16T07:41:00Z  464.224  -22.710  2.006  6.98064E-16  SWARM-A  7.671  202.639
2015-03-16T07:41:30Z  464.942  -24.634  1.986  6.98950E-16  SWARM-A  7.678  204.557
2015-03-16T07:42:00Z  465.683  -26.557  1.970  7.00071E-16  SWARM-A  7.685  206.475
2015-03-16T07:42:30Z  466.443  -28.479  1.957  7.01412E-16  SWARM-A  7.692  208.393
2015-03-16T07:43:00Z  467.220  -30.400  1.948  7.03003E-16  SWARM-A  7.700  210.311
2015-03-16T07:43:30Z  468.012  -32.321  1.944  7.04873E-16  SWARM-A  7.708  212.228
2015-03-16T07:44:00Z  468.815  -34.240  1.945  7.07013E-16  SWARM-A  7.717  214.146
2015-03-16T07:44:30Z  469.628  -36.158  1.951  7.09457E-16  SWARM-A  7.725  216.063
2015-03-16T07:45:00Z  470.447  -38.075  1.965  7.12207E-16  SWARM-A  7.735  217.980
2015-03-16T07:45:30Z  471.269  -39.991  1.986  7.15295E-16  SWARM-A  7.744  219.897
2015-03-16T07:46:00Z  472.092  -41.906  2.015  7.18754E-16  SWARM-A  7.755  221.814
2015-03-16T07:46:30Z  472.912  -43.820  2.053  7.22545E-16  SWARM-A  7.766  223.730
2015-03-16T07:47:00Z  473.727  -45.732  2.103  7.26463E-16  SWARM-A  7.777  225.647
2015-03-16T07:47:30Z  474.533  -47.644  2.165  7.29616E-16  SWARM-A  7.790  227.563
2015-03-16T07:48:00Z  475.328  -49.554  2.240  7.33174E-16  SWARM-A  7.803  229.479
2015-03-16T07:48:30Z  476.109  -51.462  2.333  7.37117E-16  SWARM-A  7.817  231.395
2015-03-16T07:49:00Z  476.873  -53.370  2.444  7.41468E-16  SWARM-A  7.833  233.311
2015-03-16T07:49:30Z  477.617  -55.276  2.577  7.46367E-16  SWARM-A  7.850  235.227
2015-03-16T07:50:00Z  478.338  -57.180  2.736  7.51751E-16  SWARM-A  7.869  237.142
2015-03-16T07:50:30Z  479.033  -59.083  2.926  7.57560E-16  SWARM-A  7.890  239.058
2015-03-16T07:51:00Z  479.701  -60.984  3.152  7.63807E-16  SWARM-A  7.914  240.973
2015-03-16T07:51:30Z  480.339  -62.884  3.423  7.70248E-16  SWARM-A  7.940  242.889
2015-03-16T07:52:00Z  480.943  -64.781  3.750  7.76540E-16  SWARM-A  7.970  244.804
2015-03-16T07:52:30Z  481.513  -66.677  4.144  7.83254E-16  SWARM-A  8.005  246.719
2015-03-16T07:53:00Z  482.046  -68.569  4.624  7.90511E-16  SWARM-A  8.045  248.634
2015-03-16T07:53:30Z  482.539  -70.459  5.215  7.98149E-16  SWARM-A  8.093  250.549
2015-03-16T07:54:00Z  482.992  -72.344  5.953  8.04041E-16  SWARM-A  8.151  252.464
2015-03-16T07:54:30Z  483.402  -74.224  6.889  8.10143E-16  SWARM-A  8.221  254.379
2015-03-16T07:55:00Z  483.768  -76.098  8.104  8.16559E-16  SWARM-A  8.311  256.293
2015-03-16T07:55:30Z  484.088  -77.961  9.725  8.22971E-16  SWARM-A  8.427  258.208
2015-03-16T07:56:00Z  484.361  -79.809  11.971  8.31094E-16  SWARM-A  8.585  260.123
2015-03-16T07:56:30Z  484.586  -81.633  15.245  8.39723E-16  SWARM-A  8.812  262.037
2015-03-16T07:57:00Z  484.763  -83.411  20.365  8.48481E-16  SWARM-A  9.161  263.952
2015-03-16T07:57:30Z  484.891  -85.095  29.191  8.57437E-16  SWARM-A  9.758  265.867
2015-03-16T07:58:00Z  484.968  -86.545  46.296  8.65458E-16  SWARM-A  10.907  267.781
2015-03-16T07:58:30Z  484.996  -87.344  79.303  8.73415E-16  SWARM-A  13.116  269.696
2015-03-16T07:59:00Z  484.973  -86.933  117.183  8.81455E-16  SWARM-A  15.649  271.610
2015-03-16T07:59:30Z  484.900  -85.642  139.112  8.88997E-16  SWARM-A  17.119  273.525
2015-03-16T08:00:00Z  484.778  -84.016  150.096  8.96022E-16  SWARM-A  17.860  275.439
2015-03-16T08:00:30Z  484.606  -82.262  156.213  9.02583E-16  SWARM-A  18.276  277.354
2015-03-16T08:01:00Z  484.385  -80.451  160.007  9.08799E-16  SWARM-A  18.537  279.269
2015-03-16T08:01:30Z  484.116  -78.610  162.553  9.14530E-16  SWARM-A  18.716  281.183
2015-03-16T08:02:00Z  483.800  -76.751  164.362  9.19810E-16  SWARM-A  18.844  283.098
2015-03-16T08:02:30Z  483.439  -74.881  165.700  9.24547E-16  SWARM-A  18.942  285.013
2015-03-16T08:03:00Z  483.033  -73.003  166.723  9.28898E-16  SWARM-A  19.019  286.928
2015-03-16T08:03:30Z  482.584  -71.119  167.523  9.32976E-16  SWARM-A  19.080  288.843
2015-03-16T08:04:00Z  482.094  -69.231  168.161  9.37186E-16  SWARM-A  19.131  290.758
2015-03-16T08:04:30Z  481.564  -67.339  168.677  9.41520E-16  SWARM-A  19.174  292.673
2015-03-16T08:05:00Z  480.997  -65.445  169.099  9.45380E-16  SWARM-A  19.210  294.588
2015-03-16T08:05:30Z  480.395  -63.548  169.447  9.49635E-16  SWARM-A  19.242  296.503
2015-03-16T08:06:00Z  479.759  -61.649  169.737  9.54252E-16  SWARM-A  19.269  298.418
2015-03-16T08:06:30Z  479.092  -59.748  169.978  9.59597E-16  SWARM-A  19.294  300.334
2015-03-16T08:07:00Z  478.397  -57.846  170.180  9.64890E-16  SWARM-A  19.316  302.249
2015-03-16T08:07:30Z  477.676  -55.942  170.349  9.69532E-16  SWARM-A  19.335  304.165
2015-03-16T08:08:00Z  476.932  -54.036  170.491  9.73096E-16  SWARM-A  19.353  306.081
2015-03-16T08:08:30Z  476.167  -52.129  170.609  9.75635E-16  SWARM-A  19.369  307.997
2015-03-16T08:09:00Z  475.384  -50.221  170.707  9.77026E-16  SWARM-A  19.384  309.913
2015-03-16T08:09:30Z  474.586  -48.311  170.789  9.78131E-16  SWARM-A  19.398  311.829
2015-03-16T08:10:00Z  473.776  -46.400  170.855  9.79937E-16  SWARM-A  19.411  313.745
2015-03-16T08:10:30Z  472.957  -44.488  170.909  9.83054E-16  SWARM-A  19.423  315.662
2015-03-16T08:11:00Z  472.132  -42.575  170.951  9.87549E-16  SWARM-A  19.434  317.579
2015-03-16T08:11:30Z  471.303  -40.660  170.983  9.92904E-16  SWARM-A  19.444  319.495
2015-03-16T08:12:00Z  470.474  -38.744  171.007  9.98558E-16  SWARM-A  19.454  321.412
2015-03-16T08:12:30Z  469.648  -36.827  171.023  1.00405E-15  SWARM-A  19.464  323.330
2015-03-16T08:13:00Z  468.827  -34.910  171.032  1.00919E-15  SWARM-A  19.472  325.247
2015-03-16T08:13:30Z  468.014  -32.990  171.035  1.01393E-15  SWARM-A  19.481  327.164
2015-03-16T08:14:00Z  467.213  -31.070  171.032  1.01832E-15  SWARM-A  19.489  329.082
2015-03-16T08:14:30Z  466.425  -29.149  171.025  1.02242E-15  SWARM-A  19.497  331.000
2015-03-16T08:15:00Z  465.654  -27.227  171.014  1.02627E-15  SWARM-A  19.505  332.918
2015-03-16T08:15:30Z  464.902  -25.304  170.998  1.02991E-15  SWARM-A  19.512  334.836
2015-03-16T08:16:00Z  464.171  -23.381  170.979  1.03336E-15  SWARM-A  19.519  336.754
2015-03-16T08:16:30Z  463.465  -21.456  170.958  1.03668E-15  SWARM-A  19.526  338.673
2015-03-16T08:17:00Z  462.785  -19.530  170.933  1.03977E-15  SWARM-A  19.533  340.592
2015-03-16T08:17:30Z  462.133  -17.604  170.906  1.04258E-15  SWARM-A  19.539  342.510
2015-03-16T08:18:00Z  461.511  -15.677  170.878  1.04507E-15  SWARM-A  19.546  344.429
2015-03-16T08:18:30Z  460.922  -13.750  170.847  1.04723E-15  SWARM-A  19.552  346.349
2015-03-16T08:19:00Z  460.366  -11.822  170.815  1.04901E-15  SWARM-A  19.558  348.268
2015-03-16T08:19:30Z  459.846  -9.893  170.781  1.05041E-15  SWARM-A  19.564  350.188
2015-03-16T08:20:00Z  459.362  -7.964  170.747  1.05128E-15  SWARM-A  19.570  352.107
2015-03-16T08:20:30Z  458.917  -6.034  170.711  1.05184E-15  SWARM-A  19.576  354.027
2015-03-16T08:21:00Z  458.511  -4.105  170.676  1.05195E-15  SWARM-A  19.582  355.947
2015-03-16T08:21:30Z  458.145  -2.174  170.639  1.05160E-15  SWARM-A  19.588  357.868
2015-03-16T08:22:00Z  457.819  -0.244  170.603  1.05085E-15  SWARM-A  19.594  359.788
2015-03-16T08:22:30Z  457.534  1.687  170.566  1.04972E-15  SWARM-A  19.600  1.709
2015-03-16T08:23:00Z  457.291  3.617  170.529  1.04820E-15  SWARM-A  19.606  3.630
2015-03-16T08:23:30Z  457.089  5.548  170.493  1.04639E-15  SWARM-A  19.612  5.551
2015-03-16T08:24:00Z  456.929  7.479  170.458  1.04426E-15  SWARM-A  19.618  7.472
2015-03-16T08:24:30Z  456.809  9.410  170.423  1.04186E-15  SWARM-A  19.624  9.393
2015-03-16T08:25:00Z  456.730  11.340  170.390  1.03910E-15  SWARM-A  19.630  11.314
2015-03-16T08:25:30Z  456.692  13.271  170.357  1.03621E-15  SWARM-A  19.636  13.236
2015-03-16T08:26:00Z  456.692  15.201  170.326  1.03287E-15  SWARM-A  19.642  15.158
2015-03-16T08:26:30Z  456.730  17.131  170.297  1.02926E-15  SWARM-A  19.649  17.080
2015-03-16T08:27:00Z  456.806  19.060  170.270  1.02549E-15  SWARM-A  19.655  19.002
2015-03-16T08:27:30Z  456.917  20.989  170.245  1.02145E-15  SWARM-A  19.662  20.924
2015-03-16T08:28:00Z  457.062  22.918  170.223  1.01719E-15  SWARM-A  19.669  22.846
2015-03-16T08:28:30Z  457.240  24.846  170.203  1.01273E-15  SWARM-A  19.676  24.768
2015-03-16T08:29:00Z  457.449  26.774  170.187  1.00805E-15  SWARM-A  19.683  26.691
2015-03-16T08:29:30Z  457.687  28.701  170.175  1.00318E-15  SWARM-A  19.690  28.614
2015-03-16T08:30:00Z  457.952  30.627  170.167  9.98108E-16  SWARM-A  19.698  30.537
2015-03-16T08:30:30Z  458.243  32.552  170.164  9.92787E-16  SWARM-A  19.706  32.459
2015-03-16T08:31:00Z  458.556  34.477  170.166  9.87229E-16  SWARM-A  19.715  34.382
2015-03-16T08:31:30Z  458.890  36.401  170.174  9.81591E-16  SWARM-A  19.724  36.306
2015-03-16T08:32:00Z  459.242  38.324  170.189  9.75928E-16  SWARM-A  19.733  38.229
2015-03-16T08:32:30Z  459.610  40.247  170.211  9.70299E-16  SWARM-A  19.743  40.152
2015-03-16T08:33:00Z  459.991  42.168  170.242  9.64670E-16  SWARM-A  19.753  42.076
2015-03-16T08:33:30Z  460.384  44.089  170.283  9.57620E-16  SWARM-A  19.764  43.999
2015-03-16T08:34:00Z  460.785  46.008  170.334  9.50671E-16  SWARM-A  19.776  45.923
2015-03-16T08:34:30Z  461.192  47.927  170.399  9.43880E-16  SWARM-A  19.789  47.846
2015-03-16T08:35:00Z  461.602  49.844  170.478  9.37229E-16  SWARM-A  19.802  49.770
2015-03-16T08:35:30Z  462.013  51.760  170.573  9.30860E-16  SWARM-A  19.817  51.694
2015-03-16T08:36:00Z  462.423  53.676  170.689  9.24851E-16  SWARM-A  19.833  53.618
2015-03-16T08:36:30Z  462.829  55.590  170.827  9.19167E-16  SWARM-A  19.851  55.542
2015-03-16T08:37:00Z  463.228  57.502  170.992  9.14002E-16  SWARM-A  19.870  57.466
2015-03-16T08:37:30Z  463.619  59.414  171.189  9.09469E-16  SWARM-A  19.891  59.390
2015-03-16T08:38:00Z  463.998  61.323  171.424  9.05045E-16  SWARM-A  19.915  61.314
2015-03-16T08:38:30Z  464.365  63.231  171.706  9.01532E-16  SWARM-A  19.943  63.239
2015-03-16T08:39:00Z  464.716  65.137  172.046  8.98567E-16  SWARM-A  19.974  65.163
2015-03-16T08:39:30Z  465.050  67.041  172.458  8.95221E-16  SWARM-A  20.009  67.087
2015-03-16T08:40:00Z  465.364  68.943  172.960  8.89104E-16  SWARM-A  20.051  69.012
2015-03-16T08:40:30Z  465.658  70.841  173.581  8.82330E-16  SWARM-A  20.101  70.936
2015-03-16T08:41:00Z  465.929  72.734  174.359  8.74796E-16  SWARM-A  20.161  72.861
2015-03-16T08:41:30Z  466.177  74.623  175.351  8.67399E-16  SWARM-A  20.236  74.785
2015-03-16T08:42:00Z  466.399  76.504  176.647  8.61231E-16  SWARM-A  20.330  76.710
2015-03-16T08:42:30Z  466.594  78.374  178.392  8.55467E-16  SWARM-A  20.455  78.634
2015-03-16T08:43:00Z  466.761  80.227  -179.163  8.50192E-16  SWARM-A  20.626  80.559
2015-03-16T08:43:30Z  466.900  82.052  -175.540  8.44844E-16  SWARM-A  20.876  82.483
2015-03-16T08:44:00Z  467.010  83.824  -169.746  8.39287E-16  SWARM-A  21.271  84.408
2015-03-16T08:44:30Z  467.090  85.479  -159.450  8.34769E-16  SWARM-A  21.965  86.332
2015-03-16T08:45:00Z  467.139  86.831  -138.966  8.31270E-16  SWARM-A  23.339  88.257
2015-03-16T08:45:30Z  467.158  87.362  -102.028  8.27397E-16  SWARM-A  1.810  90.181
2015-03-16T08:46:00Z  467.146  86.655  -67.329  8.23191E-16  SWARM-A  4.132  92.106
2015-03-16T08:46:30Z  467.104  85.233  -49.014  8.18977E-16  SWARM-A  5.361  94.031
2015-03-16T08:47:00Z  467.031  83.552  -39.681  8.15171E-16  SWARM-A  5.992  95.955
2015-03-16T08:47:30Z  466.928  81.769  -34.331  8.11468E-16  SWARM-A  6.357  97.880
2015-03-16T08:48:00Z  466.796  79.939  -30.939  8.07741E-16  SWARM-A  6.591  99.804
2015-03-16T08:48:30Z  466.636  78.082  -28.627  8.03985E-16  SWARM-A  6.754  101.729
2015-03-16T08:49:00Z  466.447  76.210  -26.965  8.00309E-16  SWARM-A  6.873  103.653
2015-03-16T08:49:30Z  466.232  74.328  -25.725  7.95397E-16  SWARM-A  6.964  105.578
2015-03-16T08:50:00Z  465.992  72.438  -24.771  7.90578E-16  SWARM-A  7.036  107.502
2015-03-16T08:50:30Z  465.727  70.544  -24.021  7.86233E-16  SWARM-A  7.094  109.427
2015-03-16T08:51:00Z  465.440  68.645  -23.421  7.82521E-16  SWARM-A  7.142  111.351
2015-03-16T08:51:30Z  465.132  66.744  -22.934  7.79133E-16  SWARM-A  7.183  113.275
2015-03-16T08:52:00Z  464.805  64.839  -22.535  7.76025E-16  SWARM-A  7.218  115.200
2015-03-16T08:52:30Z  464.461  62.933  -22.205  7.72961E-16  SWARM-A  7.248  117.124
2015-03-16T08:53:00Z  464.101  61.025  -21.931  7.69808E-16  SWARM-A  7.275  119.048
2015-03-16T08:53:30Z  463.728  59.115  -21.702  7.66503E-16  SWARM-A  7.299  120.972
2015-03-16T08:54:00Z  463.344  57.204  -21.510  7.63913E-16  SWARM-A  7.320  122.896
2015-03-16T08:54:30Z  462.952  55.291  -21.350  7.63723E-16  SWARM-A  7.339  124.820
2015-03-16T08:55:00Z  462.553  53.377  -21.216  7.63919E-16  SWARM-A  7.356  126.744
2015-03-16T08:55:30Z  462.150  51.461  -21.104  7.64195E-16  SWARM-A  7.372  128.668
2015-03-16T08:56:00Z  461.746  49.545  -21.011  7.64484E-16  SWARM-A  7.386  130.591
2015-03-16T08:56:30Z  461.342  47.628  -20.934  7.64817E-16  SWARM-A  7.400  132.515
2015-03-16T08:57:00Z  460.942  45.709  -20.872  7.65141E-16  SWARM-A  7.412  134.439
2015-03-16T08:57:30Z  460.548  43.789  -20.822  7.65450E-16  SWARM-A  7.424  136.362
2015-03-16T08:58:00Z  460.162  41.869  -20.783  7.65751E-16  SWARM-A  7.435  138.286
2015-03-16T08:58:30Z  459.787  39.947  -20.753  7.66048E-16  SWARM-A  7.445  140.209
2015-03-16T08:59:00Z  459.426  38.025  -20.732  7.66383E-16  SWARM-A  7.455  142.132
2015-03-16T08:59:30Z  459.080  36.102  -20.719  7.66764E-16  SWARM-A  7.464  144.055
2015-03-16T09:00:00Z  458.752  34.178  -20.712  7.66459E-16  SWARM-A  7.473  145.978
2015-03-16T09:00:30Z  458.446  32.253  -20.711  7.67126E-16  SWARM-A  7.481  147.901
2015-03-16T09:01:00Z  458.162  30.327  -20.715  7.67914E-16  SWARM-A  7.490  149.824
2015-03-16T09:01:30Z  457.902  28.401  -20.723  7.68828E-16  SWARM-A  7.497  151.747
2015-03-16T09:02:00Z  457.670  26.474  -20.736  7.69859E-16  SWARM-A  7.505  153.669
2015-03-16T09:02:30Z  457.467  24.547  -20.753  7.71051E-16  SWARM-A  7.512  155.591
2015-03-16T09:03:00Z  457.295  22.619  -20.773  7.72353E-16  SWARM-A  7.519  157.514
2015-03-16T09:03:30Z  457.156  20.690  -20.795  7.73776E-16  SWARM-A  7.526  159.436
2015-03-16T09:04:00Z  457.050  18.761  -20.821  7.75229E-16  SWARM-A  7.532  161.358
2015-03-16T09:04:30Z  456.980  16.832  -20.848  7.76728E-16  SWARM-A  7.539  163.280
2015-03-16T09:05:00Z  456.947  14.902  -20.878  7.78260E-16  SWARM-A  7.545  165.201
2015-03-16T09:05:30Z  456.952  12.972  -20.909  7.79811E-16  SWARM-A  7.552  167.123
2015-03-16T09:06:00Z  456.996  11.042  -20.941  7.81283E-16  SWARM-A  7.558  169.044
2015-03-16T09:06:30Z  457.079  9.111  -20.975  7.82635E-16  SWARM-A  7.564  170.966
2015-03-16T09:07:00Z  457.203  7.181  -21.010  7.83830E-16  SWARM-A  7.570  172.887
2015-03-16T09:07:30Z  457.368  5.250  -21.046  7.84803E-16  SWARM-A  7.576  174.808
2015-03-16T09:08:00Z  457.574  3.319  -21.082  7.85522E-16  SWARM-A  7.582  176.728
2015-03-16T09:08:30Z  457.821  1.389  -21.118  7.85933E-16  SWARM-A  7.588  178.649
2015-03-16T09:09:00Z  458.109  -0.542  -21.155  7.86056E-16  SWARM-A  7.594  180.570
2015-03-16T09:09:30Z  458.437  -2.472  -21.191  7.85735E-16  SWARM-A  7.599  182.490
2015-03-16T09:10:00Z  458.806  -4.402  -21.228  7.84348E-16  SWARM-A  7.605  184.410
2015-03-16T09:10:30Z  459.215  -6.332  -21.264  7.82688E-16  SWARM-A  7.611  186.330
2015-03-16T09:11:00Z  459.662  -8.261  -21.299  7.80741E-16  SWARM-A  7.617  188.250
2015-03-16T09:11:30Z  460.146  -10.190  -21.333  7.78599E-16  SWARM-A  7.623  190.169
2015-03-16T09:12:00Z  460.668  -12.118  -21.367  7.76239E-16  SWARM-A  7.629  192.089
2015-03-16T09:12:30Z  461.224  -14.046  -21.398  7.73720E-16  SWARM-A  7.636  194.008
2015-03-16T09:13:00Z  461.814  -15.973  -21.429  7.71126E-16  SWARM-A  7.642  195.927
2015-03-16T09:13:30Z  462.436  -17.900  -21.457  7.68525E-16  SWARM-A  7.648  197.846
2015-03-16T09:14:00Z  463.088  -19.826  -21.484  7.65902E-16  SWARM-A  7.655  199.765
2015-03-16T09:14:30Z  463.767  -21.751  -21.508  7.63428E-16  SWARM-A  7.662  201.683
2015-03-16T09:15:00Z  464.473  -23.676  -21.529  7.61112E-16  SWARM-A  7.669  203.602
2015-03-16T09:15:30Z  465.202  -25.599  -21.548  7.58943E-16  SWARM-A  7.676  205.520
2015-03-16T09:16:00Z  465.952  -27.522  -21.562  7.56959E-16  SWARM-A  7.683  207.438
2015-03-16T09:16:30Z  466.721  -29.444  -21.573  7.55170E-16  SWARM-A  7.691  209.356
2015-03-16T09:17:00Z  467.506  -31.365  -21.580  7.53593E-16  SWARM-A  7.699  211.273
2015-03-16T09:17:30Z  468.304  -33.284  -21.582  7.52296E-16  SWARM-A  7.707  213.191
2015-03-16T09:18:00Z  469.113  -35.203  -21.578  7.51214E-16  SWARM-A  7.715  215.108
2015-03-16T09:18:30Z  469.930  -37.121  -21.568  7.49972E-16  SWARM-A  7.724  217.025
2015-03-16T09:19:00Z  470.751  -39.037  -21.551  7.48998E-16  SWARM-A  7.734  218.942
2015-03-16T09:19:30Z  471.575  -40.953  -21.526  7.48288E-16  SWARM-A  7.744  220.859
2015-03-16T09:20:00Z  472.397  -42.867  -21.492  7.47871E-16  SWARM-A  7.754  222.776
2015-03-16T09:20:30Z  473.216  -44.780  -21.448  7.47695E-16  SWARM-A  7.766  224.693
2015-03-16T09:21:00Z  474.027  -46.692  -21.393  7.47730E-16  SWARM-A  7.778  226.609
2015-03-16T09:21:30Z  474.829  -48.603  -21.324  7.47895E-16  SWARM-A  7.791  228.525
2015-03-16T09:22:00Z  475.618  -50.512  -21.240  7.47264E-16  SWARM-A  7.805  230.441
2015-03-16T09:22:30Z  476.392  -52.421  -21.139  7.46832E-16  SWARM-A  7.820  232.357
2015-03-16T09:23:00Z  477.147  -54.327  -21.017  7.46674E-16  SWARM-A  7.836  234.273
2015-03-16T09:23:30Z  477.881  -56.233  -20.872  7.46718E-16  SWARM-A  7.854  236.189
2015-03-16T09:24:00Z  478.591  -58.136  -20.698  7.46968E-16  SWARM-A  7.874  238.105
2015-03-16T09:24:30Z  479.274  -60.039  -20.490  7.47533E-16  SWARM-A  7.896  240.020
2015-03-16T09:25:00Z  479.929  -61.939  -20.242  7.48826E-16  SWARM-A  7.921  241.936
2015-03-16T09:25:30Z  480.552  -63.838  -19.945  7.50892E-16  SWARM-A  7.949  243.851
2015-03-16T09:26:00Z  481.141  -65.734  -19.587  7.53170E-16  SWARM-A  7.982  245.766
2015-03-16T09:26:30Z  481.694  -67.628  -19.152  7.55912E-16  SWARM-A  8.019  247.681
2015-03-16T09:27:00Z  482.209  -69.519  -18.619  7.59211E-16  SWARM-A  8.063  249.596
2015-03-16T09:27:30Z  482.685  -71.407  -17.959  7.63055E-16  SWARM-A  8.115  251.511
2015-03-16T09:28:00Z  483.118  -73.290  -17.130  7.67559E-16  SWARM-A  8.179  253.426
2015-03-16T09:28:30Z  483.509  -75.167  -16.066  7.71720E-16  SWARM-A  8.258  255.341
2015-03-16T09:29:00Z  483.854  -77.036  -14.667  7.76061E-16  SWARM-A  8.359  257.256
2015-03-16T09:29:30Z  484.153  -78.892  -12.767  7.80719E-16  SWARM-A  8.494  259.170
2015-03-16T09:30:00Z  484.406  -80.730  -10.073  7.85555E-16  SWARM-A  8.682  261.085
2015-03-16T09:30:30Z  484.610  -82.534  -6.015  7.90604E-16  SWARM-A  8.961  263.000
2015-03-16T09:31:00Z  484.765  -84.275  0.624  7.95549E-16  SWARM-A  9.412  264.914
2015-03-16T09:31:30Z  484.870  -85.870  12.764  8.00806E-16  SWARM-A  10.230  266.829
2015-03-16T09:32:00Z  484.926  -87.071  37.143  8.06535E-16  SWARM-A  11.863  268.744
2015-03-16T09:32:30Z  484.932  -87.292  76.242  8.12603E-16  SWARM-A  14.478  270.658
2015-03-16T09:33:00Z  484.887  -86.350  106.619  8.18388E-16  SWARM-A  16.512  272.573
2015-03-16T09:33:30Z  484.792  -84.848  121.981  8.24295E-16  SWARM-A  17.544  274.487
2015-03-16T09:34:00Z  484.648  -83.144  130.042  8.30403E-16  SWARM-A  18.090  276.402
2015-03-16T09:34:30Z  484.455  -81.356  134.798  8.36652E-16  SWARM-A  18.416  278.317
2015-03-16T09:35:00Z  484.213  -79.528  137.877  8.43061E-16  SWARM-A  18.629  280.231
2015-03-16T09:35:30Z  483.924  -77.677  140.008  8.49008E-16  SWARM-A  18.780  282.146
2015-03-16T09:36:00Z  483.589  -75.812  141.556  8.54938E-16  SWARM-A  18.891  284.061
2015-03-16T09:36:30Z  483.209  -73.937  142.721  8.59829E-16  SWARM-A  18.977  285.976
2015-03-16T09:37:00Z  482.785  -72.056  143.623  8.64302E-16  SWARM-A  19.046  287.891
2015-03-16T09:37:30Z  482.319  -70.170  144.336  8.68068E-16  SWARM-A  19.101  289.806
2015-03-16T09:38:00Z  481.812  -68.280  144.908  8.71281E-16  SWARM-A  19.148  291.721
2015-03-16T09:38:30Z  481.267  -66.387  145.374  8.74149E-16  SWARM-A  19.187  293.636
2015-03-16T09:39:00Z  480.685  -64.491  145.757  8.76940E-16  SWARM-A  19.221  295.551
2015-03-16T09:39:30Z  480.070  -62.593  146.074  8.79812E-16  SWARM-A  19.251  297.466
2015-03-16T09:40:00Z  479.422  -60.693  146.338  8.82774E-16  SWARM-A  19.276  299.382
2015-03-16T09:40:30Z  478.744  -58.792  146.558  8.85989E-16  SWARM-A  19.300  301.297
2015-03-16T09:41:00Z  478.039  -56.888  146.743  8.89422E-16  SWARM-A  19.320  303.213
2015-03-16T09:41:30Z  477.309  -54.984  146.898  8.92660E-16  SWARM-A  19.339  305.129
2015-03-16T09:42:00Z  476.558  -53.077  147.027  8.95529E-16  SWARM-A  19.356  307.044
2015-03-16T09:42:30Z  475.787  -51.170  147.135  8.97520E-16  SWARM-A  19.371  308.960
2015-03-16T09:43:00Z  475.000  -49.261  147.225  8.98725E-16  SWARM-A  19.386  310.877
2015-03-16T09:43:30Z  474.199  -47.350  147.298  8.99258E-16  SWARM-A  19.399  312.793
2015-03-16T09:44:00Z  473.387  -45.439  147.358  8.99820E-16  SWARM-A  19.411  314.709
2015-03-16T09:44:30Z  472.568  -43.526  147.406  9.00996E-16  SWARM-A  19.423  316.626
2015-03-16T09:45:00Z  471.745  -41.612  147.443  9.02933E-16  SWARM-A  19.434  318.543
2015-03-16T09:45:30Z  470.919  -39.697  147.471  9.05444E-16  SWARM-A  19.444  320.459
2015-03-16T09:46:00Z  470.095  -37.780  147.490  9.08039E-16  SWARM-A  19.453  322.376
2015-03-16T09:46:30Z  469.274  -35.863  147.503  9.10375E-16  SWARM-A  19.463  324.294
2015-03-16T09:47:00Z  468.461  -33.945  147.509  9.12303E-16  SWARM-A  19.471  326.211
2015-03-16T09:47:30Z  467.657  -32.025  147.509  9.13782E-16  SWARM-A  19.480  328.129
2015-03-16T09:48:00Z  466.866  -30.105  147.504  9.14792E-16  SWARM-A  19.488  330.046
2015-03-16T09:48:30Z  466.090  -28.183  147.495  9.15466E-16  SWARM-A  19.495  331.964
2015-03-16T09:49:00Z  465.332  -26.261  147.481  9.15878E-16  SWARM-A  19.503  333.882
2015-03-16T09:49:30Z  464.594  -24.337  147.464  9.16096E-16  SWARM-A  19.510  335.800
2015-03-16T09:50:00Z  463.879  -22.413  147.444  9.16179E-16  SWARM-A  19.517  337.719
2015-03-16T09:50:30Z  463.189  -20.488  147.420  9.16119E-16  SWARM-A  19.524  339.637
2015-03-16T09:51:00Z  462.526  -18.562  147.395  9.15964E-16  SWARM-A  19.530  341.556
2015-03-16T09:51:30Z  461.892  -16.636  147.367  9.15797E-16  SWARM-A  19.537  343.475
2015-03-16T09:52:00Z  461.290  -14.709  147.337  9.15574E-16  SWARM-A  19.543  345.394
2015-03-16T09:52:30Z  460.721  -12.781  147.306  9.15347E-16  SWARM-A  19.549  347.313
2015-03-16T09:53:00Z  460.186  -10.852  147.273  9.15134E-16  SWARM-A  19.556  349.233
2015-03-16T09:53:30Z  459.688  -8.924  147.239  9.14949E-16  SWARM-A  19.562  351.152
2015-03-16T09:54:00Z  459.226  -6.994  147.204  9.14780E-16  SWARM-A  19.568  353.072
2015-03-16T09:54:30Z  458.803  -5.065  147.168  9.14676E-16  SWARM-A  19.574  354.992
2015-03-16T09:55:00Z  458.420  -3.135  147.132  9.14636E-16  SWARM-A  19.580  356.912
2015-03-16T09:55:30Z  458.076  -1.204  147.096  9.14639E-16  SWARM-A  19.585  358.833
2015-03-16T09:56:00Z  457.773  0.726  147.059  9.14715E-16  SWARM-A  19.591  0.753
2015-03-16T09:56:30Z  457.511  2.657  147.022  9.14774E-16  SWARM-A  19.597  2.674
2015-03-16T09:57:00Z  457.290  4.588  146.986  9.14914E-16  SWARM-A  19.603  4.595
2015-03-16T09:57:30Z  457.110  6.518  146.950  9.15055E-16  SWARM-A  19.609  6.516
2015-03-16T09:58:00Z  456.971  8.449  146.915  9.15215E-16  SWARM-A  19.615  8.437
2015-03-16T09:58:30Z  456.873  10.380  146.881  9.15244E-16  SWARM-A  19.621  10.358
2015-03-16T09:59:00Z  456.815  12.310  146.848  9.15165E-16  SWARM-A  19.627  12.280
2015-03-16T09:59:30Z  456.797  14.240  146.816  9.14912E-16  SWARM-A  19.633  14.201
2015-03-16T10:00:00Z  456.817  16.170  146.786  9.14499E-16  SWARM-A  19.640  16.123
2015-03-16T10:00:30Z  456.874  18.100  146.758  9.13783E-16  SWARM-A  19.646  18.045
2015-03-16T10:01:00Z  456.968  20.029  146.732  9.12863E-16  SWARM-A  19.653  19.967
2015-03-16T10:01:30Z  457.097  21.958  146.709  9.11821E-16  SWARM-A  19.660  21.889
2015-03-16T10:02:00Z  457.258  23.886  146.688  9.10546E-16  SWARM-A  19.667  23.811
2015-03-16T10:02:30Z  457.452  25.814  146.670  9.09105E-16  SWARM-A  19.674  25.734
2015-03-16T10:03:00Z  457.675  27.741  146.656  9.07518E-16  SWARM-A  19.681  27.656
2015-03-16T10:03:30Z  457.926  29.668  146.646  9.05731E-16  SWARM-A  19.689  29.579
2015-03-16T10:04:00Z  458.203  31.594  146.640  9.03472E-16  SWARM-A  19.697  31.502
2015-03-16T10:04:30Z  458.503  33.519  146.639  9.01068E-16  SWARM-A  19.705  33.425
2015-03-16T10:05:00Z  458.826  35.443  146.644  8.98548E-16  SWARM-A  19.714  35.348
2015-03-16T10:05:30Z  459.167  37.367  146.656  8.95926E-16  SWARM-A  19.723  37.271
2015-03-16T10:06:00Z  459.525  39.289  146.674  8.93232E-16  SWARM-A  19.732  39.194
2015-03-16T10:06:30Z  459.898  41.211  146.701  8.90469E-16  SWARM-A  19.742  41.117
2015-03-16T10:07:00Z  460.283  43.132  146.736  8.87711E-16  SWARM-A  19.753  43.041
2015-03-16T10:07:30Z  460.677  45.052  146.782  8.84978E-16  SWARM-A  19.765  44.964
2015-03-16T10:08:00Z  461.079  46.971  146.840  8.82279E-16  SWARM-A  19.777  46.888
2015-03-16T10:08:30Z  461.485  48.889  146.912  8.79618E-16  SWARM-A  19.790  48.812
2015-03-16T10:09:00Z  461.893  50.806  146.999  8.77033E-16  SWARM-A  19.804  50.736
2015-03-16T10:09:30Z  462.300  52.722  147.104  8.73978E-16  SWARM-A  19.819  52.659
2015-03-16T10:10:00Z  462.704  54.636  147.230  8.70494E-16  SWARM-A  19.836  54.583
2015-03-16T10:10:30Z  463.103  56.549  147.381  8.67003E-16  SWARM-A  19.855  56.507
2015-03-16T10:11:00Z  463.495  58.461  147.562  8.63551E-16  SWARM-A  19.875  58.431
2015-03-16T10:11:30Z  463.876  60.372  147.777  8.60333E-16  SWARM-A  19.898  60.356
2015-03-16T10:12:00Z  464.245  62.281  148.035  8.57550E-16  SWARM-A  19.923  62.280
2015-03-16T10:12:30Z  464.600  64.188  148.345  8.55326E-16  SWARM-A  19.952  64.204
2015-03-16T10:13:00Z  464.938  66.093  148.718  8.53629E-16  SWARM-A  19.985  66.128
2015-03-16T10:13:30Z  465.258  67.995  149.173  8.52183E-16  SWARM-A  20.024  68.053
2015-03-16T10:14:00Z  465.558  69.895  149.731  8.50627E-16  SWARM-A  20.069  69.977
2015-03-16T10:14:30Z  465.836  71.791  150.425  8.49410E-16  SWARM-A  20.124  71.901
2015-03-16T10:15:00Z  466.091  73.682  151.302  8.47630E-16  SWARM-A  20.191  73.826
2015-03-16T10:15:30Z  466.321  75.567  152.433  8.45407E-16  SWARM-A  20.275  75.750
2015-03-16T10:16:00Z  466.526  77.443  153.931  8.42825E-16  SWARM-A  20.383  77.675
2015-03-16T10:16:30Z  466.703  79.306  155.986  8.40346E-16  SWARM-A  20.528  79.599
2015-03-16T10:17:00Z  466.851  81.147  158.941  8.38100E-16  SWARM-A  20.733  81.524
2015-03-16T10:17:30Z  466.971  82.950  163.475  8.36322E-16  SWARM-A  21.044  83.448
2015-03-16T10:18:00Z  467.061  84.675  171.092  8.35213E-16  SWARM-A  21.560  85.373
2015-03-16T10:18:30Z  467.121  86.217  -174.523  8.34337E-16  SWARM-A  22.528  87.298
2015-03-16T10:19:00Z  467.151  87.246  -145.713  8.33388E-16  SWARM-A  0.457  89.222
2015-03-16T10:19:30Z  467.150  87.141  -106.034  8.32442E-16  SWARM-A  3.110  91.147
2015-03-16T10:20:00Z  467.118  85.992  -80.047  8.31435E-16  SWARM-A  4.851  93.071
2015-03-16T10:20:30Z  467.056  84.408  -67.155  8.30717E-16  SWARM-A  5.719  94.996
2015-03-16T10:21:00Z  466.963  82.666  -60.196  8.30117E-16  SWARM-A  6.191  96.920
2015-03-16T10:21:30Z  466.841  80.855  -55.984  8.29723E-16  SWARM-A  6.480  98.845
2015-03-16T10:22:00Z  466.690  79.010  -53.206  8.29058E-16  SWARM-A  6.674  100.770
2015-03-16T10:22:30Z  466.511  77.145  -51.257  8.28227E-16  SWARM-A  6.812  102.694
2015-03-16T10:23:00Z  466.305  75.267  -49.828  8.27083E-16  SWARM-A  6.916  104.619
2015-03-16T10:23:30Z  466.073  73.381  -48.744  8.25801E-16  SWARM-A  6.996  106.543
2015-03-16T10:24:00Z  465.817  71.488  -47.900  8.24633E-16  SWARM-A  7.061  108.467
2015-03-16T10:24:30Z  465.537  69.592  -47.231  8.23761E-16  SWARM-A  7.114  110.392
2015-03-16T10:25:00Z  465.235  67.692  -46.691  8.23238E-16  SWARM-A  7.158  112.316
2015-03-16T10:25:30Z  464.913  65.789  -46.251  8.23205E-16  SWARM-A  7.196  114.241
2015-03-16T10:26:00Z  464.574  63.883  -45.888  8.23533E-16  SWARM-A  7.228  116.165
2015-03-16T10:26:30Z  464.218  61.976  -45.588  8.24141E-16  SWARM-A  7.257  118.089
2015-03-16T10:27:00Z  463.848  60.067  -45.337  8.24749E-16  SWARM-A  7.282  120.013
2015-03-16T10:27:30Z  463.466  58.156  -45.128  8.25215E-16  SWARM-A  7.304  121.937
2015-03-16T10:28:00Z  463.075  56.244  -44.952  8.25346E-16  SWARM-A  7.324  123.861
2015-03-16T10:28:30Z  462.676  54.331  -44.805  8.25260E-16  SWARM-A  7.342  125.785
2015-03-16T10:29:00Z  462.272  52.416  -44.683  8.25079E-16  SWARM-A  7.359  127.709
2015-03-16T10:29:30Z  461.865  50.500  -44.580  8.24908E-16  SWARM-A  7.374  129.633
2015-03-16T10:30:00Z  461.458  48.583  -44.496  8.24820E-16  SWARM-A  7.388  131.557
2015-03-16T10:30:30Z  461.053  46.665  -44.427  8.24647E-16  SWARM-A  7.401  133.480
2015-03-16T10:31:00Z  460.654  44.746  -44.371  8.24447E-16  SWARM-A  7.413  135.404
2015-03-16T10:31:30Z  460.261  42.826  -44.327  8.24191E-16  SWARM-A  7.424  137.328
2015-03-16T10:32:00Z  459.879  40.905  -44.292  8.23849E-16  SWARM-A  7.435  139.251
2015-03-16T10:32:30Z  459.508  38.983  -44.267  8.23346E-16  SWARM-A  7.445  141.174
2015-03-16T10:33:00Z  459.153  37.060  -44.250  8.22736E-16  SWARM-A  7.454  143.097
2015-03-16T10:33:30Z  458.815  35.136  -44.240  8.21971E-16  SWARM-A  7.463  145.021
2015-03-16T10:34:00Z  458.496  33.212  -44.236  8.21087E-16  SWARM-A  7.472  146.944
2015-03-16T10:34:30Z  458.199  31.286  -44.237  8.20085E-16  SWARM-A  7.480  148.866
2015-03-16T10:35:00Z  457.926  29.360  -44.244  8.18689E-16  SWARM-A  7.488  150.789
2015-03-16T10:35:30Z  457.680  27.434  -44.254  8.17148E-16  SWARM-A  7.496  152.712
2015-03-16T10:36:00Z  457.461  25.507  -44.269  8.15577E-16  SWARM-A  7.503  154.634
2015-03-16T10:36:30Z  457.273  23.579  -44.287  8.13999E-16  SWARM-A  7.510  156.557
2015-03-16T10:37:00Z  457.117  21.650  -44.309  8.12427E-16  SWARM-A  7.517  158.479
2015-03-16T10:37:30Z  456.994  19.722  -44.332  8.10868E-16  SWARM-A  7.524  160.401
2015-03-16T10:38:00Z  456.906  17.792  -44.359  8.09304E-16  SWARM-A  7.530  162.323
2015-03-16T10:38:30Z  456.855  15.863  -44.387  8.07708E-16  SWARM-A  7.537  164.245
2015-03-16T10:39:00Z  456.841  13.933  -44.418  8.06163E-16  SWARM-A  7.543  166.167
2015-03-16T10:39:30Z  456.867  12.003  -44.450  8.04627E-16  SWARM-A  7.549  168.088
2015-03-16T10:40:00Z  456.931  10.072  -44.483  8.03116E-16  SWARM-A  7.555  170.009
2015-03-16T10:40:30Z  457.037  8.142  -44.517  8.01593E-16  SWARM-A  7.561  171.931
2015-03-16T10:41:00Z  457.183  6.211  -44.552  8.00025E-16  SWARM-A  7.567  173.852
2015-03-16T10:41:30Z  457.370  4.280  -44.588  7.98404E-16  SWARM-A  7.573  175.773
2015-03-16T10:42:00Z  457.598  2.349  -44.624  7.96697E-16  SWARM-A  7.579  177.693
2015-03-16T10:42:30Z  457.868  0.419  -44.661  7.94883E-16  SWARM-A  7.585  179.614
2015-03-16T10:43:00Z  458.179  -1.512  -44.697  7.92992E-16  SWARM-A  7.591  181.534
2015-03-16T10:43:30Z  458.531  -3.442  -44.734  7.90962E-16  SWARM-A  7.597  183.455
2015-03-16T10:44:00Z  458.923  -5.372  -44.770  7.88799E-16  SWARM-A  7.603  185.375
2015-03-16T10:44:30Z  459.354  -7.301  -44.805  7.86511E-16  SWARM-A  7.609  187.295
2015-03-16T10:45:00Z  459.824  -9.230  -44.840  7.84113E-16  SWARM-A  7.615  189.214
2015-03-16T10:45:30Z  460.331  -11.159  -44.874  7.81632E-16  SWARM-A  7.621  191.134
2015-03-16T10:46:00Z  460.873  -13.087  -44.907  7.79040E-16  SWARM-A  7.627  193.053
2015-03-16T10:46:30Z  461.451  -15.015  -44.938  7.76493E-16  SWARM-A  7.633  194.972
2015-03-16T10:47:00Z  462.061  -16.942  -44.967  7.73934E-16  SWARM-A  7.640  196.891
2015-03-16T10:47:30Z  462.702  -18.868  -44.995  7.71451E-16  SWARM-A  7.646  198.810
2015-03-16T10:48:00Z  463.372  -20.794  -45.020  7.69053E-16  SWARM-A  7.653  200.729
2015-03-16T10:48:30Z  464.069  -22.719  -45.043  7.66798E-16  SWARM-A  7.660  202.647
2015-03-16T10:49:00Z  464.791  -24.643  -45.062  7.64444E-16  SWARM-A  7.667  204.566
2015-03-16T10:49:30Z  465.535  -26.566  -45.079  7.62178E-16  SWARM-A  7.674  206.484
2015-03-16T10:50:00Z  466.300  -28.488  -45.092  7.60200E-16  SWARM-A  7.681  208.402
2015-03-16T10:50:30Z  467.082  -30.409  -45.101  7.58487E-16  SWARM-A  7.689  210.320
2015-03-16T10:51:00Z  467.878  -32.330  -45.105  7.57109E-16  SWARM-A  7.697  212.237
2015-03-16T10:51:30Z  468.687  -34.249  -45.104  7.56103E-16  SWARM-A  7.706  214.155
2015-03-16T10:52:00Z  469.505  -36.167  -45.097  7.55470E-16  SWARM-A  7.714  216.072
2015-03-16T10:52:30Z  470.329  -38.084  -45.083  7.55201E-16  SWARM-A  7.724  217.989
2015-03-16T10:53:00Z  471.157  -40.001  -45.062  7.55279E-16  SWARM-A  7.733  219.906
2015-03-16T10:53:30Z  471.986  -41.915  -45.033  7.55713E-16  SWARM-A  7.744  221.823
2015-03-16T10:54:00Z  472.812  -43.829  -44.994  7.56414E-16  SWARM-A  7.755  223.740
2015-03-16T10:54:30Z  473.633  -45.742  -44.945  7.57397E-16  SWARM-A  7.766  225.656
2015-03-16T10:55:00Z  474.446  -47.653  -44.883  7.58647E-16  SWARM-A  7.779  227.572
2015-03-16T10:55:30Z  475.247  -49.563  -44.807  7.60116E-16  SWARM-A  7.792  229.489
2015-03-16T10:56:00Z  476.035  -51.472  -44.714  7.61798E-16  SWARM-A  7.807  231.405
2015-03-16T10:56:30Z  476.805  -53.379  -44.603  7.63647E-16  SWARM-A  7.822  233.321
2015-03-16T10:57:00Z  477.556  -55.285  -44.470  7.65675E-16  SWARM-A  7.840  235.236
2015-03-16T10:57:30Z  478.284  -57.190  -44.311  7.67881E-16  SWARM-A  7.859  237.152
2015-03-16T10:58:00Z  478.986  -59.093  -44.120  7.69827E-16  SWARM-A  7.880  239.068
2015-03-16T10:58:30Z  479.661  -60.994  -43.893  7.71886E-16  SWARM-A  7.903  240.983
2015-03-16T10:59:00Z  480.306  -62.894  -43.622  7.74046E-16  SWARM-A  7.929  242.898
2015-03-16T10:59:30Z  480.917  -64.791  -43.295  7.76407E-16  SWARM-A  7.960  244.814
2015-03-16T11:00:00Z  481.494  -66.686  -42.900  7.78783E-16  SWARM-A  7.994  246.729
2015-03-16T11:00:30Z  482.034  -68.579  -42.419  7.81421E-16  SWARM-A  8.035  248.644
2015-03-16T11:01:00Z  482.534  -70.468  -41.827  7.84401E-16  SWARM-A  8.082  250.559
2015-03-16T11:01:30Z  482.994  -72.353  -41.088  7.86630E-16  SWARM-A  8.140  252.474
2015-03-16T11:02:00Z  483.411  -74.234  -40.150  7.89449E-16  SWARM-A  8.211  254.388
2015-03-16T11:02:30Z  483.784  -76.107  -38.933  7.92994E-16  SWARM-A  8.300  256.303
2015-03-16T11:03:00Z  484.111  -77.970  -37.309  7.97059E-16  SWARM-A  8.417  258.218
2015-03-16T11:03:30Z  484.391  -79.818  -35.058  8.01615E-16  SWARM-A  8.575  260.132
2015-03-16T11:04:00Z  484.624  -81.642  -31.776  8.06326E-16  SWARM-A  8.803  262.047
2015-03-16T11:04:30Z  484.808  -83.419  -26.641  8.11121E-16  SWARM-A  9.153  263.962
2015-03-16T11:05:00Z  484.943  -85.103  -17.786  8.17089E-16  SWARM-A  9.752  265.876
2015-03-16T11:05:30Z  485.028  -86.550  -0.618  8.23495E-16  SWARM-A  10.905  267.791
2015-03-16T11:06:00Z  485.063  -87.344  32.463  8.30417E-16  SWARM-A  13.118  269.705
2015-03-16T11:06:30Z  485.047  -86.927  70.276  8.37388E-16  SWARM-A  15.648  271.620
2015-03-16T11:07:00Z  484.982  -85.634  92.126  8.44439E-16  SWARM-A  17.113  273.534
2015-03-16T11:07:30Z  484.866  -84.006  103.076  8.51838E-16  SWARM-A  17.851  275.449
2015-03-16T11:08:00Z  484.701  -82.253  109.179  8.59523E-16  SWARM-A  18.266  277.363
2015-03-16T11:08:30Z  484.486  -80.442  112.966  8.67436E-16  SWARM-A  18.527  279.278
2015-03-16T11:09:00Z  484.224  -78.601  115.509  8.74843E-16  SWARM-A  18.705  281.193
2015-03-16T11:09:30Z  483.915  -76.742  117.315  8.81859E-16  SWARM-A  18.834  283.107
2015-03-16T11:10:00Z  483.560  -74.872  118.652  8.88823E-16  SWARM-A  18.931  285.022
2015-03-16T11:10:30Z  483.160  -72.993  119.674  8.95091E-16  SWARM-A  19.008  286.937
2015-03-16T11:11:00Z  482.717  -71.110  120.474  9.00639E-16  SWARM-A  19.069  288.852
2015-03-16T11:11:30Z  482.232  -69.222  121.112  9.05458E-16  SWARM-A  19.120  290.767
2015-03-16T11:12:00Z  481.708  -67.330  121.627  9.09267E-16  SWARM-A  19.163  292.682
2015-03-16T11:12:30Z  481.146  -65.436  122.049  9.12489E-16  SWARM-A  19.199  294.597
2015-03-16T11:13:00Z  480.548  -63.539  122.397  9.15225E-16  SWARM-A  19.231  296.512
2015-03-16T11:13:30Z  479.917  -61.640  122.686  9.17690E-16  SWARM-A  19.258  298.427
2015-03-16T11:14:00Z  479.255  -59.740  122.927  9.20053E-16  SWARM-A  19.283  300.342
2015-03-16T11:14:30Z  478.564  -57.837  123.129  9.22901E-16  SWARM-A  19.305  302.258
2015-03-16T11:15:00Z  477.847  -55.933  123.298  9.25925E-16  SWARM-A  19.324  304.173
2015-03-16T11:15:30Z  477.107  -54.028  123.440  9.29205E-16  SWARM-A  19.342  306.089
2015-03-16T11:16:00Z  476.346  -52.121  123.559  9.32527E-16  SWARM-A  19.358  308.005
2015-03-16T11:16:30Z  475.567  -50.213  123.657  9.35407E-16  SWARM-A  19.373  309.921
2015-03-16T11:17:00Z  474.773  -48.303  123.738  9.37516E-16  SWARM-A  19.387  311.837
2015-03-16T11:17:30Z  473.966  -46.392  123.805  9.39096E-16  SWARM-A  19.400  313.753
2015-03-16T11:18:00Z  473.150  -44.480  123.858  9.40463E-16  SWARM-A  19.412  315.670
2015-03-16T11:18:30Z  472.328  -42.567  123.901  9.42224E-16  SWARM-A  19.423  317.586
2015-03-16T11:19:00Z  471.503  -40.652  123.933  9.44634E-16  SWARM-A  19.433  319.503
2015-03-16T11:19:30Z  470.677  -38.737  123.957  9.47578E-16  SWARM-A  19.443  321.420
2015-03-16T11:20:00Z  469.853  -36.820  123.972  9.50766E-16  SWARM-A  19.452  323.337
2015-03-16T11:20:30Z  469.035  -34.902  123.982  9.53753E-16  SWARM-A  19.461  325.254
2015-03-16T11:21:00Z  468.226  -32.983  123.985  9.56349E-16  SWARM-A  19.470  327.171
2015-03-16T11:21:30Z  467.427  -31.063  123.982  9.58432E-16  SWARM-A  19.478  329.089
2015-03-16T11:22:00Z  466.642  -29.142  123.975  9.59919E-16  SWARM-A  19.486  331.007
2015-03-16T11:22:30Z  465.874  -27.220  123.963  9.61272E-16  SWARM-A  19.494  332.924
2015-03-16T11:23:00Z  465.125  -25.298  123.948  9.62067E-16  SWARM-A  19.501  334.842
2015-03-16T11:23:30Z  464.397  -23.374  123.929  9.62523E-16  SWARM-A  19.508  336.761
2015-03-16T11:24:00Z  463.694  -21.450  123.907  9.62498E-16  SWARM-A  19.515  338.679
2015-03-16T11:24:30Z  463.016  -19.524  123.883  9.62373E-16  SWARM-A  19.522  340.598
2015-03-16T11:25:00Z  462.367  -17.598  123.856  9.62004E-16  SWARM-A  19.528  342.516
2015-03-16T11:25:30Z  461.747  -15.671  123.827  9.61360E-16  SWARM-A  19.534  344.435
2015-03-16T11:26:00Z  461.160  -13.744  123.797  9.60454E-16  SWARM-A  19.541  346.354
2015-03-16T11:26:30Z  460.607  -11.816  123.765  9.59324E-16  SWARM-A  19.547  348.274
2015-03-16T11:27:00Z  460.088  -9.888  123.731  9.57958E-16  SWARM-A  19.553  350.193
2015-03-16T11:27:30Z  459.606  -7.959  123.697  9.56298E-16  SWARM-A  19.559  352.113
2015-03-16T11:28:00Z  459.162  -6.029  123.662  9.54658E-16  SWARM-A  19.565  354.033
2015-03-16T11:28:30Z  458.757  -4.099  123.626  9.52743E-16  SWARM-A  19.571  355.952
2015-03-16T11:29:00Z  458.391  -2.169  123.589  9.50675E-16  SWARM-A  19.577  357.873
2015-03-16T11:29:30Z  458.066  -0.239  123.553  9.48453E-16  SWARM-A  19.583  359.793
2015-03-16T11:30:00Z  457.781  1.692  123.516  9.46166E-16  SWARM-A  19.589  1.713
2015-03-16T11:30:30Z  457.537  3.622  123.480  9.43814E-16  SWARM-A  19.595  3.634
2015-03-16T11:31:00Z  457.334  5.553  123.444  9.41436E-16  SWARM-A  19.601  5.555
2015-03-16T11:31:30Z  457.171  7.483  123.408  9.39031E-16  SWARM-A  19.607  7.476
2015-03-16T11:32:00Z  457.050  9.414  123.374  9.36664E-16  SWARM-A  19.613  9.397
2015-03-16T11:32:30Z  456.968  11.345  123.340  9.34295E-16  SWARM-A  19.619  11.318
2015-03-16T11:33:00Z  456.927  13.275  123.308  9.31860E-16  SWARM-A  19.625  13.240
2015-03-16T11:33:30Z  456.923  15.205  123.277  9.29606E-16  SWARM-A  19.631  15.161
2015-03-16T11:34:00Z  456.958  17.135  123.248  9.27342E-16  SWARM-A  19.638  17.083
2015-03-16T11:34:30Z  457.029  19.064  123.221  9.25115E-16  SWARM-A  19.644  19.005
2015-03-16T11:35:00Z  457.136  20.993  123.196  9.22974E-16  SWARM-A  19.651  20.927
2015-03-16T11:35:30Z  457.277  22.921  123.174  9.20949E-16  SWARM-A  19.658  22.849
2015-03-16T11:36:00Z  457.450  24.849  123.155  9.18464E-16  SWARM-A  19.665  24.772
2015-03-16T11:36:30Z  457.653  26.777  123.139  9.16771E-16  SWARM-A  19.672  26.694
2015-03-16T11:37:00Z  457.886  28.704  123.127  9.14878E-16  SWARM-A  19.679  28.617
2015-03-16T11:37:30Z  458.145  30.630  123.119  9.13127E-16  SWARM-A  19.687  30.539
2015-03-16T11:38:00Z  458.429  32.555  123.115  9.11479E-16  SWARM-A  19.695  32.462
2015-03-16T11:38:30Z  458.736  34.480  123.118  9.09862E-16  SWARM-A  19.704  34.385
2015-03-16T11:39:00Z  459.062  36.404  123.126  9.08312E-16  SWARM-A  19.713  36.308
2015-03-16T11:39:30Z  459.407  38.327  123.141  9.06816E-16  SWARM-A  19.722  38.231
2015-03-16T11:40:00Z  459.768  40.249  123.163  9.05334E-16  SWARM-A  19.732  40.155
2015-03-16T11:40:30Z  460.141  42.170  123.194  9.03698E-16  SWARM-A  19.742  42.078
2015-03-16T11:41:00Z  460.526  44.091  123.235  9.01906E-16  SWARM-A  19.753  44.001
2015-03-16T11:41:30Z  460.919  46.010  123.287  9.00074E-16  SWARM-A  19.765  45.925
2015-03-16T11:42:00Z  461.317  47.929  123.351  8.98202E-16  SWARM-A  19.778  47.849
2015-03-16T11:42:30Z  461.718  49.846  123.431  8.96195E-16  SWARM-A  19.791  49.772
2015-03-16T11:43:00Z  462.121  51.762  123.527  8.94093E-16  SWARM-A  19.806  51.696
2015-03-16T11:43:30Z  462.522  53.678  123.642  8.91788E-16  SWARM-A  19.822  53.620
2015-03-16T11:44:00Z  462.918  55.592  123.780  8.89313E-16  SWARM-A  19.840  55.544
2015-03-16T11:44:30Z  463.308  57.504  123.946  8.86688E-16  SWARM-A  19.859  57.468
2015-03-16T11:45:00Z  463.690  59.415  124.143  8.84059E-16  SWARM-A  19.881  59.392
2015-03-16T11:45:30Z  464.060  61.325  124.379  8.81713E-16  SWARM-A  19.905  61.316
2015-03-16T11:46:00Z  464.417  63.233  124.662  8.79884E-16  SWARM-A  19.932  63.240
2015-03-16T11:46:30Z  464.759  65.139  125.002  8.78008E-16  SWARM-A  19.963  65.165
2015-03-16T11:47:00Z  465.084  67.043  125.414  8.76258E-16  SWARM-A  19.999  67.089
2015-03-16T11:47:30Z  465.390  68.944  125.918  8.74634E-16  SWARM-A  20.041  69.013
2015-03-16T11:48:00Z  465.675  70.842  126.539  8.72741E-16  SWARM-A  20.090  70.938
2015-03-16T11:48:30Z  465.937  72.736  127.318  8.70717E-16  SWARM-A  20.151  72.862
2015-03-16T11:49:00Z  466.175  74.624  128.312  8.68332E-16  SWARM-A  20.225  74.787
2015-03-16T11:49:30Z  466.389  76.505  129.610  8.65813E-16  SWARM-A  20.320  76.711
2015-03-16T11:50:00Z  466.575  78.375  131.357  8.63314E-16  SWARM-A  20.445  78.636
2015-03-16T11:50:30Z  466.734  80.228  133.806  8.61081E-16  SWARM-A  20.616  80.560
2015-03-16T11:51:00Z  466.865  82.053  137.434  8.59428E-16  SWARM-A  20.867  82.485
2015-03-16T11:51:30Z  466.966  83.824  143.235  8.59112E-16  SWARM-A  21.262  84.410
2015-03-16T11:52:00Z  467.037  85.479  153.544  8.59594E-16  SWARM-A  21.957  86.334
2015-03-16T11:52:30Z  467.079  86.829  174.043  8.60950E-16  SWARM-A  23.332  88.259
2015-03-16T11:53:00Z  467.089  87.358  -149.038  8.62651E-16  SWARM-A  1.802  90.183
2015-03-16T11:53:30Z  467.070  86.651  -114.383  8.64094E-16  SWARM-A  4.121  92.108
2015-03-16T11:54:00Z  467.019  85.229  -96.081  8.66380E-16  SWARM-A  5.349  94.033
2015-03-16T11:54:30Z  466.939  83.549  -86.747  8.68699E-16  SWARM-A  5.980  95.957
2015-03-16T11:55:00Z  466.829  81.766  -81.396  8.71546E-16  SWARM-A  6.345  97.882
2015-03-16T11:55:30Z  466.689  79.936  -78.002  8.73920E-16  SWARM-A  6.579  99.806
2015-03-16T11:56:00Z  466.522  78.079  -75.689  8.75636E-16  SWARM-A  6.742  101.731
2015-03-16T11:56:30Z  466.327  76.207  -74.026  8.77088E-16  SWARM-A  6.861  103.656
2015-03-16T11:57:00Z  466.105  74.325  -72.785  8.78361E-16  SWARM-A  6.952  105.580
2015-03-16T11:57:30Z  465.858  72.435  -71.830  8.79554E-16  SWARM-A  7.024  107.505
2015-03-16T11:58:00Z  465.588  70.541  -71.079  8.80552E-16  SWARM-A  7.083  109.429
2015-03-16T11:58:30Z  465.296  68.642  -70.478  8.81499E-16  SWARM-A  7.131  111.354
2015-03-16T11:59:00Z  464.983  66.741  -69.991  8.82517E-16  SWARM-A  7.172  113.278
2015-03-16T11:59:30Z  464.651  64.836  -69.591  8.83628E-16  SWARM-A  7.207  115.202
2015-03-16T12:00:00Z  464.302  62.930  -69.261  8.85240E-16  SWARM-A  7.237  117.127
2015-03-16T12:00:30Z  463.939  61.022  -68.986  8.86064E-16  SWARM-A  7.264  119.051
2015-03-16T12:01:00Z  463.563  59.112  -68.757  8.86830E-16  SWARM-A  7.287  120.975
2015-03-16T12:01:30Z  463.176  57.200  -68.565  8.87300E-16  SWARM-A  7.308  122.899
2015-03-16T12:02:00Z  462.782  55.287  -68.404  8.87257E-16  SWARM-A  7.328  124.823
2015-03-16T12:02:30Z  462.381  53.373  -68.270  8.86621E-16  SWARM-A  7.345  126.747
2015-03-16T12:03:00Z  461.977  51.458  -68.157  8.85258E-16  SWARM-A  7.361  128.671
2015-03-16T12:03:30Z  461.571  49.541  -68.064  8.83368E-16  SWARM-A  7.375  130.595
2015-03-16T12:04:00Z  461.168  47.624  -67.987  8.81025E-16  SWARM-A  7.389  132.519
2015-03-16T12:04:30Z  460.768  45.705  -67.925  8.78214E-16  SWARM-A  7.401  134.442
2015-03-16T12:05:00Z  460.374  43.786  -67.875  8.75111E-16  SWARM-A  7.413  136.366
2015-03-16T12:05:30Z  459.989  41.865  -67.836  8.71753E-16  SWARM-A  7.424  138.289
2015-03-16T12:06:00Z  459.616  39.943  -67.806  8.67984E-16  SWARM-A  7.434  140.213
2015-03-16T12:06:30Z  459.256  38.021  -67.785  8.63777E-16  SWARM-A  7.444  142.136
2015-03-16T12:07:00Z  458.913  36.098  -67.771  8.59157E-16  SWARM-A  7.453  144.059
2015-03-16T12:07:30Z  458.588  34.174  -67.764  8.54108E-16  SWARM-A  7.462  145.982
2015-03-16T12:08:00Z  458.284  32.249  -67.762  8.48682E-16  SWARM-A  7.470  147.905
2015-03-16T12:08:30Z  458.004  30.323  -67.766  8.42875E-16  SWARM-A  7.478  149.828
2015-03-16T12:09:00Z  457.748  28.397  -67.775  8.36770E-16  SWARM-A  7.486  151.751
2015-03-16T12:09:30Z  457.521  26.470  -67.788  8.30432E-16  SWARM-A  7.494  153.673
2015-03-16T12:10:00Z  457.323  24.542  -67.804  8.23946E-16  SWARM-A  7.501  155.596
2015-03-16T12:10:30Z  457.156  22.614  -67.824  8.17388E-16  SWARM-A  7.508  157.518
2015-03-16T12:11:00Z  457.022  20.686  -67.846  8.10838E-16  SWARM-A  7.515  159.440
2015-03-16T12:11:30Z  456.922  18.757  -67.872  8.04314E-16  SWARM-A  7.521  161.362
2015-03-16T12:12:00Z  456.858  16.827  -67.899  7.97871E-16  SWARM-A  7.528  163.284
2015-03-16T12:12:30Z  456.832  14.897  -67.928  7.91253E-16  SWARM-A  7.534  165.206
2015-03-16T12:13:00Z  456.844  12.967  -67.959  7.84881E-16  SWARM-A  7.541  167.128
2015-03-16T12:13:30Z  456.895  11.037  -67.992  7.78751E-16  SWARM-A  7.547  169.049
2015-03-16T12:14:00Z  456.986  9.106  -68.026  7.72990E-16  SWARM-A  7.553  170.971
2015-03-16T12:14:30Z  457.118  7.176  -68.060  7.67568E-16  SWARM-A  7.559  172.892
2015-03-16T12:15:00Z  457.291  5.245  -68.096  7.62440E-16  SWARM-A  7.565  174.813
2015-03-16T12:15:30Z  457.504  3.314  -68.132  7.57650E-16  SWARM-A  7.571  176.733
2015-03-16T12:16:00Z  457.759  1.384  -68.168  7.53215E-16  SWARM-A  7.577  178.654
2015-03-16T12:16:30Z  458.056  -0.547  -68.205  7.49092E-16  SWARM-A  7.583  180.575
2015-03-16T12:17:00Z  458.392  -2.477  -68.241  7.45225E-16  SWARM-A  7.588  182.495
2015-03-16T12:17:30Z  458.769  -4.407  -68.277  7.41661E-16  SWARM-A  7.594  184.415
2015-03-16T12:18:00Z  459.186  -6.337  -68.313  7.38355E-16  SWARM-A  7.600  186.335
2015-03-16T12:18:30Z  459.641  -8.266  -68.348  7.35288E-16  SWARM-A  7.606  188.255
2015-03-16T12:19:00Z  460.134  -10.195  -68.383  7.32416E-16  SWARM-A  7.612  190.174
2015-03-16T12:19:30Z  460.663  -12.124  -68.416  7.29713E-16  SWARM-A  7.618  192.094
2015-03-16T12:20:00Z  461.228  -14.052  -68.448  7.27193E-16  SWARM-A  7.625  194.013
2015-03-16T12:20:30Z  461.825  -15.979  -68.478  7.24838E-16  SWARM-A  7.631  195.932
2015-03-16T12:21:00Z  462.454  -17.905  -68.506  7.22700E-16  SWARM-A  7.637  197.851
2015-03-16T12:21:30Z  463.113  -19.831  -68.533  7.20770E-16  SWARM-A  7.644  199.770
2015-03-16T12:22:00Z  463.800  -21.757  -68.557  7.19060E-16  SWARM-A  7.651  201.688
2015-03-16T12:22:30Z  464.512  -23.681  -68.578  7.17724E-16  SWARM-A  7.658  203.607
2015-03-16T12:23:00Z  465.248  -25.605  -68.596  7.16674E-16  SWARM-A  7.665  205.525
2015-03-16T12:23:30Z  466.005  -27.527  -68.611  7.16024E-16  SWARM-A  7.672  207.443
2015-03-16T12:24:00Z  466.780  -29.449  -68.622  7.15680E-16  SWARM-A  7.680  209.361
2015-03-16T12:24:30Z  467.571  -31.370  -68.628  7.15383E-16  SWARM-A  7.688  211.278
2015-03-16T12:25:00Z  468.375  -33.289  -68.630  7.15392E-16  SWARM-A  7.696  213.196
2015-03-16T12:25:30Z  469.189  -35.208  -68.626  7.15711E-16  SWARM-A  7.704  215.113
2015-03-16T12:26:00Z  470.011  -37.126  -68.616  7.16346E-16  SWARM-A  7.713  217.030
2015-03-16T12:26:30Z  470.838  -39.042  -68.598  7.17278E-16  SWARM-A  7.723  218.947
2015-03-16T12:27:00Z  471.667  -40.958  -68.573  7.18455E-16  SWARM-A  7.733  220.864
2015-03-16T12:27:30Z  472.495  -42.872  -68.539  7.19867E-16  SWARM-A  7.744  222.781
2015-03-16T12:28:00Z  473.319  -44.785  -68.495  7.21436E-16  SWARM-A  7.755  224.697
2015-03-16T12:28:30Z  474.135  -46.697  -68.440  7.23181E-16  SWARM-A  7.767  226.614
2015-03-16T12:29:00Z  474.942  -48.608  -68.371  7.25026E-16  SWARM-A  7.780  228.530
2015-03-16T12:29:30Z  475.736  -50.517  -68.287  7.26951E-16  SWARM-A  7.794  230.446
2015-03-16T12:30:00Z  476.514  -52.425  -68.185  7.28931E-16  SWARM-A  7.809  232.362
2015-03-16T12:30:30Z  477.274  -54.332  -68.063  7.30950E-16  SWARM-A  7.825  234.278
2015-03-16T12:31:00Z  478.013  -56.237  -67.918  7.33022E-16  SWARM-A  7.843  236.193
2015-03-16T12:31:30Z  478.727  -58.141  -67.743  7.35047E-16  SWARM-A  7.863  238.109
2015-03-16T12:32:00Z  479.415  -60.043  -67.535  7.37070E-16  SWARM-A  7.886  240.024
2015-03-16T12:32:30Z  480.073  -61.943  -67.287  7.39061E-16  SWARM-A  7.910  241.940
2015-03-16T12:33:00Z  480.700  -63.842  -66.989  7.41052E-16  SWARM-A  7.939  243.855
2015-03-16T12:33:30Z  481.293  -65.738  -66.630  7.43071E-16  SWARM-A  7.971  245.770
2015-03-16T12:34:00Z  481.850  -67.632  -66.195  7.45135E-16  SWARM-A  8.008  247.685
2015-03-16T12:34:30Z  482.368  -69.523  -65.661  7.47265E-16  SWARM-A  8.052  249.600
2015-03-16T12:35:00Z  482.847  -71.410  -65.001  7.49656E-16  SWARM-A  8.105  251.515
2015-03-16T12:35:30Z  483.283  -73.293  -64.170  7.52270E-16  SWARM-A  8.168  253.430
2015-03-16T12:36:00Z  483.676  -75.170  -63.104  7.55117E-16  SWARM-A  8.248  255.345
2015-03-16T12:36:30Z  484.024  -77.039  -61.704  7.58452E-16  SWARM-A  8.349  257.259
2015-03-16T12:37:00Z  484.326  -78.895  -59.801  7.62135E-16  SWARM-A  8.484  259.174
2015-03-16T12:37:30Z  484.581  -80.732  -57.102  7.66010E-16  SWARM-A  8.673  261.089
2015-03-16T12:38:00Z  484.787  -82.537  -53.038  7.70019E-16  SWARM-A  8.952  263.003
2015-03-16T12:38:30Z  484.944  -84.276  -46.390  7.74198E-16  SWARM-A  9.404  264.918
2015-03-16T12:39:00Z  485.052  -85.870  -34.232  7.78693E-16  SWARM-A  10.222  266.832
2015-03-16T12:39:30Z  485.109  -87.070  -9.832  7.83895E-16  SWARM-A  11.857  268.747
2015-03-16T12:40:00Z  485.116  -87.289  29.241  7.89721E-16  SWARM-A  14.471  270.661
2015-03-16T12:40:30Z  485.073  -86.346  59.575  7.94773E-16  SWARM-A  16.501  272.576
2015-03-16T12:41:00Z  484.980  -84.844  74.924  8.00266E-16  SWARM-A  17.533  274.490
2015-03-16T12:41:30Z  484.837  -83.140  82.982  8.06215E-16  SWARM-A  18.078  276.405
2015-03-16T12:42:00Z  484.644  -81.353  87.738  8.12610E-16  SWARM-A  18.404  278.319
2015-03-16T12:42:30Z  484.403  -79.525  90.818  8.19312E-16  SWARM-A  18.617  280.234
2015-03-16T12:43:00Z  484.115  -77.674  92.950  8.25918E-16  SWARM-A  18.768  282.148
2015-03-16T12:43:30Z  483.779  -75.809  94.498  8.32337E-16  SWARM-A  18.879  284.063
2015-03-16T12:44:00Z  483.398  -73.935  95.664  8.38324E-16  SWARM-A  18.966  285.978
2015-03-16T12:44:30Z  482.973  -72.053  96.567  8.43684E-16  SWARM-A  19.034  287.893
2015-03-16T12:45:00Z  482.506  -70.167  97.280  8.48584E-16  SWARM-A  19.090  289.808
2015-03-16T12:45:30Z  481.998  -68.278  97.853  8.53435E-16  SWARM-A  19.136  291.722
2015-03-16T12:46:00Z  481.451  -66.385  98.319  8.57678E-16  SWARM-A  19.176  293.638
2015-03-16T12:46:30Z  480.867  -64.489  98.702  8.61602E-16  SWARM-A  19.210  295.553
2015-03-16T12:47:00Z  480.249  -62.591  99.019  8.65525E-16  SWARM-A  19.239  297.468
2015-03-16T12:47:30Z  479.598  -60.692  99.283  8.69586E-16  SWARM-A  19.265  299.383
2015-03-16T12:48:00Z  478.917  -58.790  99.504  8.73735E-16  SWARM-A  19.288  301.299
2015-03-16T12:48:30Z  478.209  -56.887  99.689  8.78343E-16  SWARM-A  19.309  303.214
2015-03-16T12:49:00Z  477.476  -54.982  99.844  8.83183E-16  SWARM-A  19.328  305.130
2015-03-16T12:49:30Z  476.721  -53.076  99.974  8.88155E-16  SWARM-A  19.345  307.046
2015-03-16T12:50:00Z  475.947  -51.168  100.082  8.93041E-16  SWARM-A  19.360  308.962
2015-03-16T12:50:30Z  475.155  -49.259  100.172  8.97500E-16  SWARM-A  19.374  310.878
2015-03-16T12:51:00Z  474.350  -47.349  100.246  9.01526E-16  SWARM-A  19.388  312.794
2015-03-16T12:51:30Z  473.535  -45.438  100.305  9.04591E-16  SWARM-A  19.400  314.710
2015-03-16T12:52:00Z  472.711  -43.525  100.353  9.07628E-16  SWARM-A  19.412  316.627
2015-03-16T12:52:30Z  471.883  -41.611  100.391  9.10732E-16  SWARM-A  19.422  318.543
2015-03-16T12:53:00Z  471.052  -39.696  100.419  9.13951E-16  SWARM-A  19.433  320.460
2015-03-16T12:53:30Z  470.223  -37.780  100.438  9.17432E-16  SWARM-A  19.442  322.377
2015-03-16T12:54:00Z  469.398  -35.862  100.451  9.20676E-16  SWARM-A  19.451  324.294
2015-03-16T12:54:30Z  468.579  -33.944  100.457  9.24063E-16  SWARM-A  19.460  326.211
2015-03-16T12:55:00Z  467.771  -32.025  100.457  9.27093E-16  SWARM-A  19.468  328.129
2015-03-16T12:55:30Z  466.975  -30.104  100.452  9.30077E-16  SWARM-A  19.476  330.046
2015-03-16T12:56:00Z  466.194  -28.183  100.443  9.32791E-16  SWARM-A  19.484  331.964
2015-03-16T12:56:30Z  465.431  -26.260  100.429  9.35332E-16  SWARM-A  19.492  333.882
2015-03-16T12:57:00Z  464.688  -24.337  100.412  9.37803E-16  SWARM-A  19.499  335.800
2015-03-16T12:57:30Z  463.969  -22.413  100.392  9.40130E-16  SWARM-A  19.506  337.719
2015-03-16T12:58:00Z  463.274  -20.488  100.369  9.42418E-16  SWARM-A  19.513  339.637
2015-03-16T12:58:30Z  462.607  -18.562  100.343  9.44424E-16  SWARM-A  19.519  341.556
2015-03-16T12:59:00Z  461.970  -16.636  100.315  9.46251E-16  SWARM-A  19.526  343.475
2015-03-16T12:59:30Z  461.364  -14.709  100.286  9.47882E-16  SWARM-A  19.532  345.394
2015-03-16T13:00:00Z  460.791  -12.781  100.254  9.49227E-16  SWARM-A  19.538  347.313
2015-03-16T13:00:30Z  460.252  -10.853  100.222  9.50684E-16  SWARM-A  19.544  349.232
2015-03-16T13:01:00Z  459.750  -8.924  100.188  9.51482E-16  SWARM-A  19.550  351.152
2015-03-16T13:01:30Z  459.285  -6.995  100.153  9.52131E-16  SWARM-A  19.557  353.072
2015-03-16T13:02:00Z  458.859  -5.065  100.117  9.52559E-16  SWARM-A  19.562  354.992
2015-03-16T13:02:30Z  458.472  -3.135  100.081  9.52685E-16  SWARM-A  19.568  356.912
2015-03-16T13:03:00Z  458.125  -1.205  100.045  9.52543E-16  SWARM-A  19.574  358.832
2015-03-16T13:03:30Z  457.819  0.726  100.008  9.52106E-16  SWARM-A  19.580  0.753
2015-03-16T13:04:00Z  457.554  2.656  99.972  9.51515E-16  SWARM-A  19.586  2.673
2015-03-16T13:04:30Z  457.330  4.587  99.936  9.50582E-16  SWARM-A  19.592  4.594
2015-03-16T13:05:00Z  457.147  6.518  99.900  9.49473E-16  SWARM-A  19.598  6.515
2015-03-16T13:05:30Z  457.005  8.448  99.865  9.48281E-16  SWARM-A  19.604  8.436
2015-03-16T13:06:00Z  456.905  10.379  99.831  9.46704E-16  SWARM-A  19.610  10.357
2015-03-16T13:06:30Z  456.844  12.309  99.798  9.45194E-16  SWARM-A  19.616  12.279
2015-03-16T13:07:00Z  456.822  14.239  99.766  9.43502E-16  SWARM-A  19.622  14.200
2015-03-16T13:07:30Z  456.840  16.169  99.736  9.41766E-16  SWARM-A  19.629  16.122
2015-03-16T13:08:00Z  456.895  18.099  99.708  9.39924E-16  SWARM-A  19.635  18.044
2015-03-16T13:08:30Z  456.986  20.028  99.682  9.37992E-16  SWARM-A  19.642  19.966
2015-03-16T13:09:00Z  457.112  21.957  99.659  9.35966E-16  SWARM-A  19.649  21.888
2015-03-16T13:09:30Z  457.272  23.885  99.638  9.33881E-16  SWARM-A  19.656  23.810
2015-03-16T13:10:00Z  457.463  25.813  99.621  9.31617E-16  SWARM-A  19.663  25.733
2015-03-16T13:10:30Z  457.684  27.740  99.607  9.29479E-16  SWARM-A  19.670  27.655
2015-03-16T13:11:00Z  457.933  29.667  99.597  9.26881E-16  SWARM-A  19.678  29.578
2015-03-16T13:11:30Z  458.209  31.592  99.591  9.24566E-16  SWARM-A  19.686  31.501
2015-03-16T13:12:00Z  458.508  33.518  99.591  9.22162E-16  SWARM-A  19.694  33.424
2015-03-16T13:12:30Z  458.828  35.442  99.596  9.19688E-16  SWARM-A  19.703  35.347
2015-03-16T13:13:00Z  459.169  37.365  99.607  9.17200E-16  SWARM-A  19.712  37.270
2015-03-16T13:13:30Z  459.526  39.288  99.626  9.14699E-16  SWARM-A  19.721  39.193
2015-03-16T13:14:00Z  459.898  41.210  99.653  9.12176E-16  SWARM-A  19.732  41.116
2015-03-16T13:14:30Z  460.282  43.131  99.688  9.09631E-16  SWARM-A  19.742  43.040
2015-03-16T13:15:00Z  460.676  45.051  99.735  9.07086E-16  SWARM-A  19.754  44.963
2015-03-16T13:15:30Z  461.077  46.970  99.793  9.04558E-16  SWARM-A  19.766  46.887
2015-03-16T13:16:00Z  461.483  48.888  99.864  9.02017E-16  SWARM-A  19.779  48.811
2015-03-16T13:16:30Z  461.891  50.805  99.952  8.99421E-16  SWARM-A  19.793  50.734
2015-03-16T13:17:00Z  462.299  52.720  100.057  8.96782E-16  SWARM-A  19.809  52.658
2015-03-16T13:17:30Z  462.704  54.635  100.184  8.94060E-16  SWARM-A  19.825  54.582
2015-03-16T13:18:00Z  463.104  56.548  100.335  8.91336E-16  SWARM-A  19.844  56.506
2015-03-16T13:18:30Z  463.496  58.460  100.516  8.88686E-16  SWARM-A  19.864  58.430
2015-03-16T13:19:00Z  463.879  60.370  100.732  8.86283E-16  SWARM-A  19.887  60.354
2015-03-16T13:19:30Z  464.250  62.279  100.991  8.84296E-16  SWARM-A  19.912  62.279
2015-03-16T13:20:00Z  464.606  64.186  101.301  8.82813E-16  SWARM-A  19.941  64.203
2015-03-16T13:20:30Z  464.947  66.091  101.675  8.81405E-16  SWARM-A  19.975  66.127
2015-03-16T13:21:00Z  465.269  67.994  102.130  8.79963E-16  SWARM-A  20.013  68.051
2015-03-16T13:21:30Z  465.571  69.893  102.689  8.78521E-16  SWARM-A  20.059  69.976
2015-03-16T13:22:00Z  465.852  71.789  103.384  8.76781E-16  SWARM-A  20.114  71.900
2015-03-16T13:22:30Z  466.109  73.681  104.262  8.74988E-16  SWARM-A  20.181  73.825
2015-03-16T13:23:00Z  466.342  75.566  105.394  8.73048E-16  SWARM-A  20.264  75.749
2015-03-16T13:23:30Z  466.548  77.442  106.894  8.71082E-16  SWARM-A  20.373  77.674
2015-03-16T13:24:00Z  466.728  79.304  108.952  8.69284E-16  SWARM-A  20.518  79.598
2015-03-16T13:24:30Z  466.879  81.145  111.910  8.67745E-16  SWARM-A  20.724  81.523
2015-03-16T13:25:00Z  467.002  82.947  116.448  8.66637E-16  SWARM-A  21.035  83.447
2015-03-16T13:25:30Z  467.095  84.672  124.068  8.65931E-16  SWARM-A  21.551  85.372
2015-03-16T13:26:00Z  467.157  86.213  138.452  8.65778E-16  SWARM-A  22.518  87.296
2015-03-16T13:26:30Z  467.190  87.242  167.234  8.65964E-16  SWARM-A  0.445  89.221
2015-03-16T13:27:00Z  467.191  87.139  -153.136  8.65858E-16  SWARM-A  3.096  91.145
2015-03-16T13:27:30Z  467.162  85.990  -127.149  8.65394E-16  SWARM-A  4.836  93.070
2015-03-16T13:28:00Z  467.103  84.407  -114.245  8.65386E-16  SWARM-A  5.705  94.995
2015-03-16T13:28:30Z  467.013  82.666  -107.277  8.65858E-16  SWARM-A  6.178  96.919
2015-03-16T13:29:00Z  466.894  80.855  -103.059  8.66289E-16  SWARM-A  6.467  98.844
2015-03-16T13:29:30Z  466.746  79.010  -100.277  8.66610E-16  SWARM-A  6.661  100.768
2015-03-16T13:30:00Z  466.570  77.145  -98.325  8.66656E-16  SWARM-A  6.800  102.693
2015-03-16T13:30:30Z  466.367  75.268  -96.894  8.66558E-16  SWARM-A  6.903  104.617
2015-03-16T13:31:00Z  466.139  73.382  -95.808  8.66162E-16  SWARM-A  6.984  106.541
2015-03-16T13:31:30Z  465.885  71.489  -94.963  8.65699E-16  SWARM-A  7.049  108.466
2015-03-16T13:32:00Z  465.609  69.593  -94.292  8.65116E-16  SWARM-A  7.102  110.390
2015-03-16T13:32:30Z  465.311  67.693  -93.751  8.64520E-16  SWARM-A  7.146  112.315
2015-03-16T13:33:00Z  464.994  65.790  -93.310  8.64023E-16  SWARM-A  7.184  114.239
2015-03-16T13:33:30Z  464.659  63.885  -92.947  8.63680E-16  SWARM-A  7.217  116.163
2015-03-16T13:34:00Z  464.307  61.977  -92.646  8.63485E-16  SWARM-A  7.245  118.087
2015-03-16T13:34:30Z  463.942  60.068  -92.395  8.62732E-16  SWARM-A  7.270  120.011
2015-03-16T13:35:00Z  463.565  58.158  -92.185  8.61735E-16  SWARM-A  7.292  121.935
2015-03-16T13:35:30Z  463.179  56.246  -92.009  8.60493E-16  SWARM-A  7.312  123.859
2015-03-16T13:36:00Z  462.786  54.332  -91.862  8.58874E-16  SWARM-A  7.331  125.783
2015-03-16T13:36:30Z  462.387  52.418  -91.739  8.56908E-16  SWARM-A  7.347  127.707
2015-03-16T13:37:00Z  461.986  50.502  -91.636  8.54641E-16  SWARM-A  7.362  129.631
2015-03-16T13:37:30Z  461.585  48.585  -91.552  8.52278E-16  SWARM-A  7.376  131.554
2015-03-16T13:38:00Z  461.187  46.667  -91.482  8.49892E-16  SWARM-A  7.389  133.478
2015-03-16T13:38:30Z  460.793  44.748  -91.426  8.47687E-16  SWARM-A  7.401  135.402
2015-03-16T13:39:00Z  460.406  42.828  -91.381  8.45605E-16  SWARM-A  7.413  137.325
2015-03-16T13:39:30Z  460.030  40.907  -91.347  8.43577E-16  SWARM-A  7.423  139.248
2015-03-16T13:40:00Z  459.665  38.985  -91.322  8.41460E-16  SWARM-A  7.433  141.171
2015-03-16T13:40:30Z  459.316  37.062  -91.304  8.39228E-16  SWARM-A  7.443  143.095
2015-03-16T13:41:00Z  458.984  35.139  -91.294  8.36758E-16  SWARM-A  7.452  145.018
2015-03-16T13:41:30Z  458.671  33.214  -91.290  8.33895E-16  SWARM-A  7.460  146.940
2015-03-16T13:42:00Z  458.379  31.289  -91.291  8.30844E-16  SWARM-A  7.469  148.863
2015-03-16T13:42:30Z  458.112  29.364  -91.297  8.27655E-16  SWARM-A  7.477  150.786
2015-03-16T13:43:00Z  457.871  27.437  -91.308  8.24317E-16  SWARM-A  7.484  152.708
2015-03-16T13:43:30Z  457.658  25.510  -91.323  8.20911E-16  SWARM-A  7.492  154.631
2015-03-16T13:44:00Z  457.475  23.582  -91.341  8.17471E-16  SWARM-A  7.499  156.553
2015-03-16T13:44:30Z  457.323  21.654  -91.362  8.14054E-16  SWARM-A  7.506  158.475
2015-03-16T13:45:00Z  457.205  19.725  -91.386  8.10737E-16  SWARM-A  7.512  160.397
2015-03-16T13:45:30Z  457.122  17.796  -91.412  8.07508E-16  SWARM-A  7.519  162.319
2015-03-16T13:46:00Z  457.075  15.867  -91.440  8.04383E-16  SWARM-A  7.525  164.241
2015-03-16T13:46:30Z  457.065  13.937  -91.471  8.01428E-16  SWARM-A  7.532  166.162
2015-03-16T13:47:00Z  457.093  12.007  -91.502  7.98718E-16  SWARM-A  7.538  168.084
2015-03-16T13:47:30Z  457.161  10.076  -91.536  7.96265E-16  SWARM-A  7.544  170.005
2015-03-16T13:48:00Z  457.269  8.146  -91.570  7.94060E-16  SWARM-A  7.550  171.926
2015-03-16T13:48:30Z  457.417  6.215  -91.605  7.92164E-16  SWARM-A  7.556  173.847
2015-03-16T13:49:00Z  457.606  4.285  -91.641  7.90469E-16  SWARM-A  7.562  175.768
2015-03-16T13:49:30Z  457.836  2.354  -91.677  7.89022E-16  SWARM-A  7.568  177.689
2015-03-16T13:50:00Z  458.107  0.424  -91.713  7.87802E-16  SWARM-A  7.574  179.609
2015-03-16T13:50:30Z  458.419  -1.506  -91.750  7.86729E-16  SWARM-A  7.580  181.529
2015-03-16T13:51:00Z  458.771  -3.437  -91.786  7.85787E-16  SWARM-A  7.586  183.449
2015-03-16T13:51:30Z  459.163  -5.366  -91.822  7.84977E-16  SWARM-A  7.592  185.369
2015-03-16T13:52:00Z  459.594  -7.296  -91.858  7.84151E-16  SWARM-A  7.598  187.289
2015-03-16T13:52:30Z  460.063  -9.225  -91.892  7.83359E-16  SWARM-A  7.604  189.209
2015-03-16T13:53:00Z  460.569  -11.153  -91.926  7.82548E-16  SWARM-A  7.610  191.128
2015-03-16T13:53:30Z  461.111  -13.081  -91.958  7.81719E-16  SWARM-A  7.616  193.047
2015-03-16T13:54:00Z  461.687  -15.009  -91.990  7.80738E-16  SWARM-A  7.622  194.966
2015-03-16T13:54:30Z  462.296  -16.936  -92.019  7.79703E-16  SWARM-A  7.629  196.885
2015-03-16T13:55:00Z  462.935  -18.862  -92.046  7.78569E-16  SWARM-A  7.635  198.804
2015-03-16T13:55:30Z  463.603  -20.788  -92.072  7.77335E-16  SWARM-A  7.642  200.723
2015-03-16T13:56:00Z  464.298  -22.712  -92.094  7.76035E-16  SWARM-A  7.649  202.641
2015-03-16T13:56:30Z  465.017  -24.636  -92.114  7.74691E-16  SWARM-A  7.656  204.559
2015-03-16T13:57:00Z  465.759  -26.559  -92.130  7.73325E-16  SWARM-A  7.663  206.477
2015-03-16T13:57:30Z  466.520  -28.481  -92.143  7.71952E-16  SWARM-A  7.670  208.395
2015-03-16T13:58:00Z  467.299  -30.402  -92.152  7.70577E-16  SWARM-A  7.678  210.313
2015-03-16T13:58:30Z  468.092  -32.323  -92.156  7.69247E-16  SWARM-A  7.686  212.230
2015-03-16T13:59:00Z  468.897  -34.242  -92.155  7.67947E-16  SWARM-A  7.695  214.148
2015-03-16T13:59:30Z  469.710  -36.160  -92.148  7.66719E-16  SWARM-A  7.703  216.065
2015-03-16T14:00:00Z  470.531  -38.077  -92.134  7.65503E-16  SWARM-A  7.713  217.982
2015-03-16T14:00:30Z  471.354  -39.993  -92.113  7.64284E-16  SWARM-A  7.722  219.899
2015-03-16T14:01:00Z  472.178  -41.908  -92.084  7.63088E-16  SWARM-A  7.733  221.815
2015-03-16T14:01:30Z  472.999  -43.821  -92.045  7.61914E-16  SWARM-A  7.744  223.732
2015-03-16T14:02:00Z  473.815  -45.734  -91.995  7.60687E-16  SWARM-A  7.755  225.648
2015-03-16T14:02:30Z  474.622  -47.645  -91.933  7.59392E-16  SWARM-A  7.768  227.564
2015-03-16T14:03:00Z  475.418  -49.555  -91.857  7.58085E-16  SWARM-A  7.781  229.480
2015-03-16T14:03:30Z  476.200  -51.464  -91.764  7.56656E-16  SWARM-A  7.796  231.396
2015-03-16T14:04:00Z  476.964  -53.371  -91.653  7.55110E-16  SWARM-A  7.811  233.312
2015-03-16T14:04:30Z  477.709  -55.277  -91.519  7.53432E-16  SWARM-A  7.829  235.228
2015-03-16T14:05:00Z  478.431  -57.181  -91.360  7.51601E-16  SWARM-A  7.848  237.144
2015-03-16T14:05:30Z  479.127  -59.084  -91.170  7.49645E-16  SWARM-A  7.869  239.059
2015-03-16T14:06:00Z  479.796  -60.985  -90.942  7.47607E-16  SWARM-A  7.892  240.974
2015-03-16T14:06:30Z  480.434  -62.885  -90.670  7.45476E-16  SWARM-A  7.918  242.890
2015-03-16T14:07:00Z  481.040  -64.782  -90.344  7.43335E-16  SWARM-A  7.949  244.805
2015-03-16T14:07:30Z  481.611  -66.677  -89.949  7.41307E-16  SWARM-A  7.983  246.720
2015-03-16T14:08:00Z  482.144  -68.570  -89.468  7.39393E-16  SWARM-A  8.024  248.635
2015-03-16T14:08:30Z  482.638  -70.459  -88.875  7.37726E-16  SWARM-A  8.072  250.550
2015-03-16T14:09:00Z  483.092  -72.344  -88.136  7.36452E-16  SWARM-A  8.129  252.465
2015-03-16T14:09:30Z  483.503  -74.224  -87.198  7.35608E-16  SWARM-A  8.200  254.379
2015-03-16T14:10:00Z  483.869  -76.098  -85.981  7.35238E-16  SWARM-A  8.289  256.294
2015-03-16T14:10:30Z  484.190  -77.961  -84.358  7.35206E-16  SWARM-A  8.406  258.209
2015-03-16T14:11:00Z  484.464  -79.809  -82.108  7.35523E-16  SWARM-A  8.564  260.123
2015-03-16T14:11:30Z  484.691  -81.632  -78.829  7.36174E-16  SWARM-A  8.791  262.038
2015-03-16T14:12:00Z  484.868  -83.410  -73.702  7.37315E-16  SWARM-A  9.141  263.952
2015-03-16T14:12:30Z  484.997  -85.093  -64.868  7.39193E-16  SWARM-A  9.739  265.867
2015-03-16T14:13:00Z  485.075  -86.542  -47.756  7.42117E-16  SWARM-A  10.888  267.781
2015-03-16T14:13:30Z  485.104  -87.340  -14.777  7.46409E-16  SWARM-A  13.095  269.696
2015-03-16T14:14:00Z  485.082  -86.930  23.049  7.51466E-16  SWARM-A  15.625  271.610
2015-03-16T14:14:30Z  485.010  -85.639  44.970  7.56912E-16  SWARM-A  17.095  273.525
2015-03-16T14:15:00Z  484.888  -84.013  55.960  7.63046E-16  SWARM-A  17.836  275.440
2015-03-16T14:15:30Z  484.716  -82.260  62.083  7.69971E-16  SWARM-A  18.252  277.354
2015-03-16T14:16:00Z  484.495  -80.450  65.882  7.77249E-16  SWARM-A  18.514  279.269
2015-03-16T14:16:30Z  484.227  -78.609  68.431  7.84872E-16  SWARM-A  18.692  281.183
2015-03-16T14:17:00Z  483.911  -76.750  70.242  7.92692E-16  SWARM-A  18.821  283.098
2015-03-16T14:17:30Z  483.549  -74.880  71.583  8.00488E-16  SWARM-A  18.919  285.013
2015-03-16T14:18:00Z  483.142  -73.002  72.608  8.08212E-16  SWARM-A  18.995  286.928
2015-03-16T14:18:30Z  482.692  -71.118  73.409  8.15882E-16  SWARM-A  19.057  288.842
2015-03-16T14:19:00Z  482.201  -69.230  74.048  8.23638E-16  SWARM-A  19.108  290.757
2015-03-16T14:19:30Z  481.669  -67.339  74.565  8.31422E-16  SWARM-A  19.151  292.672
2015-03-16T14:20:00Z  481.100  -65.444  74.988  8.39415E-16  SWARM-A  19.187  294.587
2015-03-16T14:20:30Z  480.496  -63.548  75.337  8.47749E-16  SWARM-A  19.219  296.503
2015-03-16T14:21:00Z  479.858  -61.649  75.627  8.56385E-16  SWARM-A  19.247  298.418
2015-03-16T14:21:30Z  479.188  -59.748  75.868  8.65335E-16  SWARM-A  19.271  300.333
2015-03-16T14:22:00Z  478.490  -57.846  76.071  8.74483E-16  SWARM-A  19.293  302.249
2015-03-16T14:22:30Z  477.766  -55.942  76.240  8.84285E-16  SWARM-A  19.313  304.165
2015-03-16T14:23:00Z  477.019  -54.036  76.383  8.95055E-16  SWARM-A  19.330  306.080
2015-03-16T14:23:30Z  476.250  -52.129  76.501  9.05395E-16  SWARM-A  19.347  307.996
2015-03-16T14:24:00Z  475.464  -50.221  76.600  9.15174E-16  SWARM-A  19.362  309.912
2015-03-16T14:24:30Z  474.662  -48.311  76.682  9.24393E-16  SWARM-A  19.375  311.829
2015-03-16T14:25:00Z  473.848  -46.400  76.748  9.30900E-16  SWARM-A  19.388  313.745
2015-03-16T14:25:30Z  473.025  -44.488  76.802  9.36740E-16  SWARM-A  19.400  315.661
2015-03-16T14:26:00Z  472.196  -42.575  76.845  9.42423E-16  SWARM-A  19.411  317.578
2015-03-16T14:26:30Z  471.363  -40.660  76.877  9.47999E-16  SWARM-A  19.422  319.495
2015-03-16T14:27:00Z  470.530  -38.745  76.901  9.53636E-16  SWARM-A  19.432  321.412
2015-03-16T14:27:30Z  469.699  -36.828  76.917  9.60883E-16  SWARM-A  19.441  323.329
2015-03-16T14:28:00Z  468.874  -34.910  76.927  9.67894E-16  SWARM-A  19.450  325.246
2015-03-16T14:28:30Z  468.057  -32.991  76.930  9.74656E-16  SWARM-A  19.459  327.164
2015-03-16T14:29:00Z  467.251  -31.071  76.927  9.81111E-16  SWARM-A  19.467  329.081
2015-03-16T14:29:30Z  466.459  -29.150  76.920  9.87229E-16  SWARM-A  19.475  330.999
2015-03-16T14:30:00Z  465.684  -27.228  76.909  9.90991E-16  SWARM-A  19.482  332.917
2015-03-16T14:30:30Z  464.928  -25.305  76.894  9.93934E-16  SWARM-A  19.490  334.835
2015-03-16T14:31:00Z  464.193  -23.381  76.875  9.96292E-16  SWARM-A  19.497  336.753
2015-03-16T14:31:30Z  463.483  -21.457  76.853  9.98260E-16  SWARM-A  19.503  338.672
2015-03-16T14:32:00Z  462.799  -19.531  76.829  9.99775E-16  SWARM-A  19.510  340.591
2015-03-16T14:32:30Z  462.144  -17.605  76.802  1.00081E-15  SWARM-A  19.517  342.509
2015-03-16T14:33:00Z  461.519  -15.678  76.774  1.00085E-15  SWARM-A  19.523  344.428
2015-03-16T14:33:30Z  460.927  -13.751  76.743  1.00033E-15  SWARM-A  19.529  346.348
2015-03-16T14:34:00Z  460.369  -11.823  76.711  9.99281E-16  SWARM-A  19.536  348.267
2015-03-16T14:34:30Z  459.846  -9.894  76.678  9.97680E-16  SWARM-A  19.542  350.187
2015-03-16T14:35:00Z  459.361  -7.965  76.643  9.95563E-16  SWARM-A  19.548  352.106
2015-03-16T14:35:30Z  458.914  -6.035  76.608  9.92992E-16  SWARM-A  19.554  354.026
2015-03-16T14:36:00Z  458.507  -4.105  76.572  9.89951E-16  SWARM-A  19.560  355.946
2015-03-16T14:36:30Z  458.139  -2.175  76.536  9.86616E-16  SWARM-A  19.566  357.867
2015-03-16T14:37:00Z  457.813  -0.245  76.500  9.82937E-16  SWARM-A  19.572  359.787
2015-03-16T14:37:30Z  457.528  1.686  76.463  9.79029E-16  SWARM-A  19.578  1.708
2015-03-16T14:38:00Z  457.284  3.617  76.427  9.74919E-16  SWARM-A  19.583  3.628
2015-03-16T14:38:30Z  457.082  5.547  76.391  9.70831E-16  SWARM-A  19.589  5.549
2015-03-16T14:39:00Z  456.922  7.478  76.356  9.66812E-16  SWARM-A  19.595  7.470
2015-03-16T14:39:30Z  456.803  9.409  76.321  9.62952E-16  SWARM-A  19.601  9.392
2015-03-16T14:40:00Z  456.725  11.339  76.288  9.59307E-16  SWARM-A  19.607  11.313
2015-03-16T14:40:30Z  456.688  13.270  76.255  9.55968E-16  SWARM-A  19.614  13.235
2015-03-16T14:41:00Z  456.689  15.200  76.225  9.52933E-16  SWARM-A  19.620  15.156
2015-03-16T14:41:30Z  456.729  17.130  76.196  9.50118E-16  SWARM-A  19.626  17.078
2015-03-16T14:42:00Z  456.807  19.059  76.168  9.47658E-16  SWARM-A  19.633  19.000
2015-03-16T14:42:30Z  456.920  20.988  76.144  9.45339E-16  SWARM-A  19.640  20.922
2015-03-16T14:43:00Z  457.067  22.917  76.122  9.43365E-16  SWARM-A  19.646  22.845
2015-03-16T14:43:30Z  457.247  24.845  76.102  9.41764E-16  SWARM-A  19.653  24.767
2015-03-16T14:44:00Z  457.458  26.772  76.087  9.40366E-16  SWARM-A  19.661  26.690
2015-03-16T14:44:30Z  457.699  28.699  76.074  9.39294E-16  SWARM-A  19.668  28.612
2015-03-16T14:45:00Z  457.966  30.625  76.067  9.38352E-16  SWARM-A  19.676  30.535
2015-03-16T14:45:30Z  458.259  32.551  76.064  9.37528E-16  SWARM-A  19.684  32.458
2015-03-16T14:46:00Z  458.574  34.476  76.066  9.36668E-16  SWARM-A  19.693  34.381
2015-03-16T14:46:30Z  458.910  36.400  76.074  9.35652E-16  SWARM-A  19.702  36.304
2015-03-16T14:47:00Z  459.264  38.323  76.089  9.34549E-16  SWARM-A  19.711  38.227
2015-03-16T14:47:30Z  459.634  40.245  76.111  9.33308E-16  SWARM-A  19.721  40.151
2015-03-16T14:48:00Z  460.017  42.167  76.142  9.31908E-16  SWARM-A  19.731  42.074
2015-03-16T14:48:30Z  460.411  44.087  76.183  9.30263E-16  SWARM-A  19.742  43.998
2015-03-16T14:49:00Z  460.814  46.007  76.235  9.28370E-16  SWARM-A  19.754  45.921
2015-03-16T14:49:30Z  461.223  47.925  76.300  9.26179E-16  SWARM-A  19.767  47.845
2015-03-16T14:50:00Z  461.635  49.843  76.379  9.23673E-16  SWARM-A  19.780  49.769
2015-03-16T14:50:30Z  462.049  51.759  76.475  9.20812E-16  SWARM-A  19.795  51.693
2015-03-16T14:51:00Z  462.461  53.674  76.591  9.17539E-16  SWARM-A  19.811  53.616
2015-03-16T14:51:30Z  462.869  55.588  76.729  9.13903E-16  SWARM-A  19.829  55.540
2015-03-16T14:52:00Z  463.270  57.501  76.895  9.10009E-16  SWARM-A  19.848  57.465
2015-03-16T14:52:30Z  463.663  59.412  77.092  9.05997E-16  SWARM-A  19.869  59.389
2015-03-16T14:53:00Z  464.046  61.322  77.328  9.02012E-16  SWARM-A  19.894  61.313
2015-03-16T14:53:30Z  464.415  63.229  77.611  8.98157E-16  SWARM-A  19.921  63.237
2015-03-16T14:54:00Z  464.769  65.136  77.951  8.94397E-16  SWARM-A  19.952  65.161
2015-03-16T14:54:30Z  465.105  67.039  78.363  8.90600E-16  SWARM-A  19.988  67.086
2015-03-16T14:55:00Z  465.423  68.940  78.867  8.86514E-16  SWARM-A  20.029  69.010
2015-03-16T14:55:30Z  465.720  70.838  79.489  8.81979E-16  SWARM-A  20.079  70.934
2015-03-16T14:56:00Z  465.994  72.732  80.267  8.77107E-16  SWARM-A  20.140  72.859
2015-03-16T14:56:30Z  466.244  74.621  81.261  8.72061E-16  SWARM-A  20.214  74.783
2015-03-16T14:57:00Z  466.469  76.501  82.558  8.66930E-16  SWARM-A  20.309  76.708
2015-03-16T14:57:30Z  466.667  78.372  84.305  8.61909E-16  SWARM-A  20.434  78.632
2015-03-16T14:58:00Z  466.838  80.225  86.753  8.57363E-16  SWARM-A  20.605  80.557
2015-03-16T14:58:30Z  466.980  82.049  90.379  8.52814E-16  SWARM-A  20.855  82.481
2015-03-16T14:59:00Z  467.093  83.820  96.176  8.48740E-16  SWARM-A  21.250  84.406
2015-03-16T14:59:30Z  467.176  85.475  106.472  8.45187E-16  SWARM-A  21.945  86.330
2015-03-16T15:00:00Z  467.228  86.826  126.940  8.43118E-16  SWARM-A  23.318  88.255
2015-03-16T15:00:30Z  467.250  87.358  163.822  8.40561E-16  SWARM-A  1.785  90.179
2015-03-16T15:01:00Z  467.241  86.653  -161.499  8.37836E-16  SWARM-A  4.105  92.104
2015-03-16T15:01:30Z  467.201  85.232  -143.169  8.35480E-16  SWARM-A  5.335  94.028
2015-03-16T15:02:00Z  467.131  83.552  -133.821  8.32529E-16  SWARM-A  5.967  95.953
2015-03-16T15:02:30Z  467.032  81.770  -128.463  8.29580E-16  SWARM-A  6.333  97.877
2015-03-16T15:03:00Z  466.902  79.940  -125.065  8.26951E-16  SWARM-A  6.567  99.802
2015-03-16T15:03:30Z  466.745  78.084  -122.749  8.24593E-16  SWARM-A  6.730  101.726
2015-03-16T15:04:00Z  466.559  76.212  -121.085  8.22514E-16  SWARM-A  6.849  103.651
2015-03-16T15:04:30Z  466.347  74.330  -119.842  8.20729E-16  SWARM-A  6.941  105.575
2015-03-16T15:05:00Z  466.110  72.440  -118.887  8.19727E-16  SWARM-A  7.013  107.499
2015-03-16T15:05:30Z  465.849  70.546  -118.135  8.19828E-16  SWARM-A  7.071  109.424
2015-03-16T15:06:00Z  465.565  68.648  -117.534  8.20296E-16  SWARM-A  7.119  111.348
2015-03-16T15:06:30Z  465.261  66.746  -117.046  8.21072E-16  SWARM-A  7.160  113.272
2015-03-16T15:07:00Z  464.938  64.842  -116.646  8.22137E-16  SWARM-A  7.195  115.196
2015-03-16T15:07:30Z  464.597  62.936  -116.316  8.23416E-16  SWARM-A  7.226  117.121
2015-03-16T15:08:00Z  464.242  61.028  -116.041  8.24417E-16  SWARM-A  7.252  119.045
2015-03-16T15:08:30Z  463.873  59.118  -115.811  8.24036E-16  SWARM-A  7.276  120.969
2015-03-16T15:09:00Z  463.493  57.207  -115.619  8.23411E-16  SWARM-A  7.297  122.893
2015-03-16T15:09:30Z  463.105  55.294  -115.458  8.22631E-16  SWARM-A  7.316  124.816
2015-03-16T15:10:00Z  462.710  53.380  -115.324  8.21890E-16  SWARM-A  7.333  126.740
2015-03-16T15:10:30Z  462.312  51.465  -115.211  8.21395E-16  SWARM-A  7.349  128.664
2015-03-16T15:11:00Z  461.911  49.548  -115.118  8.21339E-16  SWARM-A  7.364  130.588
2015-03-16T15:11:30Z  461.512  47.631  -115.041  8.21414E-16  SWARM-A  7.377  132.511
2015-03-16T15:12:00Z  461.116  45.713  -114.979  8.21730E-16  SWARM-A  7.390  134.435
2015-03-16T15:12:30Z  460.726  43.793  -114.929  8.22214E-16  SWARM-A  7.402  136.358
2015-03-16T15:13:00Z  460.344  41.873  -114.889  8.22691E-16  SWARM-A  7.412  138.281
2015-03-16T15:13:30Z  459.974  39.951  -114.860  8.23081E-16  SWARM-A  7.423  140.205
2015-03-16T15:14:00Z  459.616  38.029  -114.838  8.23265E-16  SWARM-A  7.433  142.128
2015-03-16T15:14:30Z  459.274  36.106  -114.825  8.23237E-16  SWARM-A  7.442  144.051
2015-03-16T15:15:00Z  458.950  34.182  -114.817  8.22989E-16  SWARM-A  7.451  145.974
2015-03-16T15:15:30Z  458.647  32.258  -114.816  8.22516E-16  SWARM-A  7.459  147.896
2015-03-16T15:16:00Z  458.367  30.332  -114.820  8.21758E-16  SWARM-A  7.467  149.819
2015-03-16T15:16:30Z  458.111  28.406  -114.828  8.20766E-16  SWARM-A  7.475  151.741
2015-03-16T15:17:00Z  457.882  26.479  -114.841  8.19472E-16  SWARM-A  7.482  153.664
2015-03-16T15:17:30Z  457.682  24.552  -114.858  8.17931E-16  SWARM-A  7.490  155.586
2015-03-16T15:18:00Z  457.513  22.624  -114.877  8.16193E-16  SWARM-A  7.497  157.508
2015-03-16T15:18:30Z  457.377  20.696  -114.900  8.14225E-16  SWARM-A  7.503  159.430
2015-03-16T15:19:00Z  457.274  18.767  -114.925  8.12036E-16  SWARM-A  7.510  161.352
2015-03-16T15:19:30Z  457.207  16.838  -114.952  8.08974E-16  SWARM-A  7.517  163.274
2015-03-16T15:20:00Z  457.177  14.908  -114.982  8.05840E-16  SWARM-A  7.523  165.195
2015-03-16T15:20:30Z  457.185  12.978  -115.013  8.02702E-16  SWARM-A  7.529  167.117
2015-03-16T15:21:00Z  457.231  11.048  -115.045  7.99557E-16  SWARM-A  7.535  169.038
2015-03-16T15:21:30Z  457.317  9.118  -115.079  7.96516E-16  SWARM-A  7.542  170.959
2015-03-16T15:22:00Z  457.444  7.187  -115.114  7.93492E-16  SWARM-A  7.548  172.880
2015-03-16T15:22:30Z  457.611  5.257  -115.149  7.90613E-16  SWARM-A  7.554  174.801
2015-03-16T15:23:00Z  457.819  3.326  -115.185  7.87796E-16  SWARM-A  7.559  176.722
2015-03-16T15:23:30Z  458.067  1.396  -115.221  7.84986E-16  SWARM-A  7.565  178.642
2015-03-16T15:24:00Z  458.357  -0.535  -115.258  7.82409E-16  SWARM-A  7.571  180.562
2015-03-16T15:24:30Z  458.687  -2.465  -115.294  7.79828E-16  SWARM-A  7.577  182.483
2015-03-16T15:25:00Z  459.058  -4.395  -115.331  7.77282E-16  SWARM-A  7.583  184.403
2015-03-16T15:25:30Z  459.467  -6.324  -115.366  7.74772E-16  SWARM-A  7.589  186.322
2015-03-16T15:26:00Z  459.915  -8.253  -115.402  7.72280E-16  SWARM-A  7.595  188.242
2015-03-16T15:26:30Z  460.401  -10.182  -115.436  7.69821E-16  SWARM-A  7.601  190.161
2015-03-16T15:27:00Z  460.922  -12.110  -115.469  7.67295E-16  SWARM-A  7.607  192.081
2015-03-16T15:27:30Z  461.479  -14.038  -115.501  7.64813E-16  SWARM-A  7.613  194.000
2015-03-16T15:28:00Z  462.068  -15.965  -115.531  7.62353E-16  SWARM-A  7.620  195.919
2015-03-16T15:28:30Z  462.689  -17.892  -115.559  7.59911E-16  SWARM-A  7.626  197.837
2015-03-16T15:29:00Z  463.340  -19.818  -115.586  7.57511E-16  SWARM-A  7.633  199.756
2015-03-16T15:29:30Z  464.019  -21.743  -115.610  7.55192E-16  SWARM-A  7.639  201.674
2015-03-16T15:30:00Z  464.723  -23.667  -115.631  7.52987E-16  SWARM-A  7.646  203.593
2015-03-16T15:30:30Z  465.450  -25.590  -115.649  7.50904E-16  SWARM-A  7.654  205.511
2015-03-16T15:31:00Z  466.199  -27.513  -115.664  7.48969E-16  SWARM-A  7.661  207.429
2015-03-16T15:31:30Z  466.965  -29.435  -115.675  7.47266E-16  SWARM-A  7.668  209.346
2015-03-16T15:32:00Z  467.748  -31.355  -115.681  7.45799E-16  SWARM-A  7.676  211.264
2015-03-16T15:32:30Z  468.543  -33.275  -115.683  7.44627E-16  SWARM-A  7.685  213.181
2015-03-16T15:33:00Z  469.349  -35.193  -115.679  7.43704E-16  SWARM-A  7.693  215.099
2015-03-16T15:33:30Z  470.163  -37.111  -115.669  7.43107E-16  SWARM-A  7.702  217.016
2015-03-16T15:34:00Z  470.981  -39.028  -115.651  7.42788E-16  SWARM-A  7.712  218.932
2015-03-16T15:34:30Z  471.801  -40.943  -115.626  7.42684E-16  SWARM-A  7.722  220.849
2015-03-16T15:35:00Z  472.620  -42.857  -115.593  7.42857E-16  SWARM-A  7.732  222.766
2015-03-16T15:35:30Z  473.435  -44.770  -115.549  7.43208E-16  SWARM-A  7.744  224.682
2015-03-16T15:36:00Z  474.243  -46.682  -115.493  7.43723E-16  SWARM-A  7.756  226.599
2015-03-16T15:36:30Z  475.041  -48.592  -115.424  7.44140E-16  SWARM-A  7.769  228.515
2015-03-16T15:37:00Z  475.826  -50.502  -115.340  7.44280E-16  SWARM-A  7.782  230.431
2015-03-16T15:37:30Z  476.595  -52.410  -115.239  7.44346E-16  SWARM-A  7.798  232.347
2015-03-16T15:38:00Z  477.346  -54.316  -115.117  7.44269E-16  SWARM-A  7.814  234.262
2015-03-16T15:38:30Z  478.076  -56.222  -114.971  7.44019E-16  SWARM-A  7.832  236.178
2015-03-16T15:39:00Z  478.781  -58.125  -114.797  7.43545E-16  SWARM-A  7.852  238.094
2015-03-16T15:39:30Z  479.460  -60.027  -114.589  7.42839E-16  SWARM-A  7.874  240.009
2015-03-16T15:40:00Z  480.110  -61.928  -114.341  7.41887E-16  SWARM-A  7.899  241.924
2015-03-16T15:40:30Z  480.728  -63.826  -114.044  7.40777E-16  SWARM-A  7.927  243.839
2015-03-16T15:41:00Z  481.312  -65.722  -113.685  7.39470E-16  SWARM-A  7.959  245.755
2015-03-16T15:41:30Z  481.860  -67.616  -113.250  7.37949E-16  SWARM-A  7.997  247.670
2015-03-16T15:42:00Z  482.370  -69.507  -112.717  7.36330E-16  SWARM-A  8.041  249.584
2015-03-16T15:42:30Z  482.841  -71.395  -112.058  7.34572E-16  SWARM-A  8.093  251.499
2015-03-16T15:43:00Z  483.269  -73.278  -111.228  7.32739E-16  SWARM-A  8.157  253.414
2015-03-16T15:43:30Z  483.654  -75.155  -110.164  7.30803E-16  SWARM-A  8.236  255.329
2015-03-16T15:44:00Z  483.994  -77.023  -108.767  7.28817E-16  SWARM-A  8.337  257.244
2015-03-16T15:44:30Z  484.288  -78.880  -106.869  7.26955E-16  SWARM-A  8.472  259.158
2015-03-16T15:45:00Z  484.535  -80.717  -104.177  7.25382E-16  SWARM-A  8.660  261.073
2015-03-16T15:45:30Z  484.733  -82.522  -100.127  7.24438E-16  SWARM-A  8.938  262.987
2015-03-16T15:46:00Z  484.883  -84.262  -93.506  7.24293E-16  SWARM-A  9.388  264.902
2015-03-16T15:46:30Z  484.983  -85.858  -81.411  7.25218E-16  SWARM-A  10.203  266.817
2015-03-16T15:47:00Z  485.033  -87.063  -57.147  7.27508E-16  SWARM-A  11.829  268.731
2015-03-16T15:47:30Z  485.033  -87.292  -18.131  7.31002E-16  SWARM-A  14.438  270.646
2015-03-16T15:48:00Z  484.983  -86.356  12.340  7.34872E-16  SWARM-A  16.478  272.560
2015-03-16T15:48:30Z  484.882  -84.857  27.776  7.39259E-16  SWARM-A  17.515  274.475
2015-03-16T15:49:00Z  484.732  -83.154  35.874  7.44165E-16  SWARM-A  18.063  276.389
2015-03-16T15:49:30Z  484.533  -81.367  40.649  7.49804E-16  SWARM-A  18.390  278.304
2015-03-16T15:50:00Z  484.285  -79.539  43.740  7.56090E-16  SWARM-A  18.605  280.219
2015-03-16T15:50:30Z  483.990  -77.688  45.878  7.63017E-16  SWARM-A  18.755  282.133
2015-03-16T15:51:00Z  483.648  -75.823  47.431  7.70631E-16  SWARM-A  18.867  284.048
2015-03-16T15:51:30Z  483.261  -73.949  48.600  7.78908E-16  SWARM-A  18.954  285.963
2015-03-16T15:52:00Z  482.830  -72.068  49.504  7.87862E-16  SWARM-A  19.022  287.878
2015-03-16T15:52:30Z  482.356  -70.182  50.219  7.97432E-16  SWARM-A  19.078  289.793
2015-03-16T15:53:00Z  481.842  -68.292  50.793  8.07593E-16  SWARM-A  19.125  291.708
2015-03-16T15:53:30Z  481.289  -66.399  51.260  8.18157E-16  SWARM-A  19.164  293.623
2015-03-16T15:54:00Z  480.700  -64.503  51.644  8.28938E-16  SWARM-A  19.198  295.538
2015-03-16T15:54:30Z  480.076  -62.605  51.962  8.39737E-16  SWARM-A  19.228  297.453
2015-03-16T15:55:00Z  479.419  -60.706  52.227  8.50017E-16  SWARM-A  19.254  299.369
2015-03-16T15:55:30Z  478.733  -58.804  52.448  8.59420E-16  SWARM-A  19.277  301.284
2015-03-16T15:56:00Z  478.020  -56.901  52.633  8.67959E-16  SWARM-A  19.297  303.200
2015-03-16T15:56:30Z  477.282  -54.996  52.789  8.75798E-16  SWARM-A  19.316  305.116
2015-03-16T15:57:00Z  476.522  -53.089  52.919  8.82837E-16  SWARM-A  19.333  307.032
2015-03-16T15:57:30Z  475.742  -51.182  53.027  8.89065E-16  SWARM-A  19.349  308.948
2015-03-16T15:58:00Z  474.947  -49.273  53.117  8.94675E-16  SWARM-A  19.363  310.864
2015-03-16T15:58:30Z  474.137  -47.362  53.191  8.99708E-16  SWARM-A  19.376  312.780
2015-03-16T15:59:00Z  473.317  -45.451  53.251  9.04310E-16  SWARM-A  19.389  314.697
2015-03-16T15:59:30Z  472.489  -43.538  53.299  9.08555E-16  SWARM-A  19.400  316.613
2015-03-16T16:00:00Z  471.657  -41.624  53.337  9.12521E-16  SWARM-A  19.411  318.530
2015-03-16T16:00:30Z  470.822  -39.709  53.365  9.16199E-16  SWARM-A  19.421  320.447
2015-03-16T16:01:00Z  469.989  -37.792  53.384  9.19636E-16  SWARM-A  19.431  322.364
2015-03-16T16:01:30Z  469.160  -35.875  53.397  9.22853E-16  SWARM-A  19.440  324.282
2015-03-16T16:02:00Z  468.338  -33.956  53.403  9.25818E-16  SWARM-A  19.449  326.199
2015-03-16T16:02:30Z  467.525  -32.037  53.403  9.28553E-16  SWARM-A  19.457  328.117
2015-03-16T16:03:00Z  466.726  -30.116  53.399  9.31108E-16  SWARM-A  19.465  330.034
2015-03-16T16:03:30Z  465.942  -28.195  53.389  9.33393E-16  SWARM-A  19.473  331.952
2015-03-16T16:04:00Z  465.175  -26.272  53.376  9.35479E-16  SWARM-A  19.480  333.871
2015-03-16T16:04:30Z  464.430  -24.349  53.359  9.37346E-16  SWARM-A  19.488  335.789
2015-03-16T16:05:00Z  463.707  -22.424  53.339  9.38947E-16  SWARM-A  19.495  337.707
2015-03-16T16:05:30Z  463.010  -20.499  53.316  9.40253E-16  SWARM-A  19.501  339.626
2015-03-16T16:06:00Z  462.341  -18.573  53.290  9.41317E-16  SWARM-A  19.508  341.545
2015-03-16T16:06:30Z  461.701  -16.647  53.263  9.42016E-16  SWARM-A  19.514  343.464
2015-03-16T16:07:00Z  461.092  -14.719  53.233  9.42381E-16  SWARM-A  19.521  345.383
2015-03-16T16:07:30Z  460.518  -12.792  53.202  9.42414E-16  SWARM-A  19.527  347.302
2015-03-16T16:08:00Z  459.978  -10.863  53.169  9.42084E-16  SWARM-A  19.533  349.222
2015-03-16T16:08:30Z  459.474  -8.934  53.135  9.41414E-16  SWARM-A  19.539  351.142
2015-03-16T16:09:00Z  459.008  -7.005  53.100  9.40402E-16  SWARM-A  19.545  353.062
2015-03-16T16:09:30Z  458.581  -5.075  53.065  9.39111E-16  SWARM-A  19.551  354.982
2015-03-16T16:10:00Z  458.194  -3.145  53.029  9.37541E-16  SWARM-A  19.557  356.902
2015-03-16T16:10:30Z  457.848  -1.215  52.992  9.35771E-16  SWARM-A  19.563  358.822
2015-03-16T16:11:00Z  457.542  0.716  52.956  9.33834E-16  SWARM-A  19.569  0.743
2015-03-16T16:11:30Z  457.279  2.647  52.919  9.31847E-16  SWARM-A  19.575  2.664
2015-03-16T16:12:00Z  457.056  4.578  52.883  9.29891E-16  SWARM-A  19.581  4.585
2015-03-16T16:12:30Z  456.876  6.508  52.848  9.27990E-16  SWARM-A  19.587  6.506
2015-03-16T16:13:00Z  456.737  8.439  52.813  9.26229E-16  SWARM-A  19.593  8.427
2015-03-16T16:13:30Z  456.639  10.370  52.778  9.24640E-16  SWARM-A  19.599  10.348
2015-03-16T16:14:00Z  456.582  12.301  52.746  9.23244E-16  SWARM-A  19.605  12.270
2015-03-16T16:14:30Z  456.564  14.231  52.714  9.21973E-16  SWARM-A  19.611  14.192
2015-03-16T16:15:00Z  456.585  16.161  52.684  9.20915E-16  SWARM-A  19.618  16.114
2015-03-16T16:15:30Z  456.644  18.091  52.656  9.20032E-16  SWARM-A  19.624  18.036
2015-03-16T16:16:00Z  456.740  20.020  52.630  9.19123E-16  SWARM-A  19.631  19.958
2015-03-16T16:16:30Z  456.871  21.949  52.606  9.17874E-16  SWARM-A  19.637  21.880
2015-03-16T16:17:00Z  457.035  23.877  52.586  9.17171E-16  SWARM-A  19.644  23.802
2015-03-16T16:17:30Z  457.232  25.805  52.568  9.16137E-16  SWARM-A  19.651  25.725
2015-03-16T16:18:00Z  457.459  27.733  52.554  9.15126E-16  SWARM-A  19.659  27.648
2015-03-16T16:18:30Z  457.714  29.659  52.544  9.14068E-16  SWARM-A  19.667  29.570
2015-03-16T16:19:00Z  457.995  31.585  52.538  9.12947E-16  SWARM-A  19.675  31.493
2015-03-16T16:19:30Z  458.300  33.510  52.538  9.11725E-16  SWARM-A  19.683  33.416
2015-03-16T16:20:00Z  458.627  35.435  52.543  9.10393E-16  SWARM-A  19.691  35.339
2015-03-16T16:20:30Z  458.973  37.359  52.554  9.08973E-16  SWARM-A  19.701  37.263
2015-03-16T16:21:00Z  459.336  39.281  52.573  9.07460E-16  SWARM-A  19.710  39.186
2015-03-16T16:21:30Z  459.715  41.203  52.600  9.05823E-16  SWARM-A  19.720  41.110
2015-03-16T16:22:00Z  460.105  43.124  52.635  9.04154E-16  SWARM-A  19.731  43.033
2015-03-16T16:22:30Z  460.506  45.044  52.682  9.02325E-16  SWARM-A  19.742  44.957
2015-03-16T16:23:00Z  460.913  46.963  52.740  9.00373E-16  SWARM-A  19.755  46.880
2015-03-16T16:23:30Z  461.326  48.881  52.811  8.98303E-16  SWARM-A  19.768  48.804
2015-03-16T16:24:00Z  461.741  50.798  52.898  8.96047E-16  SWARM-A  19.782  50.728
2015-03-16T16:24:30Z  462.156  52.714  53.004  8.93617E-16  SWARM-A  19.797  52.652
2015-03-16T16:25:00Z  462.568  54.629  53.130  8.90976E-16  SWARM-A  19.814  54.576
2015-03-16T16:25:30Z  462.975  56.542  53.281  8.88188E-16  SWARM-A  19.832  56.500
2015-03-16T16:26:00Z  463.374  58.454  53.462  8.85322E-16  SWARM-A  19.853  58.424
2015-03-16T16:26:30Z  463.764  60.365  53.678  8.82559E-16  SWARM-A  19.875  60.348
2015-03-16T16:27:00Z  464.142  62.274  53.936  8.79992E-16  SWARM-A  19.901  62.273
2015-03-16T16:27:30Z  464.505  64.181  54.246  8.77568E-16  SWARM-A  19.930  64.197
2015-03-16T16:28:00Z  464.853  66.086  54.619  8.75185E-16  SWARM-A  19.963  66.121
2015-03-16T16:28:30Z  465.182  67.988  55.074  8.72601E-16  SWARM-A  20.002  68.046
2015-03-16T16:29:00Z  465.491  69.888  55.632  8.69724E-16  SWARM-A  20.047  69.970
2015-03-16T16:29:30Z  465.779  71.784  56.327  8.66598E-16  SWARM-A  20.102  71.895
2015-03-16T16:30:00Z  466.043  73.675  57.203  8.63296E-16  SWARM-A  20.169  73.819
2015-03-16T16:30:30Z  466.283  75.560  58.334  8.59855E-16  SWARM-A  20.253  75.743
2015-03-16T16:31:00Z  466.497  77.437  59.832  8.56625E-16  SWARM-A  20.361  77.668
2015-03-16T16:31:30Z  466.684  79.299  61.887  8.53700E-16  SWARM-A  20.506  79.593
2015-03-16T16:32:00Z  466.843  81.140  64.840  8.51212E-16  SWARM-A  20.711  81.517
2015-03-16T16:32:30Z  466.973  82.943  69.370  8.49146E-16  SWARM-A  21.022  83.442
2015-03-16T16:33:00Z  467.073  84.668  76.976  8.47804E-16  SWARM-A  21.537  85.366
2015-03-16T16:33:30Z  467.143  86.210  91.330  8.46919E-16  SWARM-A  22.502  87.291
2015-03-16T16:34:00Z  467.182  87.241  120.068  8.46732E-16  SWARM-A  0.427  89.215
2015-03-16T16:34:30Z  467.191  87.142  159.724  8.46206E-16  SWARM-A  3.079  91.140
2015-03-16T16:35:00Z  467.169  85.995  -174.237  8.45789E-16  SWARM-A  4.823  93.065
2015-03-16T16:35:30Z  467.117  84.413  -161.310  8.45713E-16  SWARM-A  5.693  94.989
2015-03-16T16:36:00Z  467.035  82.671  -154.333  8.46120E-16  SWARM-A  6.166  96.914
2015-03-16T16:36:30Z  466.923  80.861  -150.112  8.46871E-16  SWARM-A  6.456  98.838
2015-03-16T16:37:00Z  466.782  79.016  -147.328  8.47886E-16  SWARM-A  6.650  100.763
2015-03-16T16:37:30Z  466.613  77.151  -145.376  8.49168E-16  SWARM-A  6.789  102.687
2015-03-16T16:38:00Z  466.417  75.273  -143.944  8.50759E-16  SWARM-A  6.892  104.611
2015-03-16T16:38:30Z  466.195  73.387  -142.857  8.52432E-16  SWARM-A  6.973  106.536
2015-03-16T16:39:00Z  465.948  71.495  -142.012  8.54252E-16  SWARM-A  7.038  108.460
2015-03-16T16:39:30Z  465.679  69.599  -141.342  8.55983E-16  SWARM-A  7.091  110.385
2015-03-16T16:40:00Z  465.387  67.699  -140.801  8.57396E-16  SWARM-A  7.135  112.309
2015-03-16T16:40:30Z  465.076  65.796  -140.360  8.58512E-16  SWARM-A  7.173  114.233
2015-03-16T16:41:00Z  464.746  63.890  -139.997  8.58725E-16  SWARM-A  7.206  116.157
2015-03-16T16:41:30Z  464.400  61.983  -139.696  8.58317E-16  SWARM-A  7.234  118.081
2015-03-16T16:42:00Z  464.040  60.074  -139.445  8.57221E-16  SWARM-A  7.259  120.005
2015-03-16T16:42:30Z  463.667  58.164  -139.235  8.55923E-16  SWARM-A  7.281  121.929
2015-03-16T16:43:00Z  463.285  56.252  -139.059  8.54588E-16  SWARM-A  7.301  123.853
2015-03-16T16:43:30Z  462.895  54.338  -138.912  8.53296E-16  SWARM-A  7.320  125.777
2015-03-16T16:44:00Z  462.500  52.424  -138.789  8.52126E-16  SWARM-A  7.336  127.701
2015-03-16T16:44:30Z  462.102  50.508  -138.687  8.50928E-16  SWARM-A  7.351  129.625
2015-03-16T16:45:00Z  461.704  48.591  -138.602  8.49578E-16  SWARM-A  7.365  131.548
2015-03-16T16:45:30Z  461.308  46.673  -138.533  8.47948E-16  SWARM-A  7.378  133.472
2015-03-16T16:46:00Z  460.916  44.754  -138.476  8.45998E-16  SWARM-A  7.390  135.395
2015-03-16T16:46:30Z  460.532  42.834  -138.432  8.43719E-16  SWARM-A  7.402  137.319
2015-03-16T16:47:00Z  460.157  40.913  -138.398  8.41133E-16  SWARM-A  7.412  139.242
2015-03-16T16:47:30Z  459.795  38.992  -138.372  8.38261E-16  SWARM-A  7.422  141.165
2015-03-16T16:48:00Z  459.447  37.069  -138.355  8.35152E-16  SWARM-A  7.432  143.088
2015-03-16T16:48:30Z  459.117  35.146  -138.345  8.31852E-16  SWARM-A  7.441  145.011
2015-03-16T16:49:00Z  458.805  33.221  -138.341  8.28389E-16  SWARM-A  7.449  146.934
2015-03-16T16:49:30Z  458.515  31.296  -138.342  8.24778E-16  SWARM-A  7.458  148.856
2015-03-16T16:50:00Z  458.249  29.370  -138.348  8.21056E-16  SWARM-A  7.466  150.779
2015-03-16T16:50:30Z  458.009  27.444  -138.359  8.17236E-16  SWARM-A  7.473  152.701
2015-03-16T16:51:00Z  457.797  25.517  -138.374  8.13342E-16  SWARM-A  7.480  154.624
2015-03-16T16:51:30Z  457.615  23.589  -138.392  8.09386E-16  SWARM-A  7.488  156.546
2015-03-16T16:52:00Z  457.464  21.661  -138.413  8.05393E-16  SWARM-A  7.495  158.468
2015-03-16T16:52:30Z  457.346  19.733  -138.437  8.01374E-16  SWARM-A  7.501  160.390
2015-03-16T16:53:00Z  457.263  17.804  -138.463  7.97276E-16  SWARM-A  7.508  162.312
2015-03-16T16:53:30Z  457.216  15.874  -138.492  7.93182E-16  SWARM-A  7.514  164.233
2015-03-16T16:54:00Z  457.206  13.944  -138.522  7.89122E-16  SWARM-A  7.521  166.155
2015-03-16T16:54:30Z  457.235  12.014  -138.554  7.85128E-16  SWARM-A  7.527  168.076
2015-03-16T16:55:00Z  457.302  10.084  -138.587  7.81179E-16  SWARM-A  7.533  169.997
2015-03-16T16:55:30Z  457.409  8.154  -138.621  7.77307E-16  SWARM-A  7.539  171.918
2015-03-16T16:56:00Z  457.557  6.223  -138.656  7.73543E-16  SWARM-A  7.545  173.839
2015-03-16T16:56:30Z  457.746  4.293  -138.692  7.69922E-16  SWARM-A  7.551  175.760
2015-03-16T16:57:00Z  457.975  2.362  -138.729  7.66411E-16  SWARM-A  7.557  177.680
2015-03-16T16:57:30Z  458.245  0.432  -138.765  7.63031E-16  SWARM-A  7.563  179.601
2015-03-16T16:58:00Z  458.555  -1.498  -138.802  7.59766E-16  SWARM-A  7.569  181.521
2015-03-16T16:58:30Z  458.906  -3.428  -138.838  7.56587E-16  SWARM-A  7.575  183.441
2015-03-16T16:59:00Z  459.296  -5.358  -138.874  7.53526E-16  SWARM-A  7.580  185.361
2015-03-16T16:59:30Z  459.725  -7.287  -138.910  7.50597E-16  SWARM-A  7.586  187.281
2015-03-16T17:00:00Z  460.192  -9.216  -138.944  7.47725E-16  SWARM-A  7.592  189.200
2015-03-16T17:00:30Z  460.696  -11.145  -138.978  7.44928E-16  SWARM-A  7.599  191.119
2015-03-16T17:01:00Z  461.235  -13.073  -139.011  7.42188E-16  SWARM-A  7.605  193.039
2015-03-16T17:01:30Z  461.808  -15.000  -139.042  7.39505E-16  SWARM-A  7.611  194.958
2015-03-16T17:02:00Z  462.413  -16.927  -139.071  7.36642E-16  SWARM-A  7.617  196.876
2015-03-16T17:02:30Z  463.049  -18.853  -139.099  7.33777E-16  SWARM-A  7.624  198.795
2015-03-16T17:03:00Z  463.714  -20.779  -139.124  7.30925E-16  SWARM-A  7.630  200.714
2015-03-16T17:03:30Z  464.406  -22.703  -139.147  7.28061E-16  SWARM-A  7.637  202.632
2015-03-16T17:04:00Z  465.121  -24.627  -139.167  7.25276E-16  SWARM-A  7.644  204.550
2015-03-16T17:04:30Z  465.859  -26.550  -139.183  7.22517E-16  SWARM-A  7.652  206.468
2015-03-16T17:05:00Z  466.616  -28.472  -139.196  7.19844E-16  SWARM-A  7.659  208.386
2015-03-16T17:05:30Z  467.391  -30.393  -139.205  7.17262E-16  SWARM-A  7.667  210.303
2015-03-16T17:06:00Z  468.180  -32.313  -139.209  7.14750E-16  SWARM-A  7.675  212.221
2015-03-16T17:06:30Z  468.981  -34.232  -139.208  7.12359E-16  SWARM-A  7.683  214.138
2015-03-16T17:07:00Z  469.790  -36.151  -139.201  7.10078E-16  SWARM-A  7.692  216.055
2015-03-16T17:07:30Z  470.606  -38.068  -139.188  7.07956E-16  SWARM-A  7.701  217.972
2015-03-16T17:08:00Z  471.425  -39.983  -139.167  7.05877E-16  SWARM-A  7.711  219.889
2015-03-16T17:08:30Z  472.244  -41.898  -139.138  7.03840E-16  SWARM-A  7.721  221.806
2015-03-16T17:09:00Z  473.060  -43.812  -139.099  7.01902E-16  SWARM-A  7.732  223.722
2015-03-16T17:09:30Z  473.871  -45.724  -139.050  6.99973E-16  SWARM-A  7.744  225.638
2015-03-16T17:10:00Z  474.673  -47.635  -138.988  6.98039E-16  SWARM-A  7.756  227.555
2015-03-16T17:10:30Z  475.464  -49.545  -138.912  6.96072E-16  SWARM-A  7.770  229.471
2015-03-16T17:11:00Z  476.241  -51.454  -138.820  6.93917E-16  SWARM-A  7.784  231.387
2015-03-16T17:11:30Z  477.000  -53.361  -138.709  6.91588E-16  SWARM-A  7.800  233.302
2015-03-16T17:12:00Z  477.740  -55.267  -138.575  6.89128E-16  SWARM-A  7.817  235.218
2015-03-16T17:12:30Z  478.456  -57.172  -138.416  6.86521E-16  SWARM-A  7.836  237.134
2015-03-16T17:13:00Z  479.148  -59.074  -138.227  6.83730E-16  SWARM-A  7.857  239.049
2015-03-16T17:13:30Z  479.811  -60.976  -138.000  6.80719E-16  SWARM-A  7.880  240.964
2015-03-16T17:14:00Z  480.444  -62.875  -137.729  6.77586E-16  SWARM-A  7.907  242.880
2015-03-16T17:14:30Z  481.044  -64.772  -137.403  6.74247E-16  SWARM-A  7.937  244.795
2015-03-16T17:15:00Z  481.609  -66.668  -137.008  6.70660E-16  SWARM-A  7.972  246.710
2015-03-16T17:15:30Z  482.137  -68.560  -136.528  6.66789E-16  SWARM-A  8.012  248.625
2015-03-16T17:16:00Z  482.626  -70.449  -135.937  6.62639E-16  SWARM-A  8.060  250.540
2015-03-16T17:16:30Z  483.074  -72.335  -135.200  6.58304E-16  SWARM-A  8.117  252.454
2015-03-16T17:17:00Z  483.480  -74.215  -134.264  6.53863E-16  SWARM-A  8.188  254.369
2015-03-16T17:17:30Z  483.841  -76.088  -133.050  6.49559E-16  SWARM-A  8.277  256.284
2015-03-16T17:18:00Z  484.157  -77.952  -131.431  6.45615E-16  SWARM-A  8.393  258.199
2015-03-16T17:18:30Z  484.426  -79.800  -129.187  6.42183E-16  SWARM-A  8.551  260.113
2015-03-16T17:19:00Z  484.648  -81.623  -125.918  6.39494E-16  SWARM-A  8.778  262.028
2015-03-16T17:19:30Z  484.820  -83.402  -120.807  6.37657E-16  SWARM-A  9.127  263.942
2015-03-16T17:20:00Z  484.944  -85.086  -112.005  6.36750E-16  SWARM-A  9.722  265.857
2015-03-16T17:20:30Z  485.017  -86.538  -94.958  6.36897E-16  SWARM-A  10.867  267.771
2015-03-16T17:21:00Z  485.041  -87.341  -62.047  6.38208E-16  SWARM-A  13.069  269.686
2015-03-16T17:21:30Z  485.014  -86.937  -24.137  6.40198E-16  SWARM-A  15.605  271.601
2015-03-16T17:22:00Z  484.937  -85.649  -2.134  6.42479E-16  SWARM-A  17.080  273.515
2015-03-16T17:22:30Z  484.810  -84.023  8.888  6.45507E-16  SWARM-A  17.823  275.430
2015-03-16T17:23:00Z  484.634  -82.270  15.024  6.50317E-16  SWARM-A  18.240  277.344
2015-03-16T17:23:30Z  484.409  -80.460  18.829  6.57701E-16  SWARM-A  18.502  279.259
2015-03-16T17:24:00Z  484.136  -78.619  21.381  6.66362E-16  SWARM-A  18.681  281.174
2015-03-16T17:24:30Z  483.815  -76.760  23.193  6.75760E-16  SWARM-A  18.810  283.088
2015-03-16T17:25:00Z  483.449  -74.890  24.535  6.86005E-16  SWARM-A  18.908  285.003
2015-03-16T17:25:30Z  483.038  -73.012  25.559  6.97056E-16  SWARM-A  18.984  286.918
2015-03-16T17:26:00Z  482.584  -71.128  26.361  7.08676E-16  SWARM-A  19.046  288.833
2015-03-16T17:26:30Z  482.088  -69.240  27.000  7.20415E-16  SWARM-A  19.097  290.748
2015-03-16T17:27:00Z  481.553  -67.348  27.517  7.32387E-16  SWARM-A  19.140  292.663
2015-03-16T17:27:30Z  480.980  -65.454  27.940  7.44429E-16  SWARM-A  19.176  294.578
2015-03-16T17:28:00Z  480.372  -63.557  28.289  7.55267E-16  SWARM-A  19.208  296.493
2015-03-16T17:28:30Z  479.730  -61.658  28.578  7.64317E-16  SWARM-A  19.236  298.409
2015-03-16T17:29:00Z  479.057  -59.757  28.820  7.73010E-16  SWARM-A  19.260  300.324
2015-03-16T17:29:30Z  478.356  -57.855  29.022  7.81313E-16  SWARM-A  19.282  302.240
2015-03-16T17:30:00Z  477.629  -55.951  29.192  7.90156E-16  SWARM-A  19.302  304.156
2015-03-16T17:30:30Z  476.878  -54.045  29.334  7.99694E-16  SWARM-A  19.319  306.071
2015-03-16T17:31:00Z  476.107  -52.138  29.453  8.09007E-16  SWARM-A  19.336  307.987
2015-03-16T17:31:30Z  475.317  -50.230  29.551  8.18109E-16  SWARM-A  19.351  309.904
2015-03-16T17:32:00Z  474.513  -48.320  29.633  8.26358E-16  SWARM-A  19.364  311.820
2015-03-16T17:32:30Z  473.697  -46.409  29.699  8.32625E-16  SWARM-A  19.377  313.736
2015-03-16T17:33:00Z  472.872  -44.497  29.753  8.38916E-16  SWARM-A  19.389  315.653
2015-03-16T17:33:30Z  472.040  -42.583  29.796  8.45290E-16  SWARM-A  19.400  317.570
2015-03-16T17:34:00Z  471.205  -40.669  29.828  8.51748E-16  SWARM-A  19.411  319.486
2015-03-16T17:34:30Z  470.370  -38.753  29.852  8.57905E-16  SWARM-A  19.421  321.403
2015-03-16T17:35:00Z  469.538  -36.836  29.868  8.63973E-16  SWARM-A  19.430  323.321
2015-03-16T17:35:30Z  468.711  -34.918  29.877  8.70106E-16  SWARM-A  19.439  325.238
2015-03-16T17:36:00Z  467.893  -32.999  29.880  8.76307E-16  SWARM-A  19.448  327.156
2015-03-16T17:36:30Z  467.086  -31.079  29.878  8.82525E-16  SWARM-A  19.456  329.073
2015-03-16T17:37:00Z  466.293  -29.158  29.871  8.88769E-16  SWARM-A  19.464  330.991
2015-03-16T17:37:30Z  465.517  -27.236  29.859  8.95006E-16  SWARM-A  19.471  332.909
2015-03-16T17:38:00Z  464.760  -25.313  29.844  9.01072E-16  SWARM-A  19.478  334.827
2015-03-16T17:38:30Z  464.025  -23.389  29.825  9.06909E-16  SWARM-A  19.486  336.746
2015-03-16T17:39:00Z  463.314  -21.464  29.803  9.12486E-16  SWARM-A  19.492  338.665
2015-03-16T17:39:30Z  462.630  -19.538  29.779  9.17670E-16  SWARM-A  19.499  340.583
2015-03-16T17:40:00Z  461.975  -17.612  29.752  9.21630E-16  SWARM-A  19.506  342.502
2015-03-16T17:40:30Z  461.350  -15.685  29.724  9.24655E-16  SWARM-A  19.512  344.421
2015-03-16T17:41:00Z  460.757  -13.758  29.693  9.27179E-16  SWARM-A  19.518  346.341
2015-03-16T17:41:30Z  460.199  -11.829  29.661  9.29198E-16  SWARM-A  19.525  348.260
2015-03-16T17:42:00Z  459.677  -9.901  29.628  9.30635E-16  SWARM-A  19.531  350.180
2015-03-16T17:42:30Z  459.191  -7.972  29.593  9.31602E-16  SWARM-A  19.537  352.100
2015-03-16T17:43:00Z  458.744  -6.042  29.558  9.32089E-16  SWARM-A  19.543  354.020
2015-03-16T17:43:30Z  458.337  -4.112  29.522  9.32188E-16  SWARM-A  19.549  355.940
2015-03-16T17:44:00Z  457.970  -2.182  29.486  9.32116E-16  SWARM-A  19.555  357.860
2015-03-16T17:44:30Z  457.643  -0.251  29.449  9.31494E-16  SWARM-A  19.561  359.781
2015-03-16T17:45:00Z  457.358  1.680  29.413  9.30967E-16  SWARM-A  19.566  1.702
2015-03-16T17:45:30Z  457.114  3.610  29.376  9.30226E-16  SWARM-A  19.572  3.622
2015-03-16T17:46:00Z  456.912  5.541  29.340  9.29655E-16  SWARM-A  19.578  5.543
2015-03-16T17:46:30Z  456.752  7.472  29.305  9.29556E-16  SWARM-A  19.584  7.465
2015-03-16T17:47:00Z  456.633  9.403  29.270  9.29619E-16  SWARM-A  19.590  9.386
2015-03-16T17:47:30Z  456.555  11.334  29.237  9.30104E-16  SWARM-A  19.596  11.308
2015-03-16T17:48:00Z  456.517  13.264  29.204  9.30773E-16  SWARM-A  19.603  13.229
2015-03-16T17:48:30Z  456.518  15.194  29.173  9.32297E-16  SWARM-A  19.609  15.151
2015-03-16T17:49:00Z  456.558  17.124  29.144  9.34426E-16  SWARM-A  19.615  17.073
2015-03-16T17:49:30Z  456.635  19.054  29.117  9.36509E-16  SWARM-A  19.622  18.995
2015-03-16T17:50:00Z  456.747  20.983  29.092  9.38709E-16  SWARM-A  19.628  20.917
2015-03-16T17:50:30Z  456.894  22.912  29.070  9.40778E-16  SWARM-A  19.635  22.840
2015-03-16T17:51:00Z  457.074  24.840  29.051  9.43396E-16  SWARM-A  19.642  24.762
2015-03-16T17:51:30Z  457.285  26.768  29.035  9.45944E-16  SWARM-A  19.650  26.685
2015-03-16T17:52:00Z  457.526  28.695  29.023  9.48501E-16  SWARM-A  19.657  28.608
2015-03-16T17:52:30Z  457.793  30.621  29.015  9.51026E-16  SWARM-A  19.665  30.531
2015-03-16T17:53:00Z  458.086  32.547  29.012  9.53419E-16  SWARM-A  19.673  32.454
2015-03-16T17:53:30Z  458.401  34.472  29.014  9.55706E-16  SWARM-A  19.682  34.377
2015-03-16T17:54:00Z  458.738  36.396  29.022  9.57845E-16  SWARM-A  19.690  36.300
2015-03-16T17:54:30Z  459.092  38.319  29.037  9.59794E-16  SWARM-A  19.700  38.223
2015-03-16T17:55:00Z  459.463  40.241  29.059  9.61570E-16  SWARM-A  19.710  40.147
2015-03-16T17:55:30Z  459.847  42.163  29.090  9.63237E-16  SWARM-A  19.720  42.070
2015-03-16T17:56:00Z  460.242  44.084  29.131  9.64759E-16  SWARM-A  19.731  43.994
2015-03-16T17:56:30Z  460.646  46.003  29.182  9.66171E-16  SWARM-A  19.743  45.918
2015-03-16T17:57:00Z  461.056  47.922  29.247  9.67462E-16  SWARM-A  19.755  47.841
2015-03-16T17:57:30Z  461.469  49.839  29.326  9.68579E-16  SWARM-A  19.769  49.765
2015-03-16T17:58:00Z  461.883  51.756  29.422  9.69504E-16  SWARM-A  19.784  51.689
2015-03-16T17:58:30Z  462.296  53.671  29.537  9.70153E-16  SWARM-A  19.800  53.613
2015-03-16T17:59:00Z  462.705  55.585  29.675  9.69167E-16  SWARM-A  19.817  55.537
2015-03-16T17:59:30Z  463.107  57.498  29.841  9.67892E-16  SWARM-A  19.837  57.461
2015-03-16T18:00:00Z  463.501  59.409  30.038  9.70099E-16  SWARM-A  19.858  59.386
2015-03-16T18:00:30Z  463.884  61.319  30.273  9.68997E-16  SWARM-A  19.882  61.310
2015-03-16T18:01:00Z  464.255  63.227  30.556  9.67743E-16  SWARM-A  19.909  63.234
2015-03-16T18:01:30Z  464.610  65.133  30.895  9.66226E-16  SWARM-A  19.940  65.159
2015-03-16T18:02:00Z  464.948  67.037  31.307  9.64630E-16  SWARM-A  19.976  67.083
2015-03-16T18:02:30Z  465.267  68.938  31.810  9.62702E-16  SWARM-A  20.018  69.007
2015-03-16T18:03:00Z  465.565  70.836  32.431  9.60258E-16  SWARM-A  20.068  70.932
2015-03-16T18:03:30Z  465.841  72.730  33.209  9.57380E-16  SWARM-A  20.128  72.856
2015-03-16T18:04:00Z  466.093  74.619  34.201  9.54088E-16  SWARM-A  20.202  74.781
2015-03-16T18:04:30Z  466.319  76.500  35.497  9.49667E-16  SWARM-A  20.297  76.706
2015-03-16T18:05:00Z  466.519  78.370  37.242  9.44560E-16  SWARM-A  20.422  78.630
2015-03-16T18:05:30Z  466.692  80.223  39.687  9.39011E-16  SWARM-A  20.593  80.555
2015-03-16T18:06:00Z  466.836  82.048  43.309  9.33188E-16  SWARM-A  20.843  82.479
2015-03-16T18:06:30Z  466.950  83.820  49.099  9.27086E-16  SWARM-A  21.237  84.404
2015-03-16T18:07:00Z  467.035  85.475  59.386  9.19247E-16  SWARM-A  21.931  86.328
2015-03-16T18:07:30Z  467.090  86.827  79.843  9.10727E-16  SWARM-A  23.303  88.253
2015-03-16T18:08:00Z  467.114  87.360  116.741  9.01733E-16  SWARM-A  1.772  90.178
2015-03-16T18:08:30Z  467.107  86.656  151.455  8.91908E-16  SWARM-A  4.094  92.102
2015-03-16T18:09:00Z  467.070  85.235  169.795  8.82115E-16  SWARM-A  5.325  94.027
2015-03-16T18:09:30Z  467.003  83.554  179.142  8.73922E-16  SWARM-A  5.957  95.951
2015-03-16T18:10:00Z  466.905  81.772  -175.501  8.65904E-16  SWARM-A  6.322  97.876
2015-03-16T18:10:30Z  466.779  79.942  -172.105  8.57863E-16  SWARM-A  6.557  99.801
2015-03-16T18:11:00Z  466.624  78.085  -169.790  8.49962E-16  SWARM-A  6.720  101.725
2015-03-16T18:11:30Z  466.442  76.213  -168.127  8.41081E-16  SWARM-A  6.839  103.650
2015-03-16T18:12:00Z  466.233  74.331  -166.885  8.31337E-16  SWARM-A  6.930  105.574
2015-03-16T18:12:30Z  465.999  72.442  -165.930  8.21637E-16  SWARM-A  7.002  107.498
2015-03-16T18:13:00Z  465.740  70.547  -165.179  8.12062E-16  SWARM-A  7.060  109.423
2015-03-16T18:13:30Z  465.460  68.649  -164.579  8.02423E-16  SWARM-A  7.109  111.347
2015-03-16T18:14:00Z  465.159  66.747  -164.091  7.92250E-16  SWARM-A  7.150  113.271
2015-03-16T18:14:30Z  464.838  64.843  -163.692  7.82109E-16  SWARM-A  7.185  115.196
2015-03-16T18:15:00Z  464.501  62.937  -163.362  7.72213E-16  SWARM-A  7.215  117.120
2015-03-16T18:15:30Z  464.148  61.028  -163.087  7.62687E-16  SWARM-A  7.242  119.044
2015-03-16T18:16:00Z  463.782  59.119  -162.858  7.53527E-16  SWARM-A  7.265  120.968
2015-03-16T18:16:30Z  463.406  57.207  -162.666  7.44910E-16  SWARM-A  7.286  122.892
2015-03-16T18:17:00Z  463.020  55.295  -162.505  7.36684E-16  SWARM-A  7.305  124.816
2015-03-16T18:17:30Z  462.628  53.381  -162.371  7.28856E-16  SWARM-A  7.323  126.740
2015-03-16T18:18:00Z  462.232  51.465  -162.259  7.21418E-16  SWARM-A  7.338  128.664
2015-03-16T18:18:30Z  461.835  49.549  -162.165  7.14417E-16  SWARM-A  7.353  130.587
2015-03-16T18:19:00Z  461.438  47.631  -162.089  7.06923E-16  SWARM-A  7.366  132.511
2015-03-16T18:19:30Z  461.045  45.713  -162.026  6.99775E-16  SWARM-A  7.379  134.434
2015-03-16T18:20:00Z  460.658  43.793  -161.976  6.93229E-16  SWARM-A  7.391  136.358
2015-03-16T18:20:30Z  460.279  41.873  -161.937  6.87283E-16  SWARM-A  7.402  138.281
2015-03-16T18:21:00Z  459.911  39.952  -161.908  6.81908E-16  SWARM-A  7.412  140.204
2015-03-16T18:21:30Z  459.557  38.029  -161.887  6.77153E-16  SWARM-A  7.422  142.128
2015-03-16T18:22:00Z  459.218  36.106  -161.873  6.72991E-16  SWARM-A  7.431  144.051
2015-03-16T18:22:30Z  458.898  34.182  -161.866  6.69482E-16  SWARM-A  7.440  145.973
2015-03-16T18:23:00Z  458.598  32.258  -161.865  6.66557E-16  SWARM-A  7.448  147.896
2015-03-16T18:23:30Z  458.321  30.332  -161.869  6.64222E-16  SWARM-A  7.456  149.819
2015-03-16T18:24:00Z  458.068  28.406  -161.877  6.62491E-16  SWARM-A  7.464  151.741
2015-03-16T18:24:30Z  457.843  26.479  -161.890  6.61290E-16  SWARM-A  7.471  153.664
2015-03-16T18:25:00Z  457.646  24.552  -161.906  6.60586E-16  SWARM-A  7.479  155.586
2015-03-16T18:25:30Z  457.480  22.624  -161.926  6.60407E-16  SWARM-A  7.486  157.508
2015-03-16T18:26:00Z  457.346  20.696  -161.949  6.60840E-16  SWARM-A  7.492  159.430
2015-03-16T18:26:30Z  457.246  18.767  -161.974  6.61766E-16  SWARM-A  7.499  161.352
2015-03-16T18:27:00Z  457.182  16.837  -162.002  6.63088E-16  SWARM-A  7.506  163.274
2015-03-16T18:27:30Z  457.154  14.908  -162.031  6.64873E-16  SWARM-A  7.512  165.196
2015-03-16T18:28:00Z  457.164  12.978  -162.062  6.67076E-16  SWARM-A  7.518  167.117
2015-03-16T18:28:30Z  457.213  11.048  -162.095  6.69697E-16  SWARM-A  7.524  169.038
2015-03-16T18:29:00Z  457.301  9.117  -162.129  6.72712E-16  SWARM-A  7.530  170.959
2015-03-16T18:29:30Z  457.429  7.187  -162.163  6.76086E-16  SWARM-A  7.536  172.880
2015-03-16T18:30:00Z  457.598  5.256  -162.199  6.79850E-16  SWARM-A  7.542  174.801
2015-03-16T18:30:30Z  457.807  3.326  -162.235  6.83895E-16  SWARM-A  7.548  176.722
2015-03-16T18:31:00Z  458.058  1.395  -162.271  6.88277E-16  SWARM-A  7.554  178.642
2015-03-16T18:31:30Z  458.349  -0.535  -162.308  6.92911E-16  SWARM-A  7.560  180.563
2015-03-16T18:32:00Z  458.680  -2.465  -162.345  6.97719E-16  SWARM-A  7.566  182.483
2015-03-16T18:32:30Z  459.051  -4.395  -162.381  7.02647E-16  SWARM-A  7.572  184.403
2015-03-16T18:33:00Z  459.462  -6.324  -162.417  7.07689E-16  SWARM-A  7.578  186.323
2015-03-16T18:33:30Z  459.911  -8.254  -162.452  7.12718E-16  SWARM-A  7.584  188.242
2015-03-16T18:34:00Z  460.398  -10.182  -162.486  7.17738E-16  SWARM-A  7.590  190.162
2015-03-16T18:34:30Z  460.920  -12.111  -162.520  7.22639E-16  SWARM-A  7.596  192.081
2015-03-16T18:35:00Z  461.478  -14.039  -162.551  7.27405E-16  SWARM-A  7.602  194.000
2015-03-16T18:35:30Z  462.068  -15.966  -162.582  7.31976E-16  SWARM-A  7.609  195.919
2015-03-16T18:36:00Z  462.690  -17.892  -162.610  7.36268E-16  SWARM-A  7.615  197.838
2015-03-16T18:36:30Z  463.342  -19.818  -162.637  7.40312E-16  SWARM-A  7.622  199.756
2015-03-16T18:37:00Z  464.022  -21.743  -162.661  7.43984E-16  SWARM-A  7.628  201.675
2015-03-16T18:37:30Z  464.727  -23.667  -162.682  7.47308E-16  SWARM-A  7.635  203.593
2015-03-16T18:38:00Z  465.455  -25.591  -162.701  7.50245E-16  SWARM-A  7.642  205.511
2015-03-16T18:38:30Z  466.204  -27.513  -162.715  7.52844E-16  SWARM-A  7.650  207.429
2015-03-16T18:39:00Z  466.971  -29.435  -162.726  7.55037E-16  SWARM-A  7.657  209.347
2015-03-16T18:39:30Z  467.754  -31.356  -162.733  7.56872E-16  SWARM-A  7.665  211.264
2015-03-16T18:40:00Z  468.550  -33.275  -162.735  7.58308E-16  SWARM-A  7.673  213.182
2015-03-16T18:40:30Z  469.357  -35.194  -162.731  7.59403E-16  SWARM-A  7.682  215.099
2015-03-16T18:41:00Z  470.171  -37.111  -162.721  7.60137E-16  SWARM-A  7.691  217.016
2015-03-16T18:41:30Z  470.990  -39.028  -162.704  7.60568E-16  SWARM-A  7.701  218.933
2015-03-16T18:42:00Z  471.810  -40.943  -162.679  7.60689E-16  SWARM-A  7.710  220.849
2015-03-16T18:42:30Z  472.629  -42.857  -162.645  7.60544E-16  SWARM-A  7.721  222.766
2015-03-16T18:43:00Z  473.444  -44.770  -162.601  7.60102E-16  SWARM-A  7.732  224.682
2015-03-16T18:43:30Z  474.252  -46.682  -162.546  7.59449E-16  SWARM-A  7.744  226.599
2015-03-16T18:44:00Z  475.050  -48.593  -162.477  7.58515E-16  SWARM-A  7.757  228.515
2015-03-16T18:44:30Z  475.835  -50.502  -162.394  7.57383E-16  SWARM-A  7.771  230.431
2015-03-16T18:45:00Z  476.604  -52.410  -162.293  7.56045E-16  SWARM-A  7.786  232.347
2015-03-16T18:45:30Z  477.355  -54.317  -162.171  7.54517E-16  SWARM-A  7.803  234.263
2015-03-16T18:46:00Z  478.084  -56.222  -162.025  7.52244E-16  SWARM-A  7.821  236.178
2015-03-16T18:46:30Z  478.789  -58.126  -161.852  7.49330E-16  SWARM-A  7.841  238.094
2015-03-16T18:47:00Z  479.468  -60.028  -161.644  7.46169E-16  SWARM-A  7.863  240.009
2015-03-16T18:47:30Z  480.118  -61.928  -161.397  7.42845E-16  SWARM-A  7.888  241.924
2015-03-16T18:48:00Z  480.735  -63.826  -161.100  7.39275E-16  SWARM-A  7.916  243.840
2015-03-16T18:48:30Z  481.320  -65.723  -160.741  7.35519E-16  SWARM-A  7.948  245.755
2015-03-16T18:49:00Z  481.868  -67.617  -160.307  7.31626E-16  SWARM-A  7.985  247.670
2015-03-16T18:49:30Z  482.378  -69.508  -159.775  7.27842E-16  SWARM-A  8.029  249.585
2015-03-16T18:50:00Z  482.848  -71.395  -159.116  7.24127E-16  SWARM-A  8.081  251.499
2015-03-16T18:50:30Z  483.276  -73.278  -158.288  7.20594E-16  SWARM-A  8.145  253.414
2015-03-16T18:51:00Z  483.661  -75.155  -157.225  7.17364E-16  SWARM-A  8.224  255.329
2015-03-16T18:51:30Z  484.001  -77.024  -155.829  7.14545E-16  SWARM-A  8.326  257.244
2015-03-16T18:52:00Z  484.295  -78.881  -153.933  7.12132E-16  SWARM-A  8.460  259.158
2015-03-16T18:52:30Z  484.542  -80.718  -151.245  7.09857E-16  SWARM-A  8.648  261.073
2015-03-16T18:53:00Z  484.740  -82.523  -147.198  7.08231E-16  SWARM-A  8.926  262.987
2015-03-16T18:53:30Z  484.890  -84.264  -140.583  7.07329E-16  SWARM-A  9.375  264.902
2015-03-16T18:54:00Z  484.990  -85.860  -128.494  7.07374E-16  SWARM-A  10.190  266.816
2015-03-16T18:54:30Z  485.040  -87.065  -104.225  7.08550E-16  SWARM-A  11.816  268.731
2015-03-16T18:55:00Z  485.040  -87.295  -65.169  7.10541E-16  SWARM-A  14.428  270.646
2015-03-16T18:55:30Z  484.989  -86.359  -34.679  7.11877E-16  SWARM-A  16.469  272.560
2015-03-16T18:56:00Z  484.889  -84.858  -19.246  7.13810E-16  SWARM-A  17.506  274.475
2015-03-16T18:56:30Z  484.738  -83.155  -11.153  7.16610E-16  SWARM-A  18.054  276.389
2015-03-16T18:57:00Z  484.539  -81.368  -6.382  7.20285E-16  SWARM-A  18.380  278.304
2015-03-16T18:57:30Z  484.291  -79.540  -3.294  7.24704E-16  SWARM-A  18.595  280.218
2015-03-16T18:58:00Z  483.995  -77.689  -1.158  7.29966E-16  SWARM-A  18.745  282.133
2015-03-16T18:58:30Z  483.653  -75.824  0.393  7.36554E-16  SWARM-A  18.857  284.048
2015-03-16T18:59:00Z  483.265  -73.950  1.561  7.43563E-16  SWARM-A  18.943  285.963
2015-03-16T18:59:30Z  482.834  -72.069  2.464  7.50811E-16  SWARM-A  19.012  287.878
2015-03-16T19:00:00Z  482.360  -70.182  3.178  7.58199E-16  SWARM-A  19.068  289.793
2015-03-16T19:00:30Z  481.845  -68.293  3.751  7.65608E-16  SWARM-A  19.114  291.708
2015-03-16T19:01:00Z  481.292  -66.399  4.218  7.72932E-16  SWARM-A  19.154  293.623
2015-03-16T19:01:30Z  480.702  -64.504  4.601  7.79363E-16  SWARM-A  19.188  295.538
2015-03-16T19:02:00Z  480.078  -62.606  4.918  7.85143E-16  SWARM-A  19.217  297.453
2015-03-16T19:02:30Z  479.422  -60.706  5.183  7.90704E-16  SWARM-A  19.243  299.369
2015-03-16T19:03:00Z  478.735  -58.804  5.404  7.96031E-16  SWARM-A  19.266  301.284
2015-03-16T19:03:30Z  478.022  -56.901  5.589  8.01135E-16  SWARM-A  19.287  303.200
2015-03-16T19:04:00Z  477.284  -54.996  5.744  8.06043E-16  SWARM-A  19.305  305.116
2015-03-16T19:04:30Z  476.523  -53.090  5.873  8.10809E-16  SWARM-A  19.322  307.031
2015-03-16T19:05:00Z  475.744  -51.182  5.981  8.15386E-16  SWARM-A  19.338  308.947
2015-03-16T19:05:30Z  474.948  -49.273  6.071  8.19547E-16  SWARM-A  19.352  310.864
2015-03-16T19:06:00Z  474.138  -47.363  6.145  8.23788E-16  SWARM-A  19.365  312.780
2015-03-16T19:06:30Z  473.318  -45.451  6.205  8.28167E-16  SWARM-A  19.378  314.696
2015-03-16T19:07:00Z  472.490  -43.538  6.253  8.32736E-16  SWARM-A  19.389  316.613
2015-03-16T19:07:30Z  471.658  -41.624  6.290  8.37557E-16  SWARM-A  19.400  318.530
2015-03-16T19:08:00Z  470.823  -39.709  6.318  8.42650E-16  SWARM-A  19.410  320.447
2015-03-16T19:08:30Z  469.990  -37.793  6.337  8.48097E-16  SWARM-A  19.420  322.364
2015-03-16T19:09:00Z  469.161  -35.875  6.350  8.53816E-16  SWARM-A  19.429  324.281
2015-03-16T19:09:30Z  468.339  -33.957  6.356  8.59927E-16  SWARM-A  19.438  326.199
2015-03-16T19:10:00Z  467.527  -32.037  6.356  8.66342E-16  SWARM-A  19.446  328.116
2015-03-16T19:10:30Z  466.728  -30.117  6.351  8.73102E-16  SWARM-A  19.454  330.034
2015-03-16T19:11:00Z  465.944  -28.195  6.342  8.80090E-16  SWARM-A  19.462  331.952
2015-03-16T19:11:30Z  465.178  -26.273  6.328  8.87264E-16  SWARM-A  19.469  333.870
2015-03-16T19:12:00Z  464.433  -24.349  6.311  8.94551E-16  SWARM-A  19.477  335.788
2015-03-16T19:12:30Z  463.710  -22.425  6.291  9.01860E-16  SWARM-A  19.484  337.707
2015-03-16T19:13:00Z  463.013  -20.500  6.268  9.09089E-16  SWARM-A  19.490  339.625
2015-03-16T19:13:30Z  462.343  -18.574  6.242  9.16168E-16  SWARM-A  19.497  341.544
2015-03-16T19:14:00Z  461.703  -16.647  6.214  9.23056E-16  SWARM-A  19.503  343.463
2015-03-16T19:14:30Z  461.095  -14.720  6.185  9.29685E-16  SWARM-A  19.510  345.383
2015-03-16T19:15:00Z  460.519  -12.792  6.153  9.35988E-16  SWARM-A  19.516  347.302
2015-03-16T19:15:30Z  459.979  -10.864  6.120  9.41937E-16  SWARM-A  19.522  349.221
2015-03-16T19:16:00Z  459.475  -8.935  6.086  9.47533E-16  SWARM-A  19.528  351.141
2015-03-16T19:16:30Z  459.009  -7.005  6.051  9.52764E-16  SWARM-A  19.534  353.061
2015-03-16T19:17:00Z  458.581  -5.076  6.016  9.57642E-16  SWARM-A  19.540  354.981
2015-03-16T19:17:30Z  458.194  -3.145  5.980  9.62192E-16  SWARM-A  19.546  356.901
2015-03-16T19:18:00Z  457.846  -1.215  5.943  9.66618E-16  SWARM-A  19.552  358.822
2015-03-16T19:18:30Z  457.540  0.716  5.907  9.70541E-16  SWARM-A  19.558  0.743
2015-03-16T19:19:00Z  457.275  2.646  5.870  9.74252E-16  SWARM-A  19.564  2.663
2015-03-16T19:19:30Z  457.052  4.577  5.834  9.77823E-16  SWARM-A  19.570  4.584
2015-03-16T19:20:00Z  456.870  6.508  5.798  9.79294E-16  SWARM-A  19.576  6.505
2015-03-16T19:20:30Z  456.729  8.439  5.763  9.84278E-16  SWARM-A  19.582  8.427
2015-03-16T19:21:00Z  456.630  10.370  5.729  9.90936E-16  SWARM-A  19.588  10.348
2015-03-16T19:21:30Z  456.571  12.300  5.696  9.85019E-16  SWARM-A  19.594  12.270
2015-03-16T19:22:00Z  456.551  14.231  5.664  9.93522E-16  SWARM-A  19.600  14.191
2015-03-16T19:22:30Z  456.571  16.161  5.634  9.95040E-16  SWARM-A  19.607  16.113
2015-03-16T19:23:00Z  456.628  18.090  5.606  9.99053E-16  SWARM-A  19.613  18.035
2015-03-16T19:23:30Z  456.721  20.020  5.580  1.00031E-15  SWARM-A  19.620  19.957
2015-03-16T19:24:00Z  456.850  21.949  5.556  1.00189E-15  SWARM-A  19.626  21.880
2015-03-16T19:24:30Z  457.012  23.877  5.535  1.00302E-15  SWARM-A  19.633  23.802
2015-03-16T19:25:00Z  457.206  25.805  5.518  1.00370E-15  SWARM-A  19.640  25.725
2015-03-16T19:25:30Z  457.431  27.732  5.504  1.00354E-15  SWARM-A  19.648  27.647
2015-03-16T19:26:00Z  457.683  29.659  5.494  1.00289E-15  SWARM-A  19.655  29.570
2015-03-16T19:26:30Z  457.962  31.585  5.488  1.00160E-15  SWARM-A  19.663  31.493
2015-03-16T19:27:00Z  458.265  33.510  5.487  9.99671E-16  SWARM-A  19.672  33.416
2015-03-16T19:27:30Z  458.589  35.435  5.492  9.97112E-16  SWARM-A  19.680  35.339
2015-03-16T19:28:00Z  458.933  37.359  5.503  9.93946E-16  SWARM-A  19.689  37.263
2015-03-16T19:28:30Z  459.294  39.281  5.522  9.90154E-16  SWARM-A  19.699  39.186
2015-03-16T19:29:00Z  459.670  41.203  5.548  9.85825E-16  SWARM-A  19.709  41.110
2015-03-16T19:29:30Z  460.058  43.124  5.584  9.81016E-16  SWARM-A  19.720  43.033
2015-03-16T19:30:00Z  460.456  45.045  5.630  9.75760E-16  SWARM-A  19.731  44.957
2015-03-16T19:30:30Z  460.861  46.964  5.688  9.70103E-16  SWARM-A  19.743  46.881
2015-03-16T19:31:00Z  461.271  48.882  5.759  9.64077E-16  SWARM-A  19.757  48.804
2015-03-16T19:31:30Z  461.683  50.799  5.846  9.57866E-16  SWARM-A  19.771  50.728
2015-03-16T19:32:00Z  462.094  52.715  5.952  9.50900E-16  SWARM-A  19.786  52.652
2015-03-16T19:32:30Z  462.503  54.629  6.078  9.43556E-16  SWARM-A  19.803  54.576
2015-03-16T19:33:00Z  462.907  56.543  6.229  9.36010E-16  SWARM-A  19.821  56.500
2015-03-16T19:33:30Z  463.303  58.455  6.409  9.28227E-16  SWARM-A  19.842  58.425
2015-03-16T19:34:00Z  463.690  60.365  6.625  9.20276E-16  SWARM-A  19.864  60.349
2015-03-16T19:34:30Z  464.065  62.274  6.883  9.12180E-16  SWARM-A  19.890  62.273
2015-03-16T19:35:00Z  464.425  64.181  7.192  9.03951E-16  SWARM-A  19.919  64.197
2015-03-16T19:35:30Z  464.769  66.087  7.566  8.95546E-16  SWARM-A  19.952  66.122
2015-03-16T19:36:00Z  465.096  67.989  8.020  8.87034E-16  SWARM-A  19.991  68.046
2015-03-16T19:36:30Z  465.402  69.889  8.578  8.77968E-16  SWARM-A  20.036  69.971
2015-03-16T19:37:00Z  465.686  71.785  9.271  8.68034E-16  SWARM-A  20.091  71.895
2015-03-16T19:37:30Z  465.947  73.677  10.148  8.57879E-16  SWARM-A  20.157  73.820
2015-03-16T19:38:00Z  466.184  75.562  11.278  8.47695E-16  SWARM-A  20.241  75.744
2015-03-16T19:38:30Z  466.394  77.438  12.775  8.37469E-16  SWARM-A  20.349  77.669
2015-03-16T19:39:00Z  466.578  79.301  14.828  8.27381E-16  SWARM-A  20.494  79.594
2015-03-16T19:39:30Z  466.733  81.142  17.780  8.17303E-16  SWARM-A  20.700  81.518
2015-03-16T19:40:00Z  466.859  82.945  22.309  8.07327E-16  SWARM-A  21.010  83.443
2015-03-16T19:40:30Z  466.956  84.670  29.914  7.98023E-16  SWARM-A  21.525  85.367
2015-03-16T19:41:00Z  467.022  86.213  44.272  7.89795E-16  SWARM-A  22.491  87.292
2015-03-16T19:41:30Z  467.059  87.244  73.032  7.81549E-16  SWARM-A  0.416  89.217
2015-03-16T19:42:00Z  467.064  87.143  112.716  7.73591E-16  SWARM-A  3.070  91.141
2015-03-16T19:42:30Z  467.039  85.995  138.749  7.65247E-16  SWARM-A  4.814  93.066
2015-03-16T19:43:00Z  466.984  84.412  151.666  7.57595E-16  SWARM-A  5.684  94.991
2015-03-16T19:43:30Z  466.899  82.670  158.636  7.50645E-16  SWARM-A  6.157  96.915
2015-03-16T19:44:00Z  466.784  80.860  162.854  7.44204E-16  SWARM-A  6.446  98.840
2015-03-16T19:44:30Z  466.641  79.015  165.635  7.37390E-16  SWARM-A  6.640  100.764
2015-03-16T19:45:00Z  466.469  77.149  167.585  7.31044E-16  SWARM-A  6.778  102.689
2015-03-16T19:45:30Z  466.271  75.272  169.016  7.25089E-16  SWARM-A  6.882  104.613
2015-03-16T19:46:00Z  466.046  73.386  170.101  7.19629E-16  SWARM-A  6.963  106.538
2015-03-16T19:46:30Z  465.797  71.493  170.945  7.14344E-16  SWARM-A  7.027  108.462
2015-03-16T19:47:00Z  465.525  69.597  171.615  7.09866E-16  SWARM-A  7.080  110.387
2015-03-16T19:47:30Z  465.232  67.697  172.155  7.05582E-16  SWARM-A  7.125  112.311
2015-03-16T19:48:00Z  464.918  65.794  172.596  7.01636E-16  SWARM-A  7.162  114.235
2015-03-16T19:48:30Z  464.587  63.888  172.958  6.97808E-16  SWARM-A  7.195  116.160
2015-03-16T19:49:00Z  464.239  61.981  173.259  6.94435E-16  SWARM-A  7.223  118.084
2015-03-16T19:49:30Z  463.878  60.072  173.510  6.91412E-16  SWARM-A  7.248  120.008
2015-03-16T19:50:00Z  463.504  58.161  173.719  6.88800E-16  SWARM-A  7.271  121.932
2015-03-16T19:50:30Z  463.121  56.249  173.895  6.86483E-16  SWARM-A  7.291  123.856
2015-03-16T19:51:00Z  462.731  54.336  174.042  6.84369E-16  SWARM-A  7.309  125.780
2015-03-16T19:51:30Z  462.335  52.421  174.165  6.82501E-16  SWARM-A  7.325  127.704
2015-03-16T19:52:00Z  461.937  50.505  174.267  6.80868E-16  SWARM-A  7.340  129.628
2015-03-16T19:52:30Z  461.539  48.588  174.351  6.79482E-16  SWARM-A  7.354  131.551
2015-03-16T19:53:00Z  461.143  46.670  174.421  6.78465E-16  SWARM-A  7.367  133.475
2015-03-16T19:53:30Z  460.752  44.751  174.476  6.77477E-16  SWARM-A  7.379  135.398
2015-03-16T19:54:00Z  460.368  42.831  174.521  6.76697E-16  SWARM-A  7.391  137.322
2015-03-16T19:54:30Z  459.994  40.910  174.555  6.75997E-16  SWARM-A  7.401  139.245
2015-03-16T19:55:00Z  459.632  38.988  174.580  6.75818E-16  SWARM-A  7.411  141.168
2015-03-16T19:55:30Z  459.286  37.065  174.597  6.75663E-16  SWARM-A  7.421  143.092
2015-03-16T19:56:00Z  458.956  35.142  174.608  6.75452E-16  SWARM-A  7.430  145.015
2015-03-16T19:56:30Z  458.646  33.218  174.612  6.75712E-16  SWARM-A  7.438  146.937
2015-03-16T19:57:00Z  458.357  31.292  174.610  6.76153E-16  SWARM-A  7.447  148.860
2015-03-16T19:57:30Z  458.093  29.367  174.604  6.76466E-16  SWARM-A  7.455  150.783
2015-03-16T19:58:00Z  457.854  27.440  174.593  6.76960E-16  SWARM-A  7.462  152.705
2015-03-16T19:58:30Z  457.644  25.513  174.578  6.77230E-16  SWARM-A  7.470  154.628
2015-03-16T19:59:00Z  457.463  23.585  174.560  6.77645E-16  SWARM-A  7.477  156.550
2015-03-16T19:59:30Z  457.314  21.657  174.539  6.78185E-16  SWARM-A  7.484  158.472
2015-03-16T20:00:00Z  457.199  19.728  174.515  6.78849E-16  SWARM-A  7.490  160.394
2015-03-16T20:00:30Z  457.118  17.799  174.488  6.79686E-16  SWARM-A  7.497  162.316
2015-03-16T20:01:00Z  457.074  15.870  174.460  6.80618E-16  SWARM-A  7.503  164.238
2015-03-16T20:01:30Z  457.067  13.940  174.429  6.81651E-16  SWARM-A  7.510  166.159
2015-03-16T20:02:00Z  457.098  12.010  174.397  6.82786E-16  SWARM-A  7.516  168.081
2015-03-16T20:02:30Z  457.168  10.079  174.364  6.83980E-16  SWARM-A  7.522  170.002
2015-03-16T20:03:00Z  457.279  8.149  174.330  6.85191E-16  SWARM-A  7.528  171.923
2015-03-16T20:03:30Z  457.430  6.218  174.295  6.86427E-16  SWARM-A  7.534  173.844
2015-03-16T20:04:00Z  457.621  4.288  174.259  6.87681E-16  SWARM-A  7.540  175.765
2015-03-16T20:04:30Z  457.854  2.357  174.222  6.88866E-16  SWARM-A  7.546  177.686
2015-03-16T20:05:00Z  458.127  0.427  174.186  6.89993E-16  SWARM-A  7.552  179.606
2015-03-16T20:05:30Z  458.442  -1.503  174.149  6.91027E-16  SWARM-A  7.558  181.526
2015-03-16T20:06:00Z  458.796  -3.434  174.113  6.91912E-16  SWARM-A  7.564  183.446
2015-03-16T20:06:30Z  459.190  -5.363  174.077  6.92593E-16  SWARM-A  7.569  185.366
2015-03-16T20:07:00Z  459.624  -7.293  174.041  6.93061E-16  SWARM-A  7.575  187.286
2015-03-16T20:07:30Z  460.095  -9.222  174.006  6.93279E-16  SWARM-A  7.581  189.206
2015-03-16T20:08:00Z  460.603  -11.150  173.972  6.93268E-16  SWARM-A  7.588  191.125
2015-03-16T20:08:30Z  461.146  -13.078  173.940  6.93041E-16  SWARM-A  7.594  193.044
2015-03-16T20:09:00Z  461.723  -15.006  173.909  6.92500E-16  SWARM-A  7.600  194.963
2015-03-16T20:09:30Z  462.333  -16.933  173.879  6.91728E-16  SWARM-A  7.606  196.882
2015-03-16T20:10:00Z  462.973  -18.859  173.852  6.90768E-16  SWARM-A  7.613  198.801
2015-03-16T20:10:30Z  463.642  -20.784  173.826  6.89586E-16  SWARM-A  7.619  200.719
2015-03-16T20:11:00Z  464.337  -22.709  173.803  6.88172E-16  SWARM-A  7.626  202.638
2015-03-16T20:11:30Z  465.056  -24.633  173.784  6.86645E-16  SWARM-A  7.633  204.556
2015-03-16T20:12:00Z  465.797  -26.556  173.767  6.85070E-16  SWARM-A  7.641  206.474
2015-03-16T20:12:30Z  466.558  -28.478  173.754  6.83493E-16  SWARM-A  7.648  208.392
2015-03-16T20:13:00Z  467.336  -30.399  173.745  6.81772E-16  SWARM-A  7.656  210.309
2015-03-16T20:13:30Z  468.128  -32.320  173.741  6.80123E-16  SWARM-A  7.664  212.227
2015-03-16T20:14:00Z  468.931  -34.239  173.742  6.78646E-16  SWARM-A  7.672  214.144
2015-03-16T20:14:30Z  469.744  -36.157  173.749  6.77386E-16  SWARM-A  7.681  216.061
2015-03-16T20:15:00Z  470.562  -38.074  173.762  6.76420E-16  SWARM-A  7.690  217.978
2015-03-16T20:15:30Z  471.384  -39.990  173.783  6.75739E-16  SWARM-A  7.700  219.895
2015-03-16T20:16:00Z  472.206  -41.905  173.812  6.75398E-16  SWARM-A  7.710  221.812
2015-03-16T20:16:30Z  473.025  -43.818  173.851  6.75418E-16  SWARM-A  7.721  223.728
2015-03-16T20:17:00Z  473.838  -45.731  173.900  6.75782E-16  SWARM-A  7.733  225.645
2015-03-16T20:17:30Z  474.643  -47.642  173.962  6.76524E-16  SWARM-A  7.745  227.561
2015-03-16T20:18:00Z  475.437  -49.552  174.037  6.77607E-16  SWARM-A  7.759  229.477
2015-03-16T20:18:30Z  476.216  -51.460  174.130  6.78932E-16  SWARM-A  7.773  231.393
2015-03-16T20:19:00Z  476.978  -53.368  174.241  6.80496E-16  SWARM-A  7.789  233.309
2015-03-16T20:19:30Z  477.719  -55.274  174.374  6.82347E-16  SWARM-A  7.806  235.224
2015-03-16T20:20:00Z  478.439  -57.178  174.533  6.84269E-16  SWARM-A  7.825  237.140
2015-03-16T20:20:30Z  479.133  -59.081  174.722  6.86244E-16  SWARM-A  7.846  239.055
2015-03-16T20:21:00Z  479.799  -60.982  174.949  6.88144E-16  SWARM-A  7.869  240.971
2015-03-16T20:21:30Z  480.434  -62.882  175.220  6.90009E-16  SWARM-A  7.896  242.886
2015-03-16T20:22:00Z  481.037  -64.779  175.546  6.91870E-16  SWARM-A  7.926  244.801
2015-03-16T20:22:30Z  481.605  -66.674  175.940  6.93789E-16  SWARM-A  7.960  246.716
2015-03-16T20:23:00Z  482.136  -68.567  176.420  6.95795E-16  SWARM-A  8.001  248.631
2015-03-16T20:23:30Z  482.628  -70.456  177.011  6.97926E-16  SWARM-A  8.049  250.546
2015-03-16T20:24:00Z  483.079  -72.341  177.749  7.00172E-16  SWARM-A  8.106  252.461
2015-03-16T20:24:30Z  483.487  -74.222  178.685  7.02562E-16  SWARM-A  8.177  254.376
2015-03-16T20:25:00Z  483.851  -76.095  179.899  7.05001E-16  SWARM-A  8.266  256.290
2015-03-16T20:25:30Z  484.170  -77.958  -178.481  7.07646E-16  SWARM-A  8.382  258.205
2015-03-16T20:26:00Z  484.442  -79.806  -176.237  7.10128E-16  SWARM-A  8.540  260.120
2015-03-16T20:26:30Z  484.666  -81.630  -172.965  7.12955E-16  SWARM-A  8.767  262.034
2015-03-16T20:27:00Z  484.842  -83.408  -167.849  7.16143E-16  SWARM-A  9.116  263.949
2015-03-16T20:27:30Z  484.968  -85.093  -159.033  7.19731E-16  SWARM-A  9.712  265.863
2015-03-16T20:28:00Z  485.044  -86.543  -141.949  7.23737E-16  SWARM-A  10.860  267.778
2015-03-16T20:28:30Z  485.070  -87.344  -108.968  7.28656E-16  SWARM-A  13.067  269.692
2015-03-16T20:29:00Z  485.046  -86.935  -71.069  7.33925E-16  SWARM-A  15.602  271.607
2015-03-16T20:29:30Z  484.972  -85.645  -49.114  7.39054E-16  SWARM-A  17.074  273.521
2015-03-16T20:30:00Z  484.847  -84.019  -38.119  7.44713E-16  SWARM-A  17.815  275.436
2015-03-16T20:30:30Z  484.674  -82.265  -31.996  7.50662E-16  SWARM-A  18.231  277.350
2015-03-16T20:31:00Z  484.451  -80.454  -28.199  7.57052E-16  SWARM-A  18.493  279.265
2015-03-16T20:31:30Z  484.180  -78.613  -25.652  7.63653E-16  SWARM-A  18.671  281.180
2015-03-16T20:32:00Z  483.862  -76.755  -23.843  7.70347E-16  SWARM-A  18.800  283.094
2015-03-16T20:32:30Z  483.498  -74.884  -22.503  7.77067E-16  SWARM-A  18.898  285.009
2015-03-16T20:33:00Z  483.089  -73.006  -21.480  7.83642E-16  SWARM-A  18.974  286.924
2015-03-16T20:33:30Z  482.637  -71.122  -20.680  7.89292E-16  SWARM-A  19.036  288.839
2015-03-16T20:34:00Z  482.144  -69.234  -20.041  7.94564E-16  SWARM-A  19.087  290.754
2015-03-16T20:34:30Z  481.611  -67.343  -19.525  7.99464E-16  SWARM-A  19.129  292.669
2015-03-16T20:35:00Z  481.040  -65.448  -19.103  8.03841E-16  SWARM-A  19.166  294.584
2015-03-16T20:35:30Z  480.434  -63.552  -18.755  8.07689E-16  SWARM-A  19.197  296.499
2015-03-16T20:36:00Z  479.794  -61.653  -18.466  8.11009E-16  SWARM-A  19.225  298.414
2015-03-16T20:36:30Z  479.123  -59.752  -18.224  8.13808E-16  SWARM-A  19.250  300.330
2015-03-16T20:37:00Z  478.423  -57.849  -18.022  8.16022E-16  SWARM-A  19.271  302.246
2015-03-16T20:37:30Z  477.698  -55.945  -17.853  8.17770E-16  SWARM-A  19.291  304.161
2015-03-16T20:38:00Z  476.949  -54.040  -17.711  8.19066E-16  SWARM-A  19.309  306.077
2015-03-16T20:38:30Z  476.179  -52.133  -17.593  8.20089E-16  SWARM-A  19.325  307.993
2015-03-16T20:39:00Z  475.391  -50.225  -17.495  8.20895E-16  SWARM-A  19.340  309.909
2015-03-16T20:39:30Z  474.588  -48.315  -17.413  8.22008E-16  SWARM-A  19.354  311.825
2015-03-16T20:40:00Z  473.773  -46.404  -17.347  8.23102E-16  SWARM-A  19.366  313.742
2015-03-16T20:40:30Z  472.949  -44.492  -17.293  8.24218E-16  SWARM-A  19.378  315.658
2015-03-16T20:41:00Z  472.118  -42.578  -17.251  8.25532E-16  SWARM-A  19.389  317.575
2015-03-16T20:41:30Z  471.284  -40.664  -17.219  8.27038E-16  SWARM-A  19.400  319.492
2015-03-16T20:42:00Z  470.450  -38.748  -17.195  8.28841E-16  SWARM-A  19.410  321.409
2015-03-16T20:42:30Z  469.618  -36.831  -17.179  8.30963E-16  SWARM-A  19.419  323.326
2015-03-16T20:43:00Z  468.792  -34.913  -17.170  8.33476E-16  SWARM-A  19.428  325.243
2015-03-16T20:43:30Z  467.974  -32.994  -17.167  8.36355E-16  SWARM-A  19.437  327.161
2015-03-16T20:44:00Z  467.168  -31.074  -17.169  8.39656E-16  SWARM-A  19.445  329.078
2015-03-16T20:44:30Z  466.375  -29.153  -17.177  8.43311E-16  SWARM-A  19.453  330.996
2015-03-16T20:45:00Z  465.599  -27.231  -17.188  8.47316E-16  SWARM-A  19.460  332.914
2015-03-16T20:45:30Z  464.842  -25.308  -17.204  8.51648E-16  SWARM-A  19.468  334.832
2015-03-16T20:46:00Z  464.107  -23.384  -17.222  8.56260E-16  SWARM-A  19.475  336.751
2015-03-16T20:46:30Z  463.397  -21.459  -17.244  8.61100E-16  SWARM-A  19.482  338.669
2015-03-16T20:47:00Z  462.712  -19.534  -17.269  8.66148E-16  SWARM-A  19.488  340.588
2015-03-16T20:47:30Z  462.056  -17.608  -17.295  8.71374E-16  SWARM-A  19.495  342.507
2015-03-16T20:48:00Z  461.431  -15.681  -17.324  8.76671E-16  SWARM-A  19.501  344.426
2015-03-16T20:48:30Z  460.838  -13.753  -17.355  8.81840E-16  SWARM-A  19.508  346.345
2015-03-16T20:49:00Z  460.279  -11.825  -17.387  8.87128E-16  SWARM-A  19.514  348.265
2015-03-16T20:49:30Z  459.756  -9.896  -17.421  8.92517E-16  SWARM-A  19.520  350.184
2015-03-16T20:50:00Z  459.270  -7.967  -17.455  8.97962E-16  SWARM-A  19.526  352.104
2015-03-16T20:50:30Z  458.822  -6.038  -17.490  9.03477E-16  SWARM-A  19.532  354.024
2015-03-16T20:51:00Z  458.413  -4.108  -17.526  9.09375E-16  SWARM-A  19.538  355.944
2015-03-16T20:51:30Z  458.045  -2.177  -17.563  9.15044E-16  SWARM-A  19.544  357.864
2015-03-16T20:52:00Z  457.717  -0.247  -17.599  9.20970E-16  SWARM-A  19.550  359.785
2015-03-16T20:52:30Z  457.430  1.684  -17.636  9.27064E-16  SWARM-A  19.555  1.706
2015-03-16T20:53:00Z  457.184  3.615  -17.672  9.33068E-16  SWARM-A  19.561  3.626
2015-03-16T20:53:30Z  456.980  5.545  -17.708  9.39557E-16  SWARM-A  19.567  5.547
2015-03-16T20:54:00Z  456.818  7.476  -17.744  9.45939E-16  SWARM-A  19.573  7.469
2015-03-16T20:54:30Z  456.696  9.407  -17.778  9.52418E-16  SWARM-A  19.579  9.390
2015-03-16T20:55:00Z  456.616  11.338  -17.812  9.58907E-16  SWARM-A  19.585  11.311
2015-03-16T20:55:30Z  456.575  13.268  -17.844  9.65122E-16  SWARM-A  19.592  13.233
2015-03-16T20:56:00Z  456.573  15.198  -17.875  9.72045E-16  SWARM-A  19.598  15.155
2015-03-16T20:56:30Z  456.610  17.128  -17.904  9.78142E-16  SWARM-A  19.604  17.077
2015-03-16T20:57:00Z  456.684  19.058  -17.932  9.83681E-16  SWARM-A  19.611  18.999
2015-03-16T20:57:30Z  456.794  20.987  -17.956  9.88660E-16  SWARM-A  19.617  20.921
2015-03-16T20:58:00Z  456.938  22.916  -17.979  9.93097E-16  SWARM-A  19.624  22.844
2015-03-16T20:58:30Z  457.114  24.844  -17.998  9.96949E-16  SWARM-A  19.631  24.766
2015-03-16T20:59:00Z  457.322  26.771  -18.014  9.99606E-16  SWARM-A  19.639  26.689
2015-03-16T20:59:30Z  457.559  28.698  -18.026  1.00193E-15  SWARM-A  19.646  28.611
2015-03-16T21:00:00Z  457.823  30.625  -18.034  1.00508E-15  SWARM-A  19.654  30.534
2015-03-16T21:00:30Z  458.112  32.550  -18.037  1.00561E-15  SWARM-A  19.662  32.457
2015-03-16T21:01:00Z  458.424  34.475  -18.035  1.00535E-15  SWARM-A  19.671  34.380
2015-03-16T21:01:30Z  458.756  36.399  -18.027  1.00419E-15  SWARM-A  19.679  36.304
2015-03-16T21:02:00Z  459.107  38.323  -18.013  1.00222E-15  SWARM-A  19.689  38.227
2015-03-16T21:02:30Z  459.474  40.245  -17.990  9.99457E-16  SWARM-A  19.699  40.150
2015-03-16T21:03:00Z  459.854  42.167  -17.959  9.95972E-16  SWARM-A  19.709  42.074
2015-03-16T21:03:30Z  460.245  44.087  -17.919  9.91827E-16  SWARM-A  19.720  43.998
2015-03-16T21:04:00Z  460.645  46.007  -17.867  9.87054E-16  SWARM-A  19.732  45.921
2015-03-16T21:04:30Z  461.050  47.925  -17.802  9.81768E-16  SWARM-A  19.744  47.845
2015-03-16T21:05:00Z  461.459  49.843  -17.723  9.76014E-16  SWARM-A  19.758  49.769
2015-03-16T21:05:30Z  461.869  51.759  -17.627  9.69864E-16  SWARM-A  19.773  51.693
2015-03-16T21:06:00Z  462.278  53.675  -17.512  9.63349E-16  SWARM-A  19.789  53.617
2015-03-16T21:06:30Z  462.682  55.589  -17.374  9.56569E-16  SWARM-A  19.806  55.541
2015-03-16T21:07:00Z  463.080  57.502  -17.209  9.49498E-16  SWARM-A  19.826  57.465
2015-03-16T21:07:30Z  463.470  59.413  -17.012  9.42269E-16  SWARM-A  19.847  59.389
2015-03-16T21:08:00Z  463.848  61.323  -16.776  9.34822E-16  SWARM-A  19.871  61.314
2015-03-16T21:08:30Z  464.214  63.231  -16.494  9.27255E-16  SWARM-A  19.898  63.238
2015-03-16T21:09:00Z  464.564  65.137  -16.154  9.19559E-16  SWARM-A  19.929  65.163
2015-03-16T21:09:30Z  464.897  67.041  -15.742  9.11584E-16  SWARM-A  19.965  67.087
2015-03-16T21:10:00Z  465.210  68.942  -15.239  9.03834E-16  SWARM-A  20.007  69.011
2015-03-16T21:10:30Z  465.503  70.840  -14.618  8.95795E-16  SWARM-A  20.057  70.936
2015-03-16T21:11:00Z  465.774  72.734  -13.840  8.87813E-16  SWARM-A  20.117  72.860
2015-03-16T21:11:30Z  466.020  74.623  -12.847  8.79796E-16  SWARM-A  20.191  74.785
2015-03-16T21:12:00Z  466.241  76.504  -11.551  8.71936E-16  SWARM-A  20.286  76.710
2015-03-16T21:12:30Z  466.435  78.374  -9.805  8.65400E-16  SWARM-A  20.411  78.634
2015-03-16T21:13:00Z  466.602  80.228  -7.359  8.57640E-16  SWARM-A  20.582  80.559
2015-03-16T21:13:30Z  466.741  82.053  -3.734  8.49715E-16  SWARM-A  20.832  82.484
2015-03-16T21:14:00Z  466.850  83.824  2.063  8.41877E-16  SWARM-A  21.227  84.408
2015-03-16T21:14:30Z  466.929  85.479  12.364  8.34283E-16  SWARM-A  21.922  86.333
2015-03-16T21:15:00Z  466.978  86.830  32.854  8.27098E-16  SWARM-A  23.297  88.258
2015-03-16T21:15:30Z  466.997  87.361  69.790  8.19767E-16  SWARM-A  1.767  90.182
2015-03-16T21:16:00Z  466.985  86.654  104.474  8.12073E-16  SWARM-A  4.088  92.107
2015-03-16T21:16:30Z  466.943  85.231  122.782  8.04645E-16  SWARM-A  5.317  94.032
2015-03-16T21:17:00Z  466.871  83.550  132.114  7.97639E-16  SWARM-A  5.947  95.956
2015-03-16T21:17:30Z  466.769  81.768  137.464  7.91019E-16  SWARM-A  6.312  97.881
2015-03-16T21:18:00Z  466.637  79.937  140.856  7.84795E-16  SWARM-A  6.547  99.805
2015-03-16T21:18:30Z  466.478  78.081  143.169  7.78722E-16  SWARM-A  6.709  101.730
2015-03-16T21:19:00Z  466.291  76.208  144.830  7.73071E-16  SWARM-A  6.828  103.655
2015-03-16T21:19:30Z  466.078  74.326  146.071  7.67698E-16  SWARM-A  6.919  105.579
2015-03-16T21:20:00Z  465.840  72.437  147.025  7.62462E-16  SWARM-A  6.991  107.504
2015-03-16T21:20:30Z  465.578  70.542  147.775  7.57628E-16  SWARM-A  7.050  109.428
2015-03-16T21:21:00Z  465.293  68.643  148.375  7.53045E-16  SWARM-A  7.098  111.353
2015-03-16T21:21:30Z  464.988  66.742  148.862  7.48674E-16  SWARM-A  7.139  113.277
2015-03-16T21:22:00Z  464.665  64.837  149.262  7.44616E-16  SWARM-A  7.174  115.201
2015-03-16T21:22:30Z  464.324  62.931  149.592  7.40774E-16  SWARM-A  7.204  117.126
2015-03-16T21:23:00Z  463.968  61.023  149.866  7.37242E-16  SWARM-A  7.231  119.050
2015-03-16T21:23:30Z  463.600  59.113  150.095  7.33935E-16  SWARM-A  7.254  120.974
2015-03-16T21:24:00Z  463.220  57.201  150.287  7.30971E-16  SWARM-A  7.275  122.898
2015-03-16T21:24:30Z  462.832  55.289  150.447  7.28508E-16  SWARM-A  7.294  124.822
2015-03-16T21:25:00Z  462.438  53.374  150.582  7.26289E-16  SWARM-A  7.312  126.746
2015-03-16T21:25:30Z  462.040  51.459  150.694  7.24288E-16  SWARM-A  7.328  128.670
2015-03-16T21:26:00Z  461.641  49.543  150.787  7.22570E-16  SWARM-A  7.342  130.594
2015-03-16T21:26:30Z  461.243  47.625  150.863  7.21090E-16  SWARM-A  7.356  132.517
2015-03-16T21:27:00Z  460.849  45.706  150.926  7.19861E-16  SWARM-A  7.368  134.441
2015-03-16T21:27:30Z  460.460  43.787  150.976  7.18922E-16  SWARM-A  7.380  136.365
2015-03-16T21:28:00Z  460.080  41.866  151.015  7.18238E-16  SWARM-A  7.391  138.288
2015-03-16T21:28:30Z  459.712  39.945  151.044  7.17749E-16  SWARM-A  7.401  140.211
2015-03-16T21:29:00Z  459.357  38.022  151.065  7.17534E-16  SWARM-A  7.411  142.135
2015-03-16T21:29:30Z  459.018  36.099  151.079  7.17556E-16  SWARM-A  7.420  144.058
2015-03-16T21:30:00Z  458.697  34.175  151.086  7.17942E-16  SWARM-A  7.429  145.981
2015-03-16T21:30:30Z  458.397  32.250  151.087  7.18573E-16  SWARM-A  7.437  147.904
2015-03-16T21:31:00Z  458.120  30.325  151.083  7.19466E-16  SWARM-A  7.445  149.827
2015-03-16T21:31:30Z  457.868  28.398  151.074  7.20630E-16  SWARM-A  7.453  151.749
2015-03-16T21:32:00Z  457.643  26.472  151.061  7.21889E-16  SWARM-A  7.460  153.672
2015-03-16T21:32:30Z  457.447  24.544  151.045  7.23119E-16  SWARM-A  7.468  155.594
2015-03-16T21:33:00Z  457.282  22.616  151.025  7.24574E-16  SWARM-A  7.475  157.516
2015-03-16T21:33:30Z  457.150  20.687  151.002  7.26293E-16  SWARM-A  7.481  159.439
2015-03-16T21:34:00Z  457.052  18.758  150.977  7.28228E-16  SWARM-A  7.488  161.361
2015-03-16T21:34:30Z  456.989  16.829  150.950  7.30368E-16  SWARM-A  7.495  163.282
2015-03-16T21:35:00Z  456.963  14.899  150.920  7.32688E-16  SWARM-A  7.501  165.204
2015-03-16T21:35:30Z  456.975  12.969  150.889  7.35160E-16  SWARM-A  7.507  167.126
2015-03-16T21:36:00Z  457.026  11.039  150.856  7.37729E-16  SWARM-A  7.513  169.047
2015-03-16T21:36:30Z  457.117  9.109  150.823  7.40384E-16  SWARM-A  7.520  170.968
2015-03-16T21:37:00Z  457.248  7.178  150.788  7.43053E-16  SWARM-A  7.526  172.889
2015-03-16T21:37:30Z  457.419  5.247  150.752  7.45707E-16  SWARM-A  7.531  174.810
2015-03-16T21:38:00Z  457.632  3.317  150.716  7.48269E-16  SWARM-A  7.537  176.731
2015-03-16T21:38:30Z  457.886  1.386  150.680  7.50691E-16  SWARM-A  7.543  178.652
2015-03-16T21:39:00Z  458.180  -0.544  150.643  7.52947E-16  SWARM-A  7.549  180.572
2015-03-16T21:39:30Z  458.515  -2.475  150.606  7.54953E-16  SWARM-A  7.555  182.492
2015-03-16T21:40:00Z  458.890  -4.405  150.570  7.56614E-16  SWARM-A  7.561  184.412
2015-03-16T21:40:30Z  459.304  -6.334  150.534  7.57988E-16  SWARM-A  7.567  186.332
2015-03-16T21:41:00Z  459.757  -8.264  150.499  7.58960E-16  SWARM-A  7.573  188.252
2015-03-16T21:41:30Z  460.247  -10.192  150.465  7.59397E-16  SWARM-A  7.579  190.172
2015-03-16T21:42:00Z  460.773  -12.121  150.431  7.59318E-16  SWARM-A  7.585  192.091
2015-03-16T21:42:30Z  461.334  -14.049  150.399  7.58795E-16  SWARM-A  7.591  194.010
2015-03-16T21:43:00Z  461.928  -15.976  150.369  7.57759E-16  SWARM-A  7.598  195.929
2015-03-16T21:43:30Z  462.554  -17.902  150.341  7.56308E-16  SWARM-A  7.604  197.848
2015-03-16T21:44:00Z  463.210  -19.828  150.314  7.54400E-16  SWARM-A  7.611  199.767
2015-03-16T21:44:30Z  463.893  -21.754  150.290  7.52047E-16  SWARM-A  7.617  201.685
2015-03-16T21:45:00Z  464.601  -23.678  150.269  7.49324E-16  SWARM-A  7.624  203.604
2015-03-16T21:45:30Z  465.333  -25.601  150.250  7.46191E-16  SWARM-A  7.631  205.522
2015-03-16T21:46:00Z  466.086  -27.524  150.235  7.42839E-16  SWARM-A  7.639  207.440
2015-03-16T21:46:30Z  466.857  -29.446  150.225  7.39206E-16  SWARM-A  7.646  209.357
2015-03-16T21:47:00Z  467.644  -31.366  150.218  7.35451E-16  SWARM-A  7.654  211.275
2015-03-16T21:47:30Z  468.444  -33.286  150.216  7.31608E-16  SWARM-A  7.662  213.192
2015-03-16T21:48:00Z  469.255  -35.205  150.220  7.27746E-16  SWARM-A  7.671  215.110
2015-03-16T21:48:30Z  470.073  -37.122  150.230  7.23882E-16  SWARM-A  7.680  217.027
2015-03-16T21:49:00Z  470.896  -39.039  150.247  7.20103E-16  SWARM-A  7.690  218.944
2015-03-16T21:49:30Z  471.720  -40.954  150.272  7.16419E-16  SWARM-A  7.700  220.861
2015-03-16T21:50:00Z  472.544  -42.869  150.306  7.12821E-16  SWARM-A  7.710  222.777
2015-03-16T21:50:30Z  473.363  -44.782  150.350  7.09324E-16  SWARM-A  7.721  224.694
2015-03-16T21:51:00Z  474.176  -46.693  150.405  7.05962E-16  SWARM-A  7.733  226.610
2015-03-16T21:51:30Z  474.978  -48.604  150.474  7.02688E-16  SWARM-A  7.746  228.526
2015-03-16T21:52:00Z  475.768  -50.513  150.558  6.99520E-16  SWARM-A  7.760  230.442
2015-03-16T21:52:30Z  476.542  -52.421  150.659  6.96363E-16  SWARM-A  7.775  232.358
2015-03-16T21:53:00Z  477.298  -54.328  150.781  6.93269E-16  SWARM-A  7.792  234.274
2015-03-16T21:53:30Z  478.032  -56.233  150.926  6.90237E-16  SWARM-A  7.810  236.190
2015-03-16T21:54:00Z  478.742  -58.137  151.100  6.87284E-16  SWARM-A  7.830  238.105
2015-03-16T21:54:30Z  479.426  -60.039  151.307  6.84355E-16  SWARM-A  7.852  240.020
2015-03-16T21:55:00Z  480.080  -61.939  151.555  6.81485E-16  SWARM-A  7.877  241.936
2015-03-16T21:55:30Z  480.703  -63.838  151.853  6.78655E-16  SWARM-A  7.905  243.851
2015-03-16T21:56:00Z  481.292  -65.734  152.211  6.75853E-16  SWARM-A  7.937  245.766
2015-03-16T21:56:30Z  481.845  -67.628  152.646  6.73170E-16  SWARM-A  7.974  247.681
2015-03-16T21:57:00Z  482.359  -69.519  153.179  6.70545E-16  SWARM-A  8.018  249.596
2015-03-16T21:57:30Z  482.834  -71.407  153.838  6.68095E-16  SWARM-A  8.071  251.511
2015-03-16T21:58:00Z  483.267  -73.289  154.668  6.65838E-16  SWARM-A  8.134  253.426
2015-03-16T21:58:30Z  483.657  -75.167  155.732  6.63744E-16  SWARM-A  8.214  255.340
2015-03-16T21:59:00Z  484.002  -77.035  157.130  6.61937E-16  SWARM-A  8.315  257.255
2015-03-16T21:59:30Z  484.301  -78.892  159.029  6.60429E-16  SWARM-A  8.450  259.170
2015-03-16T22:00:00Z  484.552  -80.729  161.724  6.59270E-16  SWARM-A  8.638  261.084
2015-03-16T22:00:30Z  484.755  -82.534  165.780  6.58526E-16  SWARM-A  8.917  262.999
2015-03-16T22:01:00Z  484.910  -84.274  172.417  6.58318E-16  SWARM-A  9.368  264.913
2015-03-16T22:01:30Z  485.014  -85.869  -175.447  6.58736E-16  SWARM-A  10.185  266.828
2015-03-16T22:02:00Z  485.069  -87.071  -151.077  6.59910E-16  SWARM-A  11.818  268.743
2015-03-16T22:02:30Z  485.073  -87.293  -111.981  6.61815E-16  SWARM-A  14.433  270.657
2015-03-16T22:03:00Z  485.027  -86.351  -81.594  6.63641E-16  SWARM-A  16.467  272.572
2015-03-16T22:03:30Z  484.931  -84.849  -66.226  6.65675E-16  SWARM-A  17.500  274.486
2015-03-16T22:04:00Z  484.785  -83.145  -58.162  6.68142E-16  SWARM-A  18.046  276.401
2015-03-16T22:04:30Z  484.590  -81.358  -53.405  6.71043E-16  SWARM-A  18.371  278.315
2015-03-16T22:05:00Z  484.346  -79.530  -50.325  6.74389E-16  SWARM-A  18.585  280.230
2015-03-16T22:05:30Z  484.055  -77.678  -48.194  6.78118E-16  SWARM-A  18.735  282.144
2015-03-16T22:06:00Z  483.717  -75.813  -46.646  6.82206E-16  SWARM-A  18.847  284.059
2015-03-16T22:06:30Z  483.334  -73.939  -45.480  6.86587E-16  SWARM-A  18.933  285.974
2015-03-16T22:07:00Z  482.906  -72.058  -44.578  6.91456E-16  SWARM-A  19.001  287.889
2015-03-16T22:07:30Z  482.437  -70.172  -43.866  6.97299E-16  SWARM-A  19.057  289.804
2015-03-16T22:08:00Z  481.926  -68.282  -43.293  7.03278E-16  SWARM-A  19.104  291.719
2015-03-16T22:08:30Z  481.377  -66.389  -42.827  7.09369E-16  SWARM-A  19.143  293.634
2015-03-16T22:09:00Z  480.791  -64.493  -42.445  7.15503E-16  SWARM-A  19.177  295.549
2015-03-16T22:09:30Z  480.171  -62.595  -42.128  7.21507E-16  SWARM-A  19.206  297.464
2015-03-16T22:10:00Z  479.518  -60.695  -41.864  7.27089E-16  SWARM-A  19.232  299.379
2015-03-16T22:10:30Z  478.835  -58.794  -41.643  7.32649E-16  SWARM-A  19.255  301.295
2015-03-16T22:11:00Z  478.124  -56.891  -41.458  7.38137E-16  SWARM-A  19.276  303.211
2015-03-16T22:11:30Z  477.389  -54.986  -41.303  7.43656E-16  SWARM-A  19.295  305.126
2015-03-16T22:12:00Z  476.632  -53.079  -41.174  7.49214E-16  SWARM-A  19.312  307.042
2015-03-16T22:12:30Z  475.855  -51.172  -41.066  7.53680E-16  SWARM-A  19.327  308.958
2015-03-16T22:13:00Z  475.062  -49.263  -40.976  7.57897E-16  SWARM-A  19.341  310.874
2015-03-16T22:13:30Z  474.255  -47.353  -40.903  7.62212E-16  SWARM-A  19.355  312.790
2015-03-16T22:14:00Z  473.437  -45.441  -40.843  7.66727E-16  SWARM-A  19.367  314.707
2015-03-16T22:14:30Z  472.612  -43.528  -40.795  7.71434E-16  SWARM-A  19.378  316.623
2015-03-16T22:15:00Z  471.782  -41.614  -40.758  7.76692E-16  SWARM-A  19.389  318.540
2015-03-16T22:15:30Z  470.950  -39.699  -40.730  7.83130E-16  SWARM-A  19.399  320.457
2015-03-16T22:16:00Z  470.119  -37.783  -40.711  7.89832E-16  SWARM-A  19.409  322.374
2015-03-16T22:16:30Z  469.292  -35.866  -40.698  7.96788E-16  SWARM-A  19.418  324.291
2015-03-16T22:17:00Z  468.473  -33.947  -40.692  8.03975E-16  SWARM-A  19.427  326.208
2015-03-16T22:17:30Z  467.663  -32.028  -40.692  8.11347E-16  SWARM-A  19.435  328.126
2015-03-16T22:18:00Z  466.865  -30.107  -40.697  8.18253E-16  SWARM-A  19.443  330.044
2015-03-16T22:18:30Z  466.083  -28.186  -40.707  8.24393E-16  SWARM-A  19.451  331.961
2015-03-16T22:19:00Z  465.319  -26.263  -40.720  8.30618E-16  SWARM-A  19.458  333.880
2015-03-16T22:19:30Z  464.576  -24.340  -40.737  8.36859E-16  SWARM-A  19.466  335.798
2015-03-16T22:20:00Z  463.855  -22.416  -40.758  8.43059E-16  SWARM-A  19.473  337.716
2015-03-16T22:20:30Z  463.159  -20.491  -40.781  8.49175E-16  SWARM-A  19.479  339.635
2015-03-16T22:21:00Z  462.491  -18.565  -40.807  8.55187E-16  SWARM-A  19.486  341.553
2015-03-16T22:21:30Z  461.852  -16.638  -40.834  8.60665E-16  SWARM-A  19.493  343.472
2015-03-16T22:22:00Z  461.245  -14.711  -40.864  8.65876E-16  SWARM-A  19.499  345.391
2015-03-16T22:22:30Z  460.671  -12.783  -40.896  8.70900E-16  SWARM-A  19.505  347.311
2015-03-16T22:23:00Z  460.132  -10.855  -40.928  8.75781E-16  SWARM-A  19.511  349.230
2015-03-16T22:23:30Z  459.629  -8.926  -40.962  8.80555E-16  SWARM-A  19.517  351.150
2015-03-16T22:24:00Z  459.163  -6.997  -40.997  8.85164E-16  SWARM-A  19.523  353.070
2015-03-16T22:24:30Z  458.736  -5.067  -41.033  8.89607E-16  SWARM-A  19.529  354.990
2015-03-16T22:25:00Z  458.349  -3.137  -41.069  8.93974E-16  SWARM-A  19.535  356.910
2015-03-16T22:25:30Z  458.002  -1.207  -41.106  8.98329E-16  SWARM-A  19.541  358.830
2015-03-16T22:26:00Z  457.695  0.724  -41.142  9.02673E-16  SWARM-A  19.547  0.751
2015-03-16T22:26:30Z  457.430  2.654  -41.179  9.07099E-16  SWARM-A  19.553  2.671
2015-03-16T22:27:00Z  457.207  4.585  -41.215  9.11488E-16  SWARM-A  19.559  4.592
2015-03-16T22:27:30Z  457.025  6.516  -41.251  9.15854E-16  SWARM-A  19.565  6.513
2015-03-16T22:28:00Z  456.884  8.447  -41.286  9.20188E-16  SWARM-A  19.571  8.434
2015-03-16T22:28:30Z  456.784  10.377  -41.320  9.24514E-16  SWARM-A  19.577  10.356
2015-03-16T22:29:00Z  456.724  12.308  -41.353  9.28759E-16  SWARM-A  19.583  12.277
2015-03-16T22:29:30Z  456.704  14.238  -41.385  9.32864E-16  SWARM-A  19.589  14.199
2015-03-16T22:30:00Z  456.723  16.168  -41.415  9.37036E-16  SWARM-A  19.596  16.121
2015-03-16T22:30:30Z  456.779  18.098  -41.443  9.40335E-16  SWARM-A  19.602  18.043
2015-03-16T22:31:00Z  456.872  20.027  -41.469  9.43732E-16  SWARM-A  19.609  19.965
2015-03-16T22:31:30Z  457.000  21.956  -41.493  9.46788E-16  SWARM-A  19.615  21.887
2015-03-16T22:32:00Z  457.161  23.884  -41.513  9.49417E-16  SWARM-A  19.622  23.809
2015-03-16T22:32:30Z  457.354  25.812  -41.531  9.51686E-16  SWARM-A  19.629  25.732
2015-03-16T22:33:00Z  457.577  27.739  -41.545  9.53503E-16  SWARM-A  19.637  27.654
2015-03-16T22:33:30Z  457.827  29.666  -41.555  9.54905E-16  SWARM-A  19.644  29.577
2015-03-16T22:34:00Z  458.104  31.592  -41.561  9.55862E-16  SWARM-A  19.652  31.500
2015-03-16T22:34:30Z  458.405  33.517  -41.562  9.56395E-16  SWARM-A  19.661  33.423
2015-03-16T22:35:00Z  458.727  35.441  -41.557  9.56488E-16  SWARM-A  19.669  35.346
2015-03-16T22:35:30Z  459.069  37.365  -41.545  9.56176E-16  SWARM-A  19.679  37.269
2015-03-16T22:36:00Z  459.427  39.288  -41.527  9.55485E-16  SWARM-A  19.688  39.192
2015-03-16T22:36:30Z  459.800  41.210  -41.500  9.54373E-16  SWARM-A  19.698  41.116
2015-03-16T22:37:00Z  460.185  43.131  -41.465  9.52918E-16  SWARM-A  19.709  43.039
2015-03-16T22:37:30Z  460.580  45.051  -41.419  9.51158E-16  SWARM-A  19.720  44.963
2015-03-16T22:38:00Z  460.982  46.970  -41.361  9.49079E-16  SWARM-A  19.732  46.887
2015-03-16T22:38:30Z  461.388  48.888  -41.289  9.46686E-16  SWARM-A  19.746  48.810
2015-03-16T22:39:00Z  461.796  50.805  -41.202  9.44049E-16  SWARM-A  19.760  50.734
2015-03-16T22:39:30Z  462.204  52.720  -41.097  9.41104E-16  SWARM-A  19.775  52.658
2015-03-16T22:40:00Z  462.609  54.635  -40.970  9.37952E-16  SWARM-A  19.792  54.582
2015-03-16T22:40:30Z  463.009  56.548  -40.819  9.34546E-16  SWARM-A  19.810  56.506
2015-03-16T22:41:00Z  463.401  58.460  -40.638  9.30970E-16  SWARM-A  19.831  58.430
2015-03-16T22:41:30Z  463.783  60.371  -40.423  9.27215E-16  SWARM-A  19.853  60.354
2015-03-16T22:42:00Z  464.153  62.280  -40.165  9.23296E-16  SWARM-A  19.879  62.279
2015-03-16T22:42:30Z  464.509  64.187  -39.855  9.19216E-16  SWARM-A  19.908  64.203
2015-03-16T22:43:00Z  464.848  66.092  -39.481  9.15055E-16  SWARM-A  19.941  66.127
2015-03-16T22:43:30Z  465.169  67.994  -39.026  9.10678E-16  SWARM-A  19.980  68.052
2015-03-16T22:44:00Z  465.469  69.894  -38.468  9.06173E-16  SWARM-A  20.025  69.976
2015-03-16T22:44:30Z  465.748  71.790  -37.774  9.01524E-16  SWARM-A  20.080  71.901
2015-03-16T22:45:00Z  466.004  73.682  -36.896  8.96732E-16  SWARM-A  20.147  73.825
2015-03-16T22:45:30Z  466.235  75.567  -35.765  8.91794E-16  SWARM-A  20.231  75.750
2015-03-16T22:46:00Z  466.440  77.443  -34.266  8.86743E-16  SWARM-A  20.339  77.674
2015-03-16T22:46:30Z  466.617  79.306  -32.210  8.81479E-16  SWARM-A  20.484  79.599
2015-03-16T22:47:00Z  466.767  81.147  -29.254  8.76149E-16  SWARM-A  20.690  81.523
2015-03-16T22:47:30Z  466.887  82.949  -24.718  8.70626E-16  SWARM-A  21.000  83.448
2015-03-16T22:48:00Z  466.978  84.674  -17.099  8.65039E-16  SWARM-A  21.517  85.373
2015-03-16T22:48:30Z  467.039  86.216  -2.712  8.59424E-16  SWARM-A  22.484  87.297
2015-03-16T22:49:00Z  467.069  87.244  26.091  8.53413E-16  SWARM-A  0.413  89.222
2015-03-16T22:49:30Z  467.069  87.140  65.753  8.46714E-16  SWARM-A  3.065  91.147
2015-03-16T22:50:00Z  467.038  85.991  91.736  8.39573E-16  SWARM-A  4.806  93.071
2015-03-16T22:50:30Z  466.977  84.407  104.630  8.32443E-16  SWARM-A  5.674  94.996
2015-03-16T22:51:00Z  466.885  82.665  111.592  8.25408E-16  SWARM-A  6.146  96.920
2015-03-16T22:51:30Z  466.765  80.855  115.806  8.18535E-16  SWARM-A  6.435  98.845
2015-03-16T22:52:00Z  466.615  79.009  118.585  8.11674E-16  SWARM-A  6.629  100.770
2015-03-16T22:52:30Z  466.438  77.144  120.535  8.05002E-16  SWARM-A  6.767  102.694
2015-03-16T22:53:00Z  466.234  75.266  121.965  7.98472E-16  SWARM-A  6.871  104.619
2015-03-16T22:53:30Z  466.004  73.380  123.049  7.91142E-16  SWARM-A  6.952  106.543
2015-03-16T22:54:00Z  465.749  71.488  123.894  7.84026E-16  SWARM-A  7.016  108.468
2015-03-16T22:54:30Z  465.472  69.591  124.563  7.77192E-16  SWARM-A  7.069  110.392
2015-03-16T22:55:00Z  465.173  67.691  125.103  7.70770E-16  SWARM-A  7.113  112.316
2015-03-16T22:55:30Z  464.854  65.788  125.544  7.64749E-16  SWARM-A  7.151  114.241
2015-03-16T22:56:00Z  464.518  63.883  125.907  7.59197E-16  SWARM-A  7.184  116.165
2015-03-16T22:56:30Z  464.165  61.975  126.207  7.54190E-16  SWARM-A  7.212  118.089
2015-03-16T22:57:00Z  463.799  60.066  126.458  7.49719E-16  SWARM-A  7.237  120.014
2015-03-16T22:57:30Z  463.421  58.156  126.668  7.46460E-16  SWARM-A  7.259  121.938
2015-03-16T22:58:00Z  463.033  56.243  126.843  7.43849E-16  SWARM-A  7.279  123.862
2015-03-16T22:58:30Z  462.638  54.330  126.990  7.41805E-16  SWARM-A  7.298  125.786
2015-03-16T22:59:00Z  462.239  52.415  127.113  7.40219E-16  SWARM-A  7.314  127.710
2015-03-16T22:59:30Z  461.836  50.499  127.215  7.39088E-16  SWARM-A  7.329  129.633
2015-03-16T23:00:00Z  461.434  48.582  127.300  7.38412E-16  SWARM-A  7.343  131.557
2015-03-16T23:00:30Z  461.033  46.664  127.369  7.38141E-16  SWARM-A  7.356  133.481
2015-03-16T23:01:00Z  460.638  44.745  127.425  7.37977E-16  SWARM-A  7.368  135.404
2015-03-16T23:01:30Z  460.250  42.825  127.470  7.37300E-16  SWARM-A  7.380  137.328
2015-03-16T23:02:00Z  459.872  40.904  127.504  7.36974E-16  SWARM-A  7.390  139.251
2015-03-16T23:02:30Z  459.506  38.982  127.529  7.36961E-16  SWARM-A  7.400  141.175
2015-03-16T23:03:00Z  459.155  37.059  127.546  7.37161E-16  SWARM-A  7.410  143.098
2015-03-16T23:03:30Z  458.821  35.135  127.557  7.37541E-16  SWARM-A  7.419  145.021
2015-03-16T23:04:00Z  458.507  33.211  127.561  7.38141E-16  SWARM-A  7.427  146.944
2015-03-16T23:04:30Z  458.215  31.286  127.559  7.38887E-16  SWARM-A  7.436  148.867
2015-03-16T23:05:00Z  457.946  29.360  127.553  7.39662E-16  SWARM-A  7.443  150.790
2015-03-16T23:05:30Z  457.703  27.433  127.542  7.40348E-16  SWARM-A  7.451  152.712
2015-03-16T23:06:00Z  457.489  25.506  127.528  7.41148E-16  SWARM-A  7.458  154.635
2015-03-16T23:06:30Z  457.305  23.578  127.509  7.42082E-16  SWARM-A  7.466  156.557
2015-03-16T23:07:00Z  457.152  21.650  127.488  7.43119E-16  SWARM-A  7.473  158.479
2015-03-16T23:07:30Z  457.033  19.721  127.464  7.44295E-16  SWARM-A  7.479  160.401
2015-03-16T23:08:00Z  456.949  17.792  127.438  7.45534E-16  SWARM-A  7.486  162.323
2015-03-16T23:08:30Z  456.901  15.862  127.409  7.46860E-16  SWARM-A  7.492  164.245
2015-03-16T23:09:00Z  456.891  13.932  127.379  7.48232E-16  SWARM-A  7.499  166.167
2015-03-16T23:09:30Z  456.919  12.002  127.347  7.49656E-16  SWARM-A  7.505  168.088
2015-03-16T23:10:00Z  456.986  10.072  127.314  7.51084E-16  SWARM-A  7.511  170.010
2015-03-16T23:10:30Z  457.094  8.141  127.280  7.52450E-16  SWARM-A  7.517  171.931
2015-03-16T23:11:00Z  457.242  6.210  127.245  7.53657E-16  SWARM-A  7.523  173.852
2015-03-16T23:11:30Z  457.430  4.280  127.209  7.54750E-16  SWARM-A  7.529  175.773
2015-03-16T23:12:00Z  457.660  2.349  127.173  7.55620E-16  SWARM-A  7.535  177.694
2015-03-16T23:12:30Z  457.931  0.418  127.136  7.56189E-16  SWARM-A  7.541  179.614
2015-03-16T23:13:00Z  458.243  -1.512  127.100  7.56378E-16  SWARM-A  7.547  181.535
2015-03-16T23:13:30Z  458.595  -3.442  127.063  7.56136E-16  SWARM-A  7.553  183.455
2015-03-16T23:14:00Z  458.987  -5.372  127.027  7.55378E-16  SWARM-A  7.558  185.375
2015-03-16T23:14:30Z  459.418  -7.302  126.992  7.54110E-16  SWARM-A  7.564  187.295
2015-03-16T23:15:00Z  459.887  -9.231  126.957  7.52215E-16  SWARM-A  7.570  189.215
2015-03-16T23:15:30Z  460.393  -11.159  126.923  7.49745E-16  SWARM-A  7.577  191.134
2015-03-16T23:16:00Z  460.935  -13.088  126.891  7.46649E-16  SWARM-A  7.583  193.053
2015-03-16T23:16:30Z  461.512  -15.015  126.859  7.42968E-16  SWARM-A  7.589  194.973
2015-03-16T23:17:00Z  462.120  -16.942  126.830  7.38720E-16  SWARM-A  7.595  196.892
2015-03-16T23:17:30Z  462.760  -18.869  126.803  7.33978E-16  SWARM-A  7.602  198.810
2015-03-16T23:18:00Z  463.429  -20.794  126.777  7.28769E-16  SWARM-A  7.608  200.729
2015-03-16T23:18:30Z  464.124  -22.719  126.755  7.23170E-16  SWARM-A  7.615  202.648
2015-03-16T23:19:00Z  464.844  -24.643  126.735  7.17216E-16  SWARM-A  7.622  204.566
2015-03-16T23:19:30Z  465.587  -26.566  126.718  7.11046E-16  SWARM-A  7.630  206.484
2015-03-16T23:20:00Z  466.349  -28.488  126.706  7.04735E-16  SWARM-A  7.637  208.402
2015-03-16T23:20:30Z  467.129  -30.409  126.697  6.98352E-16  SWARM-A  7.645  210.320
2015-03-16T23:21:00Z  467.924  -32.330  126.693  6.91986E-16  SWARM-A  7.653  212.237
2015-03-16T23:21:30Z  468.731  -34.249  126.694  6.85642E-16  SWARM-A  7.661  214.155
2015-03-16T23:22:00Z  469.547  -36.167  126.701  6.79405E-16  SWARM-A  7.670  216.072
2015-03-16T23:22:30Z  470.369  -38.084  126.715  6.73319E-16  SWARM-A  7.679  217.989
2015-03-16T23:23:00Z  471.195  -40.000  126.736  6.67411E-16  SWARM-A  7.689  219.906
2015-03-16T23:23:30Z  472.022  -41.915  126.765  6.61687E-16  SWARM-A  7.699  221.823
2015-03-16T23:24:00Z  472.847  -43.829  126.804  6.56159E-16  SWARM-A  7.710  223.739
2015-03-16T23:24:30Z  473.666  -45.741  126.853  6.50870E-16  SWARM-A  7.722  225.656
2015-03-16T23:25:00Z  474.477  -47.653  126.915  6.45783E-16  SWARM-A  7.734  227.572
2015-03-16T23:25:30Z  475.276  -49.563  126.992  6.40910E-16  SWARM-A  7.748  229.488
2015-03-16T23:26:00Z  476.062  -51.471  127.084  6.36208E-16  SWARM-A  7.762  231.404
2015-03-16T23:26:30Z  476.830  -53.379  127.195  6.31703E-16  SWARM-A  7.778  233.320
2015-03-16T23:27:00Z  477.579  -55.285  127.329  6.27426E-16  SWARM-A  7.795  235.236
2015-03-16T23:27:30Z  478.305  -57.189  127.488  6.23458E-16  SWARM-A  7.814  237.152
2015-03-16T23:28:00Z  479.006  -59.092  127.679  6.19796E-16  SWARM-A  7.835  239.067
2015-03-16T23:28:30Z  479.680  -60.994  127.906  6.16498E-16  SWARM-A  7.859  240.982
2015-03-16T23:29:00Z  480.323  -62.893  128.178  6.13554E-16  SWARM-A  7.885  242.898
2015-03-16T23:29:30Z  480.933  -64.790  128.504  6.11153E-16  SWARM-A  7.915  244.813
2015-03-16T23:30:00Z  481.509  -66.686  128.900  6.09261E-16  SWARM-A  7.950  246.728
2015-03-16T23:30:30Z  482.047  -68.578  129.381  6.07947E-16  SWARM-A  7.990  248.643
2015-03-16T23:31:00Z  482.547  -70.467  129.973  6.07278E-16  SWARM-A  8.038  250.558
2015-03-16T23:31:30Z  483.005  -72.353  130.713  6.07276E-16  SWARM-A  8.096  252.473
2015-03-16T23:32:00Z  483.422  -74.233  131.651  6.07845E-16  SWARM-A  8.167  254.388
2015-03-16T23:32:30Z  483.794  -76.106  132.869  6.09112E-16  SWARM-A  8.256  256.302
2015-03-16T23:33:00Z  484.120  -77.969  134.493  6.11081E-16  SWARM-A  8.373  258.217
2015-03-16T23:33:30Z  484.400  -79.818  136.745  6.13630E-16  SWARM-A  8.531  260.132
2015-03-16T23:34:00Z  484.633  -81.641  140.029  6.16919E-16  SWARM-A  8.759  262.046
2015-03-16T23:34:30Z  484.816  -83.418  145.164  6.20956E-16  SWARM-A  9.109  263.961
2015-03-16T23:35:00Z  484.951  -85.102  154.020  6.25608E-16  SWARM-A  9.708  265.876
2015-03-16T23:35:30Z  485.035  -86.549  171.185  6.31100E-16  SWARM-A  10.861  267.790
2015-03-16T23:36:00Z  485.070  -87.343  -155.749  6.37528E-16  SWARM-A  13.073  269.705
2015-03-16T23:36:30Z  485.054  -86.927  -117.948  6.44400E-16  SWARM-A  15.602  271.619
2015-03-16T23:37:00Z  484.988  -85.634  -96.094  6.51069E-16  SWARM-A  17.067  273.534
2015-03-16T23:37:30Z  484.872  -84.006  -85.140  6.58098E-16  SWARM-A  17.806  275.448
2015-03-16T23:38:00Z  484.707  -82.253  -79.033  6.65456E-16  SWARM-A  18.221  277.363
2015-03-16T23:38:30Z  484.492  -80.442  -75.244  6.73035E-16  SWARM-A  18.482  279.277
2015-03-16T23:39:00Z  484.230  -78.601  -72.700  6.80829E-16  SWARM-A  18.660  281.192
2015-03-16T23:39:30Z  483.920  -76.742  -70.893  6.88445E-16  SWARM-A  18.789  283.107
2015-03-16T23:40:00Z  483.565  -74.872  -69.555  6.96128E-16  SWARM-A  18.886  285.021
2015-03-16T23:40:30Z  483.165  -72.994  -68.532  7.03734E-16  SWARM-A  18.963  286.936
2015-03-16T23:41:00Z  482.721  -71.110  -67.732  7.11413E-16  SWARM-A  19.025  288.851
2015-03-16T23:41:30Z  482.236  -69.222  -67.094  7.18906E-16  SWARM-A  19.075  290.766
2015-03-16T23:42:00Z  481.711  -67.331  -66.578  7.26286E-16  SWARM-A  19.118  292.681
2015-03-16T23:42:30Z  481.148  -65.436  -66.156  7.33548E-16  SWARM-A  19.155  294.596
2015-03-16T23:43:00Z  480.550  -63.540  -65.808  7.40619E-16  SWARM-A  19.186  296.511
2015-03-16T23:43:30Z  479.918  -61.641  -65.518  7.47498E-16  SWARM-A  19.214  298.426
2015-03-16T23:44:00Z  479.254  -59.740  -65.277  7.53646E-16  SWARM-A  19.238  300.342
2015-03-16T23:44:30Z  478.562  -57.838  -65.075  7.59333E-16  SWARM-A  19.260  302.257
2015-03-16T23:45:00Z  477.844  -55.934  -64.905  7.64802E-16  SWARM-A  19.280  304.173
2015-03-16T23:45:30Z  477.102  -54.028  -64.764  7.70069E-16  SWARM-A  19.298  306.089
2015-03-16T23:46:00Z  476.339  -52.121  -64.645  7.75194E-16  SWARM-A  19.314  308.004
2015-03-16T23:46:30Z  475.558  -50.213  -64.546  7.80200E-16  SWARM-A  19.329  309.920
2015-03-16T23:47:00Z  474.762  -48.303  -64.465  7.85103E-16  SWARM-A  19.342  311.836
2015-03-16T23:47:30Z  473.954  -46.393  -64.398  7.89909E-16  SWARM-A  19.355  313.753
2015-03-16T23:48:00Z  473.136  -44.481  -64.345  7.94598E-16  SWARM-A  19.367  315.669
2015-03-16T23:48:30Z  472.312  -42.567  -64.302  7.99543E-16  SWARM-A  19.378  317.586
2015-03-16T23:49:00Z  471.484  -40.653  -64.270  8.04855E-16  SWARM-A  19.389  319.502
2015-03-16T23:49:30Z  470.656  -38.737  -64.246  8.10138E-16  SWARM-A  19.399  321.419
2015-03-16T23:50:00Z  469.830  -36.820  -64.230  8.15352E-16  SWARM-A  19.408  323.336
2015-03-16T23:50:30Z  469.010  -34.902  -64.221  8.20510E-16  SWARM-A  19.417  325.254
2015-03-16T23:51:00Z  468.198  -32.984  -64.218  8.25578E-16  SWARM-A  19.426  327.171
2015-03-16T23:51:30Z  467.396  -31.064  -64.220  8.30501E-16  SWARM-A  19.434  329.088
2015-03-16T23:52:00Z  466.608  -29.143  -64.228  8.35291E-16  SWARM-A  19.442  331.006
2015-03-16T23:52:30Z  465.837  -27.221  -64.239  8.39939E-16  SWARM-A  19.449  332.924
2015-03-16T23:53:00Z  465.085  -25.298  -64.254  8.44444E-16  SWARM-A  19.456  334.842
2015-03-16T23:53:30Z  464.354  -23.374  -64.273  8.48633E-16  SWARM-A  19.464  336.760
2015-03-16T23:54:00Z  463.646  -21.450  -64.295  8.52042E-16  SWARM-A  19.470  338.679
2015-03-16T23:54:30Z  462.965  -19.524  -64.319  8.55378E-16  SWARM-A  19.477  340.597
2015-03-16T23:55:00Z  462.312  -17.598  -64.346  8.58479E-16  SWARM-A  19.484  342.516
2015-03-16T23:55:30Z  461.689  -15.671  -64.375  8.61496E-16  SWARM-A  19.490  344.435
2015-03-16T23:56:00Z  461.098  -13.744  -64.405  8.64468E-16  SWARM-A  19.496  346.354
2015-03-16T23:56:30Z  460.541  -11.816  -64.437  8.67381E-16  SWARM-A  19.503  348.274
2015-03-16T23:57:00Z  460.019  -9.888  -64.471  8.70316E-16  SWARM-A  19.509  350.193
2015-03-16T23:57:30Z  459.533  -7.958  -64.505  8.73354E-16  SWARM-A  19.515  352.113
2015-03-16T23:58:00Z  459.086  -6.029  -64.540  8.76355E-16  SWARM-A  19.521  354.032
2015-03-16T23:58:30Z  458.677  -4.099  -64.576  8.79526E-16  SWARM-A  19.527  355.952
2015-03-16T23:59:00Z  458.308  -2.169  -64.612  8.82808E-16  SWARM-A  19.533  357.873
2015-03-16T23:59:30Z  457.980  -0.239  -64.649  8.86211E-16  SWARM-A  19.539  359.793
2015-03-17T00:00:00Z  457.693  1.692  -64.686  8.92389E-16  SWARM-A  19.544  1.714
2015-03-17T00:00:30Z  457.446  3.622  -64.722  8.90922E-16  SWARM-A  19.550  3.634
2015-03-17T00:01:00Z  457.241  5.553  -64.758  8.94734E-16  SWARM-A  19.556  5.555
2015-03-17T00:01:30Z  457.077  7.484  -64.793  8.98175E-16  SWARM-A  19.562  7.476
2015-03-17T00:02:00Z  456.954  9.414  -64.828  9.01041E-16  SWARM-A  19.568  9.397
2015-03-17T00:02:30Z  456.871  11.345  -64.861  9.05142E-16  SWARM-A  19.574  11.319
2015-03-17T00:03:00Z  456.828  13.275  -64.894  9.08587E-16  SWARM-A  19.581  13.240
2015-03-17T00:03:30Z  456.824  15.205  -64.925  9.11997E-16  SWARM-A  19.587  15.162
2015-03-17T00:04:00Z  456.859  17.135  -64.954  9.15389E-16  SWARM-A  19.593  17.084
2015-03-17T00:04:30Z  456.930  19.064  -64.981  9.18744E-16  SWARM-A  19.600  19.005
2015-03-17T00:05:00Z  457.037  20.993  -65.006  9.22069E-16  SWARM-A  19.606  20.928
2015-03-17T00:05:30Z  457.179  22.922  -65.028  9.25350E-16  SWARM-A  19.613  22.850
2015-03-17T00:06:00Z  457.353  24.850  -65.047  9.28616E-16  SWARM-A  19.620  24.772
2015-03-17T00:06:30Z  457.558  26.777  -65.063  9.31824E-16  SWARM-A  19.628  26.695
2015-03-17T00:07:00Z  457.792  28.704  -65.075  9.34963E-16  SWARM-A  19.635  28.617
2015-03-17T00:07:30Z  458.053  30.630  -65.083  9.38041E-16  SWARM-A  19.643  30.540
2015-03-17T00:08:00Z  458.339  32.556  -65.086  9.41011E-16  SWARM-A  19.651  32.463
2015-03-17T00:08:30Z  458.648  34.481  -65.084  9.43825E-16  SWARM-A  19.660  34.386
2015-03-17T00:09:00Z  458.978  36.405  -65.076  9.46487E-16  SWARM-A  19.668  36.309
2015-03-17T00:09:30Z  459.325  38.328  -65.061  9.48865E-16  SWARM-A  19.678  38.232
2015-03-17T00:10:00Z  459.689  40.250  -65.039  9.50946E-16  SWARM-A  19.688  40.155
2015-03-17T00:10:30Z  460.066  42.171  -65.007  9.52694E-16  SWARM-A  19.698  42.079
2015-03-17T00:11:00Z  460.454  44.092  -64.967  9.54028E-16  SWARM-A  19.709  44.002
2015-03-17T00:11:30Z  460.850  46.011  -64.915  9.55004E-16  SWARM-A  19.721  45.926
2015-03-17T00:12:00Z  461.252  47.930  -64.850  9.55704E-16  SWARM-A  19.733  47.850
2015-03-17T00:12:30Z  461.658  49.847  -64.771  9.56144E-16  SWARM-A  19.747  49.773
2015-03-17T00:13:00Z  462.065  51.764  -64.675  9.56277E-16  SWARM-A  19.762  51.697
2015-03-17T00:13:30Z  462.470  53.679  -64.560  9.56031E-16  SWARM-A  19.778  53.621
2015-03-17T00:14:00Z  462.871  55.593  -64.421  9.55279E-16  SWARM-A  19.795  55.545
2015-03-17T00:14:30Z  463.265  57.505  -64.256  9.53755E-16  SWARM-A  19.815  57.469
2015-03-17T00:15:00Z  463.651  59.416  -64.058  9.51479E-16  SWARM-A  19.836  59.393
2015-03-17T00:15:30Z  464.026  61.326  -63.822  9.48478E-16  SWARM-A  19.860  61.317
2015-03-17T00:16:00Z  464.388  63.234  -63.540  9.44807E-16  SWARM-A  19.888  63.242
2015-03-17T00:16:30Z  464.735  65.140  -63.199  9.40612E-16  SWARM-A  19.919  65.166
2015-03-17T00:17:00Z  465.064  67.044  -62.787  9.36077E-16  SWARM-A  19.954  67.090
2015-03-17T00:17:30Z  465.374  68.945  -62.284  9.31234E-16  SWARM-A  19.996  69.015
2015-03-17T00:18:00Z  465.664  70.843  -61.662  9.26182E-16  SWARM-A  20.046  70.939
2015-03-17T00:18:30Z  465.930  72.737  -60.883  9.20993E-16  SWARM-A  20.106  72.863
2015-03-17T00:19:00Z  466.173  74.625  -59.889  9.15713E-16  SWARM-A  20.181  74.788
2015-03-17T00:19:30Z  466.391  76.506  -58.591  9.10181E-16  SWARM-A  20.276  76.712
2015-03-17T00:20:00Z  466.581  78.376  -56.844  9.04707E-16  SWARM-A  20.401  78.637
2015-03-17T00:20:30Z  466.744  80.230  -54.394  8.98942E-16  SWARM-A  20.572  80.562
2015-03-17T00:21:00Z  466.879  82.054  -50.765  8.93294E-16  SWARM-A  20.823  82.486
2015-03-17T00:21:30Z  466.984  83.825  -44.961  8.87395E-16  SWARM-A  21.218  84.411
2015-03-17T00:22:00Z  467.059  85.480  -34.648  8.81675E-16  SWARM-A  21.914  86.335
2015-03-17T00:22:30Z  467.104  86.830  -14.140  8.75934E-16  SWARM-A  23.289  88.260
2015-03-17T00:23:00Z  467.118  87.358  22.785  8.70077E-16  SWARM-A  1.759  90.185
2015-03-17T00:23:30Z  467.102  86.651  57.430  8.63410E-16  SWARM-A  4.077  92.109
2015-03-17T00:24:00Z  467.055  85.228  75.724  8.56813E-16  SWARM-A  5.305  94.034
2015-03-17T00:24:30Z  466.978  83.547  85.054  8.50405E-16  SWARM-A  5.935  95.958
2015-03-17T00:25:00Z  466.871  81.765  90.404  8.44248E-16  SWARM-A  6.300  97.883
2015-03-17T00:25:30Z  466.735  79.935  93.797  8.38235E-16  SWARM-A  6.535  99.807
2015-03-17T00:26:00Z  466.570  78.078  96.110  8.32413E-16  SWARM-A  6.698  101.732
2015-03-17T00:26:30Z  466.378  76.206  97.772  8.26670E-16  SWARM-A  6.817  103.657
2015-03-17T00:27:00Z  466.160  74.324  99.014  8.20838E-16  SWARM-A  6.908  105.581
2015-03-17T00:27:30Z  465.916  72.434  99.968  8.15013E-16  SWARM-A  6.980  107.506
2015-03-17T00:28:00Z  465.649  70.540  100.719  8.09155E-16  SWARM-A  7.038  109.430
2015-03-17T00:28:30Z  465.360  68.641  101.320  8.03316E-16  SWARM-A  7.087  111.354
2015-03-17T00:29:00Z  465.050  66.740  101.807  7.97513E-16  SWARM-A  7.127  113.279
2015-03-17T00:29:30Z  464.721  64.836  102.206  7.91841E-16  SWARM-A  7.162  115.203
2015-03-17T00:30:00Z  464.375  62.929  102.537  7.86422E-16  SWARM-A  7.193  117.127
2015-03-17T00:30:30Z  464.015  61.021  102.811  7.81341E-16  SWARM-A  7.219  119.051
2015-03-17T00:31:00Z  463.641  59.111  103.041  7.76509E-16  SWARM-A  7.243  120.976
2015-03-17T00:31:30Z  463.257  57.200  103.232  7.71927E-16  SWARM-A  7.264  122.900
2015-03-17T00:32:00Z  462.865  55.287  103.393  7.66973E-16  SWARM-A  7.283  124.824
2015-03-17T00:32:30Z  462.466  53.373  103.528  7.61868E-16  SWARM-A  7.300  126.748
2015-03-17T00:33:00Z  462.064  51.457  103.640  7.56906E-16  SWARM-A  7.316  128.671
2015-03-17T00:33:30Z  461.661  49.541  103.733  7.52055E-16  SWARM-A  7.331  130.595
2015-03-17T00:34:00Z  461.259  47.623  103.810  7.47325E-16  SWARM-A  7.344  132.519
2015-03-17T00:34:30Z  460.861  45.705  103.872  7.42647E-16  SWARM-A  7.357  134.442
2015-03-17T00:35:00Z  460.469  43.785  103.922  7.38056E-16  SWARM-A  7.368  136.366
2015-03-17T00:35:30Z  460.087  41.865  103.962  7.33425E-16  SWARM-A  7.379  138.289
2015-03-17T00:36:00Z  459.715  39.943  103.991  7.28839E-16  SWARM-A  7.390  140.213
2015-03-17T00:36:30Z  459.357  38.021  104.013  7.24719E-16  SWARM-A  7.399  142.136
2015-03-17T00:37:00Z  459.015  36.098  104.026  7.20777E-16  SWARM-A  7.409  144.059
2015-03-17T00:37:30Z  458.692  34.174  104.033  7.16857E-16  SWARM-A  7.417  145.982
2015-03-17T00:38:00Z  458.389  32.249  104.035  7.12928E-16  SWARM-A  7.426  147.905
2015-03-17T00:38:30Z  458.110  30.323  104.031  7.09024E-16  SWARM-A  7.434  149.828
2015-03-17T00:39:00Z  457.856  28.397  104.022  7.05148E-16  SWARM-A  7.442  151.750
2015-03-17T00:39:30Z  457.629  26.470  104.009  7.01323E-16  SWARM-A  7.449  153.673
2015-03-17T00:40:00Z  457.431  24.543  103.993  6.97576E-16  SWARM-A  7.456  155.595
2015-03-17T00:40:30Z  457.264  22.615  103.973  6.93808E-16  SWARM-A  7.463  157.518
2015-03-17T00:41:00Z  457.130  20.686  103.951  6.89455E-16  SWARM-A  7.470  159.440
2015-03-17T00:41:30Z  457.030  18.757  103.926  6.85284E-16  SWARM-A  7.477  161.362
2015-03-17T00:42:00Z  456.966  16.828  103.898  6.81313E-16  SWARM-A  7.483  163.284
2015-03-17T00:42:30Z  456.939  14.898  103.869  6.77568E-16  SWARM-A  7.490  165.205
2015-03-17T00:43:00Z  456.950  12.968  103.838  6.74038E-16  SWARM-A  7.496  167.127
2015-03-17T00:43:30Z  457.000  11.038  103.805  6.70780E-16  SWARM-A  7.502  169.048
2015-03-17T00:44:00Z  457.090  9.107  103.772  6.67716E-16  SWARM-A  7.508  170.970
2015-03-17T00:44:30Z  457.220  7.177  103.737  6.64927E-16  SWARM-A  7.514  172.891
2015-03-17T00:45:00Z  457.391  5.246  103.701  6.62347E-16  SWARM-A  7.520  174.812
2015-03-17T00:45:30Z  457.603  3.315  103.665  6.59714E-16  SWARM-A  7.526  176.732
2015-03-17T00:46:00Z  457.856  1.385  103.629  6.57193E-16  SWARM-A  7.532  178.653
2015-03-17T00:46:30Z  458.150  -0.546  103.593  6.54773E-16  SWARM-A  7.538  180.573
2015-03-17T00:47:00Z  458.485  -2.476  103.556  6.52470E-16  SWARM-A  7.544  182.494
2015-03-17T00:47:30Z  458.860  -4.406  103.520  6.50117E-16  SWARM-A  7.550  184.414
2015-03-17T00:48:00Z  459.274  -6.336  103.484  6.47814E-16  SWARM-A  7.556  186.334
2015-03-17T00:48:30Z  459.726  -8.265  103.449  6.45405E-16  SWARM-A  7.562  188.253
2015-03-17T00:49:00Z  460.217  -10.194  103.415  6.42917E-16  SWARM-A  7.568  190.173
2015-03-17T00:49:30Z  460.743  -12.122  103.382  6.40332E-16  SWARM-A  7.574  192.092
2015-03-17T00:50:00Z  461.305  -14.050  103.350  6.37631E-16  SWARM-A  7.580  194.012
2015-03-17T00:50:30Z  461.900  -15.977  103.320  6.34835E-16  SWARM-A  7.587  195.931
2015-03-17T00:51:00Z  462.528  -17.904  103.291  6.31961E-16  SWARM-A  7.593  197.849
2015-03-17T00:51:30Z  463.185  -19.830  103.265  6.29003E-16  SWARM-A  7.600  199.768
2015-03-17T00:52:00Z  463.870  -21.755  103.241  6.25975E-16  SWARM-A  7.606  201.687
2015-03-17T00:52:30Z  464.581  -23.679  103.220  6.22977E-16  SWARM-A  7.613  203.605
2015-03-17T00:53:00Z  465.315  -25.603  103.202  6.20076E-16  SWARM-A  7.620  205.523
2015-03-17T00:53:30Z  466.070  -27.525  103.187  6.17280E-16  SWARM-A  7.628  207.441
2015-03-17T00:54:00Z  466.845  -29.447  103.176  6.14603E-16  SWARM-A  7.635  209.359
2015-03-17T00:54:30Z  467.635  -31.368  103.170  6.12099E-16  SWARM-A  7.643  211.276
2015-03-17T00:55:00Z  468.438  -33.287  103.168  6.09785E-16  SWARM-A  7.652  213.194
2015-03-17T00:55:30Z  469.253  -35.206  103.172  6.07685E-16  SWARM-A  7.660  215.111
2015-03-17T00:56:00Z  470.075  -37.124  103.183  6.05823E-16  SWARM-A  7.669  217.028
2015-03-17T00:56:30Z  470.901  -39.040  103.200  6.04213E-16  SWARM-A  7.679  218.945
2015-03-17T00:57:00Z  471.730  -40.956  103.225  6.02877E-16  SWARM-A  7.689  220.862
2015-03-17T00:57:30Z  472.558  -42.870  103.259  6.01921E-16  SWARM-A  7.699  222.779
2015-03-17T00:58:00Z  473.382  -44.783  103.303  6.01394E-16  SWARM-A  7.711  224.695
2015-03-17T00:58:30Z  474.198  -46.695  103.359  6.01284E-16  SWARM-A  7.723  226.611
2015-03-17T00:59:00Z  475.005  -48.605  103.428  6.01567E-16  SWARM-A  7.736  228.527
2015-03-17T00:59:30Z  475.799  -50.515  103.512  6.02087E-16  SWARM-A  7.749  230.444
2015-03-17T01:00:00Z  476.578  -52.423  103.613  6.02641E-16  SWARM-A  7.765  232.359
2015-03-17T01:00:30Z  477.338  -54.329  103.736  6.03208E-16  SWARM-A  7.781  234.275
2015-03-17T01:01:00Z  478.076  -56.234  103.881  6.03787E-16  SWARM-A  7.799  236.191
2015-03-17T01:01:30Z  478.790  -58.138  104.056  6.04563E-16  SWARM-A  7.819  238.106
2015-03-17T01:02:00Z  479.478  -60.040  104.264  6.05619E-16  SWARM-A  7.841  240.022
2015-03-17T01:02:30Z  480.136  -61.940  104.512  6.06831E-16  SWARM-A  7.866  241.937
2015-03-17T01:03:00Z  480.763  -63.839  104.810  6.08536E-16  SWARM-A  7.894  243.852
2015-03-17T01:03:30Z  481.356  -65.735  105.169  6.10554E-16  SWARM-A  7.927  245.767
2015-03-17T01:04:00Z  481.913  -67.629  105.605  6.12884E-16  SWARM-A  7.964  247.682
2015-03-17T01:04:30Z  482.431  -69.520  106.138  6.15410E-16  SWARM-A  8.008  249.597
2015-03-17T01:05:00Z  482.910  -71.407  106.799  6.18113E-16  SWARM-A  8.060  251.512
2015-03-17T01:05:30Z  483.346  -73.290  107.630  6.20867E-16  SWARM-A  8.124  253.427
2015-03-17T01:06:00Z  483.739  -75.167  108.696  6.23575E-16  SWARM-A  8.203  255.342
2015-03-17T01:06:30Z  484.087  -77.036  110.096  6.26111E-16  SWARM-A  8.305  257.256
2015-03-17T01:07:00Z  484.389  -78.892  111.998  6.28555E-16  SWARM-A  8.440  259.171
2015-03-17T01:07:30Z  484.643  -80.729  114.696  6.30889E-16  SWARM-A  8.628  261.085
2015-03-17T01:08:00Z  484.849  -82.533  118.759  6.33223E-16  SWARM-A  8.908  263.000
2015-03-17T01:08:30Z  485.006  -84.273  125.403  6.35401E-16  SWARM-A  9.359  264.914
2015-03-17T01:09:00Z  485.113  -85.867  137.549  6.37832E-16  SWARM-A  10.177  266.829
2015-03-17T01:09:30Z  485.170  -87.068  161.917  6.40537E-16  SWARM-A  11.810  268.743
2015-03-17T01:10:00Z  485.176  -87.289  -159.033  6.43659E-16  SWARM-A  14.421  270.658
2015-03-17T01:10:30Z  485.133  -86.348  -128.675  6.46327E-16  SWARM-A  16.454  272.572
2015-03-17T01:11:00Z  485.039  -84.846  -113.306  6.48874E-16  SWARM-A  17.487  274.487
2015-03-17T01:11:30Z  484.895  -83.143  -105.238  6.51450E-16  SWARM-A  18.033  276.401
2015-03-17T01:12:00Z  484.702  -81.356  -100.476  6.54087E-16  SWARM-A  18.359  278.316
2015-03-17T01:12:30Z  484.461  -79.528  -97.393  6.56538E-16  SWARM-A  18.572  280.230
2015-03-17T01:13:00Z  484.171  -77.677  -95.260  6.58975E-16  SWARM-A  18.723  282.145
2015-03-17T01:13:30Z  483.835  -75.812  -93.709  6.61046E-16  SWARM-A  18.835  284.059
2015-03-17T01:14:00Z  483.454  -73.938  -92.542  6.63175E-16  SWARM-A  18.921  285.974
2015-03-17T01:14:30Z  483.029  -72.057  -91.639  6.65416E-16  SWARM-A  18.989  287.889
2015-03-17T01:15:00Z  482.561  -70.171  -90.925  6.67936E-16  SWARM-A  19.045  289.804
2015-03-17T01:15:30Z  482.052  -68.281  -90.352  6.70832E-16  SWARM-A  19.092  291.719
2015-03-17T01:16:00Z  481.505  -66.388  -89.885  6.74057E-16  SWARM-A  19.131  293.634
2015-03-17T01:16:30Z  480.920  -64.493  -89.502  6.77600E-16  SWARM-A  19.165  295.549
2015-03-17T01:17:00Z  480.302  -62.595  -89.184  6.81423E-16  SWARM-A  19.195  297.464
2015-03-17T01:17:30Z  479.650  -60.695  -88.920  6.85583E-16  SWARM-A  19.221  299.379
2015-03-17T01:18:00Z  478.969  -58.794  -88.699  6.89710E-16  SWARM-A  19.244  301.295
2015-03-17T01:18:30Z  478.260  -56.891  -88.514  6.94219E-16  SWARM-A  19.264  303.210
2015-03-17T01:19:00Z  477.527  -54.986  -88.358  6.99122E-16  SWARM-A  19.283  305.126
2015-03-17T01:19:30Z  476.771  -53.080  -88.229  7.04510E-16  SWARM-A  19.300  307.042
2015-03-17T01:20:00Z  475.996  -51.172  -88.120  7.10452E-16  SWARM-A  19.316  308.957
2015-03-17T01:20:30Z  475.204  -49.263  -88.030  7.16936E-16  SWARM-A  19.330  310.873
2015-03-17T01:21:00Z  474.398  -47.353  -87.956  7.24053E-16  SWARM-A  19.343  312.790
2015-03-17T01:21:30Z  473.582  -45.442  -87.896  7.31791E-16  SWARM-A  19.356  314.706
2015-03-17T01:22:00Z  472.757  -43.529  -87.849  7.40163E-16  SWARM-A  19.367  316.622
2015-03-17T01:22:30Z  471.928  -41.615  -87.811  7.49164E-16  SWARM-A  19.378  318.539
2015-03-17T01:23:00Z  471.097  -39.700  -87.783  7.58565E-16  SWARM-A  19.388  320.456
2015-03-17T01:23:30Z  470.266  -37.784  -87.763  7.67989E-16  SWARM-A  19.398  322.373
2015-03-17T01:24:00Z  469.440  -35.867  -87.751  7.77941E-16  SWARM-A  19.407  324.290
2015-03-17T01:24:30Z  468.620  -33.948  -87.745  7.88431E-16  SWARM-A  19.416  326.207
2015-03-17T01:25:00Z  467.810  -32.029  -87.744  7.99399E-16  SWARM-A  19.424  328.125
2015-03-17T01:25:30Z  467.013  -30.108  -87.749  8.10840E-16  SWARM-A  19.432  330.042
2015-03-17T01:26:00Z  466.230  -28.187  -87.758  8.22672E-16  SWARM-A  19.440  331.960
2015-03-17T01:26:30Z  465.465  -26.265  -87.772  8.34875E-16  SWARM-A  19.447  333.878
2015-03-17T01:27:00Z  464.721  -24.341  -87.789  8.47332E-16  SWARM-A  19.455  335.796
2015-03-17T01:27:30Z  463.999  -22.417  -87.809  8.59870E-16  SWARM-A  19.462  337.714
2015-03-17T01:28:00Z  463.303  -20.492  -87.832  8.73392E-16  SWARM-A  19.468  339.633
2015-03-17T01:28:30Z  462.633  -18.567  -87.857  8.86807E-16  SWARM-A  19.475  341.552
2015-03-17T01:29:00Z  461.993  -16.640  -87.885  9.00460E-16  SWARM-A  19.481  343.470
2015-03-17T01:29:30Z  461.384  -14.713  -87.915  9.14082E-16  SWARM-A  19.488  345.389
2015-03-17T01:30:00Z  460.809  -12.785  -87.946  9.27525E-16  SWARM-A  19.494  347.309
2015-03-17T01:30:30Z  460.268  -10.857  -87.979  9.40699E-16  SWARM-A  19.500  349.228
2015-03-17T01:31:00Z  459.763  -8.928  -88.013  9.53445E-16  SWARM-A  19.506  351.148
2015-03-17T01:31:30Z  459.295  -6.999  -88.047  9.65810E-16  SWARM-A  19.512  353.067
2015-03-17T01:32:00Z  458.866  -5.069  -88.083  9.77541E-16  SWARM-A  19.518  354.987
2015-03-17T01:32:30Z  458.477  -3.139  -88.119  9.88646E-16  SWARM-A  19.524  356.907
2015-03-17T01:33:00Z  458.127  -1.209  -88.155  9.99212E-16  SWARM-A  19.530  358.828
2015-03-17T01:33:30Z  457.819  0.721  -88.192  1.00840E-15  SWARM-A  19.536  0.748
2015-03-17T01:34:00Z  457.551  2.652  -88.228  1.01543E-15  SWARM-A  19.542  2.669
2015-03-17T01:34:30Z  457.325  4.583  -88.264  1.02248E-15  SWARM-A  19.548  4.590
2015-03-17T01:35:00Z  457.140  6.513  -88.300  1.02857E-15  SWARM-A  19.554  6.511
2015-03-17T01:35:30Z  456.995  8.444  -88.335  1.03371E-15  SWARM-A  19.560  8.432
2015-03-17T01:36:00Z  456.892  10.375  -88.369  1.03803E-15  SWARM-A  19.566  10.353
2015-03-17T01:36:30Z  456.829  12.305  -88.402  1.04148E-15  SWARM-A  19.572  12.274
2015-03-17T01:37:00Z  456.805  14.235  -88.433  1.04418E-15  SWARM-A  19.578  14.196
2015-03-17T01:37:30Z  456.819  16.165  -88.463  1.04622E-15  SWARM-A  19.585  16.118
2015-03-17T01:38:00Z  456.871  18.095  -88.491  1.04753E-15  SWARM-A  19.591  18.040
2015-03-17T01:38:30Z  456.960  20.024  -88.517  1.04821E-15  SWARM-A  19.598  19.962
2015-03-17T01:39:00Z  457.083  21.953  -88.541  1.04826E-15  SWARM-A  19.604  21.884
2015-03-17T01:39:30Z  457.239  23.881  -88.561  1.04775E-15  SWARM-A  19.611  23.806
2015-03-17T01:40:00Z  457.428  25.809  -88.579  1.04667E-15  SWARM-A  19.619  25.728
2015-03-17T01:40:30Z  457.646  27.736  -88.593  1.04509E-15  SWARM-A  19.626  27.651
2015-03-17T01:41:00Z  457.892  29.663  -88.603  1.04294E-15  SWARM-A  19.634  29.574
2015-03-17T01:41:30Z  458.164  31.588  -88.608  1.04011E-15  SWARM-A  19.642  31.497
2015-03-17T01:42:00Z  458.460  33.514  -88.609  1.03683E-15  SWARM-A  19.650  33.420
2015-03-17T01:42:30Z  458.778  35.438  -88.604  1.03310E-15  SWARM-A  19.659  35.343
2015-03-17T01:43:00Z  459.115  37.361  -88.592  1.02892E-15  SWARM-A  19.668  37.266
2015-03-17T01:43:30Z  459.470  39.284  -88.574  1.02434E-15  SWARM-A  19.677  39.189
2015-03-17T01:44:00Z  459.839  41.206  -88.547  1.01936E-15  SWARM-A  19.687  41.112
2015-03-17T01:44:30Z  460.220  43.127  -88.511  1.01411E-15  SWARM-A  19.698  43.036
2015-03-17T01:45:00Z  460.611  45.047  -88.465  1.00869E-15  SWARM-A  19.709  44.959
2015-03-17T01:45:30Z  461.009  46.966  -88.407  1.00317E-15  SWARM-A  19.722  46.883
2015-03-17T01:46:00Z  461.412  48.884  -88.335  9.97521E-16  SWARM-A  19.735  48.807
2015-03-17T01:46:30Z  461.817  50.801  -88.247  9.91579E-16  SWARM-A  19.749  50.731
2015-03-17T01:47:00Z  462.222  52.717  -88.142  9.85166E-16  SWARM-A  19.764  52.654
2015-03-17T01:47:30Z  462.624  54.631  -88.015  9.78025E-16  SWARM-A  19.781  54.578
2015-03-17T01:48:00Z  463.021  56.544  -87.864  9.70182E-16  SWARM-A  19.800  56.502
2015-03-17T01:48:30Z  463.411  58.456  -87.683  9.61708E-16  SWARM-A  19.820  58.427
2015-03-17T01:49:00Z  463.791  60.367  -87.467  9.52944E-16  SWARM-A  19.843  60.351
2015-03-17T01:49:30Z  464.160  62.276  -87.209  9.43781E-16  SWARM-A  19.868  62.275
2015-03-17T01:50:00Z  464.515  64.183  -86.899  9.34742E-16  SWARM-A  19.897  64.199
2015-03-17T01:50:30Z  464.853  66.088  -86.524  9.25817E-16  SWARM-A  19.931  66.124
2015-03-17T01:51:00Z  465.174  67.990  -86.069  9.17211E-16  SWARM-A  19.969  68.048
2015-03-17T01:51:30Z  465.475  69.890  -85.510  9.08903E-16  SWARM-A  20.015  69.972
2015-03-17T01:52:00Z  465.754  71.786  -84.815  9.00928E-16  SWARM-A  20.069  71.897
2015-03-17T01:52:30Z  466.010  73.677  -83.937  8.93437E-16  SWARM-A  20.136  73.821
2015-03-17T01:53:00Z  466.242  75.562  -82.805  8.86058E-16  SWARM-A  20.220  75.746
2015-03-17T01:53:30Z  466.447  77.439  -81.306  8.78839E-16  SWARM-A  20.328  77.670
2015-03-17T01:54:00Z  466.626  79.301  -79.249  8.71865E-16  SWARM-A  20.474  79.595
2015-03-17T01:54:30Z  466.777  81.142  -76.292  8.64987E-16  SWARM-A  20.679  81.520
2015-03-17T01:55:00Z  466.898  82.944  -71.756  8.58092E-16  SWARM-A  20.990  83.444
2015-03-17T01:55:30Z  466.991  84.670  -64.141  8.51304E-16  SWARM-A  21.506  85.369
2015-03-17T01:56:00Z  467.053  86.211  -49.770  8.44516E-16  SWARM-A  22.473  87.293
2015-03-17T01:56:30Z  467.085  87.240  -21.015  8.37714E-16  SWARM-A  0.398  89.218
2015-03-17T01:57:00Z  467.086  87.139  18.611  8.30283E-16  SWARM-A  3.048  91.143
2015-03-17T01:57:30Z  467.056  85.992  44.620  8.22553E-16  SWARM-A  4.790  93.067
2015-03-17T01:58:00Z  466.997  84.409  57.537  8.14997E-16  SWARM-A  5.660  94.992
2015-03-17T01:58:30Z  466.907  82.668  64.512  8.07613E-16  SWARM-A  6.133  96.917
2015-03-17T01:59:00Z  466.788  80.857  68.733  8.00504E-16  SWARM-A  6.423  98.841
2015-03-17T01:59:30Z  466.640  79.012  71.517  7.93486E-16  SWARM-A  6.617  100.766
2015-03-17T02:00:00Z  466.464  77.147  73.470  7.86608E-16  SWARM-A  6.755  102.690
2015-03-17T02:00:30Z  466.261  75.270  74.902  7.79802E-16  SWARM-A  6.859  104.615
2015-03-17T02:01:00Z  466.033  73.384  75.989  7.72986E-16  SWARM-A  6.940  106.539
2015-03-17T02:01:30Z  465.780  71.491  76.834  7.66239E-16  SWARM-A  7.004  108.464
2015-03-17T02:02:00Z  465.504  69.595  77.505  7.59348E-16  SWARM-A  7.058  110.388
2015-03-17T02:02:30Z  465.207  67.695  78.046  7.52492E-16  SWARM-A  7.102  112.313
2015-03-17T02:03:00Z  464.890  65.792  78.487  7.45694E-16  SWARM-A  7.140  114.237
2015-03-17T02:03:30Z  464.555  63.886  78.851  7.38559E-16  SWARM-A  7.172  116.161
2015-03-17T02:04:00Z  464.205  61.979  79.152  7.31787E-16  SWARM-A  7.201  118.085
2015-03-17T02:04:30Z  463.840  60.070  79.403  7.25432E-16  SWARM-A  7.226  120.009
2015-03-17T02:05:00Z  463.464  58.159  79.613  7.19592E-16  SWARM-A  7.248  121.934
2015-03-17T02:05:30Z  463.078  56.247  79.789  7.14130E-16  SWARM-A  7.268  123.858
2015-03-17T02:06:00Z  462.685  54.334  79.937  7.09133E-16  SWARM-A  7.286  125.782
2015-03-17T02:06:30Z  462.287  52.419  80.060  7.04478E-16  SWARM-A  7.303  127.705
2015-03-17T02:07:00Z  461.887  50.503  80.162  7.00214E-16  SWARM-A  7.318  129.629
2015-03-17T02:07:30Z  461.487  48.586  80.247  6.96281E-16  SWARM-A  7.332  131.553
2015-03-17T02:08:00Z  461.089  46.668  80.317  6.92674E-16  SWARM-A  7.345  133.477
2015-03-17T02:08:30Z  460.696  44.749  80.373  6.89371E-16  SWARM-A  7.357  135.400
2015-03-17T02:09:00Z  460.311  42.829  80.417  6.86794E-16  SWARM-A  7.368  137.324
2015-03-17T02:09:30Z  459.936  40.908  80.452  6.84412E-16  SWARM-A  7.379  139.247
2015-03-17T02:10:00Z  459.573  38.986  80.477  6.82229E-16  SWARM-A  7.389  141.170
2015-03-17T02:10:30Z  459.225  37.063  80.495  6.80190E-16  SWARM-A  7.399  143.093
2015-03-17T02:11:00Z  458.895  35.140  80.505  6.78287E-16  SWARM-A  7.408  145.017
2015-03-17T02:11:30Z  458.584  33.215  80.509  6.76468E-16  SWARM-A  7.416  146.939
2015-03-17T02:12:00Z  458.294  31.290  80.508  6.74743E-16  SWARM-A  7.424  148.862
2015-03-17T02:12:30Z  458.029  29.364  80.502  6.73044E-16  SWARM-A  7.432  150.785
2015-03-17T02:13:00Z  457.789  27.438  80.491  6.71402E-16  SWARM-A  7.440  152.708
2015-03-17T02:13:30Z  457.578  25.511  80.476  6.69806E-16  SWARM-A  7.447  154.630
2015-03-17T02:14:00Z  457.397  23.583  80.458  6.67874E-16  SWARM-A  7.454  156.552
2015-03-17T02:14:30Z  457.248  21.655  80.437  6.65670E-16  SWARM-A  7.461  158.474
2015-03-17T02:15:00Z  457.132  19.726  80.413  6.63509E-16  SWARM-A  7.468  160.396
2015-03-17T02:15:30Z  457.051  17.797  80.387  6.61418E-16  SWARM-A  7.475  162.318
2015-03-17T02:16:00Z  457.007  15.867  80.359  6.59408E-16  SWARM-A  7.481  164.240
2015-03-17T02:16:30Z  457.000  13.937  80.329  6.57475E-16  SWARM-A  7.487  166.162
2015-03-17T02:17:00Z  457.032  12.007  80.297  6.55625E-16  SWARM-A  7.494  168.083
2015-03-17T02:17:30Z  457.104  10.077  80.264  6.53932E-16  SWARM-A  7.500  170.004
2015-03-17T02:18:00Z  457.216  8.147  80.230  6.52073E-16  SWARM-A  7.506  171.925
2015-03-17T02:18:30Z  457.368  6.216  80.194  6.50346E-16  SWARM-A  7.512  173.846
2015-03-17T02:19:00Z  457.562  4.285  80.159  6.48767E-16  SWARM-A  7.518  175.767
2015-03-17T02:19:30Z  457.797  2.355  80.123  6.47229E-16  SWARM-A  7.524  177.688
2015-03-17T02:20:00Z  458.074  0.424  80.086  6.45497E-16  SWARM-A  7.530  179.608
2015-03-17T02:20:30Z  458.391  -1.506  80.050  6.43670E-16  SWARM-A  7.536  181.529
2015-03-17T02:21:00Z  458.749  -3.436  80.013  6.41834E-16  SWARM-A  7.541  183.449
2015-03-17T02:21:30Z  459.147  -5.366  79.977  6.39861E-16  SWARM-A  7.547  185.369
2015-03-17T02:22:00Z  459.585  -7.295  79.942  6.37833E-16  SWARM-A  7.553  187.288
2015-03-17T02:22:30Z  460.061  -9.224  79.907  6.35679E-16  SWARM-A  7.559  189.208
2015-03-17T02:23:00Z  460.573  -11.153  79.874  6.33308E-16  SWARM-A  7.566  191.127
2015-03-17T02:23:30Z  461.122  -13.081  79.841  6.30978E-16  SWARM-A  7.572  193.047
2015-03-17T02:24:00Z  461.705  -15.008  79.810  6.28487E-16  SWARM-A  7.578  194.966
2015-03-17T02:24:30Z  462.320  -16.935  79.781  6.25887E-16  SWARM-A  7.584  196.885
2015-03-17T02:25:00Z  462.966  -18.861  79.753  6.23204E-16  SWARM-A  7.591  198.803
2015-03-17T02:25:30Z  463.641  -20.787  79.728  6.20384E-16  SWARM-A  7.597  200.722
2015-03-17T02:26:00Z  464.343  -22.711  79.705  6.17551E-16  SWARM-A  7.604  202.640
2015-03-17T02:26:30Z  465.069  -24.635  79.686  6.14703E-16  SWARM-A  7.611  204.558
2015-03-17T02:27:00Z  465.818  -26.558  79.669  6.11882E-16  SWARM-A  7.619  206.476
2015-03-17T02:27:30Z  466.586  -28.480  79.657  6.09104E-16  SWARM-A  7.626  208.394
2015-03-17T02:28:00Z  467.371  -30.401  79.648  6.06409E-16  SWARM-A  7.634  210.312
2015-03-17T02:28:30Z  468.170  -32.322  79.644  6.03813E-16  SWARM-A  7.642  212.229
2015-03-17T02:29:00Z  468.982  -34.241  79.645  6.01319E-16  SWARM-A  7.650  214.146
2015-03-17T02:29:30Z  469.802  -36.159  79.652  5.98964E-16  SWARM-A  7.659  216.063
2015-03-17T02:30:00Z  470.628  -38.076  79.666  5.96698E-16  SWARM-A  7.668  217.980
2015-03-17T02:30:30Z  471.457  -39.992  79.687  5.94569E-16  SWARM-A  7.678  219.897
2015-03-17T02:31:00Z  472.286  -41.906  79.716  5.92591E-16  SWARM-A  7.688  221.814
2015-03-17T02:31:30Z  473.113  -43.820  79.755  5.90789E-16  SWARM-A  7.699  223.730
2015-03-17T02:32:00Z  473.933  -45.732  79.805  5.89237E-16  SWARM-A  7.711  225.647
2015-03-17T02:32:30Z  474.746  -47.644  79.867  5.87942E-16  SWARM-A  7.723  227.563
2015-03-17T02:33:00Z  475.546  -49.553  79.943  5.86886E-16  SWARM-A  7.737  229.479
2015-03-17T02:33:30Z  476.332  -51.462  80.035  5.86092E-16  SWARM-A  7.751  231.395
2015-03-17T02:34:00Z  477.101  -53.369  80.147  5.85485E-16  SWARM-A  7.767  233.310
2015-03-17T02:34:30Z  477.849  -55.275  80.280  5.84998E-16  SWARM-A  7.784  235.226
2015-03-17T02:35:00Z  478.574  -57.179  80.440  5.84581E-16  SWARM-A  7.803  237.142
2015-03-17T02:35:30Z  479.274  -59.082  80.630  5.84183E-16  SWARM-A  7.824  239.057
2015-03-17T02:36:00Z  479.946  -60.983  80.857  5.84258E-16  SWARM-A  7.848  240.972
2015-03-17T02:36:30Z  480.586  -62.883  81.129  5.84370E-16  SWARM-A  7.874  242.887
2015-03-17T02:37:00Z  481.194  -64.780  81.455  5.84931E-16  SWARM-A  7.904  244.803
2015-03-17T02:37:30Z  481.767  -66.675  81.850  5.85822E-16  SWARM-A  7.939  246.717
2015-03-17T02:38:00Z  482.302  -68.567  82.331  5.87102E-16  SWARM-A  7.979  248.632
2015-03-17T02:38:30Z  482.798  -70.457  82.923  5.88681E-16  SWARM-A  8.027  250.547
2015-03-17T02:39:00Z  483.252  -72.342  83.662  5.90642E-16  SWARM-A  8.085  252.462
2015-03-17T02:39:30Z  483.664  -74.222  84.600  5.92772E-16  SWARM-A  8.156  254.377
2015-03-17T02:40:00Z  484.031  -76.095  85.816  5.95074E-16  SWARM-A  8.245  256.291
2015-03-17T02:40:30Z  484.352  -77.958  87.438  5.97446E-16  SWARM-A  8.362  258.206
2015-03-17T02:41:00Z  484.626  -79.806  89.686  6.00037E-16  SWARM-A  8.520  260.120
2015-03-17T02:41:30Z  484.852  -81.629  92.963  6.02623E-16  SWARM-A  8.747  262.035
2015-03-17T02:42:00Z  485.029  -83.407  98.085  6.05309E-16  SWARM-A  9.096  263.949
2015-03-17T02:42:30Z  485.157  -85.091  106.910  6.08180E-16  SWARM-A  9.693  265.864
2015-03-17T02:43:00Z  485.234  -86.540  124.000  6.11545E-16  SWARM-A  10.841  267.778
2015-03-17T02:43:30Z  485.262  -87.340  156.950  6.15396E-16  SWARM-A  13.046  269.692
2015-03-17T02:44:00Z  485.238  -86.932  -165.202  6.19070E-16  SWARM-A  15.577  271.607
2015-03-17T02:44:30Z  485.164  -85.642  -143.254  6.22937E-16  SWARM-A  17.049  273.521
2015-03-17T02:45:00Z  485.041  -84.017  -132.252  6.26802E-16  SWARM-A  17.791  275.436
2015-03-17T02:45:30Z  484.867  -82.264  -126.123  6.31098E-16  SWARM-A  18.208  277.350
2015-03-17T02:46:00Z  484.645  -80.454  -122.321  6.35605E-16  SWARM-A  18.469  279.265
2015-03-17T02:46:30Z  484.374  -78.613  -119.770  6.39844E-16  SWARM-A  18.648  281.179
2015-03-17T02:47:00Z  484.056  -76.754  -117.959  6.45418E-16  SWARM-A  18.777  283.094
2015-03-17T02:47:30Z  483.692  -74.884  -116.617  6.50345E-16  SWARM-A  18.875  285.008
2015-03-17T02:48:00Z  483.283  -73.006  -115.592  6.55223E-16  SWARM-A  18.951  286.923
2015-03-17T02:48:30Z  482.831  -71.123  -114.790  6.60043E-16  SWARM-A  19.013  288.838
2015-03-17T02:49:00Z  482.337  -69.235  -114.151  6.65095E-16  SWARM-A  19.064  290.753
2015-03-17T02:49:30Z  481.803  -67.343  -113.634  6.70565E-16  SWARM-A  19.107  292.668
2015-03-17T02:50:00Z  481.232  -65.449  -113.211  6.76199E-16  SWARM-A  19.143  294.583
2015-03-17T02:50:30Z  480.625  -63.552  -112.862  6.82478E-16  SWARM-A  19.175  296.498
2015-03-17T02:51:00Z  479.984  -61.654  -112.572  6.89202E-16  SWARM-A  19.203  298.413
2015-03-17T02:51:30Z  479.313  -59.753  -112.331  6.96228E-16  SWARM-A  19.227  300.328
2015-03-17T02:52:00Z  478.612  -57.851  -112.128  7.03522E-16  SWARM-A  19.249  302.244
2015-03-17T02:52:30Z  477.885  -55.947  -111.958  7.11034E-16  SWARM-A  19.268  304.159
2015-03-17T02:53:00Z  477.135  -54.041  -111.816  7.18776E-16  SWARM-A  19.286  306.075
2015-03-17T02:53:30Z  476.364  -52.134  -111.697  7.26674E-16  SWARM-A  19.303  307.991
2015-03-17T02:54:00Z  475.575  -50.226  -111.599  7.34739E-16  SWARM-A  19.317  309.907
2015-03-17T02:54:30Z  474.770  -48.317  -111.517  7.42701E-16  SWARM-A  19.331  311.823
2015-03-17T02:55:00Z  473.954  -46.406  -111.450  7.50507E-16  SWARM-A  19.344  313.739
2015-03-17T02:55:30Z  473.128  -44.494  -111.396  7.58468E-16  SWARM-A  19.356  315.656
2015-03-17T02:56:00Z  472.295  -42.580  -111.354  7.66554E-16  SWARM-A  19.367  317.572
2015-03-17T02:56:30Z  471.460  -40.666  -111.321  7.74752E-16  SWARM-A  19.378  319.489
2015-03-17T02:57:00Z  470.623  -38.750  -111.297  7.83061E-16  SWARM-A  19.388  321.406
2015-03-17T02:57:30Z  469.790  -36.834  -111.281  7.91453E-16  SWARM-A  19.397  323.323
2015-03-17T02:58:00Z  468.961  -34.916  -111.272  7.99987E-16  SWARM-A  19.406  325.240
2015-03-17T02:58:30Z  468.141  -32.997  -111.269  8.08633E-16  SWARM-A  19.414  327.158
2015-03-17T02:59:00Z  467.332  -31.077  -111.271  8.17389E-16  SWARM-A  19.423  329.075
2015-03-17T02:59:30Z  466.537  -29.156  -111.278  8.26272E-16  SWARM-A  19.431  330.993
2015-03-17T03:00:00Z  465.759  -27.234  -111.290  8.35316E-16  SWARM-A  19.438  332.911
2015-03-17T03:00:30Z  464.999  -25.311  -111.305  8.44322E-16  SWARM-A  19.445  334.829
2015-03-17T03:01:00Z  464.261  -23.387  -111.323  8.53850E-16  SWARM-A  19.453  336.747
2015-03-17T03:01:30Z  463.548  -21.463  -111.345  8.63406E-16  SWARM-A  19.459  338.666
2015-03-17T03:02:00Z  462.860  -19.537  -111.369  8.72964E-16  SWARM-A  19.466  340.584
2015-03-17T03:02:30Z  462.201  -17.611  -111.396  8.82486E-16  SWARM-A  19.473  342.503
2015-03-17T03:03:00Z  461.572  -15.684  -111.425  8.91901E-16  SWARM-A  19.479  344.422
2015-03-17T03:03:30Z  460.975  -13.757  -111.455  9.01147E-16  SWARM-A  19.485  346.341
2015-03-17T03:04:00Z  460.413  -11.829  -111.487  9.10209E-16  SWARM-A  19.492  348.261
2015-03-17T03:04:30Z  459.886  -9.900  -111.521  9.19010E-16  SWARM-A  19.498  350.180
2015-03-17T03:05:00Z  459.395  -7.971  -111.555  9.27502E-16  SWARM-A  19.504  352.100
2015-03-17T03:05:30Z  458.943  -6.042  -111.590  9.35654E-16  SWARM-A  19.510  354.020
2015-03-17T03:06:00Z  458.530  -4.112  -111.626  9.43412E-16  SWARM-A  19.516  355.940
2015-03-17T03:06:30Z  458.157  -2.182  -111.662  9.50731E-16  SWARM-A  19.522  357.860
2015-03-17T03:07:00Z  457.825  -0.251  -111.699  9.57197E-16  SWARM-A  19.528  359.781
2015-03-17T03:07:30Z  457.533  1.680  -111.735  9.62722E-16  SWARM-A  19.533  1.701
2015-03-17T03:08:00Z  457.283  3.610  -111.771  9.67954E-16  SWARM-A  19.539  3.622
2015-03-17T03:08:30Z  457.075  5.541  -111.807  9.72878E-16  SWARM-A  19.545  5.543
2015-03-17T03:09:00Z  456.908  7.472  -111.843  9.77433E-16  SWARM-A  19.551  7.464
2015-03-17T03:09:30Z  456.782  9.403  -111.877  9.81659E-16  SWARM-A  19.557  9.386
2015-03-17T03:10:00Z  456.697  11.333  -111.911  9.85611E-16  SWARM-A  19.563  11.307
2015-03-17T03:10:30Z  456.652  13.264  -111.943  9.89339E-16  SWARM-A  19.570  13.229
2015-03-17T03:11:00Z  456.646  15.194  -111.974  9.92859E-16  SWARM-A  19.576  15.150
2015-03-17T03:11:30Z  456.679  17.124  -112.003  9.96135E-16  SWARM-A  19.582  17.072
2015-03-17T03:12:00Z  456.749  19.053  -112.030  9.99244E-16  SWARM-A  19.589  18.994
2015-03-17T03:12:30Z  456.855  20.982  -112.054  1.00219E-15  SWARM-A  19.595  20.916
2015-03-17T03:13:00Z  456.995  22.911  -112.076  1.00499E-15  SWARM-A  19.602  22.839
2015-03-17T03:13:30Z  457.168  24.839  -112.096  1.00764E-15  SWARM-A  19.609  24.761
2015-03-17T03:14:00Z  457.372  26.767  -112.111  1.01011E-15  SWARM-A  19.617  26.684
2015-03-17T03:14:30Z  457.605  28.693  -112.124  1.01244E-15  SWARM-A  19.624  28.606
2015-03-17T03:15:00Z  457.865  30.620  -112.131  1.01454E-15  SWARM-A  19.632  30.529
2015-03-17T03:15:30Z  458.151  32.545  -112.134  1.01641E-15  SWARM-A  19.640  32.452
2015-03-17T03:16:00Z  458.459  34.470  -112.132  1.01796E-15  SWARM-A  19.649  34.375
2015-03-17T03:16:30Z  458.789  36.394  -112.124  1.01911E-15  SWARM-A  19.658  36.299
2015-03-17T03:17:00Z  459.136  38.318  -112.109  1.01990E-15  SWARM-A  19.667  38.222
2015-03-17T03:17:30Z  459.500  40.240  -112.087  1.02046E-15  SWARM-A  19.677  40.145
2015-03-17T03:18:00Z  459.877  42.161  -112.055  1.02108E-15  SWARM-A  19.687  42.069
2015-03-17T03:18:30Z  460.265  44.082  -112.014  1.02208E-15  SWARM-A  19.698  43.992
2015-03-17T03:19:00Z  460.662  46.002  -111.962  1.02363E-15  SWARM-A  19.710  45.916
2015-03-17T03:19:30Z  461.065  47.920  -111.898  1.02545E-15  SWARM-A  19.723  47.840
2015-03-17T03:20:00Z  461.471  49.838  -111.819  1.02679E-15  SWARM-A  19.736  49.764
2015-03-17T03:20:30Z  461.879  51.754  -111.722  1.02661E-15  SWARM-A  19.751  51.688
2015-03-17T03:21:00Z  462.285  53.669  -111.607  1.02405E-15  SWARM-A  19.767  53.612
2015-03-17T03:21:30Z  462.687  55.583  -111.468  1.01873E-15  SWARM-A  19.785  55.536
2015-03-17T03:22:00Z  463.083  57.496  -111.303  1.01065E-15  SWARM-A  19.804  57.460
2015-03-17T03:22:30Z  463.471  59.407  -111.105  1.00022E-15  SWARM-A  19.825  59.384
2015-03-17T03:23:00Z  463.848  61.317  -110.869  9.88074E-16  SWARM-A  19.850  61.308
2015-03-17T03:23:30Z  464.212  63.225  -110.587  9.74929E-16  SWARM-A  19.877  63.233
2015-03-17T03:24:00Z  464.561  65.131  -110.246  9.61624E-16  SWARM-A  19.908  65.157
2015-03-17T03:24:30Z  464.893  67.035  -109.834  9.48582E-16  SWARM-A  19.944  67.082
2015-03-17T03:25:00Z  465.207  68.937  -109.331  9.36348E-16  SWARM-A  19.985  69.006
2015-03-17T03:25:30Z  465.500  70.835  -108.709  9.25289E-16  SWARM-A  20.035  70.930
2015-03-17T03:26:00Z  465.771  72.729  -107.930  9.15460E-16  SWARM-A  20.095  72.855
2015-03-17T03:26:30Z  466.018  74.617  -106.936  9.06801E-16  SWARM-A  20.170  74.780
2015-03-17T03:27:00Z  466.240  76.498  -105.639  8.99250E-16  SWARM-A  20.265  76.704
2015-03-17T03:27:30Z  466.435  78.368  -103.893  8.92518E-16  SWARM-A  20.390  78.629
2015-03-17T03:28:00Z  466.603  80.221  -101.445  8.86393E-16  SWARM-A  20.561  80.553
2015-03-17T03:28:30Z  466.743  82.046  -97.821  8.80576E-16  SWARM-A  20.811  82.478
2015-03-17T03:29:00Z  466.854  83.818  -92.026  8.74860E-16  SWARM-A  21.206  84.403
2015-03-17T03:29:30Z  466.935  85.473  -81.737  8.69026E-16  SWARM-A  21.900  86.327
2015-03-17T03:30:00Z  466.986  86.824  -61.287  8.63020E-16  SWARM-A  23.272  88.252
2015-03-17T03:30:30Z  467.007  87.357  -24.430  8.56144E-16  SWARM-A  1.737  90.177
2015-03-17T03:31:00Z  466.997  86.654  10.263  8.47786E-16  SWARM-A  4.058  92.101
2015-03-17T03:31:30Z  466.956  85.233  28.610  8.39212E-16  SWARM-A  5.290  94.026
2015-03-17T03:32:00Z  466.886  83.554  37.965  8.30576E-16  SWARM-A  5.922  95.951
2015-03-17T03:32:30Z  466.786  81.771  43.329  8.22134E-16  SWARM-A  6.288  97.875
2015-03-17T03:33:00Z  466.656  79.941  46.728  8.14182E-16  SWARM-A  6.523  99.800
2015-03-17T03:33:30Z  466.499  78.085  49.046  8.06456E-16  SWARM-A  6.686  101.725
2015-03-17T03:34:00Z  466.314  76.213  50.712  7.99358E-16  SWARM-A  6.805  103.649
2015-03-17T03:34:30Z  466.102  74.331  51.955  7.93081E-16  SWARM-A  6.896  105.574
2015-03-17T03:35:00Z  465.866  72.441  52.911  7.86988E-16  SWARM-A  6.968  107.498
2015-03-17T03:35:30Z  465.606  70.547  53.663  7.81485E-16  SWARM-A  7.027  109.423
2015-03-17T03:36:00Z  465.324  68.648  54.265  7.75983E-16  SWARM-A  7.075  111.347
2015-03-17T03:36:30Z  465.021  66.747  54.753  7.70254E-16  SWARM-A  7.116  113.271
2015-03-17T03:37:00Z  464.699  64.842  55.153  7.64393E-16  SWARM-A  7.151  115.196
2015-03-17T03:37:30Z  464.360  62.936  55.484  7.58662E-16  SWARM-A  7.181  117.120
2015-03-17T03:38:00Z  464.007  61.028  55.759  7.52859E-16  SWARM-A  7.208  119.044
2015-03-17T03:38:30Z  463.641  59.118  55.988  7.47337E-16  SWARM-A  7.232  120.968
2015-03-17T03:39:00Z  463.263  57.207  56.181  7.42315E-16  SWARM-A  7.253  122.893
2015-03-17T03:39:30Z  462.878  55.294  56.342  7.37893E-16  SWARM-A  7.272  124.817
2015-03-17T03:40:00Z  462.486  53.380  56.476  7.34001E-16  SWARM-A  7.289  126.740
2015-03-17T03:40:30Z  462.091  51.464  56.589  7.30557E-16  SWARM-A  7.305  128.664
2015-03-17T03:41:00Z  461.694  49.548  56.682  7.27453E-16  SWARM-A  7.320  130.588
2015-03-17T03:41:30Z  461.299  47.630  56.759  7.24592E-16  SWARM-A  7.333  132.512
2015-03-17T03:42:00Z  460.907  45.712  56.822  7.21937E-16  SWARM-A  7.346  134.435
2015-03-17T03:42:30Z  460.521  43.792  56.872  7.19487E-16  SWARM-A  7.357  136.359
2015-03-17T03:43:00Z  460.144  41.872  56.911  7.16876E-16  SWARM-A  7.368  138.282
2015-03-17T03:43:30Z  459.779  39.950  56.941  7.13989E-16  SWARM-A  7.379  140.206
2015-03-17T03:44:00Z  459.427  38.028  56.962  7.11206E-16  SWARM-A  7.388  142.129
2015-03-17T03:44:30Z  459.090  36.105  56.976  7.08445E-16  SWARM-A  7.398  144.052
2015-03-17T03:45:00Z  458.772  34.181  56.983  7.05810E-16  SWARM-A  7.406  145.975
2015-03-17T03:45:30Z  458.475  32.256  56.985  7.03220E-16  SWARM-A  7.415  147.898
2015-03-17T03:46:00Z  458.201  30.331  56.981  7.00633E-16  SWARM-A  7.423  149.820
2015-03-17T03:46:30Z  457.951  28.404  56.972  6.98143E-16  SWARM-A  7.431  151.743
2015-03-17T03:47:00Z  457.728  26.478  56.960  6.95670E-16  SWARM-A  7.438  153.666
2015-03-17T03:47:30Z  457.535  24.550  56.943  6.93218E-16  SWARM-A  7.445  155.588
2015-03-17T03:48:00Z  457.372  22.622  56.924  6.90825E-16  SWARM-A  7.452  157.510
2015-03-17T03:48:30Z  457.242  20.694  56.901  6.88456E-16  SWARM-A  7.459  159.432
2015-03-17T03:49:00Z  457.146  18.765  56.876  6.86181E-16  SWARM-A  7.466  161.354
2015-03-17T03:49:30Z  457.085  16.835  56.848  6.83869E-16  SWARM-A  7.472  163.276
2015-03-17T03:50:00Z  457.061  14.906  56.819  6.81498E-16  SWARM-A  7.479  165.198
2015-03-17T03:50:30Z  457.076  12.976  56.788  6.79088E-16  SWARM-A  7.485  167.119
2015-03-17T03:51:00Z  457.129  11.046  56.756  6.76644E-16  SWARM-A  7.491  169.040
2015-03-17T03:51:30Z  457.221  9.115  56.722  6.74184E-16  SWARM-A  7.497  170.962
2015-03-17T03:52:00Z  457.355  7.185  56.687  6.71686E-16  SWARM-A  7.503  172.883
2015-03-17T03:52:30Z  457.528  5.254  56.652  6.69167E-16  SWARM-A  7.509  174.803
2015-03-17T03:53:00Z  457.743  3.324  56.616  6.66549E-16  SWARM-A  7.515  176.724
2015-03-17T03:53:30Z  457.999  1.393  56.579  6.63953E-16  SWARM-A  7.521  178.645
2015-03-17T03:54:00Z  458.296  -0.537  56.543  6.61243E-16  SWARM-A  7.527  180.565
2015-03-17T03:54:30Z  458.633  -2.467  56.506  6.58484E-16  SWARM-A  7.533  182.485
2015-03-17T03:55:00Z  459.011  -4.397  56.470  6.55620E-16  SWARM-A  7.539  184.405
2015-03-17T03:55:30Z  459.428  -6.327  56.434  6.52728E-16  SWARM-A  7.545  186.325
2015-03-17T03:56:00Z  459.883  -8.256  56.399  6.49717E-16  SWARM-A  7.551  188.244
2015-03-17T03:56:30Z  460.376  -10.185  56.365  6.46612E-16  SWARM-A  7.557  190.164
2015-03-17T03:57:00Z  460.905  -12.113  56.332  6.43448E-16  SWARM-A  7.563  192.083
2015-03-17T03:57:30Z  461.469  -14.041  56.300  6.40282E-16  SWARM-A  7.569  194.002
2015-03-17T03:58:00Z  462.066  -15.968  56.270  6.37108E-16  SWARM-A  7.576  195.921
2015-03-17T03:58:30Z  462.695  -17.894  56.241  6.33917E-16  SWARM-A  7.582  197.840
2015-03-17T03:59:00Z  463.354  -19.820  56.215  6.30763E-16  SWARM-A  7.589  199.759
2015-03-17T03:59:30Z  464.040  -21.745  56.191  6.27643E-16  SWARM-A  7.595  201.677
2015-03-17T04:00:00Z  464.751  -23.670  56.170  6.24576E-16  SWARM-A  7.602  203.595
2015-03-17T04:00:30Z  465.486  -25.593  56.152  6.21580E-16  SWARM-A  7.609  205.513
2015-03-17T04:01:00Z  466.242  -27.515  56.137  6.18668E-16  SWARM-A  7.617  207.431
2015-03-17T04:01:30Z  467.015  -29.437  56.126  6.15840E-16  SWARM-A  7.624  209.349
2015-03-17T04:02:00Z  467.805  -31.358  56.120  6.13128E-16  SWARM-A  7.632  211.266
2015-03-17T04:02:30Z  468.607  -33.277  56.118  6.10499E-16  SWARM-A  7.640  213.184
2015-03-17T04:03:00Z  469.420  -35.196  56.122  6.07971E-16  SWARM-A  7.649  215.101
2015-03-17T04:03:30Z  470.240  -37.113  56.132  6.05549E-16  SWARM-A  7.658  217.018
2015-03-17T04:04:00Z  471.064  -39.030  56.149  6.03221E-16  SWARM-A  7.668  218.935
2015-03-17T04:04:30Z  471.890  -40.945  56.174  6.00964E-16  SWARM-A  7.678  220.851
2015-03-17T04:05:00Z  472.715  -42.859  56.208  5.98785E-16  SWARM-A  7.688  222.768
2015-03-17T04:05:30Z  473.536  -44.772  56.252  5.96717E-16  SWARM-A  7.699  224.684
2015-03-17T04:06:00Z  474.349  -46.684  56.308  5.94791E-16  SWARM-A  7.711  226.601
2015-03-17T04:06:30Z  475.152  -48.595  56.376  5.93086E-16  SWARM-A  7.724  228.517
2015-03-17T04:07:00Z  475.941  -50.504  56.460  5.91674E-16  SWARM-A  7.738  230.433
2015-03-17T04:07:30Z  476.715  -52.412  56.562  5.90601E-16  SWARM-A  7.753  232.349
2015-03-17T04:08:00Z  477.470  -54.318  56.684  5.89977E-16  SWARM-A  7.770  234.264
2015-03-17T04:08:30Z  478.204  -56.223  56.829  5.89807E-16  SWARM-A  7.788  236.180
2015-03-17T04:09:00Z  478.913  -58.127  57.003  5.90063E-16  SWARM-A  7.808  238.095
2015-03-17T04:09:30Z  479.595  -60.029  57.211  5.90719E-16  SWARM-A  7.830  240.011
2015-03-17T04:10:00Z  480.248  -61.929  57.459  5.91732E-16  SWARM-A  7.855  241.926
2015-03-17T04:10:30Z  480.869  -63.828  57.757  5.92979E-16  SWARM-A  7.883  243.841
2015-03-17T04:11:00Z  481.455  -65.724  58.115  5.94832E-16  SWARM-A  7.915  245.756
2015-03-17T04:11:30Z  482.006  -67.618  58.550  5.96780E-16  SWARM-A  7.953  247.671
2015-03-17T04:12:00Z  482.518  -69.509  59.083  5.99096E-16  SWARM-A  7.996  249.586
2015-03-17T04:12:30Z  482.989  -71.396  59.742  6.01805E-16  SWARM-A  8.049  251.501
2015-03-17T04:13:00Z  483.419  -73.279  60.572  6.04844E-16  SWARM-A  8.112  253.415
2015-03-17T04:13:30Z  483.805  -75.156  61.635  6.08097E-16  SWARM-A  8.192  255.330
2015-03-17T04:14:00Z  484.145  -77.025  63.033  6.11825E-16  SWARM-A  8.293  257.245
2015-03-17T04:14:30Z  484.439  -78.881  64.931  6.15276E-16  SWARM-A  8.428  259.159
2015-03-17T04:15:00Z  484.686  -80.718  67.622  6.18744E-16  SWARM-A  8.616  261.074
2015-03-17T04:15:30Z  484.884  -82.523  71.672  6.22243E-16  SWARM-A  8.894  262.988
2015-03-17T04:16:00Z  485.033  -84.263  78.293  6.25472E-16  SWARM-A  9.344  264.903
2015-03-17T04:16:30Z  485.132  -85.859  90.389  6.28708E-16  SWARM-A  10.159  266.817
2015-03-17T04:17:00Z  485.181  -87.064  114.659  6.31523E-16  SWARM-A  11.785  268.732
2015-03-17T04:17:30Z  485.179  -87.292  153.684  6.34601E-16  SWARM-A  14.395  270.646
2015-03-17T04:18:00Z  485.127  -86.357  -175.847  6.36938E-16  SWARM-A  16.435  272.561
2015-03-17T04:18:30Z  485.025  -84.857  -160.415  6.38777E-16  SWARM-A  17.472  274.475
2015-03-17T04:19:00Z  484.873  -83.154  -152.319  6.40499E-16  SWARM-A  18.020  276.389
2015-03-17T04:19:30Z  484.672  -81.367  -147.545  6.42170E-16  SWARM-A  18.346  278.304
2015-03-17T04:20:00Z  484.422  -79.539  -144.455  6.44453E-16  SWARM-A  18.561  280.219
2015-03-17T04:20:30Z  484.124  -77.689  -142.317  6.46935E-16  SWARM-A  18.711  282.133
2015-03-17T04:21:00Z  483.780  -75.824  -140.765  6.49913E-16  SWARM-A  18.823  284.048
2015-03-17T04:21:30Z  483.391  -73.949  -139.596  6.53319E-16  SWARM-A  18.910  285.963
2015-03-17T04:22:00Z  482.958  -72.068  -138.692  6.57214E-16  SWARM-A  18.978  287.877
2015-03-17T04:22:30Z  482.482  -70.182  -137.978  6.61399E-16  SWARM-A  19.034  289.792
2015-03-17T04:23:00Z  481.966  -68.292  -137.404  6.65814E-16  SWARM-A  19.081  291.707
2015-03-17T04:23:30Z  481.412  -66.400  -136.937  6.69426E-16  SWARM-A  19.120  293.622
2015-03-17T04:24:00Z  480.820  -64.504  -136.553  6.72972E-16  SWARM-A  19.154  295.537
2015-03-17T04:24:30Z  480.195  -62.606  -136.235  6.75436E-16  SWARM-A  19.184  297.453
2015-03-17T04:25:00Z  479.536  -60.706  -135.970  6.77115E-16  SWARM-A  19.210  299.368
2015-03-17T04:25:30Z  478.848  -58.805  -135.749  6.79259E-16  SWARM-A  19.233  301.283
2015-03-17T04:26:00Z  478.133  -56.902  -135.564  6.80978E-16  SWARM-A  19.253  303.199
2015-03-17T04:26:30Z  477.393  -54.997  -135.409  6.83800E-16  SWARM-A  19.272  305.115
2015-03-17T04:27:00Z  476.631  -53.091  -135.279  6.87552E-16  SWARM-A  19.289  307.030
2015-03-17T04:27:30Z  475.849  -51.183  -135.170  6.93347E-16  SWARM-A  19.305  308.946
2015-03-17T04:28:00Z  475.051  -49.274  -135.080  6.98967E-16  SWARM-A  19.319  310.863
2015-03-17T04:28:30Z  474.240  -47.364  -135.007  7.05260E-16  SWARM-A  19.332  312.779
2015-03-17T04:29:00Z  473.417  -45.452  -134.946  7.12526E-16  SWARM-A  19.345  314.695
2015-03-17T04:29:30Z  472.587  -43.540  -134.898  7.20001E-16  SWARM-A  19.356  316.612
2015-03-17T04:30:00Z  471.752  -41.626  -134.861  7.27561E-16  SWARM-A  19.367  318.529
2015-03-17T04:30:30Z  470.916  -39.710  -134.833  7.35175E-16  SWARM-A  19.377  320.445
2015-03-17T04:31:00Z  470.080  -37.794  -134.813  7.42944E-16  SWARM-A  19.387  322.362
2015-03-17T04:31:30Z  469.249  -35.877  -134.801  7.50925E-16  SWARM-A  19.396  324.280
2015-03-17T04:32:00Z  468.424  -33.958  -134.795  7.59145E-16  SWARM-A  19.405  326.197
2015-03-17T04:32:30Z  467.610  -32.039  -134.794  7.67653E-16  SWARM-A  19.413  328.115
2015-03-17T04:33:00Z  466.808  -30.118  -134.799  7.76464E-16  SWARM-A  19.421  330.032
2015-03-17T04:33:30Z  466.021  -28.197  -134.808  7.85646E-16  SWARM-A  19.429  331.950
2015-03-17T04:34:00Z  465.253  -26.274  -134.822  7.95149E-16  SWARM-A  19.436  333.868
2015-03-17T04:34:30Z  464.505  -24.351  -134.839  8.05013E-16  SWARM-A  19.443  335.787
2015-03-17T04:35:00Z  463.779  -22.427  -134.859  8.15119E-16  SWARM-A  19.450  337.705
2015-03-17T04:35:30Z  463.080  -20.502  -134.882  8.25527E-16  SWARM-A  19.457  339.624
2015-03-17T04:36:00Z  462.407  -18.576  -134.908  8.35934E-16  SWARM-A  19.464  341.542
2015-03-17T04:36:30Z  461.765  -16.649  -134.935  8.46196E-16  SWARM-A  19.470  343.461
2015-03-17T04:37:00Z  461.153  -14.722  -134.965  8.56595E-16  SWARM-A  19.477  345.381
2015-03-17T04:37:30Z  460.575  -12.794  -134.996  8.67053E-16  SWARM-A  19.483  347.300
2015-03-17T04:38:00Z  460.032  -10.866  -135.029  8.77527E-16  SWARM-A  19.489  349.219
2015-03-17T04:38:30Z  459.526  -8.937  -135.063  8.87963E-16  SWARM-A  19.495  351.139
2015-03-17T04:39:00Z  459.057  -7.007  -135.098  8.98235E-16  SWARM-A  19.501  353.059
2015-03-17T04:39:30Z  458.626  -5.078  -135.133  9.08461E-16  SWARM-A  19.507  354.979
2015-03-17T04:40:00Z  458.236  -3.147  -135.169  9.18452E-16  SWARM-A  19.513  356.899
2015-03-17T04:40:30Z  457.885  -1.217  -135.206  9.27710E-16  SWARM-A  19.519  358.820
2015-03-17T04:41:00Z  457.576  0.713  -135.242  9.37583E-16  SWARM-A  19.525  0.740
2015-03-17T04:41:30Z  457.308  2.644  -135.279  9.47136E-16  SWARM-A  19.531  2.661
2015-03-17T04:42:00Z  457.081  4.575  -135.315  9.55708E-16  SWARM-A  19.537  4.582
2015-03-17T04:42:30Z  456.896  6.506  -135.351  9.65035E-16  SWARM-A  19.543  6.503
2015-03-17T04:43:00Z  456.752  8.437  -135.386  9.74314E-16  SWARM-A  19.549  8.424
2015-03-17T04:43:30Z  456.650  10.367  -135.420  9.82895E-16  SWARM-A  19.555  10.346
2015-03-17T04:44:00Z  456.588  12.298  -135.453  9.91933E-16  SWARM-A  19.561  12.267
2015-03-17T04:44:30Z  456.565  14.228  -135.484  9.99913E-16  SWARM-A  19.567  14.189
2015-03-17T04:45:00Z  456.582  16.158  -135.514  1.00847E-15  SWARM-A  19.573  16.111
2015-03-17T04:45:30Z  456.636  18.088  -135.542  1.01682E-15  SWARM-A  19.580  18.033
2015-03-17T04:46:00Z  456.727  20.017  -135.568  1.02517E-15  SWARM-A  19.587  19.955
2015-03-17T04:46:30Z  456.853  21.946  -135.592  1.03345E-15  SWARM-A  19.593  21.877
2015-03-17T04:47:00Z  457.012  23.875  -135.612  1.04167E-15  SWARM-A  19.600  23.800
2015-03-17T04:47:30Z  457.204  25.803  -135.630  1.04980E-15  SWARM-A  19.607  25.722
2015-03-17T04:48:00Z  457.426  27.730  -135.644  1.05782E-15  SWARM-A  19.615  27.645
2015-03-17T04:48:30Z  457.676  29.657  -135.654  1.06562E-15  SWARM-A  19.622  29.568
2015-03-17T04:49:00Z  457.953  31.583  -135.660  1.07318E-15  SWARM-A  19.630  31.491
2015-03-17T04:49:30Z  458.253  33.508  -135.660  1.08043E-15  SWARM-A  19.639  33.414
2015-03-17T04:50:00Z  458.576  35.432  -135.655  1.08726E-15  SWARM-A  19.647  35.337
2015-03-17T04:50:30Z  458.918  37.356  -135.644  1.09360E-15  SWARM-A  19.656  37.260
2015-03-17T04:51:00Z  459.278  39.279  -135.625  1.09930E-15  SWARM-A  19.666  39.183
2015-03-17T04:51:30Z  459.652  41.201  -135.599  1.10432E-15  SWARM-A  19.676  41.107
2015-03-17T04:52:00Z  460.039  43.122  -135.563  1.10864E-15  SWARM-A  19.687  43.031
2015-03-17T04:52:30Z  460.435  45.042  -135.517  1.11245E-15  SWARM-A  19.698  44.954
2015-03-17T04:53:00Z  460.840  46.961  -135.459  1.11599E-15  SWARM-A  19.711  46.878
2015-03-17T04:53:30Z  461.249  48.879  -135.387  1.11980E-15  SWARM-A  19.724  48.802
2015-03-17T04:54:00Z  461.660  50.796  -135.300  1.12412E-15  SWARM-A  19.738  50.726
2015-03-17T04:54:30Z  462.071  52.712  -135.195  1.12882E-15  SWARM-A  19.753  52.650
2015-03-17T04:55:00Z  462.480  54.627  -135.068  1.13314E-15  SWARM-A  19.770  54.574
2015-03-17T04:55:30Z  462.884  56.540  -134.917  1.13587E-15  SWARM-A  19.788  56.498
2015-03-17T04:56:00Z  463.280  58.452  -134.736  1.13596E-15  SWARM-A  19.809  58.422
2015-03-17T04:56:30Z  463.666  60.363  -134.521  1.13263E-15  SWARM-A  19.831  60.346
2015-03-17T04:57:00Z  464.040  62.272  -134.263  1.12589E-15  SWARM-A  19.857  62.271
2015-03-17T04:57:30Z  464.401  64.179  -133.953  1.11606E-15  SWARM-A  19.886  64.195
2015-03-17T04:58:00Z  464.745  66.084  -133.579  1.10389E-15  SWARM-A  19.919  66.119
2015-03-17T04:58:30Z  465.071  67.987  -133.125  1.09046E-15  SWARM-A  19.958  68.044
2015-03-17T04:59:00Z  465.377  69.886  -132.567  1.07636E-15  SWARM-A  20.003  69.968
2015-03-17T04:59:30Z  465.662  71.782  -131.873  1.06247E-15  SWARM-A  20.058  71.893
2015-03-17T05:00:00Z  465.923  73.674  -130.996  1.04866E-15  SWARM-A  20.125  73.817
2015-03-17T05:00:30Z  466.160  75.559  -129.865  1.03606E-15  SWARM-A  20.208  75.742
2015-03-17T05:01:00Z  466.371  77.435  -128.368  1.02482E-15  SWARM-A  20.317  77.666
2015-03-17T05:01:30Z  466.556  79.298  -126.314  1.01483E-15  SWARM-A  20.462  79.591
2015-03-17T05:02:00Z  466.712  81.139  -123.361  1.00586E-15  SWARM-A  20.667  81.516
2015-03-17T05:02:30Z  466.839  82.942  -118.832  9.97646E-16  SWARM-A  20.977  83.440
2015-03-17T05:03:00Z  466.937  84.667  -111.229  9.89740E-16  SWARM-A  21.493  85.365
2015-03-17T05:03:30Z  467.005  86.209  -96.880  9.82013E-16  SWARM-A  22.457  87.290
2015-03-17T05:04:00Z  467.043  87.241  -68.151  9.73961E-16  SWARM-A  0.381  89.214
2015-03-17T05:04:30Z  467.050  87.142  -28.492  9.64717E-16  SWARM-A  3.033  91.139
2015-03-17T05:05:00Z  467.027  85.996  -2.443  9.54061E-16  SWARM-A  4.778  93.063
2015-03-17T05:05:30Z  466.973  84.413  10.487  9.44059E-16  SWARM-A  5.649  94.988
2015-03-17T05:06:00Z  466.889  82.672  17.466  9.33653E-16  SWARM-A  6.122  96.913
2015-03-17T05:06:30Z  466.775  80.861  21.689  9.23330E-16  SWARM-A  6.412  98.837
2015-03-17T05:07:00Z  466.633  79.016  24.473  9.12993E-16  SWARM-A  6.606  100.762
2015-03-17T05:07:30Z  466.463  77.151  26.426  9.02873E-16  SWARM-A  6.745  102.686
2015-03-17T05:08:00Z  466.265  75.274  27.858  8.93424E-16  SWARM-A  6.848  104.611
2015-03-17T05:08:30Z  466.042  73.387  28.944  8.84140E-16  SWARM-A  6.929  106.535
2015-03-17T05:09:00Z  465.795  71.495  29.789  8.75322E-16  SWARM-A  6.994  108.460
2015-03-17T05:09:30Z  465.524  69.599  30.460  8.66811E-16  SWARM-A  7.047  110.384
2015-03-17T05:10:00Z  465.231  67.699  31.000  8.58375E-16  SWARM-A  7.091  112.309
2015-03-17T05:10:30Z  464.919  65.796  31.441  8.49115E-16  SWARM-A  7.129  114.233
2015-03-17T05:11:00Z  464.589  63.890  31.805  8.38792E-16  SWARM-A  7.161  116.157
2015-03-17T05:11:30Z  464.243  61.983  32.106  8.28180E-16  SWARM-A  7.190  118.081
2015-03-17T05:12:00Z  463.883  60.074  32.357  8.17576E-16  SWARM-A  7.215  120.006
2015-03-17T05:12:30Z  463.510  58.163  32.567  8.07007E-16  SWARM-A  7.237  121.930
2015-03-17T05:13:00Z  463.129  56.251  32.742  7.97578E-16  SWARM-A  7.257  123.854
2015-03-17T05:13:30Z  462.739  54.338  32.889  7.87606E-16  SWARM-A  7.275  125.778
2015-03-17T05:14:00Z  462.345  52.423  33.012  7.78712E-16  SWARM-A  7.292  127.702
2015-03-17T05:14:30Z  461.948  50.507  33.115  7.70319E-16  SWARM-A  7.307  129.625
2015-03-17T05:15:00Z  461.551  48.590  33.200  7.62124E-16  SWARM-A  7.321  131.549
2015-03-17T05:15:30Z  461.157  46.672  33.269  7.54311E-16  SWARM-A  7.334  133.473
2015-03-17T05:16:00Z  460.766  44.753  33.325  7.46700E-16  SWARM-A  7.346  135.396
2015-03-17T05:16:30Z  460.384  42.833  33.369  7.39229E-16  SWARM-A  7.357  137.320
2015-03-17T05:17:00Z  460.010  40.912  33.404  7.32083E-16  SWARM-A  7.368  139.243
2015-03-17T05:17:30Z  459.649  38.990  33.429  7.25266E-16  SWARM-A  7.378  141.166
2015-03-17T05:18:00Z  459.303  37.068  33.446  7.18836E-16  SWARM-A  7.388  143.089
2015-03-17T05:18:30Z  458.973  35.144  33.457  7.12736E-16  SWARM-A  7.397  145.012
2015-03-17T05:19:00Z  458.663  33.220  33.461  7.06759E-16  SWARM-A  7.405  146.935
2015-03-17T05:19:30Z  458.375  31.295  33.459  7.01046E-16  SWARM-A  7.413  148.858
2015-03-17T05:20:00Z  458.110  29.369  33.453  6.96725E-16  SWARM-A  7.421  150.781
2015-03-17T05:20:30Z  457.871  27.442  33.442  6.92137E-16  SWARM-A  7.429  152.703
2015-03-17T05:21:00Z  457.660  25.515  33.428  6.87907E-16  SWARM-A  7.436  154.626
2015-03-17T05:21:30Z  457.479  23.587  33.410  6.84063E-16  SWARM-A  7.443  156.548
2015-03-17T05:22:00Z  457.329  21.659  33.388  6.80518E-16  SWARM-A  7.450  158.470
2015-03-17T05:22:30Z  457.213  19.730  33.364  6.77398E-16  SWARM-A  7.457  160.392
2015-03-17T05:23:00Z  457.131  17.801  33.338  6.74564E-16  SWARM-A  7.464  162.314
2015-03-17T05:23:30Z  457.086  15.872  33.310  6.72031E-16  SWARM-A  7.470  164.236
2015-03-17T05:24:00Z  457.078  13.942  33.279  6.69790E-16  SWARM-A  7.476  166.157
2015-03-17T05:24:30Z  457.108  12.012  33.247  6.67823E-16  SWARM-A  7.483  168.079
2015-03-17T05:25:00Z  457.177  10.082  33.214  6.66072E-16  SWARM-A  7.489  170.000
2015-03-17T05:25:30Z  457.287  8.151  33.180  6.64529E-16  SWARM-A  7.495  171.921
2015-03-17T05:26:00Z  457.436  6.221  33.145  6.63156E-16  SWARM-A  7.501  173.842
2015-03-17T05:26:30Z  457.627  4.290  33.109  6.61933E-16  SWARM-A  7.507  175.763
2015-03-17T05:27:00Z  457.859  2.360  33.073  6.60860E-16  SWARM-A  7.513  177.683
2015-03-17T05:27:30Z  458.131  0.429  33.036  6.59883E-16  SWARM-A  7.519  179.604
2015-03-17T05:28:00Z  458.444  -1.501  33.000  6.58995E-16  SWARM-A  7.525  181.524
2015-03-17T05:28:30Z  458.798  -3.431  32.963  6.58191E-16  SWARM-A  7.530  183.444
2015-03-17T05:29:00Z  459.191  -5.361  32.927  6.57430E-16  SWARM-A  7.536  185.364
2015-03-17T05:29:30Z  459.623  -7.290  32.892  6.56727E-16  SWARM-A  7.542  187.284
2015-03-17T05:30:00Z  460.093  -9.219  32.857  6.56089E-16  SWARM-A  7.548  189.203
2015-03-17T05:30:30Z  460.601  -11.148  32.823  6.55475E-16  SWARM-A  7.554  191.123
2015-03-17T05:31:00Z  461.143  -13.076  32.791  6.54849E-16  SWARM-A  7.561  193.042
2015-03-17T05:31:30Z  461.720  -15.004  32.759  6.54288E-16  SWARM-A  7.567  194.961
2015-03-17T05:32:00Z  462.329  -16.930  32.730  6.53783E-16  SWARM-A  7.573  196.880
2015-03-17T05:32:30Z  462.969  -18.857  32.702  6.53348E-16  SWARM-A  7.580  198.798
2015-03-17T05:33:00Z  463.638  -20.782  32.677  6.53003E-16  SWARM-A  7.586  200.717
2015-03-17T05:33:30Z  464.334  -22.707  32.654  6.52740E-16  SWARM-A  7.593  202.635
2015-03-17T05:34:00Z  465.053  -24.631  32.635  6.52568E-16  SWARM-A  7.600  204.553
2015-03-17T05:34:30Z  465.795  -26.554  32.618  6.52508E-16  SWARM-A  7.607  206.471
2015-03-17T05:35:00Z  466.557  -28.476  32.605  6.52608E-16  SWARM-A  7.615  208.389
2015-03-17T05:35:30Z  467.335  -30.397  32.596  6.52834E-16  SWARM-A  7.623  210.307
2015-03-17T05:36:00Z  468.128  -32.317  32.592  6.53215E-16  SWARM-A  7.631  212.224
2015-03-17T05:36:30Z  468.933  -34.236  32.593  6.53761E-16  SWARM-A  7.639  214.142
2015-03-17T05:37:00Z  469.746  -36.154  32.600  6.54477E-16  SWARM-A  7.648  216.059
2015-03-17T05:37:30Z  470.566  -38.071  32.614  6.55353E-16  SWARM-A  7.657  217.976
2015-03-17T05:38:00Z  471.388  -39.987  32.634  6.56391E-16  SWARM-A  7.667  219.893
2015-03-17T05:38:30Z  472.211  -41.902  32.664  6.57589E-16  SWARM-A  7.677  221.809
2015-03-17T05:39:00Z  473.031  -43.816  32.702  6.58962E-16  SWARM-A  7.688  223.726
2015-03-17T05:39:30Z  473.846  -45.728  32.752  6.60531E-16  SWARM-A  7.700  225.642
2015-03-17T05:40:00Z  474.652  -47.639  32.814  6.62343E-16  SWARM-A  7.712  227.558
2015-03-17T05:40:30Z  475.446  -49.549  32.890  6.64395E-16  SWARM-A  7.726  229.474
2015-03-17T05:41:00Z  476.226  -51.458  32.982  6.66674E-16  SWARM-A  7.740  231.390
2015-03-17T05:41:30Z  476.988  -53.365  33.093  6.69264E-16  SWARM-A  7.756  233.306
2015-03-17T05:42:00Z  477.731  -55.271  33.226  6.72200E-16  SWARM-A  7.773  235.222
2015-03-17T05:42:30Z  478.451  -57.176  33.385  6.75516E-16  SWARM-A  7.792  237.137
2015-03-17T05:43:00Z  479.145  -59.078  33.575  6.79210E-16  SWARM-A  7.813  239.053
2015-03-17T05:43:30Z  479.811  -60.980  33.802  6.83421E-16  SWARM-A  7.836  240.968
2015-03-17T05:44:00Z  480.446  -62.879  34.073  6.88121E-16  SWARM-A  7.863  242.884
2015-03-17T05:44:30Z  481.049  -64.777  34.400  6.93279E-16  SWARM-A  7.893  244.799
2015-03-17T05:45:00Z  481.616  -66.672  34.794  6.98852E-16  SWARM-A  7.928  246.714
2015-03-17T05:45:30Z  482.147  -68.564  35.274  7.04777E-16  SWARM-A  7.968  248.629
2015-03-17T05:46:00Z  482.638  -70.454  35.866  7.11026E-16  SWARM-A  8.016  250.544
2015-03-17T05:46:30Z  483.088  -72.339  36.603  7.17521E-16  SWARM-A  8.073  252.458
2015-03-17T05:47:00Z  483.495  -74.219  37.540  7.24480E-16  SWARM-A  8.144  254.373
2015-03-17T05:47:30Z  483.857  -76.092  38.754  7.31104E-16  SWARM-A  8.233  256.288
2015-03-17T05:48:00Z  484.174  -77.956  40.375  7.38235E-16  SWARM-A  8.350  258.203
2015-03-17T05:48:30Z  484.445  -79.804  42.620  7.44916E-16  SWARM-A  8.508  260.117
2015-03-17T05:49:00Z  484.667  -81.627  45.892  7.52130E-16  SWARM-A  8.734  262.032
2015-03-17T05:49:30Z  484.840  -83.406  51.008  7.59093E-16  SWARM-A  9.083  263.946
2015-03-17T05:50:00Z  484.964  -85.090  59.821  7.65717E-16  SWARM-A  9.679  265.861
2015-03-17T05:50:30Z  485.038  -86.540  76.894  7.72617E-16  SWARM-A  10.826  267.775
2015-03-17T05:51:00Z  485.062  -87.342  109.842  7.79612E-16  SWARM-A  13.031  269.690
2015-03-17T05:51:30Z  485.035  -86.935  147.730  7.85817E-16  SWARM-A  15.565  271.604
2015-03-17T05:52:00Z  484.958  -85.646  169.701  7.90734E-16  SWARM-A  17.038  273.519
2015-03-17T05:52:30Z  484.832  -84.020  -179.293  7.94913E-16  SWARM-A  17.780  275.434
2015-03-17T05:53:00Z  484.655  -82.267  -173.163  7.97614E-16  SWARM-A  18.197  277.348
2015-03-17T05:53:30Z  484.431  -80.456  -169.363  7.99657E-16  SWARM-A  18.459  279.263
2015-03-17T05:54:00Z  484.158  -78.615  -166.813  8.01109E-16  SWARM-A  18.637  281.177
2015-03-17T05:54:30Z  483.838  -76.756  -165.002  8.02853E-16  SWARM-A  18.766  283.092
2015-03-17T05:55:00Z  483.472  -74.886  -163.661  8.03554E-16  SWARM-A  18.864  285.007
2015-03-17T05:55:30Z  483.062  -73.008  -162.637  8.06072E-16  SWARM-A  18.941  286.922
2015-03-17T05:56:00Z  482.609  -71.124  -161.835  8.07231E-16  SWARM-A  19.002  288.837
2015-03-17T05:56:30Z  482.114  -69.236  -161.197  8.07898E-16  SWARM-A  19.053  290.751
2015-03-17T05:57:00Z  481.580  -67.345  -160.680  8.11278E-16  SWARM-A  19.096  292.667
2015-03-17T05:57:30Z  481.009  -65.450  -160.258  8.14263E-16  SWARM-A  19.132  294.582
2015-03-17T05:58:00Z  480.402  -63.553  -159.909  8.17025E-16  SWARM-A  19.164  296.497
2015-03-17T05:58:30Z  479.762  -61.655  -159.619  8.20094E-16  SWARM-A  19.192  298.412
2015-03-17T05:59:00Z  479.090  -59.754  -159.378  8.22370E-16  SWARM-A  19.216  300.328
2015-03-17T05:59:30Z  478.391  -57.851  -159.175  8.23573E-16  SWARM-A  19.238  302.243
2015-03-17T06:00:00Z  477.665  -55.947  -159.006  8.35234E-16  SWARM-A  19.258  304.159
2015-03-17T06:00:30Z  476.916  -54.042  -158.864  8.36098E-16  SWARM-A  19.275  306.075
2015-03-17T06:01:00Z  476.147  -52.135  -158.745  8.34982E-16  SWARM-A  19.292  307.991
2015-03-17T06:01:30Z  475.359  -50.226  -158.647  8.32274E-16  SWARM-A  19.307  309.907
2015-03-17T06:02:00Z  474.557  -48.317  -158.565  8.28872E-16  SWARM-A  19.320  311.823
2015-03-17T06:02:30Z  473.742  -46.406  -158.499  8.25971E-16  SWARM-A  19.333  313.739
2015-03-17T06:03:00Z  472.919  -44.494  -158.445  8.24614E-16  SWARM-A  19.345  315.656
2015-03-17T06:03:30Z  472.089  -42.580  -158.403  8.25120E-16  SWARM-A  19.356  317.573
2015-03-17T06:04:00Z  471.256  -40.666  -158.370  8.26664E-16  SWARM-A  19.367  319.489
2015-03-17T06:04:30Z  470.423  -38.750  -158.346  8.29199E-16  SWARM-A  19.377  321.406
2015-03-17T06:05:00Z  469.592  -36.833  -158.330  8.32332E-16  SWARM-A  19.386  323.324
2015-03-17T06:05:30Z  468.767  -34.915  -158.321  8.35821E-16  SWARM-A  19.395  325.241
2015-03-17T06:06:00Z  467.951  -32.996  -158.318  8.39541E-16  SWARM-A  19.403  327.158
2015-03-17T06:06:30Z  467.145  -31.076  -158.321  8.43499E-16  SWARM-A  19.412  329.076
2015-03-17T06:07:00Z  466.354  -29.155  -158.328  8.47749E-16  SWARM-A  19.419  330.994
2015-03-17T06:07:30Z  465.579  -27.233  -158.339  8.52397E-16  SWARM-A  19.427  332.912
2015-03-17T06:08:00Z  464.824  -25.310  -158.355  8.57545E-16  SWARM-A  19.434  334.830
2015-03-17T06:08:30Z  464.090  -23.386  -158.373  8.63232E-16  SWARM-A  19.441  336.749
2015-03-17T06:09:00Z  463.381  -21.461  -158.395  8.69440E-16  SWARM-A  19.448  338.667
2015-03-17T06:09:30Z  462.698  -19.536  -158.419  8.76265E-16  SWARM-A  19.455  340.586
2015-03-17T06:10:00Z  462.043  -17.609  -158.446  8.83678E-16  SWARM-A  19.462  342.505
2015-03-17T06:10:30Z  461.420  -15.683  -158.475  8.91602E-16  SWARM-A  19.468  344.424
2015-03-17T06:11:00Z  460.828  -13.755  -158.506  9.00091E-16  SWARM-A  19.474  346.343
2015-03-17T06:11:30Z  460.271  -11.827  -158.538  9.08990E-16  SWARM-A  19.481  348.263
2015-03-17T06:12:00Z  459.749  -9.898  -158.571  9.18261E-16  SWARM-A  19.487  350.182
2015-03-17T06:12:30Z  459.264  -7.969  -158.605  9.27962E-16  SWARM-A  19.493  352.102
2015-03-17T06:13:00Z  458.818  -6.039  -158.641  9.38115E-16  SWARM-A  19.499  354.022
2015-03-17T06:13:30Z  458.411  -4.109  -158.677  9.48659E-16  SWARM-A  19.505  355.942
2015-03-17T06:14:00Z  458.043  -2.179  -158.713  9.59596E-16  SWARM-A  19.511  357.863
2015-03-17T06:14:30Z  457.717  -0.249  -158.749  9.70891E-16  SWARM-A  19.516  359.783
2015-03-17T06:15:00Z  457.431  1.682  -158.786  9.82608E-16  SWARM-A  19.522  1.704
2015-03-17T06:15:30Z  457.187  3.613  -158.822  9.94732E-16  SWARM-A  19.528  3.625
2015-03-17T06:16:00Z  456.984  5.544  -158.858  1.00723E-15  SWARM-A  19.534  5.546
2015-03-17T06:16:30Z  456.823  7.474  -158.894  1.02009E-15  SWARM-A  19.540  7.467
2015-03-17T06:17:00Z  456.703  9.405  -158.928  1.03341E-15  SWARM-A  19.546  9.388
2015-03-17T06:17:30Z  456.624  11.336  -158.962  1.04716E-15  SWARM-A  19.552  11.310
2015-03-17T06:18:00Z  456.584  13.266  -158.994  1.06136E-15  SWARM-A  19.558  13.231
2015-03-17T06:18:30Z  456.584  15.197  -159.025  1.07607E-15  SWARM-A  19.565  15.153
2015-03-17T06:19:00Z  456.622  17.126  -159.054  1.09112E-15  SWARM-A  19.571  17.075
2015-03-17T06:19:30Z  456.697  19.056  -159.081  1.10669E-15  SWARM-A  19.578  18.997
2015-03-17T06:20:00Z  456.808  20.985  -159.106  1.12265E-15  SWARM-A  19.584  20.919
2015-03-17T06:20:30Z  456.953  22.914  -159.129  1.13895E-15  SWARM-A  19.591  22.842
2015-03-17T06:21:00Z  457.131  24.842  -159.148  1.15552E-15  SWARM-A  19.598  24.764
2015-03-17T06:21:30Z  457.340  26.770  -159.164  1.17228E-15  SWARM-A  19.605  26.687
2015-03-17T06:22:00Z  457.578  28.697  -159.176  1.18919E-15  SWARM-A  19.613  28.609
2015-03-17T06:22:30Z  457.843  30.623  -159.184  1.20609E-15  SWARM-A  19.621  30.532
2015-03-17T06:23:00Z  458.133  32.548  -159.187  1.22301E-15  SWARM-A  19.629  32.455
2015-03-17T06:23:30Z  458.446  34.473  -159.185  1.23987E-15  SWARM-A  19.637  34.378
2015-03-17T06:24:00Z  458.780  36.397  -159.177  1.25657E-15  SWARM-A  19.646  36.301
2015-03-17T06:24:30Z  459.133  38.321  -159.162  1.27308E-15  SWARM-A  19.656  38.225
2015-03-17T06:25:00Z  459.501  40.243  -159.140  1.28934E-15  SWARM-A  19.665  40.148
2015-03-17T06:25:30Z  459.883  42.165  -159.109  1.30535E-15  SWARM-A  19.676  42.072
2015-03-17T06:26:00Z  460.276  44.085  -159.068  1.32115E-15  SWARM-A  19.687  43.995
2015-03-17T06:26:30Z  460.677  46.005  -159.016  1.33679E-15  SWARM-A  19.699  45.919
2015-03-17T06:27:00Z  461.084  47.923  -158.952  1.35214E-15  SWARM-A  19.711  47.843
2015-03-17T06:27:30Z  461.495  49.841  -158.873  1.36773E-15  SWARM-A  19.725  49.767
2015-03-17T06:28:00Z  461.907  51.757  -158.777  1.38382E-15  SWARM-A  19.740  51.690
2015-03-17T06:28:30Z  462.317  53.672  -158.662  1.40035E-15  SWARM-A  19.756  53.614
2015-03-17T06:29:00Z  462.723  55.586  -158.523  1.41689E-15  SWARM-A  19.773  55.539
2015-03-17T06:29:30Z  463.123  57.499  -158.358  1.43247E-15  SWARM-A  19.793  57.463
2015-03-17T06:30:00Z  463.514  59.410  -158.161  1.44598E-15  SWARM-A  19.814  59.387
2015-03-17T06:30:30Z  463.895  61.320  -157.925  1.45630E-15  SWARM-A  19.838  61.311
2015-03-17T06:31:00Z  464.262  63.228  -157.643  1.46272E-15  SWARM-A  19.865  63.235
2015-03-17T06:31:30Z  464.614  65.134  -157.303  1.46487E-15  SWARM-A  19.896  65.160
2015-03-17T06:32:00Z  464.948  67.038  -156.891  1.46288E-15  SWARM-A  19.932  67.084
2015-03-17T06:32:30Z  465.264  68.940  -156.388  1.45698E-15  SWARM-A  19.974  69.009
2015-03-17T06:33:00Z  465.559  70.838  -155.767  1.44701E-15  SWARM-A  20.024  70.933
2015-03-17T06:33:30Z  465.831  72.732  -154.989  1.43539E-15  SWARM-A  20.084  72.858
2015-03-17T06:34:00Z  466.079  74.620  -153.997  1.42309E-15  SWARM-A  20.158  74.782
2015-03-17T06:34:30Z  466.303  76.501  -152.700  1.41099E-15  SWARM-A  20.253  76.707
2015-03-17T06:35:00Z  466.499  78.371  -150.955  1.39994E-15  SWARM-A  20.378  78.631
2015-03-17T06:35:30Z  466.669  80.225  -148.509  1.39030E-15  SWARM-A  20.549  80.556
2015-03-17T06:36:00Z  466.809  82.050  -144.887  1.38219E-15  SWARM-A  20.799  82.480
2015-03-17T06:36:30Z  466.921  83.821  -139.094  1.37541E-15  SWARM-A  21.194  84.405
2015-03-17T06:37:00Z  467.003  85.476  -128.802  1.36976E-15  SWARM-A  21.888  86.330
2015-03-17T06:37:30Z  467.054  86.828  -108.335  1.36588E-15  SWARM-A  23.261  88.254
2015-03-17T06:38:00Z  467.075  87.360  -71.429  1.36123E-15  SWARM-A  1.730  90.179
2015-03-17T06:38:30Z  467.065  86.655  -36.726  1.35419E-15  SWARM-A  4.051  92.104
2015-03-17T06:39:00Z  467.025  85.233  -18.396  1.34532E-15  SWARM-A  5.282  94.028
2015-03-17T06:39:30Z  466.954  83.553  -9.053  1.33488E-15  SWARM-A  5.913  95.953
2015-03-17T06:40:00Z  466.854  81.771  -3.697  1.32209E-15  SWARM-A  6.278  97.877
2015-03-17T06:40:30Z  466.724  79.940  -0.302  1.30758E-15  SWARM-A  6.513  99.802
2015-03-17T06:41:00Z  466.566  78.084  2.012  1.29123E-15  SWARM-A  6.676  101.726
2015-03-17T06:41:30Z  466.380  76.212  3.675  1.27215E-15  SWARM-A  6.795  103.651
2015-03-17T06:42:00Z  466.168  74.329  4.916  1.25221E-15  SWARM-A  6.886  105.576
2015-03-17T06:42:30Z  465.930  72.440  5.871  1.23231E-15  SWARM-A  6.958  107.500
2015-03-17T06:43:00Z  465.669  70.545  6.622  1.21268E-15  SWARM-A  7.016  109.424
2015-03-17T06:43:30Z  465.385  68.647  7.222  1.19333E-15  SWARM-A  7.065  111.349
2015-03-17T06:44:00Z  465.080  66.745  7.710  1.17407E-15  SWARM-A  7.105  113.273
2015-03-17T06:44:30Z  464.756  64.841  8.109  1.15468E-15  SWARM-A  7.140  115.197
2015-03-17T06:45:00Z  464.415  62.935  8.439  1.13437E-15  SWARM-A  7.171  117.122
2015-03-17T06:45:30Z  464.058  61.026  8.714  1.11252E-15  SWARM-A  7.197  119.046
2015-03-17T06:46:00Z  463.689  59.117  8.943  1.08969E-15  SWARM-A  7.221  120.970
2015-03-17T06:46:30Z  463.309  57.205  9.135  1.06645E-15  SWARM-A  7.242  122.894
2015-03-17T06:47:00Z  462.920  55.292  9.296  1.04325E-15  SWARM-A  7.261  124.818
2015-03-17T06:47:30Z  462.525  53.378  9.430  1.02032E-15  SWARM-A  7.278  126.742
2015-03-17T06:48:00Z  462.127  51.463  9.542  9.97789E-16  SWARM-A  7.294  128.666
2015-03-17T06:48:30Z  461.726  49.547  9.635  9.75656E-16  SWARM-A  7.309  130.590
2015-03-17T06:49:00Z  461.327  47.629  9.712  9.53935E-16  SWARM-A  7.322  132.513
2015-03-17T06:49:30Z  460.931  45.710  9.774  9.32566E-16  SWARM-A  7.335  134.437
2015-03-17T06:50:00Z  460.541  43.791  9.824  9.11583E-16  SWARM-A  7.346  136.360
2015-03-17T06:50:30Z  460.160  41.870  9.863  8.91138E-16  SWARM-A  7.357  138.284
2015-03-17T06:51:00Z  459.789  39.949  9.893  8.71342E-16  SWARM-A  7.368  140.207
2015-03-17T06:51:30Z  459.432  38.027  9.914  8.52213E-16  SWARM-A  7.377  142.130
2015-03-17T06:52:00Z  459.091  36.103  9.928  8.33845E-16  SWARM-A  7.387  144.053
2015-03-17T06:52:30Z  458.768  34.179  9.935  8.16013E-16  SWARM-A  7.395  145.976
2015-03-17T06:53:00Z  458.465  32.255  9.936  7.99715E-16  SWARM-A  7.404  147.899
2015-03-17T06:53:30Z  458.186  30.329  9.932  7.84148E-16  SWARM-A  7.412  149.822
2015-03-17T06:54:00Z  457.931  28.403  9.923  7.69532E-16  SWARM-A  7.420  151.745
2015-03-17T06:54:30Z  457.703  26.476  9.911  7.55968E-16  SWARM-A  7.427  153.667
2015-03-17T06:55:00Z  457.505  24.549  9.894  7.43448E-16  SWARM-A  7.434  155.589
2015-03-17T06:55:30Z  457.337  22.621  9.874  7.32024E-16  SWARM-A  7.441  157.512
2015-03-17T06:56:00Z  457.201  20.692  9.852  7.21654E-16  SWARM-A  7.448  159.434
2015-03-17T06:56:30Z  457.099  18.763  9.826  7.12307E-16  SWARM-A  7.455  161.356
2015-03-17T06:57:00Z  457.033  16.834  9.799  7.04069E-16  SWARM-A  7.461  163.278
2015-03-17T06:57:30Z  457.004  14.904  9.769  6.96493E-16  SWARM-A  7.468  165.199
2015-03-17T06:58:00Z  457.013  12.974  9.738  6.89958E-16  SWARM-A  7.474  167.121
2015-03-17T06:58:30Z  457.061  11.044  9.706  6.84430E-16  SWARM-A  7.480  169.042
2015-03-17T06:59:00Z  457.148  9.113  9.672  6.79850E-16  SWARM-A  7.486  170.963
2015-03-17T06:59:30Z  457.275  7.183  9.637  6.76117E-16  SWARM-A  7.492  172.884
2015-03-17T07:00:00Z  457.443  5.252  9.602  6.73257E-16  SWARM-A  7.498  174.805
2015-03-17T07:00:30Z  457.652  3.322  9.566  6.71227E-16  SWARM-A  7.504  176.726
2015-03-17T07:01:00Z  457.902  1.391  9.529  6.69958E-16  SWARM-A  7.510  178.647
2015-03-17T07:01:30Z  458.193  -0.539  9.492  6.69456E-16  SWARM-A  7.516  180.567
2015-03-17T07:02:00Z  458.525  -2.470  9.456  6.69701E-16  SWARM-A  7.522  182.487
2015-03-17T07:02:30Z  458.896  -4.400  9.420  6.70688E-16  SWARM-A  7.528  184.407
2015-03-17T07:03:00Z  459.307  -6.329  9.384  6.72374E-16  SWARM-A  7.534  186.327
2015-03-17T07:03:30Z  459.757  -8.259  9.349  6.74816E-16  SWARM-A  7.540  188.247
2015-03-17T07:04:00Z  460.244  -10.187  9.314  6.77937E-16  SWARM-A  7.546  190.166
2015-03-17T07:04:30Z  460.768  -12.116  9.281  6.81793E-16  SWARM-A  7.552  192.086
2015-03-17T07:05:00Z  461.326  -14.044  9.249  6.86396E-16  SWARM-A  7.558  194.005
2015-03-17T07:05:30Z  461.918  -15.971  9.219  6.91560E-16  SWARM-A  7.564  195.924
2015-03-17T07:06:00Z  462.542  -17.897  9.190  6.97539E-16  SWARM-A  7.571  197.843
2015-03-17T07:06:30Z  463.195  -19.823  9.164  7.04166E-16  SWARM-A  7.577  199.762
2015-03-17T07:07:00Z  463.876  -21.749  9.140  7.11470E-16  SWARM-A  7.584  201.680
2015-03-17T07:07:30Z  464.582  -23.673  9.118  7.19247E-16  SWARM-A  7.591  203.598
2015-03-17T07:08:00Z  465.312  -25.596  9.100  7.27439E-16  SWARM-A  7.598  205.516
2015-03-17T07:08:30Z  466.063  -27.519  9.085  7.36153E-16  SWARM-A  7.606  207.434
2015-03-17T07:09:00Z  466.832  -29.441  9.074  7.45323E-16  SWARM-A  7.613  209.352
2015-03-17T07:09:30Z  467.617  -31.361  9.068  7.54902E-16  SWARM-A  7.621  211.270
2015-03-17T07:10:00Z  468.415  -33.281  9.066  7.64822E-16  SWARM-A  7.629  213.187
2015-03-17T07:10:30Z  469.224  -35.200  9.070  7.74959E-16  SWARM-A  7.638  215.105
2015-03-17T07:11:00Z  470.040  -37.118  9.080  7.85486E-16  SWARM-A  7.647  217.022
2015-03-17T07:11:30Z  470.862  -39.034  9.097  7.96123E-16  SWARM-A  7.656  218.939
2015-03-17T07:12:00Z  471.684  -40.949  9.122  8.06793E-16  SWARM-A  7.666  220.855
2015-03-17T07:12:30Z  472.506  -42.864  9.156  8.17535E-16  SWARM-A  7.677  222.772
2015-03-17T07:13:00Z  473.324  -44.777  9.200  8.28264E-16  SWARM-A  7.688  224.689
2015-03-17T07:13:30Z  474.135  -46.689  9.255  8.38893E-16  SWARM-A  7.700  226.605
2015-03-17T07:14:00Z  474.936  -48.599  9.324  8.49368E-16  SWARM-A  7.713  228.521
2015-03-17T07:14:30Z  475.724  -50.509  9.407  8.59659E-16  SWARM-A  7.727  230.437
2015-03-17T07:15:00Z  476.496  -52.417  9.509  8.69623E-16  SWARM-A  7.742  232.353
2015-03-17T07:15:30Z  477.250  -54.323  9.630  8.79318E-16  SWARM-A  7.759  234.269
2015-03-17T07:16:00Z  477.982  -56.229  9.776  8.88650E-16  SWARM-A  7.777  236.185
2015-03-17T07:16:30Z  478.691  -58.132  9.950  8.97766E-16  SWARM-A  7.797  238.100
2015-03-17T07:17:00Z  479.372  -60.035  10.157  9.06686E-16  SWARM-A  7.819  240.016
2015-03-17T07:17:30Z  480.025  -61.935  10.405  9.15436E-16  SWARM-A  7.844  241.931
2015-03-17T07:18:00Z  480.646  -63.833  10.703  9.24200E-16  SWARM-A  7.872  243.846
2015-03-17T07:18:30Z  481.233  -65.730  11.061  9.33137E-16  SWARM-A  7.904  245.762
2015-03-17T07:19:00Z  481.784  -67.624  11.496  9.42335E-16  SWARM-A  7.941  247.677
2015-03-17T07:19:30Z  482.297  -69.515  12.028  9.51711E-16  SWARM-A  7.985  249.592
2015-03-17T07:20:00Z  482.770  -71.402  12.688  9.60969E-16  SWARM-A  8.037  251.507
2015-03-17T07:20:30Z  483.201  -73.285  13.517  9.70095E-16  SWARM-A  8.101  253.421
2015-03-17T07:21:00Z  483.588  -75.162  14.581  9.79078E-16  SWARM-A  8.180  255.336
2015-03-17T07:21:30Z  483.930  -77.031  15.979  9.88006E-16  SWARM-A  8.282  257.251
2015-03-17T07:22:00Z  484.227  -78.888  17.877  9.96918E-16  SWARM-A  8.417  259.166
2015-03-17T07:22:30Z  484.475  -80.725  20.570  1.00559E-15  SWARM-A  8.605  261.080
2015-03-17T07:23:00Z  484.676  -82.530  24.624  1.01395E-15  SWARM-A  8.883  262.995
2015-03-17T07:23:30Z  484.827  -84.270  31.255  1.02204E-15  SWARM-A  9.334  264.909
2015-03-17T07:24:00Z  484.929  -85.866  43.377  1.02960E-15  SWARM-A  10.150  266.824
2015-03-17T07:24:30Z  484.981  -87.069  67.714  1.03644E-15  SWARM-A  11.781  268.739
2015-03-17T07:25:00Z  484.983  -87.293  106.790  1.04327E-15  SWARM-A  14.394  270.653
2015-03-17T07:25:30Z  484.934  -86.353  137.207  1.04880E-15  SWARM-A  16.430  272.568
2015-03-17T07:26:00Z  484.836  -84.851  152.596  1.05338E-15  SWARM-A  17.465  274.482
2015-03-17T07:26:30Z  484.687  -83.148  160.670  1.05730E-15  SWARM-A  18.011  276.397
2015-03-17T07:27:00Z  484.490  -81.361  165.432  1.06062E-15  SWARM-A  18.337  278.311
2015-03-17T07:27:30Z  484.244  -79.533  168.515  1.06306E-15  SWARM-A  18.551  280.226
2015-03-17T07:28:00Z  483.951  -77.682  170.648  1.06482E-15  SWARM-A  18.702  282.141
2015-03-17T07:28:30Z  483.611  -75.816  172.198  1.06667E-15  SWARM-A  18.813  284.056
2015-03-17T07:29:00Z  483.227  -73.942  173.364  1.06789E-15  SWARM-A  18.899  285.970
2015-03-17T07:29:30Z  482.798  -72.061  174.267  1.06852E-15  SWARM-A  18.968  287.885
2015-03-17T07:30:00Z  482.328  -70.175  174.980  1.06872E-15  SWARM-A  19.024  289.800
2015-03-17T07:30:30Z  481.817  -68.285  175.553  1.06900E-15  SWARM-A  19.070  291.715
2015-03-17T07:31:00Z  481.267  -66.392  176.019  1.06932E-15  SWARM-A  19.110  293.630
2015-03-17T07:31:30Z  480.681  -64.496  176.402  1.07094E-15  SWARM-A  19.143  295.546
2015-03-17T07:32:00Z  480.061  -62.598  176.719  1.07374E-15  SWARM-A  19.173  297.461
2015-03-17T07:32:30Z  479.408  -60.698  176.983  1.07637E-15  SWARM-A  19.199  299.376
2015-03-17T07:33:00Z  478.726  -58.797  177.204  1.07956E-15  SWARM-A  19.222  301.292
2015-03-17T07:33:30Z  478.017  -56.893  177.389  1.08327E-15  SWARM-A  19.243  303.207
2015-03-17T07:34:00Z  477.283  -54.988  177.544  1.08692E-15  SWARM-A  19.261  305.123
2015-03-17T07:34:30Z  476.527  -53.082  177.674  1.08983E-15  SWARM-A  19.278  307.039
2015-03-17T07:35:00Z  475.752  -51.174  177.782  1.09117E-15  SWARM-A  19.294  308.955
2015-03-17T07:35:30Z  474.961  -49.265  177.871  1.08957E-15  SWARM-A  19.308  310.871
2015-03-17T07:36:00Z  474.156  -47.355  177.945  1.08511E-15  SWARM-A  19.321  312.788
2015-03-17T07:36:30Z  473.341  -45.444  178.005  1.07797E-15  SWARM-A  19.334  314.704
2015-03-17T07:37:00Z  472.518  -43.531  178.053  1.06958E-15  SWARM-A  19.345  316.621
2015-03-17T07:37:30Z  471.690  -41.617  178.090  1.06171E-15  SWARM-A  19.356  318.537
2015-03-17T07:38:00Z  470.860  -39.701  178.118  1.05569E-15  SWARM-A  19.366  320.454
2015-03-17T07:38:30Z  470.031  -37.785  178.137  1.05190E-15  SWARM-A  19.376  322.371
2015-03-17T07:39:00Z  469.206  -35.868  178.150  1.05030E-15  SWARM-A  19.385  324.289
2015-03-17T07:39:30Z  468.388  -33.949  178.156  1.04976E-15  SWARM-A  19.394  326.206
2015-03-17T07:40:00Z  467.580  -32.030  178.156  1.04964E-15  SWARM-A  19.402  328.124
2015-03-17T07:40:30Z  466.784  -30.109  178.151  1.04948E-15  SWARM-A  19.410  330.041
2015-03-17T07:41:00Z  466.004  -28.188  178.142  1.04908E-15  SWARM-A  19.418  331.959
2015-03-17T07:41:30Z  465.241  -26.265  178.128  1.04844E-15  SWARM-A  19.425  333.877
2015-03-17T07:42:00Z  464.499  -24.342  178.111  1.04763E-15  SWARM-A  19.432  335.796
2015-03-17T07:42:30Z  463.780  -22.417  178.091  1.04675E-15  SWARM-A  19.439  337.714
2015-03-17T07:43:00Z  463.085  -20.492  178.068  1.04582E-15  SWARM-A  19.446  339.633
2015-03-17T07:43:30Z  462.418  -18.566  178.042  1.04490E-15  SWARM-A  19.453  341.551
2015-03-17T07:44:00Z  461.780  -16.640  178.014  1.04410E-15  SWARM-A  19.459  343.470
2015-03-17T07:44:30Z  461.174  -14.713  177.984  1.04352E-15  SWARM-A  19.466  345.390
2015-03-17T07:45:00Z  460.601  -12.785  177.953  1.04306E-15  SWARM-A  19.472  347.309
2015-03-17T07:45:30Z  460.062  -10.856  177.920  1.04292E-15  SWARM-A  19.478  349.228
2015-03-17T07:46:00Z  459.560  -8.928  177.886  1.04278E-15  SWARM-A  19.484  351.148
2015-03-17T07:46:30Z  459.095  -6.998  177.851  1.04330E-15  SWARM-A  19.490  353.068
2015-03-17T07:47:00Z  458.668  -5.068  177.816  1.04389E-15  SWARM-A  19.496  354.988
2015-03-17T07:47:30Z  458.282  -3.138  177.779  1.04474E-15  SWARM-A  19.502  356.908
2015-03-17T07:48:00Z  457.935  -1.208  177.743  1.04602E-15  SWARM-A  19.508  358.829
2015-03-17T07:48:30Z  457.630  0.723  177.706  1.04769E-15  SWARM-A  19.514  0.749
2015-03-17T07:49:00Z  457.366  2.653  177.670  1.04977E-15  SWARM-A  19.520  2.670
2015-03-17T07:49:30Z  457.143  4.584  177.634  1.05227E-15  SWARM-A  19.526  4.591
2015-03-17T07:50:00Z  456.962  6.515  177.598  1.05517E-15  SWARM-A  19.532  6.512
2015-03-17T07:50:30Z  456.822  8.446  177.563  1.05846E-15  SWARM-A  19.538  8.433
2015-03-17T07:51:00Z  456.722  10.376  177.529  1.06221E-15  SWARM-A  19.544  10.354
2015-03-17T07:51:30Z  456.664  12.307  177.496  1.06635E-15  SWARM-A  19.550  12.276
2015-03-17T07:52:00Z  456.644  14.237  177.464  1.07097E-15  SWARM-A  19.556  14.198
2015-03-17T07:52:30Z  456.664  16.167  177.434  1.07578E-15  SWARM-A  19.562  16.119
2015-03-17T07:53:00Z  456.721  18.097  177.406  1.08098E-15  SWARM-A  19.569  18.041
2015-03-17T07:53:30Z  456.814  20.026  177.380  1.08648E-15  SWARM-A  19.575  19.964
2015-03-17T07:54:00Z  456.943  21.955  177.356  1.09219E-15  SWARM-A  19.582  21.886
2015-03-17T07:54:30Z  457.105  23.883  177.335  1.09804E-15  SWARM-A  19.589  23.808
2015-03-17T07:55:00Z  457.299  25.811  177.317  1.10402E-15  SWARM-A  19.596  25.731
2015-03-17T07:55:30Z  457.523  27.739  177.303  1.10997E-15  SWARM-A  19.604  27.653
2015-03-17T07:56:00Z  457.775  29.665  177.293  1.11586E-15  SWARM-A  19.611  29.576
2015-03-17T07:56:30Z  458.053  31.591  177.287  1.12160E-15  SWARM-A  19.619  31.499
2015-03-17T07:57:00Z  458.355  33.516  177.287  1.12710E-15  SWARM-A  19.627  33.422
2015-03-17T07:57:30Z  458.679  35.441  177.292  1.13233E-15  SWARM-A  19.636  35.345
2015-03-17T07:58:00Z  459.022  37.364  177.303  1.13724E-15  SWARM-A  19.645  37.268
2015-03-17T07:58:30Z  459.382  39.287  177.321  1.14178E-15  SWARM-A  19.655  39.192
2015-03-17T07:59:00Z  459.758  41.209  177.348  1.14599E-15  SWARM-A  19.665  41.115
2015-03-17T07:59:30Z  460.145  43.130  177.384  1.14982E-15  SWARM-A  19.676  43.038
2015-03-17T08:00:00Z  460.542  45.050  177.430  1.15327E-15  SWARM-A  19.687  44.962
2015-03-17T08:00:30Z  460.946  46.969  177.488  1.15637E-15  SWARM-A  19.699  46.886
2015-03-17T08:01:00Z  461.355  48.887  177.559  1.15919E-15  SWARM-A  19.712  48.810
2015-03-17T08:01:30Z  461.767  50.804  177.646  1.16182E-15  SWARM-A  19.726  50.733
2015-03-17T08:02:00Z  462.178  52.720  177.751  1.16395E-15  SWARM-A  19.742  52.657
2015-03-17T08:02:30Z  462.586  54.634  177.878  1.16616E-15  SWARM-A  19.759  54.581
2015-03-17T08:03:00Z  462.989  56.548  178.029  1.16861E-15  SWARM-A  19.777  56.505
2015-03-17T08:03:30Z  463.384  58.460  178.209  1.17111E-15  SWARM-A  19.797  58.429
2015-03-17T08:04:00Z  463.770  60.370  178.425  1.17319E-15  SWARM-A  19.820  60.354
2015-03-17T08:04:30Z  464.143  62.279  178.683  1.17428E-15  SWARM-A  19.846  62.278
2015-03-17T08:05:00Z  464.502  64.186  178.992  1.17375E-15  SWARM-A  19.875  64.202
2015-03-17T08:05:30Z  464.846  66.091  179.366  1.17118E-15  SWARM-A  19.908  66.127
2015-03-17T08:06:00Z  465.170  67.994  179.820  1.16634E-15  SWARM-A  19.946  68.051
2015-03-17T08:06:30Z  465.475  69.894  -179.622  1.15660E-15  SWARM-A  19.992  69.975
2015-03-17T08:07:00Z  465.758  71.790  -178.928  1.14776E-15  SWARM-A  20.047  71.900
2015-03-17T08:07:30Z  466.018  73.681  -178.051  1.13871E-15  SWARM-A  20.113  73.824
2015-03-17T08:08:00Z  466.253  75.566  -176.920  1.12255E-15  SWARM-A  20.197  75.749
2015-03-17T08:08:30Z  466.463  77.442  -175.422  1.11087E-15  SWARM-A  20.305  77.673
2015-03-17T08:09:00Z  466.645  79.305  -173.367  1.10049E-15  SWARM-A  20.451  79.598
2015-03-17T08:09:30Z  466.798  81.146  -170.413  1.09100E-15  SWARM-A  20.656  81.522
2015-03-17T08:10:00Z  466.923  82.949  -165.879  1.08182E-15  SWARM-A  20.966  83.447
2015-03-17T08:10:30Z  467.019  84.674  -158.265  1.07753E-15  SWARM-A  21.482  85.372
2015-03-17T08:11:00Z  467.084  86.216  -143.884  1.07347E-15  SWARM-A  22.449  87.296
2015-03-17T08:11:30Z  467.119  87.245  -115.084  1.07134E-15  SWARM-A  0.378  89.221
2015-03-17T08:12:00Z  467.123  87.142  -75.406  1.06919E-15  SWARM-A  3.031  91.145
2015-03-17T08:12:30Z  467.096  85.992  -49.411  1.06695E-15  SWARM-A  4.773  93.070
2015-03-17T08:13:00Z  467.039  84.409  -36.514  1.06490E-15  SWARM-A  5.641  94.995
2015-03-17T08:13:30Z  466.952  82.666  -29.552  1.06214E-15  SWARM-A  6.113  96.919
2015-03-17T08:14:00Z  466.835  80.856  -25.339  1.05756E-15  SWARM-A  6.402  98.844
2015-03-17T08:14:30Z  466.689  79.011  -22.560  1.05209E-15  SWARM-A  6.596  100.768
2015-03-17T08:15:00Z  466.515  77.145  -20.612  1.04576E-15  SWARM-A  6.734  102.693
2015-03-17T08:15:30Z  466.314  75.268  -19.182  1.03868E-15  SWARM-A  6.838  104.617
2015-03-17T08:16:00Z  466.086  73.382  -18.098  1.03096E-15  SWARM-A  6.919  106.542
2015-03-17T08:16:30Z  465.834  71.489  -17.254  1.02308E-15  SWARM-A  6.983  108.466
2015-03-17T08:17:00Z  465.559  69.593  -16.584  1.01532E-15  SWARM-A  7.036  110.390
2015-03-17T08:17:30Z  465.262  67.693  -16.044  1.00739E-15  SWARM-A  7.080  112.315
2015-03-17T08:18:00Z  464.945  65.790  -15.604  1.00016E-15  SWARM-A  7.118  114.239
2015-03-17T08:18:30Z  464.610  63.884  -15.242  9.93602E-16  SWARM-A  7.151  116.163
2015-03-17T08:19:00Z  464.258  61.977  -14.941  9.87450E-16  SWARM-A  7.179  118.088
2015-03-17T08:19:30Z  463.892  60.068  -14.690  9.81452E-16  SWARM-A  7.204  120.012
2015-03-17T08:20:00Z  463.514  58.157  -14.481  9.75159E-16  SWARM-A  7.226  121.936
2015-03-17T08:20:30Z  463.127  56.245  -14.305  9.68522E-16  SWARM-A  7.246  123.860
2015-03-17T08:21:00Z  462.731  54.332  -14.159  9.61702E-16  SWARM-A  7.265  125.784
2015-03-17T08:21:30Z  462.331  52.417  -14.036  9.54819E-16  SWARM-A  7.281  127.708
2015-03-17T08:22:00Z  461.928  50.501  -13.934  9.47916E-16  SWARM-A  7.296  129.631
2015-03-17T08:22:30Z  461.524  48.584  -13.849  9.41028E-16  SWARM-A  7.310  131.555
2015-03-17T08:23:00Z  461.123  46.666  -13.780  9.34158E-16  SWARM-A  7.323  133.479
2015-03-17T08:23:30Z  460.727  44.747  -13.724  9.27323E-16  SWARM-A  7.335  135.402
2015-03-17T08:24:00Z  460.337  42.827  -13.680  9.20591E-16  SWARM-A  7.346  137.326
2015-03-17T08:24:30Z  459.958  40.906  -13.646  9.13871E-16  SWARM-A  7.357  139.249
2015-03-17T08:25:00Z  459.590  38.984  -13.621  9.07219E-16  SWARM-A  7.367  141.172
2015-03-17T08:25:30Z  459.238  37.061  -13.603  9.00778E-16  SWARM-A  7.377  143.096
2015-03-17T08:26:00Z  458.902  35.138  -13.593  8.94165E-16  SWARM-A  7.386  145.019
2015-03-17T08:26:30Z  458.585  33.213  -13.589  8.87734E-16  SWARM-A  7.394  146.942
2015-03-17T08:27:00Z  458.291  31.288  -13.591  8.81743E-16  SWARM-A  7.402  148.864
2015-03-17T08:27:30Z  458.020  29.362  -13.597  8.76262E-16  SWARM-A  7.410  150.787
2015-03-17T08:28:00Z  457.775  27.436  -13.608  8.71307E-16  SWARM-A  7.418  152.710
2015-03-17T08:28:30Z  457.558  25.508  -13.623  8.67009E-16  SWARM-A  7.425  154.632
2015-03-17T08:29:00Z  457.371  23.581  -13.641  8.63131E-16  SWARM-A  7.432  156.554
2015-03-17T08:29:30Z  457.216  21.652  -13.662  8.60092E-16  SWARM-A  7.439  158.477
2015-03-17T08:30:00Z  457.094  19.724  -13.686  8.57735E-16  SWARM-A  7.446  160.399
2015-03-17T08:30:30Z  457.007  17.794  -13.713  8.55931E-16  SWARM-A  7.453  162.321
2015-03-17T08:31:00Z  456.956  15.865  -13.741  8.54776E-16  SWARM-A  7.459  164.242
2015-03-17T08:31:30Z  456.942  13.935  -13.771  8.54308E-16  SWARM-A  7.465  166.164
2015-03-17T08:32:00Z  456.967  12.005  -13.803  8.54522E-16  SWARM-A  7.472  168.086
2015-03-17T08:32:30Z  457.031  10.074  -13.837  8.55308E-16  SWARM-A  7.478  170.007
2015-03-17T08:33:00Z  457.135  8.144  -13.871  8.56677E-16  SWARM-A  7.484  171.928
2015-03-17T08:33:30Z  457.280  6.213  -13.906  8.58667E-16  SWARM-A  7.490  173.849
2015-03-17T08:34:00Z  457.466  4.282  -13.942  8.61227E-16  SWARM-A  7.496  175.770
2015-03-17T08:34:30Z  457.692  2.352  -13.978  8.64303E-16  SWARM-A  7.502  177.691
2015-03-17T08:35:00Z  457.960  0.421  -14.015  8.67898E-16  SWARM-A  7.508  179.611
2015-03-17T08:35:30Z  458.268  -1.509  -14.051  8.72122E-16  SWARM-A  7.513  181.532
2015-03-17T08:36:00Z  458.617  -3.439  -14.088  8.76868E-16  SWARM-A  7.519  183.452
2015-03-17T08:36:30Z  459.006  -5.369  -14.124  8.82146E-16  SWARM-A  7.525  185.372
2015-03-17T08:37:00Z  459.434  -7.299  -14.160  8.87960E-16  SWARM-A  7.531  187.292
2015-03-17T08:37:30Z  459.900  -9.228  -14.194  8.94315E-16  SWARM-A  7.537  189.211
2015-03-17T08:38:00Z  460.403  -11.156  -14.228  9.01146E-16  SWARM-A  7.543  191.131
2015-03-17T08:38:30Z  460.942  -13.085  -14.261  9.08513E-16  SWARM-A  7.549  193.050
2015-03-17T08:39:00Z  461.515  -15.012  -14.292  9.16438E-16  SWARM-A  7.556  194.969
2015-03-17T08:39:30Z  462.121  -16.939  -14.321  9.24934E-16  SWARM-A  7.562  196.888
2015-03-17T08:40:00Z  462.757  -18.866  -14.349  9.33908E-16  SWARM-A  7.569  198.807
2015-03-17T08:40:30Z  463.423  -20.791  -14.374  9.43448E-16  SWARM-A  7.575  200.726
2015-03-17T08:41:00Z  464.115  -22.716  -14.397  9.53553E-16  SWARM-A  7.582  202.644
2015-03-17T08:41:30Z  464.832  -24.640  -14.417  9.64112E-16  SWARM-A  7.589  204.563
2015-03-17T08:42:00Z  465.572  -26.563  -14.433  9.75135E-16  SWARM-A  7.596  206.481
2015-03-17T08:42:30Z  466.331  -28.485  -14.446  9.86657E-16  SWARM-A  7.604  208.399
2015-03-17T08:43:00Z  467.107  -30.407  -14.455  9.98426E-16  SWARM-A  7.612  210.316
2015-03-17T08:43:30Z  467.898  -32.327  -14.459  1.01007E-15  SWARM-A  7.620  212.234
2015-03-17T08:44:00Z  468.702  -34.246  -14.458  1.02158E-15  SWARM-A  7.628  214.151
2015-03-17T08:44:30Z  469.514  -36.164  -14.451  1.03334E-15  SWARM-A  7.637  216.069
2015-03-17T08:45:00Z  470.332  -38.082  -14.438  1.04526E-15  SWARM-A  7.646  217.986
2015-03-17T08:45:30Z  471.154  -39.998  -14.417  1.05723E-15  SWARM-A  7.656  219.903
2015-03-17T08:46:00Z  471.976  -41.913  -14.388  1.06922E-15  SWARM-A  7.666  221.819
2015-03-17T08:46:30Z  472.796  -43.826  -14.349  1.08124E-15  SWARM-A  7.677  223.736
2015-03-17T08:47:00Z  473.611  -45.739  -14.300  1.09314E-15  SWARM-A  7.689  225.653
2015-03-17T08:47:30Z  474.417  -47.650  -14.238  1.10493E-15  SWARM-A  7.701  227.569
2015-03-17T08:48:00Z  475.212  -49.560  -14.162  1.11661E-15  SWARM-A  7.714  229.485
2015-03-17T08:48:30Z  475.992  -51.469  -14.070  1.12810E-15  SWARM-A  7.729  231.401
2015-03-17T08:49:00Z  476.756  -53.376  -13.958  1.13933E-15  SWARM-A  7.745  233.317
2015-03-17T08:49:30Z  477.499  -55.282  -13.825  1.15022E-15  SWARM-A  7.762  235.233
2015-03-17T08:50:00Z  478.220  -57.187  -13.666  1.16055E-15  SWARM-A  7.781  237.149
2015-03-17T08:50:30Z  478.916  -59.090  -13.476  1.17045E-15  SWARM-A  7.802  239.064
2015-03-17T08:51:00Z  479.584  -60.991  -13.249  1.18004E-15  SWARM-A  7.825  240.980
2015-03-17T08:51:30Z  480.222  -62.891  -12.977  1.18921E-15  SWARM-A  7.852  242.895
2015-03-17T08:52:00Z  480.827  -64.788  -12.651  1.19764E-15  SWARM-A  7.882  244.810
2015-03-17T08:52:30Z  481.397  -66.684  -12.256  1.20597E-15  SWARM-A  7.916  246.726
2015-03-17T08:53:00Z  481.930  -68.576  -11.776  1.21496E-15  SWARM-A  7.957  248.641
2015-03-17T08:53:30Z  482.425  -70.466  -11.184  1.22427E-15  SWARM-A  8.005  250.556
2015-03-17T08:54:00Z  482.878  -72.351  -10.445  1.23474E-15  SWARM-A  8.062  252.471
2015-03-17T08:54:30Z  483.289  -74.231  -9.508  1.24611E-15  SWARM-A  8.133  254.386
2015-03-17T08:55:00Z  483.656  -76.105  -8.291  1.25730E-15  SWARM-A  8.222  256.300
2015-03-17T08:55:30Z  483.977  -77.968  -6.668  1.26735E-15  SWARM-A  8.339  258.215
2015-03-17T08:56:00Z  484.251  -79.816  -4.418  1.27748E-15  SWARM-A  8.497  260.130
2015-03-17T08:56:30Z  484.478  -81.640  -1.138  1.28745E-15  SWARM-A  8.724  262.045
2015-03-17T08:57:00Z  484.657  -83.418  3.994  1.29681E-15  SWARM-A  9.075  263.959
2015-03-17T08:57:30Z  484.786  -85.101  12.842  1.30571E-15  SWARM-A  9.673  265.874
2015-03-17T08:58:00Z  484.865  -86.550  29.998  1.31429E-15  SWARM-A  10.825  267.788
2015-03-17T08:58:30Z  484.894  -87.345  63.070  1.32385E-15  SWARM-A  13.038  269.703
2015-03-17T08:59:00Z  484.874  -86.929  100.901  1.33365E-15  SWARM-A  15.569  271.618
2015-03-17T08:59:30Z  484.803  -85.635  122.765  1.34221E-15  SWARM-A  17.035  273.532
2015-03-17T09:00:00Z  484.682  -84.008  133.721  1.34588E-15  SWARM-A  17.773  275.447
2015-03-17T09:00:30Z  484.512  -82.254  139.826  1.35394E-15  SWARM-A  18.189  277.362
2015-03-17T09:01:00Z  484.293  -80.443  143.613  1.36186E-15  SWARM-A  18.449  279.276
2015-03-17T09:01:30Z  484.027  -78.602  146.156  1.36948E-15  SWARM-A  18.627  281.191
2015-03-17T09:02:00Z  483.713  -76.743  147.962  1.37591E-15  SWARM-A  18.756  283.106
2015-03-17T09:02:30Z  483.354  -74.873  149.300  1.37995E-15  SWARM-A  18.854  285.021
2015-03-17T09:03:00Z  482.951  -72.994  150.322  1.38293E-15  SWARM-A  18.930  286.935
2015-03-17T09:03:30Z  482.504  -71.111  151.121  1.38439E-15  SWARM-A  18.992  288.850
2015-03-17T09:04:00Z  482.017  -69.222  151.759  1.38228E-15  SWARM-A  19.043  290.765
2015-03-17T09:04:30Z  481.490  -67.331  152.274  1.37972E-15  SWARM-A  19.085  292.681
2015-03-17T09:05:00Z  480.925  -65.436  152.696  1.37955E-15  SWARM-A  19.122  294.596
2015-03-17T09:05:30Z  480.325  -63.539  153.044  1.37509E-15  SWARM-A  19.153  296.511
2015-03-17T09:06:00Z  479.692  -61.641  153.333  1.36975E-15  SWARM-A  19.181  298.426
2015-03-17T09:06:30Z  479.028  -59.740  153.575  1.36643E-15  SWARM-A  19.205  300.342
2015-03-17T09:07:00Z  478.336  -57.837  153.776  1.36796E-15  SWARM-A  19.227  302.257
2015-03-17T09:07:30Z  477.617  -55.933  153.946  1.36761E-15  SWARM-A  19.247  304.173
2015-03-17T09:08:00Z  476.876  -54.028  154.087  1.36295E-15  SWARM-A  19.264  306.089
2015-03-17T09:08:30Z  476.114  -52.121  154.205  1.36278E-15  SWARM-A  19.281  308.005
2015-03-17T09:09:00Z  475.334  -50.212  154.304  1.36214E-15  SWARM-A  19.296  309.921
2015-03-17T09:09:30Z  474.539  -48.302  154.385  1.35966E-15  SWARM-A  19.309  311.837
2015-03-17T09:10:00Z  473.732  -46.391  154.452  1.35656E-15  SWARM-A  19.322  313.754
2015-03-17T09:10:30Z  472.916  -44.479  154.505  1.34463E-15  SWARM-A  19.334  315.670
2015-03-17T09:11:00Z  472.093  -42.566  154.547  1.33347E-15  SWARM-A  19.345  317.587
2015-03-17T09:11:30Z  471.268  -40.651  154.580  1.31983E-15  SWARM-A  19.356  319.504
2015-03-17T09:12:00Z  470.442  -38.735  154.603  1.30715E-15  SWARM-A  19.366  321.421
2015-03-17T09:12:30Z  469.619  -36.819  154.619  1.29646E-15  SWARM-A  19.375  323.338
2015-03-17T09:13:00Z  468.802  -34.901  154.628  1.29431E-15  SWARM-A  19.384  325.255
2015-03-17T09:13:30Z  467.992  -32.982  154.631  1.28885E-15  SWARM-A  19.392  327.173
2015-03-17T09:14:00Z  467.195  -31.061  154.629  1.28905E-15  SWARM-A  19.401  329.090
2015-03-17T09:14:30Z  466.411  -29.140  154.622  1.27998E-15  SWARM-A  19.408  331.008
2015-03-17T09:15:00Z  465.643  -27.218  154.610  1.27710E-15  SWARM-A  19.416  332.926
2015-03-17T09:15:30Z  464.895  -25.295  154.595  1.27500E-15  SWARM-A  19.423  334.844
2015-03-17T09:16:00Z  464.168  -23.372  154.576  1.26916E-15  SWARM-A  19.430  336.763
2015-03-17T09:16:30Z  463.466  -21.447  154.554  1.26618E-15  SWARM-A  19.437  338.681
2015-03-17T09:17:00Z  462.789  -19.522  154.530  1.26331E-15  SWARM-A  19.444  340.600
2015-03-17T09:17:30Z  462.141  -17.595  154.503  1.26044E-15  SWARM-A  19.450  342.519
2015-03-17T09:18:00Z  461.523  -15.669  154.474  1.25861E-15  SWARM-A  19.457  344.438
2015-03-17T09:18:30Z  460.938  -13.741  154.443  1.25680E-15  SWARM-A  19.463  346.357
2015-03-17T09:19:00Z  460.386  -11.813  154.411  1.25558E-15  SWARM-A  19.469  348.276
2015-03-17T09:19:30Z  459.870  -9.884  154.378  1.25468E-15  SWARM-A  19.476  350.196
2015-03-17T09:20:00Z  459.390  -7.955  154.343  1.25417E-15  SWARM-A  19.482  352.116
2015-03-17T09:20:30Z  458.948  -6.026  154.308  1.25408E-15  SWARM-A  19.488  354.036
2015-03-17T09:21:00Z  458.546  -4.096  154.272  1.25447E-15  SWARM-A  19.493  355.956
2015-03-17T09:21:30Z  458.183  -2.166  154.236  1.25533E-15  SWARM-A  19.499  357.876
2015-03-17T09:22:00Z  457.860  -0.235  154.199  1.25788E-15  SWARM-A  19.505  359.796
2015-03-17T09:22:30Z  457.578  1.696  154.163  1.25826E-15  SWARM-A  19.511  1.717
2015-03-17T09:23:00Z  457.338  3.626  154.126  1.26192E-15  SWARM-A  19.517  3.638
2015-03-17T09:23:30Z  457.139  5.557  154.090  1.25537E-15  SWARM-A  19.523  5.559
2015-03-17T09:24:00Z  456.981  7.488  154.055  1.24640E-15  SWARM-A  19.529  7.480
2015-03-17T09:24:30Z  456.864  9.418  154.020  1.26738E-15  SWARM-A  19.535  9.401
2015-03-17T09:25:00Z  456.787  11.349  153.986  1.26552E-15  SWARM-A  19.541  11.322
2015-03-17T09:25:30Z  456.750  13.279  153.954  1.28194E-15  SWARM-A  19.547  13.244
2015-03-17T09:26:00Z  456.752  15.210  153.923  1.28055E-15  SWARM-A  19.554  15.166
2015-03-17T09:26:30Z  456.793  17.139  153.894  1.29215E-15  SWARM-A  19.560  17.088
2015-03-17T09:27:00Z  456.870  19.069  153.867  1.30027E-15  SWARM-A  19.566  19.009
2015-03-17T09:27:30Z  456.982  20.998  153.842  1.30720E-15  SWARM-A  19.573  20.932
2015-03-17T09:28:00Z  457.129  22.926  153.820  1.31413E-15  SWARM-A  19.580  22.854
2015-03-17T09:28:30Z  457.308  24.854  153.801  1.32150E-15  SWARM-A  19.587  24.776
2015-03-17T09:29:00Z  457.518  26.782  153.785  1.32882E-15  SWARM-A  19.594  26.699
2015-03-17T09:29:30Z  457.757  28.709  153.772  1.33653E-15  SWARM-A  19.602  28.621
2015-03-17T09:30:00Z  458.023  30.635  153.764  1.34406E-15  SWARM-A  19.610  30.544
2015-03-17T09:30:30Z  458.314  32.561  153.761  1.35151E-15  SWARM-A  19.618  32.467
2015-03-17T09:31:00Z  458.627  34.485  153.763  1.35895E-15  SWARM-A  19.626  34.390
2015-03-17T09:31:30Z  458.961  36.409  153.771  1.36637E-15  SWARM-A  19.635  36.313
2015-03-17T09:32:00Z  459.313  38.332  153.786  1.37369E-15  SWARM-A  19.644  38.236
2015-03-17T09:32:30Z  459.681  40.255  153.808  1.38089E-15  SWARM-A  19.654  40.160
2015-03-17T09:33:00Z  460.062  42.176  153.839  1.38806E-15  SWARM-A  19.665  42.083
2015-03-17T09:33:30Z  460.454  44.097  153.880  1.39507E-15  SWARM-A  19.676  44.007
2015-03-17T09:34:00Z  460.854  46.016  153.932  1.40191E-15  SWARM-A  19.687  45.930
2015-03-17T09:34:30Z  461.260  47.935  153.996  1.40867E-15  SWARM-A  19.700  47.854
2015-03-17T09:35:00Z  461.669  49.852  154.075  1.41494E-15  SWARM-A  19.714  49.778
2015-03-17T09:35:30Z  462.079  51.768  154.171  1.42060E-15  SWARM-A  19.728  51.701
2015-03-17T09:36:00Z  462.487  53.683  154.287  1.42566E-15  SWARM-A  19.744  53.625
2015-03-17T09:36:30Z  462.891  55.597  154.425  1.43109E-15  SWARM-A  19.762  55.549
2015-03-17T09:37:00Z  463.288  57.510  154.590  1.43363E-15  SWARM-A  19.781  57.473
2015-03-17T09:37:30Z  463.677  59.421  154.787  1.43237E-15  SWARM-A  19.803  59.397
2015-03-17T09:38:00Z  464.054  61.331  155.023  1.43982E-15  SWARM-A  19.827  61.322
2015-03-17T09:38:30Z  464.418  63.239  155.306  1.45016E-15  SWARM-A  19.854  63.246
2015-03-17T09:39:00Z  464.766  65.145  155.646  1.44356E-15  SWARM-A  19.885  65.170
2015-03-17T09:39:30Z  465.098  67.049  156.058  1.44803E-15  SWARM-A  19.921  67.094
2015-03-17T09:40:00Z  465.409  68.950  156.561  1.44836E-15  SWARM-A  19.963  69.019
2015-03-17T09:40:30Z  465.700  70.848  157.182  1.45160E-15  SWARM-A  20.013  70.943
2015-03-17T09:41:00Z  465.969  72.742  157.961  1.43935E-15  SWARM-A  20.073  72.867
2015-03-17T09:41:30Z  466.213  74.630  158.954  1.43517E-15  SWARM-A  20.147  74.792
2015-03-17T09:42:00Z  466.432  76.511  160.252  1.42847E-15  SWARM-A  20.242  76.716
2015-03-17T09:42:30Z  466.624  78.381  161.999  1.41916E-15  SWARM-A  20.367  78.641
2015-03-17T09:43:00Z  466.788  80.234  164.449  1.41141E-15  SWARM-A  20.539  80.565
2015-03-17T09:43:30Z  466.924  82.059  168.078  1.40455E-15  SWARM-A  20.789  82.490
2015-03-17T09:44:00Z  467.030  83.830  173.884  1.40027E-15  SWARM-A  21.184  84.415
2015-03-17T09:44:30Z  467.106  85.485  -175.793  1.39762E-15  SWARM-A  21.881  86.339
2015-03-17T09:45:00Z  467.152  86.834  -155.254  1.39584E-15  SWARM-A  23.258  88.264
2015-03-17T09:45:30Z  467.168  87.360  -118.275  1.39623E-15  SWARM-A  1.732  90.188
2015-03-17T09:46:00Z  467.152  86.650  -83.641  1.39717E-15  SWARM-A  4.049  92.113
2015-03-17T09:46:30Z  467.106  85.226  -65.376  1.39845E-15  SWARM-A  5.275  94.037
2015-03-17T09:47:00Z  467.030  83.545  -56.063  1.39387E-15  SWARM-A  5.905  95.962
2015-03-17T09:47:30Z  466.923  81.762  -50.722  1.39516E-15  SWARM-A  6.269  97.886
2015-03-17T09:48:00Z  466.787  79.932  -47.335  1.39228E-15  SWARM-A  6.503  99.811
2015-03-17T09:48:30Z  466.623  78.075  -45.026  1.38846E-15  SWARM-A  6.665  101.736
2015-03-17T09:49:00Z  466.431  76.203  -43.366  1.38343E-15  SWARM-A  6.784  103.660
2015-03-17T09:49:30Z  466.212  74.320  -42.126  1.37715E-15  SWARM-A  6.875  105.584
2015-03-17T09:50:00Z  465.968  72.431  -41.173  1.36955E-15  SWARM-A  6.947  107.509
2015-03-17T09:50:30Z  465.700  70.537  -40.423  1.36032E-15  SWARM-A  7.006  109.433
2015-03-17T09:51:00Z  465.410  68.638  -39.824  1.35050E-15  SWARM-A  7.054  111.358
2015-03-17T09:51:30Z  465.098  66.736  -39.337  1.34047E-15  SWARM-A  7.095  113.282
2015-03-17T09:52:00Z  464.767  64.832  -38.938  1.33053E-15  SWARM-A  7.130  115.206
2015-03-17T09:52:30Z  464.420  62.926  -38.608  1.32110E-15  SWARM-A  7.160  117.131
2015-03-17T09:53:00Z  464.056  61.018  -38.334  1.31210E-15  SWARM-A  7.186  119.055
2015-03-17T09:53:30Z  463.680  59.108  -38.105  1.30312E-15  SWARM-A  7.210  120.979
2015-03-17T09:54:00Z  463.293  57.196  -37.914  1.29579E-15  SWARM-A  7.231  122.903
2015-03-17T09:54:30Z  462.897  55.283  -37.753  1.28769E-15  SWARM-A  7.250  124.827
2015-03-17T09:55:00Z  462.495  53.369  -37.619  1.27968E-15  SWARM-A  7.268  126.751
2015-03-17T09:55:30Z  462.089  51.454  -37.507  1.27147E-15  SWARM-A  7.283  128.675
2015-03-17T09:56:00Z  461.681  49.538  -37.414  1.26295E-15  SWARM-A  7.298  130.598
2015-03-17T09:56:30Z  461.274  47.620  -37.337  1.25437E-15  SWARM-A  7.311  132.522
2015-03-17T09:57:00Z  460.871  45.701  -37.275  1.24546E-15  SWARM-A  7.324  134.446
2015-03-17T09:57:30Z  460.474  43.782  -37.225  1.23658E-15  SWARM-A  7.335  136.369
2015-03-17T09:58:00Z  460.085  41.861  -37.186  1.22669E-15  SWARM-A  7.346  138.293
2015-03-17T09:58:30Z  459.707  39.940  -37.157  1.21678E-15  SWARM-A  7.357  140.216
2015-03-17T09:59:00Z  459.343  38.017  -37.136  1.20686E-15  SWARM-A  7.366  142.139
2015-03-17T09:59:30Z  458.994  36.094  -37.122  1.19734E-15  SWARM-A  7.376  144.062
2015-03-17T10:00:00Z  458.664  34.170  -37.115  1.18759E-15  SWARM-A  7.384  145.985
2015-03-17T10:00:30Z  458.354  32.245  -37.114  1.17836E-15  SWARM-A  7.393  147.908
2015-03-17T10:01:00Z  458.067  30.320  -37.118  1.16935E-15  SWARM-A  7.401  149.831
2015-03-17T10:01:30Z  457.806  28.393  -37.127  1.16071E-15  SWARM-A  7.409  151.754
2015-03-17T10:02:00Z  457.571  26.466  -37.139  1.15267E-15  SWARM-A  7.416  153.676
2015-03-17T10:02:30Z  457.366  24.539  -37.156  1.14515E-15  SWARM-A  7.423  155.599
2015-03-17T10:03:00Z  457.191  22.611  -37.176  1.13827E-15  SWARM-A  7.430  157.521
2015-03-17T10:03:30Z  457.049  20.682  -37.198  1.13187E-15  SWARM-A  7.437  159.443
2015-03-17T10:04:00Z  456.942  18.753  -37.224  1.12623E-15  SWARM-A  7.444  161.365
2015-03-17T10:04:30Z  456.870  16.824  -37.251  1.12118E-15  SWARM-A  7.450  163.287
2015-03-17T10:05:00Z  456.835  14.894  -37.280  1.11692E-15  SWARM-A  7.457  165.209
2015-03-17T10:05:30Z  456.838  12.964  -37.312  1.11307E-15  SWARM-A  7.463  167.131
2015-03-17T10:06:00Z  456.881  11.033  -37.344  1.10998E-15  SWARM-A  7.469  169.052
2015-03-17T10:06:30Z  456.963  9.103  -37.378  1.10744E-15  SWARM-A  7.475  170.973
2015-03-17T10:07:00Z  457.086  7.172  -37.413  1.10546E-15  SWARM-A  7.481  172.895
2015-03-17T10:07:30Z  457.250  5.242  -37.448  1.10401E-15  SWARM-A  7.487  174.816
2015-03-17T10:08:00Z  457.456  3.311  -37.484  1.10298E-15  SWARM-A  7.493  176.736
2015-03-17T10:08:30Z  457.702  1.380  -37.521  1.10236E-15  SWARM-A  7.499  178.657
2015-03-17T10:09:00Z  457.990  -0.550  -37.557  1.10211E-15  SWARM-A  7.505  180.578
2015-03-17T10:09:30Z  458.318  -2.481  -37.594  1.10215E-15  SWARM-A  7.511  182.498
2015-03-17T10:10:00Z  458.687  -4.411  -37.630  1.10244E-15  SWARM-A  7.517  184.418
2015-03-17T10:10:30Z  459.096  -6.340  -37.666  1.10305E-15  SWARM-A  7.523  186.338
2015-03-17T10:11:00Z  459.543  -8.270  -37.701  1.10382E-15  SWARM-A  7.529  188.258
2015-03-17T10:11:30Z  460.028  -10.199  -37.735  1.10480E-15  SWARM-A  7.535  190.178
2015-03-17T10:12:00Z  460.550  -12.127  -37.769  1.10606E-15  SWARM-A  7.541  192.097
2015-03-17T10:12:30Z  461.107  -14.055  -37.801  1.10754E-15  SWARM-A  7.547  194.016
2015-03-17T10:13:00Z  461.698  -15.983  -37.831  1.10911E-15  SWARM-A  7.553  195.936
2015-03-17T10:13:30Z  462.320  -17.909  -37.859  1.11109E-15  SWARM-A  7.560  197.855
2015-03-17T10:14:00Z  462.973  -19.835  -37.886  1.11338E-15  SWARM-A  7.566  199.773
2015-03-17T10:14:30Z  463.654  -21.761  -37.910  1.11600E-15  SWARM-A  7.573  201.692
2015-03-17T10:15:00Z  464.361  -23.685  -37.931  1.11905E-15  SWARM-A  7.580  203.610
2015-03-17T10:15:30Z  465.091  -25.609  -37.949  1.12253E-15  SWARM-A  7.587  205.529
2015-03-17T10:16:00Z  465.843  -27.531  -37.964  1.12644E-15  SWARM-A  7.595  207.447
2015-03-17T10:16:30Z  466.613  -29.453  -37.975  1.13097E-15  SWARM-A  7.602  209.365
2015-03-17T10:17:00Z  467.400  -31.374  -37.981  1.13585E-15  SWARM-A  7.610  211.282
2015-03-17T10:17:30Z  468.200  -33.294  -37.983  1.14120E-15  SWARM-A  7.618  213.200
2015-03-17T10:18:00Z  469.011  -35.213  -37.979  1.14697E-15  SWARM-A  7.627  215.117
2015-03-17T10:18:30Z  469.829  -37.131  -37.969  1.15233E-15  SWARM-A  7.636  217.035
2015-03-17T10:19:00Z  470.653  -39.047  -37.952  1.15766E-15  SWARM-A  7.645  218.952
2015-03-17T10:19:30Z  471.479  -40.963  -37.927  1.16319E-15  SWARM-A  7.655  220.869
2015-03-17T10:20:00Z  472.304  -42.877  -37.893  1.16884E-15  SWARM-A  7.666  222.785
2015-03-17T10:20:30Z  473.126  -44.790  -37.849  1.17455E-15  SWARM-A  7.677  224.702
2015-03-17T10:21:00Z  473.940  -46.702  -37.793  1.18026E-15  SWARM-A  7.689  226.618
2015-03-17T10:21:30Z  474.745  -48.613  -37.725  1.18581E-15  SWARM-A  7.702  228.535
2015-03-17T10:22:00Z  475.538  -50.522  -37.641  1.19113E-15  SWARM-A  7.716  230.451
2015-03-17T10:22:30Z  476.315  -52.431  -37.539  1.19629E-15  SWARM-A  7.731  232.367
2015-03-17T10:23:00Z  477.074  -54.337  -37.417  1.20110E-15  SWARM-A  7.748  234.283
2015-03-17T10:23:30Z  477.811  -56.243  -37.271  1.20554E-15  SWARM-A  7.766  236.199
2015-03-17T10:24:00Z  478.525  -58.146  -37.097  1.20972E-15  SWARM-A  7.786  238.114
2015-03-17T10:24:30Z  479.212  -60.049  -36.889  1.21317E-15  SWARM-A  7.808  240.030
2015-03-17T10:25:00Z  479.870  -61.949  -36.641  1.21595E-15  SWARM-A  7.833  241.945
2015-03-17T10:25:30Z  480.497  -63.848  -36.343  1.21834E-15  SWARM-A  7.861  243.861
2015-03-17T10:26:00Z  481.089  -65.744  -35.984  1.22029E-15  SWARM-A  7.893  245.776
2015-03-17T10:26:30Z  481.646  -67.638  -35.548  1.22215E-15  SWARM-A  7.931  247.691
2015-03-17T10:27:00Z  482.165  -69.529  -35.015  1.22347E-15  SWARM-A  7.975  249.606
2015-03-17T10:27:30Z  482.644  -71.417  -34.354  1.22323E-15  SWARM-A  8.027  251.521
2015-03-17T10:28:00Z  483.081  -73.300  -33.523  1.22379E-15  SWARM-A  8.091  253.436
2015-03-17T10:28:30Z  483.475  -75.177  -32.457  1.22548E-15  SWARM-A  8.170  255.351
2015-03-17T10:29:00Z  483.824  -77.046  -31.055  1.22864E-15  SWARM-A  8.272  257.266
2015-03-17T10:29:30Z  484.128  -78.902  -29.151  1.23293E-15  SWARM-A  8.407  259.180
2015-03-17T10:30:00Z  484.383  -80.740  -26.450  1.23935E-15  SWARM-A  8.596  261.095
2015-03-17T10:30:30Z  484.591  -82.544  -22.381  1.24623E-15  SWARM-A  8.875  263.010
2015-03-17T10:31:00Z  484.750  -84.283  -15.720  1.25274E-15  SWARM-A  9.328  264.924
2015-03-17T10:31:30Z  484.859  -85.877  -3.533  1.25887E-15  SWARM-A  10.148  266.839
2015-03-17T10:32:00Z  484.919  -87.075  20.935  1.26516E-15  SWARM-A  11.788  268.754
2015-03-17T10:32:30Z  484.928  -87.289  60.049  1.27147E-15  SWARM-A  14.404  270.668
2015-03-17T10:33:00Z  484.887  -86.342  90.322  1.27476E-15  SWARM-A  16.430  272.583
2015-03-17T10:33:30Z  484.796  -84.838  105.627  1.27839E-15  SWARM-A  17.459  274.497
2015-03-17T10:34:00Z  484.656  -83.134  113.664  1.28289E-15  SWARM-A  18.003  276.412
2015-03-17T10:34:30Z  484.466  -81.346  118.409  1.28837E-15  SWARM-A  18.328  278.327
2015-03-17T10:35:00Z  484.228  -79.518  121.483  1.29348E-15  SWARM-A  18.541  280.241
2015-03-17T10:35:30Z  483.943  -77.666  123.611  1.30060E-15  SWARM-A  18.691  282.156
2015-03-17T10:36:00Z  483.611  -75.801  125.157  1.30604E-15  SWARM-A  18.803  284.071
2015-03-17T10:36:30Z  483.234  -73.927  126.321  1.31348E-15  SWARM-A  18.889  285.986
2015-03-17T10:37:00Z  482.813  -72.045  127.222  1.32168E-15  SWARM-A  18.957  287.901
2015-03-17T10:37:30Z  482.350  -70.159  127.934  1.32657E-15  SWARM-A  19.013  289.815
2015-03-17T10:38:00Z  481.846  -68.269  128.506  1.32450E-15  SWARM-A  19.059  291.731
2015-03-17T10:38:30Z  481.304  -66.376  128.971  1.33122E-15  SWARM-A  19.099  293.646
2015-03-17T10:39:00Z  480.725  -64.481  129.354  1.33095E-15  SWARM-A  19.133  295.561
2015-03-17T10:39:30Z  480.112  -62.583  129.671  1.33042E-15  SWARM-A  19.162  297.476
2015-03-17T10:40:00Z  479.467  -60.683  129.935  1.33030E-15  SWARM-A  19.188  299.391
2015-03-17T10:40:30Z  478.792  -58.781  130.155  1.33048E-15  SWARM-A  19.211  301.307
2015-03-17T10:41:00Z  478.090  -56.878  130.340  1.33230E-15  SWARM-A  19.232  303.223
2015-03-17T10:41:30Z  477.363  -54.973  130.495  1.33604E-15  SWARM-A  19.250  305.138
2015-03-17T10:42:00Z  476.614  -53.067  130.624  1.34194E-15  SWARM-A  19.267  307.054
2015-03-17T10:42:30Z  475.845  -51.159  130.732  1.34968E-15  SWARM-A  19.283  308.970
2015-03-17T10:43:00Z  475.060  -49.250  130.822  1.36093E-15  SWARM-A  19.297  310.886
2015-03-17T10:43:30Z  474.262  -47.340  130.895  1.36707E-15  SWARM-A  19.310  312.802
2015-03-17T10:44:00Z  473.453  -45.429  130.955  1.37461E-15  SWARM-A  19.323  314.719
2015-03-17T10:44:30Z  472.636  -43.516  131.003  1.37933E-15  SWARM-A  19.334  316.635
2015-03-17T10:45:00Z  471.814  -41.602  131.040  1.37880E-15  SWARM-A  19.345  318.552
2015-03-17T10:45:30Z  470.991  -39.687  131.068  1.37666E-15  SWARM-A  19.355  320.469
2015-03-17T10:46:00Z  470.169  -37.771  131.087  1.37369E-15  SWARM-A  19.365  322.386
2015-03-17T10:46:30Z  469.350  -35.853  131.100  1.37260E-15  SWARM-A  19.374  324.303
2015-03-17T10:47:00Z  468.539  -33.935  131.106  1.37432E-15  SWARM-A  19.383  326.220
2015-03-17T10:47:30Z  467.737  -32.015  131.106  1.37869E-15  SWARM-A  19.391  328.138
2015-03-17T10:48:00Z  466.948  -30.095  131.101  1.38474E-15  SWARM-A  19.399  330.055
2015-03-17T10:48:30Z  466.175  -28.173  131.091  1.39144E-15  SWARM-A  19.407  331.973
2015-03-17T10:49:00Z  465.419  -26.251  131.078  1.39807E-15  SWARM-A  19.414  333.891
2015-03-17T10:49:30Z  464.683  -24.328  131.061  1.40431E-15  SWARM-A  19.421  335.809
2015-03-17T10:50:00Z  463.971  -22.404  131.041  1.41024E-15  SWARM-A  19.428  337.728
2015-03-17T10:50:30Z  463.283  -20.479  131.017  1.41571E-15  SWARM-A  19.435  339.646
2015-03-17T10:51:00Z  462.622  -18.553  130.992  1.42077E-15  SWARM-A  19.442  341.565
2015-03-17T10:51:30Z  461.991  -16.626  130.964  1.42556E-15  SWARM-A  19.448  343.484
2015-03-17T10:52:00Z  461.391  -14.699  130.934  1.43002E-15  SWARM-A  19.455  345.403
2015-03-17T10:52:30Z  460.824  -12.772  130.903  1.43417E-15  SWARM-A  19.461  347.322
2015-03-17T10:53:00Z  460.291  -10.843  130.870  1.43799E-15  SWARM-A  19.467  349.241
2015-03-17T10:53:30Z  459.794  -8.915  130.836  1.44141E-15  SWARM-A  19.473  351.161
2015-03-17T10:54:00Z  459.335  -6.985  130.801  1.44431E-15  SWARM-A  19.479  353.081
2015-03-17T10:54:30Z  458.913  -5.056  130.766  1.44688E-15  SWARM-A  19.485  355.001
2015-03-17T10:55:00Z  458.531  -3.126  130.730  1.44893E-15  SWARM-A  19.491  356.921
2015-03-17T10:55:30Z  458.189  -1.196  130.693  1.45051E-15  SWARM-A  19.497  358.841
2015-03-17T10:56:00Z  457.887  0.735  130.657  1.45157E-15  SWARM-A  19.503  0.761
2015-03-17T10:56:30Z  457.626  2.665  130.620  1.45216E-15  SWARM-A  19.509  2.682
2015-03-17T10:57:00Z  457.406  4.596  130.584  1.45225E-15  SWARM-A  19.515  4.603
2015-03-17T10:57:30Z  457.227  6.527  130.548  1.45143E-15  SWARM-A  19.521  6.524
2015-03-17T10:58:00Z  457.089  8.457  130.513  1.44970E-15  SWARM-A  19.527  8.445
2015-03-17T10:58:30Z  456.992  10.388  130.479  1.44760E-15  SWARM-A  19.533  10.366
2015-03-17T10:59:00Z  456.934  12.318  130.446  1.44500E-15  SWARM-A  19.539  12.287
2015-03-17T10:59:30Z  456.915  14.248  130.414  1.44201E-15  SWARM-A  19.545  14.209
2015-03-17T11:00:00Z  456.935  16.178  130.384  1.43856E-15  SWARM-A  19.551  16.130
2015-03-17T11:00:30Z  456.991  18.108  130.356  1.43471E-15  SWARM-A  19.558  18.052
2015-03-17T11:01:00Z  457.084  20.037  130.330  1.43058E-15  SWARM-A  19.564  19.974
2015-03-17T11:01:30Z  457.212  21.966  130.307  1.42577E-15  SWARM-A  19.571  21.896
2015-03-17T11:02:00Z  457.373  23.894  130.286  1.42077E-15  SWARM-A  19.578  23.819
2015-03-17T11:02:30Z  457.565  25.822  130.268  1.41552E-15  SWARM-A  19.585  25.741
2015-03-17T11:03:00Z  457.786  27.749  130.254  1.40989E-15  SWARM-A  19.593  27.663
2015-03-17T11:03:30Z  458.036  29.675  130.244  1.40389E-15  SWARM-A  19.600  29.586
2015-03-17T11:04:00Z  458.311  31.601  130.239  1.39773E-15  SWARM-A  19.608  31.509
2015-03-17T11:04:30Z  458.610  33.526  130.238  1.39134E-15  SWARM-A  19.617  33.432
2015-03-17T11:05:00Z  458.930  35.450  130.243  1.38467E-15  SWARM-A  19.625  35.355
2015-03-17T11:05:30Z  459.269  37.374  130.255  1.37773E-15  SWARM-A  19.634  37.278
2015-03-17T11:06:00Z  459.625  39.297  130.273  1.37066E-15  SWARM-A  19.644  39.201
2015-03-17T11:06:30Z  459.995  41.218  130.300  1.36337E-15  SWARM-A  19.654  41.124
2015-03-17T11:07:00Z  460.377  43.139  130.336  1.35591E-15  SWARM-A  19.665  43.048
2015-03-17T11:07:30Z  460.768  45.059  130.382  1.34826E-15  SWARM-A  19.676  44.971
2015-03-17T11:08:00Z  461.166  46.978  130.440  1.34034E-15  SWARM-A  19.688  46.895
2015-03-17T11:08:30Z  461.569  48.896  130.512  1.33201E-15  SWARM-A  19.701  48.818
2015-03-17T11:09:00Z  461.973  50.813  130.599  1.32236E-15  SWARM-A  19.716  50.742
2015-03-17T11:09:30Z  462.376  52.728  130.704  1.31206E-15  SWARM-A  19.731  52.666
2015-03-17T11:10:00Z  462.777  54.643  130.831  1.30127E-15  SWARM-A  19.748  54.590
2015-03-17T11:10:30Z  463.172  56.556  130.982  1.29048E-15  SWARM-A  19.766  56.514
2015-03-17T11:11:00Z  463.560  58.468  131.163  1.28026E-15  SWARM-A  19.787  58.438
2015-03-17T11:11:30Z  463.937  60.378  131.379  1.27085E-15  SWARM-A  19.809  60.362
2015-03-17T11:12:00Z  464.302  62.287  131.637  1.26225E-15  SWARM-A  19.835  62.286
2015-03-17T11:12:30Z  464.653  64.194  131.948  1.25335E-15  SWARM-A  19.864  64.210
2015-03-17T11:13:00Z  464.987  66.099  132.322  1.24307E-15  SWARM-A  19.897  66.134
2015-03-17T11:13:30Z  465.303  68.002  132.777  1.23256E-15  SWARM-A  19.936  68.059
2015-03-17T11:14:00Z  465.599  69.901  133.336  1.22082E-15  SWARM-A  19.981  69.983
2015-03-17T11:14:30Z  465.873  71.797  134.032  1.20866E-15  SWARM-A  20.036  71.907
2015-03-17T11:15:00Z  466.124  73.689  134.910  1.19623E-15  SWARM-A  20.103  73.832
2015-03-17T11:15:30Z  466.350  75.573  136.043  1.18358E-15  SWARM-A  20.187  75.756
2015-03-17T11:16:00Z  466.550  77.449  137.544  1.17184E-15  SWARM-A  20.295  77.681
2015-03-17T11:16:30Z  466.723  79.312  139.603  1.16136E-15  SWARM-A  20.441  79.605
2015-03-17T11:17:00Z  466.867  81.153  142.564  1.15214E-15  SWARM-A  20.647  81.530
2015-03-17T11:17:30Z  466.983  82.955  147.109  1.14478E-15  SWARM-A  20.958  83.454
2015-03-17T11:18:00Z  467.069  84.680  154.745  1.13924E-15  SWARM-A  21.475  85.379
2015-03-17T11:18:30Z  467.125  86.220  169.168  1.13581E-15  SWARM-A  22.445  87.304
2015-03-17T11:19:00Z  467.150  87.245  -161.973  1.13441E-15  SWARM-A  0.378  89.228
2015-03-17T11:19:30Z  467.144  87.137  -122.335  1.13222E-15  SWARM-A  3.028  91.153
2015-03-17T11:20:00Z  467.108  85.985  -96.415  1.13095E-15  SWARM-A  4.765  93.077
2015-03-17T11:20:30Z  467.042  84.401  -83.549  1.13129E-15  SWARM-A  5.631  95.002
2015-03-17T11:21:00Z  466.945  82.659  -76.598  1.13274E-15  SWARM-A  6.103  96.926
2015-03-17T11:21:30Z  466.819  80.848  -72.389  1.13498E-15  SWARM-A  6.391  98.851
2015-03-17T11:22:00Z  466.664  79.003  -69.613  1.13768E-15  SWARM-A  6.585  100.776
2015-03-17T11:22:30Z  466.481  77.138  -67.665  1.13975E-15  SWARM-A  6.723  102.700
2015-03-17T11:23:00Z  466.271  75.260  -66.236  1.14144E-15  SWARM-A  6.827  104.625
2015-03-17T11:23:30Z  466.035  73.374  -65.151  1.14284E-15  SWARM-A  6.907  106.549
2015-03-17T11:24:00Z  465.774  71.482  -64.308  1.14412E-15  SWARM-A  6.972  108.474
2015-03-17T11:24:30Z  465.491  69.585  -63.638  1.14531E-15  SWARM-A  7.025  110.398
2015-03-17T11:25:00Z  465.186  67.685  -63.098  1.14647E-15  SWARM-A  7.069  112.322
2015-03-17T11:25:30Z  464.861  65.782  -62.658  1.14799E-15  SWARM-A  7.107  114.247
2015-03-17T11:26:00Z  464.518  63.876  -62.295  1.15002E-15  SWARM-A  7.139  116.171
2015-03-17T11:26:30Z  464.159  61.969  -61.994  1.15294E-15  SWARM-A  7.168  118.095
2015-03-17T11:27:00Z  463.786  60.060  -61.743  1.15672E-15  SWARM-A  7.193  120.019
2015-03-17T11:27:30Z  463.401  58.149  -61.534  1.16117E-15  SWARM-A  7.215  121.944
2015-03-17T11:28:00Z  463.007  56.237  -61.358  1.16641E-15  SWARM-A  7.235  123.868
2015-03-17T11:28:30Z  462.606  54.324  -61.211  1.17204E-15  SWARM-A  7.253  125.792
2015-03-17T11:29:00Z  462.200  52.409  -61.088  1.17778E-15  SWARM-A  7.270  127.716
2015-03-17T11:29:30Z  461.792  50.493  -60.986  1.18334E-15  SWARM-A  7.285  129.639
2015-03-17T11:30:00Z  461.383  48.576  -60.901  1.18828E-15  SWARM-A  7.299  131.563
2015-03-17T11:30:30Z  460.977  46.658  -60.832  1.19235E-15  SWARM-A  7.312  133.487
2015-03-17T11:31:00Z  460.577  44.739  -60.776  1.19607E-15  SWARM-A  7.324  135.410
2015-03-17T11:31:30Z  460.183  42.818  -60.732  1.19989E-15  SWARM-A  7.335  137.334
2015-03-17T11:32:00Z  459.800  40.897  -60.697  1.20363E-15  SWARM-A  7.346  139.257
2015-03-17T11:32:30Z  459.430  38.975  -60.672  1.20730E-15  SWARM-A  7.356  141.181
2015-03-17T11:33:00Z  459.074  37.053  -60.655  1.21087E-15  SWARM-A  7.365  143.104
2015-03-17T11:33:30Z  458.736  35.129  -60.644  1.21440E-15  SWARM-A  7.374  145.027
2015-03-17T11:34:00Z  458.418  33.204  -60.640  1.21785E-15  SWARM-A  7.383  146.950
2015-03-17T11:34:30Z  458.121  31.279  -60.641  1.22100E-15  SWARM-A  7.391  148.873
2015-03-17T11:35:00Z  457.849  29.353  -60.648  1.22411E-15  SWARM-A  7.399  150.796
2015-03-17T11:35:30Z  457.604  27.426  -60.659  1.22730E-15  SWARM-A  7.407  152.719
2015-03-17T11:36:00Z  457.386  25.499  -60.673  1.23063E-15  SWARM-A  7.414  154.641
2015-03-17T11:36:30Z  457.200  23.571  -60.691  1.23416E-15  SWARM-A  7.421  156.563
2015-03-17T11:37:00Z  457.045  21.643  -60.712  1.23793E-15  SWARM-A  7.428  158.486
2015-03-17T11:37:30Z  456.924  19.714  -60.736  1.24198E-15  SWARM-A  7.435  160.408
2015-03-17T11:38:00Z  456.838  17.785  -60.763  1.24630E-15  SWARM-A  7.442  162.330
2015-03-17T11:38:30Z  456.789  15.855  -60.791  1.25093E-15  SWARM-A  7.448  164.252
2015-03-17T11:39:00Z  456.778  13.925  -60.821  1.25580E-15  SWARM-A  7.454  166.174
2015-03-17T11:39:30Z  456.806  11.995  -60.853  1.26091E-15  SWARM-A  7.461  168.095
2015-03-17T11:40:00Z  456.874  10.064  -60.886  1.26625E-15  SWARM-A  7.467  170.016
2015-03-17T11:40:30Z  456.981  8.134  -60.921  1.27163E-15  SWARM-A  7.473  171.938
2015-03-17T11:41:00Z  457.130  6.203  -60.956  1.27702E-15  SWARM-A  7.479  173.859
2015-03-17T11:41:30Z  457.320  4.272  -60.991  1.28230E-15  SWARM-A  7.485  175.780
2015-03-17T11:42:00Z  457.551  2.342  -61.028  1.28735E-15  SWARM-A  7.491  177.701
2015-03-17T11:42:30Z  457.824  0.411  -61.064  1.29207E-15  SWARM-A  7.497  179.621
2015-03-17T11:43:00Z  458.138  -1.519  -61.101  1.29632E-15  SWARM-A  7.502  181.542
2015-03-17T11:43:30Z  458.492  -3.450  -61.137  1.29990E-15  SWARM-A  7.508  183.462
2015-03-17T11:44:00Z  458.886  -5.379  -61.173  1.30279E-15  SWARM-A  7.514  185.382
2015-03-17T11:44:30Z  459.320  -7.309  -61.208  1.30486E-15  SWARM-A  7.520  187.302
2015-03-17T11:45:00Z  459.792  -9.238  -61.243  1.30604E-15  SWARM-A  7.526  189.222
2015-03-17T11:45:30Z  460.301  -11.167  -61.277  1.30628E-15  SWARM-A  7.532  191.141
2015-03-17T11:46:00Z  460.846  -13.095  -61.309  1.30551E-15  SWARM-A  7.539  193.061
2015-03-17T11:46:30Z  461.425  -15.023  -61.341  1.30372E-15  SWARM-A  7.545  194.980
2015-03-17T11:47:00Z  462.037  -16.950  -61.370  1.30099E-15  SWARM-A  7.551  196.899
2015-03-17T11:47:30Z  462.680  -18.876  -61.397  1.29733E-15  SWARM-A  7.558  198.818
2015-03-17T11:48:00Z  463.352  -20.802  -61.423  1.29282E-15  SWARM-A  7.564  200.736
2015-03-17T11:48:30Z  464.051  -22.727  -61.445  1.28742E-15  SWARM-A  7.571  202.655
2015-03-17T11:49:00Z  464.774  -24.651  -61.465  1.28126E-15  SWARM-A  7.578  204.573
2015-03-17T11:49:30Z  465.520  -26.574  -61.481  1.27423E-15  SWARM-A  7.585  206.491
2015-03-17T11:50:00Z  466.285  -28.496  -61.494  1.26643E-15  SWARM-A  7.593  208.409
2015-03-17T11:50:30Z  467.068  -30.417  -61.503  1.25802E-15  SWARM-A  7.601  210.327
2015-03-17T11:51:00Z  467.865  -32.338  -61.507  1.24894E-15  SWARM-A  7.609  212.245
2015-03-17T11:51:30Z  468.675  -34.257  -61.506  1.23929E-15  SWARM-A  7.617  214.162
2015-03-17T11:52:00Z  469.493  -36.175  -61.499  1.22908E-15  SWARM-A  7.626  216.080
2015-03-17T11:52:30Z  470.318  -38.092  -61.485  1.21825E-15  SWARM-A  7.635  217.997
2015-03-17T11:53:00Z  471.146  -40.009  -61.464  1.20698E-15  SWARM-A  7.645  219.914
2015-03-17T11:53:30Z  471.975  -41.923  -61.435  1.19521E-15  SWARM-A  7.655  221.830
2015-03-17T11:54:00Z  472.801  -43.837  -61.396  1.18175E-15  SWARM-A  7.666  223.747
2015-03-17T11:54:30Z  473.622  -45.750  -61.346  1.16789E-15  SWARM-A  7.678  225.664
2015-03-17T11:55:00Z  474.435  -47.661  -61.284  1.15373E-15  SWARM-A  7.690  227.580
2015-03-17T11:55:30Z  475.236  -49.571  -61.208  1.13930E-15  SWARM-A  7.704  229.496
2015-03-17T11:56:00Z  476.023  -51.480  -61.115  1.12468E-15  SWARM-A  7.718  231.412
2015-03-17T11:56:30Z  476.793  -53.387  -61.004  1.10999E-15  SWARM-A  7.734  233.328
2015-03-17T11:57:00Z  477.543  -55.293  -60.870  1.09519E-15  SWARM-A  7.751  235.244
2015-03-17T11:57:30Z  478.271  -57.198  -60.711  1.08042E-15  SWARM-A  7.770  237.160
2015-03-17T11:58:00Z  478.973  -59.101  -60.520  1.06584E-15  SWARM-A  7.791  239.075
2015-03-17T11:58:30Z  479.647  -61.002  -60.293  1.05152E-15  SWARM-A  7.815  240.991
2015-03-17T11:59:00Z  480.291  -62.901  -60.021  1.03754E-15  SWARM-A  7.841  242.906
2015-03-17T11:59:30Z  480.902  -64.799  -59.694  1.02402E-15  SWARM-A  7.871  244.821
2015-03-17T12:00:00Z  481.478  -66.694  -59.299  9.92522E-16  SWARM-A  7.906  246.736
2015-03-17T12:00:30Z  482.017  -68.587  -58.817  9.78571E-16  SWARM-A  7.946  248.651
2015-03-17T12:01:00Z  482.517  -70.476  -58.224  9.65871E-16  SWARM-A  7.994  250.566
2015-03-17T12:01:30Z  482.976  -72.361  -57.483  9.55065E-16  SWARM-A  8.052  252.481
2015-03-17T12:02:00Z  483.392  -74.242  -56.544  9.46818E-16  SWARM-A  8.123  254.396
2015-03-17T12:02:30Z  483.764  -76.115  -55.325  9.41452E-16  SWARM-A  8.213  256.311
2015-03-17T12:03:00Z  484.090  -77.978  -53.698  9.38845E-16  SWARM-A  8.329  258.225
2015-03-17T12:03:30Z  484.370  -79.826  -51.443  9.37155E-16  SWARM-A  8.488  260.140
2015-03-17T12:04:00Z  484.602  -81.649  -48.153  9.36818E-16  SWARM-A  8.716  262.055
2015-03-17T12:04:30Z  484.785  -83.426  -43.006  9.37197E-16  SWARM-A  9.067  263.969
2015-03-17T12:05:00Z  484.919  -85.109  -34.126  9.38415E-16  SWARM-A  9.667  265.884
2015-03-17T12:05:30Z  485.003  -86.555  -16.904  9.40738E-16  SWARM-A  10.824  267.798
2015-03-17T12:06:00Z  485.037  -87.344  16.239  9.44416E-16  SWARM-A  13.042  269.713
2015-03-17T12:06:30Z  485.021  -86.922  53.992  9.50036E-16  SWARM-A  15.567  271.627
2015-03-17T12:07:00Z  484.954  -85.627  75.774  9.56824E-16  SWARM-A  17.027  273.542
2015-03-17T12:07:30Z  484.838  -83.998  86.696  9.65323E-16  SWARM-A  17.764  275.457
2015-03-17T12:08:00Z  484.672  -82.245  92.788  9.75903E-16  SWARM-A  18.178  277.371
2015-03-17T12:08:30Z  484.457  -80.433  96.569  9.88583E-16  SWARM-A  18.439  279.286
2015-03-17T12:09:00Z  484.194  -78.592  99.109  1.00313E-15  SWARM-A  18.616  281.200
2015-03-17T12:09:30Z  483.883  -76.733  100.913  1.01877E-15  SWARM-A  18.745  283.115
2015-03-17T12:10:00Z  483.527  -74.863  102.250  1.03462E-15  SWARM-A  18.843  285.030
2015-03-17T12:10:30Z  483.126  -72.985  103.271  1.05087E-15  SWARM-A  18.919  286.945
2015-03-17T12:11:00Z  482.682  -71.101  104.071  1.06683E-15  SWARM-A  18.981  288.859
2015-03-17T12:11:30Z  482.196  -69.213  104.708  1.08196E-15  SWARM-A  19.031  290.774
2015-03-17T12:12:00Z  481.671  -67.322  105.223  1.09572E-15  SWARM-A  19.074  292.689
2015-03-17T12:12:30Z  481.107  -65.427  105.645  1.10801E-15  SWARM-A  19.111  294.605
2015-03-17T12:13:00Z  480.509  -63.531  105.993  1.11883E-15  SWARM-A  19.142  296.520
2015-03-17T12:13:30Z  479.876  -61.632  106.282  1.12826E-15  SWARM-A  19.170  298.435
2015-03-17T12:14:00Z  479.213  -59.731  106.523  1.13753E-15  SWARM-A  19.194  300.350
2015-03-17T12:14:30Z  478.521  -57.829  106.725  1.14679E-15  SWARM-A  19.216  302.266
2015-03-17T12:15:00Z  477.802  -55.925  106.894  1.15796E-15  SWARM-A  19.236  304.182
2015-03-17T12:15:30Z  477.061  -54.019  107.036  1.17202E-15  SWARM-A  19.253  306.097
2015-03-17T12:16:00Z  476.298  -52.112  107.154  1.18941E-15  SWARM-A  19.270  308.013
2015-03-17T12:16:30Z  475.518  -50.204  107.253  1.21055E-15  SWARM-A  19.284  309.929
2015-03-17T12:17:00Z  474.722  -48.294  107.334  1.23497E-15  SWARM-A  19.298  311.845
2015-03-17T12:17:30Z  473.914  -46.383  107.401  1.26144E-15  SWARM-A  19.311  313.762
2015-03-17T12:18:00Z  473.097  -44.471  107.454  1.28834E-15  SWARM-A  19.323  315.678
2015-03-17T12:18:30Z  472.273  -42.558  107.497  1.31295E-15  SWARM-A  19.334  317.595
2015-03-17T12:19:00Z  471.446  -40.643  107.529  1.33261E-15  SWARM-A  19.345  319.511
2015-03-17T12:19:30Z  470.619  -38.728  107.553  1.34487E-15  SWARM-A  19.354  321.428
2015-03-17T12:20:00Z  469.794  -36.811  107.569  1.34899E-15  SWARM-A  19.364  323.345
2015-03-17T12:20:30Z  468.975  -34.893  107.578  1.34652E-15  SWARM-A  19.373  325.262
2015-03-17T12:21:00Z  468.164  -32.974  107.581  1.34072E-15  SWARM-A  19.381  327.180
2015-03-17T12:21:30Z  467.365  -31.054  107.578  1.33724E-15  SWARM-A  19.389  329.097
2015-03-17T12:22:00Z  466.579  -29.133  107.571  1.34044E-15  SWARM-A  19.397  331.015
2015-03-17T12:22:30Z  465.810  -27.211  107.559  1.35119E-15  SWARM-A  19.405  332.933
2015-03-17T12:23:00Z  465.060  -25.289  107.544  1.36732E-15  SWARM-A  19.412  334.851
2015-03-17T12:23:30Z  464.331  -23.365  107.525  1.38572E-15  SWARM-A  19.419  336.769
2015-03-17T12:24:00Z  463.627  -21.440  107.504  1.40363E-15  SWARM-A  19.426  338.688
2015-03-17T12:24:30Z  462.949  -19.515  107.479  1.41965E-15  SWARM-A  19.433  340.606
2015-03-17T12:25:00Z  462.299  -17.589  107.453  1.43333E-15  SWARM-A  19.439  342.525
2015-03-17T12:25:30Z  461.680  -15.662  107.424  1.44485E-15  SWARM-A  19.446  344.444
2015-03-17T12:26:00Z  461.092  -13.735  107.393  1.45447E-15  SWARM-A  19.452  346.363
2015-03-17T12:26:30Z  460.539  -11.807  107.361  1.46260E-15  SWARM-A  19.458  348.282
2015-03-17T12:27:00Z  460.021  -9.878  107.328  1.46944E-15  SWARM-A  19.464  350.202
2015-03-17T12:27:30Z  459.540  -7.949  107.293  1.47521E-15  SWARM-A  19.470  352.121
2015-03-17T12:28:00Z  459.096  -6.020  107.258  1.48000E-15  SWARM-A  19.476  354.041
2015-03-17T12:28:30Z  458.691  -4.090  107.222  1.48425E-15  SWARM-A  19.482  355.961
2015-03-17T12:29:00Z  458.326  -2.160  107.186  1.48718E-15  SWARM-A  19.488  357.881
2015-03-17T12:29:30Z  458.001  -0.230  107.149  1.48954E-15  SWARM-A  19.494  359.802
2015-03-17T12:30:00Z  457.717  1.701  107.113  1.49123E-15  SWARM-A  19.500  1.722
2015-03-17T12:30:30Z  457.474  3.632  107.077  1.49220E-15  SWARM-A  19.506  3.643
2015-03-17T12:31:00Z  457.272  5.562  107.041  1.49259E-15  SWARM-A  19.512  5.564
2015-03-17T12:31:30Z  457.111  7.493  107.005  1.49236E-15  SWARM-A  19.518  7.485
2015-03-17T12:32:00Z  456.990  9.423  106.971  1.49169E-15  SWARM-A  19.524  9.406
2015-03-17T12:32:30Z  456.910  11.354  106.937  1.49057E-15  SWARM-A  19.530  11.327
2015-03-17T12:33:00Z  456.870  13.284  106.905  1.48914E-15  SWARM-A  19.536  13.249
2015-03-17T12:33:30Z  456.869  15.214  106.874  1.48740E-15  SWARM-A  19.543  15.170
2015-03-17T12:34:00Z  456.905  17.144  106.845  1.48549E-15  SWARM-A  19.549  17.092
2015-03-17T12:34:30Z  456.979  19.073  106.818  1.48348E-15  SWARM-A  19.555  19.014
2015-03-17T12:35:00Z  457.088  21.002  106.793  1.48152E-15  SWARM-A  19.562  20.936
2015-03-17T12:35:30Z  457.231  22.931  106.771  1.47921E-15  SWARM-A  19.569  22.858
2015-03-17T12:36:00Z  457.407  24.859  106.752  1.47715E-15  SWARM-A  19.576  24.781
2015-03-17T12:36:30Z  457.613  26.786  106.736  1.47516E-15  SWARM-A  19.583  26.703
2015-03-17T12:37:00Z  457.849  28.713  106.724  1.47315E-15  SWARM-A  19.591  28.626
2015-03-17T12:37:30Z  458.111  30.639  106.716  1.47110E-15  SWARM-A  19.599  30.548
2015-03-17T12:38:00Z  458.398  32.565  106.713  1.46896E-15  SWARM-A  19.607  32.471
2015-03-17T12:38:30Z  458.708  34.489  106.715  1.46671E-15  SWARM-A  19.615  34.394
2015-03-17T12:39:00Z  459.039  36.413  106.724  1.46426E-15  SWARM-A  19.624  36.317
2015-03-17T12:39:30Z  459.387  38.336  106.739  1.46165E-15  SWARM-A  19.634  38.240
2015-03-17T12:40:00Z  459.752  40.259  106.761  1.45890E-15  SWARM-A  19.643  40.164
2015-03-17T12:40:30Z  460.129  42.180  106.792  1.45616E-15  SWARM-A  19.654  42.087
2015-03-17T12:41:00Z  460.518  44.100  106.833  1.45370E-15  SWARM-A  19.665  44.010
2015-03-17T12:41:30Z  460.915  46.020  106.885  1.45193E-15  SWARM-A  19.677  45.934
2015-03-17T12:42:00Z  461.318  47.938  106.950  1.45131E-15  SWARM-A  19.689  47.858
2015-03-17T12:42:30Z  461.724  49.856  107.030  1.45139E-15  SWARM-A  19.703  49.781
2015-03-17T12:43:00Z  462.131  51.772  107.126  1.45293E-15  SWARM-A  19.718  51.705
2015-03-17T12:43:30Z  462.537  53.687  107.241  1.45560E-15  SWARM-A  19.734  53.629
2015-03-17T12:44:00Z  462.938  55.601  107.380  1.45891E-15  SWARM-A  19.751  55.553
2015-03-17T12:44:30Z  463.333  57.513  107.546  1.46231E-15  SWARM-A  19.771  57.477
2015-03-17T12:45:00Z  463.719  59.425  107.744  1.46549E-15  SWARM-A  19.792  59.401
2015-03-17T12:45:30Z  464.095  61.334  107.980  1.46757E-15  SWARM-A  19.816  61.325
2015-03-17T12:46:00Z  464.457  63.242  108.263  1.46858E-15  SWARM-A  19.844  63.249
2015-03-17T12:46:30Z  464.804  65.148  108.604  1.46789E-15  SWARM-A  19.875  65.174
2015-03-17T12:47:00Z  465.134  67.052  109.017  1.46407E-15  SWARM-A  19.910  67.098
2015-03-17T12:47:30Z  465.444  68.953  109.521  1.45888E-15  SWARM-A  19.952  69.022
2015-03-17T12:48:00Z  465.734  70.851  110.144  1.45288E-15  SWARM-A  20.002  70.947
2015-03-17T12:48:30Z  466.001  72.745  110.924  1.44571E-15  SWARM-A  20.063  72.871
2015-03-17T12:49:00Z  466.244  74.633  111.919  1.43904E-15  SWARM-A  20.137  74.795
2015-03-17T12:49:30Z  466.461  76.514  113.219  1.43289E-15  SWARM-A  20.232  76.720
2015-03-17T12:50:00Z  466.652  78.384  114.970  1.42796E-15  SWARM-A  20.357  78.644
2015-03-17T12:50:30Z  466.816  80.237  117.424  1.42604E-15  SWARM-A  20.529  80.569
2015-03-17T12:51:00Z  466.950  82.061  121.061  1.42668E-15  SWARM-A  20.780  82.493
2015-03-17T12:51:30Z  467.056  83.832  126.879  1.42955E-15  SWARM-A  21.176  84.418
2015-03-17T12:52:00Z  467.131  85.485  137.221  1.43473E-15  SWARM-A  21.874  86.343
2015-03-17T12:52:30Z  467.176  86.833  157.786  1.44245E-15  SWARM-A  23.253  88.267
2015-03-17T12:53:00Z  467.190  87.357  -165.255  1.45211E-15  SWARM-A  1.726  90.192
2015-03-17T12:53:30Z  467.174  86.645  -130.684  1.46240E-15  SWARM-A  4.039  92.116
2015-03-17T12:54:00Z  467.127  85.221  -112.441  1.47295E-15  SWARM-A  5.263  94.041
2015-03-17T12:54:30Z  467.050  83.540  -103.131  1.48369E-15  SWARM-A  5.892  95.965
2015-03-17T12:55:00Z  466.943  81.758  -97.790  1.49481E-15  SWARM-A  6.257  97.890
2015-03-17T12:55:30Z  466.807  79.927  -94.401  1.50597E-15  SWARM-A  6.491  99.814
2015-03-17T12:56:00Z  466.642  78.071  -92.090  1.51646E-15  SWARM-A  6.653  101.739
2015-03-17T12:56:30Z  466.449  76.199  -90.429  1.52567E-15  SWARM-A  6.772  103.663
2015-03-17T12:57:00Z  466.230  74.316  -89.188  1.53345E-15  SWARM-A  6.864  105.588
2015-03-17T12:57:30Z  465.986  72.427  -88.234  1.53952E-15  SWARM-A  6.935  107.512
2015-03-17T12:58:00Z  465.719  70.533  -87.483  1.54330E-15  SWARM-A  6.994  109.437
2015-03-17T12:58:30Z  465.428  68.634  -86.883  1.54589E-15  SWARM-A  7.042  111.361
2015-03-17T12:59:00Z  465.118  66.733  -86.395  1.54776E-15  SWARM-A  7.083  113.285
2015-03-17T12:59:30Z  464.788  64.828  -85.996  1.54957E-15  SWARM-A  7.118  115.210
2015-03-17T13:00:00Z  464.442  62.922  -85.666  1.55212E-15  SWARM-A  7.148  117.134
2015-03-17T13:00:30Z  464.081  61.014  -85.391  1.55611E-15  SWARM-A  7.175  119.058
2015-03-17T13:01:00Z  463.707  59.104  -85.162  1.56199E-15  SWARM-A  7.199  120.982
2015-03-17T13:01:30Z  463.322  57.193  -84.970  1.57000E-15  SWARM-A  7.220  122.906
2015-03-17T13:02:00Z  462.929  55.280  -84.809  1.58005E-15  SWARM-A  7.239  124.830
2015-03-17T13:02:30Z  462.530  53.366  -84.674  1.59098E-15  SWARM-A  7.256  126.754
2015-03-17T13:03:00Z  462.128  51.451  -84.562  1.60117E-15  SWARM-A  7.272  128.678
2015-03-17T13:03:30Z  461.724  49.534  -84.469  1.60871E-15  SWARM-A  7.286  130.601
2015-03-17T13:04:00Z  461.321  47.617  -84.392  1.61166E-15  SWARM-A  7.300  132.525
2015-03-17T13:04:30Z  460.922  45.698  -84.330  1.60959E-15  SWARM-A  7.312  134.449
2015-03-17T13:05:00Z  460.530  43.779  -84.279  1.60340E-15  SWARM-A  7.324  136.372
2015-03-17T13:05:30Z  460.146  41.858  -84.240  1.59467E-15  SWARM-A  7.335  138.296
2015-03-17T13:06:00Z  459.773  39.937  -84.211  1.58413E-15  SWARM-A  7.345  140.219
2015-03-17T13:06:30Z  459.413  38.014  -84.189  1.57260E-15  SWARM-A  7.355  142.142
2015-03-17T13:07:00Z  459.070  36.091  -84.175  1.56114E-15  SWARM-A  7.364  144.065
2015-03-17T13:07:30Z  458.745  34.167  -84.168  1.54968E-15  SWARM-A  7.373  145.988
2015-03-17T13:08:00Z  458.441  32.242  -84.167  1.53786E-15  SWARM-A  7.382  147.911
2015-03-17T13:08:30Z  458.160  30.317  -84.171  1.52551E-15  SWARM-A  7.390  149.834
2015-03-17T13:09:00Z  457.903  28.391  -84.179  1.51248E-15  SWARM-A  7.397  151.756
2015-03-17T13:09:30Z  457.674  26.464  -84.192  1.49867E-15  SWARM-A  7.405  153.679
2015-03-17T13:10:00Z  457.474  24.536  -84.209  1.48430E-15  SWARM-A  7.412  155.601
2015-03-17T13:10:30Z  457.305  22.608  -84.228  1.46929E-15  SWARM-A  7.419  157.524
2015-03-17T13:11:00Z  457.169  20.680  -84.251  1.45389E-15  SWARM-A  7.426  159.446
2015-03-17T13:11:30Z  457.066  18.751  -84.276  1.43853E-15  SWARM-A  7.433  161.368
2015-03-17T13:12:00Z  456.999  16.821  -84.303  1.42341E-15  SWARM-A  7.439  163.289
2015-03-17T13:12:30Z  456.970  14.892  -84.333  1.40868E-15  SWARM-A  7.446  165.211
2015-03-17T13:13:00Z  456.977  12.962  -84.364  1.39464E-15  SWARM-A  7.452  167.133
2015-03-17T13:13:30Z  457.024  11.031  -84.396  1.38140E-15  SWARM-A  7.458  169.054
2015-03-17T13:14:00Z  457.111  9.101  -84.430  1.36908E-15  SWARM-A  7.464  170.975
2015-03-17T13:14:30Z  457.238  7.170  -84.464  1.35790E-15  SWARM-A  7.470  172.896
2015-03-17T13:15:00Z  457.405  5.240  -84.500  1.34791E-15  SWARM-A  7.476  174.817
2015-03-17T13:15:30Z  457.613  3.309  -84.536  1.33923E-15  SWARM-A  7.482  176.738
2015-03-17T13:16:00Z  457.863  1.379  -84.572  1.33191E-15  SWARM-A  7.488  178.659
2015-03-17T13:16:30Z  458.153  -0.552  -84.609  1.32603E-15  SWARM-A  7.494  180.579
2015-03-17T13:17:00Z  458.484  -2.482  -84.645  1.32156E-15  SWARM-A  7.500  182.499
2015-03-17T13:17:30Z  458.856  -4.412  -84.681  1.31883E-15  SWARM-A  7.506  184.419
2015-03-17T13:18:00Z  459.266  -6.342  -84.717  1.31754E-15  SWARM-A  7.512  186.339
2015-03-17T13:18:30Z  459.716  -8.271  -84.752  1.31796E-15  SWARM-A  7.518  188.259
2015-03-17T13:19:00Z  460.203  -10.200  -84.786  1.32000E-15  SWARM-A  7.524  190.179
2015-03-17T13:19:30Z  460.726  -12.128  -84.820  1.32372E-15  SWARM-A  7.530  192.098
2015-03-17T13:20:00Z  461.285  -14.056  -84.851  1.32920E-15  SWARM-A  7.536  194.017
2015-03-17T13:20:30Z  461.877  -15.983  -84.882  1.33646E-15  SWARM-A  7.542  195.936
2015-03-17T13:21:00Z  462.500  -17.910  -84.910  1.34551E-15  SWARM-A  7.549  197.855
2015-03-17T13:21:30Z  463.154  -19.836  -84.936  1.35646E-15  SWARM-A  7.555  199.774
2015-03-17T13:22:00Z  463.836  -21.761  -84.960  1.36934E-15  SWARM-A  7.562  201.692
2015-03-17T13:22:30Z  464.543  -23.685  -84.981  1.38422E-15  SWARM-A  7.569  203.611
2015-03-17T13:23:00Z  465.274  -25.609  -84.999  1.40112E-15  SWARM-A  7.576  205.529
2015-03-17T13:23:30Z  466.025  -27.532  -85.014  1.41995E-15  SWARM-A  7.584  207.447
2015-03-17T13:24:00Z  466.795  -29.453  -85.025  1.44083E-15  SWARM-A  7.591  209.365
2015-03-17T13:24:30Z  467.582  -31.374  -85.031  1.46360E-15  SWARM-A  7.599  211.282
2015-03-17T13:25:00Z  468.381  -33.294  -85.033  1.48825E-15  SWARM-A  7.607  213.200
2015-03-17T13:25:30Z  469.191  -35.213  -85.029  1.51413E-15  SWARM-A  7.616  215.117
2015-03-17T13:26:00Z  470.009  -37.130  -85.018  1.54109E-15  SWARM-A  7.625  217.034
2015-03-17T13:26:30Z  470.832  -39.047  -85.001  1.56949E-15  SWARM-A  7.634  218.951
2015-03-17T13:27:00Z  471.656  -40.962  -84.976  1.59922E-15  SWARM-A  7.644  220.868
2015-03-17T13:27:30Z  472.480  -42.876  -84.942  1.63000E-15  SWARM-A  7.655  222.785
2015-03-17T13:28:00Z  473.299  -44.790  -84.898  1.66176E-15  SWARM-A  7.666  224.701
2015-03-17T13:28:30Z  474.112  -46.701  -84.842  1.69409E-15  SWARM-A  7.678  226.618
2015-03-17T13:29:00Z  474.914  -48.612  -84.773  1.72641E-15  SWARM-A  7.691  228.534
2015-03-17T13:29:30Z  475.704  -50.521  -84.689  1.75881E-15  SWARM-A  7.705  230.450
2015-03-17T13:30:00Z  476.479  -52.429  -84.587  1.79100E-15  SWARM-A  7.720  232.366
2015-03-17T13:30:30Z  477.234  -54.336  -84.465  1.82274E-15  SWARM-A  7.737  234.282
2015-03-17T13:31:00Z  477.969  -56.241  -84.319  1.85362E-15  SWARM-A  7.755  236.197
2015-03-17T13:31:30Z  478.680  -58.145  -84.144  1.88354E-15  SWARM-A  7.775  238.113
2015-03-17T13:32:00Z  479.364  -60.047  -83.936  1.91208E-15  SWARM-A  7.797  240.028
2015-03-17T13:32:30Z  480.019  -61.948  -83.687  1.93888E-15  SWARM-A  7.822  241.944
2015-03-17T13:33:00Z  480.642  -63.846  -83.389  1.96356E-15  SWARM-A  7.850  243.859
2015-03-17T13:33:30Z  481.232  -65.742  -83.029  1.98537E-15  SWARM-A  7.883  245.774
2015-03-17T13:34:00Z  481.785  -67.636  -82.593  2.00518E-15  SWARM-A  7.920  247.689
2015-03-17T13:34:30Z  482.301  -69.527  -82.059  2.02338E-15  SWARM-A  7.964  249.604
2015-03-17T13:35:00Z  482.776  -71.415  -81.398  2.04101E-15  SWARM-A  8.016  251.519
2015-03-17T13:35:30Z  483.210  -73.298  -80.566  2.05874E-15  SWARM-A  8.080  253.434
2015-03-17T13:36:00Z  483.600  -75.174  -79.499  2.07748E-15  SWARM-A  8.160  255.349
2015-03-17T13:36:30Z  483.946  -77.043  -78.096  2.09636E-15  SWARM-A  8.261  257.264
2015-03-17T13:37:00Z  484.245  -78.900  -76.191  2.11507E-15  SWARM-A  8.397  259.178
2015-03-17T13:37:30Z  484.497  -80.737  -73.487  2.13230E-15  SWARM-A  8.585  261.093
2015-03-17T13:38:00Z  484.701  -82.541  -69.416  2.14750E-15  SWARM-A  8.865  263.008
2015-03-17T13:38:30Z  484.855  -84.280  -62.755  2.15994E-15  SWARM-A  9.317  264.922
2015-03-17T13:39:00Z  484.961  -85.873  -50.572  2.17016E-15  SWARM-A  10.138  266.837
2015-03-17T13:39:30Z  485.016  -87.071  -26.132  2.17911E-15  SWARM-A  11.776  268.751
2015-03-17T13:40:00Z  485.021  -87.286  12.933  2.18722E-15  SWARM-A  14.388  270.666
2015-03-17T13:40:30Z  484.976  -86.342  43.210  2.19237E-15  SWARM-A  16.415  272.580
2015-03-17T13:41:00Z  484.881  -84.839  58.532  2.19515E-15  SWARM-A  17.445  274.495
2015-03-17T13:41:30Z  484.736  -83.135  66.581  2.19536E-15  SWARM-A  17.990  276.409
2015-03-17T13:42:00Z  484.542  -81.347  71.333  2.19477E-15  SWARM-A  18.315  278.324
2015-03-17T13:42:30Z  484.299  -79.519  74.412  2.19289E-15  SWARM-A  18.529  280.239
2015-03-17T13:43:00Z  484.009  -77.668  76.543  2.18890E-15  SWARM-A  18.679  282.153
2015-03-17T13:43:30Z  483.672  -75.803  78.091  2.18200E-15  SWARM-A  18.791  284.068
2015-03-17T13:44:00Z  483.289  -73.929  79.257  2.17147E-15  SWARM-A  18.877  285.983
2015-03-17T13:44:30Z  482.863  -72.048  80.159  2.15662E-15  SWARM-A  18.945  287.898
2015-03-17T13:45:00Z  482.394  -70.162  80.873  2.13748E-15  SWARM-A  19.001  289.813
2015-03-17T13:45:30Z  481.885  -68.272  81.446  2.11392E-15  SWARM-A  19.048  291.728
2015-03-17T13:46:00Z  481.337  -66.379  81.912  2.08692E-15  SWARM-A  19.087  293.643
2015-03-17T13:46:30Z  480.752  -64.483  82.295  2.05640E-15  SWARM-A  19.121  295.558
2015-03-17T13:47:00Z  480.133  -62.585  82.613  2.02598E-15  SWARM-A  19.150  297.473
2015-03-17T13:47:30Z  479.481  -60.685  82.877  1.99558E-15  SWARM-A  19.176  299.389
2015-03-17T13:48:00Z  478.800  -58.784  83.098  1.96671E-15  SWARM-A  19.199  301.304
2015-03-17T13:48:30Z  478.091  -56.880  83.283  1.94054E-15  SWARM-A  19.220  303.220
2015-03-17T13:49:00Z  477.357  -54.976  83.438  1.91793E-15  SWARM-A  19.239  305.136
2015-03-17T13:49:30Z  476.601  -53.069  83.568  1.89917E-15  SWARM-A  19.256  307.051
2015-03-17T13:50:00Z  475.826  -51.162  83.676  1.88421E-15  SWARM-A  19.271  308.967
2015-03-17T13:50:30Z  475.034  -49.253  83.766  1.87181E-15  SWARM-A  19.286  310.884
2015-03-17T13:51:00Z  474.229  -47.342  83.840  1.86056E-15  SWARM-A  19.299  312.800
2015-03-17T13:51:30Z  473.413  -45.431  83.900  1.84855E-15  SWARM-A  19.311  314.716
2015-03-17T13:52:00Z  472.589  -43.518  83.948  1.83338E-15  SWARM-A  19.323  316.633
2015-03-17T13:52:30Z  471.760  -41.604  83.985  1.81287E-15  SWARM-A  19.334  318.549
2015-03-17T13:53:00Z  470.930  -39.689  84.013  1.78559E-15  SWARM-A  19.344  320.466
2015-03-17T13:53:30Z  470.100  -37.773  84.033  1.75154E-15  SWARM-A  19.353  322.383
2015-03-17T13:54:00Z  469.274  -35.855  84.046  1.71285E-15  SWARM-A  19.363  324.301
2015-03-17T13:54:30Z  468.456  -33.937  84.052  1.67246E-15  SWARM-A  19.371  326.218
2015-03-17T13:55:00Z  467.647  -32.017  84.052  1.63549E-15  SWARM-A  19.380  328.135
2015-03-17T13:55:30Z  466.851  -30.097  84.047  1.60577E-15  SWARM-A  19.388  330.053
2015-03-17T13:56:00Z  466.070  -28.175  84.038  1.58428E-15  SWARM-A  19.395  331.971
2015-03-17T13:56:30Z  465.307  -26.253  84.024  1.56973E-15  SWARM-A  19.403  333.889
2015-03-17T13:57:00Z  464.564  -24.330  84.007  1.55968E-15  SWARM-A  19.410  335.807
2015-03-17T13:57:30Z  463.844  -22.405  83.987  1.55160E-15  SWARM-A  19.417  337.726
2015-03-17T13:58:00Z  463.150  -20.480  83.964  1.54444E-15  SWARM-A  19.424  339.644
2015-03-17T13:58:30Z  462.483  -18.555  83.939  1.53763E-15  SWARM-A  19.430  341.563
2015-03-17T13:59:00Z  461.846  -16.628  83.911  1.53127E-15  SWARM-A  19.437  343.482
2015-03-17T13:59:30Z  461.240  -14.701  83.881  1.52564E-15  SWARM-A  19.443  345.401
2015-03-17T14:00:00Z  460.667  -12.773  83.850  1.52105E-15  SWARM-A  19.450  347.320
2015-03-17T14:00:30Z  460.130  -10.845  83.817  1.51829E-15  SWARM-A  19.456  349.240
2015-03-17T14:01:00Z  459.629  -8.916  83.783  1.51644E-15  SWARM-A  19.462  351.159
2015-03-17T14:01:30Z  459.165  -6.987  83.749  1.51704E-15  SWARM-A  19.468  353.079
2015-03-17T14:02:00Z  458.740  -5.057  83.713  1.51949E-15  SWARM-A  19.474  354.999
2015-03-17T14:02:30Z  458.355  -3.127  83.677  1.52020E-15  SWARM-A  19.480  356.919
2015-03-17T14:03:30Z  457.707  0.734  83.604  1.54343E-15  SWARM-A  19.492  0.760
2015-03-17T14:04:00Z  457.445  2.664  83.568  1.54924E-15  SWARM-A  19.497  2.681
2015-03-17T14:04:30Z  457.225  4.595  83.532  1.56244E-15  SWARM-A  19.503  4.602
2015-03-17T14:05:00Z  457.046  6.526  83.496  1.57634E-15  SWARM-A  19.509  6.523
2015-03-17T14:05:30Z  456.908  8.457  83.461  1.59183E-15  SWARM-A  19.515  8.444
2015-03-17T14:06:00Z  456.812  10.387  83.427  1.61854E-15  SWARM-A  19.521  10.365
2015-03-17T14:06:30Z  456.756  12.318  83.394  1.63943E-15  SWARM-A  19.528  12.286
2015-03-17T14:07:00Z  456.740  14.248  83.363  1.66381E-15  SWARM-A  19.534  14.208
2015-03-17T14:07:30Z  456.762  16.178  83.333  1.69120E-15  SWARM-A  19.540  16.130
2015-03-17T14:08:00Z  456.823  18.107  83.305  1.72108E-15  SWARM-A  19.547  18.052
2015-03-17T14:08:30Z  456.919  20.037  83.279  1.75323E-15  SWARM-A  19.553  19.974
2015-03-17T14:09:00Z  457.051  21.965  83.255  1.78763E-15  SWARM-A  19.560  21.896
2015-03-17T14:09:30Z  457.216  23.894  83.235  1.82417E-15  SWARM-A  19.567  23.818
2015-03-17T14:10:00Z  457.413  25.822  83.217  1.84863E-15  SWARM-A  19.574  25.741
2015-03-17T14:10:30Z  457.640  27.749  83.203  1.90250E-15  SWARM-A  19.582  27.663
2015-03-17T14:11:00Z  457.895  29.675  83.193  1.94506E-15  SWARM-A  19.589  29.586
2015-03-17T14:11:30Z  458.176  31.601  83.188  1.98437E-15  SWARM-A  19.597  31.509
2015-03-17T14:12:00Z  458.481  33.526  83.187  2.03225E-15  SWARM-A  19.605  33.432
2015-03-17T14:12:30Z  458.807  35.451  83.193  2.07799E-15  SWARM-A  19.614  35.355
2015-03-17T14:13:00Z  459.153  37.374  83.204  2.12377E-15  SWARM-A  19.623  37.278
2015-03-17T14:13:30Z  459.515  39.297  83.223  2.17006E-15  SWARM-A  19.633  39.201
2015-03-17T14:14:00Z  459.892  41.219  83.250  2.21685E-15  SWARM-A  19.643  41.124
2015-03-17T14:14:30Z  460.282  43.139  83.286  2.26433E-15  SWARM-A  19.654  43.048
2015-03-17T14:15:00Z  460.681  45.059  83.332  2.31298E-15  SWARM-A  19.665  44.971
2015-03-17T14:15:30Z  461.087  46.978  83.390  2.36345E-15  SWARM-A  19.677  46.895
2015-03-17T14:16:00Z  461.498  48.896  83.462  2.41618E-15  SWARM-A  19.690  48.819
2015-03-17T14:16:30Z  461.911  50.813  83.550  2.47108E-15  SWARM-A  19.705  50.742
2015-03-17T14:17:00Z  462.324  52.729  83.655  2.52747E-15  SWARM-A  19.720  52.666
2015-03-17T14:17:30Z  462.734  54.643  83.782  2.58425E-15  SWARM-A  19.737  54.590
2015-03-17T14:18:00Z  463.138  56.557  83.934  2.64002E-15  SWARM-A  19.755  56.514
2015-03-17T14:18:30Z  463.535  58.468  84.115  2.69381E-15  SWARM-A  19.776  58.438
2015-03-17T14:19:00Z  463.923  60.379  84.331  2.74409E-15  SWARM-A  19.798  60.362
2015-03-17T14:19:30Z  464.298  62.288  84.590  2.78985E-15  SWARM-A  19.824  62.286
2015-03-17T14:20:00Z  464.658  64.195  84.900  2.83065E-15  SWARM-A  19.853  64.211
2015-03-17T14:20:30Z  465.003  66.099  85.275  2.86575E-15  SWARM-A  19.886  66.135
2015-03-17T14:21:00Z  465.329  68.002  85.731  2.89544E-15  SWARM-A  19.925  68.059
2015-03-17T14:21:30Z  465.635  69.902  86.290  2.92029E-15  SWARM-A  19.971  69.984
2015-03-17T14:22:00Z  465.920  71.797  86.986  2.94133E-15  SWARM-A  20.025  71.908
2015-03-17T14:22:30Z  466.181  73.689  87.865  2.95960E-15  SWARM-A  20.092  73.832
2015-03-17T14:23:00Z  466.417  75.574  88.999  2.97658E-15  SWARM-A  20.176  75.757
2015-03-17T14:23:30Z  466.627  77.449  90.501  2.99353E-15  SWARM-A  20.285  77.681
2015-03-17T14:24:00Z  466.810  79.312  92.562  3.01158E-15  SWARM-A  20.430  79.606
2015-03-17T14:24:30Z  466.965  81.152  95.525  3.03121E-15  SWARM-A  20.636  81.530
2015-03-17T14:25:00Z  467.091  82.954  100.073  3.05298E-15  SWARM-A  20.948  83.455
2015-03-17T14:25:30Z  467.186  84.679  107.712  3.07728E-15  SWARM-A  21.465  85.379
2015-03-17T14:26:00Z  467.252  86.218  122.138  3.10415E-15  SWARM-A  22.436  87.304
2015-03-17T14:26:30Z  467.287  87.243  150.988  3.13270E-15  SWARM-A  0.367  89.228
2015-03-17T14:27:00Z  467.291  87.135  -169.403  3.15956E-15  SWARM-A  3.016  91.153
2015-03-17T14:27:30Z  467.265  85.984  -143.488  3.18400E-15  SWARM-A  4.752  93.077
2015-03-17T14:28:00Z  467.207  84.400  -130.618  3.20768E-15  SWARM-A  5.618  95.002
2015-03-17T14:28:30Z  467.120  82.658  -123.664  3.22895E-15  SWARM-A  6.090  96.926
2015-03-17T14:29:00Z  467.003  80.848  -119.453  3.24549E-15  SWARM-A  6.379  98.851
2015-03-17T14:29:30Z  466.857  79.003  -116.674  3.25626E-15  SWARM-A  6.573  100.775
2015-03-17T14:30:00Z  466.682  77.138  -114.725  3.26064E-15  SWARM-A  6.711  102.699
2015-03-17T14:30:30Z  466.481  75.260  -113.295  3.25860E-15  SWARM-A  6.815  104.624
2015-03-17T14:31:00Z  466.254  73.374  -112.210  3.25061E-15  SWARM-A  6.896  106.548
2015-03-17T14:31:30Z  466.001  71.482  -111.365  3.23780E-15  SWARM-A  6.960  108.472
2015-03-17T14:32:00Z  465.726  69.586  -110.695  3.22184E-15  SWARM-A  7.013  110.397
2015-03-17T14:32:30Z  465.429  67.686  -110.155  3.20470E-15  SWARM-A  7.058  112.321
2015-03-17T14:33:00Z  465.112  65.783  -109.714  3.18843E-15  SWARM-A  7.095  114.245
2015-03-17T14:33:30Z  464.778  63.878  -109.351  3.17496E-15  SWARM-A  7.128  116.169
2015-03-17T14:34:00Z  464.426  61.971  -109.050  3.16580E-15  SWARM-A  7.156  118.093
2015-03-17T14:34:30Z  464.061  60.062  -108.799  3.16123E-15  SWARM-A  7.181  120.017
2015-03-17T14:35:00Z  463.684  58.151  -108.589  3.16037E-15  SWARM-A  7.204  121.941
2015-03-17T14:35:30Z  463.297  56.239  -108.413  3.15883E-15  SWARM-A  7.224  123.865
2015-03-17T14:36:00Z  462.903  54.326  -108.266  3.15324E-15  SWARM-A  7.242  125.789
2015-03-17T14:36:30Z  462.504  52.411  -108.143  3.13843E-15  SWARM-A  7.259  127.713
2015-03-17T14:37:00Z  462.101  50.495  -108.041  3.10914E-15  SWARM-A  7.274  129.637
2015-03-17T14:37:30Z  461.699  48.579  -107.956  3.06378E-15  SWARM-A  7.288  131.560
2015-03-17T14:38:00Z  461.298  46.661  -107.886  3.00578E-15  SWARM-A  7.301  133.484
2015-03-17T14:38:30Z  460.902  44.742  -107.830  2.94233E-15  SWARM-A  7.313  135.407
2015-03-17T14:39:00Z  460.514  42.822  -107.786  2.87889E-15  SWARM-A  7.324  137.331
2015-03-17T14:39:30Z  460.134  40.901  -107.751  2.81822E-15  SWARM-A  7.335  139.254
2015-03-17T14:40:00Z  459.767  38.979  -107.726  2.76139E-15  SWARM-A  7.345  141.177
2015-03-17T14:40:30Z  459.415  37.056  -107.709  2.70706E-15  SWARM-A  7.354  143.100
2015-03-17T14:41:00Z  459.079  35.133  -107.698  2.65351E-15  SWARM-A  7.363  145.023
2015-03-17T14:41:30Z  458.762  33.209  -107.694  2.59958E-15  SWARM-A  7.372  146.946
2015-03-17T14:42:00Z  458.468  31.284  -107.695  2.54461E-15  SWARM-A  7.380  148.868
2015-03-17T14:42:30Z  458.197  29.358  -107.702  2.48859E-15  SWARM-A  7.388  150.791
2015-03-17T14:43:00Z  457.951  27.431  -107.712  2.43158E-15  SWARM-A  7.396  152.714
2015-03-17T14:43:30Z  457.734  25.504  -107.727  2.37365E-15  SWARM-A  7.403  154.636
2015-03-17T14:44:00Z  457.547  23.577  -107.745  2.31552E-15  SWARM-A  7.410  156.558
2015-03-17T14:44:30Z  457.391  21.648  -107.766  2.25769E-15  SWARM-A  7.417  158.480
2015-03-17T14:45:00Z  457.268  19.720  -107.790  2.20064E-15  SWARM-A  7.424  160.402
2015-03-17T14:45:30Z  457.180  17.791  -107.816  2.14485E-15  SWARM-A  7.430  162.324
2015-03-17T14:46:00Z  457.129  15.861  -107.845  2.09076E-15  SWARM-A  7.437  164.246
2015-03-17T14:46:30Z  457.114  13.931  -107.875  2.03866E-15  SWARM-A  7.443  166.167
2015-03-17T14:47:00Z  457.138  12.001  -107.907  1.98869E-15  SWARM-A  7.449  168.089
2015-03-17T14:47:30Z  457.201  10.071  -107.940  1.94141E-15  SWARM-A  7.455  170.010
2015-03-17T14:48:00Z  457.305  8.141  -107.974  1.89681E-15  SWARM-A  7.461  171.931
2015-03-17T14:48:30Z  457.448  6.210  -108.009  1.85513E-15  SWARM-A  7.467  173.852
2015-03-17T14:49:00Z  457.633  4.280  -108.045  1.81663E-15  SWARM-A  7.473  175.773
2015-03-17T14:49:30Z  457.858  2.349  -108.081  1.78137E-15  SWARM-A  7.479  177.693
2015-03-17T14:50:00Z  458.125  0.419  -108.117  1.74944E-15  SWARM-A  7.485  179.614
2015-03-17T14:50:30Z  458.432  -1.512  -108.154  1.72096E-15  SWARM-A  7.491  181.534
2015-03-17T14:51:00Z  458.779  -3.442  -108.190  1.69591E-15  SWARM-A  7.497  183.454
2015-03-17T14:51:30Z  459.167  -5.371  -108.226  1.67431E-15  SWARM-A  7.503  185.374
2015-03-17T14:52:00Z  459.593  -7.301  -108.261  1.65624E-15  SWARM-A  7.509  187.294
2015-03-17T14:52:30Z  460.057  -9.230  -108.296  1.64156E-15  SWARM-A  7.515  189.213
2015-03-17T14:53:00Z  460.559  -11.159  -108.330  1.63034E-15  SWARM-A  7.521  191.133
2015-03-17T14:53:30Z  461.096  -13.087  -108.362  1.62242E-15  SWARM-A  7.527  193.052
2015-03-17T14:54:00Z  461.667  -15.014  -108.393  1.61798E-15  SWARM-A  7.534  194.971
2015-03-17T14:54:30Z  462.270  -16.941  -108.423  1.61681E-15  SWARM-A  7.540  196.890
2015-03-17T14:55:00Z  462.904  -18.867  -108.450  1.61886E-15  SWARM-A  7.546  198.809
2015-03-17T14:55:30Z  463.567  -20.793  -108.475  1.62405E-15  SWARM-A  7.553  200.727
2015-03-17T14:56:00Z  464.257  -22.717  -108.498  1.63239E-15  SWARM-A  7.560  202.646
2015-03-17T14:56:30Z  464.971  -24.641  -108.517  1.64365E-15  SWARM-A  7.567  204.564
2015-03-17T14:57:00Z  465.707  -26.564  -108.534  1.65793E-15  SWARM-A  7.574  206.482
2015-03-17T14:57:30Z  466.463  -28.487  -108.547  1.67509E-15  SWARM-A  7.582  208.400
2015-03-17T14:58:00Z  467.236  -30.408  -108.555  1.69503E-15  SWARM-A  7.589  210.317
2015-03-17T14:58:30Z  468.024  -32.328  -108.559  1.71756E-15  SWARM-A  7.597  212.235
2015-03-17T14:59:00Z  468.824  -34.247  -108.558  1.74273E-15  SWARM-A  7.606  214.152
2015-03-17T14:59:30Z  469.633  -36.165  -108.551  1.77027E-15  SWARM-A  7.615  216.070
2015-03-17T15:00:00Z  470.448  -38.082  -108.537  1.79591E-15  SWARM-A  7.624  217.987
2015-03-17T15:00:30Z  471.266  -39.998  -108.516  1.82738E-15  SWARM-A  7.634  219.903
2015-03-17T15:01:00Z  472.085  -41.913  -108.487  1.86045E-15  SWARM-A  7.644  221.820
2015-03-17T15:01:30Z  472.902  -43.827  -108.448  1.89477E-15  SWARM-A  7.655  223.737
2015-03-17T15:02:00Z  473.713  -45.739  -108.398  1.93043E-15  SWARM-A  7.667  225.653
2015-03-17T15:02:30Z  474.515  -47.651  -108.336  1.96711E-15  SWARM-A  7.679  227.569
2015-03-17T15:03:00Z  475.307  -49.561  -108.260  2.00450E-15  SWARM-A  7.692  229.486
2015-03-17T15:03:30Z  476.084  -51.469  -108.167  2.04234E-15  SWARM-A  7.707  231.402
2015-03-17T15:04:00Z  476.844  -53.377  -108.055  2.08015E-15  SWARM-A  7.723  233.318
2015-03-17T15:04:30Z  477.584  -55.283  -107.922  2.11753E-15  SWARM-A  7.740  235.233
2015-03-17T15:05:00Z  478.302  -57.187  -107.762  2.15409E-15  SWARM-A  7.759  237.149
2015-03-17T15:05:30Z  478.994  -59.090  -107.572  2.18887E-15  SWARM-A  7.780  239.064
2015-03-17T15:06:00Z  479.659  -60.991  -107.344  2.22170E-15  SWARM-A  7.804  240.980
2015-03-17T15:06:30Z  480.293  -62.891  -107.072  2.25293E-15  SWARM-A  7.830  242.895
2015-03-17T15:07:00Z  480.895  -64.788  -106.745  2.28259E-15  SWARM-A  7.860  244.810
2015-03-17T15:07:30Z  481.462  -66.683  -106.350  2.31113E-15  SWARM-A  7.895  246.726
2015-03-17T15:08:00Z  481.992  -68.576  -105.868  2.33883E-15  SWARM-A  7.935  248.641
2015-03-17T15:08:30Z  482.483  -70.465  -105.275  2.36651E-15  SWARM-A  7.983  250.556
2015-03-17T15:09:00Z  482.933  -72.351  -104.535  2.39466E-15  SWARM-A  8.041  252.471
2015-03-17T15:09:30Z  483.341  -74.231  -103.596  2.42320E-15  SWARM-A  8.112  254.385
2015-03-17T15:10:00Z  483.704  -76.104  -102.378  2.45169E-15  SWARM-A  8.201  256.300
2015-03-17T15:10:30Z  484.022  -77.967  -100.752  2.47923E-15  SWARM-A  8.318  258.215
2015-03-17T15:11:00Z  484.294  -79.815  -98.499  2.50541E-15  SWARM-A  8.477  260.130
2015-03-17T15:11:30Z  484.518  -81.638  -95.214  2.53003E-15  SWARM-A  8.704  262.044
2015-03-17T15:12:00Z  484.693  -83.416  -90.077  2.55347E-15  SWARM-A  9.055  263.959
2015-03-17T15:12:30Z  484.819  -85.099  -81.221  2.57632E-15  SWARM-A  9.653  265.874
2015-03-17T15:13:00Z  484.896  -86.546  -64.062  2.59962E-15  SWARM-A  10.806  267.788
2015-03-17T15:13:30Z  484.922  -87.341  -31.024  2.62423E-15  SWARM-A  13.017  269.703
2015-03-17T15:14:00Z  484.899  -86.925  6.758  2.64796E-15  SWARM-A  15.544  271.617
2015-03-17T15:14:30Z  484.825  -85.633  28.620  2.66917E-15  SWARM-A  17.009  273.532
2015-03-17T15:15:00Z  484.702  -84.006  39.583  2.68835E-15  SWARM-A  17.749  275.447
2015-03-17T15:15:30Z  484.529  -82.253  45.695  2.70550E-15  SWARM-A  18.164  277.361
2015-03-17T15:16:00Z  484.308  -80.442  49.488  2.71952E-15  SWARM-A  18.426  279.276
2015-03-17T15:16:30Z  484.038  -78.601  52.034  2.73085E-15  SWARM-A  18.604  281.191
2015-03-17T15:17:00Z  483.721  -76.742  53.843  2.73707E-15  SWARM-A  18.733  283.105
2015-03-17T15:17:30Z  483.359  -74.872  55.183  2.74003E-15  SWARM-A  18.830  285.020
2015-03-17T15:18:00Z  482.952  -72.994  56.206  2.73791E-15  SWARM-A  18.907  286.935
2015-03-17T15:18:30Z  482.502  -71.110  57.007  2.73196E-15  SWARM-A  18.969  288.850
2015-03-17T15:19:00Z  482.010  -69.222  57.646  2.72209E-15  SWARM-A  19.020  290.765
2015-03-17T15:19:30Z  481.479  -67.330  58.162  2.71297E-15  SWARM-A  19.062  292.680
2015-03-17T15:20:00Z  480.910  -65.436  58.585  2.70615E-15  SWARM-A  19.099  294.596
2015-03-17T15:20:30Z  480.306  -63.539  58.934  2.70035E-15  SWARM-A  19.130  296.511
2015-03-17T15:21:00Z  479.669  -61.640  59.223  2.69501E-15  SWARM-A  19.158  298.426
2015-03-17T15:21:30Z  479.000  -59.739  59.465  2.69086E-15  SWARM-A  19.183  300.342
2015-03-17T15:22:00Z  478.303  -57.837  59.668  2.68823E-15  SWARM-A  19.204  302.257
2015-03-17T15:22:30Z  477.580  -55.933  59.837  2.68698E-15  SWARM-A  19.224  304.173
2015-03-17T15:23:00Z  476.834  -54.027  59.979  2.68183E-15  SWARM-A  19.242  306.089
2015-03-17T15:23:30Z  476.067  -52.120  60.098  2.67270E-15  SWARM-A  19.258  308.005
2015-03-17T15:24:00Z  475.282  -50.212  60.197  2.66145E-15  SWARM-A  19.273  309.921
2015-03-17T15:24:30Z  474.483  -48.302  60.278  2.64755E-15  SWARM-A  19.287  311.838
2015-03-17T15:25:00Z  473.671  -46.391  60.345  2.62933E-15  SWARM-A  19.300  313.754
2015-03-17T15:25:30Z  472.850  -44.479  60.399  2.60896E-15  SWARM-A  19.311  315.671
2015-03-17T15:26:00Z  472.023  -42.565  60.441  2.58065E-15  SWARM-A  19.323  317.587
2015-03-17T15:26:30Z  471.193  -40.650  60.474  2.54456E-15  SWARM-A  19.333  319.504
2015-03-17T15:27:00Z  470.363  -38.735  60.498  2.50238E-15  SWARM-A  19.343  321.421
2015-03-17T15:27:30Z  469.535  -36.818  60.514  2.45411E-15  SWARM-A  19.352  323.338
2015-03-17T15:28:00Z  468.713  -34.900  60.523  2.40380E-15  SWARM-A  19.361  325.256
2015-03-17T15:28:30Z  467.899  -32.981  60.526  2.35748E-15  SWARM-A  19.370  327.173
2015-03-17T15:29:00Z  467.097  -31.060  60.524  2.31808E-15  SWARM-A  19.378  329.091
2015-03-17T15:29:30Z  466.309  -29.139  60.517  2.28526E-15  SWARM-A  19.386  331.009
2015-03-17T15:30:00Z  465.537  -27.217  60.505  2.25749E-15  SWARM-A  19.394  332.927
2015-03-17T15:30:30Z  464.785  -25.294  60.490  2.23178E-15  SWARM-A  19.401  334.845
2015-03-17T15:31:00Z  464.054  -23.370  60.472  2.20816E-15  SWARM-A  19.408  336.764
2015-03-17T15:31:30Z  463.348  -21.446  60.450  2.18430E-15  SWARM-A  19.415  338.682
2015-03-17T15:32:00Z  462.668  -19.520  60.426  2.15989E-15  SWARM-A  19.422  340.601
2015-03-17T15:32:30Z  462.017  -17.594  60.399  2.13372E-15  SWARM-A  19.428  342.520
2015-03-17T15:33:00Z  461.396  -15.667  60.370  2.10824E-15  SWARM-A  19.435  344.439
2015-03-17T15:33:30Z  460.808  -13.740  60.340  2.08236E-15  SWARM-A  19.441  346.358
2015-03-17T15:34:00Z  460.254  -11.811  60.308  2.05765E-15  SWARM-A  19.447  348.278
2015-03-17T15:34:30Z  459.736  -9.883  60.275  2.03262E-15  SWARM-A  19.453  350.197
2015-03-17T15:35:00Z  459.255  -7.953  60.240  2.00972E-15  SWARM-A  19.459  352.117
2015-03-17T15:35:30Z  458.812  -6.024  60.205  1.98808E-15  SWARM-A  19.465  354.037
2015-03-17T15:36:00Z  458.408  -4.094  60.169  1.96803E-15  SWARM-A  19.471  355.957
2015-03-17T15:36:30Z  458.045  -2.164  60.133  1.94971E-15  SWARM-A  19.477  357.878
2015-03-17T15:37:00Z  457.722  -0.233  60.097  1.93271E-15  SWARM-A  19.483  359.798
2015-03-17T15:37:30Z  457.441  1.697  60.060  1.91699E-15  SWARM-A  19.489  1.719
2015-03-17T15:38:00Z  457.201  3.628  60.024  1.90366E-15  SWARM-A  19.495  3.640
2015-03-17T15:38:30Z  457.003  5.559  59.988  1.89183E-15  SWARM-A  19.501  5.560
2015-03-17T15:39:00Z  456.846  7.490  59.953  1.88368E-15  SWARM-A  19.507  7.482
2015-03-17T15:39:30Z  456.731  9.421  59.918  1.87719E-15  SWARM-A  19.513  9.403
2015-03-17T15:40:00Z  456.656  11.351  59.885  1.87468E-15  SWARM-A  19.519  11.324
2015-03-17T15:40:30Z  456.621  13.282  59.852  1.87320E-15  SWARM-A  19.525  13.246
2015-03-17T15:41:00Z  456.626  15.212  59.822  1.87487E-15  SWARM-A  19.531  15.168
2015-03-17T15:41:30Z  456.669  17.142  59.793  1.88077E-15  SWARM-A  19.538  17.090
2015-03-17T15:42:00Z  456.749  19.071  59.766  1.88861E-15  SWARM-A  19.544  19.012
2015-03-17T15:42:30Z  456.865  21.000  59.741  1.89904E-15  SWARM-A  19.551  20.934
2015-03-17T15:43:00Z  457.015  22.929  59.719  1.91210E-15  SWARM-A  19.558  22.856
2015-03-17T15:43:30Z  457.198  24.857  59.700  1.92759E-15  SWARM-A  19.565  24.779
2015-03-17T15:44:00Z  457.412  26.784  59.684  1.94522E-15  SWARM-A  19.572  26.701
2015-03-17T15:44:30Z  457.655  28.711  59.672  1.96479E-15  SWARM-A  19.580  28.624
2015-03-17T15:45:00Z  457.925  30.638  59.664  1.98607E-15  SWARM-A  19.588  30.547
2015-03-17T15:45:30Z  458.220  32.563  59.661  2.00862E-15  SWARM-A  19.596  32.470
2015-03-17T15:46:00Z  458.538  34.488  59.663  2.03226E-15  SWARM-A  19.604  34.393
2015-03-17T15:46:30Z  458.876  36.412  59.671  2.05664E-15  SWARM-A  19.613  36.316
2015-03-17T15:47:00Z  459.232  38.335  59.686  2.08152E-15  SWARM-A  19.622  38.239
2015-03-17T15:47:30Z  459.604  40.257  59.709  2.10703E-15  SWARM-A  19.632  40.162
2015-03-17T15:48:00Z  459.990  42.179  59.740  2.13325E-15  SWARM-A  19.643  42.086
2015-03-17T15:48:30Z  460.387  44.099  59.781  2.15969E-15  SWARM-A  19.654  44.009
2015-03-17T15:49:00Z  460.792  46.019  59.833  2.18882E-15  SWARM-A  19.665  45.933
2015-03-17T15:49:30Z  461.203  47.937  59.898  2.21812E-15  SWARM-A  19.678  47.857
2015-03-17T15:50:00Z  461.617  49.855  59.977  2.24944E-15  SWARM-A  19.692  49.780
2015-03-17T15:50:30Z  462.033  51.771  60.073  2.28296E-15  SWARM-A  19.707  51.704
2015-03-17T15:51:00Z  462.447  53.686  60.189  2.31718E-15  SWARM-A  19.723  53.628
2015-03-17T15:51:30Z  462.857  55.600  60.328  2.35119E-15  SWARM-A  19.740  55.552
2015-03-17T15:52:00Z  463.260  57.513  60.493  2.38406E-15  SWARM-A  19.760  57.476
2015-03-17T15:52:30Z  463.655  59.424  60.691  2.41468E-15  SWARM-A  19.781  59.400
2015-03-17T15:53:00Z  464.038  61.334  60.927  2.44148E-15  SWARM-A  19.805  61.325
2015-03-17T15:53:30Z  464.409  63.242  61.210  2.46481E-15  SWARM-A  19.832  63.249
2015-03-17T15:54:00Z  464.764  65.148  61.551  2.48459E-15  SWARM-A  19.863  65.173
2015-03-17T15:54:30Z  465.102  67.051  61.964  2.50075E-15  SWARM-A  19.899  67.097
2015-03-17T15:55:00Z  465.420  68.953  62.468  2.51389E-15  SWARM-A  19.941  69.022
2015-03-17T15:55:30Z  465.718  70.850  63.091  2.52473E-15  SWARM-A  19.991  70.946
2015-03-17T15:56:00Z  465.993  72.744  63.871  2.53478E-15  SWARM-A  20.051  72.870
2015-03-17T15:56:30Z  466.244  74.633  64.866  2.54507E-15  SWARM-A  20.126  74.795
2015-03-17T15:57:00Z  466.470  76.513  66.166  2.55492E-15  SWARM-A  20.221  76.719
2015-03-17T15:57:30Z  466.669  78.383  67.916  2.56745E-15  SWARM-A  20.346  78.644
2015-03-17T15:58:00Z  466.841  80.236  70.369  2.58322E-15  SWARM-A  20.518  80.568
2015-03-17T15:58:30Z  466.983  82.061  74.005  2.60291E-15  SWARM-A  20.769  82.493
2015-03-17T15:59:00Z  467.097  83.831  79.821  2.62605E-15  SWARM-A  21.165  84.417
2015-03-17T15:59:30Z  467.180  85.485  90.159  2.65278E-15  SWARM-A  21.862  86.342
2015-03-17T16:00:00Z  467.233  86.833  110.720  2.67776E-15  SWARM-A  23.241  88.266
2015-03-17T16:00:30Z  467.255  87.357  147.681  2.70347E-15  SWARM-A  1.714  90.191
2015-03-17T16:01:00Z  467.246  86.646  -177.739  2.72660E-15  SWARM-A  4.027  92.115
2015-03-17T16:01:30Z  467.207  85.222  -159.492  2.74781E-15  SWARM-A  5.252  94.040
2015-03-17T16:02:00Z  467.137  83.541  -150.181  2.76738E-15  SWARM-A  5.881  95.965
2015-03-17T16:02:30Z  467.037  81.759  -144.839  2.78706E-15  SWARM-A  6.246  97.889
2015-03-17T16:03:00Z  466.908  79.928  -141.451  2.80546E-15  SWARM-A  6.480  99.813
2015-03-17T16:03:30Z  466.750  78.072  -139.140  2.82088E-15  SWARM-A  6.642  101.738
2015-03-17T16:04:00Z  466.565  76.200  -137.479  2.83427E-15  SWARM-A  6.761  103.662
2015-03-17T16:04:30Z  466.353  74.318  -136.238  2.84684E-15  SWARM-A  6.852  105.587
2015-03-17T16:05:00Z  466.116  72.428  -135.284  2.85839E-15  SWARM-A  6.924  107.511
2015-03-17T16:05:30Z  465.854  70.534  -134.534  2.86865E-15  SWARM-A  6.983  109.435
2015-03-17T16:06:00Z  465.570  68.636  -133.933  2.88309E-15  SWARM-A  7.031  111.360
2015-03-17T16:06:30Z  465.266  66.734  -133.446  2.90291E-15  SWARM-A  7.072  113.284
2015-03-17T16:07:00Z  464.942  64.830  -133.047  2.92858E-15  SWARM-A  7.107  115.208
2015-03-17T16:07:30Z  464.600  62.924  -132.716  2.95914E-15  SWARM-A  7.137  117.132
2015-03-17T16:08:00Z  464.244  61.016  -132.442  2.99008E-15  SWARM-A  7.164  119.056
2015-03-17T16:08:30Z  463.874  59.106  -132.213  3.01934E-15  SWARM-A  7.187  120.980
2015-03-17T16:09:00Z  463.493  57.195  -132.021  3.04027E-15  SWARM-A  7.209  122.904
2015-03-17T16:09:30Z  463.104  55.282  -131.860  3.04755E-15  SWARM-A  7.228  124.828
2015-03-17T16:10:00Z  462.707  53.368  -131.725  3.03911E-15  SWARM-A  7.245  126.752
2015-03-17T16:10:30Z  462.307  51.453  -131.613  3.01907E-15  SWARM-A  7.261  128.676
2015-03-17T16:11:00Z  461.906  49.536  -131.520  2.99500E-15  SWARM-A  7.275  130.599
2015-03-17T16:11:30Z  461.505  47.619  -131.443  2.97362E-15  SWARM-A  7.289  132.523
2015-03-17T16:12:00Z  461.107  45.701  -131.381  2.95815E-15  SWARM-A  7.301  134.446
2015-03-17T16:12:30Z  460.716  43.781  -131.331  2.94837E-15  SWARM-A  7.313  136.370
2015-03-17T16:13:00Z  460.333  41.861  -131.292  2.94151E-15  SWARM-A  7.324  138.293
2015-03-17T16:13:30Z  459.961  39.939  -131.262  2.93464E-15  SWARM-A  7.334  140.216
2015-03-17T16:14:00Z  459.602  38.017  -131.241  2.92530E-15  SWARM-A  7.344  142.139
2015-03-17T16:14:30Z  459.259  36.094  -131.227  2.91482E-15  SWARM-A  7.353  144.062
2015-03-17T16:15:00Z  458.935  34.170  -131.220  2.90272E-15  SWARM-A  7.362  145.985
2015-03-17T16:15:30Z  458.630  32.246  -131.219  2.88906E-15  SWARM-A  7.370  147.908
2015-03-17T16:16:00Z  458.349  30.320  -131.222  2.87390E-15  SWARM-A  7.379  149.830
2015-03-17T16:16:30Z  458.092  28.394  -131.231  2.85742E-15  SWARM-A  7.386  151.753
2015-03-17T16:17:00Z  457.863  26.467  -131.244  2.84000E-15  SWARM-A  7.394  153.675
2015-03-17T16:17:30Z  457.662  24.540  -131.260  2.82182E-15  SWARM-A  7.401  155.598
2015-03-17T16:18:00Z  457.492  22.612  -131.280  2.80294E-15  SWARM-A  7.408  157.520
2015-03-17T16:18:30Z  457.354  20.684  -131.303  2.78353E-15  SWARM-A  7.415  159.442
2015-03-17T16:19:00Z  457.251  18.755  -131.328  2.76415E-15  SWARM-A  7.422  161.364
2015-03-17T16:19:30Z  457.183  16.825  -131.355  2.74508E-15  SWARM-A  7.428  163.285
2015-03-17T16:20:00Z  457.151  14.896  -131.384  2.72634E-15  SWARM-A  7.434  165.207
2015-03-17T16:20:30Z  457.158  12.966  -131.416  2.70831E-15  SWARM-A  7.441  167.128
2015-03-17T16:21:00Z  457.203  11.036  -131.448  2.69103E-15  SWARM-A  7.447  169.050
2015-03-17T16:21:30Z  457.288  9.105  -131.482  2.67451E-15  SWARM-A  7.453  170.971
2015-03-17T16:22:00Z  457.413  7.175  -131.516  2.65890E-15  SWARM-A  7.459  172.892
2015-03-17T16:22:30Z  457.578  5.244  -131.552  2.64413E-15  SWARM-A  7.465  174.813
2015-03-17T16:23:00Z  457.785  3.314  -131.588  2.63014E-15  SWARM-A  7.471  176.733
2015-03-17T16:23:30Z  458.032  1.384  -131.624  2.61699E-15  SWARM-A  7.477  178.654
2015-03-17T16:24:00Z  458.320  -0.547  -131.661  2.60454E-15  SWARM-A  7.483  180.574
2015-03-17T16:24:30Z  458.649  -2.477  -131.697  2.59276E-15  SWARM-A  7.489  182.494
2015-03-17T16:25:00Z  459.017  -4.407  -131.734  2.58137E-15  SWARM-A  7.494  184.414
2015-03-17T16:25:30Z  459.425  -6.336  -131.769  2.57052E-15  SWARM-A  7.500  186.334
2015-03-17T16:26:00Z  459.871  -8.266  -131.805  2.55997E-15  SWARM-A  7.506  188.254
2015-03-17T16:26:30Z  460.355  -10.194  -131.839  2.54970E-15  SWARM-A  7.512  190.173
2015-03-17T16:27:00Z  460.875  -12.123  -131.872  2.53950E-15  SWARM-A  7.519  192.092
2015-03-17T16:27:30Z  461.429  -14.050  -131.904  2.52949E-15  SWARM-A  7.525  194.012
2015-03-17T16:28:00Z  462.017  -15.978  -131.934  2.51960E-15  SWARM-A  7.531  195.931
2015-03-17T16:28:30Z  462.637  -17.904  -131.963  2.50967E-15  SWARM-A  7.538  197.849
2015-03-17T16:29:00Z  463.286  -19.830  -131.989  2.49990E-15  SWARM-A  7.544  199.768
2015-03-17T16:29:30Z  463.963  -21.755  -132.013  2.49016E-15  SWARM-A  7.551  201.686
2015-03-17T16:30:00Z  464.665  -23.679  -132.034  2.48065E-15  SWARM-A  7.558  203.605
2015-03-17T16:30:30Z  465.391  -25.603  -132.052  2.47135E-15  SWARM-A  7.565  205.523
2015-03-17T16:31:00Z  466.137  -27.525  -132.067  2.46238E-15  SWARM-A  7.572  207.441
2015-03-17T16:31:30Z  466.902  -29.447  -132.078  2.45379E-15  SWARM-A  7.580  209.358
2015-03-17T16:32:00Z  467.683  -31.368  -132.084  2.44552E-15  SWARM-A  7.588  211.276
2015-03-17T16:32:30Z  468.477  -33.287  -132.086  2.43775E-15  SWARM-A  7.596  213.193
2015-03-17T16:33:00Z  469.282  -35.206  -132.082  2.43045E-15  SWARM-A  7.605  215.111
2015-03-17T16:33:30Z  470.094  -37.124  -132.072  2.42363E-15  SWARM-A  7.614  217.028
2015-03-17T16:34:00Z  470.911  -39.040  -132.055  2.41702E-15  SWARM-A  7.623  218.945
2015-03-17T16:34:30Z  471.729  -40.956  -132.030  2.41043E-15  SWARM-A  7.633  220.861
2015-03-17T16:35:00Z  472.547  -42.870  -131.996  2.40418E-15  SWARM-A  7.644  222.778
2015-03-17T16:35:30Z  473.360  -44.783  -131.951  2.39802E-15  SWARM-A  7.655  224.694
2015-03-17T16:36:00Z  474.167  -46.695  -131.896  2.39173E-15  SWARM-A  7.667  226.611
2015-03-17T16:36:30Z  474.963  -48.605  -131.827  2.38510E-15  SWARM-A  7.680  228.527
2015-03-17T16:37:00Z  475.747  -50.515  -131.743  2.37573E-15  SWARM-A  7.694  230.443
2015-03-17T16:37:30Z  476.515  -52.423  -131.642  2.36547E-15  SWARM-A  7.709  232.359
2015-03-17T16:38:00Z  477.264  -54.329  -131.520  2.35406E-15  SWARM-A  7.725  234.275
2015-03-17T16:38:30Z  477.992  -56.234  -131.374  2.34130E-15  SWARM-A  7.744  236.190
2015-03-17T16:39:00Z  478.696  -58.138  -131.200  2.32646E-15  SWARM-A  7.763  238.106
2015-03-17T16:39:30Z  479.374  -60.040  -130.992  2.31069E-15  SWARM-A  7.786  240.021
2015-03-17T16:40:00Z  480.022  -61.941  -130.743  2.29444E-15  SWARM-A  7.811  241.937
2015-03-17T16:40:30Z  480.639  -63.839  -130.445  2.27828E-15  SWARM-A  7.839  243.852
2015-03-17T16:41:00Z  481.222  -65.735  -130.086  2.26271E-15  SWARM-A  7.871  245.767
2015-03-17T16:41:30Z  481.769  -67.629  -129.651  2.24780E-15  SWARM-A  7.908  247.682
2015-03-17T16:42:00Z  482.278  -69.520  -129.118  2.23326E-15  SWARM-A  7.952  249.597
2015-03-17T16:42:30Z  482.747  -71.408  -128.457  2.21858E-15  SWARM-A  8.005  251.512
2015-03-17T16:43:00Z  483.175  -73.291  -127.626  2.20326E-15  SWARM-A  8.068  253.427
2015-03-17T16:43:30Z  483.559  -75.168  -126.561  2.18696E-15  SWARM-A  8.148  255.342
2015-03-17T16:44:00Z  483.898  -77.037  -125.161  2.17012E-15  SWARM-A  8.249  257.256
2015-03-17T16:44:30Z  484.191  -78.893  -123.259  2.15275E-15  SWARM-A  8.385  259.171
2015-03-17T16:45:00Z  484.437  -80.730  -120.561  2.13492E-15  SWARM-A  8.573  261.086
2015-03-17T16:45:30Z  484.635  -82.535  -116.499  2.11804E-15  SWARM-A  8.852  263.000
2015-03-17T16:46:00Z  484.784  -84.275  -109.853  2.10259E-15  SWARM-A  9.303  264.915
2015-03-17T16:46:30Z  484.883  -85.869  -97.702  2.08901E-15  SWARM-A  10.122  266.830
2015-03-17T16:47:00Z  484.932  -87.069  -73.318  2.07681E-15  SWARM-A  11.756  268.744
2015-03-17T16:47:30Z  484.932  -87.289  -34.250  2.06625E-15  SWARM-A  14.368  270.659
2015-03-17T16:48:00Z  484.881  -86.347  -3.901  2.05441E-15  SWARM-A  16.400  272.573
2015-03-17T16:48:30Z  484.780  -84.845  11.457  2.04013E-15  SWARM-A  17.432  274.488
2015-03-17T16:49:00Z  484.630  -83.141  19.520  2.02428E-15  SWARM-A  17.978  276.403
2015-03-17T16:49:30Z  484.430  -81.354  24.278  2.00854E-15  SWARM-A  18.304  278.317
2015-03-17T16:50:00Z  484.182  -79.526  27.359  1.99297E-15  SWARM-A  18.517  280.232
2015-03-17T16:50:30Z  483.887  -77.675  29.492  1.97790E-15  SWARM-A  18.668  282.147
2015-03-17T16:51:00Z  483.545  -75.810  31.041  1.96382E-15  SWARM-A  18.780  284.062
2015-03-17T16:51:30Z  483.157  -73.935  32.207  1.95123E-15  SWARM-A  18.866  285.977
2015-03-17T16:52:00Z  482.726  -72.054  33.110  1.94056E-15  SWARM-A  18.934  287.891
2015-03-17T16:52:30Z  482.253  -70.168  33.823  1.93227E-15  SWARM-A  18.990  289.806
2015-03-17T16:53:00Z  481.739  -68.278  34.396  1.92862E-15  SWARM-A  19.037  291.722
2015-03-17T16:53:30Z  481.186  -66.385  34.863  1.92764E-15  SWARM-A  19.076  293.637
2015-03-17T16:54:00Z  480.597  -64.489  35.246  1.93000E-15  SWARM-A  19.110  295.552
2015-03-17T16:54:30Z  479.974  -62.591  35.563  1.93376E-15  SWARM-A  19.139  297.467
2015-03-17T16:55:00Z  479.318  -60.691  35.827  1.94028E-15  SWARM-A  19.165  299.383
2015-03-17T16:55:30Z  478.633  -58.790  36.048  1.94852E-15  SWARM-A  19.188  301.298
2015-03-17T16:56:00Z  477.920  -56.886  36.233  1.95772E-15  SWARM-A  19.209  303.214
2015-03-17T16:56:30Z  477.183  -54.981  36.388  1.96724E-15  SWARM-A  19.228  305.130
2015-03-17T16:57:00Z  476.424  -53.075  36.518  1.97629E-15  SWARM-A  19.245  307.046
2015-03-17T16:57:30Z  475.645  -51.167  36.626  1.98399E-15  SWARM-A  19.260  308.962
2015-03-17T16:58:00Z  474.851  -49.258  36.716  1.98942E-15  SWARM-A  19.275  310.878
2015-03-17T16:58:30Z  474.042  -47.348  36.790  1.99050E-15  SWARM-A  19.288  312.795
2015-03-17T16:59:00Z  473.223  -45.436  36.850  1.98923E-15  SWARM-A  19.300  314.711
2015-03-17T16:59:30Z  472.397  -43.523  36.898  1.98463E-15  SWARM-A  19.312  316.628
2015-03-17T17:00:00Z  471.565  -41.609  36.935  1.97769E-15  SWARM-A  19.323  318.545
2015-03-17T17:00:30Z  470.733  -39.694  36.963  1.97045E-15  SWARM-A  19.333  320.462
2015-03-17T17:01:00Z  469.901  -37.777  36.983  1.96411E-15  SWARM-A  19.342  322.379
2015-03-17T17:01:30Z  469.073  -35.860  36.995  1.96042E-15  SWARM-A  19.352  324.296
2015-03-17T17:02:00Z  468.253  -33.941  37.001  1.96079E-15  SWARM-A  19.360  326.214
2015-03-17T17:02:30Z  467.442  -32.022  37.002  1.96687E-15  SWARM-A  19.369  328.131
2015-03-17T17:03:00Z  466.645  -30.101  36.997  1.97873E-15  SWARM-A  19.377  330.049
2015-03-17T17:03:30Z  465.862  -28.179  36.987  1.99562E-15  SWARM-A  19.384  331.967
2015-03-17T17:04:00Z  465.098  -26.257  36.974  2.01624E-15  SWARM-A  19.392  333.885
2015-03-17T17:04:30Z  464.355  -24.333  36.957  2.03915E-15  SWARM-A  19.399  335.804
2015-03-17T17:05:00Z  463.634  -22.409  36.937  2.06298E-15  SWARM-A  19.406  337.722
2015-03-17T17:05:30Z  462.940  -20.484  36.914  2.08645E-15  SWARM-A  19.413  339.641
2015-03-17T17:06:00Z  462.272  -18.558  36.888  2.10974E-15  SWARM-A  19.419  341.560
2015-03-17T17:06:30Z  461.635  -16.631  36.860  2.13205E-15  SWARM-A  19.426  343.479
2015-03-17T17:07:00Z  461.029  -14.704  36.831  2.15341E-15  SWARM-A  19.432  345.398
2015-03-17T17:07:30Z  460.457  -12.776  36.799  2.17390E-15  SWARM-A  19.438  347.317
2015-03-17T17:08:00Z  459.919  -10.848  36.767  2.19362E-15  SWARM-A  19.445  349.237
2015-03-17T17:08:30Z  459.418  -8.919  36.733  2.21265E-15  SWARM-A  19.451  351.157
2015-03-17T17:09:00Z  458.955  -6.989  36.698  2.23111E-15  SWARM-A  19.457  353.077
2015-03-17T17:09:30Z  458.531  -5.059  36.662  2.24904E-15  SWARM-A  19.463  354.997
2015-03-17T17:10:00Z  458.147  -3.129  36.626  2.26665E-15  SWARM-A  19.469  356.917
2015-03-17T17:10:30Z  457.803  -1.199  36.590  2.28401E-15  SWARM-A  19.475  358.837
2015-03-17T17:11:00Z  457.500  0.732  36.553  2.30072E-15  SWARM-A  19.480  0.758
2015-03-17T17:11:30Z  457.238  2.662  36.517  2.31748E-15  SWARM-A  19.486  2.679
2015-03-17T17:12:00Z  457.018  4.593  36.481  2.33452E-15  SWARM-A  19.492  4.600
2015-03-17T17:12:30Z  456.840  6.524  36.445  2.35130E-15  SWARM-A  19.498  6.521
2015-03-17T17:13:00Z  456.703  8.455  36.410  2.36816E-15  SWARM-A  19.504  8.442
2015-03-17T17:13:30Z  456.607  10.386  36.376  2.38517E-15  SWARM-A  19.510  10.364
2015-03-17T17:14:00Z  456.552  12.316  36.343  2.40244E-15  SWARM-A  19.516  12.285
2015-03-17T17:14:30Z  456.536  14.247  36.311  2.41986E-15  SWARM-A  19.523  14.207
2015-03-17T17:15:00Z  456.559  16.177  36.281  2.43741E-15  SWARM-A  19.529  16.129
2015-03-17T17:15:30Z  456.619  18.107  36.253  2.45526E-15  SWARM-A  19.535  18.051
2015-03-17T17:16:00Z  456.716  20.036  36.227  2.47314E-15  SWARM-A  19.542  19.973
2015-03-17T17:16:30Z  456.849  21.965  36.204  2.49112E-15  SWARM-A  19.549  21.895
2015-03-17T17:17:00Z  457.014  23.893  36.183  2.50902E-15  SWARM-A  19.556  23.818
2015-03-17T17:17:30Z  457.212  25.821  36.166  2.52666E-15  SWARM-A  19.563  25.740
2015-03-17T17:18:00Z  457.439  27.748  36.152  2.54389E-15  SWARM-A  19.570  27.663
2015-03-17T17:18:30Z  457.695  29.675  36.142  2.56043E-15  SWARM-A  19.578  29.586
2015-03-17T17:19:00Z  457.976  31.601  36.136  2.57610E-15  SWARM-A  19.586  31.509
2015-03-17T17:19:30Z  458.282  33.526  36.135  2.59075E-15  SWARM-A  19.594  33.432
2015-03-17T17:20:00Z  458.609  35.451  36.141  2.60427E-15  SWARM-A  19.603  35.355
2015-03-17T17:20:30Z  458.956  37.374  36.152  2.61663E-15  SWARM-A  19.612  37.278
2015-03-17T17:21:00Z  459.320  39.297  36.171  2.62784E-15  SWARM-A  19.622  39.201
2015-03-17T17:21:30Z  459.698  41.219  36.197  2.63845E-15  SWARM-A  19.632  41.125
2015-03-17T17:22:00Z  460.088  43.140  36.233  2.64912E-15  SWARM-A  19.642  43.048
2015-03-17T17:22:30Z  460.488  45.060  36.279  2.66024E-15  SWARM-A  19.654  44.972
2015-03-17T17:23:00Z  460.896  46.979  36.337  2.67251E-15  SWARM-A  19.666  46.896
2015-03-17T17:23:30Z  461.307  48.897  36.409  2.68702E-15  SWARM-A  19.679  48.820
2015-03-17T17:24:00Z  461.722  50.814  36.497  2.70351E-15  SWARM-A  19.693  50.744
2015-03-17T17:24:30Z  462.135  52.730  36.602  2.72121E-15  SWARM-A  19.709  52.667
2015-03-17T17:25:00Z  462.546  54.645  36.729  2.73897E-15  SWARM-A  19.725  54.591
2015-03-17T17:25:30Z  462.952  56.558  36.880  2.75563E-15  SWARM-A  19.744  56.516
2015-03-17T17:26:00Z  463.351  58.470  37.061  2.76961E-15  SWARM-A  19.764  58.440
2015-03-17T17:26:30Z  463.739  60.381  37.277  2.78094E-15  SWARM-A  19.787  60.364
2015-03-17T17:27:00Z  464.116  62.290  37.535  2.78916E-15  SWARM-A  19.813  62.288
2015-03-17T17:27:30Z  464.478  64.197  37.845  2.79383E-15  SWARM-A  19.842  64.212
2015-03-17T17:28:00Z  464.824  66.102  38.220  2.79502E-15  SWARM-A  19.875  66.137
2015-03-17T17:28:30Z  465.152  68.004  38.675  2.79306E-15  SWARM-A  19.914  68.061
2015-03-17T17:29:00Z  465.460  69.904  39.234  2.78879E-15  SWARM-A  19.959  69.986
2015-03-17T17:29:30Z  465.746  71.800  39.930  2.78353E-15  SWARM-A  20.014  71.910
2015-03-17T17:30:00Z  466.009  73.691  40.808  2.77806E-15  SWARM-A  20.081  73.835
2015-03-17T17:30:30Z  466.247  75.576  41.942  2.77372E-15  SWARM-A  20.165  75.759
2015-03-17T17:31:00Z  466.459  77.452  43.443  2.77170E-15  SWARM-A  20.273  77.684
2015-03-17T17:31:30Z  466.644  79.315  45.503  2.77326E-15  SWARM-A  20.419  79.608
2015-03-17T17:32:00Z  466.801  81.156  48.466  2.77920E-15  SWARM-A  20.625  81.533
2015-03-17T17:32:30Z  466.929  82.958  53.014  2.78837E-15  SWARM-A  20.936  83.457
2015-03-17T17:33:00Z  467.027  84.683  60.656  2.79917E-15  SWARM-A  21.454  85.382
2015-03-17T17:33:30Z  467.096  86.222  75.094  2.81097E-15  SWARM-A  22.425  87.307
2015-03-17T17:34:00Z  467.133  87.246  103.984  2.82355E-15  SWARM-A  0.359  89.231
2015-03-17T17:34:30Z  467.140  87.136  143.622  2.83248E-15  SWARM-A  3.010  91.156
2015-03-17T17:35:00Z  467.117  85.983  169.516  2.83576E-15  SWARM-A  4.745  93.080
2015-03-17T17:35:30Z  467.062  84.398  -177.632  2.83874E-15  SWARM-A  5.610  95.005
2015-03-17T17:36:00Z  466.978  82.656  -170.688  2.83789E-15  SWARM-A  6.081  96.929
2015-03-17T17:36:30Z  466.864  80.845  -166.483  2.83643E-15  SWARM-A  6.370  98.854
2015-03-17T17:37:00Z  466.722  79.000  -163.709  2.83236E-15  SWARM-A  6.563  100.778
2015-03-17T17:37:30Z  466.551  77.135  -161.762  2.82878E-15  SWARM-A  6.701  102.703
2015-03-17T17:38:00Z  466.353  75.257  -160.334  2.82771E-15  SWARM-A  6.805  104.627
2015-03-17T17:38:30Z  466.129  73.371  -159.250  2.82927E-15  SWARM-A  6.885  106.552
2015-03-17T17:39:00Z  465.880  71.479  -158.407  2.83576E-15  SWARM-A  6.950  108.476
2015-03-17T17:39:30Z  465.609  69.582  -157.738  2.84817E-15  SWARM-A  7.003  110.401
2015-03-17T17:40:00Z  465.315  67.682  -157.198  2.86581E-15  SWARM-A  7.047  112.325
2015-03-17T17:40:30Z  465.002  65.779  -156.758  2.88625E-15  SWARM-A  7.085  114.249
2015-03-17T17:41:00Z  464.670  63.874  -156.395  2.90527E-15  SWARM-A  7.117  116.173
2015-03-17T17:41:30Z  464.323  61.967  -156.095  2.91771E-15  SWARM-A  7.146  118.097
2015-03-17T17:42:00Z  463.961  60.058  -155.844  2.91883E-15  SWARM-A  7.171  120.022
2015-03-17T17:42:30Z  463.587  58.147  -155.635  2.90681E-15  SWARM-A  7.193  121.946
2015-03-17T17:43:00Z  463.203  56.235  -155.459  2.88431E-15  SWARM-A  7.213  123.870
2015-03-17T17:43:30Z  462.811  54.322  -155.312  2.85949E-15  SWARM-A  7.231  125.793
2015-03-17T17:44:00Z  462.415  52.407  -155.190  2.83855E-15  SWARM-A  7.248  127.717
2015-03-17T17:44:30Z  462.015  50.491  -155.087  2.82469E-15  SWARM-A  7.263  129.641
2015-03-17T17:45:00Z  461.616  48.574  -155.003  2.81730E-15  SWARM-A  7.277  131.565
2015-03-17T17:45:30Z  461.218  46.656  -154.934  2.81447E-15  SWARM-A  7.290  133.488
2015-03-17T17:46:00Z  460.825  44.737  -154.878  2.81370E-15  SWARM-A  7.302  135.412
2015-03-17T17:46:30Z  460.439  42.817  -154.833  2.81337E-15  SWARM-A  7.313  137.335
2015-03-17T17:47:00Z  460.063  40.896  -154.799  2.81385E-15  SWARM-A  7.324  139.258
2015-03-17T17:47:30Z  459.699  38.975  -154.774  2.81447E-15  SWARM-A  7.334  141.182
2015-03-17T17:48:00Z  459.350  37.052  -154.757  2.81534E-15  SWARM-A  7.343  143.105
2015-03-17T17:48:30Z  459.018  35.128  -154.746  2.81626E-15  SWARM-A  7.352  145.028
2015-03-17T17:49:00Z  458.705  33.204  -154.742  2.81742E-15  SWARM-A  7.361  146.950
2015-03-17T17:49:30Z  458.414  31.279  -154.744  2.81906E-15  SWARM-A  7.369  148.873
2015-03-17T17:50:00Z  458.146  29.353  -154.750  2.82133E-15  SWARM-A  7.377  150.796
2015-03-17T17:50:30Z  457.905  27.427  -154.761  2.82390E-15  SWARM-A  7.385  152.718
2015-03-17T17:51:00Z  457.691  25.499  -154.776  2.82697E-15  SWARM-A  7.392  154.641
2015-03-17T17:51:30Z  457.507  23.572  -154.794  2.83076E-15  SWARM-A  7.399  156.563
2015-03-17T17:52:00Z  457.355  21.644  -154.815  2.83537E-15  SWARM-A  7.406  158.485
2015-03-17T17:52:30Z  457.236  19.715  -154.839  2.84099E-15  SWARM-A  7.413  160.407
2015-03-17T17:53:00Z  457.152  17.786  -154.865  2.84778E-15  SWARM-A  7.419  162.329
2015-03-17T17:53:30Z  457.103  15.856  -154.894  2.85552E-15  SWARM-A  7.426  164.251
2015-03-17T17:54:00Z  457.092  13.926  -154.924  2.86446E-15  SWARM-A  7.432  166.172
2015-03-17T17:54:30Z  457.119  11.996  -154.956  2.87451E-15  SWARM-A  7.438  168.094
2015-03-17T17:55:00Z  457.186  10.066  -154.989  2.88561E-15  SWARM-A  7.444  170.015
2015-03-17T17:55:30Z  457.292  8.136  -155.024  2.89778E-15  SWARM-A  7.450  171.936
2015-03-17T17:56:00Z  457.438  6.205  -155.059  2.91078E-15  SWARM-A  7.456  173.857
2015-03-17T17:56:30Z  457.626  4.275  -155.095  2.92477E-15  SWARM-A  7.462  175.778
2015-03-17T17:57:00Z  457.854  2.344  -155.131  2.93963E-15  SWARM-A  7.468  177.698
2015-03-17T17:57:30Z  458.123  0.414  -155.167  2.95506E-15  SWARM-A  7.474  179.619
2015-03-17T17:58:00Z  458.432  -1.517  -155.204  2.97102E-15  SWARM-A  7.480  181.539
2015-03-17T17:58:30Z  458.782  -3.447  -155.240  2.98712E-15  SWARM-A  7.486  183.459
2015-03-17T17:59:00Z  459.172  -5.376  -155.276  3.00323E-15  SWARM-A  7.492  185.379
2015-03-17T17:59:30Z  459.600  -7.306  -155.312  3.01907E-15  SWARM-A  7.498  187.299
2015-03-17T18:00:00Z  460.066  -9.235  -155.347  3.03250E-15  SWARM-A  7.504  189.218
2015-03-17T18:00:30Z  460.569  -11.164  -155.380  3.04705E-15  SWARM-A  7.510  191.138
2015-03-17T18:01:00Z  461.108  -13.092  -155.413  3.06062E-15  SWARM-A  7.516  193.057
2015-03-17T18:01:30Z  461.681  -15.019  -155.444  3.07291E-15  SWARM-A  7.522  194.976
2015-03-17T18:02:00Z  462.286  -16.946  -155.474  3.08382E-15  SWARM-A  7.529  196.895
2015-03-17T18:02:30Z  462.922  -18.872  -155.501  3.09319E-15  SWARM-A  7.535  198.814
2015-03-17T18:03:00Z  463.586  -20.798  -155.526  3.10079E-15  SWARM-A  7.542  200.732
2015-03-17T18:03:30Z  464.278  -22.722  -155.549  3.10670E-15  SWARM-A  7.549  202.650
2015-03-17T18:04:00Z  464.993  -24.646  -155.569  3.11086E-15  SWARM-A  7.556  204.569
2015-03-17T18:04:30Z  465.731  -26.569  -155.585  3.11337E-15  SWARM-A  7.563  206.487
2015-03-17T18:05:00Z  466.488  -28.491  -155.598  3.11426E-15  SWARM-A  7.571  208.405
2015-03-17T18:05:30Z  467.263  -30.413  -155.607  3.11360E-15  SWARM-A  7.578  210.322
2015-03-17T18:06:00Z  468.052  -32.333  -155.611  3.11157E-15  SWARM-A  7.586  212.240
2015-03-17T18:06:30Z  468.853  -34.252  -155.610  3.10750E-15  SWARM-A  7.595  214.157
2015-03-17T18:07:00Z  469.662  -36.170  -155.603  3.10240E-15  SWARM-A  7.604  216.074
2015-03-17T18:07:30Z  470.478  -38.087  -155.590  3.09621E-15  SWARM-A  7.613  217.991
2015-03-17T18:08:00Z  471.297  -40.003  -155.569  3.08897E-15  SWARM-A  7.622  219.908
2015-03-17T18:08:30Z  472.117  -41.918  -155.539  3.08077E-15  SWARM-A  7.633  221.825
2015-03-17T18:09:00Z  472.934  -43.832  -155.501  3.07145E-15  SWARM-A  7.644  223.741
2015-03-17T18:09:30Z  473.745  -45.744  -155.451  3.06082E-15  SWARM-A  7.655  225.658
2015-03-17T18:10:00Z  474.548  -47.655  -155.389  3.04885E-15  SWARM-A  7.668  227.574
2015-03-17T18:10:30Z  475.339  -49.565  -155.313  3.03523E-15  SWARM-A  7.681  229.490
2015-03-17T18:11:00Z  476.116  -51.474  -155.221  3.01935E-15  SWARM-A  7.696  231.406
2015-03-17T18:11:30Z  476.876  -53.381  -155.109  3.00148E-15  SWARM-A  7.711  233.322
2015-03-17T18:12:00Z  477.616  -55.287  -154.976  2.98299E-15  SWARM-A  7.729  235.238
2015-03-17T18:12:30Z  478.333  -57.192  -154.817  2.96462E-15  SWARM-A  7.748  237.153
2015-03-17T18:13:00Z  479.026  -59.095  -154.626  2.94718E-15  SWARM-A  7.769  239.069
2015-03-17T18:13:30Z  479.690  -60.996  -154.399  2.93097E-15  SWARM-A  7.792  240.984
2015-03-17T18:14:00Z  480.324  -62.895  -154.128  2.91581E-15  SWARM-A  7.819  242.900
2015-03-17T18:14:30Z  480.925  -64.793  -153.801  2.90071E-15  SWARM-A  7.849  244.815
2015-03-17T18:15:00Z  481.491  -66.688  -153.406  2.88449E-15  SWARM-A  7.883  246.730
2015-03-17T18:15:30Z  482.020  -68.581  -152.925  2.86626E-15  SWARM-A  7.924  248.645
2015-03-17T18:16:00Z  482.510  -70.470  -152.332  2.84585E-15  SWARM-A  7.972  250.560
2015-03-17T18:16:30Z  482.960  -72.355  -151.593  2.82359E-15  SWARM-A  8.029  252.475
2015-03-17T18:17:00Z  483.367  -74.235  -150.655  2.80037E-15  SWARM-A  8.100  254.390
2015-03-17T18:17:30Z  483.730  -76.109  -149.438  2.77698E-15  SWARM-A  8.190  256.304
2015-03-17T18:18:00Z  484.047  -77.972  -147.813  2.75398E-15  SWARM-A  8.306  258.219
2015-03-17T18:18:30Z  484.318  -79.820  -145.561  2.73149E-15  SWARM-A  8.465  260.134
2015-03-17T18:19:00Z  484.541  -81.643  -142.277  2.70953E-15  SWARM-A  8.692  262.048
2015-03-17T18:19:30Z  484.716  -83.421  -137.139  2.68780E-15  SWARM-A  9.043  263.963
2015-03-17T18:20:00Z  484.841  -85.104  -128.278  2.66538E-15  SWARM-A  9.642  265.878
2015-03-17T18:20:30Z  484.917  -86.551  -111.097  2.64491E-15  SWARM-A  10.796  267.792
2015-03-17T18:21:00Z  484.942  -87.344  -77.998  2.62328E-15  SWARM-A  13.011  269.707
2015-03-17T18:21:30Z  484.918  -86.926  -40.198  2.60086E-15  SWARM-A  15.539  271.621
2015-03-17T18:22:00Z  484.843  -85.632  -18.365  2.57640E-15  SWARM-A  17.003  273.536
2015-03-17T18:22:30Z  484.718  -84.004  -7.423  2.55214E-15  SWARM-A  17.741  275.451
2015-03-17T18:23:00Z  484.544  -82.250  -1.323  2.53203E-15  SWARM-A  18.156  277.365
2015-03-17T18:23:30Z  484.321  -80.439  2.463  2.50885E-15  SWARM-A  18.416  279.280
2015-03-17T18:24:00Z  484.050  -78.598  5.004  2.49123E-15  SWARM-A  18.594  281.195
2015-03-17T18:24:30Z  483.732  -76.739  6.810  2.47701E-15  SWARM-A  18.723  283.109
2015-03-17T18:25:00Z  483.368  -74.869  8.147  2.46626E-15  SWARM-A  18.820  285.024
2015-03-17T18:25:30Z  482.960  -72.991  9.169  2.45891E-15  SWARM-A  18.897  286.939
2015-03-17T18:26:00Z  482.508  -71.107  9.968  2.45492E-15  SWARM-A  18.958  288.854
2015-03-17T18:26:30Z  482.015  -69.219  10.606  2.45380E-15  SWARM-A  19.009  290.769
2015-03-17T18:27:00Z  481.483  -67.327  11.121  2.45447E-15  SWARM-A  19.052  292.684
2015-03-17T18:27:30Z  480.912  -65.432  11.543  2.45654E-15  SWARM-A  19.088  294.599
2015-03-17T18:28:00Z  480.307  -63.536  11.891  2.45857E-15  SWARM-A  19.120  296.515
2015-03-17T18:28:30Z  479.667  -61.637  12.180  2.46002E-15  SWARM-A  19.147  298.430
2015-03-17T18:29:00Z  478.997  -59.736  12.422  2.46267E-15  SWARM-A  19.172  300.346
2015-03-17T18:29:30Z  478.299  -57.833  12.623  2.46349E-15  SWARM-A  19.194  302.261
2015-03-17T18:30:00Z  477.574  -55.929  12.793  2.46108E-15  SWARM-A  19.213  304.177
2015-03-17T18:30:30Z  476.827  -54.024  12.934  2.45546E-15  SWARM-A  19.231  306.093
2015-03-17T18:31:00Z  476.058  -52.116  13.053  2.44652E-15  SWARM-A  19.247  308.009
2015-03-17T18:31:30Z  475.272  -50.208  13.151  2.43445E-15  SWARM-A  19.262  309.925
2015-03-17T18:32:00Z  474.471  -48.298  13.232  2.41986E-15  SWARM-A  19.276  311.841
2015-03-17T18:32:30Z  473.658  -46.387  13.299  2.40203E-15  SWARM-A  19.289  313.758
2015-03-17T18:33:00Z  472.836  -44.475  13.352  2.37929E-15  SWARM-A  19.301  315.674
2015-03-17T18:33:30Z  472.007  -42.562  13.395  2.35698E-15  SWARM-A  19.312  317.591
2015-03-17T18:34:00Z  471.176  -40.647  13.427  2.33806E-15  SWARM-A  19.322  319.508
2015-03-17T18:34:30Z  470.344  -38.731  13.451  2.32056E-15  SWARM-A  19.332  321.425
2015-03-17T18:35:00Z  469.515  -36.814  13.467  2.30651E-15  SWARM-A  19.342  323.342
2015-03-17T18:35:30Z  468.691  -34.896  13.476  2.29706E-15  SWARM-A  19.351  325.259
2015-03-17T18:36:00Z  467.876  -32.977  13.479  2.29551E-15  SWARM-A  19.359  327.177
2015-03-17T18:36:30Z  467.073  -31.057  13.476  2.29933E-15  SWARM-A  19.367  329.095
2015-03-17T18:37:00Z  466.283  -29.136  13.469  2.30728E-15  SWARM-A  19.375  331.013
2015-03-17T18:37:30Z  465.510  -27.214  13.458  2.31899E-15  SWARM-A  19.383  332.931
2015-03-17T18:38:00Z  464.756  -25.291  13.442  2.33349E-15  SWARM-A  19.390  334.849
2015-03-17T18:38:30Z  464.025  -23.367  13.424  2.34993E-15  SWARM-A  19.397  336.767
2015-03-17T18:39:00Z  463.317  -21.442  13.402  2.36752E-15  SWARM-A  19.404  338.686
2015-03-17T18:39:30Z  462.635  -19.517  13.377  2.38376E-15  SWARM-A  19.411  340.605
2015-03-17T18:40:00Z  461.983  -17.590  13.351  2.39818E-15  SWARM-A  19.417  342.524
2015-03-17T18:40:30Z  461.360  -15.663  13.322  2.41245E-15  SWARM-A  19.424  344.443
2015-03-17T18:41:00Z  460.771  -13.736  13.291  2.42649E-15  SWARM-A  19.430  346.362
2015-03-17T18:41:30Z  460.215  -11.808  13.259  2.44034E-15  SWARM-A  19.436  348.282
2015-03-17T18:42:00Z  459.695  -9.879  13.226  2.45404E-15  SWARM-A  19.442  350.201
2015-03-17T18:42:30Z  459.211  -7.950  13.191  2.46788E-15  SWARM-A  19.448  352.121
2015-03-17T18:43:00Z  458.766  -6.020  13.156  2.48195E-15  SWARM-A  19.454  354.041
2015-03-17T18:43:30Z  458.361  -4.090  13.120  2.49646E-15  SWARM-A  19.460  355.961
2015-03-17T18:44:00Z  457.995  -2.160  13.084  2.51141E-15  SWARM-A  19.466  357.882
2015-03-17T18:44:30Z  457.670  -0.229  13.047  2.52638E-15  SWARM-A  19.472  359.802
2015-03-17T18:45:00Z  457.387  1.701  13.011  2.54228E-15  SWARM-A  19.478  1.723
2015-03-17T18:45:30Z  457.144  3.632  12.974  2.55927E-15  SWARM-A  19.484  3.644
2015-03-17T18:46:00Z  456.944  5.563  12.938  2.57724E-15  SWARM-A  19.490  5.565
2015-03-17T18:46:30Z  456.785  7.494  12.903  2.59642E-15  SWARM-A  19.496  7.486
2015-03-17T18:47:00Z  456.666  9.425  12.868  2.61678E-15  SWARM-A  19.502  9.407
2015-03-17T18:47:30Z  456.589  11.355  12.835  2.63826E-15  SWARM-A  19.508  11.329
2015-03-17T18:48:00Z  456.552  13.286  12.803  2.66083E-15  SWARM-A  19.514  13.250
2015-03-17T18:48:30Z  456.554  15.216  12.772  2.68435E-15  SWARM-A  19.520  15.172
2015-03-17T18:49:00Z  456.594  17.146  12.743  2.70827E-15  SWARM-A  19.527  17.094
2015-03-17T18:49:30Z  456.671  19.076  12.715  2.73277E-15  SWARM-A  19.533  19.016
2015-03-17T18:50:00Z  456.784  21.005  12.691  2.75760E-15  SWARM-A  19.540  20.938
2015-03-17T18:50:30Z  456.931  22.933  12.668  2.78192E-15  SWARM-A  19.547  22.861
2015-03-17T18:51:00Z  457.111  24.862  12.649  2.80611E-15  SWARM-A  19.554  24.783
2015-03-17T18:51:30Z  457.322  26.789  12.633  2.82925E-15  SWARM-A  19.561  26.706
2015-03-17T18:52:00Z  457.562  28.716  12.621  2.85142E-15  SWARM-A  19.569  28.629
2015-03-17T18:52:30Z  457.829  30.643  12.613  2.87221E-15  SWARM-A  19.576  30.552
2015-03-17T18:53:00Z  458.121  32.568  12.610  2.89145E-15  SWARM-A  19.585  32.475
2015-03-17T18:53:30Z  458.436  34.493  12.612  2.90889E-15  SWARM-A  19.593  34.398
2015-03-17T18:54:00Z  458.771  36.417  12.620  2.92448E-15  SWARM-A  19.602  36.321
2015-03-17T18:54:30Z  459.125  38.340  12.635  2.93815E-15  SWARM-A  19.611  38.244
2015-03-17T18:55:00Z  459.494  40.263  12.658  2.95005E-15  SWARM-A  19.621  40.168
2015-03-17T18:55:30Z  459.877  42.184  12.689  2.96044E-15  SWARM-A  19.631  42.091
2015-03-17T18:56:00Z  460.271  44.105  12.730  2.96982E-15  SWARM-A  19.643  44.015
2015-03-17T18:56:30Z  460.673  46.024  12.782  2.97880E-15  SWARM-A  19.654  45.938
2015-03-17T18:57:00Z  461.081  47.943  12.846  2.98834E-15  SWARM-A  19.667  47.862
2015-03-17T18:57:30Z  461.492  49.860  12.925  2.99888E-15  SWARM-A  19.681  49.786
2015-03-17T18:58:00Z  461.905  51.777  13.021  3.01072E-15  SWARM-A  19.695  51.710
2015-03-17T18:58:30Z  462.315  53.692  13.137  3.02216E-15  SWARM-A  19.711  53.634
2015-03-17T18:59:00Z  462.722  55.606  13.276  3.03356E-15  SWARM-A  19.729  55.558
2015-03-17T18:59:30Z  463.122  57.519  13.441  3.04388E-15  SWARM-A  19.748  57.482
2015-03-17T19:00:00Z  463.514  59.430  13.639  3.05179E-15  SWARM-A  19.770  59.406
2015-03-17T19:00:30Z  463.895  61.340  13.875  3.05697E-15  SWARM-A  19.794  61.331
2015-03-17T19:01:00Z  464.262  63.248  14.158  3.05839E-15  SWARM-A  19.821  63.255
2015-03-17T19:01:30Z  464.615  65.154  14.498  3.05606E-15  SWARM-A  19.852  65.179
2015-03-17T19:02:00Z  464.950  67.058  14.911  3.04996E-15  SWARM-A  19.888  67.104
2015-03-17T19:02:30Z  465.266  68.959  15.415  3.04321E-15  SWARM-A  19.930  69.028
2015-03-17T19:03:00Z  465.561  70.857  16.037  3.03431E-15  SWARM-A  19.980  70.953
2015-03-17T19:03:30Z  465.833  72.751  16.817  3.02532E-15  SWARM-A  20.040  72.877
2015-03-17T19:04:00Z  466.081  74.640  17.812  3.01680E-15  SWARM-A  20.115  74.802
2015-03-17T19:04:30Z  466.305  76.521  19.112  3.00841E-15  SWARM-A  20.210  76.726
2015-03-17T19:05:00Z  466.501  78.391  20.863  2.99974E-15  SWARM-A  20.335  78.651
2015-03-17T19:05:30Z  466.670  80.244  23.318  3.00371E-15  SWARM-A  20.507  80.575
2015-03-17T19:06:00Z  466.810  82.068  26.956  3.00185E-15  SWARM-A  20.758  82.500
2015-03-17T19:06:30Z  466.920  83.839  32.780  3.00126E-15  SWARM-A  21.154  84.425
2015-03-17T19:07:00Z  467.001  85.492  43.140  3.00607E-15  SWARM-A  21.853  86.349
2015-03-17T19:07:30Z  467.052  86.839  63.757  3.00763E-15  SWARM-A  23.236  88.274
2015-03-17T19:08:00Z  467.072  87.359  100.795  3.00307E-15  SWARM-A  1.714  90.198
2015-03-17T19:08:30Z  467.061  86.643  135.337  2.99378E-15  SWARM-A  4.025  92.123
2015-03-17T19:09:00Z  467.020  85.217  153.532  2.98086E-15  SWARM-A  5.246  94.048
2015-03-17T19:09:30Z  466.948  83.535  162.816  2.96553E-15  SWARM-A  5.873  95.972
2015-03-17T19:10:00Z  466.847  81.752  168.144  2.94887E-15  SWARM-A  6.237  97.897
2015-03-17T19:10:30Z  466.717  79.921  171.524  2.93272E-15  SWARM-A  6.471  99.821
2015-03-17T19:11:00Z  466.558  78.065  173.830  2.91882E-15  SWARM-A  6.633  101.746
2015-03-17T19:11:30Z  466.371  76.192  175.488  2.90948E-15  SWARM-A  6.751  103.670
2015-03-17T19:12:00Z  466.158  74.310  176.726  2.90803E-15  SWARM-A  6.842  105.595
2015-03-17T19:12:30Z  465.920  72.420  177.678  2.91434E-15  SWARM-A  6.914  107.519
2015-03-17T19:13:00Z  465.658  70.526  178.427  2.92593E-15  SWARM-A  6.972  109.444
2015-03-17T19:13:30Z  465.374  68.627  179.026  2.94137E-15  SWARM-A  7.021  111.368
2015-03-17T19:14:00Z  465.068  66.726  179.512  2.95154E-15  SWARM-A  7.061  113.293
2015-03-17T19:14:30Z  464.744  64.822  179.911  2.95919E-15  SWARM-A  7.096  115.217
2015-03-17T19:15:00Z  464.403  62.915  -179.760  2.95503E-15  SWARM-A  7.127  117.141
2015-03-17T19:15:30Z  464.047  61.007  -179.486  2.94007E-15  SWARM-A  7.153  119.065
2015-03-17T19:16:00Z  463.678  59.097  -179.257  2.91598E-15  SWARM-A  7.177  120.989
2015-03-17T19:16:30Z  463.298  57.186  -179.065  2.89019E-15  SWARM-A  7.198  122.913
2015-03-17T19:17:00Z  462.909  55.273  -178.905  2.86931E-15  SWARM-A  7.217  124.837
2015-03-17T19:17:30Z  462.514  53.359  -178.771  2.85414E-15  SWARM-A  7.234  126.761
2015-03-17T19:18:00Z  462.115  51.443  -178.659  2.84357E-15  SWARM-A  7.250  128.685
2015-03-17T19:18:30Z  461.715  49.527  -178.566  2.83600E-15  SWARM-A  7.265  130.609
2015-03-17T19:19:00Z  461.316  47.609  -178.489  2.83012E-15  SWARM-A  7.278  132.532
2015-03-17T19:19:30Z  460.921  45.691  -178.427  2.82435E-15  SWARM-A  7.290  134.456
2015-03-17T19:20:00Z  460.531  43.771  -178.377  2.81667E-15  SWARM-A  7.302  136.380
2015-03-17T19:20:30Z  460.151  41.851  -178.338  2.80905E-15  SWARM-A  7.313  138.303
2015-03-17T19:21:00Z  459.781  39.929  -178.309  2.80137E-15  SWARM-A  7.323  140.226
2015-03-17T19:21:30Z  459.425  38.007  -178.288  2.79384E-15  SWARM-A  7.333  142.149
2015-03-17T19:22:00Z  459.084  36.084  -178.274  2.78643E-15  SWARM-A  7.342  144.072
2015-03-17T19:22:30Z  458.762  34.160  -178.267  2.77931E-15  SWARM-A  7.351  145.995
2015-03-17T19:23:00Z  458.461  32.235  -178.266  2.77262E-15  SWARM-A  7.360  147.918
2015-03-17T19:23:30Z  458.183  30.310  -178.270  2.76639E-15  SWARM-A  7.368  149.841
2015-03-17T19:24:00Z  457.929  28.383  -178.279  2.76026E-15  SWARM-A  7.375  151.764
2015-03-17T19:24:30Z  457.703  26.457  -178.291  2.75471E-15  SWARM-A  7.383  153.686
2015-03-17T19:25:00Z  457.505  24.529  -178.308  2.74995E-15  SWARM-A  7.390  155.609
2015-03-17T19:25:30Z  457.339  22.601  -178.328  2.74596E-15  SWARM-A  7.397  157.531
2015-03-17T19:26:00Z  457.205  20.673  -178.350  2.74290E-15  SWARM-A  7.404  159.453
2015-03-17T19:26:30Z  457.105  18.744  -178.376  2.74065E-15  SWARM-A  7.411  161.375
2015-03-17T19:27:00Z  457.040  16.814  -178.403  2.73936E-15  SWARM-A  7.417  163.297
2015-03-17T19:27:30Z  457.013  14.885  -178.433  2.73898E-15  SWARM-A  7.423  165.218
2015-03-17T19:28:00Z  457.023  12.955  -178.464  2.73957E-15  SWARM-A  7.430  167.140
2015-03-17T19:28:30Z  457.072  11.024  -178.496  2.74105E-15  SWARM-A  7.436  169.061
2015-03-17T19:29:00Z  457.161  9.094  -178.530  2.74343E-15  SWARM-A  7.442  170.982
2015-03-17T19:29:30Z  457.290  7.163  -178.565  2.74658E-15  SWARM-A  7.448  172.903
2015-03-17T19:30:00Z  457.460  5.233  -178.601  2.75044E-15  SWARM-A  7.454  174.824
2015-03-17T19:30:30Z  457.670  3.302  -178.637  2.75492E-15  SWARM-A  7.460  176.745
2015-03-17T19:31:00Z  457.922  1.372  -178.673  2.75987E-15  SWARM-A  7.466  178.666
2015-03-17T19:31:30Z  458.214  -0.559  -178.710  2.76515E-15  SWARM-A  7.472  180.586
2015-03-17T19:32:00Z  458.547  -2.489  -178.746  2.77067E-15  SWARM-A  7.478  182.506
2015-03-17T19:32:30Z  458.920  -4.419  -178.783  2.77622E-15  SWARM-A  7.484  184.426
2015-03-17T19:33:00Z  459.333  -6.349  -178.818  2.78161E-15  SWARM-A  7.489  186.346
2015-03-17T19:33:30Z  459.784  -8.278  -178.854  2.78675E-15  SWARM-A  7.495  188.266
2015-03-17T19:34:00Z  460.272  -10.207  -178.888  2.79145E-15  SWARM-A  7.501  190.185
2015-03-17T19:34:30Z  460.797  -12.135  -178.921  2.79557E-15  SWARM-A  7.508  192.105
2015-03-17T19:35:00Z  461.356  -14.063  -178.953  2.79902E-15  SWARM-A  7.514  194.024
2015-03-17T19:35:30Z  461.949  -15.990  -178.983  2.80179E-15  SWARM-A  7.520  195.943
2015-03-17T19:36:00Z  462.573  -17.917  -179.012  2.80385E-15  SWARM-A  7.527  197.862
2015-03-17T19:36:30Z  463.227  -19.843  -179.038  2.80515E-15  SWARM-A  7.533  199.780
2015-03-17T19:37:00Z  463.908  -21.768  -179.062  2.80578E-15  SWARM-A  7.540  201.699
2015-03-17T19:37:30Z  464.615  -23.692  -179.084  2.80586E-15  SWARM-A  7.547  203.617
2015-03-17T19:38:00Z  465.344  -25.615  -179.102  2.80548E-15  SWARM-A  7.554  205.535
2015-03-17T19:38:30Z  466.095  -27.538  -179.117  2.80470E-15  SWARM-A  7.561  207.453
2015-03-17T19:39:00Z  466.864  -29.460  -179.128  2.80325E-15  SWARM-A  7.569  209.371
2015-03-17T19:39:30Z  467.648  -31.380  -179.134  2.80170E-15  SWARM-A  7.577  211.289
2015-03-17T19:40:00Z  468.446  -33.300  -179.136  2.80003E-15  SWARM-A  7.585  213.206
2015-03-17T19:40:30Z  469.253  -35.219  -179.132  2.79851E-15  SWARM-A  7.594  215.123
2015-03-17T19:41:00Z  470.069  -37.136  -179.122  2.79686E-15  SWARM-A  7.603  217.040
2015-03-17T19:41:30Z  470.888  -39.053  -179.105  2.79521E-15  SWARM-A  7.612  218.957
2015-03-17T19:42:00Z  471.710  -40.968  -179.080  2.79324E-15  SWARM-A  7.622  220.874
2015-03-17T19:42:30Z  472.530  -42.883  -179.046  2.79077E-15  SWARM-A  7.633  222.791
2015-03-17T19:43:00Z  473.346  -44.796  -179.002  2.78764E-15  SWARM-A  7.644  224.707
2015-03-17T19:43:30Z  474.155  -46.707  -178.946  2.78359E-15  SWARM-A  7.656  226.624
2015-03-17T19:44:00Z  474.954  -48.618  -178.877  2.77848E-15  SWARM-A  7.669  228.540
2015-03-17T19:44:30Z  475.740  -50.527  -178.794  2.77414E-15  SWARM-A  7.683  230.456
2015-03-17T19:45:00Z  476.511  -52.435  -178.692  2.77175E-15  SWARM-A  7.698  232.372
2015-03-17T19:45:30Z  477.263  -54.342  -178.570  2.77233E-15  SWARM-A  7.714  234.287
2015-03-17T19:46:00Z  477.993  -56.247  -178.424  2.77605E-15  SWARM-A  7.732  236.203
2015-03-17T19:46:30Z  478.700  -58.151  -178.250  2.78198E-15  SWARM-A  7.752  238.119
2015-03-17T19:47:00Z  479.380  -60.053  -178.043  2.78832E-15  SWARM-A  7.775  240.034
2015-03-17T19:47:30Z  480.031  -61.953  -177.794  2.79323E-15  SWARM-A  7.799  241.949
2015-03-17T19:48:00Z  480.650  -63.852  -177.496  2.79567E-15  SWARM-A  7.828  243.865
2015-03-17T19:48:30Z  481.236  -65.748  -177.137  2.79543E-15  SWARM-A  7.860  245.780
2015-03-17T19:49:00Z  481.785  -67.642  -176.702  2.79346E-15  SWARM-A  7.897  247.695
2015-03-17T19:49:30Z  482.297  -69.533  -176.168  2.79072E-15  SWARM-A  7.941  249.610
2015-03-17T19:50:00Z  482.768  -71.421  -175.508  2.78814E-15  SWARM-A  7.994  251.525
2015-03-17T19:50:30Z  483.198  -73.304  -174.676  2.78600E-15  SWARM-A  8.057  253.440
2015-03-17T19:51:00Z  483.584  -75.181  -173.610  2.78451E-15  SWARM-A  8.137  255.354
2015-03-17T19:51:30Z  483.926  -77.049  -172.209  2.78177E-15  SWARM-A  8.239  257.269
2015-03-17T19:52:00Z  484.222  -78.906  -170.304  2.77892E-15  SWARM-A  8.374  259.184
2015-03-17T19:52:30Z  484.470  -80.743  -167.602  2.77324E-15  SWARM-A  8.562  261.098
2015-03-17T19:53:00Z  484.670  -82.547  -163.531  2.76516E-15  SWARM-A  8.842  263.013
2015-03-17T19:53:30Z  484.821  -84.287  -156.866  2.75428E-15  SWARM-A  9.295  264.928
2015-03-17T19:54:00Z  484.923  -85.880  -144.668  2.74149E-15  SWARM-A  10.116  266.842
2015-03-17T19:54:30Z  484.975  -87.077  -120.171  2.72788E-15  SWARM-A  11.758  268.757
2015-03-17T19:55:00Z  484.976  -87.289  -81.036  2.71459E-15  SWARM-A  14.375  270.671
2015-03-17T19:55:30Z  484.927  -86.341  -50.785  2.70009E-15  SWARM-A  16.400  272.586
2015-03-17T19:56:00Z  484.828  -84.836  -35.499  2.68670E-15  SWARM-A  17.427  274.500
2015-03-17T19:56:30Z  484.679  -83.131  -27.471  2.67674E-15  SWARM-A  17.971  276.415
2015-03-17T19:57:00Z  484.482  -81.343  -22.731  2.67050E-15  SWARM-A  18.295  278.330
2015-03-17T19:57:30Z  484.235  -79.515  -19.660  2.66927E-15  SWARM-A  18.508  280.244
2015-03-17T19:58:00Z  483.941  -77.664  -17.534  2.67291E-15  SWARM-A  18.659  282.159
2015-03-17T19:58:30Z  483.601  -75.799  -15.989  2.68102E-15  SWARM-A  18.770  284.074
2015-03-17T19:59:00Z  483.215  -73.924  -14.826  2.69312E-15  SWARM-A  18.856  285.989
2015-03-17T19:59:30Z  482.785  -72.043  -13.926  2.70805E-15  SWARM-A  18.924  287.903
2015-03-17T20:00:00Z  482.313  -70.156  -13.214  2.72458E-15  SWARM-A  18.980  289.818
2015-03-17T20:00:30Z  481.800  -68.266  -12.642  2.74136E-15  SWARM-A  19.026  291.733
2015-03-17T20:01:00Z  481.249  -66.373  -12.177  2.75624E-15  SWARM-A  19.066  293.649
2015-03-17T20:01:30Z  480.661  -64.478  -11.795  2.76846E-15  SWARM-A  19.099  295.564
2015-03-17T20:02:00Z  480.039  -62.580  -11.478  2.77676E-15  SWARM-A  19.129  297.479
2015-03-17T20:02:30Z  479.384  -60.680  -11.215  2.78067E-15  SWARM-A  19.155  299.395
2015-03-17T20:03:00Z  478.700  -58.778  -10.994  2.77991E-15  SWARM-A  19.178  301.310
2015-03-17T20:03:30Z  477.988  -56.875  -10.810  2.77348E-15  SWARM-A  19.198  303.226
2015-03-17T20:04:00Z  477.252  -54.970  -10.655  2.76154E-15  SWARM-A  19.217  305.141
2015-03-17T20:04:30Z  476.493  -53.064  -10.526  2.74621E-15  SWARM-A  19.234  307.057
2015-03-17T20:05:00Z  475.716  -51.156  -10.418  2.72877E-15  SWARM-A  19.250  308.973
2015-03-17T20:05:30Z  474.921  -49.247  -10.328  2.71069E-15  SWARM-A  19.264  310.890
2015-03-17T20:06:00Z  474.113  -47.337  -10.255  2.69302E-15  SWARM-A  19.277  312.806
2015-03-17T20:06:30Z  473.295  -45.425  -10.195  2.67675E-15  SWARM-A  19.289  314.722
2015-03-17T20:07:00Z  472.469  -43.512  -10.148  2.66267E-15  SWARM-A  19.301  316.639
2015-03-17T20:07:30Z  471.638  -41.598  -10.110  2.65123E-15  SWARM-A  19.312  318.556
2015-03-17T20:08:00Z  470.805  -39.683  -10.083  2.64263E-15  SWARM-A  19.322  320.473
2015-03-17T20:08:30Z  469.973  -37.766  -10.063  2.63694E-15  SWARM-A  19.332  322.390
2015-03-17T20:09:00Z  469.146  -35.849  -10.051  2.63387E-15  SWARM-A  19.341  324.307
2015-03-17T20:09:30Z  468.325  -33.930  -10.045  2.63317E-15  SWARM-A  19.349  326.224
2015-03-17T20:10:00Z  467.514  -32.011  -10.045  2.63450E-15  SWARM-A  19.358  328.142
2015-03-17T20:10:30Z  466.716  -30.090  -10.050  2.63772E-15  SWARM-A  19.366  330.060
2015-03-17T20:11:00Z  465.934  -28.169  -10.059  2.64344E-15  SWARM-A  19.374  331.978
2015-03-17T20:11:30Z  465.169  -26.246  -10.073  2.65002E-15  SWARM-A  19.381  333.896
2015-03-17T20:12:00Z  464.425  -24.323  -10.090  2.65710E-15  SWARM-A  19.388  335.814
2015-03-17T20:12:30Z  463.704  -22.398  -10.110  2.66437E-15  SWARM-A  19.395  337.733
2015-03-17T20:13:00Z  463.008  -20.473  -10.133  2.67172E-15  SWARM-A  19.402  339.651
2015-03-17T20:13:30Z  462.339  -18.547  -10.159  2.67894E-15  SWARM-A  19.409  341.570
2015-03-17T20:14:00Z  461.700  -16.621  -10.187  2.68596E-15  SWARM-A  19.415  343.489
2015-03-17T20:14:30Z  461.093  -14.694  -10.217  2.69273E-15  SWARM-A  19.421  345.408
2015-03-17T20:15:00Z  460.519  -12.766  -10.248  2.69930E-15  SWARM-A  19.428  347.328
2015-03-17T20:15:30Z  459.980  -10.837  -10.281  2.70567E-15  SWARM-A  19.434  349.247
2015-03-17T20:16:00Z  459.477  -8.908  -10.315  2.71195E-15  SWARM-A  19.440  351.167
2015-03-17T20:16:30Z  459.011  -6.979  -10.350  2.71822E-15  SWARM-A  19.446  353.087
2015-03-17T20:17:00Z  458.585  -5.049  -10.385  2.72469E-15  SWARM-A  19.452  355.007
2015-03-17T20:17:30Z  458.198  -3.119  -10.422  2.73194E-15  SWARM-A  19.458  356.927
2015-03-17T20:18:00Z  457.851  -1.189  -10.458  2.73893E-15  SWARM-A  19.464  358.848
2015-03-17T20:18:30Z  457.545  0.742  -10.495  2.74654E-15  SWARM-A  19.470  0.768
2015-03-17T20:19:00Z  457.281  2.673  -10.531  2.75490E-15  SWARM-A  19.475  2.689
2015-03-17T20:19:30Z  457.058  4.604  -10.567  2.76386E-15  SWARM-A  19.481  4.610
2015-03-17T20:20:00Z  456.876  6.534  -10.603  2.77353E-15  SWARM-A  19.487  6.531
2015-03-17T20:20:30Z  456.735  8.465  -10.638  2.78394E-15  SWARM-A  19.493  8.452
2015-03-17T20:21:00Z  456.636  10.396  -10.672  2.79502E-15  SWARM-A  19.499  10.374
2015-03-17T20:21:30Z  456.577  12.327  -10.705  2.80683E-15  SWARM-A  19.505  12.295
2015-03-17T20:22:00Z  456.557  14.257  -10.737  2.81920E-15  SWARM-A  19.512  14.217
2015-03-17T20:22:30Z  456.576  16.187  -10.767  2.83199E-15  SWARM-A  19.518  16.139
2015-03-17T20:23:00Z  456.632  18.117  -10.795  2.84504E-15  SWARM-A  19.524  18.061
2015-03-17T20:23:30Z  456.725  20.046  -10.821  2.85831E-15  SWARM-A  19.531  19.983
2015-03-17T20:24:00Z  456.853  21.975  -10.845  2.87167E-15  SWARM-A  19.538  21.905
2015-03-17T20:24:30Z  457.015  23.903  -10.866  2.88476E-15  SWARM-A  19.545  23.828
2015-03-17T20:25:00Z  457.208  25.831  -10.883  2.89736E-15  SWARM-A  19.552  25.750
2015-03-17T20:25:30Z  457.431  27.759  -10.897  2.90946E-15  SWARM-A  19.559  27.673
2015-03-17T20:26:00Z  457.682  29.685  -10.907  2.92070E-15  SWARM-A  19.567  29.596
2015-03-17T20:26:30Z  457.960  31.611  -10.913  2.93098E-15  SWARM-A  19.575  31.519
2015-03-17T20:27:00Z  458.261  33.537  -10.914  2.94017E-15  SWARM-A  19.583  33.442
2015-03-17T20:27:30Z  458.584  35.461  -10.909  2.94824E-15  SWARM-A  19.592  35.365
2015-03-17T20:28:00Z  458.926  37.385  -10.897  2.95504E-15  SWARM-A  19.601  37.288
2015-03-17T20:28:30Z  459.285  39.308  -10.879  2.96040E-15  SWARM-A  19.611  39.212
2015-03-17T20:29:00Z  459.659  41.229  -10.852  2.96391E-15  SWARM-A  19.621  41.135
2015-03-17T20:29:30Z  460.045  43.151  -10.816  2.96512E-15  SWARM-A  19.631  43.059
2015-03-17T20:30:00Z  460.441  45.071  -10.770  2.96408E-15  SWARM-A  19.643  44.982
2015-03-17T20:30:30Z  460.844  46.990  -10.712  2.96210E-15  SWARM-A  19.655  46.906
2015-03-17T20:31:00Z  461.251  48.908  -10.640  2.96130E-15  SWARM-A  19.668  48.830
2015-03-17T20:31:30Z  461.661  50.825  -10.553  2.96244E-15  SWARM-A  19.682  50.754
2015-03-17T20:32:00Z  462.070  52.741  -10.447  2.96638E-15  SWARM-A  19.698  52.678
2015-03-17T20:32:30Z  462.477  54.655  -10.321  2.97246E-15  SWARM-A  19.714  54.602
2015-03-17T20:33:00Z  462.878  56.569  -10.169  2.97905E-15  SWARM-A  19.733  56.526
2015-03-17T20:33:30Z  463.272  58.481  -9.989  2.98450E-15  SWARM-A  19.753  58.450
2015-03-17T20:34:00Z  463.656  60.391  -9.773  2.98771E-15  SWARM-A  19.776  60.375
2015-03-17T20:34:30Z  464.027  62.300  -9.514  2.98798E-15  SWARM-A  19.802  62.299
2015-03-17T20:35:00Z  464.385  64.207  -9.204  2.98508E-15  SWARM-A  19.831  64.223
2015-03-17T20:35:30Z  464.726  66.113  -8.829  2.97987E-15  SWARM-A  19.864  66.148
2015-03-17T20:36:00Z  465.049  68.015  -8.374  2.97288E-15  SWARM-A  19.903  68.072
2015-03-17T20:36:30Z  465.351  69.915  -7.814  2.96495E-15  SWARM-A  19.948  69.997
2015-03-17T20:37:00Z  465.632  71.811  -7.118  2.95746E-15  SWARM-A  20.003  71.921
2015-03-17T20:37:30Z  465.890  73.702  -6.239  2.95136E-15  SWARM-A  20.070  73.846
2015-03-17T20:38:00Z  466.123  75.587  -5.104  2.94765E-15  SWARM-A  20.154  75.770
2015-03-17T20:38:30Z  466.330  77.464  -3.601  2.94623E-15  SWARM-A  20.262  77.695
2015-03-17T20:39:00Z  466.510  79.326  -1.538  2.94726E-15  SWARM-A  20.408  79.620
2015-03-17T20:39:30Z  466.661  81.167  1.430  2.95009E-15  SWARM-A  20.615  81.544
2015-03-17T20:40:00Z  466.784  82.969  5.989  2.95381E-15  SWARM-A  20.927  83.469
2015-03-17T20:40:30Z  466.877  84.693  13.655  2.95717E-15  SWARM-A  21.446  85.394
2015-03-17T20:41:00Z  466.940  86.231  28.152  2.95999E-15  SWARM-A  22.421  87.318
2015-03-17T20:41:30Z  466.973  87.251  57.160  2.95980E-15  SWARM-A  0.363  89.243
2015-03-17T20:42:00Z  466.975  87.133  96.801  2.95467E-15  SWARM-A  3.014  91.168
2015-03-17T20:42:30Z  466.947  85.975  122.593  2.94487E-15  SWARM-A  4.742  93.092
2015-03-17T20:43:00Z  466.888  84.389  135.389  2.93262E-15  SWARM-A  5.604  95.017
2015-03-17T20:43:30Z  466.800  82.645  142.307  2.91941E-15  SWARM-A  6.073  96.942
2015-03-17T20:44:00Z  466.681  80.834  146.498  2.90677E-15  SWARM-A  6.361  98.866
2015-03-17T20:44:30Z  466.535  78.989  149.265  2.89612E-15  SWARM-A  6.554  100.791
2015-03-17T20:45:00Z  466.360  77.123  151.206  2.88941E-15  SWARM-A  6.691  102.715
2015-03-17T20:45:30Z  466.158  75.245  152.631  2.88769E-15  SWARM-A  6.795  104.640
2015-03-17T20:46:00Z  465.931  73.359  153.712  2.89130E-15  SWARM-A  6.875  106.564
2015-03-17T20:46:30Z  465.679  71.467  154.554  2.89920E-15  SWARM-A  6.940  108.489
2015-03-17T20:47:00Z  465.404  69.570  155.222  2.90868E-15  SWARM-A  6.992  110.413
2015-03-17T20:47:30Z  465.108  67.670  155.760  2.91580E-15  SWARM-A  7.037  112.338
2015-03-17T20:48:00Z  464.791  65.767  156.200  2.91643E-15  SWARM-A  7.074  114.262
2015-03-17T20:48:30Z  464.457  63.861  156.561  2.90813E-15  SWARM-A  7.107  116.187
2015-03-17T20:49:00Z  464.107  61.954  156.861  2.89204E-15  SWARM-A  7.135  118.111
2015-03-17T20:49:30Z  463.743  60.045  157.112  2.87132E-15  SWARM-A  7.160  120.035
2015-03-17T20:50:00Z  463.367  58.134  157.321  2.85086E-15  SWARM-A  7.182  121.959
2015-03-17T20:50:30Z  462.982  56.222  157.496  2.83473E-15  SWARM-A  7.202  123.883
2015-03-17T20:51:00Z  462.589  54.308  157.642  2.82291E-15  SWARM-A  7.220  125.807
2015-03-17T20:51:30Z  462.191  52.393  157.765  2.81362E-15  SWARM-A  7.237  127.731
2015-03-17T20:52:00Z  461.791  50.477  157.867  2.80598E-15  SWARM-A  7.252  129.655
2015-03-17T20:52:30Z  461.390  48.560  157.951  2.79921E-15  SWARM-A  7.266  131.579
2015-03-17T20:53:00Z  460.992  46.642  158.020  2.79095E-15  SWARM-A  7.279  133.502
2015-03-17T20:53:30Z  460.599  44.723  158.076  2.78261E-15  SWARM-A  7.291  135.426
2015-03-17T20:54:00Z  460.213  42.803  158.120  2.77407E-15  SWARM-A  7.302  137.350
2015-03-17T20:54:30Z  459.837  40.882  158.154  2.76533E-15  SWARM-A  7.313  139.273
2015-03-17T20:55:00Z  459.474  38.960  158.179  2.75642E-15  SWARM-A  7.323  141.196
2015-03-17T20:55:30Z  459.126  37.037  158.196  2.74745E-15  SWARM-A  7.332  143.120
2015-03-17T20:56:00Z  458.794  35.113  158.207  2.73847E-15  SWARM-A  7.341  145.043
2015-03-17T20:56:30Z  458.483  33.189  158.210  2.72944E-15  SWARM-A  7.350  146.966
2015-03-17T20:57:00Z  458.193  31.264  158.209  2.71993E-15  SWARM-A  7.358  148.888
2015-03-17T20:57:30Z  457.927  29.338  158.202  2.71077E-15  SWARM-A  7.366  150.811
2015-03-17T20:58:00Z  457.688  27.411  158.192  2.70203E-15  SWARM-A  7.374  152.734
2015-03-17T20:58:30Z  457.477  25.484  158.177  2.69342E-15  SWARM-A  7.381  154.656
2015-03-17T20:59:00Z  457.295  23.556  158.159  2.68403E-15  SWARM-A  7.388  156.579
2015-03-17T20:59:30Z  457.146  21.628  158.137  2.67555E-15  SWARM-A  7.395  158.501
2015-03-17T21:00:00Z  457.030  19.699  158.113  2.66549E-15  SWARM-A  7.402  160.423
2015-03-17T21:00:30Z  456.949  17.770  158.087  2.65897E-15  SWARM-A  7.408  162.345
2015-03-17T21:01:00Z  456.904  15.840  158.058  2.65359E-15  SWARM-A  7.415  164.267
2015-03-17T21:01:30Z  456.897  13.910  158.028  2.64942E-15  SWARM-A  7.421  166.188
2015-03-17T21:02:00Z  456.928  11.980  157.996  2.64643E-15  SWARM-A  7.427  168.110
2015-03-17T21:02:30Z  456.998  10.050  157.963  2.64465E-15  SWARM-A  7.433  170.031
2015-03-17T21:03:00Z  457.109  8.119  157.928  2.64406E-15  SWARM-A  7.440  171.952
2015-03-17T21:03:30Z  457.260  6.188  157.893  2.64461E-15  SWARM-A  7.446  173.874
2015-03-17T21:04:00Z  457.452  4.258  157.857  2.64620E-15  SWARM-A  7.451  175.794
2015-03-17T21:04:30Z  457.685  2.327  157.821  2.64874E-15  SWARM-A  7.457  177.715
2015-03-17T21:05:00Z  457.959  0.397  157.784  2.65211E-15  SWARM-A  7.463  179.636
2015-03-17T21:05:30Z  458.274  -1.534  157.748  2.65614E-15  SWARM-A  7.469  181.556
2015-03-17T21:06:00Z  458.629  -3.464  157.711  2.66067E-15  SWARM-A  7.475  183.476
2015-03-17T21:06:30Z  459.023  -5.394  157.675  2.66560E-15  SWARM-A  7.481  185.396
2015-03-17T21:07:00Z  459.457  -7.323  157.640  2.67083E-15  SWARM-A  7.487  187.316
2015-03-17T21:07:30Z  459.929  -9.253  157.605  2.67619E-15  SWARM-A  7.493  189.236
2015-03-17T21:08:00Z  460.437  -11.181  157.571  2.68163E-15  SWARM-A  7.499  191.155
2015-03-17T21:08:30Z  460.981  -13.109  157.538  2.68676E-15  SWARM-A  7.505  193.075
2015-03-17T21:09:00Z  461.559  -15.037  157.507  2.69173E-15  SWARM-A  7.511  194.994
2015-03-17T21:09:30Z  462.170  -16.964  157.478  2.69683E-15  SWARM-A  7.518  196.913
2015-03-17T21:10:00Z  462.811  -18.890  157.450  2.70206E-15  SWARM-A  7.524  198.831
2015-03-17T21:10:30Z  463.481  -20.816  157.425  2.70744E-15  SWARM-A  7.531  200.750
2015-03-17T21:11:00Z  464.177  -22.740  157.402  2.71275E-15  SWARM-A  7.538  202.669
2015-03-17T21:11:30Z  464.898  -24.664  157.382  2.71844E-15  SWARM-A  7.545  204.587
2015-03-17T21:12:00Z  465.641  -26.588  157.366  2.72470E-15  SWARM-A  7.552  206.505
2015-03-17T21:12:30Z  466.404  -28.510  157.353  2.73157E-15  SWARM-A  7.560  208.423
2015-03-17T21:13:00Z  467.183  -30.431  157.344  2.73914E-15  SWARM-A  7.567  210.340
2015-03-17T21:13:30Z  467.977  -32.351  157.340  2.74739E-15  SWARM-A  7.575  212.258
2015-03-17T21:14:00Z  468.783  -34.270  157.341  2.75620E-15  SWARM-A  7.584  214.175
2015-03-17T21:14:30Z  469.598  -36.189  157.348  2.76532E-15  SWARM-A  7.593  216.093
2015-03-17T21:15:00Z  470.419  -38.106  157.361  2.77443E-15  SWARM-A  7.602  218.010
2015-03-17T21:15:30Z  471.244  -40.022  157.382  2.78327E-15  SWARM-A  7.612  219.927
2015-03-17T21:16:00Z  472.068  -41.937  157.412  2.79097E-15  SWARM-A  7.622  221.843
2015-03-17T21:16:30Z  472.890  -43.850  157.450  2.79832E-15  SWARM-A  7.633  223.760
2015-03-17T21:17:00Z  473.707  -45.763  157.500  2.80718E-15  SWARM-A  7.644  225.676
2015-03-17T21:17:30Z  474.515  -47.674  157.562  2.81959E-15  SWARM-A  7.657  227.593
2015-03-17T21:18:00Z  475.312  -49.584  157.638  2.83687E-15  SWARM-A  7.670  229.509
2015-03-17T21:18:30Z  476.094  -51.493  157.731  2.85949E-15  SWARM-A  7.685  231.425
2015-03-17T21:19:00Z  476.860  -53.400  157.842  2.88570E-15  SWARM-A  7.700  233.341
2015-03-17T21:19:30Z  477.605  -55.306  157.975  2.91239E-15  SWARM-A  7.718  235.256
2015-03-17T21:20:00Z  478.328  -57.210  158.135  2.93599E-15  SWARM-A  7.737  237.172
2015-03-17T21:20:30Z  479.025  -59.113  158.325  2.95476E-15  SWARM-A  7.758  239.088
2015-03-17T21:21:00Z  479.694  -61.015  158.553  2.96964E-15  SWARM-A  7.781  241.003
2015-03-17T21:21:30Z  480.333  -62.914  158.825  2.98168E-15  SWARM-A  7.808  242.918
2015-03-17T21:22:00Z  480.939  -64.811  159.152  2.99261E-15  SWARM-A  7.838  244.833
2015-03-17T21:22:30Z  481.511  -66.707  159.547  3.00356E-15  SWARM-A  7.873  246.748
2015-03-17T21:23:00Z  482.045  -68.599  160.029  3.01563E-15  SWARM-A  7.913  248.663
2015-03-17T21:23:30Z  482.540  -70.488  160.622  3.02876E-15  SWARM-A  7.961  250.578
2015-03-17T21:24:00Z  482.994  -72.374  161.363  3.04214E-15  SWARM-A  8.019  252.493
2015-03-17T21:24:30Z  483.405  -74.254  162.303  3.05464E-15  SWARM-A  8.090  254.408
2015-03-17T21:25:00Z  483.773  -76.127  163.523  3.06415E-15  SWARM-A  8.179  256.323
2015-03-17T21:25:30Z  484.095  -77.990  165.151  3.07678E-15  SWARM-A  8.296  258.237
2015-03-17T21:26:00Z  484.370  -79.838  167.410  3.06528E-15  SWARM-A  8.455  260.152
2015-03-17T21:26:30Z  484.597  -81.661  170.705  3.06536E-15  SWARM-A  8.683  262.067
2015-03-17T21:27:00Z  484.776  -83.438  175.865  3.05101E-15  SWARM-A  9.035  263.981
2015-03-17T21:27:30Z  484.905  -85.120  -175.226  3.03451E-15  SWARM-A  9.638  265.896
2015-03-17T21:28:00Z  484.985  -86.564  -157.930  3.01399E-15  SWARM-A  10.799  267.810
2015-03-17T21:28:30Z  485.014  -87.348  -124.663  2.99378E-15  SWARM-A  13.025  269.725
2015-03-17T21:29:00Z  484.993  -86.918  -86.946  2.97324E-15  SWARM-A  15.548  271.639
2015-03-17T21:29:30Z  484.922  -85.618  -65.258  2.95316E-15  SWARM-A  17.002  273.554
2015-03-17T21:30:00Z  484.801  -83.989  -54.385  2.93646E-15  SWARM-A  17.735  275.469
2015-03-17T21:30:30Z  484.630  -82.234  -48.317  2.92460E-15  SWARM-A  18.148  277.383
2015-03-17T21:31:00Z  484.410  -80.423  -44.549  2.91725E-15  SWARM-A  18.408  279.298
2015-03-17T21:31:30Z  484.142  -78.581  -42.017  2.91582E-15  SWARM-A  18.585  281.212
2015-03-17T21:32:00Z  483.827  -76.722  -40.218  2.91674E-15  SWARM-A  18.713  283.127
2015-03-17T21:32:30Z  483.467  -74.852  -38.885  2.92435E-15  SWARM-A  18.810  285.042
2015-03-17T21:33:00Z  483.061  -72.973  -37.866  2.93130E-15  SWARM-A  18.887  286.957
2015-03-17T21:33:30Z  482.612  -71.090  -37.069  2.93829E-15  SWARM-A  18.948  288.872
2015-03-17T21:34:00Z  482.122  -69.201  -36.433  2.94132E-15  SWARM-A  18.999  290.787
2015-03-17T21:34:30Z  481.592  -67.310  -35.919  2.94035E-15  SWARM-A  19.041  292.702
2015-03-17T21:35:00Z  481.024  -65.415  -35.498  2.93357E-15  SWARM-A  19.078  294.617
2015-03-17T21:35:30Z  480.421  -63.519  -35.151  2.92038E-15  SWARM-A  19.109  296.532
2015-03-17T21:36:00Z  479.784  -61.620  -34.863  2.90105E-15  SWARM-A  19.137  298.447
2015-03-17T21:36:30Z  479.116  -59.719  -34.622  2.87652E-15  SWARM-A  19.161  300.363
2015-03-17T21:37:00Z  478.419  -57.816  -34.420  2.85235E-15  SWARM-A  19.183  302.278
2015-03-17T21:37:30Z  477.696  -55.912  -34.252  2.82748E-15  SWARM-A  19.203  304.194
2015-03-17T21:38:00Z  476.950  -54.007  -34.110  2.80462E-15  SWARM-A  19.220  306.110
2015-03-17T21:38:30Z  476.182  -52.100  -33.992  2.77962E-15  SWARM-A  19.237  308.026
2015-03-17T21:39:00Z  475.397  -50.191  -33.894  2.75655E-15  SWARM-A  19.251  309.942
2015-03-17T21:39:30Z  474.597  -48.282  -33.813  2.73622E-15  SWARM-A  19.265  311.858
2015-03-17T21:40:00Z  473.785  -46.371  -33.747  2.71819E-15  SWARM-A  19.278  313.774
2015-03-17T21:40:30Z  472.963  -44.459  -33.694  2.70181E-15  SWARM-A  19.290  315.691
2015-03-17T21:41:00Z  472.135  -42.545  -33.651  2.68664E-15  SWARM-A  19.301  317.607
2015-03-17T21:41:30Z  471.304  -40.631  -33.619  2.67913E-15  SWARM-A  19.311  319.524
2015-03-17T21:42:00Z  470.473  -38.715  -33.596  2.67208E-15  SWARM-A  19.321  321.441
2015-03-17T21:42:30Z  469.644  -36.798  -33.580  2.66043E-15  SWARM-A  19.331  323.358
2015-03-17T21:43:00Z  468.821  -34.880  -33.571  2.65329E-15  SWARM-A  19.340  325.276
2015-03-17T21:43:30Z  468.006  -32.961  -33.568  2.64608E-15  SWARM-A  19.348  327.193
2015-03-17T21:44:00Z  467.202  -31.041  -33.571  2.63519E-15  SWARM-A  19.356  329.111
2015-03-17T21:44:30Z  466.412  -29.120  -33.578  2.62805E-15  SWARM-A  19.364  331.028
2015-03-17T21:45:00Z  465.639  -27.198  -33.590  2.61516E-15  SWARM-A  19.372  332.946
2015-03-17T21:45:30Z  464.885  -25.275  -33.605  2.60714E-15  SWARM-A  19.379  334.865
2015-03-17T21:46:00Z  464.153  -23.351  -33.624  2.59980E-15  SWARM-A  19.386  336.783
2015-03-17T21:46:30Z  463.445  -21.427  -33.646  2.59783E-15  SWARM-A  19.393  338.701
2015-03-17T21:47:00Z  462.763  -19.501  -33.670  2.58649E-15  SWARM-A  19.400  340.620
2015-03-17T21:47:30Z  462.110  -17.575  -33.697  2.58289E-15  SWARM-A  19.406  342.539
2015-03-17T21:48:00Z  461.487  -15.648  -33.726  2.57694E-15  SWARM-A  19.413  344.458
2015-03-17T21:48:30Z  460.896  -13.721  -33.756  2.57107E-15  SWARM-A  19.419  346.377
2015-03-17T21:49:00Z  460.339  -11.792  -33.789  2.56644E-15  SWARM-A  19.425  348.297
2015-03-17T21:49:30Z  459.818  -9.864  -33.822  2.56587E-15  SWARM-A  19.431  350.216
2015-03-17T21:50:00Z  459.334  -7.935  -33.857  2.56581E-15  SWARM-A  19.437  352.136
2015-03-17T21:50:30Z  458.888  -6.005  -33.892  2.56090E-15  SWARM-A  19.443  354.056
2015-03-17T21:51:00Z  458.481  -4.075  -33.928  2.56358E-15  SWARM-A  19.449  355.976
2015-03-17T21:51:30Z  458.114  -2.145  -33.964  2.56417E-15  SWARM-A  19.455  357.896
2015-03-17T21:52:00Z  457.788  -0.215  -34.001  2.56598E-15  SWARM-A  19.461  359.817
2015-03-17T21:52:30Z  457.502  1.716  -34.037  2.56881E-15  SWARM-A  19.467  1.737
2015-03-17T21:53:00Z  457.258  3.647  -34.074  2.57248E-15  SWARM-A  19.473  3.658
2015-03-17T21:53:30Z  457.055  5.578  -34.110  2.57700E-15  SWARM-A  19.479  5.579
2015-03-17T21:54:00Z  456.894  7.508  -34.145  2.58234E-15  SWARM-A  19.485  7.500
2015-03-17T21:54:30Z  456.773  9.439  -34.180  2.58843E-15  SWARM-A  19.491  9.421
2015-03-17T21:55:00Z  456.693  11.370  -34.213  2.59520E-15  SWARM-A  19.497  11.343
2015-03-17T21:55:30Z  456.653  13.300  -34.246  2.60245E-15  SWARM-A  19.503  13.264
2015-03-17T21:56:00Z  456.653  15.230  -34.277  2.61010E-15  SWARM-A  19.509  15.186
2015-03-17T21:56:30Z  456.690  17.160  -34.306  2.61804E-15  SWARM-A  19.516  17.108
2015-03-17T21:57:00Z  456.764  19.090  -34.333  2.62600E-15  SWARM-A  19.522  19.030
2015-03-17T21:57:30Z  456.874  21.019  -34.358  2.63405E-15  SWARM-A  19.529  20.952
2015-03-17T21:58:00Z  457.018  22.947  -34.380  2.64191E-15  SWARM-A  19.536  22.875
2015-03-17T21:58:30Z  457.195  24.875  -34.399  2.64964E-15  SWARM-A  19.543  24.797
2015-03-17T21:59:00Z  457.402  26.803  -34.415  2.65717E-15  SWARM-A  19.550  26.720
2015-03-17T21:59:30Z  457.639  28.730  -34.427  2.66447E-15  SWARM-A  19.558  28.642
2015-03-17T22:00:00Z  457.902  30.656  -34.435  2.67144E-15  SWARM-A  19.565  30.565
2015-03-17T22:00:30Z  458.190  32.582  -34.438  2.67791E-15  SWARM-A  19.574  32.488
2015-03-17T22:01:00Z  458.501  34.507  -34.436  2.68317E-15  SWARM-A  19.582  34.411
2015-03-17T22:01:30Z  458.832  36.431  -34.428  2.68611E-15  SWARM-A  19.591  36.334
2015-03-17T22:02:00Z  459.182  38.354  -34.413  2.68560E-15  SWARM-A  19.600  38.258
2015-03-17T22:02:30Z  459.547  40.276  -34.390  2.68125E-15  SWARM-A  19.610  40.181
2015-03-17T22:03:00Z  459.925  42.198  -34.359  2.67489E-15  SWARM-A  19.621  42.104
2015-03-17T22:03:30Z  460.314  44.118  -34.318  2.66989E-15  SWARM-A  19.632  44.028
2015-03-17T22:04:00Z  460.711  46.038  -34.266  2.66897E-15  SWARM-A  19.643  45.952
2015-03-17T22:04:30Z  461.114  47.956  -34.202  2.67223E-15  SWARM-A  19.656  47.876
2015-03-17T22:05:00Z  461.520  49.874  -34.122  2.67964E-15  SWARM-A  19.670  49.799
2015-03-17T22:05:30Z  461.927  51.790  -34.026  2.68917E-15  SWARM-A  19.684  51.723
2015-03-17T22:06:00Z  462.332  53.705  -33.911  2.69898E-15  SWARM-A  19.700  53.647
2015-03-17T22:06:30Z  462.733  55.619  -33.772  2.70713E-15  SWARM-A  19.718  55.571
2015-03-17T22:07:00Z  463.128  57.532  -33.606  2.71258E-15  SWARM-A  19.737  57.495
2015-03-17T22:07:30Z  463.513  59.443  -33.408  2.71479E-15  SWARM-A  19.759  59.420
2015-03-17T22:08:00Z  463.888  61.353  -33.172  2.71380E-15  SWARM-A  19.783  61.344
2015-03-17T22:08:30Z  464.249  63.261  -32.889  2.71033E-15  SWARM-A  19.810  63.268
2015-03-17T22:09:00Z  464.595  65.167  -32.548  2.70413E-15  SWARM-A  19.841  65.193
2015-03-17T22:09:30Z  464.923  67.071  -32.135  2.69742E-15  SWARM-A  19.877  67.117
2015-03-17T22:10:00Z  465.233  68.972  -31.630  2.69156E-15  SWARM-A  19.919  69.042
2015-03-17T22:10:30Z  465.521  70.870  -31.006  2.68679E-15  SWARM-A  19.969  70.966
2015-03-17T22:11:00Z  465.786  72.764  -30.225  2.68401E-15  SWARM-A  20.030  72.891
2015-03-17T22:11:30Z  466.028  74.653  -29.228  2.68372E-15  SWARM-A  20.104  74.815
2015-03-17T22:12:00Z  466.244  76.534  -27.925  2.68497E-15  SWARM-A  20.200  76.740
2015-03-17T22:12:30Z  466.434  78.404  -26.171  2.68723E-15  SWARM-A  20.325  78.664
2015-03-17T22:13:00Z  466.595  80.257  -23.709  2.69023E-15  SWARM-A  20.497  80.589
2015-03-17T22:13:30Z  466.729  82.081  -20.059  2.69319E-15  SWARM-A  20.749  82.514
2015-03-17T22:14:00Z  466.833  83.851  -14.213  2.69507E-15  SWARM-A  21.147  84.438
2015-03-17T22:14:30Z  466.907  85.503  -3.805  2.69531E-15  SWARM-A  21.849  86.363
2015-03-17T22:15:00Z  466.951  86.846  16.918  2.69308E-15  SWARM-A  23.239  88.288
2015-03-17T22:15:30Z  466.964  87.358  54.043  2.68763E-15  SWARM-A  1.722  90.212
2015-03-17T22:16:00Z  466.947  86.634  88.468  2.67702E-15  SWARM-A  4.026  92.137
2015-03-17T22:16:30Z  466.900  85.205  106.571  2.66340E-15  SWARM-A  5.241  94.062
2015-03-17T22:17:00Z  466.822  83.522  115.814  2.64605E-15  SWARM-A  5.865  95.986
2015-03-17T22:17:30Z  466.715  81.739  121.123  2.62944E-15  SWARM-A  6.228  97.911
2015-03-17T22:18:00Z  466.578  79.907  124.493  2.61535E-15  SWARM-A  6.461  99.836
2015-03-17T22:18:30Z  466.414  78.051  126.794  2.60345E-15  SWARM-A  6.622  101.760
2015-03-17T22:19:00Z  466.221  76.178  128.447  2.59545E-15  SWARM-A  6.741  103.685
2015-03-17T22:19:30Z  466.003  74.296  129.683  2.59254E-15  SWARM-A  6.832  105.609
2015-03-17T22:20:00Z  465.760  72.406  130.634  2.59510E-15  SWARM-A  6.903  107.534
2015-03-17T22:20:30Z  465.492  70.511  131.382  2.60274E-15  SWARM-A  6.962  109.458
2015-03-17T22:21:00Z  465.203  68.613  131.980  2.61247E-15  SWARM-A  7.010  111.383
2015-03-17T22:21:30Z  464.893  66.711  132.466  2.62006E-15  SWARM-A  7.051  113.307
2015-03-17T22:22:00Z  464.565  64.807  132.864  2.62361E-15  SWARM-A  7.085  115.232
2015-03-17T22:22:30Z  464.219  62.900  133.193  2.62180E-15  SWARM-A  7.116  117.156
2015-03-17T22:23:00Z  463.859  60.992  133.467  2.61737E-15  SWARM-A  7.142  119.080
2015-03-17T22:23:30Z  463.486  59.082  133.695  2.61104E-15  SWARM-A  7.166  121.005
2015-03-17T22:24:00Z  463.102  57.170  133.886  2.60513E-15  SWARM-A  7.187  122.929
2015-03-17T22:24:30Z  462.710  55.257  134.047  2.60019E-15  SWARM-A  7.206  124.853
2015-03-17T22:25:00Z  462.312  53.343  134.181  2.59872E-15  SWARM-A  7.223  126.777
2015-03-17T22:25:30Z  461.910  51.428  134.292  2.59986E-15  SWARM-A  7.239  128.701
2015-03-17T22:26:00Z  461.507  49.511  134.385  2.60286E-15  SWARM-A  7.254  130.625
2015-03-17T22:26:30Z  461.106  47.594  134.462  2.60606E-15  SWARM-A  7.267  132.548
2015-03-17T22:27:00Z  460.707  45.675  134.524  2.60909E-15  SWARM-A  7.280  134.472
2015-03-17T22:27:30Z  460.315  43.755  134.574  2.61243E-15  SWARM-A  7.291  136.396
2015-03-17T22:28:00Z  459.932  41.835  134.613  2.61471E-15  SWARM-A  7.302  138.319
2015-03-17T22:28:30Z  459.560  39.913  134.642  2.61697E-15  SWARM-A  7.312  140.243
2015-03-17T22:29:00Z  459.201  37.991  134.663  2.61917E-15  SWARM-A  7.322  142.166
2015-03-17T22:29:30Z  458.859  36.067  134.677  2.62114E-15  SWARM-A  7.331  144.089
2015-03-17T22:30:00Z  458.535  34.143  134.684  2.62273E-15  SWARM-A  7.340  146.012
2015-03-17T22:30:30Z  458.232  32.218  134.685  2.62359E-15  SWARM-A  7.349  147.935
2015-03-17T22:31:00Z  457.951  30.293  134.681  2.62418E-15  SWARM-A  7.357  149.858
2015-03-17T22:31:30Z  457.696  28.366  134.672  2.62458E-15  SWARM-A  7.364  151.781
2015-03-17T22:32:00Z  457.468  26.439  134.659  2.62489E-15  SWARM-A  7.372  153.703
2015-03-17T22:32:30Z  457.270  24.512  134.643  2.62508E-15  SWARM-A  7.379  155.626
2015-03-17T22:33:00Z  457.102  22.583  134.623  2.62505E-15  SWARM-A  7.386  157.548
2015-03-17T22:33:30Z  456.967  20.655  134.600  2.62500E-15  SWARM-A  7.393  159.471
2015-03-17T22:34:00Z  456.866  18.726  134.575  2.62476E-15  SWARM-A  7.400  161.393
2015-03-17T22:34:30Z  456.801  16.796  134.548  2.62449E-15  SWARM-A  7.406  163.315
2015-03-17T22:35:00Z  456.773  14.866  134.518  2.62419E-15  SWARM-A  7.412  165.236
2015-03-17T22:35:30Z  456.783  12.936  134.487  2.62381E-15  SWARM-A  7.419  167.158
2015-03-17T22:36:00Z  456.832  11.006  134.454  2.62333E-15  SWARM-A  7.425  169.080
2015-03-17T22:36:30Z  456.920  9.075  134.421  2.62268E-15  SWARM-A  7.431  171.001
2015-03-17T22:37:00Z  457.050  7.145  134.386  2.62125E-15  SWARM-A  7.437  172.922
2015-03-17T22:37:30Z  457.220  5.214  134.350  2.61865E-15  SWARM-A  7.443  174.843
2015-03-17T22:38:00Z  457.431  3.283  134.314  2.61571E-15  SWARM-A  7.449  176.764
2015-03-17T22:38:30Z  457.683  1.352  134.278  2.61210E-15  SWARM-A  7.455  178.685
2015-03-17T22:39:00Z  457.976  -0.578  134.241  2.60785E-15  SWARM-A  7.461  180.605
2015-03-17T22:39:30Z  458.310  -2.508  134.205  2.60267E-15  SWARM-A  7.467  182.526
2015-03-17T22:40:00Z  458.684  -4.439  134.169  2.59632E-15  SWARM-A  7.473  184.446
2015-03-17T22:40:30Z  459.097  -6.368  134.133  2.58874E-15  SWARM-A  7.478  186.366
2015-03-17T22:41:00Z  459.549  -8.298  134.098  2.57966E-15  SWARM-A  7.484  188.286
2015-03-17T22:41:30Z  460.039  -10.227  134.063  2.56917E-15  SWARM-A  7.491  190.205
2015-03-17T22:42:00Z  460.565  -12.155  134.030  2.55705E-15  SWARM-A  7.497  192.125
2015-03-17T22:42:30Z  461.126  -14.083  133.998  2.54334E-15  SWARM-A  7.503  194.044
2015-03-17T22:43:00Z  461.721  -16.011  133.968  2.52819E-15  SWARM-A  7.509  195.963
2015-03-17T22:43:30Z  462.347  -17.937  133.940  2.51171E-15  SWARM-A  7.516  197.882
2015-03-17T22:44:00Z  463.003  -19.863  133.913  2.49376E-15  SWARM-A  7.522  199.801
2015-03-17T22:44:30Z  463.687  -21.788  133.889  2.47486E-15  SWARM-A  7.529  201.720
2015-03-17T22:45:00Z  464.397  -23.713  133.868  2.45524E-15  SWARM-A  7.536  203.638
2015-03-17T22:45:30Z  465.130  -25.636  133.850  2.43519E-15  SWARM-A  7.543  205.556
2015-03-17T22:46:00Z  465.885  -27.559  133.835  2.41496E-15  SWARM-A  7.550  207.474
2015-03-17T22:46:30Z  466.658  -29.481  133.824  2.39482E-15  SWARM-A  7.558  209.392
2015-03-17T22:47:00Z  467.447  -31.402  133.818  2.37479E-15  SWARM-A  7.566  211.310
2015-03-17T22:47:30Z  468.250  -33.322  133.817  2.35494E-15  SWARM-A  7.574  213.227
2015-03-17T22:48:00Z  469.063  -35.240  133.821  2.33511E-15  SWARM-A  7.583  215.145
2015-03-17T22:48:30Z  469.884  -37.158  133.831  2.31524E-15  SWARM-A  7.592  217.062
2015-03-17T22:49:00Z  470.710  -39.075  133.848  2.29504E-15  SWARM-A  7.601  218.979
2015-03-17T22:49:30Z  471.538  -40.990  133.873  2.27464E-15  SWARM-A  7.611  220.896
2015-03-17T22:50:00Z  472.365  -42.904  133.907  2.25597E-15  SWARM-A  7.622  222.813
2015-03-17T22:50:30Z  473.188  -44.818  133.952  2.24088E-15  SWARM-A  7.633  224.729
2015-03-17T22:51:00Z  474.005  -46.730  134.008  2.23139E-15  SWARM-A  7.645  226.646
2015-03-17T22:51:30Z  474.812  -48.640  134.077  2.22762E-15  SWARM-A  7.658  228.562
2015-03-17T22:52:00Z  475.606  -50.550  134.161  2.22764E-15  SWARM-A  7.672  230.478
2015-03-17T22:52:30Z  476.384  -52.458  134.263  2.22864E-15  SWARM-A  7.687  232.394
2015-03-17T22:53:00Z  477.144  -54.364  134.385  2.22680E-15  SWARM-A  7.704  234.310
2015-03-17T22:53:30Z  477.882  -56.270  134.531  2.22262E-15  SWARM-A  7.722  236.226
2015-03-17T22:54:00Z  478.597  -58.173  134.706  2.21653E-15  SWARM-A  7.742  238.141
2015-03-17T22:54:30Z  479.285  -60.075  134.914  2.20948E-15  SWARM-A  7.764  240.057
2015-03-17T22:55:00Z  479.945  -61.976  135.164  2.20285E-15  SWARM-A  7.789  241.972
2015-03-17T22:55:30Z  480.572  -63.874  135.462  2.19787E-15  SWARM-A  7.817  243.887
2015-03-17T22:56:00Z  481.166  -65.771  135.823  2.19545E-15  SWARM-A  7.850  245.803
2015-03-17T22:56:30Z  481.724  -67.665  136.260  2.19592E-15  SWARM-A  7.887  247.718
2015-03-17T22:57:00Z  482.244  -69.556  136.795  2.19913E-15  SWARM-A  7.931  249.633
2015-03-17T22:57:30Z  482.724  -71.443  137.458  2.20422E-15  SWARM-A  7.984  251.548
2015-03-17T22:58:00Z  483.162  -73.326  138.292  2.21049E-15  SWARM-A  8.047  253.463
2015-03-17T22:58:30Z  483.557  -75.203  139.362  2.21638E-15  SWARM-A  8.127  255.377
2015-03-17T22:59:00Z  483.907  -77.071  140.770  2.22094E-15  SWARM-A  8.229  257.292
2015-03-17T22:59:30Z  484.211  -78.928  142.683  2.22300E-15  SWARM-A  8.365  259.207
2015-03-17T23:00:00Z  484.468  -80.764  145.399  2.22274E-15  SWARM-A  8.555  261.121
2015-03-17T23:00:30Z  484.676  -82.568  149.494  2.22198E-15  SWARM-A  8.836  263.036
2015-03-17T23:01:00Z  484.836  -84.306  156.206  2.21874E-15  SWARM-A  9.292  264.951
2015-03-17T23:01:30Z  484.946  -85.896  168.506  2.20943E-15  SWARM-A  10.120  266.865
2015-03-17T23:02:00Z  485.006  -87.085  -166.800  2.21289E-15  SWARM-A  11.775  268.780
2015-03-17T23:02:30Z  485.016  -87.282  -127.626  2.21092E-15  SWARM-A  14.395  270.694
2015-03-17T23:03:00Z  484.975  -86.324  -97.598  2.21063E-15  SWARM-A  16.405  272.609
2015-03-17T23:03:30Z  484.885  -84.816  -82.437  2.21372E-15  SWARM-A  17.424  274.523
2015-03-17T23:04:00Z  484.744  -83.109  -74.461  2.22145E-15  SWARM-A  17.964  276.438
2015-03-17T23:04:30Z  484.555  -81.321  -69.745  2.23343E-15  SWARM-A  18.287  278.352
2015-03-17T23:05:00Z  484.316  -79.493  -66.688  2.25110E-15  SWARM-A  18.499  280.267
2015-03-17T23:05:30Z  484.031  -77.641  -64.569  2.27275E-15  SWARM-A  18.648  282.182
2015-03-17T23:06:00Z  483.698  -75.776  -63.029  2.29522E-15  SWARM-A  18.759  284.096
2015-03-17T23:06:30Z  483.320  -73.901  -61.868  2.31504E-15  SWARM-A  18.845  286.011
2015-03-17T23:07:00Z  482.899  -72.020  -60.970  2.33320E-15  SWARM-A  18.913  287.926
2015-03-17T23:07:30Z  482.434  -70.134  -60.260  2.34610E-15  SWARM-A  18.969  289.841
2015-03-17T23:08:00Z  481.929  -68.244  -59.689  2.35395E-15  SWARM-A  19.015  291.756
2015-03-17T23:08:30Z  481.386  -66.351  -59.225  2.35538E-15  SWARM-A  19.055  293.671
2015-03-17T23:09:00Z  480.805  -64.455  -58.843  2.35026E-15  SWARM-A  19.089  295.586
2015-03-17T23:09:30Z  480.190  -62.558  -58.527  2.34103E-15  SWARM-A  19.118  297.501
2015-03-17T23:10:00Z  479.542  -60.658  -58.264  2.33129E-15  SWARM-A  19.144  299.417
2015-03-17T23:10:30Z  478.864  -58.756  -58.043  2.32577E-15  SWARM-A  19.167  301.332
2015-03-17T23:11:00Z  478.159  -56.853  -57.859  2.32709E-15  SWARM-A  19.187  303.248
2015-03-17T23:11:30Z  477.429  -54.948  -57.704  2.33389E-15  SWARM-A  19.206  305.163
2015-03-17T23:12:00Z  476.676  -53.042  -57.575  2.34550E-15  SWARM-A  19.223  307.079
2015-03-17T23:12:30Z  475.904  -51.134  -57.467  2.36005E-15  SWARM-A  19.239  308.995
2015-03-17T23:13:00Z  475.116  -49.225  -57.378  2.37561E-15  SWARM-A  19.253  310.911
2015-03-17T23:13:30Z  474.313  -47.315  -57.305  2.39103E-15  SWARM-A  19.266  312.827
2015-03-17T23:14:00Z  473.500  -45.404  -57.245  2.40563E-15  SWARM-A  19.278  314.744
2015-03-17T23:14:30Z  472.680  -43.491  -57.197  2.41929E-15  SWARM-A  19.290  316.660
2015-03-17T23:15:00Z  471.854  -41.577  -57.160  2.42936E-15  SWARM-A  19.301  318.577
2015-03-17T23:15:30Z  471.026  -39.662  -57.132  2.43861E-15  SWARM-A  19.311  320.494
2015-03-17T23:16:00Z  470.199  -37.746  -57.113  2.44742E-15  SWARM-A  19.321  322.411
2015-03-17T23:16:30Z  469.376  -35.828  -57.101  2.45606E-15  SWARM-A  19.330  324.328
2015-03-17T23:17:00Z  468.560  -33.910  -57.095  2.46466E-15  SWARM-A  19.338  326.245
2015-03-17T23:17:30Z  467.754  -31.990  -57.095  2.47339E-15  SWARM-A  19.347  328.162
2015-03-17T23:18:00Z  466.959  -30.070  -57.099  2.48221E-15  SWARM-A  19.355  330.080
2015-03-17T23:18:30Z  466.180  -28.148  -57.109  2.49107E-15  SWARM-A  19.362  331.998
2015-03-17T23:19:00Z  465.419  -26.226  -57.122  2.50013E-15  SWARM-A  19.370  333.916
2015-03-17T23:19:30Z  464.677  -24.303  -57.140  2.50917E-15  SWARM-A  19.377  335.834
2015-03-17T23:20:00Z  463.959  -22.379  -57.160  2.51840E-15  SWARM-A  19.384  337.752
2015-03-17T23:20:30Z  463.265  -20.454  -57.183  2.52659E-15  SWARM-A  19.391  339.671
2015-03-17T23:21:00Z  462.599  -18.528  -57.209  2.53484E-15  SWARM-A  19.398  341.590
2015-03-17T23:21:30Z  461.962  -16.602  -57.237  2.54291E-15  SWARM-A  19.404  343.508
2015-03-17T23:22:00Z  461.356  -14.674  -57.266  2.55092E-15  SWARM-A  19.410  345.427
2015-03-17T23:22:30Z  460.783  -12.747  -57.298  2.55891E-15  SWARM-A  19.417  347.347
2015-03-17T23:23:00Z  460.245  -10.818  -57.330  2.56673E-15  SWARM-A  19.423  349.266
2015-03-17T23:23:30Z  459.742  -8.890  -57.364  2.57455E-15  SWARM-A  19.429  351.186
2015-03-17T23:24:00Z  459.277  -6.960  -57.399  2.58184E-15  SWARM-A  19.435  353.105
2015-03-17T23:24:30Z  458.850  -5.031  -57.435  2.58954E-15  SWARM-A  19.441  355.025
2015-03-17T23:25:00Z  458.463  -3.101  -57.471  2.59690E-15  SWARM-A  19.447  356.945
2015-03-17T23:25:30Z  458.116  -1.171  -57.508  2.60416E-15  SWARM-A  19.453  358.866
2015-03-17T23:26:00Z  457.810  0.760  -57.544  2.61129E-15  SWARM-A  19.459  0.786
2015-03-17T23:26:30Z  457.544  2.691  -57.581  2.61818E-15  SWARM-A  19.464  2.707
2015-03-17T23:27:00Z  457.320  4.621  -57.617  2.62475E-15  SWARM-A  19.470  4.627
2015-03-17T23:27:30Z  457.137  6.552  -57.653  2.63136E-15  SWARM-A  19.476  6.548
2015-03-17T23:28:00Z  456.995  8.483  -57.688  2.63720E-15  SWARM-A  19.482  8.470
2015-03-17T23:28:30Z  456.894  10.413  -57.722  2.64245E-15  SWARM-A  19.488  10.391
2015-03-17T23:29:00Z  456.833  12.344  -57.755  2.64745E-15  SWARM-A  19.494  12.312
2015-03-17T23:29:30Z  456.811  14.274  -57.786  2.65149E-15  SWARM-A  19.501  14.234
2015-03-17T23:30:00Z  456.829  16.204  -57.816  2.65503E-15  SWARM-A  19.507  16.155
2015-03-17T23:30:30Z  456.883  18.133  -57.844  2.65848E-15  SWARM-A  19.514  18.077
2015-03-17T23:31:00Z  456.974  20.062  -57.870  2.66152E-15  SWARM-A  19.520  19.999
2015-03-17T23:31:30Z  457.100  21.991  -57.894  2.66414E-15  SWARM-A  19.527  21.921
2015-03-17T23:32:00Z  457.259  23.919  -57.914  2.66629E-15  SWARM-A  19.534  23.844
2015-03-17T23:32:30Z  457.450  25.847  -57.932  2.66777E-15  SWARM-A  19.541  25.766
2015-03-17T23:33:00Z  457.671  27.774  -57.946  2.66807E-15  SWARM-A  19.548  27.689
2015-03-17T23:33:30Z  457.920  29.701  -57.956  2.66663E-15  SWARM-A  19.556  29.611
2015-03-17T23:34:00Z  458.194  31.627  -57.962  2.66322E-15  SWARM-A  19.564  31.534
2015-03-17T23:34:30Z  458.493  33.552  -57.962  2.65807E-15  SWARM-A  19.572  33.457
2015-03-17T23:35:00Z  458.813  35.476  -57.957  2.65290E-15  SWARM-A  19.581  35.380
2015-03-17T23:35:30Z  459.152  37.400  -57.946  2.64930E-15  SWARM-A  19.590  37.303
2015-03-17T23:36:00Z  459.509  39.322  -57.927  2.64893E-15  SWARM-A  19.600  39.226
2015-03-17T23:36:30Z  459.879  41.244  -57.900  2.65296E-15  SWARM-A  19.610  41.150
2015-03-17T23:37:00Z  460.262  43.165  -57.864  2.66029E-15  SWARM-A  19.621  43.073
2015-03-17T23:37:30Z  460.654  45.085  -57.818  2.66869E-15  SWARM-A  19.632  44.997
2015-03-17T23:38:00Z  461.054  47.004  -57.760  2.67760E-15  SWARM-A  19.644  46.920
2015-03-17T23:38:30Z  461.457  48.922  -57.688  2.68545E-15  SWARM-A  19.657  48.844
2015-03-17T23:39:00Z  461.863  50.839  -57.600  2.69107E-15  SWARM-A  19.671  50.768
2015-03-17T23:39:30Z  462.269  52.754  -57.494  2.69352E-15  SWARM-A  19.687  52.692
2015-03-17T23:40:00Z  462.671  54.669  -57.367  2.69263E-15  SWARM-A  19.704  54.616
2015-03-17T23:40:30Z  463.068  56.582  -57.216  2.68870E-15  SWARM-A  19.722  56.540
2015-03-17T23:41:00Z  463.457  58.494  -57.034  2.68235E-15  SWARM-A  19.743  58.464
2015-03-17T23:41:30Z  463.837  60.404  -56.818  2.67457E-15  SWARM-A  19.765  60.388
2015-03-17T23:42:00Z  464.204  62.313  -56.559  2.66682E-15  SWARM-A  19.791  62.312
2015-03-17T23:42:30Z  464.557  64.220  -56.248  2.65897E-15  SWARM-A  19.820  64.236
2015-03-17T23:43:00Z  464.893  66.125  -55.873  2.65256E-15  SWARM-A  19.853  66.161
2015-03-17T23:43:30Z  465.211  68.028  -55.416  2.64868E-15  SWARM-A  19.892  68.085
2015-03-17T23:44:00Z  465.509  69.927  -54.856  2.64770E-15  SWARM-A  19.938  70.010
2015-03-17T23:44:30Z  465.785  71.823  -54.158  2.64969E-15  SWARM-A  19.993  71.934
2015-03-17T23:45:00Z  466.037  73.715  -53.277  2.65480E-15  SWARM-A  20.060  73.858
2015-03-17T23:45:30Z  466.265  75.600  -52.140  2.66215E-15  SWARM-A  20.144  75.783
2015-03-17T23:46:00Z  466.466  77.475  -50.632  2.67126E-15  SWARM-A  20.253  77.707
2015-03-17T23:46:30Z  466.640  79.338  -48.563  2.68047E-15  SWARM-A  20.399  79.632
2015-03-17T23:47:00Z  466.786  81.178  -45.586  2.69067E-15  SWARM-A  20.606  81.557
2015-03-17T23:47:30Z  466.903  82.980  -41.011  2.70007E-15  SWARM-A  20.919  83.481
2015-03-17T23:48:00Z  466.991  84.703  -33.313  2.70761E-15  SWARM-A  21.441  85.406
2015-03-17T23:48:30Z  467.048  86.239  -18.749  2.71302E-15  SWARM-A  22.420  87.330
2015-03-17T23:49:00Z  467.074  87.253  10.361  2.71619E-15  SWARM-A  0.369  89.255
2015-03-17T23:49:30Z  467.070  87.126  49.956  2.71494E-15  SWARM-A  3.017  91.180
2015-03-17T23:50:00Z  467.035  85.965  75.633  2.71027E-15  SWARM-A  4.737  93.104
2015-03-17T23:50:30Z  466.970  84.377  88.378  2.70474E-15  SWARM-A  5.595  95.029
2015-03-17T23:51:00Z  466.875  82.633  95.275  2.69929E-15  SWARM-A  6.063  96.954
2015-03-17T23:51:30Z  466.751  80.822  99.457  2.69482E-15  SWARM-A  6.350  98.878
2015-03-17T23:52:00Z  466.597  78.977  102.219  2.69256E-15  SWARM-A  6.543  100.803
2015-03-17T23:52:30Z  466.416  77.111  104.158  2.69357E-15  SWARM-A  6.680  102.727
2015-03-17T23:53:00Z  466.207  75.233  105.581  2.69871E-15  SWARM-A  6.784  104.652
2015-03-17T23:53:30Z  465.973  73.347  106.661  2.70729E-15  SWARM-A  6.864  106.576
2015-03-17T23:54:00Z  465.715  71.455  107.502  2.71783E-15  SWARM-A  6.928  108.501
2015-03-17T23:54:30Z  465.433  69.558  108.170  2.73077E-15  SWARM-A  6.981  110.425
2015-03-17T23:55:00Z  465.130  67.658  108.708  2.74372E-15  SWARM-A  7.025  112.350
2015-03-17T23:55:30Z  464.807  65.755  109.147  2.75380E-15  SWARM-A  7.063  114.274
2015-03-17T23:56:00Z  464.467  63.849  109.509  2.75884E-15  SWARM-A  7.095  116.198
2015-03-17T23:56:30Z  464.110  61.942  109.809  2.75861E-15  SWARM-A  7.124  118.123
2015-03-17T23:57:00Z  463.740  60.033  110.059  2.75402E-15  SWARM-A  7.149  120.047
2015-03-17T23:57:30Z  463.358  58.122  110.268  2.74745E-15  SWARM-A  7.171  121.971
2015-03-17T23:58:00Z  462.967  56.210  110.443  2.74334E-15  SWARM-A  7.191  123.895
2015-03-17T23:58:30Z  462.569  54.296  110.590  2.74507E-15  SWARM-A  7.209  125.819
2015-03-17T23:59:00Z  462.165  52.382  110.712  2.74959E-15  SWARM-A  7.226  127.743
2015-03-17T23:59:30Z  461.760  50.466  110.814  2.75633E-15  SWARM-A  7.241  129.667
2015-03-18T00:00:00Z  461.354  48.549  110.899  2.77044E-15  SWARM-A  7.255  131.591
2015-03-18T00:00:30Z  460.951  46.630  110.968  2.77648E-15  SWARM-A  7.268  133.514
2015-03-18T00:01:00Z  460.554  44.711  111.024  2.78253E-15  SWARM-A  7.280  135.438
2015-03-18T00:01:30Z  460.163  42.791  111.068  2.78825E-15  SWARM-A  7.291  137.361
2015-03-18T00:02:00Z  459.783  40.870  111.102  2.79350E-15  SWARM-A  7.302  139.285
2015-03-18T00:02:30Z  459.416  38.948  111.127  2.79579E-15  SWARM-A  7.312  141.208
2015-03-18T00:03:00Z  459.063  37.025  111.144  2.79496E-15  SWARM-A  7.321  143.131
2015-03-18T00:03:30Z  458.728  35.101  111.155  2.79332E-15  SWARM-A  7.330  145.054
2015-03-18T00:04:00Z  458.412  33.177  111.159  2.79090E-15  SWARM-A  7.339  146.977
2015-03-18T00:04:30Z  458.119  31.252  111.157  2.78767E-15  SWARM-A  7.347  148.900
2015-03-18T00:05:00Z  457.850  29.326  111.151  2.78362E-15  SWARM-A  7.355  150.823
2015-03-18T00:05:30Z  457.607  27.399  111.140  2.77876E-15  SWARM-A  7.363  152.746
2015-03-18T00:06:00Z  457.392  25.472  111.125  2.77320E-15  SWARM-A  7.370  154.668
2015-03-18T00:06:30Z  457.208  23.544  111.107  2.76712E-15  SWARM-A  7.377  156.591
2015-03-18T00:07:00Z  457.055  21.616  111.086  2.75984E-15  SWARM-A  7.384  158.513
2015-03-18T00:07:30Z  456.937  19.687  111.062  2.75181E-15  SWARM-A  7.391  160.435
2015-03-18T00:08:00Z  456.853  17.757  111.036  2.74363E-15  SWARM-A  7.397  162.357
2015-03-18T00:08:30Z  456.806  15.828  111.007  2.73540E-15  SWARM-A  7.404  164.279
2015-03-18T00:09:00Z  456.796  13.898  110.977  2.72727E-15  SWARM-A  7.410  166.201
2015-03-18T00:09:30Z  456.825  11.967  110.945  2.71925E-15  SWARM-A  7.416  168.122
2015-03-18T00:10:00Z  456.894  10.037  110.912  2.71139E-15  SWARM-A  7.422  170.044
2015-03-18T00:10:30Z  457.002  8.106  110.878  2.70372E-15  SWARM-A  7.428  171.965
2015-03-18T00:11:00Z  457.152  6.176  110.843  2.69614E-15  SWARM-A  7.434  173.886
2015-03-18T00:11:30Z  457.342  4.245  110.807  2.68870E-15  SWARM-A  7.440  175.807
2015-03-18T00:12:00Z  457.573  2.314  110.771  2.68127E-15  SWARM-A  7.446  177.728
2015-03-18T00:12:30Z  457.846  0.384  110.734  2.67366E-15  SWARM-A  7.452  179.648
2015-03-18T00:13:00Z  458.159  -1.547  110.698  2.66581E-15  SWARM-A  7.458  181.569
2015-03-18T00:13:30Z  458.513  -3.477  110.661  2.65742E-15  SWARM-A  7.464  183.489
2015-03-18T00:14:00Z  458.907  -5.407  110.625  2.64847E-15  SWARM-A  7.470  185.409
2015-03-18T00:14:30Z  459.339  -7.336  110.590  2.63873E-15  SWARM-A  7.476  187.329
2015-03-18T00:15:00Z  459.810  -9.266  110.555  2.62823E-15  SWARM-A  7.482  189.249
2015-03-18T00:15:30Z  460.318  -11.194  110.522  2.61668E-15  SWARM-A  7.488  191.168
2015-03-18T00:16:00Z  460.862  -13.123  110.489  2.60410E-15  SWARM-A  7.494  193.088
2015-03-18T00:16:30Z  461.440  -15.050  110.458  2.59058E-15  SWARM-A  7.500  195.007
2015-03-18T00:17:00Z  462.050  -16.977  110.429  2.57615E-15  SWARM-A  7.507  196.926
2015-03-18T00:17:30Z  462.692  -18.903  110.401  2.56093E-15  SWARM-A  7.513  198.845
2015-03-18T00:18:00Z  463.363  -20.829  110.376  2.54515E-15  SWARM-A  7.520  200.763
2015-03-18T00:18:30Z  464.061  -22.754  110.354  2.52898E-15  SWARM-A  7.527  202.682
2015-03-18T00:19:00Z  464.783  -24.678  110.334  2.51222E-15  SWARM-A  7.534  204.600
2015-03-18T00:19:30Z  465.528  -26.601  110.318  2.49556E-15  SWARM-A  7.541  206.518
2015-03-18T00:20:00Z  466.293  -28.523  110.305  2.47915E-15  SWARM-A  7.549  208.436
2015-03-18T00:20:30Z  467.075  -30.444  110.297  2.46316E-15  SWARM-A  7.556  210.354
2015-03-18T00:21:00Z  467.873  -32.365  110.293  2.44769E-15  SWARM-A  7.564  212.272
2015-03-18T00:21:30Z  468.682  -34.284  110.294  2.43266E-15  SWARM-A  7.573  214.189
2015-03-18T00:22:00Z  469.500  -36.202  110.301  2.41802E-15  SWARM-A  7.582  216.106
2015-03-18T00:22:30Z  470.325  -38.119  110.315  2.40375E-15  SWARM-A  7.591  218.024
2015-03-18T00:23:00Z  471.154  -40.035  110.336  2.39015E-15  SWARM-A  7.601  219.940
2015-03-18T00:23:30Z  471.983  -41.950  110.366  2.37781E-15  SWARM-A  7.611  221.857
2015-03-18T00:24:00Z  472.810  -43.864  110.405  2.36782E-15  SWARM-A  7.622  223.774
2015-03-18T00:24:30Z  473.631  -45.777  110.455  2.36239E-15  SWARM-A  7.634  225.690
2015-03-18T00:25:00Z  474.444  -47.688  110.517  2.36186E-15  SWARM-A  7.646  227.607
2015-03-18T00:25:30Z  475.245  -49.598  110.594  2.36503E-15  SWARM-A  7.660  229.523
2015-03-18T00:26:00Z  476.033  -51.506  110.687  2.36980E-15  SWARM-A  7.674  231.439
2015-03-18T00:26:30Z  476.803  -53.414  110.799  2.37435E-15  SWARM-A  7.690  233.355
2015-03-18T00:27:00Z  477.554  -55.320  110.933  2.37771E-15  SWARM-A  7.707  235.271
2015-03-18T00:27:30Z  478.282  -57.224  111.093  2.37912E-15  SWARM-A  7.726  237.186
2015-03-18T00:28:00Z  478.984  -59.127  111.284  2.37939E-15  SWARM-A  7.747  239.102
2015-03-18T00:28:30Z  479.659  -61.028  111.512  2.37988E-15  SWARM-A  7.771  241.017
2015-03-18T00:29:00Z  480.303  -62.928  111.785  2.38131E-15  SWARM-A  7.797  242.933
2015-03-18T00:29:30Z  480.915  -64.825  112.114  2.38429E-15  SWARM-A  7.828  244.848
2015-03-18T00:30:00Z  481.492  -66.720  112.510  2.38905E-15  SWARM-A  7.862  246.763
2015-03-18T00:30:30Z  482.031  -68.613  112.994  2.39550E-15  SWARM-A  7.903  248.678
2015-03-18T00:31:00Z  482.532  -70.502  113.589  2.40328E-15  SWARM-A  7.951  250.593
2015-03-18T00:31:30Z  482.991  -72.387  114.332  2.41163E-15  SWARM-A  8.009  252.508
2015-03-18T00:32:00Z  483.408  -74.267  115.276  2.41992E-15  SWARM-A  8.080  254.423
2015-03-18T00:32:30Z  483.781  -76.140  116.500  2.42724E-15  SWARM-A  8.170  256.337
2015-03-18T00:33:00Z  484.108  -78.003  118.135  2.43295E-15  SWARM-A  8.287  258.252
2015-03-18T00:33:30Z  484.388  -79.851  120.403  2.43662E-15  SWARM-A  8.447  260.167
2015-03-18T00:34:00Z  484.621  -81.674  123.713  2.43828E-15  SWARM-A  8.676  262.081
2015-03-18T00:34:30Z  484.805  -83.450  128.898  2.43774E-15  SWARM-A  9.030  263.996
2015-03-18T00:35:00Z  484.939  -85.130  137.856  2.43614E-15  SWARM-A  9.635  265.910
2015-03-18T00:35:30Z  485.024  -86.570  155.248  2.43428E-15  SWARM-A  10.803  267.825
2015-03-18T00:36:00Z  485.059  -87.345  -171.394  2.43369E-15  SWARM-A  13.035  269.739
2015-03-18T00:36:30Z  485.043  -86.907  -133.806  2.43038E-15  SWARM-A  15.550  271.654
2015-03-18T00:37:00Z  484.977  -85.605  -112.237  2.43007E-15  SWARM-A  16.996  273.568
2015-03-18T00:37:30Z  484.861  -83.974  -101.409  2.43009E-15  SWARM-A  17.726  275.483
2015-03-18T00:38:00Z  484.695  -82.219  -95.359  2.43301E-15  SWARM-A  18.138  277.398
2015-03-18T00:38:30Z  484.481  -80.408  -91.598  2.43834E-15  SWARM-A  18.397  279.312
2015-03-18T00:39:00Z  484.218  -78.566  -89.070  2.44547E-15  SWARM-A  18.574  281.227
2015-03-18T00:39:30Z  483.909  -76.707  -87.272  2.45404E-15  SWARM-A  18.702  283.141
2015-03-18T00:40:00Z  483.553  -74.837  -85.940  2.46183E-15  SWARM-A  18.799  285.056
2015-03-18T00:40:30Z  483.152  -72.959  -84.922  2.46947E-15  SWARM-A  18.875  286.971
2015-03-18T00:41:00Z  482.709  -71.075  -84.124  2.47113E-15  SWARM-A  18.937  288.886
2015-03-18T00:41:30Z  482.223  -69.187  -83.489  2.46806E-15  SWARM-A  18.987  290.801
2015-03-18T00:42:00Z  481.698  -67.295  -82.974  2.45896E-15  SWARM-A  19.030  292.716
2015-03-18T00:42:30Z  481.135  -65.401  -82.553  2.44396E-15  SWARM-A  19.066  294.631
2015-03-18T00:43:00Z  480.537  -63.504  -82.206  2.42615E-15  SWARM-A  19.098  296.546
2015-03-18T00:43:30Z  479.905  -61.606  -81.917  2.40956E-15  SWARM-A  19.126  298.461
2015-03-18T00:44:00Z  479.242  -59.705  -81.676  2.39492E-15  SWARM-A  19.150  300.377
2015-03-18T00:44:30Z  478.550  -57.802  -81.475  2.38608E-15  SWARM-A  19.172  302.292
2015-03-18T00:45:00Z  477.832  -55.898  -81.306  2.38202E-15  SWARM-A  19.191  304.208
2015-03-18T00:45:30Z  477.090  -53.993  -81.164  2.38115E-15  SWARM-A  19.209  306.123
2015-03-18T00:46:00Z  476.328  -52.086  -81.046  2.38221E-15  SWARM-A  19.225  308.039
2015-03-18T00:46:30Z  475.547  -50.178  -80.948  2.38444E-15  SWARM-A  19.240  309.955
2015-03-18T00:47:00Z  474.752  -48.268  -80.866  2.38719E-15  SWARM-A  19.254  311.871
2015-03-18T00:47:30Z  473.944  -46.357  -80.800  2.39036E-15  SWARM-A  19.267  313.787
2015-03-18T00:48:00Z  473.127  -44.445  -80.746  2.39552E-15  SWARM-A  19.279  315.704
2015-03-18T00:48:30Z  472.303  -42.532  -80.704  2.40265E-15  SWARM-A  19.290  317.620
2015-03-18T00:49:00Z  471.476  -40.617  -80.672  2.41066E-15  SWARM-A  19.300  319.537
2015-03-18T00:49:30Z  470.648  -38.702  -80.648  2.41932E-15  SWARM-A  19.310  321.454
2015-03-18T00:50:00Z  469.823  -36.785  -80.632  2.43001E-15  SWARM-A  19.320  323.371
2015-03-18T00:50:30Z  469.003  -34.867  -80.623  2.44204E-15  SWARM-A  19.329  325.288
2015-03-18T00:51:00Z  468.191  -32.948  -80.620  2.45434E-15  SWARM-A  19.337  327.206
2015-03-18T00:51:30Z  467.390  -31.028  -80.622  2.46930E-15  SWARM-A  19.345  329.123
2015-03-18T00:52:00Z  466.603  -29.107  -80.629  2.48382E-15  SWARM-A  19.353  331.041
2015-03-18T00:52:30Z  465.833  -27.185  -80.641  2.49994E-15  SWARM-A  19.361  332.959
2015-03-18T00:53:00Z  465.081  -25.263  -80.656  2.51470E-15  SWARM-A  19.368  334.877
2015-03-18T00:53:30Z  464.351  -23.339  -80.675  2.52858E-15  SWARM-A  19.375  336.795
2015-03-18T00:54:00Z  463.645  -21.414  -80.696  2.54329E-15  SWARM-A  19.382  338.713
2015-03-18T00:54:30Z  462.965  -19.489  -80.721  2.55965E-15  SWARM-A  19.389  340.632
2015-03-18T00:55:00Z  462.313  -17.563  -80.748  2.57668E-15  SWARM-A  19.395  342.551
2015-03-18T00:55:30Z  461.692  -15.636  -80.776  2.59379E-15  SWARM-A  19.402  344.470
2015-03-18T00:56:00Z  461.102  -13.709  -80.807  2.61138E-15  SWARM-A  19.408  346.389
2015-03-18T00:56:30Z  460.546  -11.781  -80.839  2.62891E-15  SWARM-A  19.414  348.308
2015-03-18T00:57:00Z  460.026  -9.852  -80.872  2.64633E-15  SWARM-A  19.420  350.228
2015-03-18T00:57:30Z  459.542  -7.923  -80.906  2.66347E-15  SWARM-A  19.426  352.147
2015-03-18T00:58:00Z  459.097  -5.994  -80.942  2.68017E-15  SWARM-A  19.432  354.067
2015-03-18T00:58:30Z  458.690  -4.064  -80.977  2.69616E-15  SWARM-A  19.438  355.987
2015-03-18T00:59:00Z  458.322  -2.134  -81.014  2.71077E-15  SWARM-A  19.444  357.907
2015-03-18T00:59:30Z  457.995  -0.204  -81.050  2.72448E-15  SWARM-A  19.450  359.827
2015-03-18T01:00:00Z  457.709  1.727  -81.087  2.73709E-15  SWARM-A  19.456  1.748
2015-03-18T01:00:30Z  457.464  3.657  -81.123  2.74911E-15  SWARM-A  19.462  3.669
2015-03-18T01:01:00Z  457.260  5.588  -81.159  2.75905E-15  SWARM-A  19.468  5.590
2015-03-18T01:01:30Z  457.097  7.519  -81.194  2.76749E-15  SWARM-A  19.474  7.511
2015-03-18T01:02:00Z  456.974  9.449  -81.228  2.77487E-15  SWARM-A  19.480  9.432
2015-03-18T01:02:30Z  456.892  11.380  -81.262  2.78064E-15  SWARM-A  19.486  11.353
2015-03-18T01:03:00Z  456.850  13.310  -81.294  2.78481E-15  SWARM-A  19.492  13.275
2015-03-18T01:03:30Z  456.846  15.240  -81.325  2.78737E-15  SWARM-A  19.498  15.196
2015-03-18T01:04:00Z  456.880  17.170  -81.354  2.78834E-15  SWARM-A  19.505  17.118
2015-03-18T01:04:30Z  456.951  19.099  -81.381  2.78773E-15  SWARM-A  19.511  19.040
2015-03-18T01:05:00Z  457.057  21.028  -81.405  2.78559E-15  SWARM-A  19.518  20.962
2015-03-18T01:05:30Z  457.198  22.957  -81.427  2.78191E-15  SWARM-A  19.525  22.884
2015-03-18T01:06:00Z  457.370  24.885  -81.447  2.77675E-15  SWARM-A  19.532  24.806
2015-03-18T01:06:30Z  457.574  26.812  -81.462  2.77008E-15  SWARM-A  19.539  26.729
2015-03-18T01:07:00Z  457.806  28.739  -81.474  2.76185E-15  SWARM-A  19.547  28.652
2015-03-18T01:07:30Z  458.065  30.665  -81.482  2.75211E-15  SWARM-A  19.555  30.574
2015-03-18T01:08:00Z  458.349  32.591  -81.485  2.74084E-15  SWARM-A  19.563  32.497
2015-03-18T01:08:30Z  458.656  34.515  -81.482  2.72849E-15  SWARM-A  19.571  34.420
2015-03-18T01:09:00Z  458.983  36.439  -81.474  2.71514E-15  SWARM-A  19.580  36.343
2015-03-18T01:09:30Z  459.328  38.362  -81.459  2.70156E-15  SWARM-A  19.590  38.266
2015-03-18T01:10:00Z  459.689  40.285  -81.436  2.68774E-15  SWARM-A  19.599  40.190
2015-03-18T01:10:30Z  460.064  42.206  -81.405  2.67308E-15  SWARM-A  19.610  42.113
2015-03-18T01:11:00Z  460.449  44.126  -81.364  2.65603E-15  SWARM-A  19.621  44.037
2015-03-18T01:11:30Z  460.842  46.046  -81.311  2.63661E-15  SWARM-A  19.633  45.960
2015-03-18T01:12:00Z  461.241  47.964  -81.246  2.61402E-15  SWARM-A  19.645  47.884
2015-03-18T01:12:30Z  461.644  49.882  -81.167  2.58787E-15  SWARM-A  19.659  49.808
2015-03-18T01:13:00Z  462.047  51.798  -81.070  2.55818E-15  SWARM-A  19.674  51.731
2015-03-18T01:13:30Z  462.449  53.713  -80.954  2.52525E-15  SWARM-A  19.690  53.655
2015-03-18T01:14:00Z  462.847  55.627  -80.815  2.49026E-15  SWARM-A  19.707  55.579
2015-03-18T01:14:30Z  463.239  57.540  -80.649  2.45409E-15  SWARM-A  19.727  57.503
2015-03-18T01:15:00Z  463.622  59.451  -80.450  2.41810E-15  SWARM-A  19.748  59.428
2015-03-18T01:15:30Z  463.994  61.361  -80.213  2.38346E-15  SWARM-A  19.773  61.352
2015-03-18T01:16:00Z  464.353  63.268  -79.929  2.35125E-15  SWARM-A  19.800  63.276
2015-03-18T01:16:30Z  464.697  65.174  -79.588  2.32230E-15  SWARM-A  19.831  65.200
2015-03-18T01:17:00Z  465.024  67.078  -79.173  2.29715E-15  SWARM-A  19.867  67.125
2015-03-18T01:17:30Z  465.332  68.979  -78.668  2.27560E-15  SWARM-A  19.909  69.049
2015-03-18T01:18:00Z  465.619  70.877  -78.043  2.25823E-15  SWARM-A  19.959  70.973
2015-03-18T01:18:30Z  465.884  72.771  -77.259  2.24469E-15  SWARM-A  20.020  72.898
2015-03-18T01:19:00Z  466.125  74.659  -76.260  2.23364E-15  SWARM-A  20.094  74.822
2015-03-18T01:19:30Z  466.340  76.540  -74.954  2.22552E-15  SWARM-A  20.190  76.747
2015-03-18T01:20:00Z  466.529  78.410  -73.195  2.21948E-15  SWARM-A  20.315  78.671
2015-03-18T01:20:30Z  466.690  80.262  -70.727  2.21520E-15  SWARM-A  20.488  80.596
2015-03-18T01:21:00Z  466.822  82.086  -67.067  2.21183E-15  SWARM-A  20.741  82.521
2015-03-18T01:21:30Z  466.925  83.856  -61.204  2.20886E-15  SWARM-A  21.140  84.445
2015-03-18T01:22:00Z  466.999  85.507  -50.766  2.20609E-15  SWARM-A  21.844  86.370
2015-03-18T01:22:30Z  467.042  86.847  -29.991  2.20323E-15  SWARM-A  23.237  88.295
2015-03-18T01:23:00Z  467.054  87.354  7.136  2.19943E-15  SWARM-A  1.721  90.219
2015-03-18T01:23:30Z  467.036  86.627  41.472  2.19124E-15  SWARM-A  4.018  92.144
2015-03-18T01:24:00Z  466.987  85.198  59.530  2.18272E-15  SWARM-A  5.231  94.068
2015-03-18T01:24:30Z  466.908  83.514  68.760  2.17510E-15  SWARM-A  5.854  95.993
2015-03-18T01:25:00Z  466.800  81.731  74.065  2.16887E-15  SWARM-A  6.216  97.918
2015-03-18T01:25:30Z  466.662  79.900  77.434  2.16469E-15  SWARM-A  6.449  99.842
2015-03-18T01:26:00Z  466.496  78.043  79.735  2.16326E-15  SWARM-A  6.611  101.767
2015-03-18T01:26:30Z  466.302  76.171  81.389  2.16515E-15  SWARM-A  6.729  103.691
2015-03-18T01:27:00Z  466.083  74.289  82.625  2.17074E-15  SWARM-A  6.820  105.616
2015-03-18T01:27:30Z  465.838  72.399  83.576  2.17999E-15  SWARM-A  6.892  107.540
2015-03-18T01:28:00Z  465.569  70.505  84.325  2.19352E-15  SWARM-A  6.950  109.465
2015-03-18T01:28:30Z  465.278  68.606  84.924  2.20972E-15  SWARM-A  6.998  111.389
2015-03-18T01:29:00Z  464.967  66.704  85.410  2.22597E-15  SWARM-A  7.039  113.314
2015-03-18T01:29:30Z  464.637  64.800  85.808  2.23961E-15  SWARM-A  7.074  115.238
2015-03-18T01:30:00Z  464.290  62.894  86.138  2.25105E-15  SWARM-A  7.104  117.162
2015-03-18T01:30:30Z  463.929  60.985  86.412  2.26122E-15  SWARM-A  7.131  119.087
2015-03-18T01:31:00Z  463.554  59.075  86.641  2.27174E-15  SWARM-A  7.155  121.011
2015-03-18T01:31:30Z  463.169  57.164  86.832  2.28410E-15  SWARM-A  7.176  122.935
2015-03-18T01:32:00Z  462.776  55.251  86.993  2.29920E-15  SWARM-A  7.195  124.859
2015-03-18T01:32:30Z  462.377  53.337  87.127  2.31405E-15  SWARM-A  7.212  126.783
2015-03-18T01:33:00Z  461.974  51.422  87.239  2.32959E-15  SWARM-A  7.228  128.707
2015-03-18T01:33:30Z  461.571  49.505  87.332  2.34693E-15  SWARM-A  7.242  130.631
2015-03-18T01:34:00Z  461.168  47.587  87.409  2.36543E-15  SWARM-A  7.256  132.554
2015-03-18T01:34:30Z  460.770  45.669  87.471  2.38468E-15  SWARM-A  7.268  134.478
2015-03-18T01:35:00Z  460.378  43.749  87.521  2.40420E-15  SWARM-A  7.280  136.402
2015-03-18T01:35:30Z  459.994  41.829  87.560  2.42370E-15  SWARM-A  7.291  138.325
2015-03-18T01:36:00Z  459.623  39.907  87.590  2.44278E-15  SWARM-A  7.301  140.248
2015-03-18T01:36:30Z  459.265  37.985  87.611  2.46072E-15  SWARM-A  7.311  142.172
2015-03-18T01:37:00Z  458.923  36.061  87.625  2.47736E-15  SWARM-A  7.320  144.095
2015-03-18T01:37:30Z  458.600  34.137  87.632  2.49279E-15  SWARM-A  7.329  146.018
2015-03-18T01:38:00Z  458.298  32.212  87.633  2.50737E-15  SWARM-A  7.337  147.941
2015-03-18T01:38:30Z  458.018  30.287  87.629  2.52099E-15  SWARM-A  7.346  149.864
2015-03-18T01:39:00Z  457.764  28.361  87.621  2.53353E-15  SWARM-A  7.353  151.786
2015-03-18T01:39:30Z  457.537  26.434  87.608  2.54501E-15  SWARM-A  7.361  153.709
2015-03-18T01:40:00Z  457.339  24.506  87.591  2.55550E-15  SWARM-A  7.368  155.631
2015-03-18T01:40:30Z  457.172  22.578  87.572  2.56483E-15  SWARM-A  7.375  157.554
2015-03-18T01:41:00Z  457.038  20.649  87.549  2.57326E-15  SWARM-A  7.382  159.476
2015-03-18T01:41:30Z  456.939  18.720  87.524  2.58078E-15  SWARM-A  7.389  161.398
2015-03-18T01:42:00Z  456.875  16.791  87.497  2.58746E-15  SWARM-A  7.395  163.320
2015-03-18T01:42:30Z  456.849  14.861  87.467  2.59315E-15  SWARM-A  7.401  165.241
2015-03-18T01:43:00Z  456.861  12.931  87.436  2.59811E-15  SWARM-A  7.408  167.163
2015-03-18T01:43:30Z  456.912  11.001  87.404  2.60234E-15  SWARM-A  7.414  169.084
2015-03-18T01:44:00Z  457.003  9.070  87.370  2.60558E-15  SWARM-A  7.420  171.006
2015-03-18T01:44:30Z  457.134  7.140  87.336  2.60784E-15  SWARM-A  7.426  172.927
2015-03-18T01:45:00Z  457.307  5.209  87.300  2.60903E-15  SWARM-A  7.432  174.848
2015-03-18T01:45:30Z  457.521  3.278  87.264  2.60914E-15  SWARM-A  7.438  176.769
2015-03-18T01:46:00Z  457.776  1.348  87.228  2.60797E-15  SWARM-A  7.444  178.689
2015-03-18T01:46:30Z  458.073  -0.583  87.192  2.60526E-15  SWARM-A  7.450  180.610
2015-03-18T01:47:00Z  458.410  -2.513  87.155  2.60091E-15  SWARM-A  7.456  182.530
2015-03-18T01:47:30Z  458.788  -4.443  87.119  2.59498E-15  SWARM-A  7.462  184.450
2015-03-18T01:48:00Z  459.205  -6.373  87.083  2.58683E-15  SWARM-A  7.467  186.370
2015-03-18T01:48:30Z  459.662  -8.302  87.048  2.57655E-15  SWARM-A  7.473  188.290
2015-03-18T01:49:00Z  460.156  -10.231  87.014  2.56427E-15  SWARM-A  7.480  190.209
2015-03-18T01:49:30Z  460.687  -12.159  86.981  2.54975E-15  SWARM-A  7.486  192.129
2015-03-18T01:50:00Z  461.252  -14.087  86.949  2.53306E-15  SWARM-A  7.492  194.048
2015-03-18T01:50:30Z  461.852  -16.014  86.919  2.51424E-15  SWARM-A  7.498  195.967
2015-03-18T01:51:00Z  462.483  -17.941  86.891  2.49345E-15  SWARM-A  7.505  197.886
2015-03-18T01:51:30Z  463.144  -19.867  86.865  2.47084E-15  SWARM-A  7.511  199.805
2015-03-18T01:52:00Z  463.833  -21.792  86.841  2.44664E-15  SWARM-A  7.518  201.723
2015-03-18T01:52:30Z  464.548  -23.716  86.820  2.42086E-15  SWARM-A  7.525  203.641
2015-03-18T01:53:00Z  465.286  -25.640  86.802  2.39374E-15  SWARM-A  7.532  205.560
2015-03-18T01:53:30Z  466.045  -27.562  86.787  2.36580E-15  SWARM-A  7.539  207.477
2015-03-18T01:54:00Z  466.823  -29.484  86.777  2.33721E-15  SWARM-A  7.547  209.395
2015-03-18T01:54:30Z  467.617  -31.405  86.770  2.30825E-15  SWARM-A  7.555  211.313
2015-03-18T01:55:00Z  468.424  -33.324  86.769  2.27902E-15  SWARM-A  7.563  213.230
2015-03-18T01:55:30Z  469.241  -35.243  86.773  2.24958E-15  SWARM-A  7.572  215.148
2015-03-18T01:56:00Z  470.065  -37.161  86.784  2.22000E-15  SWARM-A  7.581  217.065
2015-03-18T01:56:30Z  470.895  -39.077  86.801  2.19011E-15  SWARM-A  7.590  218.982
2015-03-18T01:57:00Z  471.726  -40.993  86.827  2.16023E-15  SWARM-A  7.600  220.898
2015-03-18T01:57:30Z  472.556  -42.907  86.861  2.13009E-15  SWARM-A  7.611  222.815
2015-03-18T01:58:00Z  473.382  -44.820  86.905  2.10116E-15  SWARM-A  7.622  224.732
2015-03-18T01:58:30Z  474.200  -46.732  86.961  2.07475E-15  SWARM-A  7.634  226.648
2015-03-18T01:59:00Z  475.009  -48.642  87.031  2.05161E-15  SWARM-A  7.647  228.564
2015-03-18T01:59:30Z  475.804  -50.551  87.115  2.03153E-15  SWARM-A  7.661  230.480
2015-03-18T02:00:00Z  476.584  -52.459  87.217  2.01403E-15  SWARM-A  7.676  232.396
2015-03-18T02:00:30Z  477.345  -54.366  87.340  1.99821E-15  SWARM-A  7.693  234.312
2015-03-18T02:01:00Z  478.084  -56.271  87.487  1.98358E-15  SWARM-A  7.711  236.227
2015-03-18T02:01:30Z  478.799  -58.175  87.662  1.96932E-15  SWARM-A  7.731  238.143
2015-03-18T02:02:00Z  479.487  -60.077  87.870  1.95510E-15  SWARM-A  7.753  240.058
2015-03-18T02:02:30Z  480.146  -61.977  88.120  1.94168E-15  SWARM-A  7.778  241.974
2015-03-18T02:03:00Z  480.773  -63.875  88.419  1.92931E-15  SWARM-A  7.807  243.889
2015-03-18T02:03:30Z  481.366  -65.772  88.780  1.91821E-15  SWARM-A  7.839  245.804
2015-03-18T02:04:00Z  481.923  -67.665  89.218  1.90861E-15  SWARM-A  7.876  247.719
2015-03-18T02:04:30Z  482.441  -69.556  89.753  1.90056E-15  SWARM-A  7.921  249.634
2015-03-18T02:05:00Z  482.919  -71.443  90.417  1.89406E-15  SWARM-A  7.973  251.549
2015-03-18T02:05:30Z  483.355  -73.326  91.253  1.88895E-15  SWARM-A  8.037  253.463
2015-03-18T02:06:00Z  483.747  -75.203  92.324  1.88472E-15  SWARM-A  8.117  255.378
2015-03-18T02:06:30Z  484.094  -77.071  93.733  1.88229E-15  SWARM-A  8.219  257.293
2015-03-18T02:07:00Z  484.394  -78.927  95.648  1.87955E-15  SWARM-A  8.355  259.207
2015-03-18T02:07:30Z  484.647  -80.764  98.368  1.88359E-15  SWARM-A  8.545  261.122
2015-03-18T02:08:00Z  484.852  -82.567  102.467  1.87482E-15  SWARM-A  8.826  263.036
2015-03-18T02:08:30Z  485.007  -84.305  109.184  1.87323E-15  SWARM-A  9.283  264.951
2015-03-18T02:09:00Z  485.113  -85.895  121.489  1.87229E-15  SWARM-A  10.111  266.865
2015-03-18T02:09:30Z  485.168  -87.083  146.177  1.87281E-15  SWARM-A  11.765  268.780
2015-03-18T02:10:00Z  485.173  -87.279  -174.688  1.87498E-15  SWARM-A  14.383  270.694
2015-03-18T02:10:30Z  485.128  -86.322  -144.678  1.87710E-15  SWARM-A  16.392  272.609
2015-03-18T02:11:00Z  485.032  -84.814  -129.514  1.88047E-15  SWARM-A  17.411  274.523
2015-03-18T02:11:30Z  484.886  -83.109  -121.533  1.88624E-15  SWARM-A  17.951  276.438
2015-03-18T02:12:00Z  484.691  -81.321  -116.813  1.89342E-15  SWARM-A  18.274  278.352
2015-03-18T02:12:30Z  484.448  -79.492  -113.752  1.90311E-15  SWARM-A  18.487  280.267
2015-03-18T02:13:00Z  484.156  -77.641  -111.631  1.91610E-15  SWARM-A  18.637  282.181
2015-03-18T02:13:30Z  483.819  -75.776  -110.089  1.93236E-15  SWARM-A  18.748  284.096
2015-03-18T02:14:00Z  483.435  -73.901  -108.928  1.95113E-15  SWARM-A  18.834  286.011
2015-03-18T02:14:30Z  483.008  -72.020  -108.028  1.97134E-15  SWARM-A  18.902  287.925
2015-03-18T02:15:00Z  482.538  -70.134  -107.317  1.99155E-15  SWARM-A  18.958  289.840
2015-03-18T02:15:30Z  482.027  -68.244  -106.746  2.01014E-15  SWARM-A  19.004  291.755
2015-03-18T02:16:00Z  481.478  -66.352  -106.281  2.02476E-15  SWARM-A  19.043  293.670
2015-03-18T02:16:30Z  480.892  -64.456  -105.898  2.03619E-15  SWARM-A  19.077  295.585
2015-03-18T02:17:00Z  480.271  -62.558  -105.582  2.04424E-15  SWARM-A  19.107  297.500
2015-03-18T02:17:30Z  479.618  -60.658  -105.318  2.04944E-15  SWARM-A  19.132  299.416
2015-03-18T02:18:00Z  478.935  -58.757  -105.097  2.05334E-15  SWARM-A  19.156  301.331
2015-03-18T02:18:30Z  478.224  -56.854  -104.913  2.06042E-15  SWARM-A  19.176  303.247
2015-03-18T02:19:00Z  477.489  -54.949  -104.758  2.07282E-15  SWARM-A  19.195  305.162
2015-03-18T02:19:30Z  476.731  -53.043  -104.628  2.09067E-15  SWARM-A  19.212  307.078
2015-03-18T02:20:00Z  475.954  -51.135  -104.520  2.11320E-15  SWARM-A  19.227  308.994
2015-03-18T02:20:30Z  475.161  -49.226  -104.431  2.13890E-15  SWARM-A  19.242  310.910
2015-03-18T02:21:00Z  474.353  -47.316  -104.357  2.16562E-15  SWARM-A  19.255  312.826
2015-03-18T02:21:30Z  473.535  -45.405  -104.297  2.19150E-15  SWARM-A  19.267  314.742
2015-03-18T02:22:00Z  472.709  -43.492  -104.249  2.21761E-15  SWARM-A  19.279  316.659
2015-03-18T02:22:30Z  471.878  -41.578  -104.212  2.24362E-15  SWARM-A  19.290  318.576
2015-03-18T02:23:00Z  471.045  -39.663  -104.184  2.26946E-15  SWARM-A  19.300  320.492
2015-03-18T02:23:30Z  470.213  -37.747  -104.164  2.29511E-15  SWARM-A  19.309  322.409
2015-03-18T02:24:00Z  469.385  -35.829  -104.152  2.32056E-15  SWARM-A  19.319  324.326
2015-03-18T02:24:30Z  468.564  -33.911  -104.146  2.34582E-15  SWARM-A  19.327  326.244
2015-03-18T02:25:00Z  467.753  -31.992  -104.145  2.37085E-15  SWARM-A  19.336  328.161
2015-03-18T02:25:30Z  466.954  -30.071  -104.150  2.39562E-15  SWARM-A  19.344  330.079
2015-03-18T02:26:00Z  466.170  -28.150  -104.160  2.41999E-15  SWARM-A  19.351  331.997
2015-03-18T02:26:30Z  465.404  -26.227  -104.173  2.44308E-15  SWARM-A  19.359  333.915
2015-03-18T02:27:00Z  464.658  -24.304  -104.190  2.46562E-15  SWARM-A  19.366  335.833
2015-03-18T02:27:30Z  463.935  -22.380  -104.210  2.48745E-15  SWARM-A  19.373  337.751
2015-03-18T02:28:00Z  463.237  -20.455  -104.233  2.50859E-15  SWARM-A  19.380  339.670
2015-03-18T02:28:30Z  462.567  -18.529  -104.259  2.52891E-15  SWARM-A  19.386  341.588
2015-03-18T02:29:00Z  461.925  -16.603  -104.286  2.54829E-15  SWARM-A  19.393  343.507
2015-03-18T02:29:30Z  461.315  -14.676  -104.316  2.56671E-15  SWARM-A  19.399  345.426
2015-03-18T02:30:00Z  460.738  -12.748  -104.347  2.58398E-15  SWARM-A  19.406  347.345
2015-03-18T02:30:30Z  460.196  -10.819  -104.380  2.60004E-15  SWARM-A  19.412  349.265
2015-03-18T02:31:00Z  459.690  -8.891  -104.414  2.61470E-15  SWARM-A  19.418  351.185
2015-03-18T02:31:30Z  459.221  -6.961  -104.449  2.62805E-15  SWARM-A  19.424  353.104
2015-03-18T02:32:00Z  458.791  -5.032  -104.484  2.64005E-15  SWARM-A  19.430  355.024
2015-03-18T02:32:30Z  458.400  -3.102  -104.520  2.65064E-15  SWARM-A  19.436  356.944
2015-03-18T02:33:00Z  458.050  -1.171  -104.556  2.65985E-15  SWARM-A  19.442  358.865
2015-03-18T02:33:30Z  457.740  0.759  -104.593  2.66759E-15  SWARM-A  19.448  0.785
2015-03-18T02:34:00Z  457.471  2.690  -104.629  2.67406E-15  SWARM-A  19.453  2.706
2015-03-18T02:34:30Z  457.244  4.620  -104.665  2.67920E-15  SWARM-A  19.459  4.627
2015-03-18T02:35:00Z  457.058  6.551  -104.701  2.68307E-15  SWARM-A  19.465  6.548
2015-03-18T02:35:30Z  456.913  8.482  -104.736  2.68582E-15  SWARM-A  19.471  8.469
2015-03-18T02:36:00Z  456.808  10.412  -104.770  2.68740E-15  SWARM-A  19.477  10.390
2015-03-18T02:36:30Z  456.744  12.343  -104.803  2.68783E-15  SWARM-A  19.484  12.312
2015-03-18T02:37:00Z  456.720  14.273  -104.834  2.68716E-15  SWARM-A  19.490  14.233
2015-03-18T02:37:30Z  456.734  16.203  -104.864  2.68550E-15  SWARM-A  19.496  16.155
2015-03-18T02:38:00Z  456.786  18.133  -104.892  2.68298E-15  SWARM-A  19.503  18.077
2015-03-18T02:38:30Z  456.874  20.062  -104.918  2.67959E-15  SWARM-A  19.509  19.999
2015-03-18T02:39:00Z  456.996  21.991  -104.941  2.67539E-15  SWARM-A  19.516  21.921
2015-03-18T02:39:30Z  457.153  23.919  -104.962  2.67047E-15  SWARM-A  19.523  23.844
2015-03-18T02:40:00Z  457.340  25.847  -104.979  2.66493E-15  SWARM-A  19.530  25.766
2015-03-18T02:40:30Z  457.558  27.774  -104.993  2.65891E-15  SWARM-A  19.538  27.689
2015-03-18T02:41:00Z  457.804  29.701  -105.003  2.65248E-15  SWARM-A  19.545  29.611
2015-03-18T02:41:30Z  458.076  31.627  -105.008  2.64586E-15  SWARM-A  19.553  31.534
2015-03-18T02:42:00Z  458.371  33.552  -105.008  2.63932E-15  SWARM-A  19.562  33.457
2015-03-18T02:42:30Z  458.689  35.476  -105.003  2.63336E-15  SWARM-A  19.570  35.380
2015-03-18T02:43:00Z  459.025  37.400  -104.991  2.62844E-15  SWARM-A  19.579  37.304
2015-03-18T02:43:30Z  459.379  39.323  -104.973  2.62467E-15  SWARM-A  19.589  39.227
2015-03-18T02:44:00Z  459.747  41.244  -104.946  2.62112E-15  SWARM-A  19.599  41.150
2015-03-18T02:44:30Z  460.127  43.165  -104.909  2.61755E-15  SWARM-A  19.610  43.074
2015-03-18T02:45:00Z  460.517  45.085  -104.863  2.61270E-15  SWARM-A  19.621  44.997
2015-03-18T02:45:30Z  460.914  47.004  -104.804  2.60457E-15  SWARM-A  19.634  46.921
2015-03-18T02:46:00Z  461.316  48.922  -104.732  2.59124E-15  SWARM-A  19.647  48.845
2015-03-18T02:46:30Z  461.720  50.839  -104.644  2.57270E-15  SWARM-A  19.661  50.769
2015-03-18T02:47:00Z  462.123  52.755  -104.538  2.54838E-15  SWARM-A  19.676  52.693
2015-03-18T02:47:30Z  462.524  54.670  -104.411  2.51888E-15  SWARM-A  19.693  54.617
2015-03-18T02:48:00Z  462.920  56.583  -104.259  2.48510E-15  SWARM-A  19.712  56.541
2015-03-18T02:48:30Z  463.308  58.495  -104.077  2.44847E-15  SWARM-A  19.732  58.465
2015-03-18T02:49:00Z  463.687  60.406  -103.860  2.41059E-15  SWARM-A  19.755  60.389
2015-03-18T02:49:30Z  464.054  62.314  -103.601  2.37331E-15  SWARM-A  19.780  62.314
2015-03-18T02:50:00Z  464.406  64.221  -103.289  2.33760E-15  SWARM-A  19.810  64.238
2015-03-18T02:50:30Z  464.743  66.126  -102.913  2.30271E-15  SWARM-A  19.843  66.162
2015-03-18T02:51:00Z  465.062  68.029  -102.456  2.27219E-15  SWARM-A  19.882  68.087
2015-03-18T02:51:30Z  465.361  69.929  -101.894  2.24665E-15  SWARM-A  19.928  70.011
2015-03-18T02:52:00Z  465.639  71.825  -101.196  2.22620E-15  SWARM-A  19.982  71.936
2015-03-18T02:52:30Z  465.893  73.716  -100.313  2.21072E-15  SWARM-A  20.050  73.860
2015-03-18T02:53:00Z  466.123  75.601  -99.174  2.19971E-15  SWARM-A  20.134  75.785
2015-03-18T02:53:30Z  466.328  77.477  -97.665  2.19174E-15  SWARM-A  20.243  77.709
2015-03-18T02:54:00Z  466.505  79.339  -95.593  2.18752E-15  SWARM-A  20.389  79.634
2015-03-18T02:54:30Z  466.654  81.179  -92.611  2.18681E-15  SWARM-A  20.596  81.559
2015-03-18T02:55:00Z  466.775  82.981  -88.029  2.18721E-15  SWARM-A  20.910  83.483
2015-03-18T02:55:30Z  466.866  84.703  -80.321  2.18780E-15  SWARM-A  21.432  85.408
2015-03-18T02:56:00Z  466.927  86.238  -65.739  2.18817E-15  SWARM-A  22.413  87.333
2015-03-18T02:56:30Z  466.958  87.251  -36.621  2.18764E-15  SWARM-A  0.362  89.257
2015-03-18T02:57:00Z  466.958  87.122  2.929  2.18433E-15  SWARM-A  3.007  91.182
2015-03-18T02:57:30Z  466.928  85.961  28.577  2.17785E-15  SWARM-A  4.726  93.107
2015-03-18T02:58:00Z  466.867  84.373  41.316  2.16848E-15  SWARM-A  5.583  95.031
2015-03-18T02:58:30Z  466.777  82.630  48.213  2.15909E-15  SWARM-A  6.051  96.956
2015-03-18T02:59:00Z  466.657  80.819  52.396  2.15042E-15  SWARM-A  6.339  98.881
2015-03-18T02:59:30Z  466.508  78.973  55.159  2.14317E-15  SWARM-A  6.531  100.805
2015-03-18T03:00:00Z  466.332  77.108  57.100  2.15855E-15  SWARM-A  6.669  102.730
2015-03-18T03:00:30Z  466.129  75.230  58.524  2.15618E-15  SWARM-A  6.772  104.655
2015-03-18T03:01:00Z  465.900  73.344  59.605  2.15573E-15  SWARM-A  6.853  106.579
2015-03-18T03:01:30Z  465.647  71.451  60.447  2.15576E-15  SWARM-A  6.917  108.504
2015-03-18T03:02:00Z  465.371  69.555  61.115  2.15659E-15  SWARM-A  6.970  110.428
2015-03-18T03:02:30Z  465.074  67.654  61.654  2.15744E-15  SWARM-A  7.014  112.353
2015-03-18T03:03:00Z  464.757  65.751  62.093  2.15774E-15  SWARM-A  7.052  114.277
2015-03-18T03:03:30Z  464.422  63.846  62.456  2.15746E-15  SWARM-A  7.084  116.201
2015-03-18T03:04:00Z  464.071  61.938  62.756  2.15711E-15  SWARM-A  7.113  118.126
2015-03-18T03:04:30Z  463.707  60.029  63.006  2.15752E-15  SWARM-A  7.138  120.050
2015-03-18T03:05:00Z  463.331  58.119  63.216  2.15901E-15  SWARM-A  7.160  121.974
2015-03-18T03:05:30Z  462.945  56.206  63.391  2.16173E-15  SWARM-A  7.180  123.898
2015-03-18T03:06:00Z  462.553  54.293  63.538  2.16634E-15  SWARM-A  7.198  125.822
2015-03-18T03:06:30Z  462.155  52.378  63.661  2.17248E-15  SWARM-A  7.215  127.746
2015-03-18T03:07:00Z  461.756  50.462  63.763  2.17977E-15  SWARM-A  7.230  129.670
2015-03-18T03:07:30Z  461.356  48.545  63.848  2.18791E-15  SWARM-A  7.244  131.594
2015-03-18T03:08:00Z  460.959  46.627  63.917  2.19658E-15  SWARM-A  7.257  133.517
2015-03-18T03:08:30Z  460.567  44.708  63.973  2.20548E-15  SWARM-A  7.269  135.441
2015-03-18T03:09:00Z  460.183  42.788  64.017  2.21416E-15  SWARM-A  7.280  137.365
2015-03-18T03:09:30Z  459.809  40.867  64.051  2.22251E-15  SWARM-A  7.291  139.288
2015-03-18T03:10:00Z  459.447  38.945  64.077  2.23057E-15  SWARM-A  7.301  141.211
2015-03-18T03:10:30Z  459.100  37.022  64.094  2.23827E-15  SWARM-A  7.310  143.135
2015-03-18T03:11:00Z  458.771  35.098  64.105  2.24406E-15  SWARM-A  7.319  145.058
2015-03-18T03:11:30Z  458.461  33.174  64.109  2.24939E-15  SWARM-A  7.328  146.981
2015-03-18T03:12:00Z  458.173  31.248  64.107  2.25410E-15  SWARM-A  7.336  148.904
2015-03-18T03:12:30Z  457.910  29.322  64.101  2.25814E-15  SWARM-A  7.344  150.826
2015-03-18T03:13:00Z  457.672  27.396  64.090  2.26151E-15  SWARM-A  7.352  152.749
2015-03-18T03:13:30Z  457.463  25.469  64.076  2.26412E-15  SWARM-A  7.359  154.671
2015-03-18T03:14:00Z  457.283  23.541  64.058  2.26607E-15  SWARM-A  7.366  156.594
2015-03-18T03:14:30Z  457.136  21.612  64.036  2.26744E-15  SWARM-A  7.373  158.516
2015-03-18T03:15:00Z  457.022  19.684  64.012  2.26823E-15  SWARM-A  7.380  160.438
2015-03-18T03:15:30Z  456.943  17.754  63.986  2.26845E-15  SWARM-A  7.386  162.360
2015-03-18T03:16:00Z  456.901  15.825  63.958  2.26816E-15  SWARM-A  7.393  164.282
2015-03-18T03:16:30Z  456.896  13.895  63.928  2.26734E-15  SWARM-A  7.399  166.203
2015-03-18T03:17:00Z  456.930  11.965  63.896  2.26615E-15  SWARM-A  7.405  168.125
2015-03-18T03:17:30Z  457.003  10.034  63.863  2.26443E-15  SWARM-A  7.411  170.046
2015-03-18T03:18:00Z  457.117  8.104  63.829  2.26238E-15  SWARM-A  7.417  171.967
2015-03-18T03:18:30Z  457.271  6.173  63.793  2.25997E-15  SWARM-A  7.423  173.888
2015-03-18T03:19:00Z  457.467  4.243  63.758  2.25712E-15  SWARM-A  7.429  175.809
2015-03-18T03:19:30Z  457.704  2.312  63.722  2.25380E-15  SWARM-A  7.435  177.730
2015-03-18T03:20:00Z  457.981  0.382  63.685  2.24999E-15  SWARM-A  7.441  179.650
2015-03-18T03:20:30Z  458.300  -1.549  63.649  2.24563E-15  SWARM-A  7.447  181.571
2015-03-18T03:21:00Z  458.660  -3.479  63.612  2.24068E-15  SWARM-A  7.453  183.491
2015-03-18T03:21:30Z  459.059  -5.409  63.576  2.23496E-15  SWARM-A  7.459  185.411
2015-03-18T03:22:00Z  459.497  -7.338  63.541  2.22870E-15  SWARM-A  7.465  187.331
2015-03-18T03:22:30Z  459.974  -9.267  63.506  2.22168E-15  SWARM-A  7.471  189.250
2015-03-18T03:23:00Z  460.487  -11.196  63.473  2.21396E-15  SWARM-A  7.477  191.170
2015-03-18T03:23:30Z  461.037  -13.124  63.440  2.20547E-15  SWARM-A  7.483  193.089
2015-03-18T03:24:00Z  461.620  -15.051  63.409  2.19631E-15  SWARM-A  7.490  195.008
2015-03-18T03:24:30Z  462.236  -16.978  63.380  2.18642E-15  SWARM-A  7.496  196.927
2015-03-18T03:25:00Z  462.882  -18.905  63.353  2.17592E-15  SWARM-A  7.502  198.846
2015-03-18T03:25:30Z  463.557  -20.830  63.327  2.16484E-15  SWARM-A  7.509  200.764
2015-03-18T03:26:00Z  464.259  -22.755  63.305  2.15286E-15  SWARM-A  7.516  202.683
2015-03-18T03:26:30Z  464.985  -24.679  63.285  2.13956E-15  SWARM-A  7.523  204.601
2015-03-18T03:27:00Z  465.734  -26.602  63.269  2.12595E-15  SWARM-A  7.530  206.519
2015-03-18T03:27:30Z  466.501  -28.524  63.256  2.11203E-15  SWARM-A  7.538  208.437
2015-03-18T03:28:00Z  467.286  -30.445  63.248  2.09759E-15  SWARM-A  7.545  210.354
2015-03-18T03:28:30Z  468.085  -32.365  63.244  2.08289E-15  SWARM-A  7.554  212.272
2015-03-18T03:29:00Z  468.896  -34.284  63.245  2.06809E-15  SWARM-A  7.562  214.189
2015-03-18T03:29:30Z  469.715  -36.202  63.252  2.05329E-15  SWARM-A  7.571  216.106
2015-03-18T03:30:00Z  470.541  -38.119  63.266  2.03843E-15  SWARM-A  7.580  218.023
2015-03-18T03:30:30Z  471.369  -40.035  63.287  2.02350E-15  SWARM-A  7.590  219.940
2015-03-18T03:31:00Z  472.198  -41.950  63.317  2.00864E-15  SWARM-A  7.600  221.857
2015-03-18T03:31:30Z  473.024  -43.864  63.356  1.99385E-15  SWARM-A  7.611  223.773
2015-03-18T03:32:00Z  473.844  -45.776  63.406  1.97963E-15  SWARM-A  7.623  225.690
2015-03-18T03:32:30Z  474.655  -47.687  63.468  1.96610E-15  SWARM-A  7.635  227.606
2015-03-18T03:33:00Z  475.455  -49.597  63.545  1.95294E-15  SWARM-A  7.649  229.522
2015-03-18T03:33:30Z  476.240  -51.506  63.638  1.94095E-15  SWARM-A  7.663  231.438
2015-03-18T03:34:00Z  477.008  -53.413  63.750  1.93052E-15  SWARM-A  7.679  233.354
2015-03-18T03:34:30Z  477.755  -55.319  63.884  1.92157E-15  SWARM-A  7.696  235.270
2015-03-18T03:35:00Z  478.480  -57.223  64.044  1.91390E-15  SWARM-A  7.715  237.185
2015-03-18T03:35:30Z  479.178  -59.126  64.235  1.90733E-15  SWARM-A  7.736  239.101
2015-03-18T03:36:00Z  479.849  -61.027  64.463  1.90091E-15  SWARM-A  7.760  241.016
2015-03-18T03:36:30Z  480.489  -62.927  64.736  1.89543E-15  SWARM-A  7.786  242.931
2015-03-18T03:37:00Z  481.096  -64.824  65.064  1.89097E-15  SWARM-A  7.817  244.846
2015-03-18T03:37:30Z  481.667  -66.719  65.461  1.88767E-15  SWARM-A  7.851  246.761
2015-03-18T03:38:00Z  482.202  -68.611  65.944  1.88553E-15  SWARM-A  7.892  248.676
2015-03-18T03:38:30Z  482.696  -70.500  66.539  1.88407E-15  SWARM-A  7.940  250.591
2015-03-18T03:39:00Z  483.150  -72.386  67.282  1.88362E-15  SWARM-A  7.998  252.506
2015-03-18T03:39:30Z  483.560  -74.266  68.225  1.88268E-15  SWARM-A  8.069  254.421
2015-03-18T03:40:00Z  483.926  -76.139  69.449  1.88150E-15  SWARM-A  8.159  256.335
2015-03-18T03:40:30Z  484.246  -78.001  71.083  1.88104E-15  SWARM-A  8.276  258.250
2015-03-18T03:41:00Z  484.520  -79.849  73.350  1.88101E-15  SWARM-A  8.436  260.164
2015-03-18T03:41:30Z  484.744  -81.671  76.659  1.88119E-15  SWARM-A  8.665  262.079
2015-03-18T03:42:00Z  484.921  -83.448  81.841  1.88144E-15  SWARM-A  9.018  263.994
2015-03-18T03:42:30Z  485.047  -85.128  90.792  1.88163E-15  SWARM-A  9.623  265.908
2015-03-18T03:43:00Z  485.123  -86.569  108.169  1.88361E-15  SWARM-A  10.790  267.822
2015-03-18T03:43:30Z  485.149  -87.345  141.506  1.88741E-15  SWARM-A  13.021  269.737
2015-03-18T03:44:00Z  485.125  -86.908  179.106  1.89065E-15  SWARM-A  15.536  271.651
2015-03-18T03:44:30Z  485.050  -85.607  -159.305  1.89279E-15  SWARM-A  16.984  273.566
2015-03-18T03:45:00Z  484.926  -83.976  -148.469  1.89535E-15  SWARM-A  17.714  275.480
2015-03-18T03:45:30Z  484.751  -82.222  -142.414  1.89902E-15  SWARM-A  18.126  277.395
2015-03-18T03:46:00Z  484.528  -80.410  -138.651  1.90357E-15  SWARM-A  18.386  279.309
2015-03-18T03:46:30Z  484.257  -78.569  -136.122  1.90835E-15  SWARM-A  18.563  281.224
2015-03-18T03:47:00Z  483.938  -76.710  -134.324  1.91407E-15  SWARM-A  18.691  283.139
2015-03-18T03:47:30Z  483.573  -74.840  -132.991  1.92192E-15  SWARM-A  18.788  285.053
2015-03-18T03:48:00Z  483.164  -72.962  -131.972  1.93143E-15  SWARM-A  18.864  286.968
2015-03-18T03:48:30Z  482.712  -71.078  -131.175  1.94205E-15  SWARM-A  18.926  288.883
2015-03-18T03:49:00Z  482.218  -69.190  -130.539  1.95293E-15  SWARM-A  18.976  290.798
2015-03-18T03:49:30Z  481.684  -67.298  -130.024  1.96321E-15  SWARM-A  19.019  292.713
2015-03-18T03:50:00Z  481.113  -65.404  -129.603  1.97170E-15  SWARM-A  19.055  294.628
2015-03-18T03:50:30Z  480.506  -63.507  -129.256  1.97775E-15  SWARM-A  19.087  296.543
2015-03-18T03:51:00Z  479.866  -61.608  -128.967  1.98230E-15  SWARM-A  19.115  298.458
2015-03-18T03:51:30Z  479.194  -59.708  -128.726  1.98589E-15  SWARM-A  19.139  300.374
2015-03-18T03:52:00Z  478.494  -57.805  -128.524  1.98990E-15  SWARM-A  19.161  302.289
2015-03-18T03:52:30Z  477.768  -55.901  -128.355  1.99672E-15  SWARM-A  19.180  304.205
2015-03-18T03:53:00Z  477.018  -53.996  -128.214  2.00687E-15  SWARM-A  19.198  306.121
2015-03-18T03:53:30Z  476.248  -52.089  -128.096  2.02000E-15  SWARM-A  19.214  308.036
2015-03-18T03:54:00Z  475.459  -50.180  -127.997  2.03510E-15  SWARM-A  19.229  309.953
2015-03-18T03:54:30Z  474.656  -48.271  -127.916  2.05145E-15  SWARM-A  19.243  311.869
2015-03-18T03:55:00Z  473.840  -46.360  -127.849  2.06794E-15  SWARM-A  19.256  313.785
2015-03-18T03:55:30Z  473.015  -44.448  -127.796  2.08419E-15  SWARM-A  19.268  315.701
2015-03-18T03:56:00Z  472.184  -42.534  -127.754  2.10006E-15  SWARM-A  19.279  317.618
2015-03-18T03:56:30Z  471.349  -40.620  -127.721  2.11544E-15  SWARM-A  19.289  319.535
2015-03-18T03:57:00Z  470.515  -38.704  -127.697  2.13046E-15  SWARM-A  19.299  321.452
2015-03-18T03:57:30Z  469.682  -36.787  -127.681  2.14518E-15  SWARM-A  19.309  323.369
2015-03-18T03:58:00Z  468.855  -34.869  -127.672  2.15973E-15  SWARM-A  19.318  325.286
2015-03-18T03:58:30Z  468.037  -32.950  -127.669  2.17414E-15  SWARM-A  19.326  327.204
2015-03-18T03:59:00Z  467.230  -31.030  -127.672  2.18843E-15  SWARM-A  19.334  329.121
2015-03-18T03:59:30Z  466.436  -29.109  -127.679  2.20259E-15  SWARM-A  19.342  331.039
2015-03-18T04:00:00Z  465.659  -27.187  -127.690  2.21656E-15  SWARM-A  19.350  332.957
2015-03-18T04:00:30Z  464.902  -25.264  -127.706  2.22950E-15  SWARM-A  19.357  334.875
2015-03-18T04:01:00Z  464.166  -23.341  -127.724  2.24231E-15  SWARM-A  19.364  336.793
2015-03-18T04:01:30Z  463.454  -21.416  -127.746  2.25488E-15  SWARM-A  19.371  338.712
2015-03-18T04:02:00Z  462.769  -19.490  -127.770  2.26708E-15  SWARM-A  19.378  340.631
2015-03-18T04:02:30Z  462.112  -17.564  -127.797  2.27885E-15  SWARM-A  19.384  342.549
2015-03-18T04:03:00Z  461.486  -15.637  -127.826  2.29014E-15  SWARM-A  19.391  344.468
2015-03-18T04:03:30Z  460.892  -13.710  -127.856  2.30085E-15  SWARM-A  19.397  346.388
2015-03-18T04:04:00Z  460.331  -11.782  -127.888  2.31088E-15  SWARM-A  19.403  348.307
2015-03-18T04:04:30Z  459.807  -9.853  -127.922  2.32011E-15  SWARM-A  19.409  350.227
2015-03-18T04:05:00Z  459.319  -7.924  -127.956  2.32844E-15  SWARM-A  19.415  352.146
2015-03-18T04:05:30Z  458.870  -5.994  -127.991  2.33590E-15  SWARM-A  19.421  354.066
2015-03-18T04:06:00Z  458.459  -4.065  -128.027  2.34242E-15  SWARM-A  19.427  355.986
2015-03-18T04:06:30Z  458.089  -2.134  -128.063  2.34801E-15  SWARM-A  19.433  357.907
2015-03-18T04:07:00Z  457.759  -0.204  -128.100  2.35275E-15  SWARM-A  19.439  359.827
2015-03-18T04:07:30Z  457.470  1.727  -128.136  2.35665E-15  SWARM-A  19.445  1.748
2015-03-18T04:08:00Z  457.223  3.658  -128.172  2.35983E-15  SWARM-A  19.451  3.669
2015-03-18T04:08:30Z  457.017  5.588  -128.208  2.36236E-15  SWARM-A  19.457  5.590
2015-03-18T04:09:00Z  456.852  7.519  -128.244  2.36447E-15  SWARM-A  19.463  7.511
2015-03-18T04:09:30Z  456.729  9.450  -128.278  2.36626E-15  SWARM-A  19.469  9.432
2015-03-18T04:10:00Z  456.646  11.380  -128.312  2.36788E-15  SWARM-A  19.475  11.354
2015-03-18T04:10:30Z  456.603  13.311  -128.344  2.36941E-15  SWARM-A  19.481  13.275
2015-03-18T04:11:00Z  456.600  15.241  -128.375  2.37099E-15  SWARM-A  19.487  15.197
2015-03-18T04:11:30Z  456.635  17.171  -128.404  2.37211E-15  SWARM-A  19.494  17.119
2015-03-18T04:12:00Z  456.707  19.100  -128.431  2.37270E-15  SWARM-A  19.500  19.041
2015-03-18T04:12:30Z  456.814  21.030  -128.455  2.37340E-15  SWARM-A  19.507  20.963
2015-03-18T04:13:00Z  456.956  22.958  -128.477  2.37427E-15  SWARM-A  19.514  22.885
2015-03-18T04:13:30Z  457.131  24.886  -128.496  2.37533E-15  SWARM-A  19.521  24.808
2015-03-18T04:14:00Z  457.337  26.814  -128.512  2.37661E-15  SWARM-A  19.528  26.730
2015-03-18T04:14:30Z  457.572  28.741  -128.524  2.37806E-15  SWARM-A  19.536  28.653
2015-03-18T04:15:00Z  457.834  30.667  -128.532  2.37965E-15  SWARM-A  19.544  30.576
2015-03-18T04:15:30Z  458.122  32.593  -128.535  2.38130E-15  SWARM-A  19.552  32.499
2015-03-18T04:16:00Z  458.432  34.518  -128.532  2.38292E-15  SWARM-A  19.560  34.422
2015-03-18T04:16:30Z  458.763  36.442  -128.524  2.38448E-15  SWARM-A  19.569  36.345
2015-03-18T04:17:00Z  459.112  38.365  -128.509  2.38567E-15  SWARM-A  19.578  38.269
2015-03-18T04:17:30Z  459.478  40.287  -128.486  2.38641E-15  SWARM-A  19.588  40.192
2015-03-18T04:18:00Z  459.856  42.209  -128.455  2.38679E-15  SWARM-A  19.599  42.116
2015-03-18T04:18:30Z  460.246  44.129  -128.414  2.38725E-15  SWARM-A  19.610  44.039
2015-03-18T04:19:00Z  460.644  46.049  -128.361  2.38871E-15  SWARM-A  19.622  45.963
2015-03-18T04:19:30Z  461.049  47.967  -128.296  2.39166E-15  SWARM-A  19.634  47.887
2015-03-18T04:20:00Z  461.457  49.885  -128.217  2.39534E-15  SWARM-A  19.648  49.811
2015-03-18T04:20:30Z  461.865  51.801  -128.120  2.40045E-15  SWARM-A  19.663  51.734
2015-03-18T04:21:00Z  462.273  53.716  -128.004  2.40519E-15  SWARM-A  19.679  53.658
2015-03-18T04:21:30Z  462.676  55.630  -127.865  2.40696E-15  SWARM-A  19.696  55.583
2015-03-18T04:22:00Z  463.073  57.543  -127.699  2.40371E-15  SWARM-A  19.716  57.507
2015-03-18T04:22:30Z  463.462  59.454  -127.501  2.39049E-15  SWARM-A  19.737  59.431
2015-03-18T04:23:00Z  463.839  61.364  -127.264  2.36972E-15  SWARM-A  19.762  61.355
2015-03-18T04:23:30Z  464.203  63.272  -126.980  2.34395E-15  SWARM-A  19.789  63.280
2015-03-18T04:24:00Z  464.552  65.178  -126.638  2.31468E-15  SWARM-A  19.820  65.204
2015-03-18T04:24:30Z  464.884  67.082  -126.224  2.28389E-15  SWARM-A  19.856  67.128
2015-03-18T04:25:00Z  465.197  68.983  -125.718  2.25529E-15  SWARM-A  19.898  69.053
2015-03-18T04:25:30Z  465.489  70.881  -125.093  2.23054E-15  SWARM-A  19.948  70.977
2015-03-18T04:26:00Z  465.759  72.775  -124.309  2.20833E-15  SWARM-A  20.008  72.902
2015-03-18T04:26:30Z  466.005  74.663  -123.310  2.18948E-15  SWARM-A  20.083  74.826
2015-03-18T04:27:00Z  466.226  76.544  -122.004  2.17356E-15  SWARM-A  20.179  76.751
2015-03-18T04:27:30Z  466.420  78.414  -120.244  2.15905E-15  SWARM-A  20.305  78.676
2015-03-18T04:28:00Z  466.587  80.267  -117.775  2.14450E-15  SWARM-A  20.477  80.600
2015-03-18T04:28:30Z  466.725  82.091  -114.112  2.13201E-15  SWARM-A  20.730  82.525
2015-03-18T04:29:00Z  466.834  83.860  -108.245  2.12100E-15  SWARM-A  21.129  84.450
2015-03-18T04:29:30Z  466.913  85.511  -97.793  2.11080E-15  SWARM-A  21.835  86.374
2015-03-18T04:30:00Z  466.962  86.851  -76.982  2.10024E-15  SWARM-A  23.230  88.299
2015-03-18T04:30:30Z  466.981  87.354  -39.814  2.08786E-15  SWARM-A  1.717  90.224
2015-03-18T04:31:00Z  466.969  86.625  -5.506  2.07301E-15  SWARM-A  4.012  92.148
2015-03-18T04:31:30Z  466.927  85.194  12.522  2.05746E-15  SWARM-A  5.222  94.073
2015-03-18T04:32:00Z  466.854  83.511  21.736  2.04202E-15  SWARM-A  5.845  95.998
2015-03-18T04:32:30Z  466.752  81.727  27.033  2.02701E-15  SWARM-A  6.206  97.922
2015-03-18T04:33:00Z  466.620  79.896  30.398  2.01288E-15  SWARM-A  6.439  99.847
2015-03-18T04:33:30Z  466.460  78.039  32.696  1.99998E-15  SWARM-A  6.601  101.771
2015-03-18T04:34:00Z  466.273  76.167  34.348  1.98877E-15  SWARM-A  6.719  103.696
2015-03-18T04:34:30Z  466.059  74.284  35.583  1.97940E-15  SWARM-A  6.810  105.621
2015-03-18T04:35:00Z  465.820  72.395  36.533  1.97178E-15  SWARM-A  6.881  107.545
2015-03-18T04:35:30Z  465.558  70.500  37.281  1.96391E-15  SWARM-A  6.940  109.470
2015-03-18T04:36:00Z  465.273  68.601  37.879  1.95595E-15  SWARM-A  6.988  111.394
2015-03-18T04:36:30Z  464.967  66.700  38.365  1.94785E-15  SWARM-A  7.028  113.318
2015-03-18T04:37:00Z  464.643  64.795  38.763  1.93918E-15  SWARM-A  7.063  115.243
2015-03-18T04:37:30Z  464.302  62.889  39.092  1.92983E-15  SWARM-A  7.094  117.167
2015-03-18T04:38:00Z  463.946  60.981  39.366  1.92038E-15  SWARM-A  7.120  119.091
2015-03-18T04:38:30Z  463.577  59.071  39.594  1.91152E-15  SWARM-A  7.144  121.015
2015-03-18T04:39:00Z  463.197  57.159  39.786  1.90294E-15  SWARM-A  7.165  122.940
2015-03-18T04:39:30Z  462.809  55.246  39.946  1.89509E-15  SWARM-A  7.184  124.864
2015-03-18T04:40:00Z  462.415  53.332  40.080  1.88838E-15  SWARM-A  7.201  126.788
2015-03-18T04:40:30Z  462.017  51.417  40.192  1.88258E-15  SWARM-A  7.217  128.711
2015-03-18T04:41:00Z  461.617  49.500  40.285  1.87736E-15  SWARM-A  7.231  130.635
2015-03-18T04:41:30Z  461.219  47.583  40.361  1.87249E-15  SWARM-A  7.245  132.559
2015-03-18T04:42:00Z  460.825  45.664  40.424  1.86793E-15  SWARM-A  7.257  134.483
2015-03-18T04:42:30Z  460.437  43.745  40.473  1.86360E-15  SWARM-A  7.269  136.406
2015-03-18T04:43:00Z  460.057  41.824  40.512  1.85938E-15  SWARM-A  7.280  138.330
2015-03-18T04:43:30Z  459.688  39.903  40.542  1.85490E-15  SWARM-A  7.290  140.253
2015-03-18T04:44:00Z  459.333  37.980  40.563  1.85050E-15  SWARM-A  7.300  142.176
2015-03-18T04:44:30Z  458.994  36.057  40.577  1.84624E-15  SWARM-A  7.309  144.099
2015-03-18T04:45:00Z  458.673  34.133  40.584  1.84222E-15  SWARM-A  7.318  146.022
2015-03-18T04:45:30Z  458.373  32.208  40.585  1.83841E-15  SWARM-A  7.327  147.945
2015-03-18T04:46:00Z  458.095  30.282  40.581  1.83472E-15  SWARM-A  7.335  149.868
2015-03-18T04:46:30Z  457.843  28.356  40.572  1.83118E-15  SWARM-A  7.342  151.791
2015-03-18T04:47:00Z  457.617  26.429  40.559  1.82788E-15  SWARM-A  7.350  153.713
2015-03-18T04:47:30Z  457.421  24.502  40.543  1.82477E-15  SWARM-A  7.357  155.636
2015-03-18T04:48:00Z  457.255  22.574  40.523  1.82182E-15  SWARM-A  7.364  157.558
2015-03-18T04:48:30Z  457.122  20.645  40.501  1.81903E-15  SWARM-A  7.371  159.480
2015-03-18T04:49:00Z  457.023  18.716  40.475  1.81641E-15  SWARM-A  7.378  161.402
2015-03-18T04:49:30Z  456.960  16.787  40.448  1.81389E-15  SWARM-A  7.384  163.324
2015-03-18T04:50:00Z  456.933  14.857  40.419  1.81136E-15  SWARM-A  7.390  165.245
2015-03-18T04:50:30Z  456.944  12.927  40.387  1.80891E-15  SWARM-A  7.397  167.167
2015-03-18T04:51:00Z  456.994  10.997  40.355  1.80644E-15  SWARM-A  7.403  169.088
2015-03-18T04:51:30Z  457.084  9.066  40.321  1.80390E-15  SWARM-A  7.409  171.010
2015-03-18T04:52:00Z  457.214  7.136  40.287  1.80126E-15  SWARM-A  7.415  172.931
2015-03-18T04:52:30Z  457.385  5.205  40.251  1.79844E-15  SWARM-A  7.421  174.852
2015-03-18T04:53:00Z  457.597  3.274  40.215  1.79536E-15  SWARM-A  7.427  176.772
2015-03-18T04:53:30Z  457.850  1.344  40.179  1.79196E-15  SWARM-A  7.433  178.693
2015-03-18T04:54:00Z  458.144  -0.587  40.142  1.78820E-15  SWARM-A  7.439  180.613
2015-03-18T04:54:30Z  458.479  -2.517  40.106  1.78403E-15  SWARM-A  7.445  182.534
2015-03-18T04:55:00Z  458.853  -4.447  40.069  1.77936E-15  SWARM-A  7.451  184.454
2015-03-18T04:55:30Z  459.267  -6.376  40.034  1.77426E-15  SWARM-A  7.456  186.374
2015-03-18T04:56:00Z  459.720  -8.306  39.999  1.76868E-15  SWARM-A  7.462  188.293
2015-03-18T04:56:30Z  460.211  -10.235  39.964  1.76256E-15  SWARM-A  7.469  190.213
2015-03-18T04:57:00Z  460.738  -12.163  39.931  1.75596E-15  SWARM-A  7.475  192.132
2015-03-18T04:57:30Z  461.299  -14.091  39.899  1.74899E-15  SWARM-A  7.481  194.051
2015-03-18T04:58:00Z  461.895  -16.018  39.869  1.74146E-15  SWARM-A  7.487  195.971
2015-03-18T04:58:30Z  462.521  -17.945  39.841  1.73367E-15  SWARM-A  7.494  197.889
2015-03-18T04:59:00Z  463.178  -19.870  39.814  1.72554E-15  SWARM-A  7.500  199.808
2015-03-18T04:59:30Z  463.862  -21.796  39.790  1.71695E-15  SWARM-A  7.507  201.727
2015-03-18T05:00:00Z  464.572  -23.720  39.769  1.70815E-15  SWARM-A  7.514  203.645
2015-03-18T05:00:30Z  465.306  -25.643  39.751  1.69908E-15  SWARM-A  7.521  205.563
2015-03-18T05:01:00Z  466.060  -27.566  39.737  1.68980E-15  SWARM-A  7.528  207.481
2015-03-18T05:01:30Z  466.832  -29.488  39.726  1.68037E-15  SWARM-A  7.536  209.399
2015-03-18T05:02:00Z  467.621  -31.408  39.719  1.67087E-15  SWARM-A  7.544  211.316
2015-03-18T05:02:30Z  468.422  -33.328  39.718  1.66104E-15  SWARM-A  7.552  213.234
2015-03-18T05:03:00Z  469.234  -35.247  39.722  1.65103E-15  SWARM-A  7.561  215.151
2015-03-18T05:03:30Z  470.053  -37.164  39.732  1.63944E-15  SWARM-A  7.570  217.068
2015-03-18T05:04:00Z  470.877  -39.081  39.750  1.62740E-15  SWARM-A  7.579  218.985
2015-03-18T05:04:30Z  471.702  -40.996  39.775  1.61556E-15  SWARM-A  7.589  220.902
2015-03-18T05:05:00Z  472.526  -42.910  39.809  1.60396E-15  SWARM-A  7.600  222.819
2015-03-18T05:05:30Z  473.346  -44.824  39.853  1.59268E-15  SWARM-A  7.611  224.735
2015-03-18T05:06:00Z  474.159  -46.735  39.909  1.58179E-15  SWARM-A  7.623  226.651
2015-03-18T05:06:30Z  474.961  -48.646  39.978  1.57158E-15  SWARM-A  7.636  228.568
2015-03-18T05:07:00Z  475.751  -50.555  40.063  1.56217E-15  SWARM-A  7.650  230.484
2015-03-18T05:07:30Z  476.524  -52.463  40.165  1.55327E-15  SWARM-A  7.665  232.400
2015-03-18T05:08:00Z  477.279  -54.370  40.287  1.54512E-15  SWARM-A  7.682  234.315
2015-03-18T05:08:30Z  478.012  -56.275  40.433  1.53823E-15  SWARM-A  7.700  236.231
2015-03-18T05:09:00Z  478.721  -58.179  40.608  1.53207E-15  SWARM-A  7.720  238.147
2015-03-18T05:09:30Z  479.403  -60.081  40.817  1.52694E-15  SWARM-A  7.742  240.062
2015-03-18T05:10:00Z  480.056  -61.981  41.066  1.52332E-15  SWARM-A  7.767  241.977
2015-03-18T05:10:30Z  480.677  -63.880  41.365  1.52113E-15  SWARM-A  7.795  243.893
2015-03-18T05:11:00Z  481.264  -65.776  41.726  1.52035E-15  SWARM-A  7.828  245.808
2015-03-18T05:11:30Z  481.814  -67.670  42.163  1.51869E-15  SWARM-A  7.865  247.723
2015-03-18T05:12:00Z  482.327  -69.561  42.699  1.51702E-15  SWARM-A  7.909  249.638
2015-03-18T05:12:30Z  482.799  -71.448  43.362  1.51648E-15  SWARM-A  7.962  251.553
2015-03-18T05:13:00Z  483.229  -73.331  44.197  1.51670E-15  SWARM-A  8.026  253.468
2015-03-18T05:13:30Z  483.615  -75.208  45.268  1.51823E-15  SWARM-A  8.105  255.382
2015-03-18T05:14:00Z  483.957  -77.076  46.677  1.52305E-15  SWARM-A  8.208  257.297
2015-03-18T05:14:30Z  484.251  -78.932  48.592  1.52963E-15  SWARM-A  8.344  259.212
2015-03-18T05:15:00Z  484.499  -80.769  51.312  1.53722E-15  SWARM-A  8.533  261.126
2015-03-18T05:15:30Z  484.698  -82.572  55.413  1.54561E-15  SWARM-A  8.815  263.041
2015-03-18T05:16:00Z  484.848  -84.310  62.135  1.55471E-15  SWARM-A  9.272  264.956
2015-03-18T05:16:30Z  484.948  -85.900  74.458  1.56134E-15  SWARM-A  10.101  266.870
2015-03-18T05:17:00Z  484.998  -87.087  99.195  1.56827E-15  SWARM-A  11.759  268.785
2015-03-18T05:17:30Z  484.998  -87.280  138.376  1.57539E-15  SWARM-A  14.379  270.699
2015-03-18T05:18:00Z  484.947  -86.320  168.354  1.58088E-15  SWARM-A  16.386  272.614
2015-03-18T05:18:30Z  484.847  -84.811  -176.513  1.58522E-15  SWARM-A  17.403  274.528
2015-03-18T05:19:00Z  484.696  -83.105  -168.549  1.58848E-15  SWARM-A  17.943  276.443
2015-03-18T05:19:30Z  484.497  -81.316  -163.838  1.59148E-15  SWARM-A  18.265  278.357
2015-03-18T05:20:00Z  484.249  -79.487  -160.783  1.59470E-15  SWARM-A  18.477  280.272
2015-03-18T05:20:30Z  483.953  -77.636  -158.666  1.59855E-15  SWARM-A  18.627  282.187
2015-03-18T05:21:00Z  483.612  -75.771  -157.127  1.60328E-15  SWARM-A  18.738  284.102
2015-03-18T05:21:30Z  483.225  -73.896  -155.967  1.60907E-15  SWARM-A  18.823  286.016
2015-03-18T05:22:00Z  482.794  -72.015  -155.069  1.61603E-15  SWARM-A  18.891  287.931
2015-03-18T05:22:30Z  482.321  -70.129  -154.359  1.62462E-15  SWARM-A  18.947  289.846
2015-03-18T05:23:00Z  481.808  -68.239  -153.789  1.63463E-15  SWARM-A  18.993  291.761
2015-03-18T05:23:30Z  481.256  -66.346  -153.324  1.64565E-15  SWARM-A  19.033  293.676
2015-03-18T05:24:00Z  480.668  -64.450  -152.943  1.65688E-15  SWARM-A  19.066  295.591
2015-03-18T05:24:30Z  480.045  -62.552  -152.626  1.66641E-15  SWARM-A  19.096  297.507
2015-03-18T05:25:00Z  479.390  -60.652  -152.363  1.67432E-15  SWARM-A  19.122  299.422
2015-03-18T05:25:30Z  478.706  -58.750  -152.143  1.68016E-15  SWARM-A  19.145  301.338
2015-03-18T05:26:00Z  477.994  -56.847  -151.959  1.68386E-15  SWARM-A  19.165  303.253
2015-03-18T05:26:30Z  477.258  -54.942  -151.804  1.68629E-15  SWARM-A  19.184  305.169
2015-03-18T05:27:00Z  476.499  -53.036  -151.675  1.68809E-15  SWARM-A  19.201  307.085
2015-03-18T05:27:30Z  475.722  -51.128  -151.567  1.69113E-15  SWARM-A  19.217  309.001
2015-03-18T05:28:00Z  474.928  -49.219  -151.478  1.69630E-15  SWARM-A  19.231  310.917
2015-03-18T05:28:30Z  474.120  -47.309  -151.404  1.70403E-15  SWARM-A  19.244  312.833
2015-03-18T05:29:00Z  473.302  -45.397  -151.345  1.71351E-15  SWARM-A  19.256  314.750
2015-03-18T05:29:30Z  472.476  -43.484  -151.297  1.72363E-15  SWARM-A  19.268  316.667
2015-03-18T05:30:00Z  471.646  -41.570  -151.260  1.73385E-15  SWARM-A  19.279  318.583
2015-03-18T05:30:30Z  470.814  -39.655  -151.232  1.74345E-15  SWARM-A  19.289  320.500
2015-03-18T05:31:00Z  469.983  -37.739  -151.213  1.75266E-15  SWARM-A  19.298  322.417
2015-03-18T05:31:30Z  469.156  -35.821  -151.200  1.76130E-15  SWARM-A  19.308  324.334
2015-03-18T05:32:00Z  468.336  -33.903  -151.194  1.76972E-15  SWARM-A  19.316  326.252
2015-03-18T05:32:30Z  467.526  -31.983  -151.194  1.77794E-15  SWARM-A  19.325  328.169
2015-03-18T05:33:00Z  466.729  -30.063  -151.199  1.78590E-15  SWARM-A  19.333  330.087
2015-03-18T05:33:30Z  465.947  -28.141  -151.209  1.79382E-15  SWARM-A  19.340  332.005
2015-03-18T05:34:00Z  465.183  -26.219  -151.222  1.80168E-15  SWARM-A  19.348  333.923
2015-03-18T05:34:30Z  464.439  -24.295  -151.239  1.80952E-15  SWARM-A  19.355  335.842
2015-03-18T05:35:00Z  463.719  -22.371  -151.259  1.81733E-15  SWARM-A  19.362  337.760
2015-03-18T05:35:30Z  463.024  -20.446  -151.283  1.82504E-15  SWARM-A  19.369  339.679
2015-03-18T05:36:00Z  462.356  -18.520  -151.308  1.83260E-15  SWARM-A  19.375  341.597
2015-03-18T05:36:30Z  461.718  -16.593  -151.336  1.83994E-15  SWARM-A  19.382  343.516
2015-03-18T05:37:00Z  461.112  -14.666  -151.366  1.84703E-15  SWARM-A  19.388  345.436
2015-03-18T05:37:30Z  460.538  -12.738  -151.397  1.85377E-15  SWARM-A  19.395  347.355
2015-03-18T05:38:00Z  460.000  -10.810  -151.430  1.86011E-15  SWARM-A  19.401  349.274
2015-03-18T05:38:30Z  459.498  -8.881  -151.464  1.86606E-15  SWARM-A  19.407  351.194
2015-03-18T05:39:00Z  459.033  -6.951  -151.499  1.87151E-15  SWARM-A  19.413  353.114
2015-03-18T05:39:30Z  458.607  -5.022  -151.534  1.87650E-15  SWARM-A  19.419  355.034
2015-03-18T05:40:00Z  458.221  -3.092  -151.570  1.88103E-15  SWARM-A  19.425  356.954
2015-03-18T05:40:30Z  457.875  -1.161  -151.607  1.88514E-15  SWARM-A  19.431  358.875
2015-03-18T05:41:00Z  457.569  0.769  -151.643  1.88891E-15  SWARM-A  19.436  0.795
2015-03-18T05:41:30Z  457.305  2.700  -151.680  1.89236E-15  SWARM-A  19.442  2.716
2015-03-18T05:42:00Z  457.082  4.631  -151.716  1.89557E-15  SWARM-A  19.448  4.637
2015-03-18T05:42:30Z  456.901  6.562  -151.752  1.89862E-15  SWARM-A  19.454  6.558
2015-03-18T05:43:00Z  456.761  8.493  -151.787  1.90169E-15  SWARM-A  19.460  8.479
2015-03-18T05:43:30Z  456.661  10.423  -151.821  1.90486E-15  SWARM-A  19.466  10.401
2015-03-18T05:44:00Z  456.602  12.354  -151.854  1.90818E-15  SWARM-A  19.472  12.322
2015-03-18T05:44:30Z  456.583  14.284  -151.885  1.91165E-15  SWARM-A  19.479  14.244
2015-03-18T05:45:00Z  456.602  16.214  -151.915  1.91533E-15  SWARM-A  19.485  16.166
2015-03-18T05:45:30Z  456.659  18.144  -151.943  1.91921E-15  SWARM-A  19.492  18.088
2015-03-18T05:46:00Z  456.752  20.073  -151.969  1.92319E-15  SWARM-A  19.498  20.010
2015-03-18T05:46:30Z  456.880  22.002  -151.993  1.92731E-15  SWARM-A  19.505  21.932
2015-03-18T05:47:00Z  457.041  23.931  -152.013  1.93123E-15  SWARM-A  19.512  23.855
2015-03-18T05:47:30Z  457.235  25.858  -152.031  1.93489E-15  SWARM-A  19.519  25.777
2015-03-18T05:48:00Z  457.458  27.786  -152.045  1.93847E-15  SWARM-A  19.526  27.700
2015-03-18T05:48:30Z  457.709  29.712  -152.055  1.94190E-15  SWARM-A  19.534  29.623
2015-03-18T05:49:00Z  457.986  31.638  -152.060  1.94513E-15  SWARM-A  19.542  31.546
2015-03-18T05:49:30Z  458.288  33.563  -152.061  1.94813E-15  SWARM-A  19.550  33.469
2015-03-18T05:50:00Z  458.611  35.488  -152.055  1.94951E-15  SWARM-A  19.559  35.392
2015-03-18T05:50:30Z  458.953  37.411  -152.044  1.94926E-15  SWARM-A  19.568  37.315
2015-03-18T05:51:00Z  459.312  39.334  -152.025  1.94863E-15  SWARM-A  19.578  39.238
2015-03-18T05:51:30Z  459.687  41.256  -151.998  1.94750E-15  SWARM-A  19.588  41.162
2015-03-18T05:52:00Z  460.073  43.177  -151.962  1.94588E-15  SWARM-A  19.599  43.085
2015-03-18T05:52:30Z  460.469  45.097  -151.916  1.94395E-15  SWARM-A  19.610  45.009
2015-03-18T05:53:00Z  460.872  47.016  -151.857  1.94193E-15  SWARM-A  19.622  46.933
2015-03-18T05:53:30Z  461.280  48.934  -151.785  1.94013E-15  SWARM-A  19.635  48.856
2015-03-18T05:54:00Z  461.689  50.851  -151.698  1.93937E-15  SWARM-A  19.650  50.780
2015-03-18T05:54:30Z  462.099  52.767  -151.592  1.93979E-15  SWARM-A  19.665  52.704
2015-03-18T05:55:00Z  462.505  54.682  -151.465  1.94095E-15  SWARM-A  19.682  54.628
2015-03-18T05:55:30Z  462.907  56.595  -151.313  1.94361E-15  SWARM-A  19.700  56.553
2015-03-18T05:56:00Z  463.300  58.507  -151.131  1.94666E-15  SWARM-A  19.721  58.477
2015-03-18T05:56:30Z  463.684  60.417  -150.915  1.94605E-15  SWARM-A  19.743  60.401
2015-03-18T05:57:00Z  464.055  62.326  -150.655  1.93873E-15  SWARM-A  19.769  62.325
2015-03-18T05:57:30Z  464.412  64.233  -150.344  1.92731E-15  SWARM-A  19.798  64.250
2015-03-18T05:58:00Z  464.753  66.139  -149.968  1.91191E-15  SWARM-A  19.832  66.174
2015-03-18T05:58:30Z  465.076  68.041  -149.511  1.89561E-15  SWARM-A  19.870  68.098
2015-03-18T05:59:00Z  465.378  69.941  -148.950  1.87977E-15  SWARM-A  19.916  70.023
2015-03-18T05:59:30Z  465.659  71.837  -148.251  1.86310E-15  SWARM-A  19.971  71.947
2015-03-18T06:00:00Z  465.917  73.728  -147.368  1.86073E-15  SWARM-A  20.038  73.872
2015-03-18T06:00:30Z  466.150  75.613  -146.229  1.84308E-15  SWARM-A  20.122  75.796
2015-03-18T06:01:00Z  466.357  77.489  -144.719  1.82597E-15  SWARM-A  20.232  77.721
2015-03-18T06:01:30Z  466.537  79.351  -142.645  1.81154E-15  SWARM-A  20.378  79.646
2015-03-18T06:02:00Z  466.689  81.191  -139.659  1.79972E-15  SWARM-A  20.585  81.570
2015-03-18T06:02:30Z  466.812  82.993  -135.069  1.78869E-15  SWARM-A  20.900  83.495
2015-03-18T06:03:00Z  466.905  84.715  -127.340  1.77939E-15  SWARM-A  21.423  85.420
2015-03-18T06:03:30Z  466.969  86.249  -112.703  1.77155E-15  SWARM-A  22.408  87.344
2015-03-18T06:04:00Z  467.002  87.257  -83.461  1.76433E-15  SWARM-A  0.365  89.269
2015-03-18T06:04:30Z  467.004  87.121  -43.886  1.75614E-15  SWARM-A  3.012  91.193
2015-03-18T06:05:00Z  466.976  85.955  -18.332  1.74679E-15  SWARM-A  4.724  93.118
2015-03-18T06:05:30Z  466.917  84.365  -5.650  1.73730E-15  SWARM-A  5.578  95.043
2015-03-18T06:06:00Z  466.828  82.621  1.218  1.72757E-15  SWARM-A  6.044  96.967
2015-03-18T06:06:30Z  466.710  80.809  5.386  1.71515E-15  SWARM-A  6.330  98.892
2015-03-18T06:07:00Z  466.563  78.963  8.140  1.70320E-15  SWARM-A  6.522  100.817
2015-03-18T06:07:30Z  466.388  77.097  10.074  1.69215E-15  SWARM-A  6.659  102.741
2015-03-18T06:08:00Z  466.186  75.220  11.494  1.68241E-15  SWARM-A  6.762  104.666
2015-03-18T06:08:30Z  465.957  73.333  12.572  1.67459E-15  SWARM-A  6.843  106.590
2015-03-18T06:09:00Z  465.705  71.441  13.411  1.67305E-15  SWARM-A  6.907  108.515
2015-03-18T06:09:30Z  465.429  69.544  14.078  1.67322E-15  SWARM-A  6.960  110.439
2015-03-18T06:10:00Z  465.131  67.644  14.615  1.67383E-15  SWARM-A  7.004  112.364
2015-03-18T06:10:30Z  464.814  65.741  15.053  1.67432E-15  SWARM-A  7.041  114.288
2015-03-18T06:11:00Z  464.479  63.835  15.415  1.67443E-15  SWARM-A  7.074  116.212
2015-03-18T06:11:30Z  464.127  61.928  15.714  1.67430E-15  SWARM-A  7.102  118.137
2015-03-18T06:12:00Z  463.762  60.019  15.964  1.67397E-15  SWARM-A  7.127  120.061
2015-03-18T06:12:30Z  463.385  58.108  16.172  1.67380E-15  SWARM-A  7.149  121.985
2015-03-18T06:13:00Z  462.999  56.196  16.347  1.67448E-15  SWARM-A  7.169  123.909
2015-03-18T06:13:30Z  462.605  54.282  16.494  1.67597E-15  SWARM-A  7.187  125.833
2015-03-18T06:14:00Z  462.206  52.367  16.616  1.67812E-15  SWARM-A  7.204  127.757
2015-03-18T06:14:30Z  461.805  50.452  16.718  1.68083E-15  SWARM-A  7.219  129.681
2015-03-18T06:15:00Z  461.403  48.534  16.802  1.68399E-15  SWARM-A  7.233  131.604
2015-03-18T06:15:30Z  461.004  46.616  16.871  1.68740E-15  SWARM-A  7.246  133.528
2015-03-18T06:16:00Z  460.609  44.697  16.927  1.69107E-15  SWARM-A  7.258  135.452
2015-03-18T06:16:30Z  460.222  42.777  16.971  1.69500E-15  SWARM-A  7.269  137.375
2015-03-18T06:17:00Z  459.845  40.856  17.005  1.69911E-15  SWARM-A  7.280  139.299
2015-03-18T06:17:30Z  459.480  38.934  17.030  1.70328E-15  SWARM-A  7.290  141.222
2015-03-18T06:18:00Z  459.130  37.011  17.047  1.70776E-15  SWARM-A  7.299  143.145
2015-03-18T06:18:30Z  458.797  35.087  17.057  1.71264E-15  SWARM-A  7.308  145.068
2015-03-18T06:19:00Z  458.484  33.163  17.061  1.71792E-15  SWARM-A  7.317  146.991
2015-03-18T06:19:30Z  458.192  31.238  17.059  1.72360E-15  SWARM-A  7.325  148.914
2015-03-18T06:20:00Z  457.924  29.312  17.053  1.72967E-15  SWARM-A  7.333  150.837
2015-03-18T06:20:30Z  457.683  27.385  17.042  1.73611E-15  SWARM-A  7.341  152.759
2015-03-18T06:21:00Z  457.469  25.458  17.027  1.74293E-15  SWARM-A  7.348  154.682
2015-03-18T06:21:30Z  457.286  23.530  17.009  1.75006E-15  SWARM-A  7.355  156.604
2015-03-18T06:22:00Z  457.134  21.602  16.988  1.75657E-15  SWARM-A  7.362  158.527
2015-03-18T06:22:30Z  457.016  19.673  16.964  1.76240E-15  SWARM-A  7.369  160.449
2015-03-18T06:23:00Z  456.932  17.744  16.937  1.76824E-15  SWARM-A  7.375  162.371
2015-03-18T06:23:30Z  456.885  15.814  16.909  1.77406E-15  SWARM-A  7.382  164.292
2015-03-18T06:24:00Z  456.875  13.884  16.878  1.77977E-15  SWARM-A  7.388  166.214
2015-03-18T06:24:30Z  456.904  11.954  16.847  1.78525E-15  SWARM-A  7.394  168.136
2015-03-18T06:25:00Z  456.972  10.024  16.813  1.79044E-15  SWARM-A  7.400  170.057
2015-03-18T06:25:30Z  457.081  8.093  16.779  1.79521E-15  SWARM-A  7.406  171.978
2015-03-18T06:26:00Z  457.230  6.162  16.744  1.79957E-15  SWARM-A  7.412  173.899
2015-03-18T06:26:30Z  457.420  4.232  16.708  1.80348E-15  SWARM-A  7.418  175.820
2015-03-18T06:27:00Z  457.651  2.301  16.672  1.80703E-15  SWARM-A  7.424  177.741
2015-03-18T06:27:30Z  457.923  0.371  16.635  1.81006E-15  SWARM-A  7.430  179.661
2015-03-18T06:28:00Z  458.236  -1.560  16.599  1.81246E-15  SWARM-A  7.436  181.582
2015-03-18T06:28:30Z  458.589  -3.490  16.562  1.81421E-15  SWARM-A  7.442  183.502
2015-03-18T06:29:00Z  458.983  -5.420  16.526  1.81576E-15  SWARM-A  7.448  185.422
2015-03-18T06:29:30Z  459.415  -7.349  16.491  1.81653E-15  SWARM-A  7.454  187.342
2015-03-18T06:30:00Z  459.886  -9.279  16.456  1.81686E-15  SWARM-A  7.460  189.261
2015-03-18T06:30:30Z  460.393  -11.207  16.422  1.81672E-15  SWARM-A  7.466  191.181
2015-03-18T06:31:00Z  460.936  -13.135  16.390  1.81614E-15  SWARM-A  7.472  193.100
2015-03-18T06:31:30Z  461.514  -15.063  16.359  1.81504E-15  SWARM-A  7.478  195.019
2015-03-18T06:32:00Z  462.123  -16.990  16.329  1.81344E-15  SWARM-A  7.485  196.938
2015-03-18T06:32:30Z  462.764  -18.916  16.302  1.81133E-15  SWARM-A  7.491  198.857
2015-03-18T06:33:00Z  463.433  -20.842  16.276  1.80812E-15  SWARM-A  7.498  200.776
2015-03-18T06:33:30Z  464.129  -22.767  16.254  1.80431E-15  SWARM-A  7.505  202.694
2015-03-18T06:34:00Z  464.849  -24.691  16.234  1.79981E-15  SWARM-A  7.512  204.613
2015-03-18T06:34:30Z  465.591  -26.614  16.218  1.79470E-15  SWARM-A  7.519  206.531
2015-03-18T06:35:00Z  466.353  -28.536  16.205  1.78885E-15  SWARM-A  7.527  208.449
2015-03-18T06:35:30Z  467.132  -30.457  16.196  1.78230E-15  SWARM-A  7.534  210.366
2015-03-18T06:36:00Z  467.926  -32.377  16.192  1.77504E-15  SWARM-A  7.542  212.284
2015-03-18T06:36:30Z  468.731  -34.297  16.193  1.76705E-15  SWARM-A  7.551  214.201
2015-03-18T06:37:00Z  469.545  -36.215  16.200  1.75838E-15  SWARM-A  7.560  216.119
2015-03-18T06:37:30Z  470.365  -38.132  16.214  1.74903E-15  SWARM-A  7.569  218.036
2015-03-18T06:38:00Z  471.189  -40.048  16.235  1.73902E-15  SWARM-A  7.579  219.953
2015-03-18T06:38:30Z  472.013  -41.963  16.265  1.72761E-15  SWARM-A  7.589  221.869
2015-03-18T06:39:00Z  472.834  -43.876  16.304  1.71426E-15  SWARM-A  7.600  223.786
2015-03-18T06:39:30Z  473.650  -45.789  16.354  1.70046E-15  SWARM-A  7.611  225.703
2015-03-18T06:40:00Z  474.457  -47.700  16.416  1.68636E-15  SWARM-A  7.624  227.619
2015-03-18T06:40:30Z  475.252  -49.610  16.492  1.67202E-15  SWARM-A  7.637  229.535
2015-03-18T06:41:00Z  476.034  -51.519  16.585  1.65761E-15  SWARM-A  7.652  231.451
2015-03-18T06:41:30Z  476.798  -53.426  16.697  1.64320E-15  SWARM-A  7.668  233.367
2015-03-18T06:42:00Z  477.542  -55.332  16.831  1.62889E-15  SWARM-A  7.685  235.283
2015-03-18T06:42:30Z  478.263  -57.237  16.991  1.61498E-15  SWARM-A  7.704  237.198
2015-03-18T06:43:00Z  478.959  -59.140  17.182  1.60149E-15  SWARM-A  7.725  239.114
2015-03-18T06:43:30Z  479.627  -61.041  17.410  1.58808E-15  SWARM-A  7.749  241.029
2015-03-18T06:44:00Z  480.264  -62.940  17.683  1.57635E-15  SWARM-A  7.775  242.945
2015-03-18T06:44:30Z  480.869  -64.838  18.011  1.56567E-15  SWARM-A  7.805  244.860
2015-03-18T06:45:00Z  481.439  -66.733  18.408  1.55575E-15  SWARM-A  7.840  246.775
2015-03-18T06:45:30Z  481.971  -68.626  18.891  1.54648E-15  SWARM-A  7.881  248.690
2015-03-18T06:46:00Z  482.464  -70.515  19.487  1.53788E-15  SWARM-A  7.929  250.605
2015-03-18T06:46:30Z  482.917  -72.400  20.230  1.52981E-15  SWARM-A  7.987  252.520
2015-03-18T06:47:00Z  483.326  -74.280  21.174  1.52226E-15  SWARM-A  8.058  254.435
2015-03-18T06:47:30Z  483.691  -76.153  22.399  1.51520E-15  SWARM-A  8.148  256.350
2015-03-18T06:48:00Z  484.011  -78.016  24.036  1.50868E-15  SWARM-A  8.265  258.265
2015-03-18T06:48:30Z  484.283  -79.864  26.307  1.50262E-15  SWARM-A  8.425  260.179
2015-03-18T06:49:00Z  484.508  -81.687  29.623  1.49679E-15  SWARM-A  8.654  262.094
2015-03-18T06:49:30Z  484.684  -83.463  34.822  1.49050E-15  SWARM-A  9.009  264.009
2015-03-18T06:50:00Z  484.811  -85.143  43.812  1.48522E-15  SWARM-A  9.617  265.923
2015-03-18T06:50:30Z  484.888  -86.581  61.288  1.48121E-15  SWARM-A  10.790  267.838
2015-03-18T06:51:00Z  484.914  -87.349  94.781  1.47862E-15  SWARM-A  13.032  269.752
2015-03-18T06:51:30Z  484.891  -86.902  132.327  1.47615E-15  SWARM-A  15.543  271.667
2015-03-18T06:52:00Z  484.817  -85.595  153.794  1.47307E-15  SWARM-A  16.983  273.582
2015-03-18T06:52:30Z  484.693  -83.963  164.569  1.46978E-15  SWARM-A  17.709  275.496
2015-03-18T06:53:00Z  484.520  -82.208  170.592  1.46661E-15  SWARM-A  18.119  277.411
2015-03-18T06:53:30Z  484.299  -80.396  174.339  1.46338E-15  SWARM-A  18.377  279.326
2015-03-18T06:54:00Z  484.029  -78.554  176.858  1.46019E-15  SWARM-A  18.553  281.240
2015-03-18T06:54:30Z  483.712  -76.695  178.650  1.45717E-15  SWARM-A  18.681  283.155
2015-03-18T06:55:00Z  483.350  -74.824  179.978  1.45466E-15  SWARM-A  18.778  285.070
2015-03-18T06:55:30Z  482.943  -72.946  -179.006  1.45285E-15  SWARM-A  18.854  286.985
2015-03-18T06:56:00Z  482.494  -71.062  -178.211  1.45155E-15  SWARM-A  18.916  288.900
2015-03-18T06:56:30Z  482.003  -69.173  -177.577  1.45184E-15  SWARM-A  18.966  290.815
2015-03-18T06:57:00Z  481.473  -67.282  -177.064  1.45413E-15  SWARM-A  19.009  292.730
2015-03-18T06:57:30Z  480.905  -65.387  -176.644  1.45843E-15  SWARM-A  19.045  294.645
2015-03-18T06:58:00Z  480.302  -63.490  -176.298  1.46459E-15  SWARM-A  19.076  296.560
2015-03-18T06:58:30Z  479.665  -61.591  -176.010  1.47230E-15  SWARM-A  19.104  298.476
2015-03-18T06:59:00Z  478.998  -59.690  -175.770  1.48072E-15  SWARM-A  19.128  300.391
2015-03-18T06:59:30Z  478.303  -57.788  -175.569  1.48917E-15  SWARM-A  19.150  302.307
2015-03-18T07:00:00Z  477.581  -55.884  -175.400  1.49679E-15  SWARM-A  19.170  304.222
2015-03-18T07:00:30Z  476.837  -53.978  -175.259  1.50319E-15  SWARM-A  19.187  306.138
2015-03-18T07:01:00Z  476.072  -52.071  -175.142  1.50824E-15  SWARM-A  19.204  308.054
2015-03-18T07:01:30Z  475.289  -50.163  -175.044  1.51230E-15  SWARM-A  19.218  309.970
2015-03-18T07:02:00Z  474.491  -48.253  -174.963  1.51717E-15  SWARM-A  19.232  311.886
2015-03-18T07:02:30Z  473.681  -46.342  -174.896  1.52423E-15  SWARM-A  19.245  313.803
2015-03-18T07:03:00Z  472.862  -44.430  -174.843  1.53403E-15  SWARM-A  19.257  315.719
2015-03-18T07:03:30Z  472.037  -42.516  -174.801  1.54607E-15  SWARM-A  19.268  317.636
2015-03-18T07:04:00Z  471.209  -40.602  -174.769  1.55941E-15  SWARM-A  19.278  319.553
2015-03-18T07:04:30Z  470.381  -38.686  -174.746  1.57304E-15  SWARM-A  19.288  321.470
2015-03-18T07:05:00Z  469.555  -36.769  -174.730  1.58660E-15  SWARM-A  19.298  323.387
2015-03-18T07:05:30Z  468.734  -34.851  -174.721  1.59973E-15  SWARM-A  19.307  325.304
2015-03-18T07:06:00Z  467.922  -32.932  -174.718  1.61245E-15  SWARM-A  19.315  327.222
2015-03-18T07:06:30Z  467.121  -31.012  -174.721  1.62491E-15  SWARM-A  19.323  329.140
2015-03-18T07:07:00Z  466.334  -29.091  -174.728  1.63710E-15  SWARM-A  19.331  331.057
2015-03-18T07:07:30Z  465.564  -27.169  -174.740  1.64910E-15  SWARM-A  19.339  332.975
2015-03-18T07:08:00Z  464.813  -25.246  -174.755  1.66086E-15  SWARM-A  19.346  334.894
2015-03-18T07:08:30Z  464.084  -23.322  -174.774  1.67239E-15  SWARM-A  19.353  336.812
2015-03-18T07:09:00Z  463.378  -21.397  -174.796  1.68356E-15  SWARM-A  19.360  338.731
2015-03-18T07:09:30Z  462.699  -19.471  -174.820  1.69438E-15  SWARM-A  19.367  340.649
2015-03-18T07:10:00Z  462.048  -17.545  -174.847  1.70462E-15  SWARM-A  19.373  342.568
2015-03-18T07:10:30Z  461.428  -15.618  -174.876  1.71428E-15  SWARM-A  19.380  344.487
2015-03-18T07:11:00Z  460.840  -13.691  -174.906  1.72319E-15  SWARM-A  19.386  346.407
2015-03-18T07:11:30Z  460.286  -11.763  -174.939  1.73127E-15  SWARM-A  19.392  348.326
2015-03-18T07:12:00Z  459.767  -9.834  -174.972  1.73838E-15  SWARM-A  19.398  350.246
2015-03-18T07:12:30Z  459.286  -7.905  -175.007  1.74446E-15  SWARM-A  19.404  352.165
2015-03-18T07:13:00Z  458.842  -5.975  -175.042  1.74948E-15  SWARM-A  19.410  354.085
2015-03-18T07:13:30Z  458.437  -4.045  -175.078  1.75333E-15  SWARM-A  19.416  356.005
2015-03-18T07:14:00Z  458.073  -2.115  -175.114  1.75600E-15  SWARM-A  19.422  357.926
2015-03-18T07:14:30Z  457.749  -0.185  -175.151  1.75752E-15  SWARM-A  19.428  359.846
2015-03-18T07:15:00Z  457.466  1.746  -175.187  1.75788E-15  SWARM-A  19.434  1.767
2015-03-18T07:15:30Z  457.224  3.677  -175.224  1.75715E-15  SWARM-A  19.440  3.688
2015-03-18T07:16:00Z  457.024  5.608  -175.260  1.75535E-15  SWARM-A  19.446  5.609
2015-03-18T07:16:30Z  456.865  7.538  -175.295  1.75258E-15  SWARM-A  19.452  7.530
2015-03-18T07:17:00Z  456.747  9.469  -175.330  1.74889E-15  SWARM-A  19.458  9.451
2015-03-18T07:17:30Z  456.669  11.400  -175.363  1.74450E-15  SWARM-A  19.464  11.373
2015-03-18T07:18:00Z  456.632  13.330  -175.396  1.73917E-15  SWARM-A  19.470  13.294
2015-03-18T07:18:30Z  456.633  15.260  -175.426  1.73329E-15  SWARM-A  19.476  15.216
2015-03-18T07:19:00Z  456.673  17.190  -175.455  1.72698E-15  SWARM-A  19.483  17.138
2015-03-18T07:19:30Z  456.749  19.120  -175.483  1.72032E-15  SWARM-A  19.489  19.060
2015-03-18T07:20:00Z  456.861  21.049  -175.507  1.71326E-15  SWARM-A  19.496  20.982
2015-03-18T07:20:30Z  457.008  22.977  -175.529  1.70588E-15  SWARM-A  19.503  22.904
2015-03-18T07:21:00Z  457.187  24.906  -175.549  1.69820E-15  SWARM-A  19.510  24.827
2015-03-18T07:21:30Z  457.396  26.833  -175.564  1.69023E-15  SWARM-A  19.517  26.749
2015-03-18T07:22:00Z  457.635  28.760  -175.577  1.68194E-15  SWARM-A  19.525  28.672
2015-03-18T07:22:30Z  457.900  30.686  -175.584  1.67331E-15  SWARM-A  19.532  30.595
2015-03-18T07:23:00Z  458.191  32.612  -175.587  1.66442E-15  SWARM-A  19.541  32.518
2015-03-18T07:23:30Z  458.504  34.537  -175.585  1.65520E-15  SWARM-A  19.549  34.441
2015-03-18T07:24:00Z  458.838  36.461  -175.577  1.64576E-15  SWARM-A  19.558  36.364
2015-03-18T07:24:30Z  459.189  38.384  -175.562  1.63592E-15  SWARM-A  19.567  38.287
2015-03-18T07:25:00Z  459.557  40.306  -175.539  1.62596E-15  SWARM-A  19.577  40.211
2015-03-18T07:25:30Z  459.938  42.227  -175.508  1.61571E-15  SWARM-A  19.588  42.134
2015-03-18T07:26:00Z  460.330  44.148  -175.467  1.60529E-15  SWARM-A  19.599  44.058
2015-03-18T07:26:30Z  460.730  46.068  -175.415  1.59370E-15  SWARM-A  19.610  45.981
2015-03-18T07:27:00Z  461.136  47.986  -175.350  1.58143E-15  SWARM-A  19.623  47.905
2015-03-18T07:27:30Z  461.545  49.903  -175.270  1.56899E-15  SWARM-A  19.637  49.829
2015-03-18T07:28:00Z  461.955  51.820  -175.174  1.55654E-15  SWARM-A  19.651  51.753
2015-03-18T07:28:30Z  462.363  53.735  -175.058  1.54440E-15  SWARM-A  19.668  53.677
2015-03-18T07:29:00Z  462.767  55.649  -174.919  1.53309E-15  SWARM-A  19.685  55.601
2015-03-18T07:29:30Z  463.165  57.562  -174.753  1.52315E-15  SWARM-A  19.705  57.525
2015-03-18T07:30:00Z  463.554  59.473  -174.555  1.51474E-15  SWARM-A  19.726  59.449
2015-03-18T07:30:30Z  463.932  61.382  -174.318  1.50747E-15  SWARM-A  19.750  61.373
2015-03-18T07:31:00Z  464.296  63.290  -174.033  1.50044E-15  SWARM-A  19.778  63.298
2015-03-18T07:31:30Z  464.645  65.197  -173.692  1.49290E-15  SWARM-A  19.809  65.222
2015-03-18T07:32:00Z  464.977  67.100  -173.277  1.48452E-15  SWARM-A  19.845  67.146
2015-03-18T07:32:30Z  465.289  69.002  -172.771  1.47377E-15  SWARM-A  19.887  69.071
2015-03-18T07:33:00Z  465.581  70.899  -172.146  1.46119E-15  SWARM-A  19.937  70.995
2015-03-18T07:33:30Z  465.850  72.793  -171.362  1.44746E-15  SWARM-A  19.997  72.920
2015-03-18T07:34:00Z  466.095  74.681  -170.361  1.43354E-15  SWARM-A  20.072  74.844
2015-03-18T07:34:30Z  466.314  76.562  -169.053  1.42034E-15  SWARM-A  20.168  76.769
2015-03-18T07:35:00Z  466.507  78.432  -167.290  1.40866E-15  SWARM-A  20.294  78.693
2015-03-18T07:35:30Z  466.672  80.285  -164.815  1.39903E-15  SWARM-A  20.467  80.618
2015-03-18T07:36:00Z  466.809  82.108  -161.142  1.39170E-15  SWARM-A  20.720  82.542
2015-03-18T07:36:30Z  466.916  83.877  -155.251  1.38553E-15  SWARM-A  21.121  84.467
2015-03-18T07:37:00Z  466.993  85.527  -144.744  1.38185E-15  SWARM-A  21.830  86.392
2015-03-18T07:37:30Z  467.040  86.862  -123.798  1.38049E-15  SWARM-A  23.235  88.316
2015-03-18T07:38:00Z  467.056  87.356  -86.488  1.38035E-15  SWARM-A  1.731  90.241
2015-03-18T07:38:30Z  467.042  86.617  -52.298  1.38022E-15  SWARM-A  4.018  92.166
2015-03-18T07:39:00Z  466.997  85.182  -34.389  1.38064E-15  SWARM-A  5.220  94.090
2015-03-18T07:39:30Z  466.922  83.496  -25.231  1.38171E-15  SWARM-A  5.839  96.015
2015-03-18T07:40:00Z  466.817  81.712  -19.962  1.38313E-15  SWARM-A  6.199  97.939
2015-03-18T07:40:30Z  466.682  79.880  -16.613  1.38489E-15  SWARM-A  6.431  99.864
2015-03-18T07:41:00Z  466.519  78.023  -14.325  1.38652E-15  SWARM-A  6.591  101.788
2015-03-18T07:41:30Z  466.328  76.151  -12.679  1.38870E-15  SWARM-A  6.710  103.713
2015-03-18T07:42:00Z  466.111  74.268  -11.448  1.39183E-15  SWARM-A  6.800  105.638
2015-03-18T07:42:30Z  465.868  72.378  -10.501  1.39606E-15  SWARM-A  6.871  107.562
2015-03-18T07:43:00Z  465.602  70.484  -9.756  1.40152E-15  SWARM-A  6.929  109.486
2015-03-18T07:43:30Z  465.313  68.585  -9.160  1.40815E-15  SWARM-A  6.977  111.411
2015-03-18T07:44:00Z  465.003  66.683  -8.676  1.41570E-15  SWARM-A  7.018  113.335
2015-03-18T07:44:30Z  464.674  64.779  -8.279  1.42369E-15  SWARM-A  7.053  115.260
2015-03-18T07:45:00Z  464.327  62.873  -7.951  1.43176E-15  SWARM-A  7.083  117.184
2015-03-18T07:45:30Z  463.966  60.964  -7.678  1.43955E-15  SWARM-A  7.110  119.108
2015-03-18T07:46:00Z  463.592  59.054  -7.450  1.44726E-15  SWARM-A  7.133  121.032
2015-03-18T07:46:30Z  463.207  57.143  -7.259  1.45493E-15  SWARM-A  7.154  122.956
2015-03-18T07:47:00Z  462.813  55.230  -7.100  1.46244E-15  SWARM-A  7.173  124.880
2015-03-18T07:47:30Z  462.413  53.316  -6.966  1.47025E-15  SWARM-A  7.190  126.804
2015-03-18T07:48:00Z  462.009  51.400  -6.854  1.47817E-15  SWARM-A  7.206  128.728
2015-03-18T07:48:30Z  461.604  49.484  -6.762  1.48615E-15  SWARM-A  7.221  130.652
2015-03-18T07:49:00Z  461.200  47.566  -6.686  1.49401E-15  SWARM-A  7.234  132.576
2015-03-18T07:49:30Z  460.799  45.648  -6.624  1.50166E-15  SWARM-A  7.247  134.499
2015-03-18T07:50:00Z  460.405  43.728  -6.574  1.50906E-15  SWARM-A  7.258  136.423
2015-03-18T07:50:30Z  460.019  41.807  -6.535  1.51624E-15  SWARM-A  7.269  138.346
2015-03-18T07:51:00Z  459.645  39.886  -6.506  1.52315E-15  SWARM-A  7.279  140.270
2015-03-18T07:51:30Z  459.283  37.963  -6.485  1.52988E-15  SWARM-A  7.289  142.193
2015-03-18T07:52:00Z  458.938  36.040  -6.472  1.53601E-15  SWARM-A  7.298  144.116
2015-03-18T07:52:30Z  458.611  34.116  -6.465  1.54196E-15  SWARM-A  7.307  146.039
2015-03-18T07:53:00Z  458.305  32.191  -6.464  1.54772E-15  SWARM-A  7.316  147.962
2015-03-18T07:53:30Z  458.021  30.265  -6.468  1.55337E-15  SWARM-A  7.324  149.885
2015-03-18T07:54:00Z  457.763  28.339  -6.477  1.55883E-15  SWARM-A  7.331  151.808
2015-03-18T07:54:30Z  457.532  26.412  -6.490  1.56418E-15  SWARM-A  7.339  153.730
2015-03-18T07:55:00Z  457.329  24.485  -6.506  1.56942E-15  SWARM-A  7.346  155.653
2015-03-18T07:55:30Z  457.158  22.556  -6.526  1.57452E-15  SWARM-A  7.353  157.575
2015-03-18T07:56:00Z  457.020  20.628  -6.549  1.57928E-15  SWARM-A  7.360  159.497
2015-03-18T07:56:30Z  456.915  18.699  -6.574  1.58389E-15  SWARM-A  7.367  161.419
2015-03-18T07:57:00Z  456.847  16.769  -6.602  1.58831E-15  SWARM-A  7.373  163.341
2015-03-18T07:57:30Z  456.815  14.839  -6.631  1.59253E-15  SWARM-A  7.379  165.263
2015-03-18T07:58:00Z  456.821  12.909  -6.663  1.59646E-15  SWARM-A  7.386  167.185
2015-03-18T07:58:30Z  456.867  10.979  -6.695  1.60003E-15  SWARM-A  7.392  169.106
2015-03-18T07:59:00Z  456.952  9.048  -6.729  1.60317E-15  SWARM-A  7.398  171.027
2015-03-18T07:59:30Z  457.077  7.118  -6.764  1.60579E-15  SWARM-A  7.404  172.948
2015-03-18T08:00:00Z  457.243  5.187  -6.799  1.60784E-15  SWARM-A  7.410  174.869
2015-03-18T08:00:30Z  457.451  3.256  -6.836  1.60921E-15  SWARM-A  7.416  176.790
2015-03-18T08:01:00Z  457.699  1.326  -6.872  1.60970E-15  SWARM-A  7.422  178.711
2015-03-18T08:01:30Z  457.988  -0.605  -6.909  1.60936E-15  SWARM-A  7.428  180.631
2015-03-18T08:02:00Z  458.319  -2.535  -6.945  1.60820E-15  SWARM-A  7.433  182.552
2015-03-18T08:02:30Z  458.689  -4.465  -6.981  1.60623E-15  SWARM-A  7.439  184.472
2015-03-18T08:03:00Z  459.099  -6.395  -7.017  1.60345E-15  SWARM-A  7.445  186.392
2015-03-18T08:03:30Z  459.547  -8.324  -7.052  1.59993E-15  SWARM-A  7.451  188.312
2015-03-18T08:04:00Z  460.034  -10.253  -7.087  1.59555E-15  SWARM-A  7.457  190.231
2015-03-18T08:04:30Z  460.556  -12.182  -7.120  1.59047E-15  SWARM-A  7.464  192.151
2015-03-18T08:05:00Z  461.114  -14.110  -7.152  1.58462E-15  SWARM-A  7.470  194.070
2015-03-18T08:05:30Z  461.705  -16.037  -7.182  1.57806E-15  SWARM-A  7.476  195.989
2015-03-18T08:06:00Z  462.328  -17.964  -7.211  1.57083E-15  SWARM-A  7.482  197.908
2015-03-18T08:06:30Z  462.981  -19.890  -7.237  1.56297E-15  SWARM-A  7.489  199.827
2015-03-18T08:07:00Z  463.662  -21.815  -7.261  1.55452E-15  SWARM-A  7.496  201.746
2015-03-18T08:07:30Z  464.368  -23.739  -7.282  1.54552E-15  SWARM-A  7.503  203.664
2015-03-18T08:08:00Z  465.098  -25.663  -7.300  1.53604E-15  SWARM-A  7.510  205.582
2015-03-18T08:08:30Z  465.849  -27.586  -7.315  1.52607E-15  SWARM-A  7.517  207.500
2015-03-18T08:09:00Z  466.619  -29.508  -7.326  1.51567E-15  SWARM-A  7.525  209.418
2015-03-18T08:09:30Z  467.404  -31.428  -7.332  1.50486E-15  SWARM-A  7.533  211.336
2015-03-18T08:10:00Z  468.203  -33.348  -7.334  1.49368E-15  SWARM-A  7.541  213.254
2015-03-18T08:10:30Z  469.012  -35.267  -7.329  1.48226E-15  SWARM-A  7.550  215.171
2015-03-18T08:11:00Z  469.829  -37.185  -7.319  1.47066E-15  SWARM-A  7.559  217.088
2015-03-18T08:11:30Z  470.651  -39.101  -7.302  1.45888E-15  SWARM-A  7.568  219.005
2015-03-18T08:12:00Z  471.475  -41.017  -7.277  1.44696E-15  SWARM-A  7.578  220.922
2015-03-18T08:12:30Z  472.298  -42.931  -7.243  1.43494E-15  SWARM-A  7.589  222.839
2015-03-18T08:13:00Z  473.116  -44.844  -7.198  1.42297E-15  SWARM-A  7.600  224.756
2015-03-18T08:13:30Z  473.928  -46.756  -7.142  1.41081E-15  SWARM-A  7.612  226.672
2015-03-18T08:14:00Z  474.730  -48.667  -7.073  1.39871E-15  SWARM-A  7.625  228.589
2015-03-18T08:14:30Z  475.519  -50.576  -6.989  1.38680E-15  SWARM-A  7.639  230.505
2015-03-18T08:15:00Z  476.292  -52.485  -6.887  1.37522E-15  SWARM-A  7.654  232.421
2015-03-18T08:15:30Z  477.047  -54.391  -6.764  1.36379E-15  SWARM-A  7.671  234.337
2015-03-18T08:16:00Z  477.781  -56.297  -6.618  1.35230E-15  SWARM-A  7.689  236.252
2015-03-18T08:16:30Z  478.490  -58.200  -6.443  1.34125E-15  SWARM-A  7.709  238.168
2015-03-18T08:17:00Z  479.173  -60.103  -6.234  1.33080E-15  SWARM-A  7.731  240.084
2015-03-18T08:17:30Z  479.827  -62.003  -5.984  1.32097E-15  SWARM-A  7.756  241.999
2015-03-18T08:18:00Z  480.450  -63.902  -5.685  1.31147E-15  SWARM-A  7.784  243.915
2015-03-18T08:18:30Z  481.038  -65.798  -5.324  1.30269E-15  SWARM-A  7.817  245.830
2015-03-18T08:19:00Z  481.591  -67.692  -4.886  1.29501E-15  SWARM-A  7.854  247.745
2015-03-18T08:19:30Z  482.105  -69.583  -4.350  1.28855E-15  SWARM-A  7.898  249.660
2015-03-18T08:20:00Z  482.580  -71.470  -3.685  1.28226E-15  SWARM-A  7.951  251.575
2015-03-18T08:20:30Z  483.013  -73.353  -2.848  1.27659E-15  SWARM-A  8.015  253.490
2015-03-18T08:21:00Z  483.402  -75.230  -1.774  1.27192E-15  SWARM-A  8.095  255.405
2015-03-18T08:21:30Z  483.746  -77.099  -0.362  1.26802E-15  SWARM-A  8.197  257.320
2015-03-18T08:22:00Z  484.045  -78.955  1.560  1.26478E-15  SWARM-A  8.334  259.235
2015-03-18T08:22:30Z  484.296  -80.792  4.290  1.26206E-15  SWARM-A  8.524  261.149
2015-03-18T08:23:00Z  484.498  -82.595  8.411  1.25934E-15  SWARM-A  8.807  263.064
2015-03-18T08:23:30Z  484.652  -84.332  15.175  1.25733E-15  SWARM-A  9.267  264.979
2015-03-18T08:24:00Z  484.757  -85.919  27.596  1.25640E-15  SWARM-A  10.103  266.893
2015-03-18T08:24:30Z  484.811  -87.098  52.545  1.25791E-15  SWARM-A  11.775  268.808
2015-03-18T08:25:00Z  484.815  -87.276  91.812  1.26070E-15  SWARM-A  14.401  270.723
2015-03-18T08:25:30Z  484.769  -86.305  121.584  1.26349E-15  SWARM-A  16.394  272.637
2015-03-18T08:26:00Z  484.674  -84.791  136.585  1.26666E-15  SWARM-A  17.402  274.552
2015-03-18T08:26:30Z  484.528  -83.083  144.489  1.27062E-15  SWARM-A  17.938  276.467
2015-03-18T08:27:00Z  484.334  -81.294  149.169  1.27437E-15  SWARM-A  18.258  278.381
2015-03-18T08:27:30Z  484.091  -79.465  152.208  1.27963E-15  SWARM-A  18.469  280.296
2015-03-18T08:28:00Z  483.801  -77.613  154.315  1.28472E-15  SWARM-A  18.618  282.211
2015-03-18T08:28:30Z  483.465  -75.747  155.847  1.28958E-15  SWARM-A  18.728  284.126
2015-03-18T08:29:00Z  483.084  -73.873  157.002  1.29276E-15  SWARM-A  18.813  286.040
2015-03-18T08:29:30Z  482.659  -71.991  157.896  1.29587E-15  SWARM-A  18.881  287.955
2015-03-18T08:30:00Z  482.192  -70.105  158.604  1.29814E-15  SWARM-A  18.937  289.870
2015-03-18T08:30:30Z  481.684  -68.215  159.172  1.30184E-15  SWARM-A  18.983  291.786
2015-03-18T08:31:00Z  481.139  -66.321  159.635  1.30539E-15  SWARM-A  19.022  293.701
2015-03-18T08:31:30Z  480.557  -64.426  160.015  1.30922E-15  SWARM-A  19.056  295.616
2015-03-18T08:32:00Z  479.940  -62.528  160.330  1.31511E-15  SWARM-A  19.085  297.531
2015-03-18T08:32:30Z  479.292  -60.628  160.593  1.32165E-15  SWARM-A  19.111  299.447
2015-03-18T08:33:00Z  478.614  -58.726  160.812  1.33035E-15  SWARM-A  19.134  301.362
2015-03-18T08:33:30Z  477.908  -56.823  160.996  1.33963E-15  SWARM-A  19.155  303.278
2015-03-18T08:34:00Z  477.179  -54.918  161.150  1.34923E-15  SWARM-A  19.173  305.194
2015-03-18T08:34:30Z  476.427  -53.011  161.279  1.35800E-15  SWARM-A  19.190  307.110
2015-03-18T08:35:00Z  475.656  -51.104  161.386  1.36544E-15  SWARM-A  19.206  309.026
2015-03-18T08:35:30Z  474.869  -49.194  161.475  1.37162E-15  SWARM-A  19.220  310.942
2015-03-18T08:36:00Z  474.069  -47.284  161.548  1.37590E-15  SWARM-A  19.233  312.858
2015-03-18T08:36:30Z  473.258  -45.372  161.607  1.37947E-15  SWARM-A  19.245  314.775
2015-03-18T08:37:00Z  472.439  -43.459  161.655  1.38387E-15  SWARM-A  19.257  316.691
2015-03-18T08:37:30Z  471.616  -41.545  161.692  1.39045E-15  SWARM-A  19.268  318.608
2015-03-18T08:38:00Z  470.791  -39.630  161.719  1.39932E-15  SWARM-A  19.278  320.525
2015-03-18T08:38:30Z  469.967  -37.714  161.739  1.40984E-15  SWARM-A  19.288  322.442
2015-03-18T08:39:00Z  469.147  -35.796  161.751  1.42106E-15  SWARM-A  19.297  324.359
2015-03-18T08:39:30Z  468.334  -33.878  161.756  1.43219E-15  SWARM-A  19.305  326.277
2015-03-18T08:40:00Z  467.532  -31.958  161.756  1.44297E-15  SWARM-A  19.314  328.194
2015-03-18T08:40:30Z  466.741  -30.038  161.751  1.45328E-15  SWARM-A  19.322  330.112
2015-03-18T08:41:00Z  465.966  -28.116  161.742  1.46296E-15  SWARM-A  19.329  332.030
2015-03-18T08:41:30Z  465.209  -26.193  161.728  1.47243E-15  SWARM-A  19.337  333.948
2015-03-18T08:42:00Z  464.473  -24.270  161.711  1.48143E-15  SWARM-A  19.344  335.866
2015-03-18T08:42:30Z  463.759  -22.346  161.690  1.49015E-15  SWARM-A  19.351  337.785
2015-03-18T08:43:00Z  463.070  -20.421  161.667  1.49843E-15  SWARM-A  19.358  339.703
2015-03-18T08:43:30Z  462.409  -18.495  161.641  1.50659E-15  SWARM-A  19.364  341.622
2015-03-18T08:44:00Z  461.777  -16.568  161.614  1.51421E-15  SWARM-A  19.371  343.541
2015-03-18T08:44:30Z  461.176  -14.641  161.584  1.52147E-15  SWARM-A  19.377  345.460
2015-03-18T08:45:00Z  460.609  -12.713  161.552  1.52833E-15  SWARM-A  19.383  347.380
2015-03-18T08:45:30Z  460.076  -10.785  161.519  1.53465E-15  SWARM-A  19.390  349.299
2015-03-18T08:46:00Z  459.579  -8.856  161.485  1.54045E-15  SWARM-A  19.396  351.219
2015-03-18T08:46:30Z  459.119  -6.927  161.451  1.54575E-15  SWARM-A  19.402  353.139
2015-03-18T08:47:00Z  458.698  -4.997  161.415  1.55053E-15  SWARM-A  19.408  355.059
2015-03-18T08:47:30Z  458.316  -3.067  161.379  1.55483E-15  SWARM-A  19.414  356.979
2015-03-18T08:48:00Z  457.975  -1.136  161.342  1.55866E-15  SWARM-A  19.419  358.899
2015-03-18T08:48:30Z  457.674  0.794  161.306  1.56203E-15  SWARM-A  19.425  0.820
2015-03-18T08:49:00Z  457.414  2.725  161.269  1.56500E-15  SWARM-A  19.431  2.740
2015-03-18T08:49:30Z  457.195  4.656  161.233  1.56757E-15  SWARM-A  19.437  4.661
2015-03-18T08:50:00Z  457.018  6.586  161.197  1.56977E-15  SWARM-A  19.443  6.582
2015-03-18T08:50:30Z  456.882  8.517  161.162  1.57161E-15  SWARM-A  19.449  8.503
2015-03-18T08:51:00Z  456.786  10.448  161.128  1.57315E-15  SWARM-A  19.455  10.425
2015-03-18T08:51:30Z  456.730  12.378  161.095  1.57432E-15  SWARM-A  19.461  12.346
2015-03-18T08:52:00Z  456.714  14.308  161.063  1.57518E-15  SWARM-A  19.468  14.268
2015-03-18T08:52:30Z  456.736  16.238  161.033  1.57568E-15  SWARM-A  19.474  16.190
2015-03-18T08:53:00Z  456.796  18.168  161.005  1.57583E-15  SWARM-A  19.480  18.112
2015-03-18T08:53:30Z  456.892  20.097  160.979  1.57559E-15  SWARM-A  19.487  20.034
2015-03-18T08:54:00Z  457.022  22.026  160.956  1.57490E-15  SWARM-A  19.494  21.956
2015-03-18T08:54:30Z  457.186  23.954  160.935  1.57376E-15  SWARM-A  19.501  23.878
2015-03-18T08:55:00Z  457.382  25.882  160.918  1.57208E-15  SWARM-A  19.508  25.801
2015-03-18T08:55:30Z  457.607  27.809  160.904  1.56983E-15  SWARM-A  19.515  27.723
2015-03-18T08:56:00Z  457.860  29.736  160.894  1.56696E-15  SWARM-A  19.523  29.646
2015-03-18T08:56:30Z  458.139  31.662  160.888  1.56348E-15  SWARM-A  19.531  31.569
2015-03-18T08:57:00Z  458.441  33.587  160.888  1.55930E-15  SWARM-A  19.539  33.492
2015-03-18T08:57:30Z  458.766  35.511  160.893  1.55449E-15  SWARM-A  19.548  35.415
2015-03-18T08:58:00Z  459.109  37.435  160.904  1.54904E-15  SWARM-A  19.557  37.338
2015-03-18T08:58:30Z  459.469  39.357  160.923  1.54267E-15  SWARM-A  19.567  39.261
2015-03-18T08:59:00Z  459.844  41.279  160.950  1.53541E-15  SWARM-A  19.577  41.185
2015-03-18T08:59:30Z  460.230  43.200  160.986  1.52759E-15  SWARM-A  19.587  43.108
2015-03-18T09:00:00Z  460.626  45.120  161.032  1.52172E-15  SWARM-A  19.599  45.032
2015-03-18T09:00:30Z  461.029  47.039  161.091  1.51300E-15  SWARM-A  19.611  46.955
2015-03-18T09:01:00Z  461.437  48.957  161.163  1.50382E-15  SWARM-A  19.624  48.879
2015-03-18T09:01:30Z  461.846  50.874  161.251  1.49417E-15  SWARM-A  19.638  50.803
2015-03-18T09:02:00Z  462.255  52.790  161.356  1.48402E-15  SWARM-A  19.654  52.727
2015-03-18T09:02:30Z  462.660  54.704  161.484  1.47344E-15  SWARM-A  19.671  54.651
2015-03-18T09:03:00Z  463.060  56.617  161.636  1.46268E-15  SWARM-A  19.689  56.575
2015-03-18T09:03:30Z  463.452  58.529  161.817  1.45228E-15  SWARM-A  19.710  58.499
2015-03-18T09:04:00Z  463.835  60.440  162.034  1.44134E-15  SWARM-A  19.732  60.423
2015-03-18T09:04:30Z  464.204  62.348  162.294  1.43106E-15  SWARM-A  19.758  62.347
2015-03-18T09:05:00Z  464.560  64.255  162.605  1.42160E-15  SWARM-A  19.787  64.271
2015-03-18T09:05:30Z  464.898  66.160  162.982  1.41212E-15  SWARM-A  19.820  66.196
2015-03-18T09:06:00Z  465.219  68.063  163.439  1.40179E-15  SWARM-A  19.859  68.120
2015-03-18T09:06:30Z  465.519  69.962  164.002  1.39027E-15  SWARM-A  19.905  70.044
2015-03-18T09:07:00Z  465.797  71.858  164.701  1.37728E-15  SWARM-A  19.960  71.969
2015-03-18T09:07:30Z  466.052  73.749  165.586  1.36318E-15  SWARM-A  20.027  73.893
2015-03-18T09:08:00Z  466.281  75.634  166.728  1.34868E-15  SWARM-A  20.112  75.818
2015-03-18T09:08:30Z  466.485  77.510  168.242  1.33562E-15  SWARM-A  20.221  77.742
2015-03-18T09:09:00Z  466.661  79.372  170.322  1.32342E-15  SWARM-A  20.368  79.667
2015-03-18T09:09:30Z  466.810  81.212  173.319  1.31265E-15  SWARM-A  20.576  81.591
2015-03-18T09:10:00Z  466.929  83.013  177.930  1.30376E-15  SWARM-A  20.892  83.516
2015-03-18T09:10:30Z  467.018  84.734  -174.295  1.29703E-15  SWARM-A  21.419  85.440
2015-03-18T09:11:00Z  467.077  86.265  -159.550  1.29256E-15  SWARM-A  22.410  87.365
2015-03-18T09:11:30Z  467.105  87.264  -130.104  1.29012E-15  SWARM-A  0.381  89.290
2015-03-18T09:12:00Z  467.103  87.114  -90.546  1.28809E-15  SWARM-A  3.027  91.214
2015-03-18T09:12:30Z  467.070  85.940  -65.174  1.28520E-15  SWARM-A  4.727  93.139
2015-03-18T09:13:00Z  467.007  84.348  -52.588  1.28319E-15  SWARM-A  5.574  95.063
2015-03-18T09:13:30Z  466.913  82.602  -45.763  1.28195E-15  SWARM-A  6.038  96.988
2015-03-18T09:14:00Z  466.789  80.790  -41.618  1.28109E-15  SWARM-A  6.322  98.913
2015-03-18T09:14:30Z  466.637  78.944  -38.877  1.28040E-15  SWARM-A  6.513  100.837
2015-03-18T09:15:00Z  466.456  77.078  -36.952  1.27990E-15  SWARM-A  6.650  102.762
2015-03-18T09:15:30Z  466.249  75.200  -35.537  1.27967E-15  SWARM-A  6.753  104.686
2015-03-18T09:16:00Z  466.015  73.313  -34.463  1.27989E-15  SWARM-A  6.833  106.611
2015-03-18T09:16:30Z  465.756  71.421  -33.626  1.28040E-15  SWARM-A  6.897  108.535
2015-03-18T09:17:00Z  465.474  69.524  -32.962  1.28168E-15  SWARM-A  6.949  110.459
2015-03-18T09:17:30Z  465.171  67.624  -32.426  1.28414E-15  SWARM-A  6.993  112.384
2015-03-18T09:18:00Z  464.847  65.721  -31.989  1.28783E-15  SWARM-A  7.031  114.308
2015-03-18T09:18:30Z  464.506  63.815  -31.629  1.29273E-15  SWARM-A  7.063  116.232
2015-03-18T09:19:00Z  464.148  61.908  -31.330  1.29848E-15  SWARM-A  7.091  118.157
2015-03-18T09:19:30Z  463.776  59.999  -31.081  1.30482E-15  SWARM-A  7.116  120.081
2015-03-18T09:20:00Z  463.392  58.088  -30.873  1.31134E-15  SWARM-A  7.139  122.005
2015-03-18T09:20:30Z  462.998  56.176  -30.699  1.31773E-15  SWARM-A  7.159  123.929
2015-03-18T09:21:00Z  462.597  54.262  -30.553  1.32444E-15  SWARM-A  7.177  125.853
2015-03-18T09:21:30Z  462.191  52.347  -30.431  1.33156E-15  SWARM-A  7.193  127.777
2015-03-18T09:22:00Z  461.782  50.431  -30.329  1.33906E-15  SWARM-A  7.208  129.701
2015-03-18T09:22:30Z  461.372  48.514  -30.245  1.34682E-15  SWARM-A  7.222  131.625
2015-03-18T09:23:00Z  460.966  46.596  -30.177  1.35477E-15  SWARM-A  7.235  133.548
2015-03-18T09:23:30Z  460.563  44.677  -30.121  1.36271E-15  SWARM-A  7.247  135.472
2015-03-18T09:24:00Z  460.169  42.757  -30.077  1.37069E-15  SWARM-A  7.258  137.395
2015-03-18T09:24:30Z  459.784  40.836  -30.044  1.37858E-15  SWARM-A  7.269  139.319
2015-03-18T09:25:00Z  459.411  38.914  -30.019  1.38634E-15  SWARM-A  7.279  141.242
2015-03-18T09:25:30Z  459.053  36.991  -30.002  1.39398E-15  SWARM-A  7.288  143.165
2015-03-18T09:26:00Z  458.712  35.067  -29.992  1.40122E-15  SWARM-A  7.297  145.089
2015-03-18T09:26:30Z  458.390  33.142  -29.988  1.40814E-15  SWARM-A  7.306  147.012
2015-03-18T09:27:00Z  458.091  31.217  -29.989  1.41430E-15  SWARM-A  7.314  148.935
2015-03-18T09:27:30Z  457.815  29.291  -29.996  1.42033E-15  SWARM-A  7.322  150.857
2015-03-18T09:28:00Z  457.566  27.364  -30.007  1.42630E-15  SWARM-A  7.330  152.780
2015-03-18T09:28:30Z  457.345  25.437  -30.022  1.43225E-15  SWARM-A  7.337  154.703
2015-03-18T09:29:00Z  457.154  23.509  -30.040  1.43815E-15  SWARM-A  7.344  156.625
2015-03-18T09:29:30Z  456.995  21.581  -30.062  1.44402E-15  SWARM-A  7.351  158.547
2015-03-18T09:30:00Z  456.869  19.652  -30.086  1.44983E-15  SWARM-A  7.358  160.469
2015-03-18T09:30:30Z  456.779  17.723  -30.112  1.45560E-15  SWARM-A  7.364  162.392
2015-03-18T09:31:00Z  456.725  15.793  -30.141  1.46118E-15  SWARM-A  7.371  164.313
2015-03-18T09:31:30Z  456.709  13.863  -30.171  1.46680E-15  SWARM-A  7.377  166.235
2015-03-18T09:32:00Z  456.731  11.933  -30.203  1.47208E-15  SWARM-A  7.383  168.157
2015-03-18T09:32:30Z  456.793  10.002  -30.236  1.47720E-15  SWARM-A  7.389  170.078
2015-03-18T09:33:00Z  456.895  8.071  -30.271  1.48204E-15  SWARM-A  7.395  171.999
2015-03-18T09:33:30Z  457.038  6.141  -30.306  1.48656E-15  SWARM-A  7.401  173.921
2015-03-18T09:34:00Z  457.222  4.210  -30.342  1.49068E-15  SWARM-A  7.407  175.842
2015-03-18T09:34:30Z  457.448  2.279  -30.378  1.49435E-15  SWARM-A  7.413  177.762
2015-03-18T09:35:00Z  457.714  0.348  -30.415  1.49752E-15  SWARM-A  7.419  179.683
2015-03-18T09:35:30Z  458.022  -1.582  -30.451  1.50006E-15  SWARM-A  7.425  181.604
2015-03-18T09:36:00Z  458.371  -3.512  -30.488  1.50203E-15  SWARM-A  7.431  183.524
2015-03-18T09:36:30Z  458.759  -5.442  -30.524  1.50341E-15  SWARM-A  7.437  185.444
2015-03-18T09:37:00Z  459.187  -7.372  -30.559  1.50423E-15  SWARM-A  7.443  187.364
2015-03-18T09:37:30Z  459.653  -9.301  -30.594  1.50430E-15  SWARM-A  7.449  189.284
2015-03-18T09:38:00Z  460.157  -11.230  -30.628  1.50335E-15  SWARM-A  7.455  191.203
2015-03-18T09:38:30Z  460.696  -13.158  -30.660  1.50265E-15  SWARM-A  7.461  193.123
2015-03-18T09:39:00Z  461.270  -15.086  -30.691  1.50102E-15  SWARM-A  7.467  195.042
2015-03-18T09:39:30Z  461.877  -17.013  -30.721  1.49873E-15  SWARM-A  7.474  196.961
2015-03-18T09:40:00Z  462.514  -18.939  -30.748  1.49599E-15  SWARM-A  7.480  198.880
2015-03-18T09:40:30Z  463.181  -20.865  -30.773  1.49282E-15  SWARM-A  7.487  200.799
2015-03-18T09:41:00Z  463.875  -22.790  -30.796  1.48926E-15  SWARM-A  7.494  202.718
2015-03-18T09:41:30Z  464.594  -24.714  -30.815  1.48490E-15  SWARM-A  7.501  204.636
2015-03-18T09:42:00Z  465.335  -26.637  -30.832  1.47963E-15  SWARM-A  7.508  206.554
2015-03-18T09:42:30Z  466.096  -28.560  -30.845  1.47406E-15  SWARM-A  7.516  208.472
2015-03-18T09:43:00Z  466.875  -30.481  -30.853  1.46823E-15  SWARM-A  7.523  210.390
2015-03-18T09:43:30Z  467.668  -32.402  -30.857  1.46215E-15  SWARM-A  7.531  212.308
2015-03-18T09:44:00Z  468.474  -34.321  -30.856  1.45586E-15  SWARM-A  7.540  214.226
2015-03-18T09:44:30Z  469.288  -36.239  -30.849  1.44934E-15  SWARM-A  7.549  216.143
2015-03-18T09:45:00Z  470.110  -38.156  -30.835  1.44257E-15  SWARM-A  7.558  218.060
2015-03-18T09:45:30Z  470.934  -40.073  -30.814  1.43561E-15  SWARM-A  7.568  219.977
2015-03-18T09:46:00Z  471.760  -41.988  -30.784  1.42844E-15  SWARM-A  7.578  221.894
2015-03-18T09:46:30Z  472.582  -43.901  -30.745  1.42102E-15  SWARM-A  7.589  223.811
2015-03-18T09:47:00Z  473.400  -45.814  -30.695  1.41339E-15  SWARM-A  7.601  225.728
2015-03-18T09:47:30Z  474.210  -47.725  -30.632  1.40553E-15  SWARM-A  7.613  227.644
2015-03-18T09:48:00Z  475.008  -49.636  -30.556  1.39747E-15  SWARM-A  7.626  229.560
2015-03-18T09:48:30Z  475.792  -51.544  -30.463  1.38911E-15  SWARM-A  7.641  231.476
2015-03-18T09:49:00Z  476.559  -53.452  -30.351  1.38023E-15  SWARM-A  7.657  233.393
2015-03-18T09:49:30Z  477.307  -55.358  -30.217  1.37101E-15  SWARM-A  7.674  235.308
2015-03-18T09:50:00Z  478.032  -57.263  -30.056  1.36114E-15  SWARM-A  7.693  237.224
2015-03-18T09:50:30Z  478.732  -59.166  -29.865  1.35110E-15  SWARM-A  7.714  239.140
2015-03-18T09:51:00Z  479.404  -61.067  -29.636  1.34094E-15  SWARM-A  7.738  241.056
2015-03-18T09:51:30Z  480.045  -62.967  -29.362  1.33065E-15  SWARM-A  7.764  242.971
2015-03-18T09:52:00Z  480.654  -64.864  -29.033  1.32037E-15  SWARM-A  7.795  244.886
2015-03-18T09:52:30Z  481.229  -66.759  -28.635  1.31020E-15  SWARM-A  7.830  246.802
2015-03-18T09:53:00Z  481.766  -68.652  -28.151  1.29893E-15  SWARM-A  7.870  248.717
2015-03-18T09:53:30Z  482.264  -70.541  -27.553  1.28694E-15  SWARM-A  7.918  250.632
2015-03-18T09:54:00Z  482.722  -72.427  -26.808  1.27610E-15  SWARM-A  7.976  252.547
2015-03-18T09:54:30Z  483.137  -74.307  -25.860  1.26661E-15  SWARM-A  8.048  254.462
2015-03-18T09:55:00Z  483.507  -76.180  -24.630  1.25828E-15  SWARM-A  8.138  256.377
2015-03-18T09:55:30Z  483.833  -78.043  -22.986  1.25097E-15  SWARM-A  8.256  258.292
2015-03-18T09:56:00Z  484.112  -79.890  -20.704  1.24422E-15  SWARM-A  8.417  260.206
2015-03-18T09:56:30Z  484.343  -81.712  -17.368  1.23939E-15  SWARM-A  8.647  262.121
2015-03-18T09:57:00Z  484.526  -83.488  -12.132  1.23450E-15  SWARM-A  9.005  264.036
2015-03-18T09:57:30Z  484.660  -85.166  -3.063  1.22961E-15  SWARM-A  9.618  265.951
2015-03-18T09:58:00Z  484.743  -86.598  14.593  1.22510E-15  SWARM-A  10.803  267.865
2015-03-18T09:58:30Z  484.777  -87.352  48.323  1.22156E-15  SWARM-A  13.060  269.780
2015-03-18T09:59:00Z  484.761  -86.888  85.709  1.21796E-15  SWARM-A  15.561  271.695
2015-03-18T09:59:30Z  484.695  -85.573  106.959  1.21446E-15  SWARM-A  16.986  273.609
2015-03-18T10:00:00Z  484.579  -83.938  117.633  1.21027E-15  SWARM-A  17.706  275.524
2015-03-18T10:00:30Z  484.414  -82.181  123.611  1.20729E-15  SWARM-A  18.113  277.439
2015-03-18T10:01:00Z  484.200  -80.369  127.334  1.20545E-15  SWARM-A  18.369  279.353
2015-03-18T10:01:30Z  483.938  -78.527  129.840  1.20460E-15  SWARM-A  18.545  281.268
2015-03-18T10:02:00Z  483.629  -76.667  131.624  1.20429E-15  SWARM-A  18.672  283.183
2015-03-18T10:02:30Z  483.275  -74.796  132.946  1.20421E-15  SWARM-A  18.768  285.098
2015-03-18T10:03:00Z  482.876  -72.918  133.958  1.20401E-15  SWARM-A  18.844  287.013
2015-03-18T10:03:30Z  482.435  -71.034  134.750  1.20393E-15  SWARM-A  18.905  288.928
2015-03-18T10:04:00Z  481.952  -69.145  135.382  1.20260E-15  SWARM-A  18.956  290.843
2015-03-18T10:04:30Z  481.430  -67.254  135.894  1.20010E-15  SWARM-A  18.998  292.758
2015-03-18T10:05:00Z  480.870  -65.359  136.312  1.19820E-15  SWARM-A  19.034  294.673
2015-03-18T10:05:30Z  480.275  -63.462  136.658  1.19638E-15  SWARM-A  19.066  296.588
2015-03-18T10:06:00Z  479.647  -61.563  136.945  1.19538E-15  SWARM-A  19.093  298.504
2015-03-18T10:06:30Z  478.988  -59.662  137.184  1.19568E-15  SWARM-A  19.118  300.419
2015-03-18T10:07:00Z  478.300  -57.760  137.385  1.19741E-15  SWARM-A  19.139  302.335
2015-03-18T10:07:30Z  477.587  -55.856  137.553  1.20079E-15  SWARM-A  19.159  304.251
2015-03-18T10:08:00Z  476.850  -53.950  137.693  1.20549E-15  SWARM-A  19.176  306.166
2015-03-18T10:08:30Z  476.093  -52.043  137.811  1.21101E-15  SWARM-A  19.193  308.082
2015-03-18T10:09:00Z  475.318  -50.134  137.909  1.21669E-15  SWARM-A  19.207  309.998
2015-03-18T10:09:30Z  474.528  -48.225  137.989  1.22195E-15  SWARM-A  19.221  311.915
2015-03-18T10:10:00Z  473.726  -46.314  138.055  1.22609E-15  SWARM-A  19.234  313.831
2015-03-18T10:10:30Z  472.915  -44.402  138.108  1.22887E-15  SWARM-A  19.246  315.748
2015-03-18T10:11:00Z  472.098  -42.488  138.150  1.23202E-15  SWARM-A  19.257  317.664
2015-03-18T10:11:30Z  471.278  -40.573  138.182  1.23602E-15  SWARM-A  19.267  319.581
2015-03-18T10:12:00Z  470.457  -38.658  138.205  1.24230E-15  SWARM-A  19.277  321.498
2015-03-18T10:12:30Z  469.639  -36.741  138.221  1.25068E-15  SWARM-A  19.287  323.415
2015-03-18T10:13:00Z  468.827  -34.823  138.230  1.26046E-15  SWARM-A  19.296  325.332
2015-03-18T10:13:30Z  468.023  -32.904  138.233  1.27088E-15  SWARM-A  19.304  327.250
2015-03-18T10:14:00Z  467.230  -30.984  138.230  1.28131E-15  SWARM-A  19.312  329.167
2015-03-18T10:14:30Z  466.452  -29.063  138.223  1.29147E-15  SWARM-A  19.320  331.085
2015-03-18T10:15:00Z  465.689  -27.141  138.211  1.30136E-15  SWARM-A  19.328  333.003
2015-03-18T10:15:30Z  464.946  -25.218  138.195  1.31100E-15  SWARM-A  19.335  334.921
2015-03-18T10:16:00Z  464.225  -23.294  138.177  1.32048E-15  SWARM-A  19.342  336.839
2015-03-18T10:16:30Z  463.527  -21.369  138.155  1.32977E-15  SWARM-A  19.349  338.758
2015-03-18T10:17:00Z  462.856  -19.444  138.130  1.33898E-15  SWARM-A  19.356  340.677
2015-03-18T10:17:30Z  462.213  -17.518  138.103  1.34802E-15  SWARM-A  19.362  342.595
2015-03-18T10:18:00Z  461.600  -15.591  138.074  1.35694E-15  SWARM-A  19.369  344.514
2015-03-18T10:18:30Z  461.019  -13.664  138.044  1.36569E-15  SWARM-A  19.375  346.433
2015-03-18T10:19:00Z  460.472  -11.736  138.012  1.37422E-15  SWARM-A  19.381  348.353
2015-03-18T10:19:30Z  459.960  -9.807  137.978  1.38247E-15  SWARM-A  19.387  350.272
2015-03-18T10:20:00Z  459.485  -7.878  137.944  1.39046E-15  SWARM-A  19.393  352.192
2015-03-18T10:20:30Z  459.047  -5.948  137.908  1.39810E-15  SWARM-A  19.399  354.112
2015-03-18T10:21:00Z  458.648  -4.019  137.873  1.40543E-15  SWARM-A  19.405  356.032
2015-03-18T10:21:30Z  458.289  -2.088  137.836  1.41239E-15  SWARM-A  19.411  357.952
2015-03-18T10:22:00Z  457.970  -0.158  137.800  1.41898E-15  SWARM-A  19.417  359.872
2015-03-18T10:22:30Z  457.691  1.772  137.763  1.42517E-15  SWARM-A  19.423  1.793
2015-03-18T10:23:00Z  457.453  3.703  137.727  1.43100E-15  SWARM-A  19.429  3.714
2015-03-18T10:23:30Z  457.257  5.634  137.691  1.43640E-15  SWARM-A  19.435  5.635
2015-03-18T10:24:00Z  457.101  7.564  137.655  1.44137E-15  SWARM-A  19.441  7.556
2015-03-18T10:24:30Z  456.986  9.495  137.621  1.44596E-15  SWARM-A  19.447  9.477
2015-03-18T10:25:00Z  456.911  11.426  137.587  1.45010E-15  SWARM-A  19.453  11.398
2015-03-18T10:25:30Z  456.875  13.356  137.555  1.45385E-15  SWARM-A  19.459  13.320
2015-03-18T10:26:00Z  456.879  15.286  137.524  1.45719E-15  SWARM-A  19.465  15.241
2015-03-18T10:26:30Z  456.919  17.216  137.495  1.46008E-15  SWARM-A  19.472  17.163
2015-03-18T10:27:00Z  456.997  19.145  137.468  1.46244E-15  SWARM-A  19.478  19.085
2015-03-18T10:27:30Z  457.110  21.074  137.443  1.46427E-15  SWARM-A  19.485  21.007
2015-03-18T10:28:00Z  457.256  23.002  137.421  1.46551E-15  SWARM-A  19.492  22.929
2015-03-18T10:28:30Z  457.435  24.930  137.402  1.46616E-15  SWARM-A  19.499  24.851
2015-03-18T10:29:00Z  457.644  26.858  137.387  1.46613E-15  SWARM-A  19.506  26.774
2015-03-18T10:29:30Z  457.881  28.784  137.375  1.46538E-15  SWARM-A  19.514  28.696
2015-03-18T10:30:00Z  458.145  30.711  137.367  1.46391E-15  SWARM-A  19.521  30.619
2015-03-18T10:30:30Z  458.434  32.636  137.364  1.46167E-15  SWARM-A  19.530  32.542
2015-03-18T10:31:00Z  458.745  34.561  137.366  1.45866E-15  SWARM-A  19.538  34.465
2015-03-18T10:31:30Z  459.075  36.485  137.375  1.45483E-15  SWARM-A  19.547  36.388
2015-03-18T10:32:00Z  459.424  38.408  137.390  1.45029E-15  SWARM-A  19.556  38.311
2015-03-18T10:32:30Z  459.788  40.330  137.413  1.44496E-15  SWARM-A  19.566  40.234
2015-03-18T10:33:00Z  460.165  42.251  137.444  1.43846E-15  SWARM-A  19.577  42.158
2015-03-18T10:33:30Z  460.552  44.171  137.485  1.43108E-15  SWARM-A  19.588  44.081
2015-03-18T10:34:00Z  460.947  46.091  137.538  1.42302E-15  SWARM-A  19.600  46.005
2015-03-18T10:34:30Z  461.347  48.009  137.603  1.41416E-15  SWARM-A  19.612  47.928
2015-03-18T10:35:00Z  461.751  49.927  137.682  1.40441E-15  SWARM-A  19.626  49.852
2015-03-18T10:35:30Z  462.155  51.843  137.779  1.39366E-15  SWARM-A  19.641  51.776
2015-03-18T10:36:00Z  462.557  53.758  137.896  1.38182E-15  SWARM-A  19.657  53.700
2015-03-18T10:36:30Z  462.954  55.672  138.035  1.36890E-15  SWARM-A  19.674  55.624
2015-03-18T10:37:00Z  463.345  57.584  138.201  1.35531E-15  SWARM-A  19.694  57.548
2015-03-18T10:37:30Z  463.727  59.495  138.400  1.34142E-15  SWARM-A  19.715  59.472
2015-03-18T10:38:00Z  464.097  61.405  138.638  1.32669E-15  SWARM-A  19.740  61.396
2015-03-18T10:38:30Z  464.454  63.313  138.923  1.31271E-15  SWARM-A  19.767  63.320
2015-03-18T10:39:00Z  464.795  65.219  139.265  1.29949E-15  SWARM-A  19.798  65.244
2015-03-18T10:39:30Z  465.119  67.122  139.681  1.28628E-15  SWARM-A  19.834  67.168
2015-03-18T10:40:00Z  465.423  69.023  140.188  1.27263E-15  SWARM-A  19.876  69.093
2015-03-18T10:40:30Z  465.706  70.921  140.816  1.25822E-15  SWARM-A  19.926  71.017
2015-03-18T10:41:00Z  465.967  72.815  141.602  1.24315E-15  SWARM-A  19.987  72.942
2015-03-18T10:41:30Z  466.203  74.703  142.606  1.22737E-15  SWARM-A  20.062  74.866
2015-03-18T10:42:00Z  466.414  76.583  143.919  1.21272E-15  SWARM-A  20.158  76.791
2015-03-18T10:42:30Z  466.598  78.453  145.689  1.19871E-15  SWARM-A  20.285  78.715
2015-03-18T10:43:00Z  466.754  80.305  148.175  1.18554E-15  SWARM-A  20.459  80.640
2015-03-18T10:43:30Z  466.882  82.128  151.868  1.17378E-15  SWARM-A  20.713  82.564
2015-03-18T10:44:00Z  466.980  83.896  157.795  1.16377E-15  SWARM-A  21.117  84.489
2015-03-18T10:44:30Z  467.048  85.544  168.381  1.15579E-15  SWARM-A  21.831  86.413
2015-03-18T10:45:00Z  467.086  86.873  -170.504  1.14999E-15  SWARM-A  23.247  88.338
2015-03-18T10:45:30Z  467.093  87.353  -133.073  1.14584E-15  SWARM-A  1.751  90.263
2015-03-18T10:46:00Z  467.069  86.602  -99.076  1.14095E-15  SWARM-A  4.025  92.187
2015-03-18T10:46:30Z  467.015  85.163  -81.310  1.13732E-15  SWARM-A  5.218  94.112
2015-03-18T10:47:00Z  466.930  83.476  -72.213  1.13509E-15  SWARM-A  5.833  96.036
2015-03-18T10:47:30Z  466.816  81.691  -66.972  1.13399E-15  SWARM-A  6.191  97.961
2015-03-18T10:48:00Z  466.672  79.859  -63.637  1.13365E-15  SWARM-A  6.421  99.886
2015-03-18T10:48:30Z  466.500  78.002  -61.357  1.13388E-15  SWARM-A  6.582  101.810
2015-03-18T10:49:00Z  466.300  76.129  -59.717  1.13455E-15  SWARM-A  6.699  103.735
2015-03-18T10:49:30Z  466.074  74.246  -58.489  1.13553E-15  SWARM-A  6.789  105.659
2015-03-18T10:50:00Z  465.823  72.357  -57.545  1.13647E-15  SWARM-A  6.861  107.584
2015-03-18T10:50:30Z  465.547  70.462  -56.801  1.13794E-15  SWARM-A  6.919  109.508
2015-03-18T10:51:00Z  465.250  68.563  -56.206  1.14018E-15  SWARM-A  6.967  111.433
2015-03-18T10:51:30Z  464.932  66.662  -55.723  1.14335E-15  SWARM-A  7.007  113.357
2015-03-18T10:52:00Z  464.594  64.757  -55.326  1.14769E-15  SWARM-A  7.042  115.281
2015-03-18T10:52:30Z  464.240  62.851  -54.999  1.15327E-15  SWARM-A  7.072  117.206
2015-03-18T10:53:00Z  463.871  60.942  -54.726  1.15997E-15  SWARM-A  7.099  119.130
2015-03-18T10:53:30Z  463.489  59.032  -54.499  1.16768E-15  SWARM-A  7.122  121.054
2015-03-18T10:54:00Z  463.097  57.121  -54.308  1.17606E-15  SWARM-A  7.143  122.978
2015-03-18T10:54:30Z  462.696  55.208  -54.149  1.18477E-15  SWARM-A  7.162  124.902
2015-03-18T10:55:00Z  462.289  53.294  -54.015  1.19325E-15  SWARM-A  7.179  126.826
2015-03-18T10:55:30Z  461.879  51.378  -53.904  1.20166E-15  SWARM-A  7.195  128.750
2015-03-18T10:56:00Z  461.467  49.462  -53.811  1.21015E-15  SWARM-A  7.210  130.674
2015-03-18T10:56:30Z  461.057  47.544  -53.735  1.21873E-15  SWARM-A  7.223  132.598
2015-03-18T10:57:00Z  460.651  45.625  -53.673  1.22744E-15  SWARM-A  7.236  134.522
2015-03-18T10:57:30Z  460.251  43.705  -53.624  1.23624E-15  SWARM-A  7.247  136.445
2015-03-18T10:58:00Z  459.860  41.785  -53.585  1.24507E-15  SWARM-A  7.258  138.369
2015-03-18T10:58:30Z  459.480  39.863  -53.556  1.25372E-15  SWARM-A  7.268  140.292
2015-03-18T10:59:00Z  459.114  37.941  -53.535  1.26221E-15  SWARM-A  7.278  142.215
2015-03-18T10:59:30Z  458.764  36.017  -53.521  1.26972E-15  SWARM-A  7.287  144.139
2015-03-18T11:00:00Z  458.434  34.093  -53.514  1.27699E-15  SWARM-A  7.296  146.062
2015-03-18T11:00:30Z  458.124  32.168  -53.513  1.28370E-15  SWARM-A  7.305  147.985
2015-03-18T11:01:00Z  457.837  30.242  -53.517  1.29018E-15  SWARM-A  7.313  149.908
2015-03-18T11:01:30Z  457.576  28.316  -53.526  1.29645E-15  SWARM-A  7.320  151.831
2015-03-18T11:02:00Z  457.343  26.389  -53.539  1.30255E-15  SWARM-A  7.328  153.753
2015-03-18T11:02:30Z  457.139  24.461  -53.556  1.30857E-15  SWARM-A  7.335  155.676
2015-03-18T11:03:00Z  456.966  22.533  -53.575  1.31444E-15  SWARM-A  7.342  157.598
2015-03-18T11:03:30Z  456.826  20.604  -53.598  1.32023E-15  SWARM-A  7.349  159.520
2015-03-18T11:04:00Z  456.721  18.675  -53.623  1.32599E-15  SWARM-A  7.356  161.443
2015-03-18T11:04:30Z  456.653  16.745  -53.651  1.33168E-15  SWARM-A  7.362  163.365
2015-03-18T11:05:00Z  456.621  14.816  -53.680  1.33732E-15  SWARM-A  7.368  165.287
2015-03-18T11:05:30Z  456.628  12.885  -53.711  1.34290E-15  SWARM-A  7.375  167.208
2015-03-18T11:06:00Z  456.674  10.955  -53.744  1.34832E-15  SWARM-A  7.381  169.130
2015-03-18T11:06:30Z  456.761  9.024  -53.778  1.35366E-15  SWARM-A  7.387  171.051
2015-03-18T11:07:00Z  456.889  7.094  -53.813  1.35877E-15  SWARM-A  7.393  172.972
2015-03-18T11:07:30Z  457.057  5.163  -53.848  1.36358E-15  SWARM-A  7.399  174.894
2015-03-18T11:08:00Z  457.267  3.232  -53.884  1.36803E-15  SWARM-A  7.405  176.814
2015-03-18T11:08:30Z  457.519  1.301  -53.920  1.37191E-15  SWARM-A  7.411  178.735
2015-03-18T11:09:00Z  457.812  -0.629  -53.957  1.37524E-15  SWARM-A  7.417  180.656
2015-03-18T11:09:30Z  458.146  -2.560  -53.993  1.37786E-15  SWARM-A  7.423  182.576
2015-03-18T11:10:00Z  458.521  -4.490  -54.030  1.37974E-15  SWARM-A  7.428  184.497
2015-03-18T11:10:30Z  458.935  -6.420  -54.065  1.38081E-15  SWARM-A  7.434  186.417
2015-03-18T11:11:00Z  459.389  -8.349  -54.100  1.38106E-15  SWARM-A  7.440  188.337
2015-03-18T11:11:30Z  459.880  -10.278  -54.135  1.38047E-15  SWARM-A  7.446  190.256
2015-03-18T11:12:00Z  460.408  -12.207  -54.168  1.37908E-15  SWARM-A  7.453  192.176
2015-03-18T11:12:30Z  460.971  -14.135  -54.200  1.37697E-15  SWARM-A  7.459  194.095
2015-03-18T11:13:00Z  461.568  -16.062  -54.230  1.37400E-15  SWARM-A  7.465  196.014
2015-03-18T11:13:30Z  462.197  -17.989  -54.258  1.37042E-15  SWARM-A  7.472  197.933
2015-03-18T11:14:00Z  462.856  -19.915  -54.284  1.36643E-15  SWARM-A  7.478  199.852
2015-03-18T11:14:30Z  463.543  -21.840  -54.308  1.36199E-15  SWARM-A  7.485  201.771
2015-03-18T11:15:00Z  464.256  -23.765  -54.329  1.35729E-15  SWARM-A  7.492  203.689
2015-03-18T11:15:30Z  464.993  -25.689  -54.347  1.35207E-15  SWARM-A  7.499  205.608
2015-03-18T11:16:00Z  465.750  -27.611  -54.362  1.34681E-15  SWARM-A  7.506  207.526
2015-03-18T11:16:30Z  466.527  -29.533  -54.372  1.34139E-15  SWARM-A  7.514  209.444
2015-03-18T11:17:00Z  467.319  -31.454  -54.379  1.33586E-15  SWARM-A  7.522  211.362
2015-03-18T11:17:30Z  468.125  -33.374  -54.380  1.33030E-15  SWARM-A  7.530  213.279
2015-03-18T11:18:00Z  468.941  -35.293  -54.376  1.32382E-15  SWARM-A  7.539  215.197
2015-03-18T11:18:30Z  469.765  -37.210  -54.365  1.31705E-15  SWARM-A  7.548  217.114
2015-03-18T11:19:00Z  470.594  -39.127  -54.348  1.31023E-15  SWARM-A  7.557  219.031
2015-03-18T11:19:30Z  471.425  -41.043  -54.322  1.30328E-15  SWARM-A  7.567  220.948
2015-03-18T11:20:00Z  472.255  -42.957  -54.288  1.29620E-15  SWARM-A  7.578  222.865
2015-03-18T11:20:30Z  473.081  -44.870  -54.243  1.28903E-15  SWARM-A  7.589  224.782
2015-03-18T11:21:00Z  473.900  -46.782  -54.187  1.28173E-15  SWARM-A  7.601  226.698
2015-03-18T11:21:30Z  474.709  -48.693  -54.118  1.27426E-15  SWARM-A  7.614  228.614
2015-03-18T11:22:00Z  475.506  -50.602  -54.033  1.26668E-15  SWARM-A  7.628  230.531
2015-03-18T11:22:30Z  476.287  -52.510  -53.931  1.25896E-15  SWARM-A  7.643  232.447
2015-03-18T11:23:00Z  477.050  -54.417  -53.808  1.25089E-15  SWARM-A  7.660  234.363
2015-03-18T11:23:30Z  477.791  -56.322  -53.661  1.24264E-15  SWARM-A  7.678  236.278
2015-03-18T11:24:00Z  478.508  -58.226  -53.485  1.23437E-15  SWARM-A  7.698  238.194
2015-03-18T11:24:30Z  479.199  -60.128  -53.276  1.22613E-15  SWARM-A  7.720  240.110
2015-03-18T11:25:00Z  479.860  -62.029  -53.025  1.21798E-15  SWARM-A  7.746  242.025
2015-03-18T11:25:30Z  480.490  -63.927  -52.725  1.20939E-15  SWARM-A  7.774  243.940
2015-03-18T11:26:00Z  481.086  -65.823  -52.363  1.20091E-15  SWARM-A  7.806  245.856
2015-03-18T11:26:30Z  481.646  -67.717  -51.923  1.19288E-15  SWARM-A  7.844  247.771
2015-03-18T11:27:00Z  482.167  -69.608  -51.385  1.18544E-15  SWARM-A  7.888  249.686
2015-03-18T11:27:30Z  482.648  -71.496  -50.718  1.17870E-15  SWARM-A  7.941  251.601
2015-03-18T11:28:00Z  483.088  -73.378  -49.878  1.17299E-15  SWARM-A  8.005  253.516
2015-03-18T11:28:30Z  483.484  -75.255  -48.800  1.16834E-15  SWARM-A  8.086  255.431
2015-03-18T11:29:00Z  483.835  -77.123  -47.380  1.16395E-15  SWARM-A  8.189  257.345
2015-03-18T11:29:30Z  484.140  -78.979  -45.449  1.16088E-15  SWARM-A  8.326  259.260
2015-03-18T11:30:00Z  484.398  -80.816  -42.704  1.15864E-15  SWARM-A  8.517  261.175
2015-03-18T11:30:30Z  484.607  -82.618  -38.556  1.15671E-15  SWARM-A  8.802  263.089
2015-03-18T11:31:00Z  484.768  -84.353  -31.740  1.15492E-15  SWARM-A  9.265  265.004
2015-03-18T11:31:30Z  484.879  -85.937  -19.206  1.15329E-15  SWARM-A  10.109  266.919
2015-03-18T11:32:00Z  484.939  -87.107  5.963  1.15372E-15  SWARM-A  11.795  268.833
2015-03-18T11:32:30Z  484.950  -87.268  45.265  1.15510E-15  SWARM-A  14.423  270.748
2015-03-18T11:33:00Z  484.910  -86.286  74.794  1.15663E-15  SWARM-A  16.400  272.662
2015-03-18T11:33:30Z  484.820  -84.769  89.660  1.15912E-15  SWARM-A  17.400  274.577
2015-03-18T11:34:00Z  484.681  -83.060  97.506  1.16245E-15  SWARM-A  17.931  276.492
2015-03-18T11:34:30Z  484.492  -81.270  102.160  1.16715E-15  SWARM-A  18.250  278.406
2015-03-18T11:35:00Z  484.255  -79.440  105.184  1.17264E-15  SWARM-A  18.459  280.321
2015-03-18T11:35:30Z  483.970  -77.589  107.283  1.17833E-15  SWARM-A  18.608  282.236
2015-03-18T11:36:00Z  483.638  -75.723  108.810  1.18323E-15  SWARM-A  18.718  284.150
2015-03-18T11:36:30Z  483.261  -73.848  109.962  1.18806E-15  SWARM-A  18.803  286.065
2015-03-18T11:37:00Z  482.840  -71.967  110.854  1.19127E-15  SWARM-A  18.871  287.980
2015-03-18T11:37:30Z  482.377  -70.080  111.560  1.19487E-15  SWARM-A  18.926  289.895
2015-03-18T11:38:00Z  481.874  -68.190  112.127  1.19683E-15  SWARM-A  18.972  291.810
2015-03-18T11:38:30Z  481.331  -66.297  112.589  1.19775E-15  SWARM-A  19.011  293.725
2015-03-18T11:39:00Z  480.752  -64.402  112.969  1.19808E-15  SWARM-A  19.045  295.640
2015-03-18T11:39:30Z  480.139  -62.504  113.283  1.19819E-15  SWARM-A  19.074  297.555
2015-03-18T11:40:00Z  479.493  -60.604  113.545  1.19833E-15  SWARM-A  19.100  299.471
2015-03-18T11:40:30Z  478.817  -58.702  113.764  1.19930E-15  SWARM-A  19.123  301.386
2015-03-18T11:41:00Z  478.114  -56.799  113.948  1.20161E-15  SWARM-A  19.144  303.302
2015-03-18T11:41:30Z  477.387  -54.894  114.101  1.20547E-15  SWARM-A  19.162  305.217
2015-03-18T11:42:00Z  476.637  -52.988  114.230  1.21083E-15  SWARM-A  19.179  307.133
2015-03-18T11:42:30Z  475.868  -51.080  114.337  1.21732E-15  SWARM-A  19.195  309.049
2015-03-18T11:43:00Z  475.082  -49.171  114.426  1.22441E-15  SWARM-A  19.209  310.965
2015-03-18T11:43:30Z  474.283  -47.261  114.499  1.23104E-15  SWARM-A  19.222  312.881
2015-03-18T11:44:00Z  473.473  -45.349  114.558  1.23655E-15  SWARM-A  19.234  314.798
2015-03-18T11:44:30Z  472.655  -43.437  114.606  1.24082E-15  SWARM-A  19.246  316.714
2015-03-18T11:45:00Z  471.832  -41.523  114.642  1.24466E-15  SWARM-A  19.257  318.631
2015-03-18T11:45:30Z  471.008  -39.608  114.670  1.24888E-15  SWARM-A  19.267  320.548
2015-03-18T11:46:00Z  470.185  -37.691  114.689  1.25438E-15  SWARM-A  19.277  322.464
2015-03-18T11:46:30Z  469.365  -35.774  114.701  1.26126E-15  SWARM-A  19.286  324.382
2015-03-18T11:47:00Z  468.553  -33.856  114.707  1.26899E-15  SWARM-A  19.294  326.299
2015-03-18T11:47:30Z  467.751  -31.936  114.707  1.27702E-15  SWARM-A  19.303  328.216
2015-03-18T11:48:00Z  466.961  -30.016  114.702  1.28481E-15  SWARM-A  19.311  330.134
2015-03-18T11:48:30Z  466.186  -28.094  114.693  1.29219E-15  SWARM-A  19.318  332.052
2015-03-18T11:49:00Z  465.429  -26.172  114.679  1.29914E-15  SWARM-A  19.326  333.970
2015-03-18T11:49:30Z  464.692  -24.248  114.662  1.30572E-15  SWARM-A  19.333  335.888
2015-03-18T11:50:00Z  463.978  -22.324  114.641  1.31199E-15  SWARM-A  19.340  337.806
2015-03-18T11:50:30Z  463.290  -20.399  114.618  1.31800E-15  SWARM-A  19.347  339.725
2015-03-18T11:51:00Z  462.628  -18.474  114.592  1.32384E-15  SWARM-A  19.353  341.643
2015-03-18T11:51:30Z  461.996  -16.547  114.565  1.32947E-15  SWARM-A  19.360  343.562
2015-03-18T11:52:00Z  461.395  -14.620  114.535  1.33493E-15  SWARM-A  19.366  345.481
2015-03-18T11:52:30Z  460.827  -12.692  114.503  1.34016E-15  SWARM-A  19.372  347.400
2015-03-18T11:53:00Z  460.293  -10.764  114.471  1.34508E-15  SWARM-A  19.379  349.320
2015-03-18T11:53:30Z  459.795  -8.835  114.437  1.34976E-15  SWARM-A  19.385  351.239
2015-03-18T11:54:00Z  459.335  -6.906  114.402  1.35406E-15  SWARM-A  19.391  353.159
2015-03-18T11:54:30Z  458.912  -4.977  114.366  1.35797E-15  SWARM-A  19.397  355.079
2015-03-18T11:55:00Z  458.529  -3.047  114.330  1.36151E-15  SWARM-A  19.403  356.999
2015-03-18T11:55:30Z  458.186  -1.116  114.293  1.36460E-15  SWARM-A  19.409  358.919
2015-03-18T11:56:00Z  457.883  0.814  114.257  1.36723E-15  SWARM-A  19.414  0.839
2015-03-18T11:56:30Z  457.620  2.745  114.221  1.36938E-15  SWARM-A  19.420  2.760
2015-03-18T11:57:00Z  457.398  4.675  114.184  1.37101E-15  SWARM-A  19.426  4.681
2015-03-18T11:57:30Z  457.218  6.606  114.149  1.37227E-15  SWARM-A  19.432  6.602
2015-03-18T11:58:00Z  457.078  8.536  114.114  1.37308E-15  SWARM-A  19.438  8.523
2015-03-18T11:58:30Z  456.978  10.467  114.080  1.37347E-15  SWARM-A  19.444  10.444
2015-03-18T11:59:00Z  456.918  12.397  114.047  1.37344E-15  SWARM-A  19.450  12.365
2015-03-18T11:59:30Z  456.898  14.327  114.015  1.37301E-15  SWARM-A  19.457  14.287
2015-03-18T12:00:00Z  456.915  16.257  113.985  1.37204E-15  SWARM-A  19.463  16.209
2015-03-18T12:00:30Z  456.970  18.187  113.957  1.37061E-15  SWARM-A  19.469  18.130
2015-03-18T12:01:00Z  457.061  20.116  113.932  1.36883E-15  SWARM-A  19.476  20.052
2015-03-18T12:01:30Z  457.186  22.045  113.908  1.36671E-15  SWARM-A  19.483  21.974
2015-03-18T12:02:00Z  457.344  23.973  113.888  1.36428E-15  SWARM-A  19.490  23.897
2015-03-18T12:02:30Z  457.534  25.901  113.870  1.36156E-15  SWARM-A  19.497  25.819
2015-03-18T12:03:00Z  457.753  27.828  113.856  1.35845E-15  SWARM-A  19.504  27.742
2015-03-18T12:03:30Z  458.001  29.754  113.847  1.35508E-15  SWARM-A  19.512  29.664
2015-03-18T12:04:00Z  458.274  31.680  113.841  1.35141E-15  SWARM-A  19.520  31.587
2015-03-18T12:04:30Z  458.570  33.605  113.841  1.34742E-15  SWARM-A  19.528  33.510
2015-03-18T12:05:00Z  458.888  35.529  113.846  1.34319E-15  SWARM-A  19.537  35.433
2015-03-18T12:05:30Z  459.225  37.453  113.858  1.33873E-15  SWARM-A  19.546  37.356
2015-03-18T12:06:00Z  459.578  39.375  113.877  1.33402E-15  SWARM-A  19.556  39.279
2015-03-18T12:06:30Z  459.946  41.297  113.904  1.32873E-15  SWARM-A  19.566  41.202
2015-03-18T12:07:00Z  460.326  43.218  113.941  1.32316E-15  SWARM-A  19.577  43.126
2015-03-18T12:07:30Z  460.715  45.138  113.987  1.31733E-15  SWARM-A  19.588  45.049
2015-03-18T12:08:00Z  461.111  47.057  114.046  1.31116E-15  SWARM-A  19.600  46.973
2015-03-18T12:08:30Z  461.512  48.974  114.119  1.30445E-15  SWARM-A  19.614  48.897
2015-03-18T12:09:00Z  461.914  50.891  114.207  1.29702E-15  SWARM-A  19.628  50.820
2015-03-18T12:09:30Z  462.316  52.807  114.313  1.28887E-15  SWARM-A  19.643  52.744
2015-03-18T12:10:00Z  462.715  54.721  114.441  1.28022E-15  SWARM-A  19.660  54.668
2015-03-18T12:10:30Z  463.108  56.635  114.594  1.27157E-15  SWARM-A  19.679  56.592
2015-03-18T12:11:00Z  463.494  58.546  114.776  1.26341E-15  SWARM-A  19.699  58.516
2015-03-18T12:11:30Z  463.869  60.457  114.994  1.25581E-15  SWARM-A  19.722  60.440
2015-03-18T12:12:00Z  464.232  62.366  115.254  1.24728E-15  SWARM-A  19.748  62.365
2015-03-18T12:12:30Z  464.581  64.272  115.567  1.23895E-15  SWARM-A  19.777  64.289
2015-03-18T12:13:00Z  464.914  66.177  115.945  1.23016E-15  SWARM-A  19.810  66.213
2015-03-18T12:13:30Z  465.228  68.080  116.404  1.22076E-15  SWARM-A  19.849  68.137
2015-03-18T12:14:00Z  465.522  69.979  116.968  1.21054E-15  SWARM-A  19.895  70.062
2015-03-18T12:14:30Z  465.795  71.875  117.671  1.19971E-15  SWARM-A  19.950  71.986
2015-03-18T12:15:00Z  466.044  73.766  118.559  1.18859E-15  SWARM-A  20.018  73.911
2015-03-18T12:15:30Z  466.268  75.651  119.705  1.17754E-15  SWARM-A  20.103  75.835
2015-03-18T12:16:00Z  466.466  77.526  121.225  1.16739E-15  SWARM-A  20.212  77.760
2015-03-18T12:16:30Z  466.637  79.388  123.315  1.15917E-15  SWARM-A  20.360  79.684
2015-03-18T12:17:00Z  466.780  81.228  126.327  1.15240E-15  SWARM-A  20.569  81.609
2015-03-18T12:17:30Z  466.893  83.028  130.963  1.14733E-15  SWARM-A  20.887  83.533
2015-03-18T12:18:00Z  466.978  84.747  138.787  1.14422E-15  SWARM-A  21.416  85.458
2015-03-18T12:18:30Z  467.031  86.275  153.634  1.14332E-15  SWARM-A  22.415  87.383
2015-03-18T12:19:00Z  467.055  87.265  -176.776  1.14449E-15  SWARM-A  0.396  89.307
2015-03-18T12:19:30Z  467.048  87.103  -137.307  1.14684E-15  SWARM-A  3.035  91.232
2015-03-18T12:20:00Z  467.010  85.924  -112.103  1.15017E-15  SWARM-A  4.724  93.157
2015-03-18T12:20:30Z  466.942  84.330  -99.589  1.15332E-15  SWARM-A  5.566  95.081
2015-03-18T12:21:00Z  466.844  82.584  -92.792  1.15757E-15  SWARM-A  6.028  97.006
2015-03-18T12:21:30Z  466.716  80.772  -88.660  1.16260E-15  SWARM-A  6.312  98.930
2015-03-18T12:22:00Z  466.560  78.925  -85.925  1.16798E-15  SWARM-A  6.502  100.855
2015-03-18T12:22:30Z  466.375  77.059  -84.002  1.17339E-15  SWARM-A  6.639  102.780
2015-03-18T12:23:00Z  466.164  75.181  -82.589  1.17860E-15  SWARM-A  6.741  104.704
2015-03-18T12:23:30Z  465.927  73.295  -81.516  1.18342E-15  SWARM-A  6.821  106.629
2015-03-18T12:24:00Z  465.666  71.402  -80.680  1.18782E-15  SWARM-A  6.885  108.553
2015-03-18T12:24:30Z  465.381  69.506  -80.016  1.19151E-15  SWARM-A  6.938  110.478
2015-03-18T12:25:00Z  465.076  67.605  -79.480  1.19487E-15  SWARM-A  6.982  112.402
2015-03-18T12:25:30Z  464.751  65.702  -79.043  1.19837E-15  SWARM-A  7.020  114.326
2015-03-18T12:26:00Z  464.408  63.797  -78.683  1.20245E-15  SWARM-A  7.052  116.251
2015-03-18T12:26:30Z  464.049  61.889  -78.384  1.20729E-15  SWARM-A  7.080  118.175
2015-03-18T12:27:00Z  463.677  59.980  -78.135  1.21324E-15  SWARM-A  7.105  120.099
2015-03-18T12:27:30Z  463.294  58.069  -77.927  1.22029E-15  SWARM-A  7.127  122.023
2015-03-18T12:28:00Z  462.901  56.157  -77.752  1.22837E-15  SWARM-A  7.147  123.947
2015-03-18T12:28:30Z  462.501  54.243  -77.606  1.23703E-15  SWARM-A  7.165  125.872
2015-03-18T12:29:00Z  462.097  52.329  -77.484  1.24566E-15  SWARM-A  7.182  127.795
2015-03-18T12:29:30Z  461.690  50.413  -77.382  1.25321E-15  SWARM-A  7.197  129.719
2015-03-18T12:30:00Z  461.284  48.495  -77.298  1.25924E-15  SWARM-A  7.211  131.643
2015-03-18T12:30:30Z  460.880  46.577  -77.230  1.26374E-15  SWARM-A  7.224  133.567
2015-03-18T12:31:00Z  460.482  44.658  -77.174  1.26701E-15  SWARM-A  7.236  135.491
2015-03-18T12:31:30Z  460.091  42.738  -77.130  1.26958E-15  SWARM-A  7.247  137.414
2015-03-18T12:32:00Z  459.711  40.817  -77.096  1.27176E-15  SWARM-A  7.258  139.338
2015-03-18T12:32:30Z  459.343  38.895  -77.071  1.27377E-15  SWARM-A  7.268  141.261
2015-03-18T12:33:00Z  458.990  36.972  -77.054  1.27567E-15  SWARM-A  7.277  143.184
2015-03-18T12:33:30Z  458.655  35.048  -77.044  1.27736E-15  SWARM-A  7.286  145.107
2015-03-18T12:34:00Z  458.339  33.123  -77.040  1.27877E-15  SWARM-A  7.295  147.030
2015-03-18T12:34:30Z  458.046  31.198  -77.041  1.27988E-15  SWARM-A  7.303  148.953
2015-03-18T12:35:00Z  457.777  29.272  -77.048  1.28019E-15  SWARM-A  7.311  150.876
2015-03-18T12:35:30Z  457.535  27.345  -77.058  1.27967E-15  SWARM-A  7.319  152.799
2015-03-18T12:36:00Z  457.321  25.418  -77.073  1.27893E-15  SWARM-A  7.326  154.721
2015-03-18T12:36:30Z  457.137  23.490  -77.091  1.27802E-15  SWARM-A  7.333  156.644
2015-03-18T12:37:00Z  456.986  21.562  -77.113  1.27702E-15  SWARM-A  7.340  158.566
2015-03-18T12:37:30Z  456.868  19.633  -77.137  1.27599E-15  SWARM-A  7.347  160.488
2015-03-18T12:38:00Z  456.785  17.704  -77.163  1.27502E-15  SWARM-A  7.353  162.410
2015-03-18T12:38:30Z  456.739  15.774  -77.191  1.27404E-15  SWARM-A  7.360  164.332
2015-03-18T12:39:00Z  456.731  13.844  -77.222  1.27318E-15  SWARM-A  7.366  166.254
2015-03-18T12:39:30Z  456.761  11.914  -77.254  1.27244E-15  SWARM-A  7.372  168.176
2015-03-18T12:40:00Z  456.830  9.983  -77.287  1.27179E-15  SWARM-A  7.378  170.097
2015-03-18T12:40:30Z  456.940  8.052  -77.321  1.27121E-15  SWARM-A  7.384  172.018
2015-03-18T12:41:00Z  457.091  6.122  -77.356  1.27069E-15  SWARM-A  7.390  173.939
2015-03-18T12:41:30Z  457.283  4.191  -77.392  1.27011E-15  SWARM-A  7.396  175.860
2015-03-18T12:42:00Z  457.516  2.260  -77.428  1.26943E-15  SWARM-A  7.402  177.781
2015-03-18T12:42:30Z  457.789  0.330  -77.464  1.26854E-15  SWARM-A  7.408  179.702
2015-03-18T12:43:00Z  458.104  -1.601  -77.501  1.26732E-15  SWARM-A  7.414  181.622
2015-03-18T12:43:30Z  458.459  -3.531  -77.537  1.26578E-15  SWARM-A  7.420  183.542
2015-03-18T12:44:00Z  458.855  -5.461  -77.573  1.26380E-15  SWARM-A  7.426  185.463
2015-03-18T12:44:30Z  459.289  -7.391  -77.609  1.26138E-15  SWARM-A  7.432  187.382
2015-03-18T12:45:00Z  459.761  -9.320  -77.643  1.25841E-15  SWARM-A  7.438  189.302
2015-03-18T12:45:30Z  460.271  -11.249  -77.677  1.25492E-15  SWARM-A  7.444  191.222
2015-03-18T12:46:00Z  460.816  -13.177  -77.709  1.25087E-15  SWARM-A  7.450  193.141
2015-03-18T12:46:30Z  461.396  -15.104  -77.740  1.24631E-15  SWARM-A  7.456  195.060
2015-03-18T12:47:00Z  462.008  -17.031  -77.770  1.24128E-15  SWARM-A  7.463  196.980
2015-03-18T12:47:30Z  462.651  -18.958  -77.797  1.23577E-15  SWARM-A  7.469  198.898
2015-03-18T12:48:00Z  463.323  -20.883  -77.822  1.22988E-15  SWARM-A  7.476  200.817
2015-03-18T12:48:30Z  464.022  -22.808  -77.844  1.22368E-15  SWARM-A  7.483  202.736
2015-03-18T12:49:00Z  464.745  -24.732  -77.864  1.21723E-15  SWARM-A  7.490  204.654
2015-03-18T12:49:30Z  465.491  -26.655  -77.880  1.21054E-15  SWARM-A  7.497  206.572
2015-03-18T12:50:00Z  466.256  -28.578  -77.893  1.20373E-15  SWARM-A  7.505  208.490
2015-03-18T12:50:30Z  467.039  -30.499  -77.901  1.19616E-15  SWARM-A  7.512  210.408
2015-03-18T12:51:00Z  467.836  -32.419  -77.905  1.18842E-15  SWARM-A  7.520  212.326
2015-03-18T12:51:30Z  468.646  -34.338  -77.903  1.18064E-15  SWARM-A  7.529  214.243
2015-03-18T12:52:00Z  469.464  -36.257  -77.896  1.17283E-15  SWARM-A  7.538  216.160
2015-03-18T12:52:30Z  470.288  -38.174  -77.882  1.16493E-15  SWARM-A  7.547  218.078
2015-03-18T12:53:00Z  471.116  -40.090  -77.860  1.15696E-15  SWARM-A  7.557  219.994
2015-03-18T12:53:30Z  471.944  -42.005  -77.831  1.14892E-15  SWARM-A  7.567  221.911
2015-03-18T12:54:00Z  472.770  -43.918  -77.791  1.14081E-15  SWARM-A  7.578  223.828
2015-03-18T12:54:30Z  473.590  -45.831  -77.741  1.13257E-15  SWARM-A  7.590  225.744
2015-03-18T12:55:00Z  474.402  -47.742  -77.678  1.12418E-15  SWARM-A  7.602  227.661
2015-03-18T12:55:30Z  475.202  -49.652  -77.601  1.11566E-15  SWARM-A  7.616  229.577
2015-03-18T12:56:00Z  475.988  -51.561  -77.508  1.10698E-15  SWARM-A  7.630  231.493
2015-03-18T12:56:30Z  476.757  -53.468  -77.395  1.09800E-15  SWARM-A  7.646  233.409
2015-03-18T12:57:00Z  477.506  -55.374  -77.260  1.08875E-15  SWARM-A  7.663  235.325
2015-03-18T12:57:30Z  478.232  -57.279  -77.099  1.07936E-15  SWARM-A  7.683  237.241
2015-03-18T12:58:00Z  478.933  -59.182  -76.907  1.06984E-15  SWARM-A  7.704  239.156
2015-03-18T12:58:30Z  479.605  -61.083  -76.678  1.06025E-15  SWARM-A  7.727  241.072
2015-03-18T12:59:00Z  480.248  -62.982  -76.403  1.05066E-15  SWARM-A  7.754  242.987
2015-03-18T12:59:30Z  480.857  -64.880  -76.073  1.04111E-15  SWARM-A  7.784  244.902
2015-03-18T13:00:00Z  481.432  -66.775  -75.674  1.03173E-15  SWARM-A  7.819  246.817
2015-03-18T13:00:30Z  481.969  -68.667  -75.188  1.02279E-15  SWARM-A  7.860  248.733
2015-03-18T13:01:00Z  482.468  -70.556  -74.588  1.01454E-15  SWARM-A  7.908  250.648
2015-03-18T13:01:30Z  482.925  -72.441  -73.840  1.00739E-15  SWARM-A  7.966  252.562
2015-03-18T13:02:00Z  483.339  -74.321  -72.890  1.00119E-15  SWARM-A  8.038  254.477
2015-03-18T13:02:30Z  483.710  -76.194  -71.655  9.96301E-16  SWARM-A  8.129  256.392
2015-03-18T13:03:00Z  484.034  -78.057  -70.005  9.92863E-16  SWARM-A  8.247  258.307
2015-03-18T13:03:30Z  484.312  -79.904  -67.714  9.90514E-16  SWARM-A  8.408  260.221
2015-03-18T13:04:00Z  484.542  -81.725  -64.364  9.88880E-16  SWARM-A  8.640  262.136
2015-03-18T13:04:30Z  484.724  -83.500  -59.103  9.87639E-16  SWARM-A  8.999  264.051
2015-03-18T13:05:00Z  484.856  -85.176  -49.984  9.86934E-16  SWARM-A  9.615  265.965
2015-03-18T13:05:30Z  484.938  -86.605  -32.230  9.87101E-16  SWARM-A  10.807  267.880
2015-03-18T13:06:00Z  484.970  -87.350  1.592  9.88669E-16  SWARM-A  13.070  269.794
2015-03-18T13:06:30Z  484.952  -86.877  38.850  9.91060E-16  SWARM-A  15.563  271.709
2015-03-18T13:07:00Z  484.884  -85.560  59.983  9.94062E-16  SWARM-A  16.980  273.624
2015-03-18T13:07:30Z  484.766  -83.924  70.612  9.97377E-16  SWARM-A  17.697  275.538
2015-03-18T13:08:00Z  484.598  -82.167  76.572  1.00173E-15  SWARM-A  18.102  277.453
2015-03-18T13:08:30Z  484.381  -80.354  80.287  1.00703E-15  SWARM-A  18.358  279.367
2015-03-18T13:09:00Z  484.117  -78.512  82.789  1.01313E-15  SWARM-A  18.533  281.282
2015-03-18T13:09:30Z  483.805  -76.653  84.570  1.01941E-15  SWARM-A  18.661  283.197
2015-03-18T13:10:00Z  483.447  -74.782  85.892  1.02540E-15  SWARM-A  18.757  285.112
2015-03-18T13:10:30Z  483.044  -72.904  86.903  1.03077E-15  SWARM-A  18.833  287.026
2015-03-18T13:11:00Z  482.598  -71.020  87.695  1.03513E-15  SWARM-A  18.894  288.941
2015-03-18T13:11:30Z  482.111  -69.131  88.327  1.03834E-15  SWARM-A  18.944  290.856
2015-03-18T13:12:00Z  481.584  -67.240  88.839  1.04050E-15  SWARM-A  18.987  292.771
2015-03-18T13:12:30Z  481.019  -65.345  89.257  1.04176E-15  SWARM-A  19.023  294.687
2015-03-18T13:13:00Z  480.418  -63.449  89.603  1.04260E-15  SWARM-A  19.054  296.602
2015-03-18T13:13:30Z  479.785  -61.550  89.890  1.04421E-15  SWARM-A  19.082  298.517
2015-03-18T13:14:00Z  479.120  -59.649  90.130  1.04652E-15  SWARM-A  19.106  300.433
2015-03-18T13:14:30Z  478.426  -57.746  90.330  1.04998E-15  SWARM-A  19.128  302.348
2015-03-18T13:15:00Z  477.707  -55.842  90.498  1.05502E-15  SWARM-A  19.147  304.264
2015-03-18T13:15:30Z  476.964  -53.937  90.639  1.06185E-15  SWARM-A  19.165  306.179
2015-03-18T13:16:00Z  476.200  -52.030  90.757  1.07056E-15  SWARM-A  19.181  308.095
2015-03-18T13:16:30Z  475.418  -50.121  90.855  1.08069E-15  SWARM-A  19.196  310.011
2015-03-18T13:17:00Z  474.622  -48.212  90.936  1.09169E-15  SWARM-A  19.210  311.928
2015-03-18T13:17:30Z  473.813  -46.301  91.002  1.10259E-15  SWARM-A  19.223  313.844
2015-03-18T13:18:00Z  472.995  -44.388  91.055  1.11258E-15  SWARM-A  19.235  315.760
2015-03-18T13:18:30Z  472.171  -42.475  91.097  1.12061E-15  SWARM-A  19.246  317.677
2015-03-18T13:19:00Z  471.343  -40.560  91.129  1.12691E-15  SWARM-A  19.256  319.594
2015-03-18T13:19:30Z  470.515  -38.645  91.152  1.13209E-15  SWARM-A  19.266  321.511
2015-03-18T13:20:00Z  469.689  -36.728  91.168  1.13731E-15  SWARM-A  19.275  323.428
2015-03-18T13:20:30Z  468.869  -34.810  91.177  1.14352E-15  SWARM-A  19.284  325.345
2015-03-18T13:21:00Z  468.058  -32.891  91.180  1.15110E-15  SWARM-A  19.293  327.262
2015-03-18T13:21:30Z  467.258  -30.971  91.177  1.15995E-15  SWARM-A  19.301  329.180
2015-03-18T13:22:00Z  466.471  -29.050  91.170  1.16967E-15  SWARM-A  19.309  331.098
2015-03-18T13:22:30Z  465.701  -27.128  91.159  1.17979E-15  SWARM-A  19.316  333.016
2015-03-18T13:23:00Z  464.951  -25.205  91.143  1.18997E-15  SWARM-A  19.324  334.934
2015-03-18T13:23:30Z  464.222  -23.281  91.124  1.20003E-15  SWARM-A  19.331  336.852
2015-03-18T13:24:00Z  463.518  -21.357  91.103  1.20989E-15  SWARM-A  19.338  338.771
2015-03-18T13:24:30Z  462.839  -19.431  91.078  1.21949E-15  SWARM-A  19.344  340.689
2015-03-18T13:25:00Z  462.190  -17.505  91.051  1.22867E-15  SWARM-A  19.351  342.608
2015-03-18T13:25:30Z  461.570  -15.578  91.023  1.23758E-15  SWARM-A  19.357  344.527
2015-03-18T13:26:00Z  460.983  -13.651  90.992  1.24617E-15  SWARM-A  19.364  346.446
2015-03-18T13:26:30Z  460.431  -11.723  90.960  1.25442E-15  SWARM-A  19.370  348.365
2015-03-18T13:27:00Z  459.913  -9.794  90.927  1.26225E-15  SWARM-A  19.376  350.285
2015-03-18T13:27:30Z  459.433  -7.865  90.892  1.26958E-15  SWARM-A  19.382  352.205
2015-03-18T13:28:00Z  458.990  -5.936  90.857  1.27633E-15  SWARM-A  19.388  354.124
2015-03-18T13:28:30Z  458.587  -4.006  90.821  1.28246E-15  SWARM-A  19.394  356.044
2015-03-18T13:29:00Z  458.224  -2.076  90.785  1.28791E-15  SWARM-A  19.400  357.965
2015-03-18T13:29:30Z  457.901  -0.145  90.749  1.29254E-15  SWARM-A  19.406  359.885
2015-03-18T13:30:00Z  457.619  1.785  90.712  1.29635E-15  SWARM-A  19.412  1.806
2015-03-18T13:30:30Z  457.379  3.716  90.676  1.29928E-15  SWARM-A  19.418  3.726
2015-03-18T13:31:00Z  457.179  5.647  90.640  1.30139E-15  SWARM-A  19.424  5.647
2015-03-18T13:31:30Z  457.021  7.577  90.605  1.30260E-15  SWARM-A  19.430  7.568
2015-03-18T13:32:00Z  456.904  9.508  90.570  1.30304E-15  SWARM-A  19.436  9.489
2015-03-18T13:32:30Z  456.828  11.438  90.537  1.30268E-15  SWARM-A  19.442  11.411
2015-03-18T13:33:00Z  456.791  13.369  90.505  1.30158E-15  SWARM-A  19.448  13.332
2015-03-18T13:33:30Z  456.793  15.299  90.474  1.29978E-15  SWARM-A  19.454  15.254
2015-03-18T13:34:00Z  456.834  17.228  90.445  1.29738E-15  SWARM-A  19.461  17.176
2015-03-18T13:34:30Z  456.911  19.158  90.418  1.29435E-15  SWARM-A  19.467  19.098
2015-03-18T13:35:00Z  457.024  21.087  90.394  1.29075E-15  SWARM-A  19.474  21.020
2015-03-18T13:35:30Z  457.170  23.015  90.372  1.28661E-15  SWARM-A  19.481  22.942
2015-03-18T13:36:00Z  457.350  24.943  90.353  1.28197E-15  SWARM-A  19.488  24.864
2015-03-18T13:36:30Z  457.560  26.871  90.337  1.27683E-15  SWARM-A  19.495  26.787
2015-03-18T13:37:00Z  457.798  28.797  90.325  1.27118E-15  SWARM-A  19.503  28.709
2015-03-18T13:37:30Z  458.064  30.724  90.318  1.26514E-15  SWARM-A  19.510  30.632
2015-03-18T13:38:00Z  458.354  32.649  90.315  1.25869E-15  SWARM-A  19.519  32.555
2015-03-18T13:38:30Z  458.667  34.574  90.318  1.25182E-15  SWARM-A  19.527  34.478
2015-03-18T13:39:00Z  459.000  36.498  90.326  1.24463E-15  SWARM-A  19.536  36.401
2015-03-18T13:39:30Z  459.350  38.421  90.342  1.23720E-15  SWARM-A  19.545  38.324
2015-03-18T13:40:00Z  459.717  40.343  90.365  1.22949E-15  SWARM-A  19.555  40.247
2015-03-18T13:40:30Z  460.097  42.264  90.396  1.22155E-15  SWARM-A  19.566  42.171
2015-03-18T13:41:00Z  460.488  44.185  90.438  1.21334E-15  SWARM-A  19.577  44.094
2015-03-18T13:41:30Z  460.887  46.104  90.491  1.20485E-15  SWARM-A  19.589  46.018
2015-03-18T13:42:00Z  461.291  48.022  90.556  1.19596E-15  SWARM-A  19.601  47.942
2015-03-18T13:42:30Z  461.699  49.940  90.636  1.18654E-15  SWARM-A  19.615  49.865
2015-03-18T13:43:00Z  462.108  51.856  90.733  1.17661E-15  SWARM-A  19.630  51.789
2015-03-18T13:43:30Z  462.515  53.771  90.850  1.16639E-15  SWARM-A  19.646  53.713
2015-03-18T13:44:00Z  462.918  55.685  90.990  1.15626E-15  SWARM-A  19.664  55.637
2015-03-18T13:44:30Z  463.314  57.597  91.157  1.14662E-15  SWARM-A  19.683  57.561
2015-03-18T13:45:00Z  463.701  59.508  91.357  1.13763E-15  SWARM-A  19.705  59.485
2015-03-18T13:45:30Z  464.078  61.418  91.595  1.12913E-15  SWARM-A  19.729  61.409
2015-03-18T13:46:00Z  464.440  63.326  91.881  1.12068E-15  SWARM-A  19.756  63.333
2015-03-18T13:46:30Z  464.788  65.232  92.224  1.11202E-15  SWARM-A  19.788  65.258
2015-03-18T13:47:00Z  465.118  67.135  92.641  1.10290E-15  SWARM-A  19.824  67.182
2015-03-18T13:47:30Z  465.429  69.036  93.150  1.09329E-15  SWARM-A  19.866  69.106
2015-03-18T13:48:00Z  465.719  70.934  93.779  1.08337E-15  SWARM-A  19.916  71.031
2015-03-18T13:48:30Z  465.986  72.828  94.568  1.07344E-15  SWARM-A  19.977  72.955
2015-03-18T13:49:00Z  466.229  74.716  95.575  1.06389E-15  SWARM-A  20.053  74.880
2015-03-18T13:49:30Z  466.446  76.596  96.892  1.05508E-15  SWARM-A  20.149  76.804
2015-03-18T13:50:00Z  466.637  78.465  98.668  1.04741E-15  SWARM-A  20.276  78.728
2015-03-18T13:50:30Z  466.800  80.317  101.164  1.04116E-15  SWARM-A  20.450  80.653
2015-03-18T13:51:00Z  466.935  82.140  104.871  1.03658E-15  SWARM-A  20.706  82.578
2015-03-18T13:51:30Z  467.040  83.907  110.826  1.03388E-15  SWARM-A  21.111  84.502
2015-03-18T13:52:00Z  467.114  85.552  121.465  1.03304E-15  SWARM-A  21.829  86.427
2015-03-18T13:52:30Z  467.159  86.878  142.682  1.03443E-15  SWARM-A  23.251  88.351
2015-03-18T13:53:00Z  467.173  87.349  -179.845  1.03734E-15  SWARM-A  1.758  90.276
2015-03-18T13:53:30Z  467.156  86.591  -145.990  1.04070E-15  SWARM-A  4.023  92.200
2015-03-18T13:54:00Z  467.108  85.150  -128.309  1.04481E-15  SWARM-A  5.210  94.125
2015-03-18T13:54:30Z  467.030  83.463  -119.244  1.04987E-15  SWARM-A  5.823  96.049
2015-03-18T13:55:00Z  466.922  81.677  -114.016  1.05536E-15  SWARM-A  6.180  97.974
2015-03-18T13:55:30Z  466.785  79.846  -110.687  1.06096E-15  SWARM-A  6.410  99.899
2015-03-18T13:56:00Z  466.620  77.988  -108.410  1.06638E-15  SWARM-A  6.570  101.823
2015-03-18T13:56:30Z  466.426  76.116  -106.771  1.07136E-15  SWARM-A  6.688  103.747
2015-03-18T13:57:00Z  466.207  74.233  -105.544  1.07591E-15  SWARM-A  6.778  105.672
2015-03-18T13:57:30Z  465.962  72.344  -104.600  1.07996E-15  SWARM-A  6.849  107.596
2015-03-18T13:58:00Z  465.693  70.449  -103.857  1.08373E-15  SWARM-A  6.907  109.521
2015-03-18T13:58:30Z  465.403  68.550  -103.261  1.08742E-15  SWARM-A  6.955  111.445
2015-03-18T13:59:00Z  465.091  66.649  -102.778  1.09147E-15  SWARM-A  6.996  113.369
2015-03-18T13:59:30Z  464.761  64.745  -102.382  1.09623E-15  SWARM-A  7.031  115.294
2015-03-18T14:00:00Z  464.414  62.838  -102.054  1.10210E-15  SWARM-A  7.061  117.218
2015-03-18T14:00:30Z  464.052  60.930  -101.781  1.10925E-15  SWARM-A  7.087  119.142
2015-03-18T14:01:00Z  463.677  59.020  -101.554  1.11779E-15  SWARM-A  7.111  121.066
2015-03-18T14:01:30Z  463.292  57.109  -101.363  1.12672E-15  SWARM-A  7.132  122.990
2015-03-18T14:02:00Z  462.898  55.196  -101.203  1.13606E-15  SWARM-A  7.151  124.914
2015-03-18T14:02:30Z  462.499  53.282  -101.070  1.14481E-15  SWARM-A  7.168  126.838
2015-03-18T14:03:00Z  462.095  51.366  -100.958  1.15189E-15  SWARM-A  7.184  128.762
2015-03-18T14:03:30Z  461.691  49.450  -100.866  1.15614E-15  SWARM-A  7.198  130.685
2015-03-18T14:04:00Z  461.287  47.532  -100.789  1.15793E-15  SWARM-A  7.212  132.609
2015-03-18T14:04:30Z  460.887  45.614  -100.727  1.15824E-15  SWARM-A  7.224  134.533
2015-03-18T14:05:00Z  460.493  43.694  -100.678  1.15816E-15  SWARM-A  7.236  136.456
2015-03-18T14:05:30Z  460.108  41.774  -100.639  1.15849E-15  SWARM-A  7.247  138.380
2015-03-18T14:06:00Z  459.734  39.852  -100.610  1.15940E-15  SWARM-A  7.257  140.303
2015-03-18T14:06:30Z  459.374  37.930  -100.589  1.16075E-15  SWARM-A  7.267  142.226
2015-03-18T14:07:00Z  459.030  36.006  -100.575  1.16222E-15  SWARM-A  7.276  144.149
2015-03-18T14:07:30Z  458.704  34.082  -100.568  1.16362E-15  SWARM-A  7.285  146.072
2015-03-18T14:08:00Z  458.398  32.158  -100.567  1.16463E-15  SWARM-A  7.293  147.995
2015-03-18T14:08:30Z  458.116  30.232  -100.571  1.16498E-15  SWARM-A  7.301  149.918
2015-03-18T14:09:00Z  457.859  28.306  -100.580  1.16482E-15  SWARM-A  7.309  151.840
2015-03-18T14:09:30Z  457.629  26.379  -100.593  1.16420E-15  SWARM-A  7.317  153.763
2015-03-18T14:10:00Z  457.428  24.451  -100.609  1.16323E-15  SWARM-A  7.324  155.685
2015-03-18T14:10:30Z  457.258  22.523  -100.629  1.16195E-15  SWARM-A  7.331  157.608
2015-03-18T14:11:00Z  457.121  20.595  -100.651  1.16044E-15  SWARM-A  7.338  159.530
2015-03-18T14:11:30Z  457.017  18.666  -100.677  1.15874E-15  SWARM-A  7.344  161.452
2015-03-18T14:12:00Z  456.950  16.736  -100.704  1.15692E-15  SWARM-A  7.351  163.374
2015-03-18T14:12:30Z  456.919  14.807  -100.733  1.15505E-15  SWARM-A  7.357  165.295
2015-03-18T14:13:00Z  456.926  12.877  -100.764  1.15325E-15  SWARM-A  7.363  167.217
2015-03-18T14:13:30Z  456.972  10.946  -100.797  1.15153E-15  SWARM-A  7.370  169.138
2015-03-18T14:14:00Z  457.058  9.016  -100.831  1.14993E-15  SWARM-A  7.376  171.059
2015-03-18T14:14:30Z  457.184  7.085  -100.865  1.14841E-15  SWARM-A  7.382  172.981
2015-03-18T14:15:00Z  457.351  5.155  -100.901  1.14704E-15  SWARM-A  7.388  174.901
2015-03-18T14:15:30Z  457.559  3.224  -100.937  1.14559E-15  SWARM-A  7.394  176.822
2015-03-18T14:16:00Z  457.808  1.293  -100.973  1.14434E-15  SWARM-A  7.400  178.743
2015-03-18T14:16:30Z  458.098  -0.637  -101.009  1.14303E-15  SWARM-A  7.405  180.663
2015-03-18T14:17:00Z  458.429  -2.567  -101.046  1.14162E-15  SWARM-A  7.411  182.584
2015-03-18T14:17:30Z  458.800  -4.497  -101.082  1.14005E-15  SWARM-A  7.417  184.504
2015-03-18T14:18:00Z  459.211  -6.427  -101.118  1.13832E-15  SWARM-A  7.423  186.424
2015-03-18T14:18:30Z  459.660  -8.356  -101.153  1.13637E-15  SWARM-A  7.429  188.343
2015-03-18T14:19:00Z  460.147  -10.285  -101.187  1.13414E-15  SWARM-A  7.435  190.263
2015-03-18T14:19:30Z  460.670  -12.214  -101.220  1.13162E-15  SWARM-A  7.441  192.182
2015-03-18T14:20:00Z  461.228  -14.141  -101.251  1.12876E-15  SWARM-A  7.448  194.102
2015-03-18T14:20:30Z  461.819  -16.069  -101.282  1.12568E-15  SWARM-A  7.454  196.021
2015-03-18T14:21:00Z  462.443  -17.995  -101.310  1.12221E-15  SWARM-A  7.460  197.940
2015-03-18T14:21:30Z  463.096  -19.921  -101.336  1.11858E-15  SWARM-A  7.467  199.858
2015-03-18T14:22:00Z  463.776  -21.846  -101.360  1.11458E-15  SWARM-A  7.474  201.777
2015-03-18T14:22:30Z  464.483  -23.771  -101.381  1.11051E-15  SWARM-A  7.481  203.695
2015-03-18T14:23:00Z  465.212  -25.694  -101.399  1.10624E-15  SWARM-A  7.488  205.613
2015-03-18T14:23:30Z  465.963  -27.617  -101.413  1.10190E-15  SWARM-A  7.495  207.531
2015-03-18T14:24:00Z  466.732  -29.539  -101.424  1.09747E-15  SWARM-A  7.503  209.449
2015-03-18T14:24:30Z  467.517  -31.459  -101.430  1.09303E-15  SWARM-A  7.511  211.367
2015-03-18T14:25:00Z  468.316  -33.379  -101.431  1.08869E-15  SWARM-A  7.519  213.285
2015-03-18T14:25:30Z  469.124  -35.298  -101.427  1.08445E-15  SWARM-A  7.528  215.202
2015-03-18T14:26:00Z  469.940  -37.215  -101.416  1.08020E-15  SWARM-A  7.537  217.119
2015-03-18T14:26:30Z  470.762  -39.132  -101.398  1.07614E-15  SWARM-A  7.546  219.036
2015-03-18T14:27:00Z  471.584  -41.047  -101.373  1.07219E-15  SWARM-A  7.556  220.953
2015-03-18T14:27:30Z  472.406  -42.962  -101.338  1.06835E-15  SWARM-A  7.567  222.870
2015-03-18T14:28:00Z  473.224  -44.875  -101.293  1.06463E-15  SWARM-A  7.578  224.786
2015-03-18T14:28:30Z  474.035  -46.787  -101.237  1.06094E-15  SWARM-A  7.590  226.703
2015-03-18T14:29:00Z  474.836  -48.697  -101.167  1.05730E-15  SWARM-A  7.603  228.619
2015-03-18T14:29:30Z  475.623  -50.607  -101.082  1.05361E-15  SWARM-A  7.617  230.535
2015-03-18T14:30:00Z  476.396  -52.515  -100.980  1.04971E-15  SWARM-A  7.632  232.451
2015-03-18T14:30:30Z  477.149  -54.421  -100.856  1.04555E-15  SWARM-A  7.649  234.367
2015-03-18T14:31:00Z  477.882  -56.326  -100.709  1.04121E-15  SWARM-A  7.667  236.283
2015-03-18T14:31:30Z  478.590  -58.230  -100.533  1.03665E-15  SWARM-A  7.687  238.198
2015-03-18T14:32:00Z  479.272  -60.132  -100.323  1.03190E-15  SWARM-A  7.710  240.114
2015-03-18T14:32:30Z  479.925  -62.033  -100.072  1.02698E-15  SWARM-A  7.735  242.029
2015-03-18T14:33:00Z  480.546  -63.931  -99.771  1.02195E-15  SWARM-A  7.763  243.945
2015-03-18T14:33:30Z  481.133  -65.827  -99.408  1.01687E-15  SWARM-A  7.796  245.860
2015-03-18T14:34:00Z  481.684  -67.721  -98.968  1.01197E-15  SWARM-A  7.833  247.775
2015-03-18T14:34:30Z  482.198  -69.612  -98.429  1.00736E-15  SWARM-A  7.878  249.690
2015-03-18T14:35:00Z  482.671  -71.499  -97.760  1.00335E-15  SWARM-A  7.930  251.605
2015-03-18T14:35:30Z  483.102  -73.382  -96.919  1.00005E-15  SWARM-A  7.995  253.520
2015-03-18T14:36:00Z  483.490  -75.259  -95.839  9.97444E-16  SWARM-A  8.075  255.435
2015-03-18T14:36:30Z  483.833  -77.127  -94.417  9.95167E-16  SWARM-A  8.178  257.349
2015-03-18T14:37:00Z  484.130  -78.983  -92.483  9.93242E-16  SWARM-A  8.316  259.264
2015-03-18T14:37:30Z  484.380  -80.819  -89.732  9.91583E-16  SWARM-A  8.507  261.179
2015-03-18T14:38:00Z  484.581  -82.621  -85.577  9.90352E-16  SWARM-A  8.793  263.093
2015-03-18T14:38:30Z  484.734  -84.356  -78.747  9.89757E-16  SWARM-A  9.256  265.008
2015-03-18T14:39:00Z  484.837  -85.938  -66.189  9.90205E-16  SWARM-A  10.102  266.923
2015-03-18T14:39:30Z  484.890  -87.106  -40.990  9.92252E-16  SWARM-A  11.790  268.837
2015-03-18T14:40:00Z  484.893  -87.264  -1.719  9.95766E-16  SWARM-A  14.417  270.752
2015-03-18T14:40:30Z  484.846  -86.281  27.755  9.99446E-16  SWARM-A  16.390  272.667
2015-03-18T14:41:00Z  484.749  -84.764  42.602  1.00398E-15  SWARM-A  17.388  274.581
2015-03-18T14:41:30Z  484.602  -83.054  50.444  1.00908E-15  SWARM-A  17.919  276.496
2015-03-18T14:42:00Z  484.406  -81.265  55.097  1.01454E-15  SWARM-A  18.238  278.411
2015-03-18T14:42:30Z  484.162  -79.435  58.122  1.02012E-15  SWARM-A  18.448  280.325
2015-03-18T14:43:00Z  483.870  -77.584  60.221  1.02541E-15  SWARM-A  18.596  282.240
2015-03-18T14:43:30Z  483.532  -75.718  61.749  1.03039E-15  SWARM-A  18.706  284.155
2015-03-18T14:44:00Z  483.148  -73.843  62.901  1.03472E-15  SWARM-A  18.791  286.070
2015-03-18T14:44:30Z  482.720  -71.962  63.794  1.03858E-15  SWARM-A  18.859  287.985
2015-03-18T14:45:00Z  482.251  -70.075  64.500  1.04205E-15  SWARM-A  18.915  289.900
2015-03-18T14:45:30Z  481.741  -68.185  65.068  1.04697E-15  SWARM-A  18.961  291.815
2015-03-18T14:46:00Z  481.192  -66.292  65.530  1.05358E-15  SWARM-A  19.000  293.730
2015-03-18T14:46:30Z  480.606  -64.396  65.910  1.06069E-15  SWARM-A  19.034  295.645
2015-03-18T14:47:00Z  479.986  -62.498  66.225  1.06843E-15  SWARM-A  19.063  297.560
2015-03-18T14:47:30Z  479.334  -60.598  66.488  1.07707E-15  SWARM-A  19.089  299.476
2015-03-18T14:48:00Z  478.653  -58.697  66.707  1.08687E-15  SWARM-A  19.112  301.391
2015-03-18T14:48:30Z  477.944  -56.793  66.891  1.09781E-15  SWARM-A  19.132  303.307
2015-03-18T14:49:00Z  477.210  -54.888  67.045  1.10674E-15  SWARM-A  19.151  305.223
2015-03-18T14:49:30Z  476.454  -52.982  67.174  1.11540E-15  SWARM-A  19.168  307.139
2015-03-18T14:50:00Z  475.680  -51.074  67.281  1.12413E-15  SWARM-A  19.183  309.055
2015-03-18T14:50:30Z  474.888  -49.165  67.370  1.13230E-15  SWARM-A  19.198  310.971
2015-03-18T14:51:00Z  474.084  -47.255  67.443  1.14130E-15  SWARM-A  19.211  312.887
2015-03-18T14:51:30Z  473.268  -45.343  67.503  1.14964E-15  SWARM-A  19.223  314.804
2015-03-18T14:52:00Z  472.446  -43.430  67.550  1.15652E-15  SWARM-A  19.235  316.720
2015-03-18T14:52:30Z  471.618  -41.516  67.587  1.16231E-15  SWARM-A  19.245  318.637
2015-03-18T14:53:00Z  470.789  -39.601  67.615  1.16691E-15  SWARM-A  19.256  320.554
2015-03-18T14:53:30Z  469.961  -37.684  67.635  1.16923E-15  SWARM-A  19.265  322.471
2015-03-18T14:54:00Z  469.137  -35.767  67.647  1.17232E-15  SWARM-A  19.274  324.388
2015-03-18T14:54:30Z  468.320  -33.848  67.653  1.17615E-15  SWARM-A  19.283  326.306
2015-03-18T14:55:00Z  467.513  -31.929  67.653  1.18040E-15  SWARM-A  19.291  328.223
2015-03-18T14:55:30Z  466.718  -30.008  67.648  1.18498E-15  SWARM-A  19.299  330.141
2015-03-18T14:56:00Z  465.939  -28.086  67.638  1.18937E-15  SWARM-A  19.307  332.059
2015-03-18T14:56:30Z  465.178  -26.164  67.625  1.19374E-15  SWARM-A  19.315  333.977
2015-03-18T14:57:00Z  464.438  -24.241  67.608  1.19798E-15  SWARM-A  19.322  335.896
2015-03-18T14:57:30Z  463.720  -22.316  67.587  1.20196E-15  SWARM-A  19.329  337.814
2015-03-18T14:58:00Z  463.028  -20.391  67.564  1.20567E-15  SWARM-A  19.336  339.733
2015-03-18T14:58:30Z  462.364  -18.465  67.539  1.20911E-15  SWARM-A  19.342  341.651
2015-03-18T14:59:00Z  461.728  -16.539  67.511  1.21226E-15  SWARM-A  19.349  343.570
2015-03-18T14:59:30Z  461.125  -14.611  67.481  1.21509E-15  SWARM-A  19.355  345.490
2015-03-18T15:00:00Z  460.554  -12.684  67.450  1.21705E-15  SWARM-A  19.361  347.409
2015-03-18T15:00:30Z  460.019  -10.755  67.417  1.21916E-15  SWARM-A  19.367  349.328
2015-03-18T15:01:00Z  459.520  -8.826  67.383  1.22090E-15  SWARM-A  19.373  351.248
2015-03-18T15:01:30Z  459.059  -6.897  67.349  1.22221E-15  SWARM-A  19.379  353.168
2015-03-18T15:02:00Z  458.636  -4.967  67.313  1.22250E-15  SWARM-A  19.385  355.088
2015-03-18T15:02:30Z  458.253  -3.037  67.277  1.22203E-15  SWARM-A  19.391  357.008
2015-03-18T15:03:00Z  457.911  -1.107  67.241  1.22128E-15  SWARM-A  19.397  358.929
2015-03-18T15:03:30Z  457.609  0.824  67.204  1.22027E-15  SWARM-A  19.403  0.849
2015-03-18T15:04:00Z  457.349  2.754  67.168  1.21911E-15  SWARM-A  19.409  2.770
2015-03-18T15:04:30Z  457.131  4.685  67.132  1.21783E-15  SWARM-A  19.415  4.691
2015-03-18T15:05:00Z  456.954  6.616  67.096  1.21654E-15  SWARM-A  19.421  6.612
2015-03-18T15:05:30Z  456.818  8.547  67.061  1.21533E-15  SWARM-A  19.427  8.533
2015-03-18T15:06:00Z  456.724  10.477  67.027  1.21434E-15  SWARM-A  19.433  10.454
2015-03-18T15:06:30Z  456.669  12.408  66.995  1.21355E-15  SWARM-A  19.439  12.376
2015-03-18T15:07:00Z  456.655  14.338  66.963  1.21287E-15  SWARM-A  19.445  14.297
2015-03-18T15:07:30Z  456.679  16.268  66.933  1.21250E-15  SWARM-A  19.452  16.219
2015-03-18T15:08:00Z  456.741  18.198  66.905  1.21247E-15  SWARM-A  19.458  18.141
2015-03-18T15:08:30Z  456.839  20.127  66.880  1.21275E-15  SWARM-A  19.465  20.063
2015-03-18T15:09:00Z  456.972  22.056  66.856  1.21344E-15  SWARM-A  19.472  21.985
2015-03-18T15:09:30Z  457.138  23.984  66.836  1.21452E-15  SWARM-A  19.479  23.908
2015-03-18T15:10:00Z  457.336  25.912  66.818  1.21597E-15  SWARM-A  19.486  25.830
2015-03-18T15:10:30Z  457.564  27.839  66.805  1.21778E-15  SWARM-A  19.493  27.753
2015-03-18T15:11:00Z  457.820  29.766  66.795  1.21998E-15  SWARM-A  19.501  29.676
2015-03-18T15:11:30Z  458.101  31.691  66.790  1.22250E-15  SWARM-A  19.509  31.598
2015-03-18T15:12:00Z  458.406  33.616  66.789  1.22535E-15  SWARM-A  19.517  33.521
2015-03-18T15:12:30Z  458.733  35.541  66.795  1.22853E-15  SWARM-A  19.526  35.444
2015-03-18T15:13:00Z  459.079  37.464  66.807  1.23201E-15  SWARM-A  19.535  37.368
2015-03-18T15:13:30Z  459.442  39.387  66.826  1.23576E-15  SWARM-A  19.545  39.291
2015-03-18T15:14:00Z  459.819  41.309  66.853  1.23980E-15  SWARM-A  19.555  41.214
2015-03-18T15:14:30Z  460.209  43.230  66.889  1.24397E-15  SWARM-A  19.566  43.138
2015-03-18T15:15:00Z  460.607  45.150  66.936  1.24815E-15  SWARM-A  19.577  45.061
2015-03-18T15:15:30Z  461.013  47.069  66.995  1.25195E-15  SWARM-A  19.589  46.985
2015-03-18T15:16:00Z  461.424  48.987  67.068  1.25425E-15  SWARM-A  19.602  48.909
2015-03-18T15:16:30Z  461.836  50.903  67.156  1.25603E-15  SWARM-A  19.617  50.833
2015-03-18T15:17:00Z  462.248  52.819  67.263  1.25727E-15  SWARM-A  19.632  52.756
2015-03-18T15:17:30Z  462.657  54.734  67.390  1.25826E-15  SWARM-A  19.649  54.680
2015-03-18T15:18:00Z  463.061  56.647  67.543  1.25941E-15  SWARM-A  19.668  56.604
2015-03-18T15:18:30Z  463.457  58.559  67.726  1.26083E-15  SWARM-A  19.688  58.528
2015-03-18T15:19:00Z  463.842  60.469  67.944  1.26230E-15  SWARM-A  19.711  60.453
2015-03-18T15:19:30Z  464.216  62.378  68.205  1.26349E-15  SWARM-A  19.737  62.377
2015-03-18T15:20:00Z  464.575  64.285  68.518  1.26402E-15  SWARM-A  19.766  64.301
2015-03-18T15:20:30Z  464.918  66.190  68.896  1.26334E-15  SWARM-A  19.799  66.225
2015-03-18T15:21:00Z  465.243  68.092  69.356  1.26142E-15  SWARM-A  19.838  68.150
2015-03-18T15:21:30Z  465.547  69.991  69.921  1.25838E-15  SWARM-A  19.884  70.074
2015-03-18T15:22:00Z  465.829  71.887  70.624  1.25462E-15  SWARM-A  19.940  71.999
2015-03-18T15:22:30Z  466.088  73.778  71.514  1.25063E-15  SWARM-A  20.007  73.923
2015-03-18T15:23:00Z  466.322  75.663  72.662  1.24597E-15  SWARM-A  20.092  75.847
2015-03-18T15:23:30Z  466.530  77.538  74.185  1.24201E-15  SWARM-A  20.202  77.772
2015-03-18T15:24:00Z  466.711  79.400  76.279  1.23920E-15  SWARM-A  20.350  79.696
2015-03-18T15:24:30Z  466.864  81.239  79.298  1.23792E-15  SWARM-A  20.560  81.621
2015-03-18T15:25:00Z  466.987  83.039  83.949  1.23819E-15  SWARM-A  20.878  83.546
2015-03-18T15:25:30Z  467.081  84.758  91.800  1.23920E-15  SWARM-A  21.410  85.470
2015-03-18T15:26:00Z  467.144  86.283  106.711  1.23981E-15  SWARM-A  22.412  87.395
2015-03-18T15:26:30Z  467.177  87.268  136.412  1.24148E-15  SWARM-A  0.400  89.319
2015-03-18T15:27:00Z  467.179  87.099  175.853  1.24300E-15  SWARM-A  3.038  91.244
2015-03-18T15:27:30Z  467.150  85.915  -159.048  1.24409E-15  SWARM-A  4.720  93.168
2015-03-18T15:28:00Z  467.091  84.320  -146.585  1.24540E-15  SWARM-A  5.559  95.093
2015-03-18T15:28:30Z  467.001  82.573  -139.812  1.24834E-15  SWARM-A  6.019  97.017
2015-03-18T15:29:00Z  466.882  80.761  -135.690  1.25054E-15  SWARM-A  6.302  98.942
2015-03-18T15:29:30Z  466.734  78.914  -132.962  1.25181E-15  SWARM-A  6.492  100.866
2015-03-18T15:30:00Z  466.558  77.048  -131.043  1.25221E-15  SWARM-A  6.628  102.791
2015-03-18T15:30:30Z  466.355  75.170  -129.633  1.25194E-15  SWARM-A  6.731  104.715
2015-03-18T15:31:00Z  466.126  73.284  -128.561  1.24868E-15  SWARM-A  6.811  106.640
2015-03-18T15:31:30Z  465.872  71.392  -127.727  1.24549E-15  SWARM-A  6.875  108.564
2015-03-18T15:32:00Z  465.595  69.495  -127.063  1.24289E-15  SWARM-A  6.927  110.488
2015-03-18T15:32:30Z  465.296  67.595  -126.529  1.24128E-15  SWARM-A  6.971  112.413
2015-03-18T15:33:00Z  464.978  65.692  -126.092  1.24091E-15  SWARM-A  7.009  114.337
2015-03-18T15:33:30Z  464.641  63.786  -125.732  1.24111E-15  SWARM-A  7.041  116.261
2015-03-18T15:34:00Z  464.289  61.879  -125.434  1.24220E-15  SWARM-A  7.069  118.185
2015-03-18T15:34:30Z  463.922  59.970  -125.185  1.24351E-15  SWARM-A  7.094  120.109
2015-03-18T15:35:00Z  463.544  58.059  -124.977  1.24400E-15  SWARM-A  7.116  122.033
2015-03-18T15:35:30Z  463.155  56.147  -124.803  1.24232E-15  SWARM-A  7.136  123.957
2015-03-18T15:36:00Z  462.759  54.234  -124.657  1.23771E-15  SWARM-A  7.154  125.881
2015-03-18T15:36:30Z  462.359  52.319  -124.535  1.23037E-15  SWARM-A  7.171  127.805
2015-03-18T15:37:00Z  461.955  50.403  -124.433  1.22100E-15  SWARM-A  7.186  129.729
2015-03-18T15:37:30Z  461.551  48.486  -124.350  1.21135E-15  SWARM-A  7.200  131.652
2015-03-18T15:38:00Z  461.150  46.568  -124.281  1.20270E-15  SWARM-A  7.213  133.576
2015-03-18T15:38:30Z  460.754  44.649  -124.225  1.19541E-15  SWARM-A  7.225  135.500
2015-03-18T15:39:00Z  460.364  42.729  -124.181  1.18859E-15  SWARM-A  7.236  137.423
2015-03-18T15:39:30Z  459.985  40.808  -124.147  1.18162E-15  SWARM-A  7.247  139.346
2015-03-18T15:40:00Z  459.618  38.886  -124.122  1.17490E-15  SWARM-A  7.257  141.269
2015-03-18T15:40:30Z  459.266  36.963  -124.105  1.16814E-15  SWARM-A  7.266  143.193
2015-03-18T15:41:00Z  458.931  35.040  -124.095  1.16124E-15  SWARM-A  7.275  145.116
2015-03-18T15:41:30Z  458.616  33.115  -124.091  1.15413E-15  SWARM-A  7.284  147.038
2015-03-18T15:42:00Z  458.322  31.190  -124.093  1.14656E-15  SWARM-A  7.292  148.961
2015-03-18T15:42:30Z  458.052  29.264  -124.100  1.13875E-15  SWARM-A  7.300  150.884
2015-03-18T15:43:00Z  457.809  27.338  -124.110  1.13075E-15  SWARM-A  7.307  152.806
2015-03-18T15:43:30Z  457.594  25.411  -124.125  1.12271E-15  SWARM-A  7.315  154.729
2015-03-18T15:44:00Z  457.408  23.483  -124.143  1.11470E-15  SWARM-A  7.322  156.651
2015-03-18T15:44:30Z  457.255  21.555  -124.165  1.10675E-15  SWARM-A  7.329  158.573
2015-03-18T15:45:00Z  457.135  19.626  -124.189  1.09893E-15  SWARM-A  7.335  160.495
2015-03-18T15:45:30Z  457.050  17.697  -124.215  1.09130E-15  SWARM-A  7.342  162.417
2015-03-18T15:46:00Z  457.001  15.767  -124.244  1.08389E-15  SWARM-A  7.348  164.339
2015-03-18T15:46:30Z  456.990  13.837  -124.274  1.07683E-15  SWARM-A  7.355  166.260
2015-03-18T15:47:00Z  457.017  11.907  -124.306  1.07013E-15  SWARM-A  7.361  168.182
2015-03-18T15:47:30Z  457.084  9.977  -124.339  1.06376E-15  SWARM-A  7.367  170.103
2015-03-18T15:48:00Z  457.191  8.046  -124.373  1.05794E-15  SWARM-A  7.373  172.024
2015-03-18T15:48:30Z  457.338  6.116  -124.408  1.05242E-15  SWARM-A  7.379  173.945
2015-03-18T15:49:00Z  457.526  4.185  -124.444  1.04752E-15  SWARM-A  7.385  175.866
2015-03-18T15:49:30Z  457.755  2.255  -124.480  1.04300E-15  SWARM-A  7.391  177.787
2015-03-18T15:50:00Z  458.026  0.324  -124.517  1.03887E-15  SWARM-A  7.397  179.707
2015-03-18T15:50:30Z  458.337  -1.606  -124.553  1.03518E-15  SWARM-A  7.403  181.627
2015-03-18T15:51:00Z  458.688  -3.536  -124.590  1.03181E-15  SWARM-A  7.409  183.548
2015-03-18T15:51:30Z  459.079  -5.466  -124.625  1.02883E-15  SWARM-A  7.415  185.468
2015-03-18T15:52:00Z  459.509  -7.396  -124.661  1.02615E-15  SWARM-A  7.421  187.387
2015-03-18T15:52:30Z  459.977  -9.325  -124.696  1.02382E-15  SWARM-A  7.427  189.307
2015-03-18T15:53:00Z  460.482  -11.253  -124.729  1.02172E-15  SWARM-A  7.433  191.226
2015-03-18T15:53:30Z  461.022  -13.181  -124.762  1.01996E-15  SWARM-A  7.439  193.146
2015-03-18T15:54:00Z  461.597  -15.109  -124.793  1.01852E-15  SWARM-A  7.445  195.065
2015-03-18T15:54:30Z  462.204  -17.036  -124.822  1.01736E-15  SWARM-A  7.452  196.984
2015-03-18T15:55:00Z  462.841  -18.962  -124.849  1.01658E-15  SWARM-A  7.458  198.903
2015-03-18T15:55:30Z  463.508  -20.887  -124.874  1.01611E-15  SWARM-A  7.465  200.821
2015-03-18T15:56:00Z  464.201  -22.812  -124.897  1.01595E-15  SWARM-A  7.472  202.740
2015-03-18T15:56:30Z  464.918  -24.736  -124.916  1.01617E-15  SWARM-A  7.479  204.658
2015-03-18T15:57:00Z  465.657  -26.659  -124.933  1.01679E-15  SWARM-A  7.486  206.576
2015-03-18T15:57:30Z  466.416  -28.581  -124.945  1.01782E-15  SWARM-A  7.493  208.494
2015-03-18T15:58:00Z  467.193  -30.502  -124.954  1.01928E-15  SWARM-A  7.501  210.411
2015-03-18T15:58:30Z  467.983  -32.423  -124.957  1.02119E-15  SWARM-A  7.509  212.329
2015-03-18T15:59:00Z  468.785  -34.342  -124.956  1.02355E-15  SWARM-A  7.518  214.246
2015-03-18T15:59:30Z  469.597  -36.260  -124.949  1.02638E-15  SWARM-A  7.527  216.164
2015-03-18T16:00:00Z  470.414  -38.177  -124.935  1.02959E-15  SWARM-A  7.536  218.081
2015-03-18T16:00:30Z  471.234  -40.093  -124.913  1.03321E-15  SWARM-A  7.546  219.998
2015-03-18T16:01:00Z  472.055  -42.008  -124.883  1.03716E-15  SWARM-A  7.556  221.914
2015-03-18T16:01:30Z  472.873  -43.921  -124.844  1.04137E-15  SWARM-A  7.567  223.831
2015-03-18T16:02:00Z  473.686  -45.834  -124.794  1.04577E-15  SWARM-A  7.579  225.747
2015-03-18T16:02:30Z  474.490  -47.745  -124.731  1.05025E-15  SWARM-A  7.591  227.664
2015-03-18T16:03:00Z  475.282  -49.655  -124.654  1.05445E-15  SWARM-A  7.605  229.580
2015-03-18T16:03:30Z  476.060  -51.564  -124.560  1.05853E-15  SWARM-A  7.619  231.496
2015-03-18T16:04:00Z  476.821  -53.471  -124.448  1.06195E-15  SWARM-A  7.635  233.412
2015-03-18T16:04:30Z  477.562  -55.377  -124.313  1.06445E-15  SWARM-A  7.652  235.328
2015-03-18T16:05:00Z  478.280  -57.281  -124.152  1.06661E-15  SWARM-A  7.671  237.243
2015-03-18T16:05:30Z  478.973  -59.184  -123.960  1.06841E-15  SWARM-A  7.692  239.159
2015-03-18T16:06:00Z  479.637  -61.085  -123.731  1.06989E-15  SWARM-A  7.716  241.074
2015-03-18T16:06:30Z  480.271  -62.985  -123.456  1.07106E-15  SWARM-A  7.743  242.990
2015-03-18T16:07:00Z  480.873  -64.882  -123.126  1.07203E-15  SWARM-A  7.773  244.905
2015-03-18T16:07:30Z  481.439  -66.777  -122.727  1.07290E-15  SWARM-A  7.808  246.820
2015-03-18T16:08:00Z  481.969  -68.670  -122.241  1.07374E-15  SWARM-A  7.849  248.735
2015-03-18T16:08:30Z  482.459  -70.559  -121.642  1.07430E-15  SWARM-A  7.897  250.650
2015-03-18T16:09:00Z  482.908  -72.444  -120.894  1.07448E-15  SWARM-A  7.955  252.565
2015-03-18T16:09:30Z  483.315  -74.324  -119.943  1.07405E-15  SWARM-A  8.027  254.480
2015-03-18T16:10:00Z  483.678  -76.197  -118.709  1.07304E-15  SWARM-A  8.118  256.395
2015-03-18T16:10:30Z  483.995  -78.059  -117.058  1.07160E-15  SWARM-A  8.236  258.309
2015-03-18T16:11:00Z  484.265  -79.907  -114.767  1.06997E-15  SWARM-A  8.397  260.224
2015-03-18T16:11:30Z  484.487  -81.728  -111.415  1.06831E-15  SWARM-A  8.629  262.139
2015-03-18T16:12:00Z  484.661  -83.503  -106.152  1.06683E-15  SWARM-A  8.988  264.053
2015-03-18T16:12:30Z  484.786  -85.179  -97.027  1.06627E-15  SWARM-A  9.605  265.968
2015-03-18T16:13:00Z  484.861  -86.607  -79.256  1.06673E-15  SWARM-A  10.798  267.883
2015-03-18T16:13:30Z  484.886  -87.351  -45.404  1.06819E-15  SWARM-A  13.063  269.797
2015-03-18T16:14:00Z  484.861  -86.877  -8.152  1.06977E-15  SWARM-A  15.555  271.712
2015-03-18T16:14:30Z  484.785  -85.558  12.960  1.07085E-15  SWARM-A  16.970  273.626
2015-03-18T16:15:00Z  484.660  -83.922  23.578  1.07160E-15  SWARM-A  17.687  275.541
2015-03-18T16:15:30Z  484.485  -82.164  29.533  1.07080E-15  SWARM-A  18.092  277.456
2015-03-18T16:16:00Z  484.262  -80.352  33.244  1.06992E-15  SWARM-A  18.348  279.370
2015-03-18T16:16:30Z  483.990  -78.509  35.744  1.06902E-15  SWARM-A  18.523  281.285
2015-03-18T16:17:00Z  483.672  -76.650  37.524  1.06814E-15  SWARM-A  18.650  283.200
2015-03-18T16:17:30Z  483.307  -74.779  38.845  1.06752E-15  SWARM-A  18.746  285.115
2015-03-18T16:18:00Z  482.898  -72.901  39.855  1.06719E-15  SWARM-A  18.822  287.030
2015-03-18T16:18:30Z  482.446  -71.017  40.647  1.06744E-15  SWARM-A  18.883  288.945
2015-03-18T16:19:00Z  481.953  -69.128  41.278  1.06868E-15  SWARM-A  18.933  290.860
2015-03-18T16:19:30Z  481.420  -67.236  41.790  1.07155E-15  SWARM-A  18.976  292.775
2015-03-18T16:20:00Z  480.850  -65.342  42.208  1.07494E-15  SWARM-A  19.012  294.690
2015-03-18T16:20:30Z  480.244  -63.445  42.553  1.07895E-15  SWARM-A  19.043  296.605
2015-03-18T16:21:00Z  479.605  -61.546  42.840  1.08325E-15  SWARM-A  19.071  298.521
2015-03-18T16:21:30Z  478.934  -59.645  43.080  1.08750E-15  SWARM-A  19.095  300.436
2015-03-18T16:22:00Z  478.236  -57.742  43.280  1.09143E-15  SWARM-A  19.117  302.352
2015-03-18T16:22:30Z  477.512  -55.838  43.448  1.09468E-15  SWARM-A  19.136  304.268
2015-03-18T16:23:00Z  476.764  -53.932  43.589  1.09699E-15  SWARM-A  19.154  306.184
2015-03-18T16:23:30Z  475.996  -52.025  43.707  1.09797E-15  SWARM-A  19.170  308.100
2015-03-18T16:24:00Z  475.210  -50.117  43.804  1.09667E-15  SWARM-A  19.185  310.016
2015-03-18T16:24:30Z  474.409  -48.207  43.885  1.09376E-15  SWARM-A  19.199  311.932
2015-03-18T16:25:00Z  473.596  -46.296  43.951  1.08969E-15  SWARM-A  19.212  313.849
2015-03-18T16:25:30Z  472.774  -44.384  44.004  1.08496E-15  SWARM-A  19.223  315.765
2015-03-18T16:26:00Z  471.946  -42.470  44.046  1.07999E-15  SWARM-A  19.235  317.682
2015-03-18T16:26:30Z  471.115  -40.555  44.078  1.07531E-15  SWARM-A  19.245  319.599
2015-03-18T16:27:00Z  470.283  -38.639  44.102  1.07121E-15  SWARM-A  19.255  321.516
2015-03-18T16:27:30Z  469.455  -36.722  44.118  1.06786E-15  SWARM-A  19.264  323.433
2015-03-18T16:28:00Z  468.632  -34.804  44.126  1.06534E-15  SWARM-A  19.273  325.351
2015-03-18T16:28:30Z  467.817  -32.885  44.129  1.06362E-15  SWARM-A  19.282  327.268
2015-03-18T16:29:00Z  467.014  -30.965  44.127  1.06256E-15  SWARM-A  19.290  329.186
2015-03-18T16:29:30Z  466.225  -29.044  44.119  1.06205E-15  SWARM-A  19.298  331.104
2015-03-18T16:30:00Z  465.453  -27.122  44.108  1.06200E-15  SWARM-A  19.305  333.022
2015-03-18T16:30:30Z  464.700  -25.199  44.092  1.06231E-15  SWARM-A  19.313  334.940
2015-03-18T16:31:00Z  463.970  -23.275  44.074  1.06294E-15  SWARM-A  19.320  336.858
2015-03-18T16:31:30Z  463.263  -21.350  44.052  1.06386E-15  SWARM-A  19.327  338.777
2015-03-18T16:32:00Z  462.583  -19.424  44.027  1.06496E-15  SWARM-A  19.333  340.696
2015-03-18T16:32:30Z  461.932  -17.498  44.001  1.06627E-15  SWARM-A  19.340  342.615
2015-03-18T16:33:00Z  461.312  -15.571  43.972  1.06770E-15  SWARM-A  19.346  344.534
2015-03-18T16:33:30Z  460.724  -13.644  43.941  1.06927E-15  SWARM-A  19.353  346.453
2015-03-18T16:34:00Z  460.170  -11.715  43.909  1.07091E-15  SWARM-A  19.359  348.373
2015-03-18T16:34:30Z  459.652  -9.787  43.876  1.07262E-15  SWARM-A  19.365  350.292
2015-03-18T16:35:00Z  459.172  -7.857  43.841  1.07436E-15  SWARM-A  19.371  352.212
2015-03-18T16:35:30Z  458.729  -5.928  43.806  1.07615E-15  SWARM-A  19.377  354.132
2015-03-18T16:36:00Z  458.326  -3.998  43.770  1.07798E-15  SWARM-A  19.383  356.052
2015-03-18T16:36:30Z  457.964  -2.068  43.734  1.07988E-15  SWARM-A  19.389  357.973
2015-03-18T16:37:00Z  457.642  -0.137  43.698  1.08188E-15  SWARM-A  19.395  359.893
2015-03-18T16:37:30Z  457.361  1.794  43.661  1.08398E-15  SWARM-A  19.401  1.814
2015-03-18T16:38:00Z  457.122  3.724  43.625  1.08614E-15  SWARM-A  19.407  3.735
2015-03-18T16:38:30Z  456.924  5.655  43.589  1.08853E-15  SWARM-A  19.412  5.656
2015-03-18T16:39:00Z  456.768  7.586  43.554  1.09111E-15  SWARM-A  19.418  7.577
2015-03-18T16:39:30Z  456.653  9.517  43.519  1.09397E-15  SWARM-A  19.425  9.498
2015-03-18T16:40:00Z  456.579  11.448  43.486  1.09710E-15  SWARM-A  19.431  11.420
2015-03-18T16:40:30Z  456.544  13.378  43.454  1.10059E-15  SWARM-A  19.437  13.341
2015-03-18T16:41:00Z  456.549  15.308  43.423  1.10413E-15  SWARM-A  19.443  15.263
2015-03-18T16:41:30Z  456.592  17.238  43.394  1.10796E-15  SWARM-A  19.449  17.185
2015-03-18T16:42:00Z  456.671  19.168  43.367  1.11205E-15  SWARM-A  19.456  19.107
2015-03-18T16:42:30Z  456.787  21.097  43.342  1.11634E-15  SWARM-A  19.463  21.030
2015-03-18T16:43:00Z  456.936  23.025  43.320  1.12082E-15  SWARM-A  19.470  22.952
2015-03-18T16:43:30Z  457.118  24.953  43.301  1.12538E-15  SWARM-A  19.477  24.874
2015-03-18T16:44:00Z  457.331  26.881  43.286  1.12997E-15  SWARM-A  19.484  26.797
2015-03-18T16:44:30Z  457.573  28.808  43.274  1.13454E-15  SWARM-A  19.492  28.720
2015-03-18T16:45:00Z  457.842  30.734  43.266  1.13899E-15  SWARM-A  19.499  30.643
2015-03-18T16:45:30Z  458.135  32.660  43.263  1.14330E-15  SWARM-A  19.507  32.566
2015-03-18T16:46:00Z  458.451  34.585  43.266  1.14741E-15  SWARM-A  19.516  34.489
2015-03-18T16:46:30Z  458.788  36.509  43.275  1.15125E-15  SWARM-A  19.525  36.412
2015-03-18T16:47:00Z  459.143  38.432  43.290  1.15482E-15  SWARM-A  19.534  38.335
2015-03-18T16:47:30Z  459.513  40.354  43.313  1.15806E-15  SWARM-A  19.544  40.259
2015-03-18T16:48:00Z  459.896  42.276  43.344  1.16097E-15  SWARM-A  19.555  42.182
2015-03-18T16:48:30Z  460.290  44.196  43.386  1.16348E-15  SWARM-A  19.566  44.106
2015-03-18T16:49:00Z  460.693  46.116  43.439  1.16547E-15  SWARM-A  19.577  46.029
2015-03-18T16:49:30Z  461.101  48.034  43.504  1.16675E-15  SWARM-A  19.590  47.953
2015-03-18T16:50:00Z  461.513  49.952  43.584  1.16718E-15  SWARM-A  19.604  49.877
2015-03-18T16:50:30Z  461.925  51.868  43.681  1.16626E-15  SWARM-A  19.619  51.801
2015-03-18T16:51:00Z  462.335  53.783  43.798  1.16428E-15  SWARM-A  19.635  53.725
2015-03-18T16:51:30Z  462.742  55.697  43.938  1.16177E-15  SWARM-A  19.652  55.649
2015-03-18T16:52:00Z  463.142  57.610  44.105  1.15904E-15  SWARM-A  19.672  57.573
2015-03-18T16:52:30Z  463.533  59.521  44.304  1.15600E-15  SWARM-A  19.694  59.497
2015-03-18T16:53:00Z  463.913  61.430  44.543  1.15241E-15  SWARM-A  19.718  61.422
2015-03-18T16:53:30Z  464.280  63.338  44.828  1.14790E-15  SWARM-A  19.745  63.346
2015-03-18T16:54:00Z  464.631  65.244  45.172  1.14212E-15  SWARM-A  19.776  65.270
2015-03-18T16:54:30Z  464.965  67.148  45.589  1.13507E-15  SWARM-A  19.813  67.195
2015-03-18T16:55:00Z  465.280  69.049  46.098  1.12676E-15  SWARM-A  19.855  69.119
2015-03-18T16:55:30Z  465.574  70.947  46.728  1.11761E-15  SWARM-A  19.905  71.043
2015-03-18T16:56:00Z  465.845  72.841  47.517  1.10803E-15  SWARM-A  19.966  72.968
2015-03-18T16:56:30Z  466.092  74.729  48.525  1.09847E-15  SWARM-A  20.042  74.892
2015-03-18T16:57:00Z  466.314  76.609  49.843  1.08928E-15  SWARM-A  20.138  76.817
2015-03-18T16:57:30Z  466.509  78.479  51.622  1.08177E-15  SWARM-A  20.265  78.742
2015-03-18T16:58:00Z  466.676  80.331  54.121  1.07533E-15  SWARM-A  20.440  80.666
2015-03-18T16:58:30Z  466.815  82.153  57.837  1.07012E-15  SWARM-A  20.696  82.591
2015-03-18T16:59:00Z  466.924  83.920  63.810  1.06611E-15  SWARM-A  21.102  84.515
2015-03-18T16:59:30Z  467.004  85.565  74.492  1.06316E-15  SWARM-A  21.823  86.440
2015-03-18T17:00:00Z  467.053  86.887  95.816  1.06110E-15  SWARM-A  23.253  88.365
2015-03-18T17:00:30Z  467.071  87.350  133.398  1.05916E-15  SWARM-A  1.767  90.289
2015-03-18T17:01:00Z  467.059  86.585  167.160  1.05639E-15  SWARM-A  4.026  92.214
2015-03-18T17:01:30Z  467.016  85.140  -175.249  1.05337E-15  SWARM-A  5.207  94.138
2015-03-18T17:02:00Z  466.943  83.451  -166.227  1.05022E-15  SWARM-A  5.816  96.063
2015-03-18T17:02:30Z  466.840  81.665  -161.021  1.04676E-15  SWARM-A  6.172  97.988
2015-03-18T17:03:00Z  466.708  79.833  -157.704  1.04255E-15  SWARM-A  6.401  99.912
2015-03-18T17:03:30Z  466.548  77.976  -155.435  1.03812E-15  SWARM-A  6.561  101.837
2015-03-18T17:04:00Z  466.360  76.103  -153.801  1.03414E-15  SWARM-A  6.678  103.761
2015-03-18T17:04:30Z  466.145  74.220  -152.578  1.03112E-15  SWARM-A  6.768  105.686
2015-03-18T17:05:00Z  465.905  72.330  -151.636  1.02935E-15  SWARM-A  6.839  107.610
2015-03-18T17:05:30Z  465.642  70.436  -150.895  1.02907E-15  SWARM-A  6.897  109.535
2015-03-18T17:06:00Z  465.356  68.537  -150.301  1.03024E-15  SWARM-A  6.945  111.459
2015-03-18T17:06:30Z  465.049  66.635  -149.819  1.03258E-15  SWARM-A  6.985  113.383
2015-03-18T17:07:00Z  464.724  64.731  -149.424  1.03539E-15  SWARM-A  7.020  115.308
2015-03-18T17:07:30Z  464.381  62.825  -149.097  1.03765E-15  SWARM-A  7.050  117.232
2015-03-18T17:08:00Z  464.023  60.916  -148.825  1.03834E-15  SWARM-A  7.077  119.156
2015-03-18T17:08:30Z  463.652  59.006  -148.598  1.03686E-15  SWARM-A  7.100  121.080
2015-03-18T17:09:00Z  463.271  57.095  -148.408  1.03328E-15  SWARM-A  7.121  123.004
2015-03-18T17:09:30Z  462.880  55.182  -148.248  1.02882E-15  SWARM-A  7.140  124.928
2015-03-18T17:10:00Z  462.484  53.268  -148.115  1.02441E-15  SWARM-A  7.157  126.852
2015-03-18T17:10:30Z  462.084  51.352  -148.004  1.02117E-15  SWARM-A  7.173  128.776
2015-03-18T17:11:00Z  461.682  49.436  -147.912  1.01938E-15  SWARM-A  7.188  130.700
2015-03-18T17:11:30Z  461.281  47.518  -147.836  1.01881E-15  SWARM-A  7.201  132.623
2015-03-18T17:12:00Z  460.884  45.600  -147.774  1.01907E-15  SWARM-A  7.213  134.547
2015-03-18T17:12:30Z  460.494  43.680  -147.725  1.01982E-15  SWARM-A  7.225  136.470
2015-03-18T17:13:00Z  460.112  41.760  -147.686  1.02090E-15  SWARM-A  7.236  138.394
2015-03-18T17:13:30Z  459.741  39.838  -147.657  1.02207E-15  SWARM-A  7.246  140.317
2015-03-18T17:14:00Z  459.383  37.916  -147.636  1.02334E-15  SWARM-A  7.256  142.240
2015-03-18T17:14:30Z  459.042  35.993  -147.623  1.02461E-15  SWARM-A  7.265  144.163
2015-03-18T17:15:00Z  458.719  34.069  -147.616  1.02563E-15  SWARM-A  7.274  146.086
2015-03-18T17:15:30Z  458.417  32.144  -147.615  1.02666E-15  SWARM-A  7.282  148.009
2015-03-18T17:16:00Z  458.138  30.218  -147.619  1.02761E-15  SWARM-A  7.290  149.932
2015-03-18T17:16:30Z  457.883  28.292  -147.628  1.02847E-15  SWARM-A  7.298  151.854
2015-03-18T17:17:00Z  457.656  26.365  -147.641  1.02932E-15  SWARM-A  7.306  153.777
2015-03-18T17:17:30Z  457.458  24.438  -147.658  1.03013E-15  SWARM-A  7.313  155.699
2015-03-18T17:18:00Z  457.291  22.510  -147.678  1.03088E-15  SWARM-A  7.320  157.621
2015-03-18T17:18:30Z  457.156  20.581  -147.700  1.03167E-15  SWARM-A  7.327  159.544
2015-03-18T17:19:00Z  457.056  18.652  -147.726  1.03243E-15  SWARM-A  7.333  161.466
2015-03-18T17:19:30Z  456.991  16.723  -147.753  1.03318E-15  SWARM-A  7.340  163.387
2015-03-18T17:20:00Z  456.963  14.793  -147.783  1.03391E-15  SWARM-A  7.346  165.309
2015-03-18T17:20:30Z  456.973  12.863  -147.814  1.03464E-15  SWARM-A  7.352  167.231
2015-03-18T17:21:00Z  457.021  10.933  -147.846  1.03532E-15  SWARM-A  7.359  169.152
2015-03-18T17:21:30Z  457.110  9.002  -147.880  1.03602E-15  SWARM-A  7.365  171.073
2015-03-18T17:22:00Z  457.238  7.072  -147.915  1.03663E-15  SWARM-A  7.371  172.994
2015-03-18T17:22:30Z  457.408  5.141  -147.950  1.03716E-15  SWARM-A  7.377  174.915
2015-03-18T17:23:00Z  457.618  3.210  -147.987  1.03754E-15  SWARM-A  7.383  176.836
2015-03-18T17:23:30Z  457.869  1.280  -148.023  1.03777E-15  SWARM-A  7.389  178.756
2015-03-18T17:24:00Z  458.161  -0.651  -148.060  1.03770E-15  SWARM-A  7.394  180.677
2015-03-18T17:24:30Z  458.493  -2.581  -148.096  1.03730E-15  SWARM-A  7.400  182.597
2015-03-18T17:25:00Z  458.866  -4.511  -148.132  1.03651E-15  SWARM-A  7.406  184.517
2015-03-18T17:25:30Z  459.277  -6.440  -148.168  1.03526E-15  SWARM-A  7.412  186.437
2015-03-18T17:26:00Z  459.728  -8.370  -148.203  1.03345E-15  SWARM-A  7.418  188.357
2015-03-18T17:26:30Z  460.215  -10.299  -148.237  1.03107E-15  SWARM-A  7.424  190.276
2015-03-18T17:27:00Z  460.739  -12.227  -148.270  1.02804E-15  SWARM-A  7.430  192.196
2015-03-18T17:27:30Z  461.297  -14.155  -148.302  1.02434E-15  SWARM-A  7.437  194.115
2015-03-18T17:28:00Z  461.889  -16.082  -148.332  1.01994E-15  SWARM-A  7.443  196.034
2015-03-18T17:28:30Z  462.513  -18.009  -148.361  1.01490E-15  SWARM-A  7.449  197.953
2015-03-18T17:29:00Z  463.166  -19.934  -148.387  1.00923E-15  SWARM-A  7.456  199.871
2015-03-18T17:29:30Z  463.846  -21.860  -148.411  1.00293E-15  SWARM-A  7.463  201.790
2015-03-18T17:30:00Z  464.553  -23.784  -148.432  9.96091E-16  SWARM-A  7.470  203.708
2015-03-18T17:30:30Z  465.282  -25.707  -148.450  9.88789E-16  SWARM-A  7.477  205.626
2015-03-18T17:31:00Z  466.032  -27.630  -148.465  9.81151E-16  SWARM-A  7.484  207.544
2015-03-18T17:31:30Z  466.801  -29.552  -148.475  9.73194E-16  SWARM-A  7.492  209.462
2015-03-18T17:32:00Z  467.585  -31.472  -148.481  9.64989E-16  SWARM-A  7.500  211.380
2015-03-18T17:32:30Z  468.383  -33.392  -148.483  9.56652E-16  SWARM-A  7.508  213.297
2015-03-18T17:33:00Z  469.191  -35.311  -148.478  9.48324E-16  SWARM-A  7.517  215.215
2015-03-18T17:33:30Z  470.006  -37.228  -148.468  9.39992E-16  SWARM-A  7.526  217.132
2015-03-18T17:34:00Z  470.826  -39.145  -148.450  9.31743E-16  SWARM-A  7.535  219.049
2015-03-18T17:34:30Z  471.647  -41.060  -148.425  9.23604E-16  SWARM-A  7.545  220.966
2015-03-18T17:35:00Z  472.467  -42.974  -148.391  9.15618E-16  SWARM-A  7.556  222.882
2015-03-18T17:35:30Z  473.283  -44.887  -148.346  9.07575E-16  SWARM-A  7.567  224.799
2015-03-18T17:36:00Z  474.092  -46.799  -148.290  8.99576E-16  SWARM-A  7.579  226.715
2015-03-18T17:36:30Z  474.891  -48.710  -148.220  8.91681E-16  SWARM-A  7.592  228.631
2015-03-18T17:37:00Z  475.677  -50.619  -148.135  8.83877E-16  SWARM-A  7.606  230.547
2015-03-18T17:37:30Z  476.447  -52.527  -148.033  8.76133E-16  SWARM-A  7.621  232.463
2015-03-18T17:38:00Z  477.198  -54.434  -147.910  8.68514E-16  SWARM-A  7.638  234.379
2015-03-18T17:38:30Z  477.928  -56.339  -147.762  8.60989E-16  SWARM-A  7.656  236.295
2015-03-18T17:39:00Z  478.634  -58.243  -147.587  8.53693E-16  SWARM-A  7.676  238.211
2015-03-18T17:39:30Z  479.313  -60.145  -147.377  8.46670E-16  SWARM-A  7.698  240.126
2015-03-18T17:40:00Z  479.963  -62.045  -147.126  8.39876E-16  SWARM-A  7.723  242.041
2015-03-18T17:40:30Z  480.581  -63.943  -146.825  8.33246E-16  SWARM-A  7.752  243.957
2015-03-18T17:41:00Z  481.165  -65.840  -146.463  8.26598E-16  SWARM-A  7.784  245.872
2015-03-18T17:41:30Z  481.713  -67.733  -146.023  8.19721E-16  SWARM-A  7.822  247.787
2015-03-18T17:42:00Z  482.223  -69.624  -145.483  8.12518E-16  SWARM-A  7.866  249.702
2015-03-18T17:42:30Z  482.693  -71.512  -144.815  8.05062E-16  SWARM-A  7.919  251.617
2015-03-18T17:43:00Z  483.122  -73.394  -143.973  7.97532E-16  SWARM-A  7.984  253.532
2015-03-18T17:43:30Z  483.506  -75.271  -142.893  7.90227E-16  SWARM-A  8.064  255.447
2015-03-18T17:44:00Z  483.847  -77.139  -141.471  7.83411E-16  SWARM-A  8.167  257.361
2015-03-18T17:44:30Z  484.140  -78.995  -139.535  7.77264E-16  SWARM-A  8.304  259.276
2015-03-18T17:45:00Z  484.387  -80.831  -136.781  7.71939E-16  SWARM-A  8.496  261.191
2015-03-18T17:45:30Z  484.586  -82.633  -132.618  7.67563E-16  SWARM-A  8.782  263.105
2015-03-18T17:46:00Z  484.735  -84.368  -125.770  7.63984E-16  SWARM-A  9.247  265.020
2015-03-18T17:46:30Z  484.835  -85.949  -113.166  7.61188E-16  SWARM-A  10.096  266.935
2015-03-18T17:47:00Z  484.885  -87.114  -87.853  7.59594E-16  SWARM-A  11.792  268.849
2015-03-18T17:47:30Z  484.885  -87.264  -48.513  7.58811E-16  SWARM-A  14.423  270.764
2015-03-18T17:48:00Z  484.834  -86.275  -19.131  7.58071E-16  SWARM-A  16.390  272.678
2015-03-18T17:48:30Z  484.734  -84.755  -4.352  7.57849E-16  SWARM-A  17.383  274.593
2015-03-18T17:49:00Z  484.584  -83.045  3.456  7.58466E-16  SWARM-A  17.912  276.508
2015-03-18T17:49:30Z  484.384  -81.255  8.091  7.60206E-16  SWARM-A  18.230  278.422
2015-03-18T17:50:00Z  484.137  -79.425  11.105  7.63143E-16  SWARM-A  18.439  280.337
2015-03-18T17:50:30Z  483.841  -77.573  13.197  7.67417E-16  SWARM-A  18.587  282.252
2015-03-18T17:51:00Z  483.500  -75.707  14.720  7.73079E-16  SWARM-A  18.696  284.167
2015-03-18T17:51:30Z  483.113  -73.832  15.869  7.80062E-16  SWARM-A  18.781  286.082
2015-03-18T17:52:00Z  482.682  -71.950  16.760  7.88287E-16  SWARM-A  18.849  287.996
2015-03-18T17:52:30Z  482.209  -70.064  17.464  7.97616E-16  SWARM-A  18.904  289.911
2015-03-18T17:53:00Z  481.695  -68.174  18.030  8.07805E-16  SWARM-A  18.950  291.827
2015-03-18T17:53:30Z  481.143  -66.281  18.491  8.18546E-16  SWARM-A  18.990  293.742
2015-03-18T17:54:00Z  480.555  -64.385  18.870  8.29478E-16  SWARM-A  19.023  295.657
2015-03-18T17:54:30Z  479.932  -62.487  19.184  8.40312E-16  SWARM-A  19.052  297.572
2015-03-18T17:55:00Z  479.277  -60.587  19.446  8.50685E-16  SWARM-A  19.078  299.488
2015-03-18T17:55:30Z  478.592  -58.685  19.664  8.61054E-16  SWARM-A  19.101  301.403
2015-03-18T17:56:00Z  477.880  -56.781  19.848  8.71161E-16  SWARM-A  19.122  303.319
2015-03-18T17:56:30Z  477.144  -54.876  20.001  8.80301E-16  SWARM-A  19.140  305.235
2015-03-18T17:57:00Z  476.386  -52.970  20.129  8.88543E-16  SWARM-A  19.157  307.151
2015-03-18T17:57:30Z  475.608  -51.062  20.236  8.95972E-16  SWARM-A  19.173  309.067
2015-03-18T17:58:00Z  474.814  -49.153  20.325  9.02800E-16  SWARM-A  19.187  310.983
2015-03-18T17:58:30Z  474.007  -47.243  20.398  9.08603E-16  SWARM-A  19.200  312.900
2015-03-18T17:59:00Z  473.190  -45.331  20.457  9.12934E-16  SWARM-A  19.212  314.816
2015-03-18T17:59:30Z  472.365  -43.418  20.505  9.17411E-16  SWARM-A  19.224  316.733
2015-03-18T18:00:00Z  471.535  -41.504  20.541  9.23186E-16  SWARM-A  19.235  318.650
2015-03-18T18:00:30Z  470.703  -39.589  20.569  9.28926E-16  SWARM-A  19.245  320.566
2015-03-18T18:01:00Z  469.873  -37.672  20.588  9.35112E-16  SWARM-A  19.254  322.484
2015-03-18T18:01:30Z  469.048  -35.755  20.600  9.42286E-16  SWARM-A  19.264  324.401
2015-03-18T18:02:00Z  468.229  -33.836  20.606  9.51000E-16  SWARM-A  19.272  326.318
2015-03-18T18:02:30Z  467.420  -31.916  20.606  9.60184E-16  SWARM-A  19.281  328.236
2015-03-18T18:03:00Z  466.624  -29.996  20.601  9.69802E-16  SWARM-A  19.289  330.154
2015-03-18T18:03:30Z  465.844  -28.074  20.591  9.79611E-16  SWARM-A  19.296  332.072
2015-03-18T18:04:00Z  465.081  -26.151  20.577  9.89697E-16  SWARM-A  19.304  333.990
2015-03-18T18:04:30Z  464.339  -24.228  20.560  9.99941E-16  SWARM-A  19.311  335.908
2015-03-18T18:05:00Z  463.621  -22.303  20.540  1.00920E-15  SWARM-A  19.318  337.827
2015-03-18T18:05:30Z  462.927  -20.378  20.516  1.01781E-15  SWARM-A  19.325  339.745
2015-03-18T18:06:00Z  462.261  -18.452  20.491  1.02639E-15  SWARM-A  19.331  341.664
2015-03-18T18:06:30Z  461.625  -16.526  20.463  1.03485E-15  SWARM-A  19.338  343.583
2015-03-18T18:07:00Z  461.020  -14.598  20.433  1.04304E-15  SWARM-A  19.344  345.503
2015-03-18T18:07:30Z  460.449  -12.670  20.402  1.05089E-15  SWARM-A  19.350  347.422
2015-03-18T18:08:00Z  459.912  -10.742  20.369  1.05837E-15  SWARM-A  19.356  349.342
2015-03-18T18:08:30Z  459.412  -8.813  20.335  1.06539E-15  SWARM-A  19.363  351.261
2015-03-18T18:09:00Z  458.950  -6.884  20.300  1.07170E-15  SWARM-A  19.369  353.181
2015-03-18T18:09:30Z  458.526  -4.954  20.264  1.07738E-15  SWARM-A  19.374  355.101
2015-03-18T18:10:00Z  458.142  -3.024  20.228  1.08253E-15  SWARM-A  19.380  357.022
2015-03-18T18:10:30Z  457.798  -1.093  20.192  1.08724E-15  SWARM-A  19.386  358.942
2015-03-18T18:11:00Z  457.496  0.837  20.155  1.09149E-15  SWARM-A  19.392  0.863
2015-03-18T18:11:30Z  457.235  2.768  20.119  1.09540E-15  SWARM-A  19.398  2.783
2015-03-18T18:12:00Z  457.016  4.699  20.082  1.09891E-15  SWARM-A  19.404  4.704
2015-03-18T18:12:30Z  456.838  6.630  20.047  1.10197E-15  SWARM-A  19.410  6.625
2015-03-18T18:13:00Z  456.701  8.561  20.012  1.10471E-15  SWARM-A  19.416  8.547
2015-03-18T18:13:30Z  456.605  10.491  19.978  1.10715E-15  SWARM-A  19.422  10.468
2015-03-18T18:14:00Z  456.550  12.422  19.945  1.10933E-15  SWARM-A  19.428  12.390
2015-03-18T18:14:30Z  456.534  14.352  19.913  1.11122E-15  SWARM-A  19.434  14.311
2015-03-18T18:15:00Z  456.557  16.282  19.883  1.11284E-15  SWARM-A  19.441  16.233
2015-03-18T18:15:30Z  456.618  18.212  19.855  1.11411E-15  SWARM-A  19.447  18.155
2015-03-18T18:16:00Z  456.714  20.141  19.830  1.11496E-15  SWARM-A  19.454  20.078
2015-03-18T18:16:30Z  456.846  22.070  19.806  1.11532E-15  SWARM-A  19.461  22.000
2015-03-18T18:17:00Z  457.011  23.999  19.786  1.11533E-15  SWARM-A  19.468  23.922
2015-03-18T18:17:30Z  457.208  25.927  19.768  1.11464E-15  SWARM-A  19.475  25.845
2015-03-18T18:18:00Z  457.434  27.854  19.754  1.11333E-15  SWARM-A  19.482  27.768
2015-03-18T18:18:30Z  457.689  29.780  19.745  1.11136E-15  SWARM-A  19.490  29.690
2015-03-18T18:19:00Z  457.969  31.706  19.739  1.10874E-15  SWARM-A  19.498  31.613
2015-03-18T18:19:30Z  458.273  33.632  19.739  1.10549E-15  SWARM-A  19.506  33.536
2015-03-18T18:20:00Z  458.599  35.556  19.744  1.10167E-15  SWARM-A  19.515  35.460
2015-03-18T18:20:30Z  458.944  37.480  19.756  1.09734E-15  SWARM-A  19.524  37.383
2015-03-18T18:21:00Z  459.306  39.402  19.775  1.09256E-15  SWARM-A  19.534  39.306
2015-03-18T18:21:30Z  459.682  41.324  19.802  1.08742E-15  SWARM-A  19.544  41.230
2015-03-18T18:22:00Z  460.071  43.245  19.839  1.08206E-15  SWARM-A  19.554  43.153
2015-03-18T18:22:30Z  460.468  45.165  19.885  1.07643E-15  SWARM-A  19.566  45.077
2015-03-18T18:23:00Z  460.873  47.084  19.944  1.07045E-15  SWARM-A  19.578  47.001
2015-03-18T18:23:30Z  461.282  49.002  20.017  1.06404E-15  SWARM-A  19.591  48.924
2015-03-18T18:24:00Z  461.693  50.919  20.105  1.05699E-15  SWARM-A  19.606  50.848
2015-03-18T18:24:30Z  462.104  52.835  20.211  1.04925E-15  SWARM-A  19.621  52.772
2015-03-18T18:25:00Z  462.511  54.750  20.339  1.04108E-15  SWARM-A  19.638  54.696
2015-03-18T18:25:30Z  462.914  56.663  20.492  1.03287E-15  SWARM-A  19.656  56.620
2015-03-18T18:26:00Z  463.308  58.575  20.675  1.02501E-15  SWARM-A  19.677  58.545
2015-03-18T18:26:30Z  463.693  60.485  20.893  1.01771E-15  SWARM-A  19.700  60.469
2015-03-18T18:27:00Z  464.065  62.394  21.153  1.01073E-15  SWARM-A  19.725  62.393
2015-03-18T18:27:30Z  464.423  64.301  21.467  1.00375E-15  SWARM-A  19.755  64.318
2015-03-18T18:28:00Z  464.765  66.206  21.845  9.96533E-16  SWARM-A  19.788  66.242
2015-03-18T18:28:30Z  465.089  68.109  22.305  9.88781E-16  SWARM-A  19.827  68.166
2015-03-18T18:29:00Z  465.392  70.008  22.871  9.80595E-16  SWARM-A  19.873  70.091
2015-03-18T18:29:30Z  465.674  71.904  23.575  9.71957E-16  SWARM-A  19.929  72.015
2015-03-18T18:30:00Z  465.932  73.795  24.465  9.63510E-16  SWARM-A  19.996  73.940
2015-03-18T18:30:30Z  466.165  75.680  25.615  9.55467E-16  SWARM-A  20.081  75.864
2015-03-18T18:31:00Z  466.373  77.555  27.141  9.48102E-16  SWARM-A  20.191  77.789
2015-03-18T18:31:30Z  466.553  79.417  29.239  9.41494E-16  SWARM-A  20.340  79.714
2015-03-18T18:32:00Z  466.704  81.256  32.266  9.35815E-16  SWARM-A  20.550  81.638
2015-03-18T18:32:30Z  466.827  83.056  36.933  9.30962E-16  SWARM-A  20.869  83.563
2015-03-18T18:33:00Z  466.920  84.774  44.821  9.26693E-16  SWARM-A  21.403  85.487
2015-03-18T18:33:30Z  466.983  86.297  59.824  9.23284E-16  SWARM-A  22.412  87.412
2015-03-18T18:34:00Z  467.016  87.276  89.703  9.18975E-16  SWARM-A  0.412  89.337
2015-03-18T18:34:30Z  467.017  87.094  129.141  9.14113E-16  SWARM-A  3.050  91.261
2015-03-18T18:35:00Z  466.989  85.903  154.090  9.08814E-16  SWARM-A  4.721  93.186
2015-03-18T18:35:30Z  466.929  84.305  166.472  9.03690E-16  SWARM-A  5.555  95.111
2015-03-18T18:36:00Z  466.840  82.557  173.207  8.98613E-16  SWARM-A  6.012  97.035
2015-03-18T18:36:30Z  466.721  80.744  177.307  8.93994E-16  SWARM-A  6.294  98.960
2015-03-18T18:37:00Z  466.574  78.897  -179.976  8.89860E-16  SWARM-A  6.484  100.884
2015-03-18T18:37:30Z  466.398  77.031  -178.065  8.86571E-16  SWARM-A  6.619  102.809
2015-03-18T18:38:00Z  466.195  75.153  -176.660  8.85176E-16  SWARM-A  6.721  104.734
2015-03-18T18:38:30Z  465.967  73.266  -175.592  8.84747E-16  SWARM-A  6.801  106.658
2015-03-18T18:39:00Z  465.714  71.374  -174.760  8.85147E-16  SWARM-A  6.865  108.582
2015-03-18T18:39:30Z  465.438  69.477  -174.099  8.86061E-16  SWARM-A  6.917  110.507
2015-03-18T18:40:00Z  465.141  67.577  -173.566  8.86948E-16  SWARM-A  6.961  112.431
2015-03-18T18:40:30Z  464.823  65.673  -173.131  8.87226E-16  SWARM-A  6.998  114.356
2015-03-18T18:41:00Z  464.488  63.768  -172.772  8.86621E-16  SWARM-A  7.030  116.280
2015-03-18T18:41:30Z  464.137  61.861  -172.475  8.84452E-16  SWARM-A  7.059  118.204
2015-03-18T18:42:00Z  463.772  59.951  -172.227  8.81585E-16  SWARM-A  7.084  120.128
2015-03-18T18:42:30Z  463.395  58.041  -172.019  8.79058E-16  SWARM-A  7.106  122.052
2015-03-18T18:43:00Z  463.009  56.128  -171.846  8.77023E-16  SWARM-A  7.126  123.976
2015-03-18T18:43:30Z  462.615  54.215  -171.700  8.75837E-16  SWARM-A  7.144  125.900
2015-03-18T18:44:00Z  462.216  52.300  -171.579  8.75313E-16  SWARM-A  7.160  127.824
2015-03-18T18:44:30Z  461.815  50.384  -171.478  8.75219E-16  SWARM-A  7.175  129.748
2015-03-18T18:45:00Z  461.413  48.467  -171.394  8.75452E-16  SWARM-A  7.189  131.672
2015-03-18T18:45:30Z  461.015  46.549  -171.326  8.75477E-16  SWARM-A  7.202  133.596
2015-03-18T18:46:00Z  460.621  44.630  -171.270  8.75579E-16  SWARM-A  7.214  135.519
2015-03-18T18:46:30Z  460.234  42.710  -171.227  8.75758E-16  SWARM-A  7.225  137.443
2015-03-18T18:47:00Z  459.857  40.788  -171.193  8.76097E-16  SWARM-A  7.236  139.366
2015-03-18T18:47:30Z  459.493  38.866  -171.168  8.76329E-16  SWARM-A  7.246  141.289
2015-03-18T18:48:00Z  459.144  36.944  -171.151  8.76569E-16  SWARM-A  7.255  143.212
2015-03-18T18:48:30Z  458.812  35.020  -171.142  8.76886E-16  SWARM-A  7.264  145.135
2015-03-18T18:49:00Z  458.500  33.095  -171.138  8.77253E-16  SWARM-A  7.273  147.058
2015-03-18T18:49:30Z  458.210  31.170  -171.140  8.77742E-16  SWARM-A  7.281  148.981
2015-03-18T18:50:00Z  457.943  29.244  -171.146  8.78359E-16  SWARM-A  7.289  150.904
2015-03-18T18:50:30Z  457.703  27.318  -171.157  8.79084E-16  SWARM-A  7.297  152.826
2015-03-18T18:51:00Z  457.491  25.390  -171.172  8.79902E-16  SWARM-A  7.304  154.749
2015-03-18T18:51:30Z  457.309  23.463  -171.191  8.80834E-16  SWARM-A  7.311  156.671
2015-03-18T18:52:00Z  457.159  21.534  -171.212  8.81909E-16  SWARM-A  7.318  158.593
2015-03-18T18:52:30Z  457.042  19.606  -171.236  8.83099E-16  SWARM-A  7.325  160.516
2015-03-18T18:53:00Z  456.960  17.676  -171.263  8.84362E-16  SWARM-A  7.331  162.437
2015-03-18T18:53:30Z  456.914  15.747  -171.291  8.85781E-16  SWARM-A  7.338  164.359
2015-03-18T18:54:00Z  456.906  13.817  -171.322  8.87315E-16  SWARM-A  7.344  166.281
2015-03-18T18:54:30Z  456.936  11.887  -171.354  8.88930E-16  SWARM-A  7.350  168.202
2015-03-18T18:55:00Z  457.006  9.956  -171.387  8.90627E-16  SWARM-A  7.356  170.124
2015-03-18T18:55:30Z  457.115  8.026  -171.421  8.92404E-16  SWARM-A  7.362  172.045
2015-03-18T18:56:00Z  457.266  6.095  -171.456  8.94258E-16  SWARM-A  7.368  173.966
2015-03-18T18:56:30Z  457.457  4.164  -171.492  8.96137E-16  SWARM-A  7.374  175.887
2015-03-18T18:57:00Z  457.689  2.234  -171.529  8.98025E-16  SWARM-A  7.380  177.807
2015-03-18T18:57:30Z  457.962  0.303  -171.565  8.99732E-16  SWARM-A  7.386  179.728
2015-03-18T18:58:00Z  458.276  -1.627  -171.602  9.01439E-16  SWARM-A  7.392  181.648
2015-03-18T18:58:30Z  458.630  -3.557  -171.638  9.03098E-16  SWARM-A  7.398  183.568
2015-03-18T18:59:00Z  459.024  -5.487  -171.674  9.04698E-16  SWARM-A  7.404  185.488
2015-03-18T18:59:30Z  459.457  -7.417  -171.710  9.06232E-16  SWARM-A  7.410  187.408
2015-03-18T19:00:00Z  459.928  -9.346  -171.744  9.07584E-16  SWARM-A  7.416  189.328
2015-03-18T19:00:30Z  460.436  -11.274  -171.778  9.08821E-16  SWARM-A  7.422  191.247
2015-03-18T19:01:00Z  460.979  -13.202  -171.811  9.09828E-16  SWARM-A  7.428  193.167
2015-03-18T19:01:30Z  461.557  -15.130  -171.842  9.10619E-16  SWARM-A  7.434  195.086
2015-03-18T19:02:00Z  462.167  -17.057  -171.871  9.11198E-16  SWARM-A  7.441  197.005
2015-03-18T19:02:30Z  462.807  -18.983  -171.898  9.11550E-16  SWARM-A  7.447  198.924
2015-03-18T19:03:00Z  463.476  -20.909  -171.923  9.11674E-16  SWARM-A  7.454  200.842
2015-03-18T19:03:30Z  464.172  -22.833  -171.946  9.11645E-16  SWARM-A  7.461  202.761
2015-03-18T19:04:00Z  464.892  -24.757  -171.966  9.11451E-16  SWARM-A  7.468  204.679
2015-03-18T19:04:30Z  465.633  -26.680  -171.982  9.11028E-16  SWARM-A  7.475  206.597
2015-03-18T19:05:00Z  466.395  -28.603  -171.995  9.10537E-16  SWARM-A  7.482  208.515
2015-03-18T19:05:30Z  467.173  -30.524  -172.003  9.10017E-16  SWARM-A  7.490  210.433
2015-03-18T19:06:00Z  467.966  -32.444  -172.007  9.09525E-16  SWARM-A  7.498  212.350
2015-03-18T19:06:30Z  468.770  -34.363  -172.006  9.09070E-16  SWARM-A  7.507  214.268
2015-03-18T19:07:00Z  469.583  -36.281  -171.998  9.08678E-16  SWARM-A  7.516  216.185
2015-03-18T19:07:30Z  470.402  -38.198  -171.984  9.08365E-16  SWARM-A  7.525  218.102
2015-03-18T19:08:00Z  471.224  -40.114  -171.963  9.08018E-16  SWARM-A  7.535  220.019
2015-03-18T19:08:30Z  472.047  -42.029  -171.933  9.07503E-16  SWARM-A  7.545  221.936
2015-03-18T19:09:00Z  472.866  -43.943  -171.894  9.06999E-16  SWARM-A  7.556  223.852
2015-03-18T19:09:30Z  473.680  -45.855  -171.844  9.06451E-16  SWARM-A  7.567  225.769
2015-03-18T19:10:00Z  474.485  -47.767  -171.781  9.05850E-16  SWARM-A  7.580  227.685
2015-03-18T19:10:30Z  475.279  -49.676  -171.704  9.05249E-16  SWARM-A  7.593  229.601
2015-03-18T19:11:00Z  476.058  -51.585  -171.611  9.04694E-16  SWARM-A  7.608  231.517
2015-03-18T19:11:30Z  476.820  -53.492  -171.498  9.04287E-16  SWARM-A  7.624  233.433
2015-03-18T19:12:00Z  477.562  -55.398  -171.364  9.04005E-16  SWARM-A  7.641  235.349
2015-03-18T19:12:30Z  478.282  -57.303  -171.203  9.03777E-16  SWARM-A  7.660  237.265
2015-03-18T19:13:00Z  478.976  -59.206  -171.011  9.03309E-16  SWARM-A  7.681  239.180
2015-03-18T19:13:30Z  479.641  -61.107  -170.781  9.02070E-16  SWARM-A  7.705  241.095
2015-03-18T19:14:00Z  480.277  -63.006  -170.507  8.99838E-16  SWARM-A  7.732  243.011
2015-03-18T19:14:30Z  480.880  -64.904  -170.176  8.96645E-16  SWARM-A  7.762  244.926
2015-03-18T19:15:00Z  481.447  -66.799  -169.777  8.92695E-16  SWARM-A  7.797  246.841
2015-03-18T19:15:30Z  481.978  -68.691  -169.290  8.88388E-16  SWARM-A  7.838  248.756
2015-03-18T19:16:00Z  482.469  -70.580  -168.690  8.84089E-16  SWARM-A  7.886  250.671
2015-03-18T19:16:30Z  482.920  -72.465  -167.941  8.80067E-16  SWARM-A  7.944  252.586
2015-03-18T19:17:00Z  483.328  -74.345  -166.989  8.76461E-16  SWARM-A  8.016  254.501
2015-03-18T19:17:30Z  483.692  -76.218  -165.753  8.73104E-16  SWARM-A  8.107  256.416
2015-03-18T19:18:00Z  484.010  -78.081  -164.099  8.69968E-16  SWARM-A  8.226  258.330
2015-03-18T19:18:30Z  484.281  -79.928  -161.801  8.66818E-16  SWARM-A  8.387  260.245
2015-03-18T19:19:00Z  484.505  -81.749  -158.437  8.63498E-16  SWARM-A  8.620  262.160
2015-03-18T19:19:30Z  484.680  -83.523  -153.150  8.60009E-16  SWARM-A  8.980  264.074
2015-03-18T19:20:00Z  484.806  -85.198  -143.970  8.56600E-16  SWARM-A  9.601  265.989
2015-03-18T19:20:30Z  484.882  -86.622  -126.061  8.53600E-16  SWARM-A  10.803  267.904
2015-03-18T19:21:00Z  484.908  -87.356  -92.007  8.51444E-16  SWARM-A  13.082  269.818
2015-03-18T19:21:30Z  484.884  -86.868  -54.849  8.49715E-16  SWARM-A  15.567  271.733
2015-03-18T19:22:00Z  484.809  -85.543  -33.898  8.48468E-16  SWARM-A  16.972  273.647
2015-03-18T19:22:30Z  484.685  -83.904  -23.360  8.48438E-16  SWARM-A  17.683  275.562
2015-03-18T19:23:00Z  484.511  -82.146  -17.444  8.49951E-16  SWARM-A  18.086  277.477
2015-03-18T19:23:30Z  484.288  -80.332  -13.753  8.53149E-16  SWARM-A  18.340  279.391
2015-03-18T19:24:00Z  484.017  -78.490  -11.266  8.57954E-16  SWARM-A  18.514  281.306
2015-03-18T19:24:30Z  483.699  -76.630  -9.494  8.64047E-16  SWARM-A  18.641  283.221
2015-03-18T19:25:00Z  483.336  -74.759  -8.179  8.71412E-16  SWARM-A  18.737  285.136
2015-03-18T19:25:30Z  482.927  -72.881  -7.173  8.79775E-16  SWARM-A  18.812  287.050
2015-03-18T19:26:00Z  482.476  -70.997  -6.384  8.88774E-16  SWARM-A  18.873  288.965
2015-03-18T19:26:30Z  481.983  -69.108  -5.755  8.98134E-16  SWARM-A  18.923  290.880
2015-03-18T19:27:00Z  481.451  -67.216  -5.246  9.07585E-16  SWARM-A  18.966  292.796
2015-03-18T19:27:30Z  480.881  -65.322  -4.829  9.16864E-16  SWARM-A  19.002  294.711
2015-03-18T19:28:00Z  480.276  -63.425  -4.485  9.25932E-16  SWARM-A  19.033  296.626
2015-03-18T19:28:30Z  479.637  -61.526  -4.199  9.34709E-16  SWARM-A  19.061  298.541
2015-03-18T19:29:00Z  478.968  -59.625  -3.960  9.43227E-16  SWARM-A  19.085  300.457
2015-03-18T19:29:30Z  478.270  -57.722  -3.760  9.51621E-16  SWARM-A  19.106  302.373
2015-03-18T19:30:00Z  477.546  -55.818  -3.593  9.60020E-16  SWARM-A  19.126  304.288
2015-03-18T19:30:30Z  476.799  -53.912  -3.453  9.68518E-16  SWARM-A  19.144  306.204
2015-03-18T19:31:00Z  476.031  -52.005  -3.336  9.76927E-16  SWARM-A  19.160  308.120
2015-03-18T19:31:30Z  475.246  -50.097  -3.238  9.85093E-16  SWARM-A  19.175  310.036
2015-03-18T19:32:00Z  474.445  -48.187  -3.158  9.93597E-16  SWARM-A  19.188  311.953
2015-03-18T19:32:30Z  473.633  -46.276  -3.092  1.00244E-15  SWARM-A  19.201  313.869
2015-03-18T19:33:00Z  472.811  -44.363  -3.040  1.01174E-15  SWARM-A  19.213  315.786
2015-03-18T19:33:30Z  471.984  -42.450  -2.998  1.02143E-15  SWARM-A  19.224  317.702
2015-03-18T19:34:00Z  471.153  -40.535  -2.966  1.03151E-15  SWARM-A  19.234  319.619
2015-03-18T19:34:30Z  470.323  -38.619  -2.943  1.04198E-15  SWARM-A  19.244  321.536
2015-03-18T19:35:00Z  469.495  -36.702  -2.927  1.05272E-15  SWARM-A  19.254  323.453
2015-03-18T19:35:30Z  468.672  -34.784  -2.919  1.06361E-15  SWARM-A  19.263  325.371
2015-03-18T19:36:00Z  467.858  -32.865  -2.916  1.07461E-15  SWARM-A  19.271  327.288
2015-03-18T19:36:30Z  467.056  -30.945  -2.919  1.08557E-15  SWARM-A  19.279  329.206
2015-03-18T19:37:00Z  466.268  -29.024  -2.926  1.09639E-15  SWARM-A  19.287  331.124
2015-03-18T19:37:30Z  465.496  -27.102  -2.938  1.10692E-15  SWARM-A  19.295  333.042
2015-03-18T19:38:00Z  464.744  -25.179  -2.954  1.11706E-15  SWARM-A  19.302  334.960
2015-03-18T19:38:30Z  464.014  -23.255  -2.973  1.12663E-15  SWARM-A  19.309  336.878
2015-03-18T19:39:00Z  463.308  -21.330  -2.995  1.13557E-15  SWARM-A  19.316  338.797
2015-03-18T19:39:30Z  462.628  -19.405  -3.019  1.14373E-15  SWARM-A  19.323  340.716
2015-03-18T19:40:00Z  461.977  -17.478  -3.046  1.15098E-15  SWARM-A  19.329  342.635
2015-03-18T19:40:30Z  461.356  -15.551  -3.075  1.15767E-15  SWARM-A  19.336  344.554
2015-03-18T19:41:00Z  460.768  -13.624  -3.106  1.16337E-15  SWARM-A  19.342  346.473
2015-03-18T19:41:30Z  460.214  -11.696  -3.138  1.16802E-15  SWARM-A  19.348  348.392
2015-03-18T19:42:00Z  459.696  -9.767  -3.171  1.17158E-15  SWARM-A  19.354  350.312
2015-03-18T19:42:30Z  459.215  -7.838  -3.206  1.17410E-15  SWARM-A  19.360  352.232
2015-03-18T19:43:00Z  458.771  -5.908  -3.241  1.17559E-15  SWARM-A  19.366  354.152
2015-03-18T19:43:30Z  458.367  -3.978  -3.277  1.17607E-15  SWARM-A  19.372  356.072
2015-03-18T19:44:00Z  458.003  -2.048  -3.314  1.17571E-15  SWARM-A  19.378  357.992
2015-03-18T19:44:30Z  457.680  -0.117  -3.350  1.17457E-15  SWARM-A  19.384  359.913
2015-03-18T19:45:00Z  457.398  1.813  -3.387  1.17265E-15  SWARM-A  19.390  1.834
2015-03-18T19:45:30Z  457.156  3.744  -3.423  1.16994E-15  SWARM-A  19.396  3.754
2015-03-18T19:46:00Z  456.957  5.675  -3.459  1.16654E-15  SWARM-A  19.402  5.675
2015-03-18T19:46:30Z  456.798  7.606  -3.494  1.16270E-15  SWARM-A  19.408  7.597
2015-03-18T19:47:00Z  456.681  9.537  -3.529  1.15840E-15  SWARM-A  19.414  9.518
2015-03-18T19:47:30Z  456.604  11.467  -3.562  1.15366E-15  SWARM-A  19.420  11.439
2015-03-18T19:48:00Z  456.567  13.398  -3.595  1.14855E-15  SWARM-A  19.426  13.361
2015-03-18T19:48:30Z  456.569  15.328  -3.626  1.14306E-15  SWARM-A  19.432  15.283
2015-03-18T19:49:00Z  456.609  17.258  -3.655  1.13721E-15  SWARM-A  19.439  17.205
2015-03-18T19:49:30Z  456.686  19.187  -3.682  1.13107E-15  SWARM-A  19.445  19.127
2015-03-18T19:50:00Z  456.799  21.116  -3.706  1.12453E-15  SWARM-A  19.452  21.049
2015-03-18T19:50:30Z  456.945  23.045  -3.728  1.11766E-15  SWARM-A  19.459  22.971
2015-03-18T19:51:00Z  457.125  24.973  -3.747  1.11034E-15  SWARM-A  19.466  24.894
2015-03-18T19:51:30Z  457.334  26.901  -3.763  1.10274E-15  SWARM-A  19.473  26.817
2015-03-18T19:52:00Z  457.573  28.828  -3.775  1.09485E-15  SWARM-A  19.481  28.739
2015-03-18T19:52:30Z  457.839  30.754  -3.783  1.08664E-15  SWARM-A  19.488  30.662
2015-03-18T19:53:00Z  458.130  32.679  -3.785  1.07813E-15  SWARM-A  19.497  32.585
2015-03-18T19:53:30Z  458.443  34.604  -3.783  1.06942E-15  SWARM-A  19.505  34.508
2015-03-18T19:54:00Z  458.776  36.528  -3.775  1.06058E-15  SWARM-A  19.514  36.432
2015-03-18T19:54:30Z  459.127  38.452  -3.759  1.05171E-15  SWARM-A  19.523  38.355
2015-03-18T19:55:00Z  459.494  40.374  -3.736  1.04287E-15  SWARM-A  19.533  40.278
2015-03-18T19:55:30Z  459.875  42.295  -3.705  1.03413E-15  SWARM-A  19.544  42.202
2015-03-18T19:56:00Z  460.265  44.216  -3.663  1.02546E-15  SWARM-A  19.555  44.125
2015-03-18T19:56:30Z  460.664  46.135  -3.611  1.01677E-15  SWARM-A  19.567  46.049
2015-03-18T19:57:00Z  461.069  48.054  -3.545  1.00775E-15  SWARM-A  19.579  47.973
2015-03-18T19:57:30Z  461.477  49.971  -3.465  9.98108E-16  SWARM-A  19.593  49.897
2015-03-18T19:58:00Z  461.886  51.888  -3.368  9.87743E-16  SWARM-A  19.608  51.821
2015-03-18T19:58:30Z  462.293  53.803  -3.251  9.76965E-16  SWARM-A  19.624  53.745
2015-03-18T19:59:00Z  462.695  55.717  -3.111  9.66523E-16  SWARM-A  19.641  55.669
2015-03-18T19:59:30Z  463.091  57.630  -2.944  9.56987E-16  SWARM-A  19.661  57.593
2015-03-18T20:00:00Z  463.479  59.541  -2.745  9.48551E-16  SWARM-A  19.683  59.517
2015-03-18T20:00:30Z  463.855  61.450  -2.506  9.40868E-16  SWARM-A  19.707  61.442
2015-03-18T20:01:00Z  464.217  63.358  -2.220  9.33544E-16  SWARM-A  19.734  63.366
2015-03-18T20:01:30Z  464.564  65.264  -1.876  9.25980E-16  SWARM-A  19.766  65.290
2015-03-18T20:02:00Z  464.894  67.168  -1.459  9.18268E-16  SWARM-A  19.802  67.215
2015-03-18T20:02:30Z  465.205  69.069  -0.949  9.10476E-16  SWARM-A  19.844  69.139
2015-03-18T20:03:00Z  465.494  70.967  -0.319  9.02744E-16  SWARM-A  19.894  71.064
2015-03-18T20:03:30Z  465.761  72.861  0.472  8.95355E-16  SWARM-A  19.955  72.988
2015-03-18T20:04:00Z  466.003  74.749  1.482  8.88481E-16  SWARM-A  20.031  74.913
2015-03-18T20:04:30Z  466.220  76.629  2.803  8.82255E-16  SWARM-A  20.127  76.837
2015-03-18T20:05:00Z  466.411  78.499  4.586  8.76801E-16  SWARM-A  20.255  78.762
2015-03-18T20:05:30Z  466.573  80.351  7.094  8.72149E-16  SWARM-A  20.430  80.687
2015-03-18T20:06:00Z  466.707  82.173  10.825  8.68212E-16  SWARM-A  20.687  82.611
2015-03-18T20:06:30Z  466.812  83.939  16.827  8.65055E-16  SWARM-A  21.096  84.536
2015-03-18T20:07:00Z  466.886  85.582  27.580  8.62304E-16  SWARM-A  21.821  86.461
2015-03-18T20:07:30Z  466.931  86.899  49.070  8.59978E-16  SWARM-A  23.262  88.385
2015-03-18T20:08:00Z  466.945  87.350  86.798  8.57644E-16  SWARM-A  1.785  90.310
2015-03-18T20:08:30Z  466.928  86.573  120.401  8.54531E-16  SWARM-A  4.034  92.235
2015-03-18T20:09:00Z  466.881  85.124  137.855  8.51487E-16  SWARM-A  5.206  94.159
2015-03-18T20:09:30Z  466.803  83.433  146.813  8.48751E-16  SWARM-A  5.812  96.084
2015-03-18T20:10:00Z  466.696  81.646  151.989  8.46160E-16  SWARM-A  6.165  98.009
2015-03-18T20:10:30Z  466.560  79.813  155.288  8.44286E-16  SWARM-A  6.393  99.933
2015-03-18T20:11:00Z  466.395  77.955  157.547  8.42900E-16  SWARM-A  6.552  101.858
2015-03-18T20:11:30Z  466.203  76.082  159.175  8.42308E-16  SWARM-A  6.669  103.783
2015-03-18T20:12:00Z  465.985  74.200  160.393  8.42557E-16  SWARM-A  6.759  105.707
2015-03-18T20:12:30Z  465.742  72.310  161.332  8.43323E-16  SWARM-A  6.829  107.632
2015-03-18T20:13:00Z  465.475  70.415  162.071  8.44278E-16  SWARM-A  6.887  109.556
2015-03-18T20:13:30Z  465.186  68.516  162.662  8.44955E-16  SWARM-A  6.935  111.481
2015-03-18T20:14:00Z  464.876  66.614  163.143  8.44845E-16  SWARM-A  6.975  113.405
2015-03-18T20:14:30Z  464.547  64.710  163.537  8.43814E-16  SWARM-A  7.010  115.329
2015-03-18T20:15:00Z  464.202  62.803  163.863  8.42176E-16  SWARM-A  7.040  117.254
2015-03-18T20:15:30Z  463.842  60.895  164.134  8.40413E-16  SWARM-A  7.066  119.178
2015-03-18T20:16:00Z  463.468  58.984  164.360  8.38994E-16  SWARM-A  7.090  121.102
2015-03-18T20:16:30Z  463.085  57.073  164.550  8.37761E-16  SWARM-A  7.111  123.026
2015-03-18T20:17:00Z  462.693  55.160  164.708  8.36792E-16  SWARM-A  7.130  124.950
2015-03-18T20:17:30Z  462.295  53.246  164.841  8.36000E-16  SWARM-A  7.147  126.874
2015-03-18T20:18:00Z  461.893  51.330  164.952  8.35227E-16  SWARM-A  7.162  128.798
2015-03-18T20:18:30Z  461.490  49.414  165.044  8.34384E-16  SWARM-A  7.177  130.722
2015-03-18T20:19:00Z  461.089  47.496  165.119  8.33482E-16  SWARM-A  7.190  132.646
2015-03-18T20:19:30Z  460.692  45.577  165.181  8.32456E-16  SWARM-A  7.203  134.570
2015-03-18T20:20:00Z  460.301  43.657  165.230  8.31359E-16  SWARM-A  7.214  136.493
2015-03-18T20:20:30Z  459.918  41.737  165.268  8.30053E-16  SWARM-A  7.225  138.417
2015-03-18T20:21:00Z  459.547  39.815  165.297  8.28589E-16  SWARM-A  7.235  140.340
2015-03-18T20:21:30Z  459.190  37.893  165.318  8.27116E-16  SWARM-A  7.245  142.263
2015-03-18T20:22:00Z  458.850  35.969  165.331  8.25641E-16  SWARM-A  7.254  144.187
2015-03-18T20:22:30Z  458.528  34.045  165.338  8.24205E-16  SWARM-A  7.263  146.110
2015-03-18T20:23:00Z  458.226  32.120  165.339  8.22812E-16  SWARM-A  7.272  148.033
2015-03-18T20:23:30Z  457.948  30.195  165.334  8.21505E-16  SWARM-A  7.280  149.955
2015-03-18T20:24:00Z  457.696  28.268  165.325  8.20318E-16  SWARM-A  7.287  151.878
2015-03-18T20:24:30Z  457.470  26.341  165.312  8.19248E-16  SWARM-A  7.295  153.801
2015-03-18T20:25:00Z  457.274  24.414  165.295  8.18340E-16  SWARM-A  7.302  155.723
2015-03-18T20:25:30Z  457.110  22.485  165.275  8.17610E-16  SWARM-A  7.309  157.646
2015-03-18T20:26:00Z  456.978  20.557  165.253  8.17079E-16  SWARM-A  7.316  159.568
2015-03-18T20:26:30Z  456.880  18.628  165.227  8.16516E-16  SWARM-A  7.322  161.490
2015-03-18T20:27:00Z  456.818  16.698  165.200  8.16057E-16  SWARM-A  7.329  163.412
2015-03-18T20:27:30Z  456.793  14.768  165.170  8.15807E-16  SWARM-A  7.335  165.333
2015-03-18T20:28:00Z  456.806  12.838  165.139  8.15772E-16  SWARM-A  7.342  167.255
2015-03-18T20:28:30Z  456.858  10.908  165.106  8.15947E-16  SWARM-A  7.348  169.177
2015-03-18T20:29:00Z  456.950  8.977  165.072  8.16317E-16  SWARM-A  7.354  171.098
2015-03-18T20:29:30Z  457.082  7.047  165.037  8.16845E-16  SWARM-A  7.360  173.019
2015-03-18T20:30:00Z  457.256  5.116  165.002  8.17523E-16  SWARM-A  7.366  174.940
2015-03-18T20:30:30Z  457.470  3.185  164.966  8.18280E-16  SWARM-A  7.372  176.861
2015-03-18T20:31:00Z  457.725  1.255  164.929  8.19091E-16  SWARM-A  7.378  178.782
2015-03-18T20:31:30Z  458.022  -0.676  164.893  8.19944E-16  SWARM-A  7.384  180.702
2015-03-18T20:32:00Z  458.359  -2.606  164.856  8.20715E-16  SWARM-A  7.389  182.622
2015-03-18T20:32:30Z  458.736  -4.536  164.820  8.21416E-16  SWARM-A  7.395  184.542
2015-03-18T20:33:00Z  459.153  -6.466  164.784  8.21948E-16  SWARM-A  7.401  186.462
2015-03-18T20:33:30Z  459.608  -8.395  164.749  8.22349E-16  SWARM-A  7.407  188.382
2015-03-18T20:34:00Z  460.100  -10.324  164.714  8.22522E-16  SWARM-A  7.413  190.302
2015-03-18T20:34:30Z  460.629  -12.253  164.681  8.22469E-16  SWARM-A  7.419  192.221
2015-03-18T20:35:00Z  461.193  -14.181  164.649  8.22173E-16  SWARM-A  7.426  194.141
2015-03-18T20:35:30Z  461.789  -16.108  164.619  8.21622E-16  SWARM-A  7.432  196.060
2015-03-18T20:36:00Z  462.418  -18.035  164.591  8.20837E-16  SWARM-A  7.438  197.979
2015-03-18T20:36:30Z  463.076  -19.960  164.564  8.19847E-16  SWARM-A  7.445  199.897
2015-03-18T20:37:00Z  463.761  -21.886  164.541  8.18656E-16  SWARM-A  7.452  201.816
2015-03-18T20:37:30Z  464.472  -23.810  164.519  8.17340E-16  SWARM-A  7.459  203.734
2015-03-18T20:38:00Z  465.206  -25.734  164.501  8.15820E-16  SWARM-A  7.466  205.652
2015-03-18T20:38:30Z  465.961  -27.656  164.487  8.14211E-16  SWARM-A  7.473  207.571
2015-03-18T20:39:00Z  466.734  -29.578  164.476  8.12616E-16  SWARM-A  7.481  209.488
2015-03-18T20:39:30Z  467.523  -31.499  164.470  8.11063E-16  SWARM-A  7.489  211.406
2015-03-18T20:40:00Z  468.324  -33.418  164.469  8.09664E-16  SWARM-A  7.497  213.324
2015-03-18T20:40:30Z  469.136  -35.337  164.473  8.08361E-16  SWARM-A  7.506  215.241
2015-03-18T20:41:00Z  469.956  -37.255  164.483  8.07004E-16  SWARM-A  7.515  217.158
2015-03-18T20:41:30Z  470.780  -39.171  164.501  8.05752E-16  SWARM-A  7.524  219.075
2015-03-18T20:42:00Z  471.605  -41.087  164.526  8.04642E-16  SWARM-A  7.534  220.992
2015-03-18T20:42:30Z  472.430  -43.001  164.561  8.03727E-16  SWARM-A  7.545  222.909
2015-03-18T20:43:00Z  473.250  -44.914  164.606  8.03098E-16  SWARM-A  7.556  224.825
2015-03-18T20:43:30Z  474.063  -46.826  164.662  8.02955E-16  SWARM-A  7.568  226.742
2015-03-18T20:44:00Z  474.866  -48.736  164.731  8.03457E-16  SWARM-A  7.581  228.658
2015-03-18T20:44:30Z  475.656  -50.646  164.816  8.04775E-16  SWARM-A  7.595  230.574
2015-03-18T20:45:00Z  476.430  -52.554  164.919  8.06830E-16  SWARM-A  7.610  232.490
2015-03-18T20:45:30Z  477.185  -54.460  165.042  8.09151E-16  SWARM-A  7.627  234.406
2015-03-18T20:46:00Z  477.919  -56.365  165.190  8.11080E-16  SWARM-A  7.645  236.321
2015-03-18T20:46:30Z  478.629  -58.269  165.366  8.12441E-16  SWARM-A  7.665  238.237
2015-03-18T20:47:00Z  479.312  -60.171  165.576  8.13064E-16  SWARM-A  7.687  240.153
2015-03-18T20:47:30Z  479.965  -62.071  165.827  8.13189E-16  SWARM-A  7.713  242.068
2015-03-18T20:48:00Z  480.587  -63.970  166.128  8.13194E-16  SWARM-A  7.741  243.983
2015-03-18T20:48:30Z  481.176  -65.866  166.491  8.13475E-16  SWARM-A  7.773  245.898
2015-03-18T20:49:00Z  481.728  -67.760  166.932  8.14288E-16  SWARM-A  7.811  247.813
2015-03-18T20:49:30Z  482.241  -69.651  167.473  8.15853E-16  SWARM-A  7.856  249.728
2015-03-18T20:50:00Z  482.715  -71.538  168.143  8.17866E-16  SWARM-A  7.909  251.643
2015-03-18T20:50:30Z  483.147  -73.421  168.986  8.20125E-16  SWARM-A  7.973  253.558
2015-03-18T20:51:00Z  483.535  -75.297  170.070  8.22413E-16  SWARM-A  8.054  255.473
2015-03-18T20:51:30Z  483.879  -77.165  171.497  8.24245E-16  SWARM-A  8.157  257.388
2015-03-18T20:52:00Z  484.176  -79.021  173.440  8.25453E-16  SWARM-A  8.295  259.302
2015-03-18T20:52:30Z  484.426  -80.857  176.207  8.26030E-16  SWARM-A  8.488  261.217
2015-03-18T20:53:00Z  484.628  -82.658  -179.606  8.25885E-16  SWARM-A  8.775  263.132
2015-03-18T20:53:30Z  484.781  -84.392  -172.710  8.25064E-16  SWARM-A  9.243  265.046
2015-03-18T20:54:00Z  484.884  -85.970  -159.992  8.24301E-16  SWARM-A  10.100  266.961
2015-03-18T20:54:30Z  484.937  -87.126  -134.442  8.24155E-16  SWARM-A  11.811  268.875
2015-03-18T20:55:00Z  484.939  -87.259  -95.026  8.24846E-16  SWARM-A  14.447  270.790
2015-03-18T20:55:30Z  484.892  -86.258  -65.877  8.25770E-16  SWARM-A  16.399  272.705
2015-03-18T20:56:00Z  484.794  -84.734  -51.241  8.27423E-16  SWARM-A  17.383  274.619
2015-03-18T20:56:30Z  484.646  -83.022  -43.498  8.30339E-16  SWARM-A  17.908  276.534
2015-03-18T20:57:00Z  484.450  -81.230  -38.895  8.34493E-16  SWARM-A  18.223  278.448
2015-03-18T20:57:30Z  484.205  -79.400  -35.899  8.40593E-16  SWARM-A  18.431  280.363
2015-03-18T20:58:00Z  483.912  -77.548  -33.818  8.48622E-16  SWARM-A  18.578  282.278
2015-03-18T20:58:30Z  483.573  -75.682  -32.302  8.57207E-16  SWARM-A  18.687  284.193
2015-03-18T20:59:00Z  483.188  -73.807  -31.158  8.65946E-16  SWARM-A  18.772  286.107
2015-03-18T20:59:30Z  482.760  -71.925  -30.271  8.74489E-16  SWARM-A  18.839  288.022
2015-03-18T21:00:00Z  482.289  -70.039  -29.570  8.82864E-16  SWARM-A  18.894  289.937
2015-03-18T21:00:30Z  481.778  -68.149  -29.006  8.90016E-16  SWARM-A  18.940  291.852
2015-03-18T21:01:00Z  481.228  -66.255  -28.546  8.95920E-16  SWARM-A  18.979  293.767
2015-03-18T21:01:30Z  480.641  -64.360  -28.169  9.01141E-16  SWARM-A  19.013  295.683
2015-03-18T21:02:00Z  480.020  -62.461  -27.856  9.05623E-16  SWARM-A  19.042  297.598
2015-03-18T21:02:30Z  479.367  -60.562  -27.595  9.09499E-16  SWARM-A  19.068  299.513
2015-03-18T21:03:00Z  478.684  -58.660  -27.377  9.10556E-16  SWARM-A  19.091  301.429
2015-03-18T21:03:30Z  477.974  -56.756  -27.194  9.11310E-16  SWARM-A  19.111  303.344
2015-03-18T21:04:00Z  477.239  -54.851  -27.042  9.11772E-16  SWARM-A  19.130  305.260
2015-03-18T21:04:30Z  476.482  -52.945  -26.914  9.12101E-16  SWARM-A  19.147  307.176
2015-03-18T21:05:00Z  475.706  -51.037  -26.807  9.13973E-16  SWARM-A  19.162  309.092
2015-03-18T21:05:30Z  474.913  -49.128  -26.719  9.16219E-16  SWARM-A  19.176  311.008
2015-03-18T21:06:00Z  474.107  -47.218  -26.646  9.18449E-16  SWARM-A  19.189  312.925
2015-03-18T21:06:30Z  473.291  -45.306  -26.587  9.20849E-16  SWARM-A  19.202  314.841
2015-03-18T21:07:00Z  472.466  -43.393  -26.540  9.22473E-16  SWARM-A  19.213  316.758
2015-03-18T21:07:30Z  471.638  -41.479  -26.504  9.23034E-16  SWARM-A  19.224  318.674
2015-03-18T21:08:00Z  470.807  -39.564  -26.477  9.23972E-16  SWARM-A  19.234  320.591
2015-03-18T21:08:30Z  469.977  -37.647  -26.457  9.25316E-16  SWARM-A  19.244  322.508
2015-03-18T21:09:00Z  469.152  -35.730  -26.446  9.27085E-16  SWARM-A  19.253  324.425
2015-03-18T21:09:30Z  468.334  -33.811  -26.440  9.28663E-16  SWARM-A  19.261  326.343
2015-03-18T21:10:00Z  467.526  -31.892  -26.440  9.30474E-16  SWARM-A  19.270  328.260
2015-03-18T21:10:30Z  466.730  -29.971  -26.446  9.32725E-16  SWARM-A  19.278  330.178
2015-03-18T21:11:00Z  465.949  -28.050  -26.455  9.35307E-16  SWARM-A  19.285  332.096
2015-03-18T21:11:30Z  465.187  -26.127  -26.469  9.38247E-16  SWARM-A  19.293  334.014
2015-03-18T21:12:00Z  464.445  -24.204  -26.486  9.41562E-16  SWARM-A  19.300  335.932
2015-03-18T21:12:30Z  463.727  -22.279  -26.507  9.45222E-16  SWARM-A  19.307  337.851
2015-03-18T21:13:00Z  463.033  -20.354  -26.530  9.49098E-16  SWARM-A  19.314  339.769
2015-03-18T21:13:30Z  462.367  -18.428  -26.556  9.53141E-16  SWARM-A  19.320  341.688
2015-03-18T21:14:00Z  461.731  -16.502  -26.584  9.57301E-16  SWARM-A  19.327  343.607
2015-03-18T21:14:30Z  461.126  -14.575  -26.614  9.61614E-16  SWARM-A  19.333  345.526
2015-03-18T21:15:00Z  460.555  -12.647  -26.646  9.65841E-16  SWARM-A  19.339  347.446
2015-03-18T21:15:30Z  460.018  -10.718  -26.678  9.69188E-16  SWARM-A  19.346  349.365
2015-03-18T21:16:00Z  459.518  -8.789  -26.712  9.72582E-16  SWARM-A  19.352  351.285
2015-03-18T21:16:30Z  459.055  -6.860  -26.747  9.76133E-16  SWARM-A  19.358  353.205
2015-03-18T21:17:00Z  458.631  -4.930  -26.783  9.79742E-16  SWARM-A  19.364  355.125
2015-03-18T21:17:30Z  458.246  -3.000  -26.819  9.83554E-16  SWARM-A  19.370  357.045
2015-03-18T21:18:00Z  457.902  -1.070  -26.856  9.87418E-16  SWARM-A  19.375  358.965
2015-03-18T21:18:30Z  457.598  0.861  -26.892  9.91377E-16  SWARM-A  19.381  0.886
2015-03-18T21:19:00Z  457.336  2.791  -26.929  9.95494E-16  SWARM-A  19.387  2.807
2015-03-18T21:19:30Z  457.114  4.722  -26.965  9.99677E-16  SWARM-A  19.393  4.728
2015-03-18T21:20:00Z  456.934  6.653  -27.001  1.00402E-15  SWARM-A  19.399  6.649
2015-03-18T21:20:30Z  456.796  8.584  -27.036  1.00845E-15  SWARM-A  19.405  8.570
2015-03-18T21:21:00Z  456.698  10.514  -27.070  1.01295E-15  SWARM-A  19.411  10.491
2015-03-18T21:21:30Z  456.640  12.445  -27.103  1.01748E-15  SWARM-A  19.417  12.413
2015-03-18T21:22:00Z  456.621  14.375  -27.134  1.02198E-15  SWARM-A  19.424  14.334
2015-03-18T21:22:30Z  456.641  16.305  -27.164  1.02638E-15  SWARM-A  19.430  16.256
2015-03-18T21:23:00Z  456.699  18.235  -27.192  1.03060E-15  SWARM-A  19.436  18.178
2015-03-18T21:23:30Z  456.792  20.164  -27.218  1.03474E-15  SWARM-A  19.443  20.100
2015-03-18T21:24:00Z  456.920  22.093  -27.242  1.03812E-15  SWARM-A  19.450  22.023
2015-03-18T21:24:30Z  457.082  24.021  -27.262  1.04141E-15  SWARM-A  19.457  23.945
2015-03-18T21:25:00Z  457.275  25.949  -27.280  1.04427E-15  SWARM-A  19.464  25.867
2015-03-18T21:25:30Z  457.498  27.876  -27.293  1.04671E-15  SWARM-A  19.471  27.790
2015-03-18T21:26:00Z  457.749  29.803  -27.303  1.04862E-15  SWARM-A  19.479  29.713
2015-03-18T21:26:30Z  458.026  31.729  -27.309  1.05010E-15  SWARM-A  19.487  31.636
2015-03-18T21:27:00Z  458.326  33.654  -27.309  1.05118E-15  SWARM-A  19.495  33.559
2015-03-18T21:27:30Z  458.647  35.578  -27.303  1.05191E-15  SWARM-A  19.504  35.482
2015-03-18T21:28:00Z  458.988  37.502  -27.292  1.05226E-15  SWARM-A  19.513  37.405
2015-03-18T21:28:30Z  459.345  39.425  -27.273  1.05231E-15  SWARM-A  19.523  39.329
2015-03-18T21:29:00Z  459.717  41.347  -27.245  1.05193E-15  SWARM-A  19.533  41.252
2015-03-18T21:29:30Z  460.100  43.268  -27.209  1.05080E-15  SWARM-A  19.544  43.176
2015-03-18T21:30:00Z  460.493  45.188  -27.162  1.04850E-15  SWARM-A  19.555  45.099
2015-03-18T21:30:30Z  460.893  47.107  -27.103  1.04441E-15  SWARM-A  19.567  47.023
2015-03-18T21:31:00Z  461.297  49.025  -27.031  1.03769E-15  SWARM-A  19.581  48.947
2015-03-18T21:31:30Z  461.702  50.942  -26.942  1.03002E-15  SWARM-A  19.595  50.871
2015-03-18T21:32:00Z  462.107  52.857  -26.835  1.02261E-15  SWARM-A  19.610  52.795
2015-03-18T21:32:30Z  462.509  54.772  -26.707  1.01627E-15  SWARM-A  19.627  54.719
2015-03-18T21:33:00Z  462.905  56.685  -26.554  1.01115E-15  SWARM-A  19.646  56.643
2015-03-18T21:33:30Z  463.294  58.597  -26.371  1.00667E-15  SWARM-A  19.666  58.567
2015-03-18T21:34:00Z  463.672  60.508  -26.153  1.00218E-15  SWARM-A  19.689  60.491
2015-03-18T21:34:30Z  464.038  62.417  -25.892  9.97364E-16  SWARM-A  19.715  62.416
2015-03-18T21:35:00Z  464.390  64.324  -25.578  9.91654E-16  SWARM-A  19.744  64.340
2015-03-18T21:35:30Z  464.725  66.229  -25.199  9.85520E-16  SWARM-A  19.778  66.264
2015-03-18T21:36:00Z  465.041  68.131  -24.737  9.78896E-16  SWARM-A  19.817  68.189
2015-03-18T21:36:30Z  465.338  70.031  -24.170  9.72219E-16  SWARM-A  19.863  70.113
2015-03-18T21:37:00Z  465.612  71.926  -23.465  9.65663E-16  SWARM-A  19.918  72.038
2015-03-18T21:37:30Z  465.863  73.817  -22.572  9.59406E-16  SWARM-A  19.986  73.963
2015-03-18T21:38:00Z  466.089  75.702  -21.419  9.52962E-16  SWARM-A  20.071  75.887
2015-03-18T21:38:30Z  466.289  77.577  -19.887  9.47007E-16  SWARM-A  20.182  77.812
2015-03-18T21:39:00Z  466.462  79.439  -17.781  9.41845E-16  SWARM-A  20.331  79.736
2015-03-18T21:39:30Z  466.606  81.278  -14.739  9.36796E-16  SWARM-A  20.542  81.661
2015-03-18T21:40:00Z  466.722  83.077  -10.046  9.32127E-16  SWARM-A  20.863  83.586
2015-03-18T21:40:30Z  466.808  84.794  -2.103  9.26677E-16  SWARM-A  21.401  85.511
2015-03-18T21:41:00Z  466.864  86.313  13.026  9.20356E-16  SWARM-A  22.418  87.435
2015-03-18T21:41:30Z  466.889  87.281  43.122  9.13822E-16  SWARM-A  0.432  89.360
2015-03-18T21:42:00Z  466.884  87.084  82.504  9.06427E-16  SWARM-A  3.066  91.285
2015-03-18T21:42:30Z  466.849  85.886  107.251  8.98357E-16  SWARM-A  4.724  93.209
2015-03-18T21:43:00Z  466.783  84.285  119.532  8.90578E-16  SWARM-A  5.551  95.134
2015-03-18T21:43:30Z  466.687  82.536  126.222  8.84303E-16  SWARM-A  6.006  97.059
2015-03-18T21:44:00Z  466.562  80.722  130.300  8.78471E-16  SWARM-A  6.286  98.983
2015-03-18T21:44:30Z  466.408  78.875  133.004  8.73158E-16  SWARM-A  6.475  100.908
2015-03-18T21:45:00Z  466.227  77.008  134.908  8.68762E-16  SWARM-A  6.610  102.833
2015-03-18T21:45:30Z  466.019  75.130  136.308  8.65210E-16  SWARM-A  6.711  104.757
2015-03-18T21:46:00Z  465.785  73.243  137.372  8.60806E-16  SWARM-A  6.791  106.682
2015-03-18T21:46:30Z  465.527  71.350  138.201  8.56981E-16  SWARM-A  6.854  108.607
2015-03-18T21:47:00Z  465.246  69.453  138.861  8.53525E-16  SWARM-A  6.907  110.531
2015-03-18T21:47:30Z  464.944  67.553  139.392  8.49894E-16  SWARM-A  6.950  112.456
2015-03-18T21:48:00Z  464.622  65.649  139.827  8.45980E-16  SWARM-A  6.988  114.380
2015-03-18T21:48:30Z  464.282  63.744  140.184  8.41483E-16  SWARM-A  7.020  116.304
2015-03-18T21:49:00Z  463.927  61.836  140.481  8.36972E-16  SWARM-A  7.048  118.229
2015-03-18T21:49:30Z  463.558  59.927  140.729  8.32567E-16  SWARM-A  7.073  120.153
2015-03-18T21:50:00Z  463.178  58.016  140.935  8.28864E-16  SWARM-A  7.095  122.077
2015-03-18T21:50:30Z  462.788  56.104  141.109  8.25899E-16  SWARM-A  7.115  124.001
2015-03-18T21:51:00Z  462.391  54.190  141.254  8.23509E-16  SWARM-A  7.133  125.925
2015-03-18T21:51:30Z  461.989  52.275  141.375  8.21699E-16  SWARM-A  7.149  127.849
2015-03-18T21:52:00Z  461.585  50.359  141.476  8.20267E-16  SWARM-A  7.164  129.773
2015-03-18T21:52:30Z  461.181  48.442  141.559  8.19148E-16  SWARM-A  7.178  131.697
2015-03-18T21:53:00Z  460.780  46.523  141.627  8.18253E-16  SWARM-A  7.191  133.621
2015-03-18T21:53:30Z  460.384  44.604  141.682  8.17445E-16  SWARM-A  7.203  135.545
2015-03-18T21:54:00Z  459.996  42.684  141.726  8.16446E-16  SWARM-A  7.214  137.468
2015-03-18T21:54:30Z  459.618  40.763  141.760  8.14790E-16  SWARM-A  7.225  139.392
2015-03-18T21:55:00Z  459.252  38.840  141.784  8.13165E-16  SWARM-A  7.235  141.315
2015-03-18T21:55:30Z  458.901  36.917  141.801  8.11676E-16  SWARM-A  7.244  143.239
2015-03-18T21:56:00Z  458.568  34.994  141.811  8.10246E-16  SWARM-A  7.253  145.162
2015-03-18T21:56:30Z  458.255  33.069  141.814  8.08925E-16  SWARM-A  7.262  147.085
2015-03-18T21:57:00Z  457.964  31.144  141.813  8.07623E-16  SWARM-A  7.270  149.008
2015-03-18T21:57:30Z  457.697  29.217  141.806  8.06417E-16  SWARM-A  7.278  150.931
2015-03-18T21:58:00Z  457.456  27.291  141.795  8.05241E-16  SWARM-A  7.286  152.853
2015-03-18T21:58:30Z  457.244  25.363  141.780  8.04205E-16  SWARM-A  7.293  154.776
2015-03-18T21:59:00Z  457.062  23.435  141.761  8.03321E-16  SWARM-A  7.300  156.699
2015-03-18T21:59:30Z  456.912  21.507  141.740  8.02610E-16  SWARM-A  7.307  158.621
2015-03-18T22:00:00Z  456.796  19.578  141.716  8.02056E-16  SWARM-A  7.314  160.543
2015-03-18T22:00:30Z  456.714  17.649  141.689  8.01717E-16  SWARM-A  7.320  162.465
2015-03-18T22:01:00Z  456.669  15.719  141.661  8.01553E-16  SWARM-A  7.327  164.387
2015-03-18T22:01:30Z  456.662  13.789  141.630  8.01661E-16  SWARM-A  7.333  166.309
2015-03-18T22:02:00Z  456.694  11.858  141.598  8.02019E-16  SWARM-A  7.339  168.230
2015-03-18T22:02:30Z  456.765  9.928  141.565  8.02573E-16  SWARM-A  7.345  170.152
2015-03-18T22:03:00Z  456.876  7.997  141.530  8.03360E-16  SWARM-A  7.351  172.073
2015-03-18T22:03:30Z  457.028  6.066  141.495  8.04365E-16  SWARM-A  7.357  173.994
2015-03-18T22:04:00Z  457.222  4.136  141.459  8.05520E-16  SWARM-A  7.363  175.915
2015-03-18T22:04:30Z  457.456  2.205  141.423  8.06778E-16  SWARM-A  7.369  177.836
2015-03-18T22:05:00Z  457.731  0.274  141.387  8.08060E-16  SWARM-A  7.375  179.757
2015-03-18T22:05:30Z  458.048  -1.656  141.350  8.09339E-16  SWARM-A  7.381  181.677
2015-03-18T22:06:00Z  458.404  -3.587  141.314  8.10514E-16  SWARM-A  7.387  183.598
2015-03-18T22:06:30Z  458.801  -5.517  141.277  8.11609E-16  SWARM-A  7.393  185.518
2015-03-18T22:07:00Z  459.237  -7.446  141.242  8.12522E-16  SWARM-A  7.399  187.438
2015-03-18T22:07:30Z  459.710  -9.376  141.207  8.13241E-16  SWARM-A  7.405  189.358
2015-03-18T22:08:00Z  460.221  -11.304  141.174  8.13747E-16  SWARM-A  7.411  191.277
2015-03-18T22:08:30Z  460.767  -13.233  141.141  8.14034E-16  SWARM-A  7.417  193.197
2015-03-18T22:09:00Z  461.348  -15.160  141.110  8.14091E-16  SWARM-A  7.423  195.116
2015-03-18T22:09:30Z  461.961  -17.087  141.081  8.13926E-16  SWARM-A  7.430  197.035
2015-03-18T22:10:00Z  462.605  -19.014  141.053  8.13585E-16  SWARM-A  7.436  198.954
2015-03-18T22:10:30Z  463.277  -20.939  141.028  8.13090E-16  SWARM-A  7.443  200.873
2015-03-18T22:11:00Z  463.976  -22.864  141.006  8.12473E-16  SWARM-A  7.450  202.791
2015-03-18T22:11:30Z  464.700  -24.788  140.986  8.11831E-16  SWARM-A  7.457  204.710
2015-03-18T22:12:00Z  465.446  -26.711  140.970  8.11178E-16  SWARM-A  7.464  206.628
2015-03-18T22:12:30Z  466.212  -28.634  140.957  8.10524E-16  SWARM-A  7.472  208.546
2015-03-18T22:13:00Z  466.995  -30.555  140.949  8.09911E-16  SWARM-A  7.479  210.464
2015-03-18T22:13:30Z  467.792  -32.475  140.945  8.09377E-16  SWARM-A  7.487  212.381
2015-03-18T22:14:00Z  468.601  -34.394  140.947  8.08787E-16  SWARM-A  7.496  214.299
2015-03-18T22:14:30Z  469.420  -36.313  140.954  8.08067E-16  SWARM-A  7.505  216.216
2015-03-18T22:15:00Z  470.244  -38.230  140.968  8.07347E-16  SWARM-A  7.514  218.133
2015-03-18T22:15:30Z  471.072  -40.146  140.990  8.06620E-16  SWARM-A  7.524  220.050
2015-03-18T22:16:00Z  471.900  -42.061  141.020  8.06041E-16  SWARM-A  7.534  221.967
2015-03-18T22:16:30Z  472.726  -43.974  141.059  8.05938E-16  SWARM-A  7.545  223.884
2015-03-18T22:17:00Z  473.546  -45.887  141.110  8.06640E-16  SWARM-A  7.557  225.800
2015-03-18T22:17:30Z  474.357  -47.798  141.173  8.08346E-16  SWARM-A  7.569  227.717
2015-03-18T22:18:00Z  475.158  -49.708  141.250  8.10922E-16  SWARM-A  7.583  229.633
2015-03-18T22:18:30Z  475.944  -51.617  141.344  8.13485E-16  SWARM-A  7.597  231.549
2015-03-18T22:19:00Z  476.712  -53.524  141.456  8.15269E-16  SWARM-A  7.613  233.465
2015-03-18T22:19:30Z  477.461  -55.430  141.592  8.16011E-16  SWARM-A  7.630  235.381
2015-03-18T22:20:00Z  478.187  -57.335  141.753  8.14852E-16  SWARM-A  7.650  237.297
2015-03-18T22:20:30Z  478.888  -59.238  141.946  8.12882E-16  SWARM-A  7.671  239.212
2015-03-18T22:21:00Z  479.561  -61.139  142.176  8.10654E-16  SWARM-A  7.694  241.128
2015-03-18T22:21:30Z  480.203  -63.038  142.452  8.08633E-16  SWARM-A  7.721  243.043
2015-03-18T22:22:00Z  480.812  -64.936  142.783  8.07126E-16  SWARM-A  7.752  244.958
2015-03-18T22:22:30Z  481.387  -66.831  143.184  8.06318E-16  SWARM-A  7.787  246.874
2015-03-18T22:23:00Z  481.924  -68.723  143.672  8.05718E-16  SWARM-A  7.828  248.789
2015-03-18T22:23:30Z  482.423  -70.612  144.275  8.05814E-16  SWARM-A  7.876  250.704
2015-03-18T22:24:00Z  482.880  -72.497  145.027  8.05615E-16  SWARM-A  7.935  252.619
2015-03-18T22:24:30Z  483.295  -74.377  145.983  8.04955E-16  SWARM-A  8.007  254.533
2015-03-18T22:25:00Z  483.666  -76.250  147.226  8.03736E-16  SWARM-A  8.098  256.448
2015-03-18T22:25:30Z  483.991  -78.112  148.889  8.01629E-16  SWARM-A  8.217  258.363
2015-03-18T22:26:00Z  484.269  -79.959  151.201  7.98755E-16  SWARM-A  8.379  260.278
2015-03-18T22:26:30Z  484.500  -81.779  154.589  7.94717E-16  SWARM-A  8.614  262.192
2015-03-18T22:27:00Z  484.682  -83.552  159.922  7.90216E-16  SWARM-A  8.978  264.107
2015-03-18T22:27:30Z  484.815  -85.225  169.199  7.85844E-16  SWARM-A  9.604  266.022
2015-03-18T22:28:00Z  484.898  -86.642  -172.674  7.81804E-16  SWARM-A  10.821  267.936
2015-03-18T22:28:30Z  484.930  -87.358  -138.357  7.78741E-16  SWARM-A  13.117  269.851
2015-03-18T22:29:00Z  484.913  -86.850  -101.409  7.76328E-16  SWARM-A  15.589  271.765
2015-03-18T22:29:30Z  484.845  -85.517  -80.709  7.73283E-16  SWARM-A  16.977  273.680
2015-03-18T22:30:00Z  484.728  -83.875  -70.283  7.71081E-16  SWARM-A  17.681  275.594
2015-03-18T22:30:30Z  484.560  -82.115  -64.418  7.69977E-16  SWARM-A  18.080  277.509
2015-03-18T22:31:00Z  484.344  -80.301  -60.754  7.69873E-16  SWARM-A  18.332  279.424
2015-03-18T22:31:30Z  484.080  -78.459  -58.281  7.70535E-16  SWARM-A  18.506  281.338
2015-03-18T22:32:00Z  483.769  -76.599  -56.518  7.71703E-16  SWARM-A  18.632  283.253
2015-03-18T22:32:30Z  483.412  -74.728  -55.209  7.74319E-16  SWARM-A  18.727  285.168
2015-03-18T22:33:00Z  483.011  -72.849  -54.207  7.77110E-16  SWARM-A  18.802  287.083
2015-03-18T22:33:30Z  482.566  -70.965  -53.422  7.80023E-16  SWARM-A  18.863  288.998
2015-03-18T22:34:00Z  482.080  -69.076  -52.795  7.83114E-16  SWARM-A  18.913  290.913
2015-03-18T22:34:30Z  481.554  -67.185  -52.287  7.86422E-16  SWARM-A  18.955  292.828
2015-03-18T22:35:00Z  480.990  -65.290  -51.871  7.90209E-16  SWARM-A  18.991  294.743
2015-03-18T22:35:30Z  480.391  -63.393  -51.528  7.93275E-16  SWARM-A  19.023  296.658
2015-03-18T22:36:00Z  479.758  -61.494  -51.243  7.96384E-16  SWARM-A  19.050  298.573
2015-03-18T22:36:30Z  479.095  -59.593  -51.005  7.99772E-16  SWARM-A  19.074  300.489
2015-03-18T22:37:00Z  478.402  -57.691  -50.806  8.03390E-16  SWARM-A  19.096  302.404
2015-03-18T22:37:30Z  477.684  -55.786  -50.639  8.07190E-16  SWARM-A  19.115  304.320
2015-03-18T22:38:00Z  476.942  -53.881  -50.499  8.11164E-16  SWARM-A  19.133  306.236
2015-03-18T22:38:30Z  476.179  -51.974  -50.382  8.15354E-16  SWARM-A  19.149  308.152
2015-03-18T22:39:00Z  475.399  -50.065  -50.285  8.19319E-16  SWARM-A  19.164  310.068
2015-03-18T22:39:30Z  474.604  -48.156  -50.205  8.23604E-16  SWARM-A  19.177  311.984
2015-03-18T22:40:00Z  473.796  -46.245  -50.140  8.28258E-16  SWARM-A  19.190  313.900
2015-03-18T22:40:30Z  472.980  -44.332  -50.087  8.33308E-16  SWARM-A  19.202  315.817
2015-03-18T22:41:00Z  472.157  -42.419  -50.046  8.38743E-16  SWARM-A  19.213  317.733
2015-03-18T22:41:30Z  471.331  -40.504  -50.014  8.44566E-16  SWARM-A  19.224  319.650
2015-03-18T22:42:00Z  470.505  -38.589  -49.991  8.50820E-16  SWARM-A  19.233  321.567
2015-03-18T22:42:30Z  469.681  -36.672  -49.975  8.57468E-16  SWARM-A  19.243  323.484
2015-03-18T22:43:00Z  468.863  -34.754  -49.967  8.64582E-16  SWARM-A  19.252  325.401
2015-03-18T22:43:30Z  468.054  -32.835  -49.964  8.72028E-16  SWARM-A  19.260  327.319
2015-03-18T22:44:00Z  467.255  -30.915  -49.967  8.79769E-16  SWARM-A  19.268  329.236
2015-03-18T22:44:30Z  466.471  -28.994  -49.975  8.87766E-16  SWARM-A  19.276  331.154
2015-03-18T22:45:00Z  465.703  -27.072  -49.987  8.95977E-16  SWARM-A  19.284  333.072
2015-03-18T22:45:30Z  464.954  -25.149  -50.002  9.04345E-16  SWARM-A  19.291  334.990
2015-03-18T22:46:00Z  464.227  -23.225  -50.021  9.12793E-16  SWARM-A  19.298  336.908
2015-03-18T22:46:30Z  463.524  -21.300  -50.043  9.21308E-16  SWARM-A  19.305  338.827
2015-03-18T22:47:00Z  462.847  -19.375  -50.068  9.29813E-16  SWARM-A  19.312  340.745
2015-03-18T22:47:30Z  462.198  -17.449  -50.095  9.38261E-16  SWARM-A  19.318  342.664
2015-03-18T22:48:00Z  461.580  -15.522  -50.124  9.46625E-16  SWARM-A  19.325  344.583
2015-03-18T22:48:30Z  460.995  -13.595  -50.154  9.54865E-16  SWARM-A  19.331  346.502
2015-03-18T22:49:00Z  460.443  -11.666  -50.187  9.62942E-16  SWARM-A  19.337  348.421
2015-03-18T22:49:30Z  459.926  -9.738  -50.220  9.70795E-16  SWARM-A  19.343  350.341
2015-03-18T22:50:00Z  459.447  -7.809  -50.255  9.78422E-16  SWARM-A  19.349  352.261
2015-03-18T22:50:30Z  459.005  -5.879  -50.290  9.85826E-16  SWARM-A  19.355  354.180
2015-03-18T22:51:00Z  458.602  -3.950  -50.326  9.92996E-16  SWARM-A  19.361  356.100
2015-03-18T22:51:30Z  458.239  -2.019  -50.362  9.99985E-16  SWARM-A  19.367  358.021
2015-03-18T22:52:00Z  457.917  -0.089  -50.399  1.00675E-15  SWARM-A  19.373  359.941
2015-03-18T22:52:30Z  457.635  1.842  -50.435  1.01327E-15  SWARM-A  19.379  1.862
2015-03-18T22:53:00Z  457.395  3.772  -50.472  1.01956E-15  SWARM-A  19.385  3.782
2015-03-18T22:53:30Z  457.196  5.703  -50.508  1.02561E-15  SWARM-A  19.391  5.703
2015-03-18T22:54:00Z  457.037  7.634  -50.543  1.03152E-15  SWARM-A  19.397  7.624
2015-03-18T22:54:30Z  456.920  9.564  -50.578  1.03688E-15  SWARM-A  19.403  9.545
2015-03-18T22:55:00Z  456.844  11.495  -50.611  1.04213E-15  SWARM-A  19.409  11.467
2015-03-18T22:55:30Z  456.807  13.425  -50.643  1.04702E-15  SWARM-A  19.415  13.388
2015-03-18T22:56:00Z  456.808  15.355  -50.674  1.05163E-15  SWARM-A  19.421  15.310
2015-03-18T22:56:30Z  456.848  17.285  -50.703  1.05595E-15  SWARM-A  19.428  17.232
2015-03-18T22:57:00Z  456.925  19.214  -50.730  1.06005E-15  SWARM-A  19.434  19.154
2015-03-18T22:57:30Z  457.037  21.143  -50.755  1.06397E-15  SWARM-A  19.441  21.076
2015-03-18T22:58:00Z  457.183  23.071  -50.777  1.06768E-15  SWARM-A  19.448  22.998
2015-03-18T22:58:30Z  457.361  24.999  -50.796  1.07125E-15  SWARM-A  19.455  24.920
2015-03-18T22:59:00Z  457.570  26.927  -50.811  1.07472E-15  SWARM-A  19.462  26.843
2015-03-18T22:59:30Z  457.808  28.854  -50.823  1.07805E-15  SWARM-A  19.470  28.765
2015-03-18T23:00:00Z  458.072  30.780  -50.831  1.08133E-15  SWARM-A  19.477  30.688
2015-03-18T23:00:30Z  458.361  32.705  -50.834  1.08447E-15  SWARM-A  19.486  32.611
2015-03-18T23:01:00Z  458.672  34.630  -50.831  1.08738E-15  SWARM-A  19.494  34.534
2015-03-18T23:01:30Z  459.003  36.554  -50.822  1.08974E-15  SWARM-A  19.503  36.457
2015-03-18T23:02:00Z  459.353  38.477  -50.807  1.09123E-15  SWARM-A  19.512  38.380
2015-03-18T23:02:30Z  459.717  40.399  -50.784  1.09131E-15  SWARM-A  19.522  40.303
2015-03-18T23:03:00Z  460.095  42.320  -50.752  1.08974E-15  SWARM-A  19.533  42.227
2015-03-18T23:03:30Z  460.483  44.241  -50.711  1.08682E-15  SWARM-A  19.544  44.150
2015-03-18T23:04:00Z  460.879  46.160  -50.658  1.08337E-15  SWARM-A  19.556  46.074
2015-03-18T23:04:30Z  461.281  48.078  -50.592  1.08045E-15  SWARM-A  19.568  47.998
2015-03-18T23:05:00Z  461.685  49.996  -50.512  1.07859E-15  SWARM-A  19.582  49.921
2015-03-18T23:05:30Z  462.090  51.912  -50.414  1.07771E-15  SWARM-A  19.597  51.845
2015-03-18T23:06:00Z  462.493  53.827  -50.297  1.07728E-15  SWARM-A  19.613  53.769
2015-03-18T23:06:30Z  462.892  55.741  -50.157  1.07644E-15  SWARM-A  19.631  55.693
2015-03-18T23:07:00Z  463.284  57.653  -49.989  1.07485E-15  SWARM-A  19.650  57.617
2015-03-18T23:07:30Z  463.666  59.564  -49.789  1.07228E-15  SWARM-A  19.672  59.541
2015-03-18T23:08:00Z  464.038  61.474  -49.550  1.06865E-15  SWARM-A  19.696  61.465
2015-03-18T23:08:30Z  464.395  63.382  -49.263  1.06406E-15  SWARM-A  19.724  63.390
2015-03-18T23:09:00Z  464.738  65.288  -48.918  1.05877E-15  SWARM-A  19.755  65.314
2015-03-18T23:09:30Z  465.062  67.191  -48.500  1.05328E-15  SWARM-A  19.791  67.238
2015-03-18T23:10:00Z  465.367  69.092  -47.988  1.04792E-15  SWARM-A  19.834  69.163
2015-03-18T23:10:30Z  465.651  70.990  -47.356  1.04293E-15  SWARM-A  19.884  71.087
2015-03-18T23:11:00Z  465.911  72.884  -46.562  1.03826E-15  SWARM-A  19.945  73.012
2015-03-18T23:11:30Z  466.148  74.771  -45.549  1.03397E-15  SWARM-A  20.021  74.936
2015-03-18T23:12:00Z  466.359  76.652  -44.222  1.03001E-15  SWARM-A  20.118  76.861
2015-03-18T23:12:30Z  466.543  78.521  -42.431  1.02627E-15  SWARM-A  20.246  78.785
2015-03-18T23:13:00Z  466.699  80.372  -39.912  1.02242E-15  SWARM-A  20.422  80.710
2015-03-18T23:13:30Z  466.827  82.194  -36.160  1.01800E-15  SWARM-A  20.681  82.634
2015-03-18T23:14:00Z  466.925  83.959  -30.117  1.01221E-15  SWARM-A  21.092  84.559
2015-03-18T23:14:30Z  466.992  85.600  -19.279  1.00596E-15  SWARM-A  21.823  86.484
2015-03-18T23:15:00Z  467.030  86.910  2.390  9.99069E-16  SWARM-A  23.276  88.408
2015-03-18T23:15:30Z  467.037  87.346  40.228  9.91160E-16  SWARM-A  1.806  90.333
2015-03-18T23:16:00Z  467.013  86.557  73.621  9.81736E-16  SWARM-A  4.041  92.257
2015-03-18T23:16:30Z  466.959  85.104  90.931  9.71617E-16  SWARM-A  5.203  94.182
2015-03-18T23:17:00Z  466.874  83.412  99.828  9.61397E-16  SWARM-A  5.805  96.107
2015-03-18T23:17:30Z  466.760  81.624  104.976  9.51204E-16  SWARM-A  6.156  98.031
2015-03-18T23:18:00Z  466.616  79.791  108.261  9.42183E-16  SWARM-A  6.384  99.956
2015-03-18T23:18:30Z  466.444  77.933  110.512  9.33579E-16  SWARM-A  6.542  101.880
2015-03-18T23:19:00Z  466.245  76.060  112.135  9.25506E-16  SWARM-A  6.659  103.805
2015-03-18T23:19:30Z  466.019  74.177  113.350  9.18023E-16  SWARM-A  6.748  105.730
2015-03-18T23:20:00Z  465.769  72.287  114.286  9.11112E-16  SWARM-A  6.819  107.654
2015-03-18T23:20:30Z  465.494  70.392  115.024  9.04433E-16  SWARM-A  6.876  109.579
2015-03-18T23:21:00Z  465.198  68.494  115.614  8.97722E-16  SWARM-A  6.924  111.503
2015-03-18T23:21:30Z  464.881  66.592  116.094  8.90183E-16  SWARM-A  6.964  113.427
2015-03-18T23:22:00Z  464.545  64.687  116.488  8.81532E-16  SWARM-A  6.999  115.352
2015-03-18T23:22:30Z  464.193  62.781  116.813  8.72786E-16  SWARM-A  7.029  117.276
2015-03-18T23:23:00Z  463.826  60.872  117.084  8.63863E-16  SWARM-A  7.055  119.200
2015-03-18T23:23:30Z  463.446  58.962  117.310  8.55542E-16  SWARM-A  7.079  121.125
2015-03-18T23:24:00Z  463.056  57.051  117.499  8.47990E-16  SWARM-A  7.100  123.049
2015-03-18T23:24:30Z  462.658  55.138  117.658  8.41269E-16  SWARM-A  7.118  124.973
2015-03-18T23:25:00Z  462.254  53.223  117.790  8.35236E-16  SWARM-A  7.136  126.897
2015-03-18T23:25:30Z  461.846  51.308  117.901  8.29682E-16  SWARM-A  7.151  128.821
2015-03-18T23:26:00Z  461.438  49.391  117.993  8.24459E-16  SWARM-A  7.166  130.745
2015-03-18T23:26:30Z  461.031  47.473  118.068  8.19665E-16  SWARM-A  7.179  132.668
2015-03-18T23:27:00Z  460.627  45.555  118.130  8.15079E-16  SWARM-A  7.192  134.592
2015-03-18T23:27:30Z  460.231  43.635  118.179  8.10824E-16  SWARM-A  7.203  136.516
2015-03-18T23:28:00Z  459.843  41.714  118.217  8.06904E-16  SWARM-A  7.214  138.439
2015-03-18T23:28:30Z  459.466  39.792  118.246  8.03295E-16  SWARM-A  7.224  140.363
2015-03-18T23:29:00Z  459.104  37.870  118.267  7.99956E-16  SWARM-A  7.234  142.286
2015-03-18T23:29:30Z  458.758  35.947  118.280  7.96901E-16  SWARM-A  7.243  144.209
2015-03-18T23:30:00Z  458.430  34.022  118.287  7.94140E-16  SWARM-A  7.252  146.132
2015-03-18T23:30:30Z  458.124  32.097  118.288  7.91678E-16  SWARM-A  7.260  148.055
2015-03-18T23:31:00Z  457.841  30.172  118.283  7.89450E-16  SWARM-A  7.269  149.978
2015-03-18T23:31:30Z  457.583  28.245  118.275  7.87486E-16  SWARM-A  7.276  151.901
2015-03-18T23:32:00Z  457.353  26.318  118.262  7.85799E-16  SWARM-A  7.284  153.824
2015-03-18T23:32:30Z  457.152  24.390  118.245  7.84440E-16  SWARM-A  7.291  155.746
2015-03-18T23:33:00Z  456.983  22.462  118.225  7.83402E-16  SWARM-A  7.298  157.669
2015-03-18T23:33:30Z  456.846  20.533  118.202  7.82743E-16  SWARM-A  7.305  159.591
2015-03-18T23:34:00Z  456.744  18.604  118.177  7.82489E-16  SWARM-A  7.311  161.513
2015-03-18T23:34:30Z  456.677  16.675  118.149  7.82676E-16  SWARM-A  7.318  163.435
2015-03-18T23:35:00Z  456.648  14.745  118.120  7.83223E-16  SWARM-A  7.324  165.357
2015-03-18T23:35:30Z  456.657  12.815  118.089  7.84224E-16  SWARM-A  7.331  167.279
2015-03-18T23:36:00Z  456.705  10.884  118.056  7.85313E-16  SWARM-A  7.337  169.200
2015-03-18T23:36:30Z  456.794  8.953  118.022  7.86779E-16  SWARM-A  7.343  171.122
2015-03-18T23:37:00Z  456.922  7.023  117.987  7.88627E-16  SWARM-A  7.349  173.043
2015-03-18T23:37:30Z  457.092  5.092  117.952  7.90878E-16  SWARM-A  7.355  174.964
2015-03-18T23:38:00Z  457.302  3.161  117.916  7.93404E-16  SWARM-A  7.361  176.885
2015-03-18T23:38:30Z  457.554  1.230  117.880  7.96221E-16  SWARM-A  7.367  178.806
2015-03-18T23:39:00Z  457.847  -0.700  117.843  7.99194E-16  SWARM-A  7.373  180.726
2015-03-18T23:39:30Z  458.181  -2.631  117.807  8.02257E-16  SWARM-A  7.378  182.647
2015-03-18T23:40:00Z  458.554  -4.561  117.770  8.05361E-16  SWARM-A  7.384  184.567
2015-03-18T23:40:30Z  458.968  -6.491  117.735  8.08462E-16  SWARM-A  7.390  186.487
2015-03-18T23:41:00Z  459.420  -8.420  117.700  8.11462E-16  SWARM-A  7.396  188.407
2015-03-18T23:41:30Z  459.909  -10.349  117.666  8.14315E-16  SWARM-A  7.402  190.327
2015-03-18T23:42:00Z  460.436  -12.278  117.633  8.16950E-16  SWARM-A  7.408  192.246
2015-03-18T23:42:30Z  460.997  -14.206  117.601  8.19409E-16  SWARM-A  7.415  194.166
2015-03-18T23:43:00Z  461.592  -16.133  117.571  8.21601E-16  SWARM-A  7.421  196.085
2015-03-18T23:43:30Z  462.219  -18.060  117.543  8.23581E-16  SWARM-A  7.427  198.004
2015-03-18T23:44:00Z  462.876  -19.986  117.516  8.25405E-16  SWARM-A  7.434  199.923
2015-03-18T23:44:30Z  463.560  -21.911  117.493  8.26972E-16  SWARM-A  7.441  201.841
2015-03-18T23:45:00Z  464.271  -23.836  117.472  8.28461E-16  SWARM-A  7.448  203.760
2015-03-18T23:45:30Z  465.005  -25.759  117.454  8.29744E-16  SWARM-A  7.455  205.678
2015-03-18T23:46:00Z  465.760  -27.682  117.440  8.31016E-16  SWARM-A  7.462  207.596
2015-03-18T23:46:30Z  466.534  -29.604  117.429  8.32217E-16  SWARM-A  7.470  209.514
2015-03-18T23:47:00Z  467.324  -31.524  117.423  8.33387E-16  SWARM-A  7.478  211.432
2015-03-18T23:47:30Z  468.128  -33.444  117.422  8.34358E-16  SWARM-A  7.486  213.350
2015-03-18T23:48:00Z  468.942  -35.363  117.427  8.35144E-16  SWARM-A  7.495  215.267
2015-03-18T23:48:30Z  469.764  -37.281  117.437  8.35760E-16  SWARM-A  7.504  217.184
2015-03-18T23:49:00Z  470.591  -39.197  117.455  8.36090E-16  SWARM-A  7.513  219.101
2015-03-18T23:49:30Z  471.420  -41.113  117.481  8.36607E-16  SWARM-A  7.523  221.018
2015-03-18T23:50:00Z  472.248  -43.027  117.516  8.37709E-16  SWARM-A  7.534  222.935
2015-03-18T23:50:30Z  473.072  -44.940  117.561  8.39780E-16  SWARM-A  7.545  224.852
2015-03-18T23:51:00Z  473.889  -46.852  117.618  8.43049E-16  SWARM-A  7.558  226.768
2015-03-18T23:51:30Z  474.697  -48.763  117.688  8.47163E-16  SWARM-A  7.571  228.685
2015-03-18T23:52:00Z  475.491  -50.672  117.773  8.51130E-16  SWARM-A  7.585  230.601
2015-03-18T23:52:30Z  476.270  -52.580  117.877  8.54342E-16  SWARM-A  7.600  232.517
2015-03-18T23:53:00Z  477.031  -54.487  118.001  8.56597E-16  SWARM-A  7.616  234.433
2015-03-18T23:53:30Z  477.770  -56.392  118.149  8.58049E-16  SWARM-A  7.635  236.349
2015-03-18T23:54:00Z  478.485  -58.296  118.326  8.58958E-16  SWARM-A  7.655  238.264
2015-03-18T23:54:30Z  479.174  -60.198  118.537  8.59721E-16  SWARM-A  7.677  240.180
2015-03-18T23:55:00Z  479.834  -62.098  118.789  8.60839E-16  SWARM-A  7.702  242.095
2015-03-18T23:55:30Z  480.462  -63.997  119.092  8.62451E-16  SWARM-A  7.731  244.011
2015-03-18T23:56:00Z  481.056  -65.893  119.457  8.64738E-16  SWARM-A  7.763  245.926
2015-03-18T23:56:30Z  481.614  -67.787  119.900  8.67508E-16  SWARM-A  7.801  247.841
2015-03-18T23:57:00Z  482.134  -69.678  120.443  8.70541E-16  SWARM-A  7.846  249.756
2015-03-18T23:57:30Z  482.614  -71.565  121.116  8.73654E-16  SWARM-A  7.899  251.671
2015-03-18T23:58:00Z  483.053  -73.448  121.964  8.76434E-16  SWARM-A  7.964  253.586
2015-03-18T23:58:30Z  483.448  -75.324  123.053  8.78685E-16  SWARM-A  8.045  255.501
2015-03-18T23:59:00Z  483.798  -77.192  124.488  8.80145E-16  SWARM-A  8.149  257.416
2015-03-18T23:59:30Z  484.102  -79.047  126.444  8.80911E-16  SWARM-A  8.288  259.331
2015-03-19T00:00:00Z  484.359  -80.882  129.230  8.80361E-16  SWARM-A  8.482  261.245
2015-03-19T00:00:30Z  484.567  -82.683  133.449  8.79056E-16  SWARM-A  8.771  263.160
2015-03-19T00:01:00Z  484.727  -84.415  140.408  8.77769E-16  SWARM-A  9.244  265.075
2015-03-19T00:01:30Z  484.837  -85.989  153.261  8.76779E-16  SWARM-A  10.109  266.989
2015-03-19T00:02:00Z  484.897  -87.134  179.055  8.76550E-16  SWARM-A  11.837  268.904
2015-03-19T00:02:30Z  484.907  -87.247  -141.532  8.77195E-16  SWARM-A  14.473  270.818
2015-03-19T00:03:00Z  484.867  -86.235  -112.663  8.77609E-16  SWARM-A  16.405  272.733
2015-03-19T00:03:30Z  484.777  -84.707  -98.171  8.78430E-16  SWARM-A  17.380  274.648
2015-03-19T00:04:00Z  484.637  -82.994  -90.487  8.79900E-16  SWARM-A  17.901  276.562
2015-03-19T00:04:30Z  484.448  -81.202  -85.912  8.81972E-16  SWARM-A  18.214  278.477
2015-03-19T00:05:00Z  484.211  -79.372  -82.930  8.83191E-16  SWARM-A  18.421  280.392
2015-03-19T00:05:30Z  483.926  -77.519  -80.856  8.84294E-16  SWARM-A  18.568  282.306
2015-03-19T00:06:00Z  483.594  -75.653  -79.345  8.85050E-16  SWARM-A  18.677  284.221
2015-03-19T00:06:30Z  483.217  -73.778  -78.204  8.85285E-16  SWARM-A  18.761  286.136
2015-03-19T00:07:00Z  482.797  -71.897  -77.319  8.85087E-16  SWARM-A  18.828  288.051
2015-03-19T00:07:30Z  482.334  -70.010  -76.619  8.84846E-16  SWARM-A  18.883  289.966
2015-03-19T00:08:00Z  481.831  -68.120  -76.055  8.84997E-16  SWARM-A  18.929  291.881
2015-03-19T00:08:30Z  481.289  -66.227  -75.597  8.85809E-16  SWARM-A  18.968  293.796
2015-03-19T00:09:00Z  480.710  -64.331  -75.219  8.88074E-16  SWARM-A  19.002  295.711
2015-03-19T00:09:30Z  480.097  -62.433  -74.907  8.90930E-16  SWARM-A  19.031  297.626
2015-03-19T00:10:00Z  479.452  -60.533  -74.646  8.93848E-16  SWARM-A  19.057  299.542
2015-03-19T00:10:30Z  478.777  -58.631  -74.428  8.96614E-16  SWARM-A  19.080  301.457
2015-03-19T00:11:00Z  478.074  -56.728  -74.246  8.99075E-16  SWARM-A  19.100  303.373
2015-03-19T00:11:30Z  477.347  -54.823  -74.093  9.01240E-16  SWARM-A  19.119  305.288
2015-03-19T00:12:00Z  476.598  -52.917  -73.965  9.03144E-16  SWARM-A  19.135  307.204
2015-03-19T00:12:30Z  475.830  -51.009  -73.858  9.04881E-16  SWARM-A  19.151  309.120
2015-03-19T00:13:00Z  475.045  -49.100  -73.770  9.06170E-16  SWARM-A  19.165  311.036
2015-03-19T00:13:30Z  474.247  -47.190  -73.697  9.06642E-16  SWARM-A  19.178  312.952
2015-03-19T00:14:00Z  473.438  -45.278  -73.638  9.07162E-16  SWARM-A  19.191  314.869
2015-03-19T00:14:30Z  472.621  -43.365  -73.591  9.07801E-16  SWARM-A  19.202  316.785
2015-03-19T00:15:00Z  471.799  -41.451  -73.555  9.08634E-16  SWARM-A  19.213  318.702
2015-03-19T00:15:30Z  470.975  -39.536  -73.528  9.09643E-16  SWARM-A  19.223  320.619
2015-03-19T00:16:00Z  470.153  -37.620  -73.508  9.10934E-16  SWARM-A  19.233  322.536
2015-03-19T00:16:30Z  469.334  -35.703  -73.496  9.12479E-16  SWARM-A  19.242  324.453
2015-03-19T00:17:00Z  468.523  -33.784  -73.491  9.14370E-16  SWARM-A  19.250  326.370
2015-03-19T00:17:30Z  467.721  -31.865  -73.491  9.16603E-16  SWARM-A  19.259  328.288
2015-03-19T00:18:00Z  466.931  -29.944  -73.496  9.19032E-16  SWARM-A  19.267  330.205
2015-03-19T00:18:30Z  466.157  -28.023  -73.506  9.21603E-16  SWARM-A  19.274  332.123
2015-03-19T00:19:00Z  465.401  -26.100  -73.519  9.24538E-16  SWARM-A  19.282  334.041
2015-03-19T00:19:30Z  464.665  -24.177  -73.537  9.27853E-16  SWARM-A  19.289  335.959
2015-03-19T00:20:00Z  463.951  -22.253  -73.557  9.31523E-16  SWARM-A  19.296  337.877
2015-03-19T00:20:30Z  463.263  -20.328  -73.580  9.35488E-16  SWARM-A  19.303  339.796
2015-03-19T00:21:00Z  462.602  -18.402  -73.606  9.39730E-16  SWARM-A  19.309  341.715
2015-03-19T00:21:30Z  461.970  -16.475  -73.634  9.44279E-16  SWARM-A  19.316  343.633
2015-03-19T00:22:00Z  461.369  -14.548  -73.664  9.49077E-16  SWARM-A  19.322  345.552
2015-03-19T00:22:30Z  460.801  -12.621  -73.695  9.54132E-16  SWARM-A  19.328  347.472
2015-03-19T00:23:00Z  460.268  -10.692  -73.728  9.59395E-16  SWARM-A  19.335  349.391
2015-03-19T00:23:30Z  459.770  -8.764  -73.762  9.64792E-16  SWARM-A  19.341  351.311
2015-03-19T00:24:00Z  459.310  -6.834  -73.797  9.70319E-16  SWARM-A  19.347  353.230
2015-03-19T00:24:30Z  458.887  -4.905  -73.832  9.75952E-16  SWARM-A  19.353  355.150
2015-03-19T00:25:00Z  458.505  -2.975  -73.868  9.81611E-16  SWARM-A  19.359  357.070
2015-03-19T00:25:30Z  458.161  -1.045  -73.905  9.87256E-16  SWARM-A  19.364  358.990
2015-03-19T00:26:00Z  457.859  0.886  -73.941  9.93216E-16  SWARM-A  19.370  0.911
2015-03-19T00:26:30Z  457.597  2.816  -73.978  9.98316E-16  SWARM-A  19.376  2.831
2015-03-19T00:27:00Z  457.376  4.747  -74.014  1.00354E-15  SWARM-A  19.382  4.752
2015-03-19T00:27:30Z  457.196  6.678  -74.049  1.00853E-15  SWARM-A  19.388  6.673
2015-03-19T00:28:00Z  457.057  8.608  -74.084  1.01340E-15  SWARM-A  19.394  8.594
2015-03-19T00:28:30Z  456.958  10.539  -74.118  1.01799E-15  SWARM-A  19.400  10.515
2015-03-19T00:29:00Z  456.899  12.469  -74.151  1.02229E-15  SWARM-A  19.406  12.437
2015-03-19T00:29:30Z  456.879  14.399  -74.182  1.02624E-15  SWARM-A  19.413  14.358
2015-03-19T00:30:00Z  456.897  16.329  -74.212  1.02999E-15  SWARM-A  19.419  16.280
2015-03-19T00:30:30Z  456.953  18.259  -74.240  1.03351E-15  SWARM-A  19.425  18.202
2015-03-19T00:31:00Z  457.045  20.188  -74.266  1.03679E-15  SWARM-A  19.432  20.124
2015-03-19T00:31:30Z  457.171  22.117  -74.289  1.03996E-15  SWARM-A  19.439  22.046
2015-03-19T00:32:00Z  457.330  24.045  -74.309  1.04291E-15  SWARM-A  19.446  23.968
2015-03-19T00:32:30Z  457.521  25.972  -74.326  1.04570E-15  SWARM-A  19.453  25.891
2015-03-19T00:33:00Z  457.742  27.899  -74.340  1.04828E-15  SWARM-A  19.460  27.813
2015-03-19T00:33:30Z  457.990  29.826  -74.350  1.05057E-15  SWARM-A  19.468  29.736
2015-03-19T00:34:00Z  458.264  31.752  -74.355  1.05242E-15  SWARM-A  19.476  31.659
2015-03-19T00:34:30Z  458.561  33.677  -74.355  1.05367E-15  SWARM-A  19.484  33.581
2015-03-19T00:35:00Z  458.880  35.601  -74.349  1.05404E-15  SWARM-A  19.493  35.504
2015-03-19T00:35:30Z  459.218  37.524  -74.337  1.05349E-15  SWARM-A  19.502  37.428
2015-03-19T00:36:00Z  459.572  39.447  -74.318  1.05207E-15  SWARM-A  19.512  39.351
2015-03-19T00:36:30Z  459.941  41.369  -74.291  1.05012E-15  SWARM-A  19.522  41.274
2015-03-19T00:37:00Z  460.322  43.289  -74.254  1.04804E-15  SWARM-A  19.533  43.197
2015-03-19T00:37:30Z  460.712  45.209  -74.207  1.04603E-15  SWARM-A  19.544  45.121
2015-03-19T00:38:00Z  461.109  47.128  -74.147  1.04408E-15  SWARM-A  19.557  47.045
2015-03-19T00:38:30Z  461.510  49.046  -74.074  1.04184E-15  SWARM-A  19.570  48.968
2015-03-19T00:39:00Z  461.913  50.963  -73.986  1.03882E-15  SWARM-A  19.584  50.892
2015-03-19T00:39:30Z  462.315  52.878  -73.878  1.03457E-15  SWARM-A  19.600  52.816
2015-03-19T00:40:00Z  462.714  54.793  -73.750  1.02911E-15  SWARM-A  19.617  54.740
2015-03-19T00:40:30Z  463.108  56.706  -73.596  1.02235E-15  SWARM-A  19.635  56.664
2015-03-19T00:41:00Z  463.494  58.618  -73.413  1.01465E-15  SWARM-A  19.656  58.588
2015-03-19T00:41:30Z  463.870  60.528  -73.193  1.00631E-15  SWARM-A  19.679  60.512
2015-03-19T00:42:00Z  464.234  62.437  -72.931  9.97756E-16  SWARM-A  19.704  62.436
2015-03-19T00:42:30Z  464.583  64.343  -72.616  9.89008E-16  SWARM-A  19.734  64.360
2015-03-19T00:43:00Z  464.916  66.248  -72.236  9.80611E-16  SWARM-A  19.767  66.285
2015-03-19T00:43:30Z  465.231  68.151  -71.773  9.72952E-16  SWARM-A  19.807  68.209
2015-03-19T00:44:00Z  465.525  70.050  -71.204  9.66119E-16  SWARM-A  19.853  70.134
2015-03-19T00:44:30Z  465.798  71.946  -70.495  9.60211E-16  SWARM-A  19.909  72.058
2015-03-19T00:45:00Z  466.047  73.836  -69.599  9.55142E-16  SWARM-A  19.977  73.982
2015-03-19T00:45:30Z  466.271  75.721  -68.441  9.50755E-16  SWARM-A  20.062  75.907
2015-03-19T00:46:00Z  466.469  77.596  -66.903  9.46915E-16  SWARM-A  20.173  77.831
2015-03-19T00:46:30Z  466.639  79.457  -64.787  9.43390E-16  SWARM-A  20.322  79.756
2015-03-19T00:47:00Z  466.781  81.295  -61.730  9.39954E-16  SWARM-A  20.535  81.681
2015-03-19T00:47:30Z  466.895  83.093  -57.010  9.35459E-16  SWARM-A  20.858  83.605
2015-03-19T00:48:00Z  466.978  84.809  -49.014  9.30723E-16  SWARM-A  21.399  85.530
2015-03-19T00:48:30Z  467.031  86.324  -33.775  9.25717E-16  SWARM-A  22.423  87.454
2015-03-19T00:49:00Z  467.054  87.283  -3.522  9.20409E-16  SWARM-A  0.448  89.379
2015-03-19T00:49:30Z  467.046  87.073  35.762  9.14044E-16  SWARM-A  3.076  91.304
2015-03-19T00:50:00Z  467.008  85.869  60.333  9.06945E-16  SWARM-A  4.722  93.228
2015-03-19T00:50:30Z  466.939  84.267  72.540  8.99867E-16  SWARM-A  5.544  95.153
2015-03-19T00:51:00Z  466.840  82.517  79.199  8.92921E-16  SWARM-A  5.996  97.078
2015-03-19T00:51:30Z  466.711  80.703  83.264  8.86479E-16  SWARM-A  6.276  99.002
2015-03-19T00:52:00Z  466.554  78.856  85.960  8.81138E-16  SWARM-A  6.464  100.927
2015-03-19T00:52:30Z  466.369  76.990  87.860  8.76226E-16  SWARM-A  6.599  102.851
2015-03-19T00:53:00Z  466.157  75.111  89.258  8.71831E-16  SWARM-A  6.700  104.776
2015-03-19T00:53:30Z  465.919  73.224  90.321  8.67800E-16  SWARM-A  6.780  106.700
2015-03-19T00:54:00Z  465.657  71.332  91.150  8.64029E-16  SWARM-A  6.843  108.625
2015-03-19T00:54:30Z  465.372  69.435  91.808  8.60251E-16  SWARM-A  6.895  110.549
2015-03-19T00:55:00Z  465.066  67.534  92.340  8.56258E-16  SWARM-A  6.939  112.474
2015-03-19T00:55:30Z  464.740  65.631  92.774  8.51763E-16  SWARM-A  6.976  114.398
2015-03-19T00:56:00Z  464.397  63.726  93.131  8.45734E-16  SWARM-A  7.009  116.322
2015-03-19T00:56:30Z  464.038  61.818  93.428  8.39611E-16  SWARM-A  7.037  118.247
2015-03-19T00:57:00Z  463.665  59.909  93.676  8.33851E-16  SWARM-A  7.062  120.171
2015-03-19T00:57:30Z  463.281  57.998  93.883  8.28636E-16  SWARM-A  7.084  122.095
2015-03-19T00:58:00Z  462.887  56.086  94.056  8.23961E-16  SWARM-A  7.104  124.019
2015-03-19T00:58:30Z  462.487  54.172  94.201  8.19826E-16  SWARM-A  7.122  125.943
2015-03-19T00:59:00Z  462.082  52.257  94.322  8.16152E-16  SWARM-A  7.138  127.867
2015-03-19T00:59:30Z  461.674  50.341  94.423  8.12784E-16  SWARM-A  7.153  129.791
2015-03-19T01:00:00Z  461.267  48.424  94.507  8.09240E-16  SWARM-A  7.167  131.715
2015-03-19T01:00:30Z  460.863  46.506  94.575  8.05691E-16  SWARM-A  7.180  133.639
2015-03-19T01:01:00Z  460.464  44.586  94.630  8.02317E-16  SWARM-A  7.192  135.562
2015-03-19T01:01:30Z  460.074  42.666  94.674  7.99073E-16  SWARM-A  7.203  137.486
2015-03-19T01:02:00Z  459.693  40.745  94.708  7.95928E-16  SWARM-A  7.214  139.409
2015-03-19T01:02:30Z  459.325  38.823  94.732  7.92854E-16  SWARM-A  7.224  141.333
2015-03-19T01:03:00Z  458.973  36.900  94.749  7.89816E-16  SWARM-A  7.233  143.256
2015-03-19T01:03:30Z  458.638  34.976  94.759  7.86823E-16  SWARM-A  7.242  145.179
2015-03-19T01:04:00Z  458.323  33.052  94.763  7.83894E-16  SWARM-A  7.251  147.102
2015-03-19T01:04:30Z  458.030  31.126  94.761  7.80980E-16  SWARM-A  7.259  149.025
2015-03-19T01:05:00Z  457.761  29.200  94.754  7.78146E-16  SWARM-A  7.267  150.948
2015-03-19T01:05:30Z  457.519  27.274  94.744  7.75404E-16  SWARM-A  7.274  152.870
2015-03-19T01:06:00Z  457.306  25.346  94.729  7.72721E-16  SWARM-A  7.282  154.793
2015-03-19T01:06:30Z  457.123  23.418  94.710  7.70195E-16  SWARM-A  7.289  156.715
2015-03-19T01:07:00Z  456.972  21.490  94.689  7.67817E-16  SWARM-A  7.296  158.638
2015-03-19T01:07:30Z  456.854  19.561  94.665  7.65631E-16  SWARM-A  7.303  160.560
2015-03-19T01:08:00Z  456.772  17.632  94.639  7.63631E-16  SWARM-A  7.309  162.482
2015-03-19T01:08:30Z  456.727  15.702  94.610  7.61817E-16  SWARM-A  7.316  164.404
2015-03-19T01:09:00Z  456.720  13.772  94.580  7.60233E-16  SWARM-A  7.322  166.325
2015-03-19T01:09:30Z  456.751  11.842  94.548  7.58796E-16  SWARM-A  7.328  168.247
2015-03-19T01:10:00Z  456.822  9.911  94.515  7.57556E-16  SWARM-A  7.334  170.168
2015-03-19T01:10:30Z  456.934  7.981  94.480  7.56390E-16  SWARM-A  7.340  172.090
2015-03-19T01:11:00Z  457.086  6.050  94.445  7.55334E-16  SWARM-A  7.346  174.011
2015-03-19T01:11:30Z  457.279  4.119  94.410  7.54296E-16  SWARM-A  7.352  175.932
2015-03-19T01:12:00Z  457.514  2.188  94.373  7.53196E-16  SWARM-A  7.358  177.853
2015-03-19T01:12:30Z  457.790  0.258  94.337  7.51959E-16  SWARM-A  7.364  179.773
2015-03-19T01:13:00Z  458.108  -1.673  94.301  7.50437E-16  SWARM-A  7.370  181.694
2015-03-19T01:13:30Z  458.465  -3.603  94.264  7.48675E-16  SWARM-A  7.376  183.614
2015-03-19T01:14:00Z  458.863  -5.533  94.228  7.46631E-16  SWARM-A  7.382  185.534
2015-03-19T01:14:30Z  459.300  -7.462  94.193  7.44239E-16  SWARM-A  7.388  187.454
2015-03-19T01:15:00Z  459.775  -9.392  94.159  7.41528E-16  SWARM-A  7.394  189.374
2015-03-19T01:15:30Z  460.288  -11.320  94.125  7.38391E-16  SWARM-A  7.400  191.293
2015-03-19T01:16:00Z  460.836  -13.248  94.093  7.34907E-16  SWARM-A  7.406  193.213
2015-03-19T01:16:30Z  461.419  -15.176  94.062  7.30970E-16  SWARM-A  7.412  195.132
2015-03-19T01:17:00Z  462.035  -17.103  94.033  7.26691E-16  SWARM-A  7.419  197.051
2015-03-19T01:17:30Z  462.681  -19.029  94.006  7.21960E-16  SWARM-A  7.425  198.970
2015-03-19T01:18:00Z  463.356  -20.955  93.981  7.16871E-16  SWARM-A  7.432  200.888
2015-03-19T01:18:30Z  464.059  -22.880  93.958  7.11385E-16  SWARM-A  7.439  202.807
2015-03-19T01:19:00Z  464.786  -24.804  93.939  7.05545E-16  SWARM-A  7.446  204.725
2015-03-19T01:19:30Z  465.535  -26.727  93.923  6.99435E-16  SWARM-A  7.453  206.643
2015-03-19T01:20:00Z  466.304  -28.649  93.911  6.93177E-16  SWARM-A  7.461  208.561
2015-03-19T01:20:30Z  467.090  -30.570  93.902  6.86709E-16  SWARM-A  7.468  210.479
2015-03-19T01:21:00Z  467.891  -32.490  93.899  6.80143E-16  SWARM-A  7.477  212.397
2015-03-19T01:21:30Z  468.703  -34.410  93.901  6.73417E-16  SWARM-A  7.485  214.314
2015-03-19T01:22:00Z  469.525  -36.328  93.908  6.66532E-16  SWARM-A  7.494  216.231
2015-03-19T01:22:30Z  470.352  -38.245  93.923  6.59676E-16  SWARM-A  7.503  218.148
2015-03-19T01:23:00Z  471.183  -40.161  93.944  6.52898E-16  SWARM-A  7.513  220.065
2015-03-19T01:23:30Z  472.014  -42.076  93.975  6.46417E-16  SWARM-A  7.523  221.982
2015-03-19T01:24:00Z  472.843  -43.989  94.015  6.40476E-16  SWARM-A  7.534  223.899
2015-03-19T01:24:30Z  473.665  -45.902  94.065  6.35306E-16  SWARM-A  7.546  225.815
2015-03-19T01:25:00Z  474.479  -47.813  94.129  6.31002E-16  SWARM-A  7.559  227.732
2015-03-19T01:25:30Z  475.282  -49.723  94.206  6.27456E-16  SWARM-A  7.572  229.648
2015-03-19T01:26:00Z  476.070  -51.631  94.301  6.24370E-16  SWARM-A  7.587  231.564
2015-03-19T01:26:30Z  476.841  -53.539  94.414  6.21397E-16  SWARM-A  7.603  233.480
2015-03-19T01:27:00Z  477.591  -55.444  94.550  6.18549E-16  SWARM-A  7.620  235.396
2015-03-19T01:27:30Z  478.319  -57.349  94.712  6.15949E-16  SWARM-A  7.639  237.311
2015-03-19T01:28:00Z  479.021  -59.252  94.905  6.13912E-16  SWARM-A  7.660  239.227
2015-03-19T01:28:30Z  479.695  -61.153  95.136  6.12551E-16  SWARM-A  7.684  241.142
2015-03-19T01:29:00Z  480.338  -63.052  95.413  6.12020E-16  SWARM-A  7.711  243.057
2015-03-19T01:29:30Z  480.948  -64.949  95.745  6.12365E-16  SWARM-A  7.741  244.973
2015-03-19T01:30:00Z  481.523  -66.844  96.147  6.13669E-16  SWARM-A  7.776  246.888
2015-03-19T01:30:30Z  482.061  -68.737  96.638  6.15848E-16  SWARM-A  7.818  248.803
2015-03-19T01:31:00Z  482.559  -70.626  97.242  6.18878E-16  SWARM-A  7.866  250.718
2015-03-19T01:31:30Z  483.017  -72.510  97.996  6.22615E-16  SWARM-A  7.925  252.633
2015-03-19T01:32:00Z  483.431  -74.390  98.956  6.26824E-16  SWARM-A  7.997  254.547
2015-03-19T01:32:30Z  483.801  -76.263  100.203  6.31556E-16  SWARM-A  8.089  256.462
2015-03-19T01:33:00Z  484.125  -78.125  101.872  6.36377E-16  SWARM-A  8.208  258.377
2015-03-19T01:33:30Z  484.402  -79.971  104.193  6.41329E-16  SWARM-A  8.371  260.291
2015-03-19T01:34:00Z  484.631  -81.791  107.595  6.46240E-16  SWARM-A  8.606  262.206
2015-03-19T01:34:30Z  484.812  -83.563  112.953  6.51552E-16  SWARM-A  8.972  264.121
2015-03-19T01:35:00Z  484.943  -85.234  122.278  6.57262E-16  SWARM-A  9.602  266.035
2015-03-19T01:35:30Z  485.024  -86.648  140.498  6.63433E-16  SWARM-A  10.825  267.950
2015-03-19T01:36:00Z  485.055  -87.355  174.890  6.70550E-16  SWARM-A  13.126  269.864
2015-03-19T01:36:30Z  485.035  -86.839  -148.292  6.77912E-16  SWARM-A  15.589  271.779
2015-03-19T01:37:00Z  484.965  -85.504  -127.697  6.85604E-16  SWARM-A  16.970  273.693
2015-03-19T01:37:30Z  484.845  -83.861  -117.310  6.93672E-16  SWARM-A  17.671  275.608
2015-03-19T01:38:00Z  484.676  -82.102  -111.461  7.01743E-16  SWARM-A  18.069  277.522
2015-03-19T01:38:30Z  484.458  -80.288  -107.803  7.10489E-16  SWARM-A  18.322  279.437
2015-03-19T01:39:00Z  484.191  -78.445  -105.334  7.19618E-16  SWARM-A  18.494  281.352
2015-03-19T01:39:30Z  483.878  -76.585  -103.572  7.28640E-16  SWARM-A  18.620  283.266
2015-03-19T01:40:00Z  483.518  -74.714  -102.264  7.37423E-16  SWARM-A  18.716  285.181
2015-03-19T01:40:30Z  483.114  -72.836  -101.262  7.45600E-16  SWARM-A  18.791  287.096
2015-03-19T01:41:00Z  482.667  -70.952  -100.476  7.53059E-16  SWARM-A  18.852  289.011
2015-03-19T01:41:30Z  482.178  -69.063  -99.849  7.59923E-16  SWARM-A  18.902  290.925
2015-03-19T01:42:00Z  481.650  -67.171  -99.341  7.67163E-16  SWARM-A  18.944  292.840
2015-03-19T01:42:30Z  481.084  -65.277  -98.925  7.74888E-16  SWARM-A  18.980  294.756
2015-03-19T01:43:00Z  480.483  -63.380  -98.582  7.83340E-16  SWARM-A  19.011  296.671
2015-03-19T01:43:30Z  479.848  -61.481  -98.297  7.92783E-16  SWARM-A  19.039  298.586
2015-03-19T01:44:00Z  479.182  -59.580  -98.058  8.02885E-16  SWARM-A  19.063  300.501
2015-03-19T01:44:30Z  478.488  -57.678  -97.859  8.13412E-16  SWARM-A  19.084  302.417
2015-03-19T01:45:00Z  477.767  -55.774  -97.692  8.23952E-16  SWARM-A  19.104  304.332
2015-03-19T01:45:30Z  477.024  -53.868  -97.552  8.34336E-16  SWARM-A  19.122  306.248
2015-03-19T01:46:00Z  476.259  -51.961  -97.435  8.44423E-16  SWARM-A  19.138  308.164
2015-03-19T01:46:30Z  475.477  -50.053  -97.338  8.53222E-16  SWARM-A  19.153  310.080
2015-03-19T01:47:00Z  474.680  -48.143  -97.257  8.61759E-16  SWARM-A  19.166  311.996
2015-03-19T01:47:30Z  473.870  -46.232  -97.192  8.70038E-16  SWARM-A  19.179  313.912
2015-03-19T01:48:00Z  473.052  -44.320  -97.139  8.78125E-16  SWARM-A  19.191  315.829
2015-03-19T01:48:30Z  472.227  -42.407  -97.097  8.86056E-16  SWARM-A  19.202  317.745
2015-03-19T01:49:00Z  471.399  -40.492  -97.065  8.93838E-16  SWARM-A  19.212  319.662
2015-03-19T01:49:30Z  470.571  -38.576  -97.042  9.01629E-16  SWARM-A  19.222  321.579
2015-03-19T01:50:00Z  469.745  -36.660  -97.027  9.09262E-16  SWARM-A  19.232  323.496
2015-03-19T01:50:30Z  468.924  -34.742  -97.018  9.16894E-16  SWARM-A  19.241  325.413
2015-03-19T01:51:00Z  468.113  -32.823  -97.015  9.24361E-16  SWARM-A  19.249  327.331
2015-03-19T01:51:30Z  467.312  -30.903  -97.018  9.31536E-16  SWARM-A  19.257  329.248
2015-03-19T01:52:00Z  466.525  -28.982  -97.025  9.38706E-16  SWARM-A  19.265  331.166
2015-03-19T01:52:30Z  465.755  -27.060  -97.037  9.45837E-16  SWARM-A  19.273  333.084
2015-03-19T01:53:00Z  465.004  -25.137  -97.052  9.53047E-16  SWARM-A  19.280  335.002
2015-03-19T01:53:30Z  464.275  -23.213  -97.071  9.60255E-16  SWARM-A  19.287  336.920
2015-03-19T01:54:00Z  463.569  -21.288  -97.093  9.67444E-16  SWARM-A  19.294  338.838
2015-03-19T01:54:30Z  462.890  -19.363  -97.117  9.74599E-16  SWARM-A  19.301  340.757
2015-03-19T01:55:00Z  462.239  -17.437  -97.144  9.81865E-16  SWARM-A  19.307  342.676
2015-03-19T01:55:30Z  461.619  -15.510  -97.173  9.89048E-16  SWARM-A  19.314  344.595
2015-03-19T01:56:00Z  461.031  -13.583  -97.204  9.96190E-16  SWARM-A  19.320  346.514
2015-03-19T01:56:30Z  460.477  -11.655  -97.236  1.00337E-15  SWARM-A  19.326  348.433
2015-03-19T01:57:00Z  459.958  -9.726  -97.269  1.01049E-15  SWARM-A  19.332  350.353
2015-03-19T01:57:30Z  459.476  -7.797  -97.304  1.01755E-15  SWARM-A  19.338  352.272
2015-03-19T01:58:00Z  459.032  -5.867  -97.339  1.02450E-15  SWARM-A  19.344  354.192
2015-03-19T01:58:30Z  458.627  -3.938  -97.375  1.03130E-15  SWARM-A  19.350  356.112
2015-03-19T01:59:00Z  458.261  -2.007  -97.411  1.03787E-15  SWARM-A  19.356  358.032
2015-03-19T01:59:30Z  457.936  -0.077  -97.447  1.04453E-15  SWARM-A  19.362  359.953
2015-03-19T02:00:00Z  457.652  1.853  -97.484  1.05003E-15  SWARM-A  19.368  1.873
2015-03-19T02:00:30Z  457.409  3.784  -97.520  1.05555E-15  SWARM-A  19.374  3.794
2015-03-19T02:01:00Z  457.208  5.715  -97.556  1.06064E-15  SWARM-A  19.380  5.715
2015-03-19T02:01:30Z  457.047  7.645  -97.591  1.06533E-15  SWARM-A  19.386  7.636
2015-03-19T02:02:00Z  456.927  9.576  -97.625  1.06960E-15  SWARM-A  19.392  9.557
2015-03-19T02:02:30Z  456.847  11.506  -97.659  1.07342E-15  SWARM-A  19.398  11.479
2015-03-19T02:03:00Z  456.807  13.437  -97.691  1.07679E-15  SWARM-A  19.404  13.400
2015-03-19T02:03:30Z  456.806  15.367  -97.721  1.07975E-15  SWARM-A  19.410  15.322
2015-03-19T02:04:00Z  456.842  17.297  -97.750  1.08232E-15  SWARM-A  19.417  17.243
2015-03-19T02:04:30Z  456.916  19.226  -97.777  1.08447E-15  SWARM-A  19.423  19.165
2015-03-19T02:05:00Z  457.024  21.155  -97.801  1.08621E-15  SWARM-A  19.430  21.088
2015-03-19T02:05:30Z  457.166  23.083  -97.823  1.08757E-15  SWARM-A  19.437  23.010
2015-03-19T02:06:00Z  457.341  25.011  -97.842  1.08860E-15  SWARM-A  19.444  24.932
2015-03-19T02:06:30Z  457.546  26.939  -97.857  1.08928E-15  SWARM-A  19.451  26.855
2015-03-19T02:07:00Z  457.780  28.866  -97.869  1.08960E-15  SWARM-A  19.459  28.777
2015-03-19T02:07:30Z  458.041  30.792  -97.876  1.08948E-15  SWARM-A  19.467  30.700
2015-03-19T02:08:00Z  458.326  32.717  -97.879  1.08888E-15  SWARM-A  19.475  32.623
2015-03-19T02:08:30Z  458.634  34.642  -97.876  1.08776E-15  SWARM-A  19.483  34.546
2015-03-19T02:09:00Z  458.962  36.566  -97.867  1.08611E-15  SWARM-A  19.492  36.469
2015-03-19T02:09:30Z  459.308  38.489  -97.852  1.08406E-15  SWARM-A  19.502  38.392
2015-03-19T02:10:00Z  459.670  40.411  -97.828  1.08187E-15  SWARM-A  19.512  40.316
2015-03-19T02:10:30Z  460.044  42.332  -97.796  1.07984E-15  SWARM-A  19.522  42.239
2015-03-19T02:11:00Z  460.429  44.253  -97.754  1.07821E-15  SWARM-A  19.533  44.162
2015-03-19T02:11:30Z  460.823  46.172  -97.701  1.07665E-15  SWARM-A  19.545  46.086
2015-03-19T02:12:00Z  461.222  48.090  -97.635  1.07457E-15  SWARM-A  19.558  48.010
2015-03-19T02:12:30Z  461.624  50.008  -97.554  1.07062E-15  SWARM-A  19.572  49.934
2015-03-19T02:13:00Z  462.026  51.924  -97.457  1.06473E-15  SWARM-A  19.586  51.857
2015-03-19T02:13:30Z  462.427  53.839  -97.339  1.05642E-15  SWARM-A  19.603  53.781
2015-03-19T02:14:00Z  462.824  55.753  -97.198  1.04599E-15  SWARM-A  19.620  55.705
2015-03-19T02:14:30Z  463.214  57.665  -97.030  1.03366E-15  SWARM-A  19.640  57.629
2015-03-19T02:15:00Z  463.596  59.577  -96.829  1.02014E-15  SWARM-A  19.662  59.554
2015-03-19T02:15:30Z  463.966  61.486  -96.589  1.00604E-15  SWARM-A  19.686  61.478
2015-03-19T02:16:00Z  464.324  63.394  -96.302  9.91902E-16  SWARM-A  19.713  63.402
2015-03-19T02:16:30Z  464.666  65.300  -95.955  9.77529E-16  SWARM-A  19.745  65.326
2015-03-19T02:17:00Z  464.990  67.203  -95.536  9.63305E-16  SWARM-A  19.781  67.251
2015-03-19T02:17:30Z  465.296  69.104  -95.023  9.50126E-16  SWARM-A  19.824  69.175
2015-03-19T02:18:00Z  465.581  71.002  -94.388  9.37944E-16  SWARM-A  19.874  71.100
2015-03-19T02:18:30Z  465.843  72.896  -93.593  9.26897E-16  SWARM-A  19.936  73.024
2015-03-19T02:19:00Z  466.082  74.783  -92.576  9.16659E-16  SWARM-A  20.012  74.949
2015-03-19T02:19:30Z  466.294  76.664  -91.245  9.07104E-16  SWARM-A  20.109  76.873
2015-03-19T02:20:00Z  466.481  78.532  -89.449  8.98093E-16  SWARM-A  20.237  78.798
2015-03-19T02:20:30Z  466.639  80.384  -86.920  8.90350E-16  SWARM-A  20.414  80.722
2015-03-19T02:21:00Z  466.769  82.205  -83.153  8.82767E-16  SWARM-A  20.673  82.647
2015-03-19T02:21:30Z  466.870  83.969  -77.084  8.74996E-16  SWARM-A  21.086  84.572
2015-03-19T02:22:00Z  466.941  85.608  -66.192  8.67163E-16  SWARM-A  21.821  86.496
2015-03-19T02:22:30Z  466.982  86.914  -44.422  8.59240E-16  SWARM-A  23.280  88.421
2015-03-19T02:23:00Z  466.992  87.341  -6.551  8.50883E-16  SWARM-A  1.813  90.346
2015-03-19T02:23:30Z  466.971  86.546  26.704  8.41735E-16  SWARM-A  4.039  92.270
2015-03-19T02:24:00Z  466.920  85.091  43.933  8.31411E-16  SWARM-A  5.196  94.195
2015-03-19T02:24:30Z  466.839  83.399  52.800  8.21453E-16  SWARM-A  5.795  96.120
2015-03-19T02:25:00Z  466.728  81.611  57.935  8.12141E-16  SWARM-A  6.146  98.044
2015-03-19T02:25:30Z  466.588  79.778  61.215  8.03464E-16  SWARM-A  6.373  99.969
2015-03-19T02:26:00Z  466.420  77.920  63.463  7.95695E-16  SWARM-A  6.531  101.894
2015-03-19T02:26:30Z  466.224  76.047  65.085  7.88812E-16  SWARM-A  6.648  103.818
2015-03-19T02:27:00Z  466.002  74.164  66.299  7.82881E-16  SWARM-A  6.737  105.743
2015-03-19T02:27:30Z  465.755  72.274  67.235  7.77524E-16  SWARM-A  6.808  107.667
2015-03-19T02:28:00Z  465.485  70.379  67.972  7.72613E-16  SWARM-A  6.865  109.592
2015-03-19T02:28:30Z  465.192  68.480  68.563  7.68290E-16  SWARM-A  6.913  111.516
2015-03-19T02:29:00Z  464.880  66.578  69.043  7.64200E-16  SWARM-A  6.953  113.441
2015-03-19T02:29:30Z  464.548  64.674  69.436  7.60149E-16  SWARM-A  6.988  115.365
2015-03-19T02:30:00Z  464.200  62.767  69.762  7.56371E-16  SWARM-A  7.018  117.289
2015-03-19T02:30:30Z  463.837  60.859  70.033  7.53214E-16  SWARM-A  7.044  119.214
2015-03-19T02:31:00Z  463.462  58.949  70.259  7.50959E-16  SWARM-A  7.067  121.138
2015-03-19T02:31:30Z  463.076  57.037  70.448  7.49691E-16  SWARM-A  7.088  123.062
2015-03-19T02:32:00Z  462.682  55.124  70.607  7.49359E-16  SWARM-A  7.107  124.986
2015-03-19T02:32:30Z  462.282  53.210  70.740  7.49822E-16  SWARM-A  7.125  126.910
2015-03-19T02:33:00Z  461.879  51.294  70.851  7.50936E-16  SWARM-A  7.140  128.834
2015-03-19T02:33:30Z  461.475  49.378  70.943  7.52530E-16  SWARM-A  7.155  130.758
2015-03-19T02:34:00Z  461.072  47.460  71.018  7.54319E-16  SWARM-A  7.168  132.682
2015-03-19T02:34:30Z  460.674  45.541  71.080  7.56375E-16  SWARM-A  7.181  134.605
2015-03-19T02:35:00Z  460.282  43.622  71.129  7.58584E-16  SWARM-A  7.192  136.529
2015-03-19T02:35:30Z  459.899  41.701  71.167  7.60887E-16  SWARM-A  7.203  138.452
2015-03-19T02:36:00Z  459.527  39.779  71.197  7.63182E-16  SWARM-A  7.213  140.376
2015-03-19T02:36:30Z  459.170  37.857  71.217  7.64852E-16  SWARM-A  7.223  142.299
2015-03-19T02:37:00Z  458.829  35.933  71.231  7.66386E-16  SWARM-A  7.232  144.222
2015-03-19T02:37:30Z  458.506  34.009  71.237  7.67740E-16  SWARM-A  7.241  146.145
2015-03-19T02:38:00Z  458.205  32.084  71.238  7.68797E-16  SWARM-A  7.249  148.068
2015-03-19T02:38:30Z  457.927  30.159  71.234  7.69707E-16  SWARM-A  7.258  149.991
2015-03-19T02:39:00Z  457.674  28.232  71.225  7.70264E-16  SWARM-A  7.265  151.914
2015-03-19T02:39:30Z  457.448  26.305  71.212  7.70544E-16  SWARM-A  7.273  153.836
2015-03-19T02:40:00Z  457.252  24.378  71.196  7.70525E-16  SWARM-A  7.280  155.759
2015-03-19T02:40:30Z  457.088  22.450  71.176  7.70200E-16  SWARM-A  7.287  157.681
2015-03-19T02:41:00Z  456.956  20.521  71.153  7.69501E-16  SWARM-A  7.294  159.603
2015-03-19T02:41:30Z  456.858  18.592  71.128  7.68502E-16  SWARM-A  7.300  161.525
2015-03-19T02:42:00Z  456.797  16.662  71.100  7.67120E-16  SWARM-A  7.307  163.447
2015-03-19T02:42:30Z  456.773  14.732  71.071  7.65424E-16  SWARM-A  7.313  165.369
2015-03-19T02:43:00Z  456.787  12.802  71.040  7.63459E-16  SWARM-A  7.320  167.291
2015-03-19T02:43:30Z  456.840  10.872  71.007  7.61164E-16  SWARM-A  7.326  169.212
2015-03-19T02:44:00Z  456.934  8.941  70.973  7.58573E-16  SWARM-A  7.332  171.133
2015-03-19T02:44:30Z  457.068  7.011  70.939  7.55667E-16  SWARM-A  7.338  173.055
2015-03-19T02:45:00Z  457.244  5.080  70.903  7.52416E-16  SWARM-A  7.344  174.976
2015-03-19T02:45:30Z  457.461  3.149  70.867  7.48848E-16  SWARM-A  7.350  176.896
2015-03-19T02:46:00Z  457.719  1.219  70.831  7.44926E-16  SWARM-A  7.356  178.817
2015-03-19T02:46:30Z  458.019  -0.712  70.795  7.40671E-16  SWARM-A  7.362  180.737
2015-03-19T02:47:00Z  458.359  -2.642  70.758  7.36087E-16  SWARM-A  7.367  182.658
2015-03-19T02:47:30Z  458.740  -4.572  70.722  7.31104E-16  SWARM-A  7.373  184.578
2015-03-19T02:48:00Z  459.161  -6.502  70.686  7.25799E-16  SWARM-A  7.379  186.498
2015-03-19T02:48:30Z  459.620  -8.431  70.651  7.20167E-16  SWARM-A  7.385  188.418
2015-03-19T02:49:00Z  460.117  -10.360  70.617  7.14184E-16  SWARM-A  7.391  190.337
2015-03-19T02:49:30Z  460.650  -12.288  70.584  7.07935E-16  SWARM-A  7.398  192.257
2015-03-19T02:50:00Z  461.219  -14.216  70.553  7.01425E-16  SWARM-A  7.404  194.176
2015-03-19T02:50:30Z  461.820  -16.143  70.523  6.94696E-16  SWARM-A  7.410  196.095
2015-03-19T02:51:00Z  462.454  -18.070  70.494  6.87841E-16  SWARM-A  7.417  198.014
2015-03-19T02:51:30Z  463.117  -19.996  70.468  6.80902E-16  SWARM-A  7.423  199.933
2015-03-19T02:52:00Z  463.808  -21.921  70.445  6.73927E-16  SWARM-A  7.430  201.851
2015-03-19T02:52:30Z  464.524  -23.845  70.424  6.67028E-16  SWARM-A  7.437  203.769
2015-03-19T02:53:00Z  465.263  -25.769  70.406  6.60232E-16  SWARM-A  7.444  205.688
2015-03-19T02:53:30Z  466.023  -27.691  70.392  6.53625E-16  SWARM-A  7.451  207.606
2015-03-19T02:54:00Z  466.802  -29.613  70.381  6.47075E-16  SWARM-A  7.459  209.523
2015-03-19T02:54:30Z  467.596  -31.534  70.375  6.40497E-16  SWARM-A  7.467  211.441
2015-03-19T02:55:00Z  468.403  -33.453  70.374  6.34177E-16  SWARM-A  7.475  213.359
2015-03-19T02:55:30Z  469.220  -35.372  70.379  6.28182E-16  SWARM-A  7.484  215.276
2015-03-19T02:56:00Z  470.044  -37.289  70.390  6.22370E-16  SWARM-A  7.493  217.193
2015-03-19T02:56:30Z  470.873  -39.206  70.408  6.16862E-16  SWARM-A  7.502  219.110
2015-03-19T02:57:00Z  471.703  -41.121  70.433  6.11738E-16  SWARM-A  7.513  221.027
2015-03-19T02:57:30Z  472.532  -43.035  70.468  6.06935E-16  SWARM-A  7.523  222.943
2015-03-19T02:58:00Z  473.357  -44.948  70.513  6.02614E-16  SWARM-A  7.535  224.860
2015-03-19T02:58:30Z  474.174  -46.860  70.570  5.98862E-16  SWARM-A  7.547  226.776
2015-03-19T02:59:00Z  474.980  -48.771  70.640  5.95833E-16  SWARM-A  7.560  228.692
2015-03-19T02:59:30Z  475.774  -50.680  70.726  5.93580E-16  SWARM-A  7.574  230.609
2015-03-19T03:00:00Z  476.551  -52.588  70.829  5.93993E-16  SWARM-A  7.589  232.524
2015-03-19T03:00:30Z  477.310  -54.494  70.953  5.93112E-16  SWARM-A  7.606  234.440
2015-03-19T03:01:00Z  478.046  -56.399  71.102  5.92749E-16  SWARM-A  7.624  236.356
2015-03-19T03:01:30Z  478.759  -58.303  71.279  5.92850E-16  SWARM-A  7.644  238.272
2015-03-19T03:02:00Z  479.444  -60.205  71.490  5.93271E-16  SWARM-A  7.666  240.187
2015-03-19T03:02:30Z  480.100  -62.105  71.743  5.94215E-16  SWARM-A  7.691  242.102
2015-03-19T03:03:00Z  480.723  -64.003  72.045  5.95682E-16  SWARM-A  7.720  244.017
2015-03-19T03:03:30Z  481.313  -65.900  72.411  5.97426E-16  SWARM-A  7.753  245.933
2015-03-19T03:04:00Z  481.866  -67.793  72.854  5.99838E-16  SWARM-A  7.791  247.848
2015-03-19T03:04:30Z  482.380  -69.684  73.397  6.03003E-16  SWARM-A  7.835  249.763
2015-03-19T03:05:00Z  482.855  -71.571  74.071  6.06529E-16  SWARM-A  7.888  251.677
2015-03-19T03:05:30Z  483.286  -73.453  74.920  6.10624E-16  SWARM-A  7.953  253.592
2015-03-19T03:06:00Z  483.675  -75.330  76.010  6.15045E-16  SWARM-A  8.034  255.507
2015-03-19T03:06:30Z  484.018  -77.198  77.447  6.19565E-16  SWARM-A  8.138  257.422
2015-03-19T03:07:00Z  484.314  -79.053  79.404  6.23380E-16  SWARM-A  8.277  259.336
2015-03-19T03:07:30Z  484.563  -80.888  82.194  6.27262E-16  SWARM-A  8.472  261.251
2015-03-19T03:08:00Z  484.763  -82.688  86.419  6.31128E-16  SWARM-A  8.762  263.165
2015-03-19T03:08:30Z  484.914  -84.419  93.390  6.34938E-16  SWARM-A  9.235  265.080
2015-03-19T03:09:00Z  485.015  -85.993  106.266  6.38859E-16  SWARM-A  10.101  266.995
2015-03-19T03:09:30Z  485.066  -87.136  132.105  6.43026E-16  SWARM-A  11.832  268.909
2015-03-19T03:10:00Z  485.066  -87.245  171.518  6.47949E-16  SWARM-A  14.468  270.824
2015-03-19T03:10:30Z  485.017  -86.231  -159.664  6.53040E-16  SWARM-A  16.398  272.738
2015-03-19T03:11:00Z  484.917  -84.703  -145.198  6.58369E-16  SWARM-A  17.371  274.653
2015-03-19T03:11:30Z  484.767  -82.989  -137.525  6.64175E-16  SWARM-A  17.890  276.567
2015-03-19T03:12:00Z  484.568  -81.198  -132.954  6.70755E-16  SWARM-A  18.203  278.482
2015-03-19T03:12:30Z  484.320  -79.367  -129.975  6.78207E-16  SWARM-A  18.410  280.396
2015-03-19T03:13:00Z  484.025  -77.515  -127.903  6.86358E-16  SWARM-A  18.557  282.311
2015-03-19T03:13:30Z  483.684  -75.649  -126.392  6.94575E-16  SWARM-A  18.666  284.226
2015-03-19T03:14:00Z  483.297  -73.774  -125.251  7.02913E-16  SWARM-A  18.750  286.140
2015-03-19T03:14:30Z  482.866  -71.892  -124.367  7.11441E-16  SWARM-A  18.818  288.055
2015-03-19T03:15:00Z  482.393  -70.006  -123.667  7.19780E-16  SWARM-A  18.873  289.970
2015-03-19T03:15:30Z  481.879  -68.116  -123.104  7.27825E-16  SWARM-A  18.918  291.885
2015-03-19T03:16:00Z  481.327  -66.222  -122.645  7.35384E-16  SWARM-A  18.957  293.800
2015-03-19T03:16:30Z  480.739  -64.327  -122.268  7.42963E-16  SWARM-A  18.991  295.715
2015-03-19T03:17:00Z  480.116  -62.429  -121.955  7.50896E-16  SWARM-A  19.020  297.630
2015-03-19T03:17:30Z  479.460  -60.529  -121.695  7.59597E-16  SWARM-A  19.046  299.546
2015-03-19T03:18:00Z  478.775  -58.627  -121.477  7.69706E-16  SWARM-A  19.069  301.461
2015-03-19T03:18:30Z  478.063  -56.724  -121.295  7.81094E-16  SWARM-A  19.089  303.377
2015-03-19T03:19:00Z  477.326  -54.819  -121.142  7.93528E-16  SWARM-A  19.108  305.293
2015-03-19T03:19:30Z  476.567  -52.913  -121.014  8.06574E-16  SWARM-A  19.124  307.208
2015-03-19T03:20:00Z  475.789  -51.005  -120.907  8.19955E-16  SWARM-A  19.140  309.124
2015-03-19T03:20:30Z  474.995  -49.096  -120.819  8.33381E-16  SWARM-A  19.154  311.040
2015-03-19T03:21:00Z  474.187  -47.185  -120.746  8.46800E-16  SWARM-A  19.167  312.957
2015-03-19T03:21:30Z  473.368  -45.274  -120.687  8.60225E-16  SWARM-A  19.180  314.873
2015-03-19T03:22:00Z  472.542  -43.361  -120.640  8.73548E-16  SWARM-A  19.191  316.790
2015-03-19T03:22:30Z  471.711  -41.447  -120.604  8.86765E-16  SWARM-A  19.202  318.706
2015-03-19T03:23:00Z  470.879  -39.532  -120.576  8.99783E-16  SWARM-A  19.212  320.623
2015-03-19T03:23:30Z  470.048  -37.615  -120.557  9.12644E-16  SWARM-A  19.222  322.540
2015-03-19T03:24:00Z  469.220  -35.698  -120.545  9.25368E-16  SWARM-A  19.231  324.457
2015-03-19T03:24:30Z  468.400  -33.779  -120.540  9.37917E-16  SWARM-A  19.239  326.375
2015-03-19T03:25:00Z  467.590  -31.860  -120.540  9.50280E-16  SWARM-A  19.248  328.292
2015-03-19T03:25:30Z  466.793  -29.939  -120.545  9.62431E-16  SWARM-A  19.256  330.210
2015-03-19T03:26:00Z  466.011  -28.018  -120.555  9.74344E-16  SWARM-A  19.263  332.128
2015-03-19T03:26:30Z  465.247  -26.095  -120.568  9.85968E-16  SWARM-A  19.271  334.046
2015-03-19T03:27:00Z  464.504  -24.172  -120.586  9.96867E-16  SWARM-A  19.278  335.964
2015-03-19T03:27:30Z  463.783  -22.247  -120.606  1.00733E-15  SWARM-A  19.285  337.882
2015-03-19T03:28:00Z  463.088  -20.322  -120.629  1.01748E-15  SWARM-A  19.292  339.801
2015-03-19T03:28:30Z  462.420  -18.397  -120.655  1.02713E-15  SWARM-A  19.298  341.720
2015-03-19T03:29:00Z  461.782  -16.470  -120.683  1.03636E-15  SWARM-A  19.305  343.639
2015-03-19T03:29:30Z  461.175  -14.543  -120.713  1.04508E-15  SWARM-A  19.311  345.558
2015-03-19T03:30:00Z  460.602  -12.615  -120.744  1.05325E-15  SWARM-A  19.317  347.477
2015-03-19T03:30:30Z  460.063  -10.687  -120.777  1.06084E-15  SWARM-A  19.324  349.397
2015-03-19T03:31:00Z  459.560  -8.758  -120.811  1.06777E-15  SWARM-A  19.330  351.316
2015-03-19T03:31:30Z  459.095  -6.828  -120.846  1.07409E-15  SWARM-A  19.336  353.236
2015-03-19T03:32:00Z  458.669  -4.899  -120.881  1.07967E-15  SWARM-A  19.342  355.156
2015-03-19T03:32:30Z  458.282  -2.969  -120.917  1.08465E-15  SWARM-A  19.348  357.076
2015-03-19T03:33:00Z  457.935  -1.038  -120.954  1.08895E-15  SWARM-A  19.354  358.997
2015-03-19T03:33:30Z  457.630  0.892  -120.990  1.09259E-15  SWARM-A  19.359  0.917
2015-03-19T03:34:00Z  457.365  2.823  -121.026  1.09568E-15  SWARM-A  19.365  2.838
2015-03-19T03:34:30Z  457.142  4.754  -121.062  1.09777E-15  SWARM-A  19.371  4.759
2015-03-19T03:35:00Z  456.960  6.685  -121.098  1.09956E-15  SWARM-A  19.377  6.680
2015-03-19T03:35:30Z  456.819  8.615  -121.133  1.10089E-15  SWARM-A  19.383  8.601
2015-03-19T03:36:00Z  456.720  10.546  -121.167  1.10188E-15  SWARM-A  19.389  10.522
2015-03-19T03:36:30Z  456.660  12.476  -121.200  1.10241E-15  SWARM-A  19.395  12.444
2015-03-19T03:37:00Z  456.640  14.407  -121.231  1.10268E-15  SWARM-A  19.402  14.366
2015-03-19T03:37:30Z  456.659  16.337  -121.261  1.10267E-15  SWARM-A  19.408  16.287
2015-03-19T03:38:00Z  456.715  18.266  -121.289  1.10248E-15  SWARM-A  19.415  18.209
2015-03-19T03:38:30Z  456.808  20.196  -121.314  1.10169E-15  SWARM-A  19.421  20.131
2015-03-19T03:39:00Z  456.935  22.124  -121.338  1.10054E-15  SWARM-A  19.428  22.054
2015-03-19T03:39:30Z  457.096  24.053  -121.358  1.09929E-15  SWARM-A  19.435  23.976
2015-03-19T03:40:00Z  457.288  25.980  -121.375  1.09790E-15  SWARM-A  19.442  25.899
2015-03-19T03:40:30Z  457.511  27.908  -121.389  1.09636E-15  SWARM-A  19.450  27.821
2015-03-19T03:41:00Z  457.761  29.834  -121.398  1.09467E-15  SWARM-A  19.457  29.744
2015-03-19T03:41:30Z  458.038  31.760  -121.403  1.09280E-15  SWARM-A  19.465  31.667
2015-03-19T03:42:00Z  458.338  33.685  -121.403  1.09072E-15  SWARM-A  19.474  33.590
2015-03-19T03:42:30Z  458.659  35.610  -121.398  1.08835E-15  SWARM-A  19.482  35.513
2015-03-19T03:43:00Z  459.000  37.533  -121.386  1.08568E-15  SWARM-A  19.491  37.436
2015-03-19T03:43:30Z  459.358  39.456  -121.366  1.08265E-15  SWARM-A  19.501  39.360
2015-03-19T03:44:00Z  459.730  41.378  -121.339  1.07924E-15  SWARM-A  19.511  41.283
2015-03-19T03:44:30Z  460.115  43.299  -121.302  1.07570E-15  SWARM-A  19.522  43.207
2015-03-19T03:45:00Z  460.508  45.219  -121.255  1.07235E-15  SWARM-A  19.533  45.130
2015-03-19T03:45:30Z  460.909  47.138  -121.195  1.06968E-15  SWARM-A  19.546  47.054
2015-03-19T03:46:00Z  461.314  49.055  -121.122  1.06766E-15  SWARM-A  19.559  48.978
2015-03-19T03:46:30Z  461.721  50.972  -121.033  1.06622E-15  SWARM-A  19.573  50.902
2015-03-19T03:47:00Z  462.128  52.888  -120.926  1.06499E-15  SWARM-A  19.589  52.826
2015-03-19T03:47:30Z  462.531  54.803  -120.797  1.06278E-15  SWARM-A  19.606  54.750
2015-03-19T03:48:00Z  462.929  56.716  -120.643  1.05871E-15  SWARM-A  19.624  56.674
2015-03-19T03:48:30Z  463.320  58.628  -120.460  1.05208E-15  SWARM-A  19.645  58.598
2015-03-19T03:49:00Z  463.700  60.538  -120.240  1.04072E-15  SWARM-A  19.668  60.522
2015-03-19T03:49:30Z  464.068  62.447  -119.977  1.02747E-15  SWARM-A  19.694  62.446
2015-03-19T03:50:00Z  464.422  64.354  -119.662  1.01301E-15  SWARM-A  19.723  64.371
2015-03-19T03:50:30Z  464.760  66.259  -119.281  9.98145E-16  SWARM-A  19.757  66.295
2015-03-19T03:51:00Z  465.079  68.161  -118.818  9.83545E-16  SWARM-A  19.796  68.220
2015-03-19T03:51:30Z  465.379  70.060  -118.248  9.71494E-16  SWARM-A  19.842  70.144
2015-03-19T03:52:00Z  465.656  71.956  -117.539  9.60702E-16  SWARM-A  19.898  72.069
2015-03-19T03:52:30Z  465.911  73.847  -116.641  9.51654E-16  SWARM-A  19.966  73.993
2015-03-19T03:53:00Z  466.140  75.731  -115.481  9.42841E-16  SWARM-A  20.052  75.918
2015-03-19T03:53:30Z  466.344  77.607  -113.941  9.35061E-16  SWARM-A  20.163  77.842
2015-03-19T03:54:00Z  466.520  79.468  -111.820  9.27230E-16  SWARM-A  20.312  79.767
2015-03-19T03:54:30Z  466.669  81.306  -108.756  9.18733E-16  SWARM-A  20.525  81.692
2015-03-19T03:55:00Z  466.788  83.104  -104.024  9.11048E-16  SWARM-A  20.849  83.616
2015-03-19T03:55:30Z  466.878  84.818  -96.001  9.03540E-16  SWARM-A  21.392  85.541
2015-03-19T03:56:00Z  466.938  86.332  -80.699  8.96019E-16  SWARM-A  22.421  87.466
2015-03-19T03:56:30Z  466.967  87.285  -50.342  8.87703E-16  SWARM-A  0.453  89.390
2015-03-19T03:57:00Z  466.966  87.068  -11.088  8.78414E-16  SWARM-A  3.078  91.315
2015-03-19T03:57:30Z  466.935  85.861  13.385  8.68561E-16  SWARM-A  4.718  93.240
2015-03-19T03:58:00Z  466.872  84.257  25.544  8.58724E-16  SWARM-A  5.537  95.164
2015-03-19T03:58:30Z  466.780  82.506  32.182  8.49147E-16  SWARM-A  5.988  97.089
2015-03-19T03:59:00Z  466.659  80.692  36.236  8.39883E-16  SWARM-A  6.266  99.014
2015-03-19T03:59:30Z  466.509  78.845  38.926  8.31006E-16  SWARM-A  6.454  100.938
2015-03-19T04:00:00Z  466.330  76.978  40.822  8.22660E-16  SWARM-A  6.589  102.863
2015-03-19T04:00:30Z  466.125  75.100  42.218  8.14796E-16  SWARM-A  6.690  104.787
2015-03-19T04:01:00Z  465.895  73.213  43.279  8.07268E-16  SWARM-A  6.769  106.712
2015-03-19T04:01:30Z  465.640  71.320  44.106  7.99896E-16  SWARM-A  6.833  108.636
2015-03-19T04:02:00Z  465.362  69.423  44.764  7.91712E-16  SWARM-A  6.885  110.561
2015-03-19T04:02:30Z  465.062  67.523  45.295  7.83228E-16  SWARM-A  6.929  112.485
2015-03-19T04:03:00Z  464.743  65.620  45.729  7.74613E-16  SWARM-A  6.966  114.410
2015-03-19T04:03:30Z  464.407  63.714  46.086  7.65958E-16  SWARM-A  6.998  116.334
2015-03-19T04:04:00Z  464.054  61.807  46.382  7.57533E-16  SWARM-A  7.026  118.258
2015-03-19T04:04:30Z  463.688  59.897  46.629  7.49496E-16  SWARM-A  7.051  120.182
2015-03-19T04:05:00Z  463.310  57.986  46.836  7.41953E-16  SWARM-A  7.073  122.107
2015-03-19T04:05:30Z  462.923  56.074  47.009  7.35152E-16  SWARM-A  7.093  124.031
2015-03-19T04:06:00Z  462.529  54.161  47.154  7.29063E-16  SWARM-A  7.111  125.955
2015-03-19T04:06:30Z  462.130  52.246  47.275  7.23517E-16  SWARM-A  7.127  127.879
2015-03-19T04:07:00Z  461.728  50.330  47.376  7.18502E-16  SWARM-A  7.142  129.802
2015-03-19T04:07:30Z  461.327  48.412  47.459  7.13792E-16  SWARM-A  7.156  131.726
2015-03-19T04:08:00Z  460.928  46.494  47.528  7.09473E-16  SWARM-A  7.169  133.650
2015-03-19T04:08:30Z  460.535  44.575  47.583  7.05582E-16  SWARM-A  7.181  135.574
2015-03-19T04:09:00Z  460.149  42.655  47.626  7.02099E-16  SWARM-A  7.192  137.497
2015-03-19T04:09:30Z  459.773  40.734  47.660  6.98979E-16  SWARM-A  7.203  139.421
2015-03-19T04:10:00Z  459.410  38.812  47.685  6.96239E-16  SWARM-A  7.213  141.344
2015-03-19T04:10:30Z  459.062  36.889  47.701  6.93845E-16  SWARM-A  7.222  143.267
2015-03-19T04:11:00Z  458.731  34.965  47.711  6.91792E-16  SWARM-A  7.231  145.190
2015-03-19T04:11:30Z  458.420  33.040  47.715  6.90080E-16  SWARM-A  7.240  147.113
2015-03-19T04:12:00Z  458.131  31.115  47.713  6.88652E-16  SWARM-A  7.248  149.036
2015-03-19T04:12:30Z  457.866  29.189  47.706  6.87485E-16  SWARM-A  7.256  150.959
2015-03-19T04:13:00Z  457.627  27.263  47.695  6.86571E-16  SWARM-A  7.264  152.881
2015-03-19T04:13:30Z  457.417  25.335  47.680  6.85919E-16  SWARM-A  7.271  154.804
2015-03-19T04:14:00Z  457.236  23.407  47.662  6.85485E-16  SWARM-A  7.278  156.726
2015-03-19T04:14:30Z  457.088  21.479  47.641  6.85260E-16  SWARM-A  7.285  158.648
2015-03-19T04:15:00Z  456.973  19.550  47.617  6.85248E-16  SWARM-A  7.292  160.571
2015-03-19T04:15:30Z  456.894  17.621  47.590  6.85382E-16  SWARM-A  7.298  162.493
2015-03-19T04:16:00Z  456.850  15.691  47.562  6.85662E-16  SWARM-A  7.305  164.414
2015-03-19T04:16:30Z  456.845  13.761  47.531  6.86104E-16  SWARM-A  7.311  166.336
2015-03-19T04:17:00Z  456.878  11.831  47.499  6.86642E-16  SWARM-A  7.317  168.258
2015-03-19T04:17:30Z  456.950  9.901  47.466  6.87257E-16  SWARM-A  7.323  170.179
2015-03-19T04:18:00Z  457.062  7.970  47.432  6.87938E-16  SWARM-A  7.329  172.100
2015-03-19T04:18:30Z  457.215  6.039  47.397  6.88618E-16  SWARM-A  7.335  174.021
2015-03-19T04:19:00Z  457.410  4.109  47.361  6.89259E-16  SWARM-A  7.341  175.942
2015-03-19T04:19:30Z  457.645  2.178  47.325  6.89859E-16  SWARM-A  7.347  177.863
2015-03-19T04:20:00Z  457.921  0.248  47.288  6.90372E-16  SWARM-A  7.353  179.783
2015-03-19T04:20:30Z  458.239  -1.683  47.252  6.90713E-16  SWARM-A  7.359  181.704
2015-03-19T04:21:00Z  458.597  -3.613  47.215  6.90839E-16  SWARM-A  7.365  183.624
2015-03-19T04:21:30Z  458.994  -5.543  47.179  6.90737E-16  SWARM-A  7.371  185.544
2015-03-19T04:22:00Z  459.431  -7.472  47.144  6.90366E-16  SWARM-A  7.377  187.464
2015-03-19T04:22:30Z  459.906  -9.401  47.109  6.89803E-16  SWARM-A  7.383  189.383
2015-03-19T04:23:00Z  460.418  -11.330  47.076  6.88926E-16  SWARM-A  7.389  191.303
2015-03-19T04:23:30Z  460.966  -13.258  47.043  6.87771E-16  SWARM-A  7.395  193.222
2015-03-19T04:24:00Z  461.548  -15.186  47.012  6.86319E-16  SWARM-A  7.401  195.141
2015-03-19T04:24:30Z  462.162  -17.113  46.983  6.84550E-16  SWARM-A  7.408  197.060
2015-03-19T04:25:00Z  462.807  -19.039  46.956  6.82422E-16  SWARM-A  7.414  198.979
2015-03-19T04:25:30Z  463.480  -20.964  46.931  6.80059E-16  SWARM-A  7.421  200.898
2015-03-19T04:26:00Z  464.180  -22.889  46.908  6.77396E-16  SWARM-A  7.428  202.816
2015-03-19T04:26:30Z  464.904  -24.813  46.889  6.74547E-16  SWARM-A  7.435  204.734
2015-03-19T04:27:00Z  465.650  -26.736  46.873  6.71490E-16  SWARM-A  7.442  206.652
2015-03-19T04:27:30Z  466.416  -28.658  46.860  6.68269E-16  SWARM-A  7.450  208.570
2015-03-19T04:28:00Z  467.199  -30.579  46.852  6.64936E-16  SWARM-A  7.457  210.488
2015-03-19T04:28:30Z  467.996  -32.499  46.849  6.61539E-16  SWARM-A  7.466  212.405
2015-03-19T04:29:00Z  468.804  -34.419  46.850  6.58118E-16  SWARM-A  7.474  214.323
2015-03-19T04:29:30Z  469.621  -36.337  46.858  6.54745E-16  SWARM-A  7.483  216.240
2015-03-19T04:30:00Z  470.444  -38.254  46.872  6.51423E-16  SWARM-A  7.492  218.157
2015-03-19T04:30:30Z  471.270  -40.170  46.894  6.47911E-16  SWARM-A  7.502  220.074
2015-03-19T04:31:00Z  472.096  -42.084  46.924  6.43791E-16  SWARM-A  7.512  221.991
2015-03-19T04:31:30Z  472.918  -43.998  46.964  6.39906E-16  SWARM-A  7.523  223.907
2015-03-19T04:32:00Z  473.735  -45.910  47.014  6.36325E-16  SWARM-A  7.535  225.824
2015-03-19T04:32:30Z  474.543  -47.822  47.078  6.33094E-16  SWARM-A  7.547  227.740
2015-03-19T04:33:00Z  475.340  -49.731  47.155  6.30344E-16  SWARM-A  7.561  229.656
2015-03-19T04:33:30Z  476.121  -51.640  47.249  6.28220E-16  SWARM-A  7.576  231.572
2015-03-19T04:34:00Z  476.885  -53.547  47.362  6.26780E-16  SWARM-A  7.591  233.488
2015-03-19T04:34:30Z  477.629  -55.453  47.498  6.26009E-16  SWARM-A  7.609  235.404
2015-03-19T04:35:00Z  478.350  -57.357  47.660  6.25953E-16  SWARM-A  7.628  237.320
2015-03-19T04:35:30Z  479.045  -59.260  47.853  6.26530E-16  SWARM-A  7.649  239.235
2015-03-19T04:36:00Z  479.712  -61.161  48.084  6.27500E-16  SWARM-A  7.673  241.151
2015-03-19T04:36:30Z  480.348  -63.061  48.361  6.28724E-16  SWARM-A  7.700  243.066
2015-03-19T04:37:00Z  480.951  -64.958  48.693  6.30391E-16  SWARM-A  7.730  244.981
2015-03-19T04:37:30Z  481.518  -66.853  49.095  6.32791E-16  SWARM-A  7.765  246.896
2015-03-19T04:38:00Z  482.049  -68.745  49.585  6.35787E-16  SWARM-A  7.806  248.811
2015-03-19T04:38:30Z  482.539  -70.634  50.189  6.38467E-16  SWARM-A  7.855  250.726
2015-03-19T04:39:00Z  482.989  -72.519  50.944  6.41278E-16  SWARM-A  7.914  252.641
2015-03-19T04:39:30Z  483.395  -74.399  51.904  6.44677E-16  SWARM-A  7.986  254.556
2015-03-19T04:40:00Z  483.757  -76.271  53.152  6.48541E-16  SWARM-A  8.077  256.471
2015-03-19T04:40:30Z  484.074  -78.134  54.822  6.52955E-16  SWARM-A  8.197  258.385
2015-03-19T04:41:00Z  484.343  -79.980  57.145  6.58910E-16  SWARM-A  8.360  260.300
2015-03-19T04:41:30Z  484.564  -81.800  60.551  6.65289E-16  SWARM-A  8.596  262.215
2015-03-19T04:42:00Z  484.736  -83.572  65.919  6.71865E-16  SWARM-A  8.962  264.129
2015-03-19T04:42:30Z  484.859  -85.242  75.266  6.78389E-16  SWARM-A  9.593  266.044
2015-03-19T04:43:00Z  484.932  -86.655  93.545  6.84884E-16  SWARM-A  10.820  267.958
2015-03-19T04:43:30Z  484.955  -87.357  128.029  6.90014E-16  SWARM-A  13.128  269.873
2015-03-19T04:44:00Z  484.927  -86.836  164.812  6.94450E-16  SWARM-A  15.588  271.788
2015-03-19T04:44:30Z  484.849  -85.498  -174.659  6.98171E-16  SWARM-A  16.965  273.702
2015-03-19T04:45:00Z  484.722  -83.854  -164.307  7.01431E-16  SWARM-A  17.664  275.617
2015-03-19T04:45:30Z  484.545  -82.094  -158.476  7.04490E-16  SWARM-A  18.061  277.531
2015-03-19T04:46:00Z  484.319  -80.279  -154.827  7.07404E-16  SWARM-A  18.312  279.446
2015-03-19T04:46:30Z  484.045  -78.436  -152.364  7.10548E-16  SWARM-A  18.485  281.361
2015-03-19T04:47:00Z  483.724  -76.576  -150.606  7.14240E-16  SWARM-A  18.610  283.275
2015-03-19T04:47:30Z  483.358  -74.705  -149.300  7.18447E-16  SWARM-A  18.706  285.190
2015-03-19T04:48:00Z  482.947  -72.827  -148.300  7.23301E-16  SWARM-A  18.781  287.105
2015-03-19T04:48:30Z  482.493  -70.942  -147.516  7.28706E-16  SWARM-A  18.841  289.020
2015-03-19T04:49:00Z  481.999  -69.054  -146.891  7.34530E-16  SWARM-A  18.891  290.935
2015-03-19T04:49:30Z  481.464  -67.162  -146.384  7.40382E-16  SWARM-A  18.933  292.850
2015-03-19T04:50:00Z  480.893  -65.267  -145.969  7.46187E-16  SWARM-A  18.969  294.765
2015-03-19T04:50:30Z  480.286  -63.370  -145.626  7.51356E-16  SWARM-A  19.001  296.681
2015-03-19T04:51:00Z  479.646  -61.471  -145.341  7.55316E-16  SWARM-A  19.028  298.596
2015-03-19T04:51:30Z  478.975  -59.570  -145.104  7.58466E-16  SWARM-A  19.052  300.511
2015-03-19T04:52:00Z  478.276  -57.668  -144.904  7.61968E-16  SWARM-A  19.074  302.427
2015-03-19T04:52:30Z  477.551  -55.764  -144.738  7.66166E-16  SWARM-A  19.093  304.343
2015-03-19T04:53:00Z  476.802  -53.858  -144.598  7.71692E-16  SWARM-A  19.111  306.259
2015-03-19T04:53:30Z  476.034  -51.951  -144.481  7.78607E-16  SWARM-A  19.127  308.175
2015-03-19T04:54:00Z  475.247  -50.042  -144.384  7.86639E-16  SWARM-A  19.142  310.091
2015-03-19T04:54:30Z  474.446  -48.132  -144.304  7.95319E-16  SWARM-A  19.155  312.007
2015-03-19T04:55:00Z  473.634  -46.221  -144.239  8.04409E-16  SWARM-A  19.168  313.923
2015-03-19T04:55:30Z  472.812  -44.309  -144.186  8.13639E-16  SWARM-A  19.180  315.840
2015-03-19T04:56:00Z  471.984  -42.396  -144.145  8.22950E-16  SWARM-A  19.191  317.756
2015-03-19T04:56:30Z  471.153  -40.481  -144.113  8.32309E-16  SWARM-A  19.202  319.673
2015-03-19T04:57:00Z  470.322  -38.565  -144.090  8.41806E-16  SWARM-A  19.211  321.590
2015-03-19T04:57:30Z  469.494  -36.648  -144.075  8.51463E-16  SWARM-A  19.221  323.508
2015-03-19T04:58:00Z  468.672  -34.730  -144.066  8.61375E-16  SWARM-A  19.230  325.425
2015-03-19T04:58:30Z  467.858  -32.811  -144.063  8.71443E-16  SWARM-A  19.238  327.342
2015-03-19T04:59:00Z  467.056  -30.891  -144.066  8.81855E-16  SWARM-A  19.246  329.260
2015-03-19T04:59:30Z  466.268  -28.969  -144.074  8.92512E-16  SWARM-A  19.254  331.178
2015-03-19T05:00:00Z  465.497  -27.047  -144.086  9.03394E-16  SWARM-A  19.262  333.096
2015-03-19T05:00:30Z  464.745  -25.124  -144.101  9.14496E-16  SWARM-A  19.269  335.014
2015-03-19T05:01:00Z  464.015  -23.200  -144.120  9.25752E-16  SWARM-A  19.276  336.933
2015-03-19T05:01:30Z  463.310  -21.276  -144.142  9.37122E-16  SWARM-A  19.283  338.851
2015-03-19T05:02:00Z  462.631  -19.350  -144.167  9.48510E-16  SWARM-A  19.290  340.770
2015-03-19T05:02:30Z  461.980  -17.424  -144.193  9.59854E-16  SWARM-A  19.296  342.689
2015-03-19T05:03:00Z  461.361  -15.497  -144.222  9.71066E-16  SWARM-A  19.303  344.608
2015-03-19T05:03:30Z  460.774  -13.569  -144.253  9.82079E-16  SWARM-A  19.309  346.527
2015-03-19T05:04:00Z  460.221  -11.641  -144.285  9.92777E-16  SWARM-A  19.315  348.447
2015-03-19T05:04:30Z  459.703  -9.712  -144.319  1.00313E-15  SWARM-A  19.321  350.366
2015-03-19T05:05:00Z  459.223  -7.783  -144.353  1.01306E-15  SWARM-A  19.327  352.286
2015-03-19T05:05:30Z  458.781  -5.854  -144.388  1.02254E-15  SWARM-A  19.333  354.206
2015-03-19T05:06:00Z  458.378  -3.924  -144.424  1.03150E-15  SWARM-A  19.339  356.126
2015-03-19T05:06:30Z  458.015  -1.993  -144.461  1.03989E-15  SWARM-A  19.345  358.046
2015-03-19T05:07:00Z  457.692  -0.063  -144.497  1.04778E-15  SWARM-A  19.351  359.967
2015-03-19T05:07:30Z  457.410  1.868  -144.534  1.05515E-15  SWARM-A  19.357  1.888
2015-03-19T05:08:00Z  457.170  3.799  -144.570  1.06209E-15  SWARM-A  19.363  3.808
2015-03-19T05:08:30Z  456.971  5.729  -144.606  1.06840E-15  SWARM-A  19.369  5.729
2015-03-19T05:09:00Z  456.814  7.660  -144.641  1.07432E-15  SWARM-A  19.375  7.651
2015-03-19T05:09:30Z  456.697  9.591  -144.676  1.07991E-15  SWARM-A  19.381  9.572
2015-03-19T05:10:00Z  456.621  11.522  -144.709  1.08508E-15  SWARM-A  19.387  11.493
2015-03-19T05:10:30Z  456.585  13.452  -144.741  1.08989E-15  SWARM-A  19.393  13.415
2015-03-19T05:11:00Z  456.588  15.382  -144.772  1.09429E-15  SWARM-A  19.399  15.337
2015-03-19T05:11:30Z  456.628  17.312  -144.801  1.09835E-15  SWARM-A  19.406  17.259
2015-03-19T05:12:00Z  456.706  19.242  -144.828  1.10209E-15  SWARM-A  19.412  19.181
2015-03-19T05:12:30Z  456.819  21.171  -144.852  1.10553E-15  SWARM-A  19.419  21.103
2015-03-19T05:13:00Z  456.967  23.099  -144.874  1.10868E-15  SWARM-A  19.426  23.025
2015-03-19T05:13:30Z  457.147  25.027  -144.893  1.11155E-15  SWARM-A  19.433  24.948
2015-03-19T05:14:00Z  457.357  26.955  -144.908  1.11400E-15  SWARM-A  19.440  26.870
2015-03-19T05:14:30Z  457.597  28.882  -144.920  1.11589E-15  SWARM-A  19.448  28.793
2015-03-19T05:15:00Z  457.863  30.808  -144.928  1.11738E-15  SWARM-A  19.456  30.716
2015-03-19T05:15:30Z  458.154  32.733  -144.930  1.11859E-15  SWARM-A  19.464  32.639
2015-03-19T05:16:00Z  458.468  34.658  -144.928  1.11946E-15  SWARM-A  19.472  34.562
2015-03-19T05:16:30Z  458.802  36.582  -144.919  1.11988E-15  SWARM-A  19.481  36.485
2015-03-19T05:17:00Z  459.154  38.505  -144.903  1.11842E-15  SWARM-A  19.491  38.409
2015-03-19T05:17:30Z  459.522  40.428  -144.880  1.11650E-15  SWARM-A  19.500  40.332
2015-03-19T05:18:00Z  459.903  42.349  -144.848  1.11404E-15  SWARM-A  19.511  42.255
2015-03-19T05:18:30Z  460.295  44.269  -144.806  1.11111E-15  SWARM-A  19.522  44.179
2015-03-19T05:19:00Z  460.695  46.189  -144.753  1.10782E-15  SWARM-A  19.534  46.103
2015-03-19T05:19:30Z  461.101  48.107  -144.687  1.10438E-15  SWARM-A  19.547  48.027
2015-03-19T05:20:00Z  461.510  50.025  -144.607  1.10113E-15  SWARM-A  19.560  49.950
2015-03-19T05:20:30Z  461.920  51.941  -144.509  1.09855E-15  SWARM-A  19.575  51.874
2015-03-19T05:21:00Z  462.327  53.856  -144.391  1.09638E-15  SWARM-A  19.591  53.798
2015-03-19T05:21:30Z  462.731  55.770  -144.251  1.09501E-15  SWARM-A  19.609  55.722
2015-03-19T05:22:00Z  463.128  57.683  -144.082  1.09408E-15  SWARM-A  19.629  57.647
2015-03-19T05:22:30Z  463.516  59.594  -143.882  1.09262E-15  SWARM-A  19.650  59.571
2015-03-19T05:23:00Z  463.892  61.503  -143.642  1.08611E-15  SWARM-A  19.675  61.495
2015-03-19T05:23:30Z  464.255  63.411  -143.354  1.07700E-15  SWARM-A  19.702  63.419
2015-03-19T05:24:00Z  464.603  65.317  -143.008  1.06550E-15  SWARM-A  19.734  65.344
2015-03-19T05:24:30Z  464.933  67.221  -142.588  1.05291E-15  SWARM-A  19.770  67.268
2015-03-19T05:25:00Z  465.244  69.122  -142.075  1.04101E-15  SWARM-A  19.812  69.192
2015-03-19T05:25:30Z  465.534  71.020  -141.440  1.02858E-15  SWARM-A  19.863  71.117
2015-03-19T05:26:00Z  465.801  72.913  -140.644  1.01624E-15  SWARM-A  19.925  73.041
2015-03-19T05:26:30Z  466.044  74.801  -139.626  1.00198E-15  SWARM-A  20.001  74.966
2015-03-19T05:27:00Z  466.262  76.681  -138.293  9.88034E-16  SWARM-A  20.098  76.891
2015-03-19T05:27:30Z  466.453  78.550  -136.493  9.75263E-16  SWARM-A  20.226  78.815
2015-03-19T05:28:00Z  466.616  80.401  -133.959  9.63332E-16  SWARM-A  20.404  80.740
2015-03-19T05:28:30Z  466.751  82.222  -130.181  9.51595E-16  SWARM-A  20.664  82.664
2015-03-19T05:29:00Z  466.856  83.986  -124.087  9.40575E-16  SWARM-A  21.078  84.589
2015-03-19T05:29:30Z  466.932  85.624  -113.137  9.29986E-16  SWARM-A  21.817  86.514
2015-03-19T05:30:00Z  466.977  86.925  -91.224  9.19733E-16  SWARM-A  23.286  88.438
2015-03-19T05:30:30Z  466.991  87.342  -53.222  9.09027E-16  SWARM-A  1.828  90.363
2015-03-19T05:31:00Z  466.975  86.538  -20.094  8.97333E-16  SWARM-A  4.045  92.288
2015-03-19T05:31:30Z  466.929  85.078  -2.978  8.85302E-16  SWARM-A  5.194  94.212
2015-03-19T05:32:00Z  466.852  83.384  5.835  8.71620E-16  SWARM-A  5.790  96.137
2015-03-19T05:32:30Z  466.745  81.595  10.942  8.58072E-16  SWARM-A  6.139  98.062
2015-03-19T05:33:00Z  466.609  79.762  14.207  8.44905E-16  SWARM-A  6.365  99.986
2015-03-19T05:33:30Z  466.445  77.904  16.445  8.34524E-16  SWARM-A  6.522  101.911
2015-03-19T05:34:00Z  466.253  76.030  18.060  8.26511E-16  SWARM-A  6.638  103.835
2015-03-19T05:34:30Z  466.035  74.147  19.270  8.19022E-16  SWARM-A  6.727  105.760
2015-03-19T05:35:00Z  465.792  72.257  20.203  8.12060E-16  SWARM-A  6.798  107.684
2015-03-19T05:35:30Z  465.524  70.362  20.938  8.05433E-16  SWARM-A  6.855  109.609
2015-03-19T05:36:00Z  465.235  68.463  21.526  7.98850E-16  SWARM-A  6.903  111.533
2015-03-19T05:36:30Z  464.925  66.561  22.005  7.92061E-16  SWARM-A  6.943  113.458
2015-03-19T05:37:00Z  464.596  64.657  22.397  7.85105E-16  SWARM-A  6.977  115.382
2015-03-19T05:37:30Z  464.251  62.750  22.721  7.78143E-16  SWARM-A  7.007  117.306
2015-03-19T05:38:00Z  463.890  60.842  22.991  7.71317E-16  SWARM-A  7.034  119.231
2015-03-19T05:38:30Z  463.517  58.932  23.217  7.64883E-16  SWARM-A  7.057  121.155
2015-03-19T05:39:00Z  463.133  57.020  23.406  7.58926E-16  SWARM-A  7.078  123.079
2015-03-19T05:39:30Z  462.741  55.107  23.564  7.53541E-16  SWARM-A  7.097  125.003
2015-03-19T05:40:00Z  462.343  53.193  23.696  7.48623E-16  SWARM-A  7.114  126.927
2015-03-19T05:40:30Z  461.942  51.278  23.806  7.44002E-16  SWARM-A  7.130  128.851
2015-03-19T05:41:00Z  461.539  49.361  23.898  7.39169E-16  SWARM-A  7.144  130.775
2015-03-19T05:41:30Z  461.138  47.443  23.973  7.34537E-16  SWARM-A  7.157  132.698
2015-03-19T05:42:00Z  460.740  45.525  24.034  7.30025E-16  SWARM-A  7.170  134.622
2015-03-19T05:42:30Z  460.349  43.605  24.083  7.25617E-16  SWARM-A  7.181  136.546
2015-03-19T05:43:00Z  459.966  41.684  24.121  7.21391E-16  SWARM-A  7.192  138.469
2015-03-19T05:43:30Z  459.595  39.763  24.150  7.17386E-16  SWARM-A  7.203  140.392
2015-03-19T05:44:00Z  459.237  37.840  24.171  7.13585E-16  SWARM-A  7.212  142.316
2015-03-19T05:44:30Z  458.895  35.917  24.184  7.09982E-16  SWARM-A  7.221  144.239
2015-03-19T05:45:00Z  458.572  33.993  24.190  7.06612E-16  SWARM-A  7.230  146.162
2015-03-19T05:45:30Z  458.270  32.068  24.191  7.03539E-16  SWARM-A  7.239  148.085
2015-03-19T05:46:00Z  457.991  30.142  24.187  7.00769E-16  SWARM-A  7.247  150.008
2015-03-19T05:46:30Z  457.737  28.216  24.178  6.98250E-16  SWARM-A  7.254  151.930
2015-03-19T05:47:00Z  457.510  26.289  24.164  6.95956E-16  SWARM-A  7.262  153.853
2015-03-19T05:47:30Z  457.313  24.361  24.148  6.93937E-16  SWARM-A  7.269  155.775
2015-03-19T05:48:00Z  457.146  22.433  24.128  6.92140E-16  SWARM-A  7.276  157.698
2015-03-19T05:48:30Z  457.013  20.504  24.105  6.90633E-16  SWARM-A  7.283  159.620
2015-03-19T05:49:00Z  456.913  18.575  24.079  6.89367E-16  SWARM-A  7.290  161.542
2015-03-19T05:49:30Z  456.850  16.646  24.052  6.88117E-16  SWARM-A  7.296  163.464
2015-03-19T05:50:00Z  456.823  14.716  24.022  6.86850E-16  SWARM-A  7.302  165.386
2015-03-19T05:50:30Z  456.835  12.786  23.991  6.85765E-16  SWARM-A  7.309  167.307
2015-03-19T05:51:00Z  456.885  10.855  23.958  6.84861E-16  SWARM-A  7.315  169.229
2015-03-19T05:51:30Z  456.975  8.925  23.924  6.84088E-16  SWARM-A  7.321  171.150
2015-03-19T05:52:00Z  457.106  6.994  23.890  6.83451E-16  SWARM-A  7.327  173.071
2015-03-19T05:52:30Z  457.278  5.064  23.854  6.82922E-16  SWARM-A  7.333  174.992
2015-03-19T05:53:00Z  457.490  3.133  23.818  6.82482E-16  SWARM-A  7.339  176.913
2015-03-19T05:53:30Z  457.744  1.202  23.782  6.82109E-16  SWARM-A  7.345  178.833
2015-03-19T05:54:00Z  458.039  -0.728  23.745  6.81797E-16  SWARM-A  7.351  180.754
2015-03-19T05:54:30Z  458.375  -2.658  23.709  6.81018E-16  SWARM-A  7.356  182.674
2015-03-19T05:55:00Z  458.751  -4.589  23.672  6.80274E-16  SWARM-A  7.362  184.594
2015-03-19T05:55:30Z  459.167  -6.518  23.637  6.79561E-16  SWARM-A  7.368  186.514
2015-03-19T05:56:00Z  459.621  -8.448  23.601  6.78863E-16  SWARM-A  7.374  188.434
2015-03-19T05:56:30Z  460.113  -10.376  23.567  6.78180E-16  SWARM-A  7.380  190.354
2015-03-19T05:57:00Z  460.641  -12.305  23.534  6.77445E-16  SWARM-A  7.387  192.273
2015-03-19T05:57:30Z  461.204  -14.233  23.502  6.76652E-16  SWARM-A  7.393  194.192
2015-03-19T05:58:00Z  461.800  -16.160  23.472  6.75781E-16  SWARM-A  7.399  196.111
2015-03-19T05:58:30Z  462.428  -18.087  23.444  6.74857E-16  SWARM-A  7.406  198.030
2015-03-19T05:59:00Z  463.085  -20.012  23.418  6.73742E-16  SWARM-A  7.412  199.949
2015-03-19T05:59:30Z  463.770  -21.938  23.394  6.72467E-16  SWARM-A  7.419  201.868
2015-03-19T06:00:00Z  464.480  -23.862  23.373  6.72038E-16  SWARM-A  7.426  203.786
2015-03-19T06:00:30Z  465.214  -25.785  23.355  6.70441E-16  SWARM-A  7.433  205.704
2015-03-19T06:01:00Z  465.968  -27.708  23.341  6.68673E-16  SWARM-A  7.440  207.622
2015-03-19T06:01:30Z  466.741  -29.630  23.330  6.66694E-16  SWARM-A  7.448  209.540
2015-03-19T06:02:00Z  467.529  -31.550  23.324  6.64537E-16  SWARM-A  7.456  211.458
2015-03-19T06:02:30Z  468.330  -33.470  23.323  6.62200E-16  SWARM-A  7.464  213.375
2015-03-19T06:03:00Z  469.141  -35.389  23.328  6.59719E-16  SWARM-A  7.473  215.293
2015-03-19T06:03:30Z  469.960  -37.307  23.338  6.57112E-16  SWARM-A  7.482  217.210
2015-03-19T06:04:00Z  470.783  -39.223  23.356  6.54434E-16  SWARM-A  7.491  219.127
2015-03-19T06:04:30Z  471.608  -41.138  23.382  6.51978E-16  SWARM-A  7.501  221.044
2015-03-19T06:05:00Z  472.431  -43.053  23.417  6.49526E-16  SWARM-A  7.512  222.960
2015-03-19T06:05:30Z  473.250  -44.966  23.462  6.47170E-16  SWARM-A  7.523  224.877
2015-03-19T06:06:00Z  474.062  -46.877  23.519  6.44943E-16  SWARM-A  7.536  226.793
2015-03-19T06:06:30Z  474.863  -48.788  23.589  6.42803E-16  SWARM-A  7.549  228.710
2015-03-19T06:07:00Z  475.652  -50.697  23.674  6.40897E-16  SWARM-A  7.563  230.626
2015-03-19T06:07:30Z  476.424  -52.605  23.777  6.39303E-16  SWARM-A  7.578  232.542
2015-03-19T06:08:00Z  477.178  -54.512  23.901  6.37996E-16  SWARM-A  7.594  234.458
2015-03-19T06:08:30Z  477.910  -56.417  24.050  6.37116E-16  SWARM-A  7.613  236.373
2015-03-19T06:09:00Z  478.617  -58.321  24.227  6.36683E-16  SWARM-A  7.633  238.289
2015-03-19T06:09:30Z  479.298  -60.223  24.438  6.36700E-16  SWARM-A  7.655  240.204
2015-03-19T06:10:00Z  479.949  -62.123  24.691  6.37221E-16  SWARM-A  7.680  242.120
2015-03-19T06:10:30Z  480.569  -64.021  24.994  6.38170E-16  SWARM-A  7.709  244.035
2015-03-19T06:11:00Z  481.155  -65.918  25.359  6.39552E-16  SWARM-A  7.742  245.950
2015-03-19T06:11:30Z  481.704  -67.811  25.803  6.41273E-16  SWARM-A  7.779  247.866
2015-03-19T06:12:00Z  482.215  -69.702  26.347  6.43066E-16  SWARM-A  7.824  249.781
2015-03-19T06:12:30Z  482.685  -71.589  27.021  6.45174E-16  SWARM-A  7.877  251.696
2015-03-19T06:13:00Z  483.114  -73.472  27.871  6.47605E-16  SWARM-A  7.942  253.610
2015-03-19T06:13:30Z  483.499  -75.348  28.963  6.50354E-16  SWARM-A  8.023  255.525
2015-03-19T06:14:00Z  483.839  -77.216  30.402  6.53433E-16  SWARM-A  8.128  257.440
2015-03-19T06:14:30Z  484.132  -79.071  32.364  6.56821E-16  SWARM-A  8.267  259.355
2015-03-19T06:15:00Z  484.378  -80.906  35.162  6.60665E-16  SWARM-A  8.462  261.269
2015-03-19T06:15:30Z  484.576  -82.706  39.403  6.64770E-16  SWARM-A  8.753  263.184
2015-03-19T06:16:00Z  484.724  -84.437  46.407  6.69326E-16  SWARM-A  9.228  265.099
2015-03-19T06:16:30Z  484.823  -86.009  59.366  6.74145E-16  SWARM-A  10.100  267.013
2015-03-19T06:17:00Z  484.872  -87.145  85.385  6.79470E-16  SWARM-A  11.843  268.928
2015-03-19T06:17:30Z  484.870  -87.242  124.862  6.84866E-16  SWARM-A  14.483  270.843
2015-03-19T06:18:00Z  484.818  -86.219  153.516  6.89676E-16  SWARM-A  16.402  272.757
2015-03-19T06:18:30Z  484.717  -84.687  167.879  6.93992E-16  SWARM-A  17.368  274.672
2015-03-19T06:19:00Z  484.565  -82.972  175.503  6.98047E-16  SWARM-A  17.885  276.586
2015-03-19T06:19:30Z  484.365  -81.180  -179.951  7.01826E-16  SWARM-A  18.196  278.501
2015-03-19T06:20:00Z  484.116  -79.349  -176.986  7.05441E-16  SWARM-A  18.402  280.416
2015-03-19T06:20:30Z  483.820  -77.496  -174.923  7.08958E-16  SWARM-A  18.548  282.331
2015-03-19T06:21:00Z  483.478  -75.630  -173.419  7.12729E-16  SWARM-A  18.656  284.245
2015-03-19T06:21:30Z  483.090  -73.755  -172.282  7.16808E-16  SWARM-A  18.740  286.160
2015-03-19T06:22:00Z  482.660  -71.873  -171.401  7.21469E-16  SWARM-A  18.808  288.075
2015-03-19T06:22:30Z  482.187  -69.986  -170.703  7.26809E-16  SWARM-A  18.862  289.990
2015-03-19T06:23:00Z  481.674  -68.096  -170.142  7.32935E-16  SWARM-A  18.908  291.905
2015-03-19T06:23:30Z  481.122  -66.203  -169.685  7.39814E-16  SWARM-A  18.947  293.820
2015-03-19T06:24:00Z  480.534  -64.307  -169.309  7.47180E-16  SWARM-A  18.980  295.736
2015-03-19T06:24:30Z  479.913  -62.409  -168.998  7.54877E-16  SWARM-A  19.009  297.651
2015-03-19T06:25:00Z  479.259  -60.508  -168.738  7.62361E-16  SWARM-A  19.035  299.566
2015-03-19T06:25:30Z  478.575  -58.607  -168.521  7.69410E-16  SWARM-A  19.058  301.482
2015-03-19T06:26:00Z  477.865  -56.703  -168.339  7.75615E-16  SWARM-A  19.078  303.398
2015-03-19T06:26:30Z  477.131  -54.798  -168.187  7.81332E-16  SWARM-A  19.097  305.313
2015-03-19T06:27:00Z  476.374  -52.892  -168.059  7.87049E-16  SWARM-A  19.114  307.229
2015-03-19T06:27:30Z  475.599  -50.984  -167.953  7.93535E-16  SWARM-A  19.129  309.145
2015-03-19T06:28:00Z  474.807  -49.075  -167.865  8.01082E-16  SWARM-A  19.143  311.062
2015-03-19T06:28:30Z  474.003  -47.164  -167.793  8.09908E-16  SWARM-A  19.156  312.978
2015-03-19T06:29:00Z  473.188  -45.252  -167.734  8.19572E-16  SWARM-A  19.169  314.894
2015-03-19T06:29:30Z  472.365  -43.339  -167.687  8.29681E-16  SWARM-A  19.180  316.811
2015-03-19T06:30:00Z  471.538  -41.425  -167.651  8.39912E-16  SWARM-A  19.191  318.728
2015-03-19T06:30:30Z  470.710  -39.510  -167.624  8.49998E-16  SWARM-A  19.201  320.645
2015-03-19T06:31:00Z  469.882  -37.594  -167.605  8.59975E-16  SWARM-A  19.211  322.562
2015-03-19T06:31:30Z  469.059  -35.676  -167.593  8.69846E-16  SWARM-A  19.220  324.479
2015-03-19T06:32:00Z  468.244  -33.757  -167.588  8.79655E-16  SWARM-A  19.228  326.397
2015-03-19T06:32:30Z  467.438  -31.838  -167.588  8.89456E-16  SWARM-A  19.237  328.314
2015-03-19T06:33:00Z  466.645  -29.917  -167.594  8.99250E-16  SWARM-A  19.245  330.232
2015-03-19T06:33:30Z  465.868  -27.995  -167.603  9.09071E-16  SWARM-A  19.252  332.150
2015-03-19T06:34:00Z  465.108  -26.073  -167.617  9.18867E-16  SWARM-A  19.260  334.068
2015-03-19T06:34:30Z  464.370  -24.149  -167.635  9.28567E-16  SWARM-A  19.267  335.986
2015-03-19T06:35:00Z  463.654  -22.225  -167.655  9.37851E-16  SWARM-A  19.274  337.905
2015-03-19T06:35:30Z  462.964  -20.300  -167.679  9.46947E-16  SWARM-A  19.281  339.824
2015-03-19T06:36:00Z  462.302  -18.374  -167.704  9.55743E-16  SWARM-A  19.287  341.742
2015-03-19T06:36:30Z  461.669  -16.447  -167.732  9.64213E-16  SWARM-A  19.294  343.661
2015-03-19T06:37:00Z  461.067  -14.520  -167.762  9.72285E-16  SWARM-A  19.300  345.581
2015-03-19T06:37:30Z  460.499  -12.592  -167.794  9.79914E-16  SWARM-A  19.306  347.500
2015-03-19T06:38:00Z  459.966  -10.664  -167.827  9.87014E-16  SWARM-A  19.313  349.419
2015-03-19T06:38:30Z  459.469  -8.735  -167.861  9.93603E-16  SWARM-A  19.319  351.339
2015-03-19T06:39:00Z  459.009  -6.805  -167.896  9.99518E-16  SWARM-A  19.325  353.259
2015-03-19T06:39:30Z  458.589  -4.875  -167.931  1.00487E-15  SWARM-A  19.331  355.179
2015-03-19T06:40:00Z  458.207  -2.945  -167.968  1.00968E-15  SWARM-A  19.337  357.099
2015-03-19T06:40:30Z  457.867  -1.015  -168.004  1.01392E-15  SWARM-A  19.342  359.020
2015-03-19T06:41:00Z  457.566  0.916  -168.041  1.01766E-15  SWARM-A  19.348  0.940
2015-03-19T06:41:30Z  457.308  2.846  -168.077  1.02095E-15  SWARM-A  19.354  2.861
2015-03-19T06:42:00Z  457.090  4.777  -168.113  1.02380E-15  SWARM-A  19.360  4.782
2015-03-19T06:42:30Z  456.914  6.708  -168.149  1.02627E-15  SWARM-A  19.366  6.703
2015-03-19T06:43:00Z  456.779  8.639  -168.184  1.02842E-15  SWARM-A  19.372  8.624
2015-03-19T06:43:30Z  456.684  10.569  -168.218  1.03023E-15  SWARM-A  19.378  10.546
2015-03-19T06:44:00Z  456.630  12.500  -168.251  1.03189E-15  SWARM-A  19.384  12.467
2015-03-19T06:44:30Z  456.615  14.430  -168.282  1.03304E-15  SWARM-A  19.391  14.389
2015-03-19T06:45:00Z  456.639  16.360  -168.312  1.03410E-15  SWARM-A  19.397  16.311
2015-03-19T06:45:30Z  456.700  18.290  -168.340  1.03505E-15  SWARM-A  19.403  18.233
2015-03-19T06:46:00Z  456.797  20.219  -168.366  1.03571E-15  SWARM-A  19.410  20.155
2015-03-19T06:46:30Z  456.929  22.148  -168.389  1.03621E-15  SWARM-A  19.417  22.077
2015-03-19T06:47:00Z  457.094  24.076  -168.410  1.03649E-15  SWARM-A  19.424  23.999
2015-03-19T06:47:30Z  457.290  26.004  -168.427  1.03656E-15  SWARM-A  19.431  25.922
2015-03-19T06:48:00Z  457.516  27.931  -168.441  1.03638E-15  SWARM-A  19.438  27.845
2015-03-19T06:48:30Z  457.770  29.858  -168.450  1.03590E-15  SWARM-A  19.446  29.767
2015-03-19T06:49:00Z  458.050  31.784  -168.456  1.03508E-15  SWARM-A  19.454  31.690
2015-03-19T06:49:30Z  458.353  33.709  -168.456  1.03388E-15  SWARM-A  19.462  33.613
2015-03-19T06:50:00Z  458.678  35.633  -168.450  1.03228E-15  SWARM-A  19.471  35.536
2015-03-19T06:50:30Z  459.022  37.557  -168.438  1.03030E-15  SWARM-A  19.480  37.460
2015-03-19T06:51:00Z  459.382  39.479  -168.419  1.02788E-15  SWARM-A  19.490  39.383
2015-03-19T06:51:30Z  459.757  41.401  -168.391  1.02501E-15  SWARM-A  19.500  41.306
2015-03-19T06:52:00Z  460.144  43.322  -168.355  1.02174E-15  SWARM-A  19.511  43.230
2015-03-19T06:52:30Z  460.540  45.242  -168.307  1.01800E-15  SWARM-A  19.522  45.154
2015-03-19T06:53:00Z  460.944  47.161  -168.248  1.01403E-15  SWARM-A  19.535  47.077
2015-03-19T06:53:30Z  461.351  49.079  -168.175  1.00979E-15  SWARM-A  19.548  49.001
2015-03-19T06:54:00Z  461.760  50.996  -168.086  1.00522E-15  SWARM-A  19.562  50.925
2015-03-19T06:54:30Z  462.169  52.911  -167.979  1.00040E-15  SWARM-A  19.578  52.849
2015-03-19T06:55:00Z  462.574  54.826  -167.850  9.95629E-16  SWARM-A  19.594  54.773
2015-03-19T06:55:30Z  462.974  56.739  -167.696  9.91194E-16  SWARM-A  19.613  56.697
2015-03-19T06:56:00Z  463.366  58.651  -167.512  9.87407E-16  SWARM-A  19.634  58.621
2015-03-19T06:56:30Z  463.747  60.561  -167.293  9.84267E-16  SWARM-A  19.657  60.545
2015-03-19T06:57:00Z  464.116  62.470  -167.030  9.81267E-16  SWARM-A  19.682  62.470
2015-03-19T06:57:30Z  464.471  64.377  -166.715  9.77471E-16  SWARM-A  19.712  64.394
2015-03-19T06:58:00Z  464.809  66.282  -166.333  9.72229E-16  SWARM-A  19.746  66.318
2015-03-19T06:58:30Z  465.129  68.184  -165.869  9.65086E-16  SWARM-A  19.785  68.243
2015-03-19T06:59:00Z  465.429  70.084  -165.299  9.56046E-16  SWARM-A  19.831  70.167
2015-03-19T06:59:30Z  465.706  71.979  -164.589  9.45522E-16  SWARM-A  19.887  72.092
2015-03-19T07:00:00Z  465.961  73.870  -163.690  9.34028E-16  SWARM-A  19.955  74.016
2015-03-19T07:00:30Z  466.190  75.754  -162.528  9.22290E-16  SWARM-A  20.041  75.941
2015-03-19T07:01:00Z  466.393  77.629  -160.984  9.10645E-16  SWARM-A  20.152  77.865
2015-03-19T07:01:30Z  466.569  79.490  -158.857  8.99633E-16  SWARM-A  20.302  79.790
2015-03-19T07:02:00Z  466.717  81.329  -155.781  8.89350E-16  SWARM-A  20.516  81.714
2015-03-19T07:02:30Z  466.835  83.126  -151.026  8.79529E-16  SWARM-A  20.841  83.639
2015-03-19T07:03:00Z  466.924  84.839  -142.953  8.70201E-16  SWARM-A  21.388  85.564
2015-03-19T07:03:30Z  466.983  86.350  -127.527  8.61326E-16  SWARM-A  22.424  87.488
2015-03-19T07:04:00Z  467.011  87.294  -96.942  8.52773E-16  SWARM-A  0.472  89.413
2015-03-19T07:04:30Z  467.009  87.061  -57.717  8.43562E-16  SWARM-A  3.095  91.338
2015-03-19T07:05:00Z  466.976  85.845  -33.436  8.33787E-16  SWARM-A  4.722  93.262
2015-03-19T07:05:30Z  466.912  84.238  -21.378  8.23948E-16  SWARM-A  5.534  95.187
2015-03-19T07:06:00Z  466.819  82.486  -14.787  8.14112E-16  SWARM-A  5.982  97.111
2015-03-19T07:06:30Z  466.696  80.671  -10.759  8.04349E-16  SWARM-A  6.259  99.036
2015-03-19T07:07:00Z  466.544  78.824  -8.083  7.94750E-16  SWARM-A  6.446  100.961
2015-03-19T07:07:30Z  466.363  76.957  -6.196  7.85585E-16  SWARM-A  6.580  102.885
2015-03-19T07:08:00Z  466.156  75.078  -4.807  7.76815E-16  SWARM-A  6.681  104.810
2015-03-19T07:08:30Z  465.923  73.191  -3.750  7.68813E-16  SWARM-A  6.759  106.734
2015-03-19T07:09:00Z  465.665  71.299  -2.926  7.61404E-16  SWARM-A  6.823  108.659
2015-03-19T07:09:30Z  465.385  69.401  -2.271  7.54680E-16  SWARM-A  6.875  110.583
2015-03-19T07:10:00Z  465.082  67.501  -1.742  7.48283E-16  SWARM-A  6.918  112.508
2015-03-19T07:10:30Z  464.760  65.598  -1.310  7.42048E-16  SWARM-A  6.955  114.432
2015-03-19T07:11:00Z  464.420  63.692  -0.954  7.35853E-16  SWARM-A  6.988  116.356
2015-03-19T07:11:30Z  464.065  61.785  -0.659  7.29686E-16  SWARM-A  7.016  118.281
2015-03-19T07:12:00Z  463.695  59.875  -0.413  7.23671E-16  SWARM-A  7.040  120.205
2015-03-19T07:12:30Z  463.313  57.964  -0.207  7.17886E-16  SWARM-A  7.062  122.129
2015-03-19T07:13:00Z  462.922  56.052  -0.035  7.12526E-16  SWARM-A  7.082  124.053
2015-03-19T07:13:30Z  462.524  54.138  0.110  7.07589E-16  SWARM-A  7.100  125.977
2015-03-19T07:14:00Z  462.121  52.223  0.230  7.03042E-16  SWARM-A  7.117  127.901
2015-03-19T07:14:30Z  461.715  50.307  0.331  6.98793E-16  SWARM-A  7.132  129.825
2015-03-19T07:15:00Z  461.310  48.390  0.414  6.94775E-16  SWARM-A  7.145  131.749
2015-03-19T07:15:30Z  460.907  46.472  0.482  6.90938E-16  SWARM-A  7.158  133.672
2015-03-19T07:16:00Z  460.510  44.553  0.536  6.87321E-16  SWARM-A  7.170  135.596
2015-03-19T07:16:30Z  460.119  42.632  0.580  6.83711E-16  SWARM-A  7.181  137.519
2015-03-19T07:17:00Z  459.739  40.711  0.613  6.80320E-16  SWARM-A  7.192  139.443
2015-03-19T07:17:30Z  459.372  38.789  0.637  6.77142E-16  SWARM-A  7.202  141.366
2015-03-19T07:18:00Z  459.019  36.866  0.654  6.74222E-16  SWARM-A  7.211  143.290
2015-03-19T07:18:30Z  458.684  34.942  0.663  6.71594E-16  SWARM-A  7.220  145.213
2015-03-19T07:19:00Z  458.368  33.018  0.667  6.69257E-16  SWARM-A  7.229  147.136
2015-03-19T07:19:30Z  458.074  31.093  0.665  6.67248E-16  SWARM-A  7.237  149.059
2015-03-19T07:20:00Z  457.805  29.166  0.658  6.65552E-16  SWARM-A  7.245  150.981
2015-03-19T07:20:30Z  457.562  27.240  0.647  6.64162E-16  SWARM-A  7.253  152.904
2015-03-19T07:21:00Z  457.347  25.312  0.632  6.63106E-16  SWARM-A  7.260  154.827
2015-03-19T07:21:30Z  457.162  23.385  0.613  6.62366E-16  SWARM-A  7.267  156.749
2015-03-19T07:22:00Z  457.010  21.456  0.592  6.61908E-16  SWARM-A  7.274  158.671
2015-03-19T07:22:30Z  456.891  19.527  0.567  6.61721E-16  SWARM-A  7.281  160.593
2015-03-19T07:23:00Z  456.807  17.598  0.541  6.61751E-16  SWARM-A  7.287  162.515
2015-03-19T07:23:30Z  456.759  15.668  0.512  6.61994E-16  SWARM-A  7.294  164.437
2015-03-19T07:24:00Z  456.750  13.738  0.482  6.62393E-16  SWARM-A  7.300  166.359
2015-03-19T07:24:30Z  456.778  11.808  0.450  6.62896E-16  SWARM-A  7.306  168.281
2015-03-19T07:25:00Z  456.847  9.877  0.416  6.63454E-16  SWARM-A  7.312  170.202
2015-03-19T07:25:30Z  456.955  7.947  0.382  6.64023E-16  SWARM-A  7.318  172.123
2015-03-19T07:26:00Z  457.104  6.016  0.347  6.64570E-16  SWARM-A  7.324  174.044
2015-03-19T07:26:30Z  457.295  4.085  0.311  6.65018E-16  SWARM-A  7.330  175.965
2015-03-19T07:27:00Z  457.526  2.154  0.275  6.65371E-16  SWARM-A  7.336  177.886
2015-03-19T07:27:30Z  457.798  0.224  0.238  6.65558E-16  SWARM-A  7.342  179.807
2015-03-19T07:28:00Z  458.112  -1.707  0.201  6.65555E-16  SWARM-A  7.348  181.727
2015-03-19T07:28:30Z  458.466  -3.637  0.165  6.65376E-16  SWARM-A  7.354  183.647
2015-03-19T07:29:00Z  458.860  -5.567  0.129  6.65020E-16  SWARM-A  7.360  185.567
2015-03-19T07:29:30Z  459.293  -7.496  0.094  6.64465E-16  SWARM-A  7.366  187.487
2015-03-19T07:30:00Z  459.764  -9.425  0.059  6.63752E-16  SWARM-A  7.372  189.407
2015-03-19T07:30:30Z  460.272  -11.354  0.025  6.62815E-16  SWARM-A  7.378  191.327
2015-03-19T07:31:00Z  460.815  -13.282  -0.007  6.61713E-16  SWARM-A  7.384  193.246
2015-03-19T07:31:30Z  461.393  -15.210  -0.038  6.60461E-16  SWARM-A  7.390  195.165
2015-03-19T07:32:00Z  462.004  -17.137  -0.068  6.59069E-16  SWARM-A  7.397  197.084
2015-03-19T07:32:30Z  462.645  -19.063  -0.095  6.57568E-16  SWARM-A  7.403  199.003
2015-03-19T07:33:00Z  463.315  -20.989  -0.120  6.55975E-16  SWARM-A  7.410  200.922
2015-03-19T07:33:30Z  464.012  -22.914  -0.142  6.54356E-16  SWARM-A  7.417  202.840
2015-03-19T07:34:00Z  464.733  -24.838  -0.162  6.52692E-16  SWARM-A  7.424  204.759
2015-03-19T07:34:30Z  465.476  -26.761  -0.178  6.51020E-16  SWARM-A  7.431  206.677
2015-03-19T07:35:00Z  466.239  -28.683  -0.191  6.49363E-16  SWARM-A  7.439  208.595
2015-03-19T07:35:30Z  467.019  -30.604  -0.199  6.47767E-16  SWARM-A  7.446  210.513
2015-03-19T07:36:00Z  467.813  -32.525  -0.202  6.46208E-16  SWARM-A  7.454  212.430
2015-03-19T07:36:30Z  468.619  -34.444  -0.201  6.44764E-16  SWARM-A  7.463  214.348
2015-03-19T07:37:00Z  469.434  -36.362  -0.193  6.43427E-16  SWARM-A  7.472  216.265
2015-03-19T07:37:30Z  470.255  -38.279  -0.179  6.42219E-16  SWARM-A  7.481  218.182
2015-03-19T07:38:00Z  471.080  -40.195  -0.157  6.41200E-16  SWARM-A  7.491  220.099
2015-03-19T07:38:30Z  471.904  -42.110  -0.127  6.40359E-16  SWARM-A  7.501  222.016
2015-03-19T07:39:00Z  472.726  -44.024  -0.087  6.39758E-16  SWARM-A  7.512  223.933
2015-03-19T07:39:30Z  473.542  -45.936  -0.037  6.39416E-16  SWARM-A  7.524  225.850
2015-03-19T07:40:00Z  474.350  -47.847  0.027  6.39380E-16  SWARM-A  7.536  227.766
2015-03-19T07:40:30Z  475.146  -49.757  0.104  6.39656E-16  SWARM-A  7.550  229.682
2015-03-19T07:41:00Z  475.928  -51.666  0.198  6.40216E-16  SWARM-A  7.564  231.598
2015-03-19T07:41:30Z  476.692  -53.574  0.312  6.40913E-16  SWARM-A  7.580  233.514
2015-03-19T07:42:00Z  477.436  -55.479  0.448  6.42019E-16  SWARM-A  7.598  235.430
2015-03-19T07:42:30Z  478.158  -57.384  0.610  6.43518E-16  SWARM-A  7.617  237.346
2015-03-19T07:43:00Z  478.854  -59.287  0.803  6.45454E-16  SWARM-A  7.638  239.262
2015-03-19T07:43:30Z  479.521  -61.188  1.035  6.47885E-16  SWARM-A  7.662  241.177
2015-03-19T07:44:00Z  480.159  -63.087  1.311  6.50792E-16  SWARM-A  7.689  243.093
2015-03-19T07:44:30Z  480.763  -64.985  1.644  6.54178E-16  SWARM-A  7.719  245.008
2015-03-19T07:45:00Z  481.333  -66.880  2.047  6.58124E-16  SWARM-A  7.754  246.923
2015-03-19T07:45:30Z  481.865  -68.772  2.538  6.62563E-16  SWARM-A  7.795  248.838
2015-03-19T07:46:00Z  482.358  -70.661  3.144  6.67315E-16  SWARM-A  7.844  250.753
2015-03-19T07:46:30Z  482.810  -72.546  3.900  6.72267E-16  SWARM-A  7.903  252.668
2015-03-19T07:47:00Z  483.219  -74.426  4.863  6.77513E-16  SWARM-A  7.975  254.583
2015-03-19T07:47:30Z  483.584  -76.299  6.114  6.82965E-16  SWARM-A  8.067  256.498
2015-03-19T07:48:00Z  483.903  -78.161  7.791  6.88567E-16  SWARM-A  8.187  258.413
2015-03-19T07:48:30Z  484.175  -80.007  10.125  6.94272E-16  SWARM-A  8.351  260.328
2015-03-19T07:49:00Z  484.400  -81.827  13.549  7.00175E-16  SWARM-A  8.588  262.242
2015-03-19T07:49:30Z  484.576  -83.598  18.953  7.06283E-16  SWARM-A  8.956  264.157
2015-03-19T07:50:00Z  484.702  -85.266  28.381  7.12382E-16  SWARM-A  9.593  266.072
2015-03-19T07:50:30Z  484.779  -86.673  46.851  7.18893E-16  SWARM-A  10.833  267.986
2015-03-19T07:51:00Z  484.805  -87.361  81.580  7.26169E-16  SWARM-A  13.157  269.901
2015-03-19T07:51:30Z  484.782  -86.822  118.202  7.33552E-16  SWARM-A  15.606  271.816
2015-03-19T07:52:00Z  484.708  -85.476  138.518  7.40623E-16  SWARM-A  16.969  273.730
2015-03-19T07:52:30Z  484.585  -83.830  148.770  7.47872E-16  SWARM-A  17.661  275.645
2015-03-19T07:53:00Z  484.412  -82.068  154.555  7.55167E-16  SWARM-A  18.055  277.560
2015-03-19T07:53:30Z  484.191  -80.253  158.178  7.62398E-16  SWARM-A  18.305  279.474
2015-03-19T07:54:00Z  483.921  -78.409  160.626  7.69425E-16  SWARM-A  18.476  281.389
2015-03-19T07:54:30Z  483.605  -76.549  162.374  7.76243E-16  SWARM-A  18.601  283.304
2015-03-19T07:55:00Z  483.244  -74.678  163.674  7.82883E-16  SWARM-A  18.696  285.219
2015-03-19T07:55:30Z  482.838  -72.799  164.669  7.89327E-16  SWARM-A  18.771  287.134
2015-03-19T07:56:00Z  482.389  -70.914  165.450  7.95907E-16  SWARM-A  18.831  289.049
2015-03-19T07:56:30Z  481.899  -69.026  166.073  8.02567E-16  SWARM-A  18.881  290.964
2015-03-19T07:57:00Z  481.370  -67.134  166.578  8.09728E-16  SWARM-A  18.923  292.879
2015-03-19T07:57:30Z  480.804  -65.239  166.991  8.17597E-16  SWARM-A  18.959  294.794
2015-03-19T07:58:00Z  480.202  -63.342  167.333  8.26251E-16  SWARM-A  18.990  296.709
2015-03-19T07:58:30Z  479.568  -61.443  167.616  8.35905E-16  SWARM-A  19.017  298.625
2015-03-19T07:59:00Z  478.902  -59.542  167.853  8.45973E-16  SWARM-A  19.042  300.540
2015-03-19T07:59:30Z  478.209  -57.639  168.051  8.56123E-16  SWARM-A  19.063  302.456
2015-03-19T08:00:00Z  477.489  -55.735  168.218  8.65926E-16  SWARM-A  19.082  304.372
2015-03-19T08:00:30Z  476.747  -53.829  168.357  8.74760E-16  SWARM-A  19.100  306.287
2015-03-19T08:01:00Z  475.985  -51.922  168.473  8.82524E-16  SWARM-A  19.116  308.203
2015-03-19T08:01:30Z  475.204  -50.013  168.569  8.89450E-16  SWARM-A  19.131  310.120
2015-03-19T08:02:00Z  474.409  -48.104  168.649  8.96076E-16  SWARM-A  19.145  312.036
2015-03-19T08:02:30Z  473.603  -46.192  168.714  9.03259E-16  SWARM-A  19.157  313.952
2015-03-19T08:03:00Z  472.787  -44.280  168.766  9.11676E-16  SWARM-A  19.169  315.869
2015-03-19T08:03:30Z  471.965  -42.366  168.808  9.21172E-16  SWARM-A  19.180  317.786
2015-03-19T08:04:00Z  471.140  -40.452  168.839  9.31395E-16  SWARM-A  19.191  319.702
2015-03-19T08:04:30Z  470.316  -38.536  168.862  9.41723E-16  SWARM-A  19.200  321.619
2015-03-19T08:05:00Z  469.493  -36.619  168.877  9.51859E-16  SWARM-A  19.210  323.537
2015-03-19T08:05:30Z  468.677  -34.701  168.885  9.61624E-16  SWARM-A  19.219  325.454
2015-03-19T08:06:00Z  467.869  -32.782  168.888  9.70934E-16  SWARM-A  19.227  327.371
2015-03-19T08:06:30Z  467.073  -30.861  168.885  9.79837E-16  SWARM-A  19.235  329.289
2015-03-19T08:07:00Z  466.290  -28.940  168.877  9.88418E-16  SWARM-A  19.243  331.207
2015-03-19T08:07:30Z  465.524  -27.018  168.865  9.96709E-16  SWARM-A  19.251  333.125
2015-03-19T08:08:00Z  464.778  -25.095  168.849  1.00472E-15  SWARM-A  19.258  335.043
2015-03-19T08:08:30Z  464.053  -23.171  168.830  1.01246E-15  SWARM-A  19.265  336.961
2015-03-19T08:09:00Z  463.353  -21.246  168.808  1.01960E-15  SWARM-A  19.272  338.880
2015-03-19T08:09:30Z  462.678  -19.321  168.784  1.02636E-15  SWARM-A  19.279  340.799
2015-03-19T08:10:00Z  462.032  -17.395  168.757  1.03274E-15  SWARM-A  19.285  342.718
2015-03-19T08:10:30Z  461.417  -15.468  168.728  1.03868E-15  SWARM-A  19.292  344.637
2015-03-19T08:11:00Z  460.834  -13.540  168.697  1.04412E-15  SWARM-A  19.298  346.556
2015-03-19T08:11:30Z  460.284  -11.612  168.665  1.04900E-15  SWARM-A  19.304  348.475
2015-03-19T08:12:00Z  459.771  -9.683  168.631  1.05325E-15  SWARM-A  19.310  350.395
2015-03-19T08:12:30Z  459.294  -7.754  168.597  1.05687E-15  SWARM-A  19.316  352.315
2015-03-19T08:13:00Z  458.855  -5.825  168.561  1.05989E-15  SWARM-A  19.322  354.235
2015-03-19T08:13:30Z  458.455  -3.895  168.525  1.06203E-15  SWARM-A  19.328  356.155
2015-03-19T08:14:00Z  458.095  -1.964  168.489  1.06353E-15  SWARM-A  19.334  358.075
2015-03-19T08:14:30Z  457.775  -0.034  168.452  1.06431E-15  SWARM-A  19.340  359.996
2015-03-19T08:15:00Z  457.496  1.897  168.416  1.06436E-15  SWARM-A  19.346  1.916
2015-03-19T08:15:30Z  457.259  3.827  168.379  1.06373E-15  SWARM-A  19.352  3.837
2015-03-19T08:16:00Z  457.063  5.758  168.343  1.06246E-15  SWARM-A  19.358  5.758
2015-03-19T08:16:30Z  456.908  7.689  168.308  1.06060E-15  SWARM-A  19.364  7.679
2015-03-19T08:17:00Z  456.793  9.620  168.274  1.05821E-15  SWARM-A  19.370  9.600
2015-03-19T08:17:30Z  456.719  11.550  168.240  1.05533E-15  SWARM-A  19.376  11.522
2015-03-19T08:18:00Z  456.685  13.481  168.208  1.05201E-15  SWARM-A  19.382  13.443
2015-03-19T08:18:30Z  456.690  15.411  168.177  1.04834E-15  SWARM-A  19.388  15.365
2015-03-19T08:19:00Z  456.733  17.340  168.148  1.04428E-15  SWARM-A  19.395  17.287
2015-03-19T08:19:30Z  456.812  19.270  168.121  1.04001E-15  SWARM-A  19.401  19.209
2015-03-19T08:20:00Z  456.927  21.199  168.097  1.03554E-15  SWARM-A  19.408  21.131
2015-03-19T08:20:30Z  457.075  23.127  168.075  1.03093E-15  SWARM-A  19.415  23.053
2015-03-19T08:21:00Z  457.256  25.055  168.056  1.02614E-15  SWARM-A  19.422  24.976
2015-03-19T08:21:30Z  457.468  26.983  168.040  1.02125E-15  SWARM-A  19.429  26.898
2015-03-19T08:22:00Z  457.708  28.910  168.029  1.01622E-15  SWARM-A  19.437  28.821
2015-03-19T08:22:30Z  457.975  30.836  168.021  1.01105E-15  SWARM-A  19.444  30.744
2015-03-19T08:23:00Z  458.267  32.761  168.018  1.00578E-15  SWARM-A  19.453  32.667
2015-03-19T08:23:30Z  458.581  34.686  168.021  1.00038E-15  SWARM-A  19.461  34.590
2015-03-19T08:24:00Z  458.916  36.610  168.030  9.94881E-16  SWARM-A  19.470  36.513
2015-03-19T08:24:30Z  459.268  38.533  168.045  9.89318E-16  SWARM-A  19.479  38.436
2015-03-19T08:25:00Z  459.636  40.455  168.069  9.83703E-16  SWARM-A  19.489  40.359
2015-03-19T08:25:30Z  460.017  42.377  168.101  9.78050E-16  SWARM-A  19.500  42.283
2015-03-19T08:26:00Z  460.409  44.297  168.142  9.72402E-16  SWARM-A  19.511  44.206
2015-03-19T08:26:30Z  460.808  46.216  168.196  9.66316E-16  SWARM-A  19.523  46.130
2015-03-19T08:27:00Z  461.213  48.135  168.262  9.60186E-16  SWARM-A  19.536  48.054
2015-03-19T08:27:30Z  461.621  50.052  168.342  9.54053E-16  SWARM-A  19.549  49.978
2015-03-19T08:28:00Z  462.030  51.968  168.440  9.47896E-16  SWARM-A  19.564  51.901
2015-03-19T08:28:30Z  462.436  53.883  168.558  9.41793E-16  SWARM-A  19.580  53.825
2015-03-19T08:29:00Z  462.839  55.797  168.699  9.35846E-16  SWARM-A  19.598  55.749
2015-03-19T08:29:30Z  463.234  57.710  168.867  9.30219E-16  SWARM-A  19.618  57.673
2015-03-19T08:30:00Z  463.620  59.621  169.068  9.25241E-16  SWARM-A  19.639  59.598
2015-03-19T08:30:30Z  463.995  61.530  169.308  9.21106E-16  SWARM-A  19.664  61.522
2015-03-19T08:31:00Z  464.357  63.438  169.596  9.17764E-16  SWARM-A  19.691  63.446
2015-03-19T08:31:30Z  464.702  65.344  169.943  9.14972E-16  SWARM-A  19.723  65.370
2015-03-19T08:32:00Z  465.031  67.248  170.364  9.12063E-16  SWARM-A  19.759  67.295
2015-03-19T08:32:30Z  465.339  69.149  170.878  9.08660E-16  SWARM-A  19.802  69.219
2015-03-19T08:33:00Z  465.627  71.046  171.514  9.04322E-16  SWARM-A  19.852  71.144
2015-03-19T08:33:30Z  465.892  72.940  172.313  8.99063E-16  SWARM-A  19.914  73.068
2015-03-19T08:34:00Z  466.132  74.827  173.333  8.93324E-16  SWARM-A  19.990  74.993
2015-03-19T08:34:30Z  466.347  76.707  174.670  8.87438E-16  SWARM-A  20.088  76.917
2015-03-19T08:35:00Z  466.535  78.576  176.477  8.82395E-16  SWARM-A  20.217  78.842
2015-03-19T08:35:30Z  466.695  80.427  179.023  8.77985E-16  SWARM-A  20.395  80.766
2015-03-19T08:36:00Z  466.827  82.248  -177.179  8.74070E-16  SWARM-A  20.656  82.691
2015-03-19T08:36:30Z  466.929  84.011  -171.045  8.71579E-16  SWARM-A  21.073  84.615
2015-03-19T08:37:00Z  467.001  85.646  -160.000  8.69531E-16  SWARM-A  21.818  86.540
2015-03-19T08:37:30Z  467.042  86.940  -137.874  8.69330E-16  SWARM-A  23.302  88.465
2015-03-19T08:38:00Z  467.053  87.340  -99.711  8.68932E-16  SWARM-A  1.854  90.389
2015-03-19T08:38:30Z  467.034  86.522  -66.800  8.67306E-16  SWARM-A  4.056  92.314
2015-03-19T08:39:00Z  466.983  85.057  -49.851  8.66049E-16  SWARM-A  5.195  94.238
2015-03-19T08:39:30Z  466.902  83.361  -41.114  8.64711E-16  SWARM-A  5.786  96.163
2015-03-19T08:40:00Z  466.792  81.571  -36.042  8.63381E-16  SWARM-A  6.132  98.088
2015-03-19T08:40:30Z  466.651  79.737  -32.798  8.61134E-16  SWARM-A  6.357  100.012
2015-03-19T08:41:00Z  466.483  77.879  -30.571  8.58552E-16  SWARM-A  6.513  101.937
2015-03-19T08:41:30Z  466.287  76.005  -28.964  8.55397E-16  SWARM-A  6.629  103.861
2015-03-19T08:42:00Z  466.064  74.122  -27.759  8.52364E-16  SWARM-A  6.718  105.786
2015-03-19T08:42:30Z  465.816  72.232  -26.831  8.49314E-16  SWARM-A  6.788  107.710
2015-03-19T08:43:00Z  465.544  70.337  -26.099  8.46553E-16  SWARM-A  6.845  109.635
2015-03-19T08:43:30Z  465.250  68.438  -25.512  8.44093E-16  SWARM-A  6.892  111.559
2015-03-19T08:44:00Z  464.935  66.536  -25.036  8.41977E-16  SWARM-A  6.932  113.484
2015-03-19T08:44:30Z  464.601  64.632  -24.645  8.39716E-16  SWARM-A  6.967  115.408
2015-03-19T08:45:00Z  464.250  62.725  -24.321  8.37314E-16  SWARM-A  6.997  117.332
2015-03-19T08:45:30Z  463.884  60.816  -24.052  8.34615E-16  SWARM-A  7.023  119.256
2015-03-19T08:46:00Z  463.505  58.906  -23.828  8.31567E-16  SWARM-A  7.046  121.181
2015-03-19T08:46:30Z  463.116  56.995  -23.639  8.28115E-16  SWARM-A  7.067  123.105
2015-03-19T08:47:00Z  462.718  55.082  -23.482  8.24525E-16  SWARM-A  7.086  125.029
2015-03-19T08:47:30Z  462.313  53.167  -23.350  8.20747E-16  SWARM-A  7.103  126.953
2015-03-19T08:48:00Z  461.906  51.252  -23.240  8.16932E-16  SWARM-A  7.119  128.877
2015-03-19T08:48:30Z  461.497  49.335  -23.149  8.13100E-16  SWARM-A  7.133  130.800
2015-03-19T08:49:00Z  461.089  47.417  -23.074  8.09229E-16  SWARM-A  7.147  132.724
2015-03-19T08:49:30Z  460.685  45.499  -23.013  8.05300E-16  SWARM-A  7.159  134.648
2015-03-19T08:50:00Z  460.287  43.579  -22.964  8.01223E-16  SWARM-A  7.171  136.572
2015-03-19T08:50:30Z  459.898  41.658  -22.926  7.97022E-16  SWARM-A  7.181  138.495
2015-03-19T08:51:00Z  459.520  39.737  -22.898  7.92679E-16  SWARM-A  7.192  140.418
2015-03-19T08:51:30Z  459.156  37.814  -22.878  7.88219E-16  SWARM-A  7.201  142.342
2015-03-19T08:52:00Z  458.808  35.891  -22.865  7.83738E-16  SWARM-A  7.211  144.265
2015-03-19T08:52:30Z  458.479  33.966  -22.858  7.79286E-16  SWARM-A  7.219  146.188
2015-03-19T08:53:00Z  458.171  32.041  -22.858  7.74889E-16  SWARM-A  7.228  148.111
2015-03-19T08:53:30Z  457.885  30.116  -22.862  7.70608E-16  SWARM-A  7.236  150.034
2015-03-19T08:54:00Z  457.626  28.189  -22.871  7.66427E-16  SWARM-A  7.243  151.957
2015-03-19T08:54:30Z  457.393  26.262  -22.885  7.62358E-16  SWARM-A  7.251  153.879
2015-03-19T08:55:00Z  457.190  24.334  -22.901  7.58480E-16  SWARM-A  7.258  155.802
2015-03-19T08:55:30Z  457.018  22.406  -22.922  7.54760E-16  SWARM-A  7.265  157.724
2015-03-19T08:56:00Z  456.879  20.478  -22.944  7.51233E-16  SWARM-A  7.272  159.646
2015-03-19T08:56:30Z  456.774  18.548  -22.970  7.47907E-16  SWARM-A  7.279  161.568
2015-03-19T08:57:00Z  456.705  16.619  -22.998  7.44763E-16  SWARM-A  7.285  163.490
2015-03-19T08:57:30Z  456.674  14.689  -23.027  7.41787E-16  SWARM-A  7.291  165.412
2015-03-19T08:58:00Z  456.680  12.759  -23.059  7.38949E-16  SWARM-A  7.298  167.334
2015-03-19T08:58:30Z  456.726  10.828  -23.091  7.36251E-16  SWARM-A  7.304  169.255
2015-03-19T08:59:00Z  456.812  8.898  -23.125  7.33655E-16  SWARM-A  7.310  171.177
2015-03-19T08:59:30Z  456.938  6.967  -23.160  7.31118E-16  SWARM-A  7.316  173.098
2015-03-19T09:00:00Z  457.105  5.036  -23.196  7.28377E-16  SWARM-A  7.322  175.019
2015-03-19T09:00:30Z  457.314  3.105  -23.232  7.25837E-16  SWARM-A  7.328  176.940
2015-03-19T09:01:00Z  457.564  1.175  -23.268  7.23312E-16  SWARM-A  7.334  178.861
2015-03-19T09:01:30Z  457.854  -0.756  -23.305  7.20737E-16  SWARM-A  7.340  180.781
2015-03-19T09:02:00Z  458.186  -2.686  -23.341  7.18120E-16  SWARM-A  7.345  182.702
2015-03-19T09:02:30Z  458.558  -4.617  -23.378  7.15412E-16  SWARM-A  7.351  184.622
2015-03-19T09:03:00Z  458.970  -6.546  -23.413  7.12655E-16  SWARM-A  7.357  186.542
2015-03-19T09:03:30Z  459.421  -8.476  -23.448  7.09832E-16  SWARM-A  7.363  188.462
2015-03-19T09:04:00Z  459.909  -10.405  -23.483  7.06942E-16  SWARM-A  7.369  190.382
2015-03-19T09:04:30Z  460.434  -12.333  -23.516  7.03994E-16  SWARM-A  7.375  192.301
2015-03-19T09:05:00Z  460.993  -14.261  -23.547  7.00998E-16  SWARM-A  7.382  194.221
2015-03-19T09:05:30Z  461.587  -16.189  -23.578  6.98006E-16  SWARM-A  7.388  196.140
2015-03-19T09:06:00Z  462.212  -18.115  -23.606  6.95041E-16  SWARM-A  7.394  198.059
2015-03-19T09:06:30Z  462.867  -20.041  -23.632  6.92141E-16  SWARM-A  7.401  199.978
2015-03-19T09:07:00Z  463.551  -21.967  -23.656  6.89324E-16  SWARM-A  7.408  201.896
2015-03-19T09:07:30Z  464.259  -23.891  -23.677  6.86646E-16  SWARM-A  7.415  203.815
2015-03-19T09:08:00Z  464.992  -25.815  -23.695  6.84131E-16  SWARM-A  7.422  205.733
2015-03-19T09:08:30Z  465.745  -27.737  -23.709  6.81807E-16  SWARM-A  7.429  207.651
2015-03-19T09:09:00Z  466.517  -29.659  -23.719  6.79713E-16  SWARM-A  7.437  209.569
2015-03-19T09:09:30Z  467.305  -31.580  -23.725  6.77849E-16  SWARM-A  7.445  211.487
2015-03-19T09:10:00Z  468.106  -33.500  -23.726  6.76253E-16  SWARM-A  7.453  213.405
2015-03-19T09:10:30Z  468.917  -35.419  -23.722  6.74898E-16  SWARM-A  7.462  215.322
2015-03-19T09:11:00Z  469.736  -37.336  -23.711  6.73810E-16  SWARM-A  7.471  217.240
2015-03-19T09:11:30Z  470.560  -39.253  -23.693  6.72964E-16  SWARM-A  7.480  219.157
2015-03-19T09:12:00Z  471.386  -41.169  -23.667  6.72361E-16  SWARM-A  7.490  221.074
2015-03-19T09:12:30Z  472.210  -43.083  -23.632  6.72105E-16  SWARM-A  7.501  222.990
2015-03-19T09:13:00Z  473.030  -44.996  -23.587  6.72093E-16  SWARM-A  7.512  224.907
2015-03-19T09:13:30Z  473.843  -46.908  -23.530  6.72372E-16  SWARM-A  7.525  226.824
2015-03-19T09:14:00Z  474.647  -48.819  -23.460  6.72900E-16  SWARM-A  7.538  228.740
2015-03-19T09:14:30Z  475.437  -50.728  -23.374  6.73740E-16  SWARM-A  7.552  230.656
2015-03-19T09:15:00Z  476.212  -52.636  -23.270  6.74807E-16  SWARM-A  7.567  232.572
2015-03-19T09:15:30Z  476.968  -54.543  -23.146  6.76036E-16  SWARM-A  7.584  234.488
2015-03-19T09:16:00Z  477.702  -56.448  -22.997  6.77300E-16  SWARM-A  7.602  236.404
2015-03-19T09:16:30Z  478.413  -58.352  -22.820  6.78544E-16  SWARM-A  7.622  238.320
2015-03-19T09:17:00Z  479.097  -60.254  -22.608  6.79975E-16  SWARM-A  7.644  240.236
2015-03-19T09:17:30Z  479.751  -62.154  -22.355  6.81597E-16  SWARM-A  7.670  242.151
2015-03-19T09:18:00Z  480.374  -64.053  -22.051  6.83449E-16  SWARM-A  7.698  244.067
2015-03-19T09:18:30Z  480.963  -65.949  -21.684  6.85595E-16  SWARM-A  7.731  245.982
2015-03-19T09:19:00Z  481.516  -67.843  -21.239  6.88129E-16  SWARM-A  7.769  247.897
2015-03-19T09:19:30Z  482.031  -69.734  -20.693  6.91280E-16  SWARM-A  7.814  249.812
2015-03-19T09:20:00Z  482.506  -71.621  -20.016  6.95181E-16  SWARM-A  7.867  251.727
2015-03-19T09:20:30Z  482.939  -73.503  -19.163  6.99668E-16  SWARM-A  7.932  253.642
2015-03-19T09:21:00Z  483.329  -75.380  -18.067  7.04995E-16  SWARM-A  8.014  255.557
2015-03-19T09:21:30Z  483.673  -77.247  -16.620  7.10943E-16  SWARM-A  8.119  257.472
2015-03-19T09:22:00Z  483.972  -79.102  -14.647  7.16825E-16  SWARM-A  8.258  259.387
2015-03-19T09:22:30Z  484.223  -80.937  -11.832  7.22968E-16  SWARM-A  8.454  261.302
2015-03-19T09:23:00Z  484.426  -82.736  -7.558  7.29159E-16  SWARM-A  8.748  263.217
2015-03-19T09:23:30Z  484.580  -84.466  -0.488  7.35357E-16  SWARM-A  9.227  265.131
2015-03-19T09:24:00Z  484.685  -86.033  12.622  7.41620E-16  SWARM-A  10.110  267.046
2015-03-19T09:24:30Z  484.740  -87.158  38.938  7.48333E-16  SWARM-A  11.872  268.961
2015-03-19T09:25:00Z  484.744  -87.233  78.459  7.55203E-16  SWARM-A  14.516  270.875
2015-03-19T09:25:30Z  484.699  -86.196  106.812  7.61850E-16  SWARM-A  16.414  272.790
2015-03-19T09:26:00Z  484.604  -84.659  121.005  7.68586E-16  SWARM-A  17.369  274.705
2015-03-19T09:26:30Z  484.459  -82.942  128.555  7.75717E-16  SWARM-A  17.880  276.619
2015-03-19T09:27:00Z  484.265  -81.148  133.063  7.83521E-16  SWARM-A  18.189  278.534
2015-03-19T09:27:30Z  484.023  -79.317  136.008  7.92027E-16  SWARM-A  18.394  280.449
2015-03-19T09:28:00Z  483.734  -77.464  138.059  8.00805E-16  SWARM-A  18.539  282.364
2015-03-19T09:28:30Z  483.398  -75.597  139.556  8.09479E-16  SWARM-A  18.647  284.279
2015-03-19T09:29:00Z  483.018  -73.722  140.687  8.17741E-16  SWARM-A  18.731  286.193
2015-03-19T09:29:30Z  482.594  -71.840  141.564  8.25411E-16  SWARM-A  18.798  288.108
2015-03-19T09:30:00Z  482.128  -69.953  142.259  8.32283E-16  SWARM-A  18.852  290.023
2015-03-19T09:30:30Z  481.622  -68.063  142.818  8.38351E-16  SWARM-A  18.898  291.938
2015-03-19T09:31:00Z  481.078  -66.169  143.273  8.43713E-16  SWARM-A  18.937  293.854
2015-03-19T09:31:30Z  480.497  -64.274  143.648  8.48658E-16  SWARM-A  18.970  295.769
2015-03-19T09:32:00Z  479.882  -62.375  143.959  8.53526E-16  SWARM-A  18.999  297.684
2015-03-19T09:32:30Z  479.235  -60.475  144.217  8.58729E-16  SWARM-A  19.024  299.600
2015-03-19T09:33:00Z  478.559  -58.573  144.434  8.64492E-16  SWARM-A  19.047  301.515
2015-03-19T09:33:30Z  477.856  -56.670  144.615  8.70835E-16  SWARM-A  19.068  303.431
2015-03-19T09:34:00Z  477.129  -54.765  144.767  8.77581E-16  SWARM-A  19.086  305.347
2015-03-19T09:34:30Z  476.379  -52.858  144.894  8.84846E-16  SWARM-A  19.103  307.263
2015-03-19T09:35:00Z  475.611  -50.951  144.999  8.92160E-16  SWARM-A  19.118  309.179
2015-03-19T09:35:30Z  474.827  -49.041  145.087  8.98953E-16  SWARM-A  19.132  311.095
2015-03-19T09:36:00Z  474.029  -47.131  145.159  9.04318E-16  SWARM-A  19.146  313.011
2015-03-19T09:36:30Z  473.221  -45.219  145.218  9.07736E-16  SWARM-A  19.158  314.928
2015-03-19T09:37:00Z  472.406  -43.306  145.264  9.09474E-16  SWARM-A  19.169  316.844
2015-03-19T09:37:30Z  471.586  -41.392  145.300  9.09871E-16  SWARM-A  19.180  318.761
2015-03-19T09:38:00Z  470.764  -39.477  145.327  9.10369E-16  SWARM-A  19.190  320.678
2015-03-19T09:38:30Z  469.944  -37.560  145.346  9.11937E-16  SWARM-A  19.200  322.595
2015-03-19T09:39:00Z  469.129  -35.643  145.357  9.14860E-16  SWARM-A  19.209  324.512
2015-03-19T09:39:30Z  468.320  -33.724  145.363  9.19089E-16  SWARM-A  19.218  326.430
2015-03-19T09:40:00Z  467.521  -31.805  145.362  9.24064E-16  SWARM-A  19.226  328.347
2015-03-19T09:40:30Z  466.735  -29.884  145.357  9.28689E-16  SWARM-A  19.234  330.265
2015-03-19T09:41:00Z  465.965  -27.962  145.347  9.33419E-16  SWARM-A  19.241  332.183
2015-03-19T09:41:30Z  465.212  -26.040  145.333  9.38004E-16  SWARM-A  19.249  334.101
2015-03-19T09:42:00Z  464.480  -24.116  145.316  9.41818E-16  SWARM-A  19.256  336.019
2015-03-19T09:42:30Z  463.771  -22.192  145.295  9.45893E-16  SWARM-A  19.263  337.938
2015-03-19T09:43:00Z  463.087  -20.267  145.272  9.49579E-16  SWARM-A  19.270  339.856
2015-03-19T09:43:30Z  462.431  -18.341  145.246  9.53034E-16  SWARM-A  19.276  341.775
2015-03-19T09:44:00Z  461.804  -16.414  145.218  9.56519E-16  SWARM-A  19.283  343.694
2015-03-19T09:44:30Z  461.208  -14.487  145.188  9.59960E-16  SWARM-A  19.289  345.613
2015-03-19T09:45:00Z  460.645  -12.559  145.156  9.63297E-16  SWARM-A  19.295  347.532
2015-03-19T09:45:30Z  460.117  -10.631  145.123  9.66685E-16  SWARM-A  19.302  349.452
2015-03-19T09:46:00Z  459.625  -8.702  145.089  9.69972E-16  SWARM-A  19.308  351.371
2015-03-19T09:46:30Z  459.170  -6.773  145.054  9.73171E-16  SWARM-A  19.314  353.291
2015-03-19T09:47:00Z  458.753  -4.843  145.019  9.76480E-16  SWARM-A  19.320  355.211
2015-03-19T09:47:30Z  458.376  -2.913  144.982  9.79557E-16  SWARM-A  19.326  357.131
2015-03-19T09:48:00Z  458.039  -0.983  144.946  9.82696E-16  SWARM-A  19.331  359.052
2015-03-19T09:48:30Z  457.742  0.948  144.909  9.85774E-16  SWARM-A  19.337  0.972
2015-03-19T09:49:00Z  457.485  2.878  144.873  9.88805E-16  SWARM-A  19.343  2.893
2015-03-19T09:49:30Z  457.270  4.809  144.837  9.91740E-16  SWARM-A  19.349  4.814
2015-03-19T09:50:00Z  457.096  6.740  144.801  9.94542E-16  SWARM-A  19.355  6.735
2015-03-19T09:50:30Z  456.963  8.670  144.766  9.97323E-16  SWARM-A  19.361  8.656
2015-03-19T09:51:00Z  456.870  10.601  144.732  1.00000E-15  SWARM-A  19.367  10.577
2015-03-19T09:51:30Z  456.817  12.531  144.699  1.00262E-15  SWARM-A  19.373  12.498
2015-03-19T09:52:00Z  456.803  14.462  144.668  1.00516E-15  SWARM-A  19.380  14.420
2015-03-19T09:52:30Z  456.828  16.392  144.638  1.00754E-15  SWARM-A  19.386  16.342
2015-03-19T09:53:00Z  456.889  18.321  144.610  1.00983E-15  SWARM-A  19.392  18.264
2015-03-19T09:53:30Z  456.987  20.250  144.584  1.01200E-15  SWARM-A  19.399  20.186
2015-03-19T09:54:00Z  457.118  22.179  144.561  1.01410E-15  SWARM-A  19.406  22.108
2015-03-19T09:54:30Z  457.283  24.107  144.541  1.01605E-15  SWARM-A  19.413  24.030
2015-03-19T09:55:00Z  457.479  26.035  144.523  1.01796E-15  SWARM-A  19.420  25.953
2015-03-19T09:55:30Z  457.704  27.962  144.510  1.01980E-15  SWARM-A  19.427  27.875
2015-03-19T09:56:00Z  457.957  29.888  144.500  1.02155E-15  SWARM-A  19.435  29.798
2015-03-19T09:56:30Z  458.235  31.814  144.495  1.02325E-15  SWARM-A  19.443  31.721
2015-03-19T09:57:00Z  458.537  33.739  144.495  1.02487E-15  SWARM-A  19.451  33.643
2015-03-19T09:57:30Z  458.859  35.663  144.501  1.02643E-15  SWARM-A  19.460  35.566
2015-03-19T09:58:00Z  459.201  37.587  144.513  1.02795E-15  SWARM-A  19.469  37.490
2015-03-19T09:58:30Z  459.559  39.509  144.532  1.02943E-15  SWARM-A  19.479  39.413
2015-03-19T09:59:00Z  459.931  41.431  144.560  1.03090E-15  SWARM-A  19.489  41.336
2015-03-19T09:59:30Z  460.314  43.352  144.597  1.03233E-15  SWARM-A  19.500  43.260
2015-03-19T10:00:00Z  460.707  45.272  144.644  1.03373E-15  SWARM-A  19.511  45.183
2015-03-19T10:00:30Z  461.106  47.191  144.704  1.03505E-15  SWARM-A  19.524  47.107
2015-03-19T10:01:00Z  461.509  49.108  144.777  1.03626E-15  SWARM-A  19.537  49.031
2015-03-19T10:01:30Z  461.914  51.025  144.866  1.03714E-15  SWARM-A  19.551  50.954
2015-03-19T10:02:00Z  462.318  52.941  144.974  1.03685E-15  SWARM-A  19.567  52.878
2015-03-19T10:02:30Z  462.718  54.855  145.103  1.03603E-15  SWARM-A  19.584  54.802
2015-03-19T10:03:00Z  463.113  56.768  145.257  1.03489E-15  SWARM-A  19.602  56.726
2015-03-19T10:03:30Z  463.500  58.680  145.441  1.03373E-15  SWARM-A  19.623  58.650
2015-03-19T10:04:00Z  463.876  60.590  145.661  1.03295E-15  SWARM-A  19.646  60.574
2015-03-19T10:04:30Z  464.239  62.499  145.925  1.03253E-15  SWARM-A  19.672  62.499
2015-03-19T10:05:00Z  464.588  64.406  146.241  1.03214E-15  SWARM-A  19.701  64.423
2015-03-19T10:05:30Z  464.921  66.311  146.624  1.03145E-15  SWARM-A  19.735  66.347
2015-03-19T10:06:00Z  465.234  68.213  147.089  1.02968E-15  SWARM-A  19.774  68.271
2015-03-19T10:06:30Z  465.528  70.112  147.661  1.02667E-15  SWARM-A  19.821  70.196
2015-03-19T10:07:00Z  465.799  72.008  148.374  1.02226E-15  SWARM-A  19.877  72.120
2015-03-19T10:07:30Z  466.047  73.898  149.276  1.01649E-15  SWARM-A  19.945  74.045
2015-03-19T10:08:00Z  466.269  75.783  150.443  1.00971E-15  SWARM-A  20.031  75.969
2015-03-19T10:08:30Z  466.466  77.657  151.994  1.00259E-15  SWARM-A  20.143  77.894
2015-03-19T10:09:00Z  466.635  79.518  154.132  9.95736E-16  SWARM-A  20.294  79.818
2015-03-19T10:09:30Z  466.775  81.356  157.226  9.89054E-16  SWARM-A  20.508  81.743
2015-03-19T10:10:00Z  466.887  83.152  162.015  9.82934E-16  SWARM-A  20.836  83.667
2015-03-19T10:10:30Z  466.969  84.864  170.159  9.77687E-16  SWARM-A  21.387  85.592
2015-03-19T10:11:00Z  467.021  86.370  -174.254  9.73296E-16  SWARM-A  22.435  87.517
2015-03-19T10:11:30Z  467.042  87.300  -143.407  9.69667E-16  SWARM-A  0.500  89.441
2015-03-19T10:12:00Z  467.032  87.048  -104.275  9.65992E-16  SWARM-A  3.117  91.366
2015-03-19T10:12:30Z  466.992  85.823  -80.241  9.62125E-16  SWARM-A  4.727  93.291
2015-03-19T10:13:00Z  466.921  84.213  -68.301  9.58446E-16  SWARM-A  5.532  95.215
2015-03-19T10:13:30Z  466.820  82.460  -61.763  9.54731E-16  SWARM-A  5.976  97.140
2015-03-19T10:14:00Z  466.690  80.644  -57.761  9.50118E-16  SWARM-A  6.251  99.064
2015-03-19T10:14:30Z  466.530  78.796  -55.100  9.44044E-16  SWARM-A  6.437  100.989
2015-03-19T10:15:00Z  466.343  76.929  -53.222  9.36647E-16  SWARM-A  6.570  102.914
2015-03-19T10:15:30Z  466.129  75.050  -51.839  9.28318E-16  SWARM-A  6.671  104.838
2015-03-19T10:16:00Z  465.889  73.163  -50.786  9.18982E-16  SWARM-A  6.749  106.763
2015-03-19T10:16:30Z  465.624  71.270  -49.965  9.08918E-16  SWARM-A  6.812  108.687
2015-03-19T10:17:00Z  465.337  69.373  -49.312  8.98243E-16  SWARM-A  6.864  110.612
2015-03-19T10:17:30Z  465.028  67.473  -48.785  8.87303E-16  SWARM-A  6.908  112.536
2015-03-19T10:18:00Z  464.699  65.569  -48.354  8.76313E-16  SWARM-A  6.945  114.460
2015-03-19T10:18:30Z  464.353  63.664  -47.999  8.65532E-16  SWARM-A  6.977  116.385
2015-03-19T10:19:00Z  463.990  61.756  -47.704  8.55140E-16  SWARM-A  7.005  118.309
2015-03-19T10:19:30Z  463.614  59.847  -47.459  8.44988E-16  SWARM-A  7.030  120.233
2015-03-19T10:20:00Z  463.226  57.936  -47.253  8.35145E-16  SWARM-A  7.052  122.157
2015-03-19T10:20:30Z  462.829  56.023  -47.081  8.25251E-16  SWARM-A  7.071  124.082
2015-03-19T10:21:00Z  462.425  54.110  -46.937  8.15443E-16  SWARM-A  7.089  126.006
2015-03-19T10:21:30Z  462.016  52.195  -46.817  8.05571E-16  SWARM-A  7.106  127.930
2015-03-19T10:22:00Z  461.604  50.279  -46.717  7.95644E-16  SWARM-A  7.121  129.854
2015-03-19T10:22:30Z  461.193  48.361  -46.634  7.85714E-16  SWARM-A  7.135  131.777
2015-03-19T10:23:00Z  460.785  46.443  -46.567  7.75830E-16  SWARM-A  7.147  133.701
2015-03-19T10:23:30Z  460.382  44.524  -46.512  7.66054E-16  SWARM-A  7.159  135.625
2015-03-19T10:24:00Z  459.986  42.603  -46.469  7.56413E-16  SWARM-A  7.171  137.548
2015-03-19T10:24:30Z  459.601  40.682  -46.436  7.46888E-16  SWARM-A  7.181  139.472
2015-03-19T10:25:00Z  459.229  38.760  -46.411  7.37559E-16  SWARM-A  7.191  141.395
2015-03-19T10:25:30Z  458.871  36.837  -46.395  7.28400E-16  SWARM-A  7.200  143.319
2015-03-19T10:26:00Z  458.532  34.913  -46.385  7.19375E-16  SWARM-A  7.209  145.242
2015-03-19T10:26:30Z  458.212  32.988  -46.382  7.10530E-16  SWARM-A  7.218  147.165
2015-03-19T10:27:00Z  457.915  31.063  -46.384  7.01996E-16  SWARM-A  7.226  149.088
2015-03-19T10:27:30Z  457.642  29.137  -46.391  6.93793E-16  SWARM-A  7.234  151.011
2015-03-19T10:28:00Z  457.396  27.210  -46.402  6.85963E-16  SWARM-A  7.242  152.934
2015-03-19T10:28:30Z  457.178  25.283  -46.417  6.78527E-16  SWARM-A  7.249  154.856
2015-03-19T10:29:00Z  456.990  23.355  -46.435  6.71552E-16  SWARM-A  7.256  156.779
2015-03-19T10:29:30Z  456.835  21.426  -46.457  6.65032E-16  SWARM-A  7.263  158.701
2015-03-19T10:30:00Z  456.714  19.497  -46.481  6.58978E-16  SWARM-A  7.270  160.623
2015-03-19T10:30:30Z  456.629  17.568  -46.508  6.53435E-16  SWARM-A  7.276  162.545
2015-03-19T10:31:00Z  456.580  15.638  -46.536  6.48412E-16  SWARM-A  7.283  164.467
2015-03-19T10:31:30Z  456.569  13.708  -46.567  6.43899E-16  SWARM-A  7.289  166.389
2015-03-19T10:32:00Z  456.597  11.777  -46.599  6.39867E-16  SWARM-A  7.295  168.311
2015-03-19T10:32:30Z  456.665  9.847  -46.632  6.36317E-16  SWARM-A  7.301  170.232
2015-03-19T10:33:00Z  456.773  7.916  -46.666  6.33260E-16  SWARM-A  7.307  172.154
2015-03-19T10:33:30Z  456.923  5.985  -46.702  6.30725E-16  SWARM-A  7.313  174.075
2015-03-19T10:34:00Z  457.114  4.054  -46.738  6.28753E-16  SWARM-A  7.319  175.996
2015-03-19T10:34:30Z  457.347  2.124  -46.774  6.27216E-16  SWARM-A  7.325  177.917
2015-03-19T10:35:00Z  457.621  0.193  -46.810  6.26162E-16  SWARM-A  7.331  179.837
2015-03-19T10:35:30Z  457.936  -1.738  -46.847  6.25660E-16  SWARM-A  7.337  181.758
2015-03-19T10:36:00Z  458.292  -3.668  -46.883  6.25687E-16  SWARM-A  7.343  183.678
2015-03-19T10:36:30Z  458.688  -5.598  -46.919  6.26200E-16  SWARM-A  7.349  185.598
2015-03-19T10:37:00Z  459.124  -7.528  -46.955  6.27221E-16  SWARM-A  7.355  187.518
2015-03-19T10:37:30Z  459.598  -9.457  -46.989  6.28757E-16  SWARM-A  7.361  189.438
2015-03-19T10:38:00Z  460.110  -11.386  -47.023  6.30878E-16  SWARM-A  7.367  191.358
2015-03-19T10:38:30Z  460.657  -13.314  -47.055  6.33509E-16  SWARM-A  7.373  193.277
2015-03-19T10:39:00Z  461.239  -15.242  -47.086  6.36739E-16  SWARM-A  7.379  195.197
2015-03-19T10:39:30Z  461.853  -17.169  -47.115  6.40555E-16  SWARM-A  7.386  197.116
2015-03-19T10:40:00Z  462.499  -19.095  -47.142  6.44923E-16  SWARM-A  7.392  199.035
2015-03-19T10:40:30Z  463.174  -21.021  -47.167  6.49942E-16  SWARM-A  7.399  200.954
2015-03-19T10:41:00Z  463.875  -22.946  -47.190  6.55633E-16  SWARM-A  7.406  202.872
2015-03-19T10:41:30Z  464.601  -24.870  -47.209  6.62066E-16  SWARM-A  7.413  204.791
2015-03-19T10:42:00Z  465.349  -26.793  -47.225  6.69235E-16  SWARM-A  7.420  206.709
2015-03-19T10:42:30Z  466.118  -28.715  -47.237  6.77210E-16  SWARM-A  7.428  208.627
2015-03-19T10:43:00Z  466.903  -30.637  -47.246  6.86002E-16  SWARM-A  7.435  210.545
2015-03-19T10:43:30Z  467.703  -32.557  -47.249  6.95666E-16  SWARM-A  7.444  212.463
2015-03-19T10:44:00Z  468.515  -34.476  -47.247  7.06157E-16  SWARM-A  7.452  214.380
2015-03-19T10:44:30Z  469.336  -36.394  -47.240  7.17485E-16  SWARM-A  7.461  216.298
2015-03-19T10:45:00Z  470.163  -38.312  -47.225  7.29683E-16  SWARM-A  7.470  218.215
2015-03-19T10:45:30Z  470.994  -40.228  -47.203  7.42648E-16  SWARM-A  7.480  220.132
2015-03-19T10:46:00Z  471.825  -42.142  -47.173  7.56379E-16  SWARM-A  7.490  222.049
2015-03-19T10:46:30Z  472.653  -44.056  -47.133  7.70772E-16  SWARM-A  7.501  223.965
2015-03-19T10:47:00Z  473.476  -45.969  -47.082  7.85858E-16  SWARM-A  7.513  225.882
2015-03-19T10:47:30Z  474.290  -47.880  -47.018  8.01475E-16  SWARM-A  7.526  227.798
2015-03-19T10:48:00Z  475.093  -49.790  -46.940  8.17647E-16  SWARM-A  7.539  229.715
2015-03-19T10:48:30Z  475.882  -51.699  -46.845  8.34240E-16  SWARM-A  7.554  231.631
2015-03-19T10:49:00Z  476.654  -53.606  -46.732  8.51189E-16  SWARM-A  7.570  233.547
2015-03-19T10:49:30Z  477.405  -55.512  -46.595  8.68443E-16  SWARM-A  7.587  235.463
2015-03-19T10:50:00Z  478.133  -57.416  -46.432  8.85694E-16  SWARM-A  7.606  237.379
2015-03-19T10:50:30Z  478.837  -59.319  -46.238  9.02932E-16  SWARM-A  7.628  239.294
2015-03-19T10:51:00Z  479.511  -61.221  -46.006  9.19899E-16  SWARM-A  7.651  241.210
2015-03-19T10:51:30Z  480.156  -63.120  -45.728  9.36770E-16  SWARM-A  7.678  243.125
2015-03-19T10:52:00Z  480.767  -65.017  -45.394  9.53472E-16  SWARM-A  7.709  245.041
2015-03-19T10:52:30Z  481.343  -66.912  -44.990  9.70071E-16  SWARM-A  7.744  246.956
2015-03-19T10:53:00Z  481.882  -68.804  -44.496  9.86611E-16  SWARM-A  7.785  248.871
2015-03-19T10:53:30Z  482.382  -70.693  -43.888  1.00330E-15  SWARM-A  7.834  250.786
2015-03-19T10:54:00Z  482.841  -72.578  -43.128  1.02041E-15  SWARM-A  7.893  252.701
2015-03-19T10:54:30Z  483.257  -74.458  -42.161  1.03823E-15  SWARM-A  7.966  254.616
2015-03-19T10:55:00Z  483.628  -76.330  -40.903  1.05604E-15  SWARM-A  8.058  256.531
2015-03-19T10:55:30Z  483.954  -78.192  -39.217  1.07349E-15  SWARM-A  8.179  258.445
2015-03-19T10:56:00Z  484.233  -80.038  -36.868  1.09094E-15  SWARM-A  8.344  260.360
2015-03-19T10:56:30Z  484.464  -81.857  -33.417  1.10775E-15  SWARM-A  8.582  262.275
2015-03-19T10:57:00Z  484.647  -83.627  -27.965  1.12336E-15  SWARM-A  8.954  264.190
2015-03-19T10:57:30Z  484.780  -85.293  -18.435  1.13756E-15  SWARM-A  9.598  266.104
2015-03-19T10:58:00Z  484.864  -86.692  0.260  1.15055E-15  SWARM-A  10.853  268.019
2015-03-19T10:58:30Z  484.897  -87.361  35.233  1.16281E-15  SWARM-A  13.192  269.933
2015-03-19T10:59:00Z  484.880  -86.803  71.619  1.17345E-15  SWARM-A  15.627  271.848
2015-03-19T10:59:30Z  484.813  -85.449  91.692  1.18261E-15  SWARM-A  16.973  273.763
2015-03-19T14:00:00Z  481.446  -66.926  -92.031  9.20000E-16  SWARM-A  7.734  246.970
2015-03-19T14:00:30Z  481.977  -68.818  -91.536  9.20021E-16  SWARM-A  7.775  248.885
2015-03-19T14:01:00Z  482.470  -70.707  -90.926  9.20399E-16  SWARM-A  7.824  250.800
2015-03-19T14:01:30Z  482.921  -72.592  -90.164  9.21269E-16  SWARM-A  7.883  252.715
2015-03-19T14:02:00Z  483.330  -74.472  -89.194  9.22638E-16  SWARM-A  7.956  254.630
2015-03-19T14:02:30Z  483.694  -76.344  -87.932  9.24388E-16  SWARM-A  8.049  256.545
2015-03-19T14:03:00Z  484.012  -78.205  -86.240  9.26251E-16  SWARM-A  8.170  258.460
2015-03-19T14:03:30Z  484.284  -80.051  -83.882  9.28053E-16  SWARM-A  8.335  260.374
2015-03-19T14:04:00Z  484.508  -81.869  -80.417  9.29602E-16  SWARM-A  8.575  262.289
2015-03-19T14:04:30Z  484.683  -83.639  -74.940  9.30994E-16  SWARM-A  8.948  264.204
2015-03-19T14:05:00Z  484.809  -85.302  -65.360  9.32692E-16  SWARM-A  9.595  266.118
2015-03-19T14:05:30Z  484.884  -86.698  -46.566  9.35248E-16  SWARM-A  10.856  268.033
2015-03-19T14:06:00Z  484.910  -87.358  -11.512  9.38818E-16  SWARM-A  13.202  269.947
2015-03-19T14:06:30Z  484.886  -86.793  24.743  9.48173E-16  SWARM-A  15.627  271.862
2015-03-19T14:07:00Z  484.811  -85.436  44.710  9.47856E-16  SWARM-A  16.967  273.777
2015-03-19T14:07:30Z  484.686  -83.786  54.814  9.52890E-16  SWARM-A  17.648  275.691
2015-03-19T14:08:00Z  484.512  -82.023  60.534  9.58249E-16  SWARM-A  18.038  277.606
2015-03-19T14:08:30Z  484.289  -80.207  64.125  9.63814E-16  SWARM-A  18.286  279.521
2015-03-19T14:09:00Z  484.018  -78.363  66.556  9.69167E-16  SWARM-A  18.456  281.435
2015-03-19T14:09:30Z  483.700  -76.503  68.293  9.73202E-16  SWARM-A  18.580  283.350
2015-03-19T14:10:00Z  483.337  -74.631  69.586  9.76571E-16  SWARM-A  18.675  285.265
2015-03-19T14:10:30Z  482.928  -72.752  70.577  9.79359E-16  SWARM-A  18.749  287.180
2015-03-19T14:11:00Z  482.477  -70.868  71.354  9.81255E-16  SWARM-A  18.810  289.095
2015-03-19T14:11:30Z  481.984  -68.979  71.976  9.83124E-16  SWARM-A  18.859  291.010
2015-03-19T14:12:00Z  481.452  -67.088  72.479  9.84846E-16  SWARM-A  18.901  292.925
2015-03-19T14:12:30Z  480.882  -65.193  72.891  9.86912E-16  SWARM-A  18.937  294.840
2015-03-19T14:13:00Z  480.277  -63.296  73.232  9.89799E-16  SWARM-A  18.968  296.755
2015-03-19T14:13:30Z  479.639  -61.397  73.515  9.92697E-16  SWARM-A  18.995  298.671
2015-03-19T14:14:00Z  478.969  -59.496  73.751  9.96347E-16  SWARM-A  19.019  300.586
2015-03-19T14:14:30Z  478.272  -57.593  73.949  1.00106E-15  SWARM-A  19.041  302.502
2015-03-19T14:15:00Z  477.548  -55.689  74.115  1.00682E-15  SWARM-A  19.060  304.417
2015-03-19T14:15:30Z  476.802  -53.783  74.254  1.01195E-15  SWARM-A  19.078  306.333
2015-03-19T14:16:00Z  476.035  -51.876  74.370  1.01812E-15  SWARM-A  19.094  308.249
2015-03-19T14:16:30Z  475.250  -49.967  74.467  1.02373E-15  SWARM-A  19.109  310.165
2015-03-19T14:17:00Z  474.450  -48.057  74.546  1.02844E-15  SWARM-A  19.122  312.082
2015-03-19T14:17:30Z  473.638  -46.146  74.611  1.03205E-15  SWARM-A  19.135  313.998
2015-03-19T14:18:00Z  472.818  -44.234  74.664  1.03474E-15  SWARM-A  19.147  315.915
2015-03-19T14:18:30Z  471.991  -42.320  74.705  1.03682E-15  SWARM-A  19.158  317.831
2015-03-19T14:19:00Z  471.162  -40.406  74.736  1.03867E-15  SWARM-A  19.168  319.748
2015-03-19T14:19:30Z  470.332  -38.490  74.759  1.04058E-15  SWARM-A  19.178  321.665
2015-03-19T14:20:00Z  469.505  -36.573  74.774  1.04260E-15  SWARM-A  19.188  323.582
2015-03-19T14:20:30Z  468.684  -34.655  74.783  1.04474E-15  SWARM-A  19.196  325.500
2015-03-19T14:21:00Z  467.872  -32.736  74.785  1.04669E-15  SWARM-A  19.205  327.417
2015-03-19T14:21:30Z  467.070  -30.815  74.782  1.04869E-15  SWARM-A  19.213  329.335
2015-03-19T14:22:00Z  466.284  -28.894  74.775  1.05007E-15  SWARM-A  19.221  331.253
2015-03-19T14:22:30Z  465.513  -26.972  74.763  1.05080E-15  SWARM-A  19.228  333.171
2015-03-19T14:23:00Z  464.763  -25.049  74.747  1.05297E-15  SWARM-A  19.236  335.089
2015-03-19T14:23:30Z  464.034  -23.125  74.728  1.05328E-15  SWARM-A  19.243  337.007
2015-03-19T14:24:00Z  463.330  -21.200  74.706  1.05286E-15  SWARM-A  19.250  338.926
2015-03-19T14:24:30Z  462.652  -19.275  74.682  1.05284E-15  SWARM-A  19.256  340.844
2015-03-19T14:25:00Z  462.003  -17.349  74.655  1.05210E-15  SWARM-A  19.263  342.763
2015-03-19T14:25:30Z  461.384  -15.422  74.626  1.05110E-15  SWARM-A  19.269  344.682
2015-03-19T14:26:00Z  460.798  -13.494  74.595  1.04945E-15  SWARM-A  19.276  346.602
2015-03-19T14:26:30Z  460.247  -11.566  74.563  1.04688E-15  SWARM-A  19.282  348.521
2015-03-19T14:27:00Z  459.731  -9.637  74.530  1.04444E-15  SWARM-A  19.288  350.441
2015-03-19T14:27:30Z  459.252  -7.708  74.495  1.04132E-15  SWARM-A  19.294  352.360
2015-03-19T14:28:00Z  458.811  -5.778  74.460  1.03783E-15  SWARM-A  19.300  354.280
2015-03-19T14:28:30Z  458.410  -3.849  74.424  1.03383E-15  SWARM-A  19.306  356.200
2015-03-19T14:29:00Z  458.049  -1.918  74.388  1.02962E-15  SWARM-A  19.312  358.121
2015-03-19T14:29:30Z  457.729  0.012  74.351  1.02524E-15  SWARM-A  19.318  0.041
2015-03-19T14:30:00Z  457.451  1.943  74.315  1.02067E-15  SWARM-A  19.324  1.962
2015-03-19T14:30:30Z  457.213  3.873  74.279  1.01603E-15  SWARM-A  19.330  3.883
2015-03-19T14:31:00Z  457.017  5.804  74.243  1.01143E-15  SWARM-A  19.336  5.803
2015-03-19T14:31:30Z  456.863  7.735  74.208  1.00691E-15  SWARM-A  19.341  7.725
2015-03-19T14:32:00Z  456.750  9.666  74.173  1.00258E-15  SWARM-A  19.348  9.646
2015-03-19T14:32:30Z  456.678  11.596  74.140  9.98474E-16  SWARM-A  19.354  11.567
2015-03-19T14:33:00Z  456.645  13.527  74.108  9.94605E-16  SWARM-A  19.360  13.489
2015-03-19T14:33:30Z  456.652  15.457  74.078  9.90980E-16  SWARM-A  19.366  15.411
2015-03-19T14:34:00Z  456.696  17.386  74.049  9.87739E-16  SWARM-A  19.373  17.333
2015-03-19T14:34:30Z  456.778  19.316  74.022  9.84877E-16  SWARM-A  19.379  19.255
2015-03-19T14:35:00Z  456.895  21.245  73.998  9.82245E-16  SWARM-A  19.386  21.177
2015-03-19T14:35:30Z  457.046  23.173  73.976  9.79899E-16  SWARM-A  19.393  23.099
2015-03-19T14:36:00Z  457.229  25.101  73.957  9.77971E-16  SWARM-A  19.400  25.021
2015-03-19T14:36:30Z  457.444  27.029  73.942  9.76189E-16  SWARM-A  19.407  26.944
2015-03-19T14:37:00Z  457.686  28.956  73.931  9.74553E-16  SWARM-A  19.415  28.867
2015-03-19T14:37:30Z  457.956  30.882  73.923  9.73027E-16  SWARM-A  19.423  30.789
2015-03-19T14:38:00Z  458.250  32.807  73.921  9.71525E-16  SWARM-A  19.431  32.712
2015-03-19T14:38:30Z  458.567  34.732  73.924  9.69975E-16  SWARM-A  19.439  34.635
2015-03-19T14:39:00Z  458.903  36.656  73.933  9.68321E-16  SWARM-A  19.448  36.559
2015-03-19T14:39:30Z  459.258  38.579  73.949  9.66489E-16  SWARM-A  19.458  38.482
2015-03-19T14:40:00Z  459.628  40.501  73.973  9.64428E-16  SWARM-A  19.468  40.405
2015-03-19T14:40:30Z  460.011  42.422  74.005  9.62085E-16  SWARM-A  19.478  42.329
2015-03-19T14:41:00Z  460.404  44.343  74.048  9.59372E-16  SWARM-A  19.489  44.252
2015-03-19T14:41:30Z  460.806  46.262  74.101  9.56202E-16  SWARM-A  19.501  46.176
2015-03-19T14:42:00Z  461.213  48.180  74.168  9.52477E-16  SWARM-A  19.514  48.100
2015-03-19T14:42:30Z  461.623  50.098  74.249  9.48039E-16  SWARM-A  19.528  50.023
2015-03-19T14:43:00Z  462.034  52.014  74.348  9.42746E-16  SWARM-A  19.543  51.947
2015-03-19T14:43:30Z  462.443  53.929  74.466  9.36693E-16  SWARM-A  19.559  53.871
2015-03-19T14:44:00Z  462.847  55.843  74.608  9.30053E-16  SWARM-A  19.577  55.795
2015-03-19T14:44:30Z  463.245  57.755  74.778  9.23217E-16  SWARM-A  19.596  57.719
2015-03-19T14:45:00Z  463.634  59.666  74.980  9.16340E-16  SWARM-A  19.618  59.643
2015-03-19T14:45:30Z  464.011  61.576  75.222  9.09739E-16  SWARM-A  19.642  61.568
2015-03-19T14:46:00Z  464.375  63.483  75.512  9.03009E-16  SWARM-A  19.670  63.492
2015-03-19T14:46:30Z  464.723  65.389  75.861  8.95983E-16  SWARM-A  19.702  65.416
2015-03-19T14:47:00Z  465.054  67.293  76.285  8.88268E-16  SWARM-A  19.738  67.340
2015-03-19T14:47:30Z  465.366  69.193  76.802  8.79854E-16  SWARM-A  19.781  69.265
2015-03-19T14:48:00Z  465.656  71.091  77.443  8.70747E-16  SWARM-A  19.832  71.189
2015-03-19T14:48:30Z  465.924  72.984  78.247  8.61453E-16  SWARM-A  19.894  73.114
2015-03-19T14:49:00Z  466.167  74.872  79.276  8.52143E-16  SWARM-A  19.971  75.038
2015-03-19T14:49:30Z  466.385  76.751  80.624  8.42991E-16  SWARM-A  20.069  76.963
2015-03-19T14:50:00Z  466.576  78.619  82.447  8.34331E-16  SWARM-A  20.199  78.887
2015-03-19T14:50:30Z  466.739  80.470  85.018  8.26459E-16  SWARM-A  20.379  80.812
2015-03-19T14:51:00Z  466.873  82.289  88.861  8.19538E-16  SWARM-A  20.643  82.736
2015-03-19T14:51:30Z  466.978  84.050  95.080  8.13652E-16  SWARM-A  21.066  84.661
2015-03-19T14:52:00Z  467.053  85.679  106.304  8.08840E-16  SWARM-A  21.823  86.586
2015-03-19T14:52:30Z  467.097  86.960  128.799  8.05125E-16  SWARM-A  23.331  88.510
2015-03-19T14:53:00Z  467.111  87.330  167.141  8.02058E-16  SWARM-A  1.895  90.435
2015-03-19T14:53:30Z  467.094  86.489  -160.382  7.99014E-16  SWARM-A  4.069  92.359
2015-03-19T14:54:00Z  467.046  85.017  -143.713  7.96429E-16  SWARM-A  5.189  94.284
2015-03-19T14:54:30Z  466.968  83.318  -135.092  7.94372E-16  SWARM-A  5.772  96.208
2015-03-19T14:55:00Z  466.860  81.527  -130.074  7.92690E-16  SWARM-A  6.114  98.133
2015-03-19T14:55:30Z  466.723  79.693  -126.856  7.91219E-16  SWARM-A  6.337  100.058
2015-03-19T14:56:00Z  466.557  77.834  -124.645  7.89799E-16  SWARM-A  6.493  101.982
2015-03-19T14:56:30Z  466.364  75.960  -123.047  7.88607E-16  SWARM-A  6.608  103.907
2015-03-19T14:57:00Z  466.145  74.077  -121.848  7.87712E-16  SWARM-A  6.696  105.831
2015-03-19T14:57:30Z  465.900  72.187  -120.923  7.87231E-16  SWARM-A  6.766  107.755
2015-03-19T14:58:00Z  465.632  70.292  -120.194  7.87334E-16  SWARM-A  6.823  109.680
2015-03-19T14:58:30Z  465.341  68.393  -119.609  7.88160E-16  SWARM-A  6.870  111.604
2015-03-19T14:59:00Z  465.030  66.491  -119.134  7.89840E-16  SWARM-A  6.910  113.528
2015-03-19T14:59:30Z  464.700  64.587  -118.744  7.92163E-16  SWARM-A  6.945  115.453
2015-03-19T15:00:00Z  464.354  62.680  -118.422  7.98123E-16  SWARM-A  6.975  117.377
2015-03-19T15:00:30Z  463.992  60.772  -118.153  8.00312E-16  SWARM-A  7.001  119.301
2015-03-19T15:01:00Z  463.618  58.861  -117.929  8.02616E-16  SWARM-A  7.024  121.225
2015-03-19T15:01:30Z  463.233  56.950  -117.741  8.05009E-16  SWARM-A  7.045  123.149
2015-03-19T15:02:00Z  462.840  55.037  -117.584  8.07378E-16  SWARM-A  7.064  125.073
2015-03-19T15:02:30Z  462.440  53.123  -117.452  8.10183E-16  SWARM-A  7.081  126.997
2015-03-19T15:03:00Z  462.038  51.207  -117.343  8.13584E-16  SWARM-A  7.097  128.921
2015-03-19T15:03:30Z  461.634  49.291  -117.252  8.17762E-16  SWARM-A  7.111  130.845
2015-03-19T15:04:00Z  461.231  47.373  -117.177  8.22680E-16  SWARM-A  7.124  132.768
2015-03-19T15:04:30Z  460.832  45.454  -117.116  8.28197E-16  SWARM-A  7.137  134.692
2015-03-19T15:05:00Z  460.440  43.535  -117.067  8.34089E-16  SWARM-A  7.148  136.615
2015-03-19T15:05:30Z  460.056  41.614  -117.029  8.40155E-16  SWARM-A  7.159  138.539
2015-03-19T15:06:00Z  459.683  39.693  -117.001  8.46169E-16  SWARM-A  7.169  140.462
2015-03-19T15:06:30Z  459.325  37.770  -116.980  8.51953E-16  SWARM-A  7.179  142.385
2015-03-19T15:07:00Z  458.982  35.847  -116.967  8.57515E-16  SWARM-A  7.188  144.308
2015-03-19T15:07:30Z  458.658  33.923  -116.961  8.62818E-16  SWARM-A  7.197  146.231
2015-03-19T15:08:00Z  458.355  31.998  -116.960  8.67801E-16  SWARM-A  7.205  148.154
2015-03-19T15:08:30Z  458.075  30.072  -116.965  8.72448E-16  SWARM-A  7.213  150.077
2015-03-19T15:09:00Z  457.820  28.146  -116.974  8.76677E-16  SWARM-A  7.221  152.000
2015-03-19T15:09:30Z  457.592  26.219  -116.987  8.80467E-16  SWARM-A  7.229  153.922
2015-03-19T15:10:00Z  457.394  24.291  -117.004  8.83814E-16  SWARM-A  7.236  155.844
2015-03-19T15:10:30Z  457.227  22.363  -117.024  8.86690E-16  SWARM-A  7.243  157.767
2015-03-19T15:11:00Z  457.093  20.435  -117.047  8.89137E-16  SWARM-A  7.250  159.689
2015-03-19T15:11:30Z  456.993  18.506  -117.072  8.91165E-16  SWARM-A  7.256  161.611
2015-03-19T15:12:00Z  456.929  16.576  -117.100  8.92760E-16  SWARM-A  7.263  163.533
2015-03-19T15:12:30Z  456.903  14.646  -117.129  8.93931E-16  SWARM-A  7.269  165.454
2015-03-19T15:13:00Z  456.914  12.716  -117.160  8.94703E-16  SWARM-A  7.275  167.376
2015-03-19T15:13:30Z  456.964  10.786  -117.193  8.95105E-16  SWARM-A  7.282  169.297
2015-03-19T15:14:00Z  457.054  8.856  -117.227  8.95152E-16  SWARM-A  7.288  171.218
2015-03-19T15:14:30Z  457.185  6.925  -117.262  8.94804E-16  SWARM-A  7.294  173.139
2015-03-19T15:15:00Z  457.357  4.994  -117.297  8.94151E-16  SWARM-A  7.300  175.060
2015-03-19T15:15:30Z  457.569  3.064  -117.333  8.93194E-16  SWARM-A  7.306  176.981
2015-03-19T15:16:00Z  457.823  1.133  -117.369  8.91933E-16  SWARM-A  7.311  178.902
2015-03-19T15:16:30Z  458.117  -0.797  -117.406  8.90366E-16  SWARM-A  7.317  180.822
2015-03-19T15:17:00Z  458.453  -2.727  -117.442  8.88440E-16  SWARM-A  7.323  182.742
2015-03-19T15:17:30Z  458.828  -4.657  -117.478  8.86149E-16  SWARM-A  7.329  184.662
2015-03-19T15:18:00Z  459.242  -6.587  -117.514  8.83550E-16  SWARM-A  7.335  186.582
2015-03-19T15:18:30Z  459.696  -8.516  -117.549  8.80590E-16  SWARM-A  7.341  188.502
2015-03-19T15:19:00Z  460.186  -10.445  -117.583  8.77287E-16  SWARM-A  7.347  190.422
2015-03-19T15:19:30Z  460.713  -12.374  -117.616  8.73657E-16  SWARM-A  7.353  192.341
2015-03-19T15:20:00Z  461.274  -14.301  -117.648  8.69697E-16  SWARM-A  7.360  194.260
2015-03-19T15:20:30Z  461.869  -16.229  -117.678  8.65391E-16  SWARM-A  7.366  196.179
2015-03-19T15:21:00Z  462.495  -18.155  -117.706  8.60818E-16  SWARM-A  7.372  198.098
2015-03-19T15:21:30Z  463.150  -20.081  -117.732  8.56050E-16  SWARM-A  7.379  200.017
2015-03-19T15:22:00Z  463.833  -22.006  -117.755  8.51111E-16  SWARM-A  7.386  201.935
2015-03-19T15:22:30Z  464.542  -23.930  -117.776  8.45998E-16  SWARM-A  7.393  203.854
2015-03-19T15:23:00Z  465.273  -25.854  -117.794  8.40831E-16  SWARM-A  7.400  205.772
2015-03-19T15:23:30Z  466.025  -27.776  -117.808  8.35675E-16  SWARM-A  7.407  207.690
2015-03-19T15:24:00Z  466.796  -29.698  -117.818  8.30579E-16  SWARM-A  7.415  209.608
2015-03-19T15:24:30Z  467.582  -31.619  -117.824  8.25607E-16  SWARM-A  7.423  211.525
2015-03-19T15:25:00Z  468.381  -33.538  -117.825  8.20770E-16  SWARM-A  7.431  213.443
2015-03-19T15:25:30Z  469.190  -35.457  -117.820  8.16115E-16  SWARM-A  7.440  215.360
2015-03-19T15:26:00Z  470.006  -37.374  -117.809  8.11666E-16  SWARM-A  7.449  217.277
2015-03-19T15:26:30Z  470.827  -39.291  -117.790  8.07435E-16  SWARM-A  7.458  219.194
2015-03-19T15:27:00Z  471.649  -41.206  -117.764  8.03429E-16  SWARM-A  7.469  221.111
2015-03-19T15:27:30Z  472.470  -43.120  -117.729  7.99645E-16  SWARM-A  7.479  223.028
2015-03-19T15:28:00Z  473.286  -45.033  -117.683  7.96056E-16  SWARM-A  7.491  224.944
2015-03-19T15:28:30Z  474.096  -46.945  -117.626  7.92573E-16  SWARM-A  7.503  226.861
2015-03-19T15:29:00Z  474.895  -48.856  -117.555  7.89220E-16  SWARM-A  7.516  228.777
2015-03-19T15:29:30Z  475.680  -50.765  -117.469  7.85933E-16  SWARM-A  7.530  230.693
2015-03-19T15:30:00Z  476.450  -52.673  -117.364  7.82623E-16  SWARM-A  7.545  232.609
