2023-09-17T20:30:00Z  484.783  29.965  118.534  5.02135E-16  SWARM-A  4.494  29.779
2023-09-17T20:30:30Z  485.042  31.879  118.528  5.09275E-16  SWARM-A  4.502  31.691
2023-09-17T20:31:00Z  485.325  33.793  118.528  5.16862E-16  SWARM-A  4.511  33.603
2023-09-17T20:31:30Z  485.629  35.706  118.534  5.24910E-16  SWARM-A  4.519  35.514
2023-09-17T20:32:00Z  485.952  37.618  118.546  5.33362E-16  SWARM-A  4.528  37.426
2023-09-17T20:32:30Z  486.292  39.529  118.565  5.42232E-16  SWARM-A  4.538  39.338
2023-09-17T20:33:00Z  486.647  41.440  118.592  5.51482E-16  SWARM-A  4.548  41.251
2023-09-17T20:33:30Z  487.013  43.350  118.628  5.61050E-16  SWARM-A  4.559  43.163
2023-09-17T20:34:00Z  487.389  45.258  118.675  5.71017E-16  SWARM-A  4.570  45.075
2023-09-17T20:34:30Z  487.773  47.166  118.734  5.81271E-16  SWARM-A  4.583  46.988
2023-09-17T20:35:00Z  488.161  49.073  118.806  5.91784E-16  SWARM-A  4.596  48.900
2023-09-17T20:35:30Z  488.551  50.978  118.894  6.02557E-16  SWARM-A  4.610  50.813
2023-09-17T20:36:00Z  488.941  52.883  119.001  6.13567E-16  SWARM-A  4.625  52.726
2023-09-17T20:36:30Z  489.328  54.786  119.128  6.24832E-16  SWARM-A  4.642  54.638
2023-09-17T20:37:00Z  489.711  56.688  119.281  6.36563E-16  SWARM-A  4.661  56.551
2023-09-17T20:37:30Z  490.087  58.589  119.463  6.48765E-16  SWARM-A  4.681  58.464
2023-09-17T20:38:00Z  490.453  60.488  119.680  6.61301E-16  SWARM-A  4.704  60.377
2023-09-17T20:38:30Z  490.808  62.386  119.940  6.74429E-16  SWARM-A  4.730  62.290
2023-09-17T20:39:00Z  491.149  64.282  120.251  6.88063E-16  SWARM-A  4.759  64.204
2023-09-17T20:39:30Z  491.474  66.176  120.627  7.01973E-16  SWARM-A  4.792  66.117
2023-09-17T20:40:00Z  491.782  68.067  121.084  7.15995E-16  SWARM-A  4.831  68.030
2023-09-17T20:40:30Z  492.071  69.956  121.644  7.30066E-16  SWARM-A  4.877  69.943
2023-09-17T20:41:00Z  492.339  71.841  122.341  7.44248E-16  SWARM-A  4.931  71.857
2023-09-17T20:41:30Z  492.585  73.721  123.221  7.57614E-16  SWARM-A  4.998  73.770
2023-09-17T20:42:00Z  492.807  75.595  124.354  7.71220E-16  SWARM-A  5.082  75.684
2023-09-17T20:42:30Z  493.003  77.460  125.853  7.85305E-16  SWARM-A  5.191  77.597
2023-09-17T20:43:00Z  493.174  79.311  127.907  8.00031E-16  SWARM-A  5.336  79.510
2023-09-17T20:43:30Z  493.317  81.141  130.855  8.15426E-16  SWARM-A  5.541  81.424
2023-09-17T20:44:00Z  493.432  82.933  135.365  8.31609E-16  SWARM-A  5.850  83.337
2023-09-17T20:44:30Z  493.519  84.649  142.908  8.48538E-16  SWARM-A  6.361  85.251
2023-09-17T20:45:00Z  493.576  86.184  157.062  8.66808E-16  SWARM-A  7.313  87.164
2023-09-17T20:45:30Z  493.605  87.223  -174.720  8.86324E-16  SWARM-A  9.202  89.078
2023-09-17T20:46:00Z  493.603  87.155  -135.315  9.07248E-16  SWARM-A  11.838  90.992
2023-09-17T20:46:30Z  493.572  86.037  -108.937  9.29534E-16  SWARM-A  13.605  92.905
2023-09-17T20:47:00Z  493.511  84.474  -95.765  9.52525E-16  SWARM-A  14.491  94.819
2023-09-17T20:47:30Z  493.422  82.747  -88.657  9.76115E-16  SWARM-A  14.973  96.732
2023-09-17T20:48:00Z  493.304  80.950  -84.361  1.00038E-15  SWARM-A  15.268  98.646
2023-09-17T20:48:30Z  493.157  79.117  -81.531  1.02525E-15  SWARM-A  15.465  100.559
2023-09-17T20:49:00Z  492.984  77.264  -79.548  1.04990E-15  SWARM-A  15.605  102.473
2023-09-17T20:49:30Z  492.785  75.397  -78.095  1.07456E-15  SWARM-A  15.711  104.386
2023-09-17T20:50:00Z  492.560  73.523  -76.992  1.09973E-15  SWARM-A  15.793  106.300
2023-09-17T20:50:30Z  492.312  71.642  -76.135  1.12529E-15  SWARM-A  15.858  108.213
2023-09-17T20:51:00Z  492.042  69.757  -75.455  1.15121E-15  SWARM-A  15.912  110.126
2023-09-17T20:51:30Z  491.751  67.868  -74.906  1.17729E-15  SWARM-A  15.957  112.040
2023-09-17T20:52:00Z  491.441  65.976  -74.459  1.20340E-15  SWARM-A  15.995  113.953
2023-09-17T20:52:30Z  491.114  64.082  -74.090  1.22941E-15  SWARM-A  16.028  115.866
2023-09-17T20:53:00Z  490.771  62.186  -73.785  1.25509E-15  SWARM-A  16.056  117.779
2023-09-17T20:53:30Z  490.415  60.288  -73.530  1.28030E-15  SWARM-A  16.082  119.692
2023-09-17T20:54:00Z  490.048  58.388  -73.317  1.30440E-15  SWARM-A  16.104  121.605
2023-09-17T20:54:30Z  489.672  56.488  -73.138  1.32773E-15  SWARM-A  16.125  123.518
2023-09-17T20:55:00Z  489.289  54.585  -72.989  1.35019E-15  SWARM-A  16.143  125.431
2023-09-17T20:55:30Z  488.902  52.682  -72.863  1.37189E-15  SWARM-A  16.160  127.344
2023-09-17T20:56:00Z  488.512  50.777  -72.759  1.39274E-15  SWARM-A  16.175  129.257
2023-09-17T20:56:30Z  488.123  48.871  -72.673  1.41272E-15  SWARM-A  16.189  131.169
2023-09-17T20:57:00Z  487.736  46.965  -72.602  1.43169E-15  SWARM-A  16.202  133.082
2023-09-17T20:57:30Z  487.354  45.057  -72.544  1.44940E-15  SWARM-A  16.214  134.994
2023-09-17T20:58:00Z  486.980  43.148  -72.498  1.46568E-15  SWARM-A  16.226  136.907
2023-09-17T20:58:30Z  486.616  41.238  -72.463  1.48045E-15  SWARM-A  16.236  138.819
2023-09-17T20:59:00Z  486.264  39.328  -72.437  1.49366E-15  SWARM-A  16.246  140.731
2023-09-17T20:59:30Z  485.927  37.416  -72.418  1.50533E-15  SWARM-A  16.256  142.643
2023-09-17T21:00:00Z  485.607  35.504  -72.407  1.51468E-15  SWARM-A  16.265  144.555
2023-09-17T21:00:30Z  485.306  33.591  -72.402  1.52373E-15  SWARM-A  16.274  146.467
2023-09-17T21:01:00Z  485.027  31.677  -72.403  1.53165E-15  SWARM-A  16.282  148.378
2023-09-17T21:01:30Z  484.772  29.763  -72.409  1.53851E-15  SWARM-A  16.290  150.290
2023-09-17T21:02:00Z  484.543  27.847  -72.419  1.54446E-15  SWARM-A  16.297  152.201
2023-09-17T21:02:30Z  484.342  25.932  -72.433  1.54959E-15  SWARM-A  16.305  154.113
2023-09-17T21:03:00Z  484.171  24.015  -72.451  1.55394E-15  SWARM-A  16.312  156.024
2023-09-17T21:03:30Z  484.031  22.098  -72.472  1.55759E-15  SWARM-A  16.319  157.935
2023-09-17T21:04:00Z  483.924  20.181  -72.496  1.56065E-15  SWARM-A  16.326  159.846
2023-09-17T21:04:30Z  483.852  18.263  -72.522  1.56309E-15  SWARM-A  16.332  161.756
2023-09-17T21:05:00Z  483.816  16.345  -72.550  1.56495E-15  SWARM-A  16.339  163.667
2023-09-17T21:05:30Z  483.817  14.427  -72.580  1.56618E-15  SWARM-A  16.345  165.577
2023-09-17T21:06:00Z  483.856  12.508  -72.612  1.56678E-15  SWARM-A  16.351  167.488
2023-09-17T21:06:30Z  483.934  10.589  -72.645  1.56671E-15  SWARM-A  16.357  169.398
2023-09-17T21:07:00Z  484.051  8.670  -72.679  1.56590E-15  SWARM-A  16.363  171.308
2023-09-17T21:07:30Z  484.209  6.751  -72.714  1.56431E-15  SWARM-A  16.369  173.218
2023-09-17T21:08:00Z  484.407  4.831  -72.750  1.56186E-15  SWARM-A  16.375  175.127
2023-09-17T21:08:30Z  484.646  2.912  -72.787  1.55846E-15  SWARM-A  16.381  177.037
2023-09-17T21:09:00Z  484.925  0.993  -72.824  1.55404E-15  SWARM-A  16.387  178.946
2023-09-17T21:09:30Z  485.245  -0.926  -72.860  1.54855E-15  SWARM-A  16.393  180.855
2023-09-17T21:10:00Z  485.605  -2.845  -72.897  1.54191E-15  SWARM-A  16.399  182.764
2023-09-17T21:10:30Z  486.004  -4.763  -72.934  1.53405E-15  SWARM-A  16.405  184.672
2023-09-17T21:11:00Z  486.443  -6.681  -72.970  1.52490E-15  SWARM-A  16.411  186.581
2023-09-17T21:11:30Z  486.919  -8.599  -73.005  1.51449E-15  SWARM-A  16.417  188.489
2023-09-17T21:12:00Z  487.432  -10.516  -73.039  1.50277E-15  SWARM-A  16.423  190.397
2023-09-17T21:12:30Z  487.980  -12.433  -73.073  1.48973E-15  SWARM-A  16.429  192.305
2023-09-17T21:13:00Z  488.563  -14.349  -73.105  1.47541E-15  SWARM-A  16.435  194.213
2023-09-17T21:13:30Z  489.178  -16.265  -73.135  1.45982E-15  SWARM-A  16.441  196.121
2023-09-17T21:14:00Z  489.824  -18.180  -73.163  1.44305E-15  SWARM-A  16.448  198.028
2023-09-17T21:14:30Z  490.499  -20.094  -73.190  1.42507E-15  SWARM-A  16.454  199.936
2023-09-17T21:15:00Z  491.201  -22.008  -73.214  1.40603E-15  SWARM-A  16.461  201.843
2023-09-17T21:15:30Z  491.928  -23.921  -73.235  1.38589E-15  SWARM-A  16.468  203.749
2023-09-17T21:16:00Z  492.678  -25.832  -73.253  1.36474E-15  SWARM-A  16.475  205.656
2023-09-17T21:16:30Z  493.447  -27.743  -73.268  1.34241E-15  SWARM-A  16.483  207.563
2023-09-17T21:17:00Z  494.235  -29.653  -73.279  1.31928E-15  SWARM-A  16.490  209.469
2023-09-17T21:17:30Z  495.037  -31.563  -73.285  1.29538E-15  SWARM-A  16.498  211.375
2023-09-17T21:18:00Z  495.852  -33.471  -73.286  1.27091E-15  SWARM-A  16.506  213.281
2023-09-17T21:18:30Z  496.677  -35.378  -73.282  1.24593E-15  SWARM-A  16.515  215.187
2023-09-17T21:19:00Z  497.508  -37.284  -73.272  1.22054E-15  SWARM-A  16.524  217.092
2023-09-17T21:19:30Z  498.344  -39.189  -73.255  1.19488E-15  SWARM-A  16.534  218.998
2023-09-17T21:20:00Z  499.181  -41.093  -73.230  1.16889E-15  SWARM-A  16.544  220.903
2023-09-17T21:20:30Z  500.016  -42.995  -73.196  1.14286E-15  SWARM-A  16.554  222.808
2023-09-17T21:21:00Z  500.846  -44.897  -73.152  1.11691E-15  SWARM-A  16.565  224.713
2023-09-17T21:21:30Z  501.669  -46.797  -73.096  1.09116E-15  SWARM-A  16.577  226.618
2023-09-17T21:22:00Z  502.482  -48.696  -73.027  1.06551E-15  SWARM-A  16.590  228.523
2023-09-17T21:22:30Z  503.281  -50.594  -72.943  1.03936E-15  SWARM-A  16.604  230.427
2023-09-17T21:23:00Z  504.064  -52.490  -72.842  1.01374E-15  SWARM-A  16.619  232.332
2023-09-17T21:23:30Z  504.829  -54.385  -72.720  9.88745E-16  SWARM-A  16.636  234.236
2023-09-17T21:24:00Z  505.571  -56.279  -72.574  9.64399E-16  SWARM-A  16.654  236.140
2023-09-17T21:24:30Z  506.289  -58.171  -72.400  9.40771E-16  SWARM-A  16.674  238.044
2023-09-17T21:25:00Z  506.981  -60.062  -72.193  9.17926E-16  SWARM-A  16.696  239.948
2023-09-17T21:25:30Z  507.642  -61.951  -71.946  8.95789E-16  SWARM-A  16.721  241.852
2023-09-17T21:26:00Z  508.272  -63.837  -71.649  8.74447E-16  SWARM-A  16.749  243.755
2023-09-17T21:26:30Z  508.868  -65.722  -71.292  8.53813E-16  SWARM-A  16.781  245.659
2023-09-17T21:27:00Z  509.428  -67.605  -70.860  8.34570E-16  SWARM-A  16.818  247.562
2023-09-17T21:27:30Z  509.949  -69.484  -70.330  8.16030E-16  SWARM-A  16.862  249.466
2023-09-17T21:28:00Z  510.430  -71.360  -69.676  7.97919E-16  SWARM-A  16.914  251.369
2023-09-17T21:28:30Z  510.869  -73.232  -68.854  7.80086E-16  SWARM-A  16.977  253.272
2023-09-17T21:29:00Z  511.265  -75.098  -67.802  7.62416E-16  SWARM-A  17.055  255.175
2023-09-17T21:29:30Z  511.615  -76.955  -66.424  7.44952E-16  SWARM-A  17.156  257.078
2023-09-17T21:30:00Z  511.920  -78.801  -64.558  7.27804E-16  SWARM-A  17.288  258.981
2023-09-17T21:30:30Z  512.177  -80.628  -61.922  7.11171E-16  SWARM-A  17.472  260.884
2023-09-17T21:31:00Z  512.386  -82.423  -57.980  6.95200E-16  SWARM-A  17.744  262.787
2023-09-17T21:31:30Z  512.545  -84.158  -51.590  6.79226E-16  SWARM-A  18.178  264.690
2023-09-17T21:32:00Z  512.655  -85.757  -40.052  6.64034E-16  SWARM-A  18.955  266.593
2023-09-17T21:32:30Z  512.715  -86.995  -17.069  6.49311E-16  SWARM-A  20.496  268.496
2023-09-17T21:33:00Z  512.725  -87.315  21.123  6.35043E-16  SWARM-A  23.050  270.399
2023-09-17T21:33:30Z  512.684  -86.460  52.770  6.21812E-16  SWARM-A  1.169  272.302
2023-09-17T21:34:00Z  512.593  -85.000  69.083  6.09365E-16  SWARM-A  2.264  274.205
2023-09-17T21:34:30Z  512.453  -83.320  77.596  5.97363E-16  SWARM-A  2.840  276.108
2023-09-17T21:35:00Z  512.263  -81.551  82.583  5.85774E-16  SWARM-A  3.181  278.011
2023-09-17T21:35:30Z  512.024  -79.737  85.793  5.74544E-16  SWARM-A  3.403  279.914
2023-09-17T21:36:00Z  511.737  -77.900  88.005  5.63396E-16  SWARM-A  3.559  281.817
2023-09-17T21:36:30Z  511.403  -76.048  89.607  5.52702E-16  SWARM-A  3.674  283.720
2023-09-17T21:37:00Z  511.024  -74.186  90.811  5.42480E-16  SWARM-A  3.763  285.623
2023-09-17T21:37:30Z  510.600  -72.317  91.740  5.32805E-16  SWARM-A  3.833  287.526
2023-09-17T21:38:00Z  510.133  -70.443  92.474  5.23706E-16  SWARM-A  3.891  289.430
2023-09-17T21:38:30Z  509.626  -68.565  93.063  5.15278E-16  SWARM-A  3.938  291.333
2023-09-17T21:39:00Z  509.079  -66.684  93.542  5.07460E-16  SWARM-A  3.978  293.237
2023-09-17T21:39:30Z  508.495  -64.800  93.935  5.00319E-16  SWARM-A  4.013  295.140
2023-09-17T21:40:00Z  507.876  -62.914  94.261  4.93829E-16  SWARM-A  4.043  297.044
2023-09-17T21:40:30Z  507.224  -61.026  94.532  4.87936E-16  SWARM-A  4.069  298.948
2023-09-17T21:41:00Z  506.542  -59.137  94.759  4.82609E-16  SWARM-A  4.093  300.851
2023-09-17T21:41:30Z  505.831  -57.245  94.949  4.77760E-16  SWARM-A  4.114  302.755
2023-09-17T21:42:00Z  505.095  -55.352  95.109  4.73335E-16  SWARM-A  4.133  304.660
2023-09-17T21:42:30Z  504.336  -53.458  95.242  4.69266E-16  SWARM-A  4.150  306.564
2023-09-17T21:43:00Z  503.556  -51.562  95.353  4.65558E-16  SWARM-A  4.166  308.468
2023-09-17T21:43:30Z  502.760  -49.665  95.446  4.62288E-16  SWARM-A  4.180  310.373
2023-09-17T21:44:00Z  501.948  -47.766  95.522  4.59480E-16  SWARM-A  4.194  312.277
2023-09-17T21:44:30Z  501.125  -45.867  95.585  4.57142E-16  SWARM-A  4.206  314.182
2023-09-17T21:45:00Z  500.293  -43.966  95.634  4.55308E-16  SWARM-A  4.218  316.087
2023-09-17T21:45:30Z  499.455  -42.064  95.673  4.53838E-16  SWARM-A  4.229  317.992
2023-09-17T21:46:00Z  498.614  -40.160  95.703  4.52547E-16  SWARM-A  4.239  319.898
2023-09-17T21:46:30Z  497.773  -38.256  95.724  4.51299E-16  SWARM-A  4.249  321.803
2023-09-17T21:47:00Z  496.935  -36.350  95.738  4.49902E-16  SWARM-A  4.258  323.709
2023-09-17T21:47:30Z  496.103  -34.444  95.745  4.48555E-16  SWARM-A  4.267  325.614
2023-09-17T21:48:00Z  495.279  -32.536  95.746  4.47307E-16  SWARM-A  4.275  327.520
2023-09-17T21:48:30Z  494.467  -30.627  95.742  4.46297E-16  SWARM-A  4.283  329.426
2023-09-17T21:49:00Z  493.669  -28.718  95.734  4.45546E-16  SWARM-A  4.291  331.333
2023-09-17T21:49:30Z  492.887  -26.807  95.721  4.45069E-16  SWARM-A  4.299  333.239
2023-09-17T21:50:00Z  492.125  -24.896  95.705  4.44947E-16  SWARM-A  4.306  335.146
2023-09-17T21:50:30Z  491.385  -22.983  95.685  4.45126E-16  SWARM-A  4.313  337.053
2023-09-17T21:51:00Z  490.668  -21.070  95.662  4.45631E-16  SWARM-A  4.320  338.960
2023-09-17T21:51:30Z  489.978  -19.156  95.637  4.46441E-16  SWARM-A  4.326  340.867
2023-09-17T21:52:00Z  489.317  -17.241  95.610  4.47527E-16  SWARM-A  4.333  342.774
2023-09-17T21:52:30Z  488.685  -15.326  95.580  4.48843E-16  SWARM-A  4.339  344.682
2023-09-17T21:53:00Z  488.086  -13.410  95.549  4.50413E-16  SWARM-A  4.346  346.590
2023-09-17T21:53:30Z  487.521  -11.493  95.516  4.52198E-16  SWARM-A  4.352  348.498
2023-09-17T21:54:00Z  486.991  -9.576  95.482  4.54156E-16  SWARM-A  4.358  350.406
2023-09-17T21:54:30Z  486.497  -7.658  95.448  4.56262E-16  SWARM-A  4.364  352.314
2023-09-17T21:55:00Z  486.041  -5.740  95.412  4.58480E-16  SWARM-A  4.370  354.223
2023-09-17T21:55:30Z  485.624  -3.822  95.376  4.60782E-16  SWARM-A  4.376  356.132
2023-09-17T21:56:00Z  485.247  -1.903  95.339  4.63129E-16  SWARM-A  4.382  358.040
2023-09-17T21:56:30Z  484.909  0.016  95.302  4.65517E-16  SWARM-A  4.387  359.950
2023-09-17T21:57:00Z  484.613  1.935  95.265  4.67905E-16  SWARM-A  4.393  1.859
2023-09-17T21:57:30Z  484.357  3.854  95.229  4.70285E-16  SWARM-A  4.399  3.768
2023-09-17T21:58:00Z  484.142  5.773  95.193  4.72615E-16  SWARM-A  4.405  5.678
2023-09-17T21:58:30Z  483.968  7.693  95.157  4.74918E-16  SWARM-A  4.411  7.588
2023-09-17T21:59:00Z  483.834  9.612  95.122  4.77207E-16  SWARM-A  4.417  9.497
2023-09-17T21:59:30Z  483.741  11.531  95.089  4.79460E-16  SWARM-A  4.423  11.408
2023-09-17T22:00:00Z  483.688  13.450  95.056  4.81732E-16  SWARM-A  4.429  13.318
2023-09-17T22:00:30Z  483.673  15.369  95.025  4.83994E-16  SWARM-A  4.436  15.228
2023-09-17T22:01:00Z  483.696  17.287  94.996  4.86340E-16  SWARM-A  4.442  17.139
2023-09-17T22:01:30Z  483.756  19.205  94.969  4.88769E-16  SWARM-A  4.449  19.049
2023-09-17T22:02:00Z  483.851  21.123  94.944  4.91325E-16  SWARM-A  4.455  20.960
2023-09-17T22:02:30Z  483.980  23.040  94.922  4.94053E-16  SWARM-A  4.462  22.871
2023-09-17T22:03:00Z  484.142  24.957  94.902  4.96982E-16  SWARM-A  4.469  24.782
2023-09-17T22:03:30Z  484.334  26.873  94.886  5.00200E-16  SWARM-A  4.476  26.694
2023-09-17T22:04:00Z  484.555  28.788  94.874  5.03719E-16  SWARM-A  4.484  28.605
2023-09-17T22:04:30Z  484.804  30.703  94.866  5.07534E-16  SWARM-A  4.492  30.517
2023-09-17T22:05:00Z  485.077  32.617  94.863  5.11691E-16  SWARM-A  4.500  32.428
2023-09-17T22:05:30Z  485.373  34.531  94.865  5.16200E-16  SWARM-A  4.508  34.340
2023-09-17T22:06:00Z  485.690  36.444  94.873  5.21091E-16  SWARM-A  4.517  36.252
2023-09-17T22:06:30Z  486.025  38.356  94.887  5.26363E-16  SWARM-A  4.526  38.164
2023-09-17T22:07:00Z  486.376  40.267  94.909  5.32023E-16  SWARM-A  4.536  40.076
2023-09-17T22:07:30Z  486.741  42.177  94.940  5.38070E-16  SWARM-A  4.547  41.988
2023-09-17T22:08:00Z  487.117  44.086  94.980  5.44503E-16  SWARM-A  4.558  43.901
2023-09-17T22:08:30Z  487.502  45.994  95.032  5.51317E-16  SWARM-A  4.569  45.813
2023-09-17T22:09:00Z  487.894  47.902  95.096  5.58516E-16  SWARM-A  4.582  47.726
2023-09-17T22:09:30Z  488.289  49.808  95.174  5.66134E-16  SWARM-A  4.596  49.638
2023-09-17T22:10:00Z  488.686  51.713  95.269  5.74049E-16  SWARM-A  4.610  51.551
2023-09-17T22:10:30Z  489.082  53.617  95.383  5.82267E-16  SWARM-A  4.626  53.464
2023-09-17T22:11:00Z  489.475  55.520  95.520  5.91122E-16  SWARM-A  4.644  55.377
2023-09-17T22:11:30Z  489.862  57.422  95.683  6.00599E-16  SWARM-A  4.663  57.290
2023-09-17T22:12:00Z  490.241  59.322  95.878  6.10900E-16  SWARM-A  4.684  59.203
2023-09-17T22:12:30Z  490.610  61.221  96.111  6.22143E-16  SWARM-A  4.708  61.116
2023-09-17T22:13:00Z  490.967  63.118  96.390  6.34114E-16  SWARM-A  4.735  63.029
2023-09-17T22:13:30Z  491.309  65.013  96.725  6.46696E-16  SWARM-A  4.766  64.942
2023-09-17T22:14:00Z  491.635  66.906  97.130  6.59973E-16  SWARM-A  4.801  66.855
2023-09-17T22:14:30Z  491.943  68.796  97.624  6.73377E-16  SWARM-A  4.842  68.768
2023-09-17T22:15:00Z  492.231  70.683  98.233  6.87503E-16  SWARM-A  4.891  70.682
2023-09-17T22:15:30Z  492.497  72.567  98.994  7.02101E-16  SWARM-A  4.950  72.595
2023-09-17T22:16:00Z  492.740  74.445  99.961  7.16707E-16  SWARM-A  5.023  74.508
2023-09-17T22:16:30Z  492.959  76.315  101.220  7.32333E-16  SWARM-A  5.115  76.422
2023-09-17T22:17:00Z  493.153  78.176  102.906  7.48446E-16  SWARM-A  5.236  78.335
2023-09-17T22:17:30Z  493.320  80.020  105.253  7.65763E-16  SWARM-A  5.401  80.249
2023-09-17T22:18:00Z  493.459  81.838  108.697  7.83563E-16  SWARM-A  5.639  82.162
2023-09-17T22:18:30Z  493.570  83.607  114.132  8.02680E-16  SWARM-A  6.010  84.075
2023-09-17T22:19:00Z  493.652  85.272  123.612  8.22375E-16  SWARM-A  6.650  85.989
2023-09-17T22:19:30Z  493.704  86.673  142.157  8.43237E-16  SWARM-A  7.895  87.902
2023-09-17T22:20:00Z  493.727  87.352  176.867  8.64656E-16  SWARM-A  10.217  89.816
2023-09-17T22:20:30Z  493.720  86.810  -146.698  8.86619E-16  SWARM-A  12.654  91.729
2023-09-17T22:21:00Z  493.684  85.464  -126.462  9.10270E-16  SWARM-A  14.012  93.643
2023-09-17T22:21:30Z  493.618  83.820  -116.225  9.34984E-16  SWARM-A  14.702  95.556
2023-09-17T22:22:00Z  493.523  82.059  -110.440  9.60164E-16  SWARM-A  15.096  97.470
2023-09-17T22:22:30Z  493.400  80.246  -106.813  9.85945E-16  SWARM-A  15.347  99.383
2023-09-17T22:23:00Z  493.249  78.404  -104.360  1.01219E-15  SWARM-A  15.518  101.297
2023-09-17T22:23:30Z  493.071  76.545  -102.608  1.03888E-15  SWARM-A  15.644  103.210
2023-09-17T22:24:00Z  492.867  74.676  -101.305  1.06601E-15  SWARM-A  15.739  105.123
2023-09-17T22:24:30Z  492.638  72.799  -100.307  1.09366E-15  SWARM-A  15.814  107.037
2023-09-17T22:25:00Z  492.387  70.916  -99.524  1.12176E-15  SWARM-A  15.874  108.950
2023-09-17T22:25:30Z  492.113  69.029  -98.899  1.15031E-15  SWARM-A  15.924  110.863
2023-09-17T22:26:00Z  491.819  67.139  -98.392  1.17926E-15  SWARM-A  15.966  112.776
2023-09-17T22:26:30Z  491.507  65.247  -97.977  1.20852E-15  SWARM-A  16.002  114.689
2023-09-17T22:27:00Z  491.179  63.352  -97.634  1.23802E-15  SWARM-A  16.033  116.602
2023-09-17T22:27:30Z  490.835  61.455  -97.349  1.26766E-15  SWARM-A  16.061  118.515
2023-09-17T22:28:00Z  490.479  59.557  -97.111  1.29733E-15  SWARM-A  16.085  120.428
2023-09-17T22:28:30Z  490.112  57.657  -96.912  1.32670E-15  SWARM-A  16.107  122.341
2023-09-17T22:29:00Z  489.737  55.756  -96.745  1.35518E-15  SWARM-A  16.126  124.254
2023-09-17T22:29:30Z  489.356  53.853  -96.605  1.38310E-15  SWARM-A  16.144  126.167
2023-09-17T22:30:00Z  488.971  51.949  -96.488  1.41014E-15  SWARM-A  16.160  128.079
2023-09-17T22:30:30Z  488.584  50.044  -96.391  1.43594E-15  SWARM-A  16.175  129.992
2023-09-17T22:31:00Z  488.198  48.138  -96.311  1.46028E-15  SWARM-A  16.188  131.905
2023-09-17T22:31:30Z  487.816  46.231  -96.245  1.48293E-15  SWARM-A  16.201  133.817
2023-09-17T22:32:00Z  487.439  44.323  -96.193  1.50385E-15  SWARM-A  16.213  135.729
2023-09-17T22:32:30Z  487.070  42.414  -96.151  1.52301E-15  SWARM-A  16.224  137.641
2023-09-17T22:33:00Z  486.712  40.504  -96.119  1.54049E-15  SWARM-A  16.235  139.554
2023-09-17T22:33:30Z  486.367  38.593  -96.096  1.55635E-15  SWARM-A  16.244  141.465
2023-09-17T22:34:00Z  486.037  36.682  -96.081  1.57071E-15  SWARM-A  16.254  143.377
2023-09-17T22:34:30Z  485.725  34.769  -96.072  1.58363E-15  SWARM-A  16.263  145.289
2023-09-17T22:35:00Z  485.433  32.856  -96.069  1.59521E-15  SWARM-A  16.271  147.201
2023-09-17T22:35:30Z  485.163  30.942  -96.072  1.60556E-15  SWARM-A  16.279  149.112
2023-09-17T22:36:00Z  484.918  29.028  -96.079  1.61474E-15  SWARM-A  16.287  151.024
2023-09-17T22:36:30Z  484.698  27.112  -96.091  1.62287E-15  SWARM-A  16.295  152.935
2023-09-17T22:37:00Z  484.507  25.196  -96.107  1.63000E-15  SWARM-A  16.302  154.846
2023-09-17T22:37:30Z  484.347  23.280  -96.126  1.63619E-15  SWARM-A  16.309  156.757
2023-09-17T22:38:00Z  484.217  21.363  -96.148  1.64152E-15  SWARM-A  16.316  158.668
2023-09-17T22:38:30Z  484.122  19.446  -96.172  1.64599E-15  SWARM-A  16.323  160.578
2023-09-17T22:39:00Z  484.061  17.528  -96.199  1.64963E-15  SWARM-A  16.329  162.489
2023-09-17T22:39:30Z  484.036  15.610  -96.228  1.65243E-15  SWARM-A  16.336  164.399
2023-09-17T22:40:00Z  484.048  13.691  -96.259  1.65436E-15  SWARM-A  16.342  166.310
2023-09-17T22:40:30Z  484.098  11.772  -96.291  1.65536E-15  SWARM-A  16.348  168.220
2023-09-17T22:41:00Z  484.187  9.854  -96.325  1.65538E-15  SWARM-A  16.354  170.130
2023-09-17T22:41:30Z  484.316  7.935  -96.359  1.65434E-15  SWARM-A  16.360  172.039
2023-09-17T22:42:00Z  484.485  6.015  -96.395  1.65220E-15  SWARM-A  16.366  173.949
2023-09-17T22:42:30Z  484.695  4.096  -96.431  1.64881E-15  SWARM-A  16.372  175.858
2023-09-17T22:43:00Z  484.944  2.177  -96.468  1.64416E-15  SWARM-A  16.378  177.768
2023-09-17T22:43:30Z  485.235  0.258  -96.504  1.63812E-15  SWARM-A  16.384  179.677
2023-09-17T22:44:00Z  485.566  -1.660  -96.541  1.63067E-15  SWARM-A  16.390  181.586
2023-09-17T22:44:30Z  485.936  -3.579  -96.578  1.62171E-15  SWARM-A  16.396  183.494
2023-09-17T22:45:00Z  486.346  -5.497  -96.614  1.61121E-15  SWARM-A  16.402  185.403
2023-09-17T22:45:30Z  486.794  -7.415  -96.650  1.59918E-15  SWARM-A  16.408  187.311
2023-09-17T22:46:00Z  487.279  -9.333  -96.685  1.58545E-15  SWARM-A  16.414  189.219
2023-09-17T22:46:30Z  487.801  -11.250  -96.719  1.56952E-15  SWARM-A  16.420  191.127
2023-09-17T22:47:00Z  488.358  -13.166  -96.751  1.55215E-15  SWARM-A  16.426  193.035
2023-09-17T22:47:30Z  488.949  -15.082  -96.783  1.53339E-15  SWARM-A  16.432  194.943
2023-09-17T22:48:00Z  489.571  -16.997  -96.812  1.51335E-15  SWARM-A  16.438  196.850
2023-09-17T22:48:30Z  490.224  -18.912  -96.840  1.49210E-15  SWARM-A  16.445  198.758
2023-09-17T22:49:00Z  490.904  -20.826  -96.866  1.46968E-15  SWARM-A  16.451  200.665
2023-09-17T22:49:30Z  491.611  -22.739  -96.889  1.44627E-15  SWARM-A  16.458  202.572
2023-09-17T22:50:00Z  492.342  -24.651  -96.909  1.42183E-15  SWARM-A  16.465  204.478
2023-09-17T22:50:30Z  493.094  -26.563  -96.925  1.39649E-15  SWARM-A  16.473  206.385
2023-09-17T22:51:00Z  493.866  -28.473  -96.939  1.37033E-15  SWARM-A  16.480  208.291
2023-09-17T22:51:30Z  494.654  -30.383  -96.948  1.34341E-15  SWARM-A  16.488  210.197
2023-09-17T22:52:00Z  495.456  -32.292  -96.952  1.31585E-15  SWARM-A  16.496  212.103
2023-09-17T22:52:30Z  496.270  -34.199  -96.952  1.28772E-15  SWARM-A  16.504  214.009
2023-09-17T22:53:00Z  497.092  -36.106  -96.945  1.25910E-15  SWARM-A  16.513  215.915
2023-09-17T22:53:30Z  497.920  -38.012  -96.932  1.23011E-15  SWARM-A  16.522  217.820
2023-09-17T22:54:00Z  498.751  -39.916  -96.912  1.20068E-15  SWARM-A  16.532  219.726
2023-09-17T22:54:30Z  499.582  -41.819  -96.884  1.17103E-15  SWARM-A  16.542  221.631
2023-09-17T22:55:00Z  500.410  -43.722  -96.846  1.14132E-15  SWARM-A  16.553  223.536
2023-09-17T22:55:30Z  501.233  -45.622  -96.797  1.11163E-15  SWARM-A  16.564  225.441
2023-09-17T22:56:00Z  502.047  -47.522  -96.737  1.08213E-15  SWARM-A  16.577  227.345
2023-09-17T22:56:30Z  502.849  -49.421  -96.662  1.05294E-15  SWARM-A  16.590  229.250
2023-09-17T22:57:00Z  503.637  -51.318  -96.572  1.02416E-15  SWARM-A  16.604  231.154
2023-09-17T22:57:30Z  504.408  -53.214  -96.463  9.95854E-16  SWARM-A  16.620  233.059
2023-09-17T22:58:00Z  505.159  -55.108  -96.332  9.68174E-16  SWARM-A  16.637  234.963
2023-09-17T22:58:30Z  505.887  -57.001  -96.177  9.41164E-16  SWARM-A  16.656  236.867
2023-09-17T22:59:00Z  506.590  -58.893  -95.991  9.14920E-16  SWARM-A  16.677  238.771
2023-09-17T22:59:30Z  507.265  -60.783  -95.769  8.89521E-16  SWARM-A  16.700  240.675
2023-09-17T23:00:00Z  507.909  -62.671  -95.504  8.64939E-16  SWARM-A  16.726  242.578
2023-09-17T23:00:30Z  508.521  -64.557  -95.185  8.41162E-16  SWARM-A  16.755  244.482
2023-09-17T23:01:00Z  509.099  -66.441  -94.801  8.18087E-16  SWARM-A  16.789  246.385
2023-09-17T23:01:30Z  509.639  -68.323  -94.334  7.95535E-16  SWARM-A  16.829  248.289
2023-09-17T23:02:00Z  510.140  -70.201  -93.761  7.73364E-16  SWARM-A  16.875  250.192
2023-09-17T23:02:30Z  510.600  -72.075  -93.048  7.51401E-16  SWARM-A  16.931  252.096
2023-09-17T23:03:00Z  511.018  -73.945  -92.147  7.29649E-16  SWARM-A  16.999  253.999
2023-09-17T23:03:30Z  511.392  -75.808  -90.984  7.08466E-16  SWARM-A  17.085  255.902
2023-09-17T23:04:00Z  511.720  -77.661  -89.443  6.88104E-16  SWARM-A  17.196  257.805
2023-09-17T23:04:30Z  512.002  -79.501  -87.325  6.68972E-16  SWARM-A  17.346  259.708
2023-09-17T23:05:00Z  512.236  -81.318  -84.275  6.51225E-16  SWARM-A  17.558  261.611
2023-09-17T23:05:30Z  512.422  -83.095  -79.585  6.34814E-16  SWARM-A  17.879  263.514
2023-09-17T23:06:00Z  512.558  -84.791  -71.688  6.19591E-16  SWARM-A  18.413  265.417
2023-09-17T23:06:30Z  512.644  -86.293  -56.774  6.05222E-16  SWARM-A  19.416  267.320
2023-09-17T23:07:00Z  512.681  -87.262  -27.350  5.91346E-16  SWARM-A  21.386  269.223
2023-09-17T23:07:30Z  512.667  -87.102  11.617  5.78282E-16  SWARM-A  23.992  271.126
2023-09-17T23:08:00Z  512.603  -85.944  36.698  5.66298E-16  SWARM-A  1.672  273.029
2023-09-17T23:08:30Z  512.489  -84.374  49.262  5.55015E-16  SWARM-A  2.518  274.932
2023-09-17T23:09:00Z  512.325  -82.651  56.115  5.44241E-16  SWARM-A  2.984  276.835
2023-09-17T23:09:30Z  512.112  -80.862  60.291  5.33966E-16  SWARM-A  3.270  278.738
2023-09-17T23:10:00Z  511.851  -79.038  63.057  5.24200E-16  SWARM-A  3.463  280.641
2023-09-17T23:10:30Z  511.542  -77.194  65.004  5.15010E-16  SWARM-A  3.601  282.544
2023-09-17T23:11:00Z  511.187  -75.337  66.435  5.06449E-16  SWARM-A  3.705  284.447
2023-09-17T23:11:30Z  510.787  -73.472  67.523  4.98523E-16  SWARM-A  3.786  286.350
2023-09-17T23:12:00Z  510.343  -71.601  68.371  4.91278E-16  SWARM-A  3.851  288.254
2023-09-17T23:12:30Z  509.857  -69.726  69.045  4.84692E-16  SWARM-A  3.904  290.157
2023-09-17T23:13:00Z  509.331  -67.847  69.588  4.78751E-16  SWARM-A  3.949  292.060
2023-09-17T23:13:30Z  508.766  -65.965  70.032  4.73436E-16  SWARM-A  3.986  293.964
2023-09-17T23:14:00Z  508.165  -64.080  70.398  4.68672E-16  SWARM-A  4.019  295.868
2023-09-17T23:14:30Z  507.530  -62.193  70.702  4.64340E-16  SWARM-A  4.048  297.771
2023-09-17T23:15:00Z  506.863  -60.304  70.955  4.60423E-16  SWARM-A  4.073  299.675
2023-09-17T23:15:30Z  506.167  -58.414  71.168  4.56823E-16  SWARM-A  4.095  301.579
2023-09-17T23:16:00Z  505.443  -56.522  71.345  4.53481E-16  SWARM-A  4.116  303.483
2023-09-17T23:16:30Z  504.695  -54.628  71.494  4.50312E-16  SWARM-A  4.134  305.388
2023-09-17T23:17:00Z  503.925  -52.733  71.619  4.47339E-16  SWARM-A  4.151  307.292
2023-09-17T23:17:30Z  503.136  -50.837  71.723  4.44586E-16  SWARM-A  4.166  309.196
2023-09-17T23:18:00Z  502.330  -48.939  71.809  4.42084E-16  SWARM-A  4.180  311.101
2023-09-17T23:18:30Z  501.512  -47.040  71.880  4.39781E-16  SWARM-A  4.193  313.006
2023-09-17T23:19:00Z  500.682  -45.140  71.938  4.37685E-16  SWARM-A  4.205  314.911
2023-09-17T23:19:30Z  499.845  -43.238  71.983  4.35694E-16  SWARM-A  4.217  316.816
2023-09-17T23:20:00Z  499.004  -41.336  72.019  4.33719E-16  SWARM-A  4.227  318.721
2023-09-17T23:20:30Z  498.160  -39.432  72.045  4.31719E-16  SWARM-A  4.237  320.627
2023-09-17T23:21:00Z  497.318  -37.527  72.063  4.29583E-16  SWARM-A  4.247  322.532
2023-09-17T23:21:30Z  496.480  -35.621  72.074  4.27430E-16  SWARM-A  4.256  324.438
2023-09-17T23:22:00Z  495.648  -33.714  72.079  4.25343E-16  SWARM-A  4.265  326.344
2023-09-17T23:22:30Z  494.827  -31.805  72.078  4.23417E-16  SWARM-A  4.273  328.250
2023-09-17T23:23:00Z  494.017  -29.896  72.073  4.21695E-16  SWARM-A  4.281  330.156
2023-09-17T23:23:30Z  493.223  -27.986  72.063  4.20199E-16  SWARM-A  4.289  332.063
2023-09-17T23:24:00Z  492.447  -26.075  72.048  4.18940E-16  SWARM-A  4.296  333.969
2023-09-17T23:24:30Z  491.691  -24.163  72.031  4.18008E-16  SWARM-A  4.303  335.876
2023-09-17T23:25:00Z  490.958  -22.250  72.010  4.17349E-16  SWARM-A  4.310  337.783
2023-09-17T23:25:30Z  490.250  -20.337  71.986  4.16948E-16  SWARM-A  4.317  339.690
2023-09-17T23:26:00Z  489.568  -18.422  71.960  4.16869E-16  SWARM-A  4.323  341.598
2023-09-17T23:26:30Z  488.917  -16.507  71.932  4.17081E-16  SWARM-A  4.330  343.505
2023-09-17T23:27:00Z  488.296  -14.592  71.902  4.17535E-16  SWARM-A  4.336  345.413
2023-09-17T23:27:30Z  487.708  -12.675  71.870  4.18280E-16  SWARM-A  4.342  347.321
2023-09-17T23:28:00Z  487.155  -10.758  71.837  4.19277E-16  SWARM-A  4.348  349.229
2023-09-17T23:28:30Z  486.637  -8.841  71.803  4.20615E-16  SWARM-A  4.355  351.138
2023-09-17T23:29:00Z  486.158  -6.923  71.768  4.22157E-16  SWARM-A  4.361  353.046
2023-09-17T23:29:30Z  485.716  -5.005  71.732  4.23877E-16  SWARM-A  4.366  354.955
2023-09-17T23:30:00Z  485.314  -3.086  71.695  4.25818E-16  SWARM-A  4.372  356.864
2023-09-17T23:30:30Z  484.952  -1.167  71.659  4.27890E-16  SWARM-A  4.378  358.773
2023-09-17T23:31:00Z  484.631  0.752  71.622  4.30071E-16  SWARM-A  4.384  0.682
2023-09-17T23:31:30Z  484.351  2.671  71.585  4.32376E-16  SWARM-A  4.390  2.591
2023-09-17T23:32:00Z  484.112  4.590  71.549  4.34722E-16  SWARM-A  4.396  4.501
2023-09-17T23:32:30Z  483.914  6.510  71.513  4.37184E-16  SWARM-A  4.402  6.410
2023-09-17T23:33:00Z  483.758  8.429  71.478  4.39740E-16  SWARM-A  4.408  8.320
2023-09-17T23:33:30Z  483.642  10.348  71.443  4.42397E-16  SWARM-A  4.414  10.230
2023-09-17T23:34:00Z  483.567  12.268  71.410  4.45157E-16  SWARM-A  4.420  12.141
2023-09-17T23:34:30Z  483.532  14.187  71.378  4.48039E-16  SWARM-A  4.426  14.051
2023-09-17T23:35:00Z  483.535  16.105  71.348  4.51075E-16  SWARM-A  4.433  15.962
2023-09-17T23:35:30Z  483.575  18.024  71.319  4.54365E-16  SWARM-A  4.439  17.872
2023-09-17T23:36:00Z  483.653  19.941  71.293  4.57840E-16  SWARM-A  4.446  19.783
2023-09-17T23:36:30Z  483.765  21.859  71.269  4.61556E-16  SWARM-A  4.452  21.694
2023-09-17T23:37:00Z  483.910  23.776  71.248  4.65555E-16  SWARM-A  4.459  23.605
2023-09-17T23:37:30Z  484.088  25.693  71.229  4.69898E-16  SWARM-A  4.466  25.517
2023-09-17T23:38:00Z  484.296  27.609  71.215  4.74577E-16  SWARM-A  4.474  27.428
2023-09-17T23:38:30Z  484.532  29.524  71.204  4.79647E-16  SWARM-A  4.481  29.339
2023-09-17T23:39:00Z  484.794  31.439  71.198  4.85079E-16  SWARM-A  4.489  31.251
2023-09-17T23:39:30Z  485.081  33.353  71.196  4.90918E-16  SWARM-A  4.498  33.163
2023-09-17T23:40:00Z  485.390  35.266  71.201  4.97150E-16  SWARM-A  4.506  35.075
2023-09-17T23:40:30Z  485.718  37.178  71.211  5.03795E-16  SWARM-A  4.515  36.987
2023-09-17T23:41:00Z  486.064  39.090  71.228  5.10797E-16  SWARM-A  4.525  38.899
2023-09-17T23:41:30Z  486.425  41.001  71.254  5.18281E-16  SWARM-A  4.535  40.811
2023-09-17T23:42:00Z  486.800  42.911  71.288  5.26108E-16  SWARM-A  4.545  42.723
2023-09-17T23:42:30Z  487.184  44.820  71.332  5.34234E-16  SWARM-A  4.557  44.636
2023-09-17T23:43:00Z  487.576  46.728  71.388  5.42660E-16  SWARM-A  4.569  46.548
2023-09-17T23:43:30Z  487.974  48.635  71.457  5.51380E-16  SWARM-A  4.582  48.461
2023-09-17T23:44:00Z  488.375  50.541  71.542  5.60309E-16  SWARM-A  4.596  50.374
2023-09-17T23:44:30Z  488.777  52.446  71.644  5.69486E-16  SWARM-A  4.611  52.286
2023-09-17T23:45:00Z  489.177  54.349  71.766  5.79039E-16  SWARM-A  4.627  54.199
2023-09-17T23:45:30Z  489.572  56.252  71.913  5.89075E-16  SWARM-A  4.645  56.112
2023-09-17T23:46:00Z  489.961  58.153  72.087  5.99704E-16  SWARM-A  4.665  58.025
2023-09-17T23:46:30Z  490.341  60.052  72.296  6.10952E-16  SWARM-A  4.687  59.938
2023-09-17T23:47:00Z  490.710  61.950  72.545  6.22814E-16  SWARM-A  4.712  61.851
2023-09-17T23:47:30Z  491.067  63.847  72.844  6.35167E-16  SWARM-A  4.741  63.764
2023-09-17T23:48:00Z  491.407  65.741  73.204  6.47926E-16  SWARM-A  4.773  65.678
2023-09-17T23:48:30Z  491.731  67.633  73.640  6.61003E-16  SWARM-A  4.810  67.591
2023-09-17T23:49:00Z  492.036  69.522  74.175  6.74390E-16  SWARM-A  4.854  69.504
2023-09-17T23:49:30Z  492.321  71.408  74.837  6.88202E-16  SWARM-A  4.907  71.417
2023-09-17T23:50:00Z  492.583  73.290  75.669  7.02539E-16  SWARM-A  4.971  73.331
2023-09-17T23:50:30Z  492.822  75.165  76.736  7.17449E-16  SWARM-A  5.050  75.244
2023-09-17T23:51:00Z  493.036  77.032  78.139  7.33096E-16  SWARM-A  5.152  77.157
2023-09-17T23:51:30Z  493.224  78.888  80.043  7.49439E-16  SWARM-A  5.287  79.071
2023-09-17T23:52:00Z  493.385  80.724  82.742  7.66522E-16  SWARM-A  5.476  80.984
2023-09-17T23:52:30Z  493.518  82.526  86.805  7.84282E-16  SWARM-A  5.755  82.898
2023-09-17T23:53:00Z  493.622  84.265  93.444  8.02662E-16  SWARM-A  6.206  84.811
2023-09-17T23:53:30Z  493.698  85.858  105.565  8.21169E-16  SWARM-A  7.022  86.725
2023-09-17T23:54:00Z  493.743  87.059  129.841  8.40045E-16  SWARM-A  8.649  88.638
2023-09-17T23:54:30Z  493.759  87.286  168.769  8.59721E-16  SWARM-A  11.252  90.552
2023-09-17T23:55:00Z  493.745  86.351  -160.833  8.80419E-16  SWARM-A  13.287  92.465
2023-09-17T23:55:30Z  493.702  84.853  -145.406  9.01491E-16  SWARM-A  14.324  94.379
2023-09-17T23:56:00Z  493.629  83.152  -137.302  9.22807E-16  SWARM-A  14.873  96.292
2023-09-17T23:56:30Z  493.527  81.367  -132.520  9.44462E-16  SWARM-A  15.200  98.205
2023-09-17T23:57:00Z  493.397  79.541  -129.424  9.66538E-16  SWARM-A  15.415  100.119
2023-09-17T23:57:30Z  493.240  77.691  -127.282  9.89112E-16  SWARM-A  15.566  102.032
2023-09-17T23:58:00Z  493.056  75.828  -125.725  1.01228E-15  SWARM-A  15.678  103.945
2023-09-17T23:58:30Z  492.846  73.955  -124.554  1.03616E-15  SWARM-A  15.764  105.859
2023-09-17T23:59:00Z  492.613  72.076  -123.647  1.06088E-15  SWARM-A  15.833  107.772
2023-09-17T23:59:30Z  492.356  70.191  -122.930  1.08650E-15  SWARM-A  15.889  109.685
2023-09-18T00:00:00Z  492.079  68.304  -122.355  1.08733E-15  SWARM-A  15.936  111.598
2023-09-18T00:00:30Z  491.782  66.413  -121.886  1.11121E-15  SWARM-A  15.975  113.512
2023-09-18T00:01:00Z  491.466  64.519  -121.501  1.13740E-15  SWARM-A  16.009  115.425
2023-09-18T00:01:30Z  491.134  62.624  -121.182  1.16523E-15  SWARM-A  16.039  117.338
2023-09-18T00:02:00Z  490.788  60.726  -120.917  1.19490E-15  SWARM-A  16.065  119.251
2023-09-18T00:02:30Z  490.430  58.827  -120.695  1.22635E-15  SWARM-A  16.088  121.163
2023-09-18T00:03:00Z  490.062  56.927  -120.509  1.25932E-15  SWARM-A  16.109  123.076
2023-09-18T00:03:30Z  489.686  55.025  -120.353  1.29422E-15  SWARM-A  16.128  124.989
2023-09-18T00:04:00Z  489.305  53.122  -120.222  1.32887E-15  SWARM-A  16.145  126.902
2023-09-18T00:04:30Z  488.920  51.218  -120.113  1.36185E-15  SWARM-A  16.160  128.814
2023-09-18T00:05:00Z  488.534  49.313  -120.023  1.39263E-15  SWARM-A  16.175  130.727
2023-09-18T00:05:30Z  488.150  47.406  -119.949  1.41887E-15  SWARM-A  16.188  132.639
2023-09-18T00:06:00Z  487.771  45.499  -119.888  1.44188E-15  SWARM-A  16.200  134.551
2023-09-18T00:06:30Z  487.397  43.590  -119.840  1.46310E-15  SWARM-A  16.212  136.463
2023-09-18T00:07:00Z  487.033  41.681  -119.803  1.48281E-15  SWARM-A  16.223  138.376
2023-09-18T00:07:30Z  486.680  39.771  -119.774  1.50117E-15  SWARM-A  16.233  140.288
2023-09-18T00:08:00Z  486.341  37.860  -119.754  1.52100E-15  SWARM-A  16.243  142.199
2023-09-18T00:08:30Z  486.017  35.948  -119.741  1.54022E-15  SWARM-A  16.252  144.111
2023-09-18T00:09:00Z  485.713  34.035  -119.735  1.55829E-15  SWARM-A  16.261  146.023
2023-09-18T00:09:30Z  485.429  32.122  -119.735  1.57533E-15  SWARM-A  16.269  147.934
2023-09-18T00:10:00Z  485.168  30.208  -119.739  1.59136E-15  SWARM-A  16.277  149.846
2023-09-18T00:10:30Z  484.931  28.293  -119.749  1.60372E-15  SWARM-A  16.285  151.757
2023-09-18T00:11:00Z  484.722  26.377  -119.762  1.61425E-15  SWARM-A  16.292  153.668
2023-09-18T00:11:30Z  484.542  24.461  -119.779  1.62394E-15  SWARM-A  16.299  155.579
2023-09-18T00:12:00Z  484.393  22.545  -119.799  1.63281E-15  SWARM-A  16.306  157.490
2023-09-18T00:12:30Z  484.276  20.628  -119.822  1.64086E-15  SWARM-A  16.313  159.401
2023-09-18T00:13:00Z  484.193  18.710  -119.848  1.64804E-15  SWARM-A  16.320  161.311
2023-09-18T00:13:30Z  484.145  16.792  -119.875  1.65372E-15  SWARM-A  16.326  163.222
2023-09-18T00:14:00Z  484.134  14.874  -119.905  1.65850E-15  SWARM-A  16.333  165.132
2023-09-18T00:14:30Z  484.160  12.955  -119.937  1.66231E-15  SWARM-A  16.339  167.042
2023-09-18T00:15:00Z  484.225  11.037  -119.969  1.66508E-15  SWARM-A  16.345  168.952
2023-09-18T00:15:30Z  484.329  9.118  -120.004  1.66676E-15  SWARM-A  16.351  170.862
2023-09-18T00:16:00Z  484.472  7.199  -120.039  1.66703E-15  SWARM-A  16.357  172.772
2023-09-18T00:16:30Z  484.656  5.280  -120.074  1.66594E-15  SWARM-A  16.363  174.681
2023-09-18T00:17:00Z  484.881  3.361  -120.111  1.66333E-15  SWARM-A  16.369  176.590
2023-09-18T00:17:30Z  485.146  1.442  -120.147  1.65914E-15  SWARM-A  16.375  178.499
2023-09-18T00:18:00Z  485.451  -0.477  -120.184  1.65318E-15  SWARM-A  16.381  180.408
2023-09-18T00:18:30Z  485.796  -2.396  -120.221  1.64552E-15  SWARM-A  16.387  182.317
2023-09-18T00:19:00Z  486.181  -4.314  -120.258  1.63607E-15  SWARM-A  16.392  184.226
2023-09-18T00:19:30Z  486.605  -6.232  -120.294  1.62486E-15  SWARM-A  16.398  186.134
2023-09-18T00:20:00Z  487.066  -8.150  -120.329  1.61192E-15  SWARM-A  16.404  188.042
2023-09-18T00:20:30Z  487.565  -10.067  -120.364  1.59734E-15  SWARM-A  16.410  189.950
2023-09-18T00:21:00Z  488.099  -11.984  -120.397  1.58130E-15  SWARM-A  16.416  191.858
2023-09-18T00:21:30Z  488.667  -13.900  -120.430  1.56365E-15  SWARM-A  16.423  193.766
2023-09-18T00:22:00Z  489.269  -15.816  -120.460  1.54463E-15  SWARM-A  16.429  195.673
2023-09-18T00:22:30Z  489.901  -17.731  -120.489  1.52433E-15  SWARM-A  16.435  197.581
2023-09-18T00:23:00Z  490.562  -19.645  -120.516  1.50295E-15  SWARM-A  16.442  199.488
2023-09-18T00:23:30Z  491.251  -21.559  -120.541  1.48047E-15  SWARM-A  16.449  201.395
2023-09-18T00:24:00Z  491.965  -23.471  -120.563  1.45718E-15  SWARM-A  16.455  203.302
2023-09-18T00:24:30Z  492.702  -25.383  -120.582  1.43314E-15  SWARM-A  16.462  205.208
2023-09-18T00:25:00Z  493.460  -27.295  -120.597  1.40851E-15  SWARM-A  16.470  207.115
2023-09-18T00:25:30Z  494.236  -29.205  -120.609  1.38332E-15  SWARM-A  16.477  209.021
2023-09-18T00:26:00Z  495.027  -31.114  -120.616  1.35773E-15  SWARM-A  16.485  210.927
2023-09-18T00:26:30Z  495.831  -33.022  -120.619  1.33181E-15  SWARM-A  16.493  212.833
2023-09-18T00:27:00Z  496.646  -34.929  -120.616  1.30562E-15  SWARM-A  16.502  214.739
2023-09-18T00:27:30Z  497.468  -36.836  -120.608  1.27927E-15  SWARM-A  16.511  216.644
2023-09-18T00:28:00Z  498.294  -38.741  -120.592  1.25276E-15  SWARM-A  16.520  218.550
2023-09-18T00:28:30Z  499.123  -40.645  -120.569  1.22621E-15  SWARM-A  16.530  220.455
2023-09-18T00:29:00Z  499.950  -42.548  -120.537  1.19966E-15  SWARM-A  16.540  222.360
2023-09-18T00:29:30Z  500.773  -44.449  -120.495  1.17323E-15  SWARM-A  16.552  224.265
2023-09-18T00:30:00Z  501.590  -46.350  -120.443  1.14697E-15  SWARM-A  16.563  226.170
2023-09-18T00:30:30Z  502.396  -48.249  -120.377  1.12080E-15  SWARM-A  16.576  228.074
2023-09-18T00:31:00Z  503.190  -50.147  -120.297  1.09498E-15  SWARM-A  16.590  229.979
2023-09-18T00:31:30Z  503.968  -52.044  -120.200  1.06948E-15  SWARM-A  16.605  231.883
2023-09-18T00:32:00Z  504.728  -53.939  -120.083  1.04420E-15  SWARM-A  16.621  233.787
2023-09-18T00:32:30Z  505.467  -55.833  -119.943  1.01903E-15  SWARM-A  16.638  235.691
2023-09-18T00:33:00Z  506.182  -57.725  -119.777  9.93802E-16  SWARM-A  16.658  237.595
2023-09-18T00:33:30Z  506.871  -59.616  -119.578  9.68141E-16  SWARM-A  16.679  239.499
2023-09-18T00:34:00Z  507.531  -61.506  -119.341  9.41687E-16  SWARM-A  16.704  241.403
2023-09-18T00:34:30Z  508.160  -63.393  -119.057  9.14611E-16  SWARM-A  16.731  243.307
2023-09-18T00:35:00Z  508.755  -65.278  -118.715  8.87432E-16  SWARM-A  16.762  245.210
2023-09-18T00:35:30Z  509.314  -67.161  -118.302  8.61038E-16  SWARM-A  16.798  247.114
2023-09-18T00:36:00Z  509.836  -69.042  -117.798  8.36352E-16  SWARM-A  16.840  249.017
2023-09-18T00:36:30Z  510.318  -70.919  -117.176  8.13871E-16  SWARM-A  16.890  250.920
2023-09-18T00:37:00Z  510.758  -72.791  -116.398  7.93654E-16  SWARM-A  16.950  252.824
2023-09-18T00:37:30Z  511.156  -74.659  -115.408  7.75434E-16  SWARM-A  17.024  254.727
2023-09-18T00:38:00Z  511.509  -76.518  -114.118  7.58576E-16  SWARM-A  17.118  256.630
2023-09-18T00:38:30Z  511.816  -78.367  -112.386  7.42924E-16  SWARM-A  17.242  258.533
2023-09-18T00:39:00Z  512.075  -80.200  -109.968  7.28073E-16  SWARM-A  17.412  260.436
2023-09-18T00:39:30Z  512.287  -82.004  -106.405  7.13734E-16  SWARM-A  17.658  262.339
2023-09-18T00:40:00Z  512.450  -83.757  -100.752  6.99656E-16  SWARM-A  18.043  264.242
2023-09-18T00:40:30Z  512.564  -85.400  -90.822  6.85670E-16  SWARM-A  18.713  266.145
2023-09-18T00:41:00Z  512.628  -86.759  -71.325  6.71583E-16  SWARM-A  20.021  268.048
2023-09-18T00:41:30Z  512.641  -87.356  -35.736  6.57334E-16  SWARM-A  22.402  269.951
2023-09-18T00:42:00Z  512.605  -86.739  -0.395  6.43102E-16  SWARM-A  0.767  271.854
2023-09-18T00:42:30Z  512.518  -85.372  18.857  6.29318E-16  SWARM-A  2.058  273.757
2023-09-18T00:43:00Z  512.381  -83.727  28.677  6.16088E-16  SWARM-A  2.721  275.660
2023-09-18T00:43:30Z  512.195  -81.972  34.279  6.03409E-16  SWARM-A  3.103  277.563
2023-09-18T00:44:00Z  511.960  -80.167  37.815  5.91336E-16  SWARM-A  3.347  279.466
2023-09-18T00:44:30Z  511.677  -78.334  40.218  5.79883E-16  SWARM-A  3.516  281.369
2023-09-18T00:45:00Z  511.347  -76.485  41.940  5.69096E-16  SWARM-A  3.639  283.272
2023-09-18T00:45:30Z  510.972  -74.625  43.224  5.58970E-16  SWARM-A  3.733  285.175
2023-09-18T00:46:00Z  510.551  -72.757  44.210  5.49853E-16  SWARM-A  3.807  287.079
2023-09-18T00:46:30Z  510.088  -70.884  44.984  5.41662E-16  SWARM-A  3.867  288.982
2023-09-18T00:47:00Z  509.584  -69.007  45.603  5.34009E-16  SWARM-A  3.917  290.886
2023-09-18T00:47:30Z  509.040  -67.127  46.106  5.26851E-16  SWARM-A  3.958  292.789
2023-09-18T00:48:00Z  508.458  -65.243  46.517  5.20148E-16  SWARM-A  3.994  294.693
2023-09-18T00:48:30Z  507.841  -63.358  46.858  5.13818E-16  SWARM-A  4.025  296.596
2023-09-18T00:49:00Z  507.190  -61.470  47.141  5.07842E-16  SWARM-A  4.052  298.500
2023-09-18T00:49:30Z  506.509  -59.581  47.378  5.02183E-16  SWARM-A  4.077  300.404
2023-09-18T00:50:00Z  505.799  -57.690  47.576  4.96784E-16  SWARM-A  4.098  302.308
2023-09-18T00:50:30Z  505.063  -55.797  47.742  4.90974E-16  SWARM-A  4.117  304.212
2023-09-18T00:51:00Z  504.304  -53.903  47.881  4.85378E-16  SWARM-A  4.135  306.117
2023-09-18T00:51:30Z  503.524  -52.007  47.997  4.79995E-16  SWARM-A  4.151  308.021
2023-09-18T00:52:00Z  502.726  -50.110  48.094  4.74703E-16  SWARM-A  4.166  309.926
2023-09-18T00:52:30Z  501.913  -48.212  48.174  4.69524E-16  SWARM-A  4.180  311.831
2023-09-18T00:53:00Z  501.088  -46.312  48.239  4.64247E-16  SWARM-A  4.192  313.736
2023-09-18T00:53:30Z  500.253  -44.411  48.292  4.58953E-16  SWARM-A  4.204  315.641
2023-09-18T00:54:00Z  499.412  -42.509  48.333  4.53522E-16  SWARM-A  4.215  317.546
2023-09-18T00:54:30Z  498.568  -40.606  48.365  4.48053E-16  SWARM-A  4.226  319.451
2023-09-18T00:55:00Z  497.723  -38.702  48.388  4.42649E-16  SWARM-A  4.236  321.357
2023-09-18T00:55:30Z  496.880  -36.796  48.404  4.37283E-16  SWARM-A  4.245  323.263
2023-09-18T00:56:00Z  496.042  -34.890  48.412  4.32115E-16  SWARM-A  4.254  325.168
2023-09-18T00:56:30Z  495.213  -32.982  48.415  4.27183E-16  SWARM-A  4.262  327.075
2023-09-18T00:57:00Z  494.394  -31.074  48.412  4.22587E-16  SWARM-A  4.271  328.981
2023-09-18T00:57:30Z  493.589  -29.164  48.405  4.18364E-16  SWARM-A  4.278  330.887
2023-09-18T00:58:00Z  492.801  -27.254  48.393  4.14515E-16  SWARM-A  4.286  332.794
2023-09-18T00:58:30Z  492.031  -25.342  48.377  4.11050E-16  SWARM-A  4.293  334.701
2023-09-18T00:59:00Z  491.282  -23.430  48.358  4.07980E-16  SWARM-A  4.300  336.608
2023-09-18T00:59:30Z  490.558  -21.517  48.336  4.05300E-16  SWARM-A  4.307  338.515
2023-09-18T01:00:00Z  489.859  -19.603  48.312  4.03024E-16  SWARM-A  4.314  340.422
2023-09-18T01:00:30Z  489.188  -17.688  48.285  4.01161E-16  SWARM-A  4.320  342.330
2023-09-18T01:01:00Z  488.548  -15.772  48.256  3.99700E-16  SWARM-A  4.327  344.237
2023-09-18T01:01:30Z  487.939  -13.856  48.225  3.98632E-16  SWARM-A  4.333  346.145
2023-09-18T01:02:00Z  487.364  -11.940  48.193  3.97956E-16  SWARM-A  4.339  348.053
2023-09-18T01:02:30Z  486.825  -10.022  48.159  3.97656E-16  SWARM-A  4.345  349.962
2023-09-18T01:03:00Z  486.322  -8.105  48.124  3.97745E-16  SWARM-A  4.351  351.870
2023-09-18T01:03:30Z  485.856  -6.187  48.089  3.98201E-16  SWARM-A  4.357  353.779
2023-09-18T01:04:00Z  485.430  -4.268  48.053  3.99030E-16  SWARM-A  4.363  355.688
2023-09-18T01:04:30Z  485.044  -2.349  48.016  4.00231E-16  SWARM-A  4.369  357.597
2023-09-18T01:05:00Z  484.697  -0.430  47.980  4.01780E-16  SWARM-A  4.375  359.506
2023-09-18T01:05:30Z  484.392  1.489  47.943  4.03665E-16  SWARM-A  4.381  1.415
2023-09-18T01:06:00Z  484.128  3.408  47.906  4.05951E-16  SWARM-A  4.387  3.325
2023-09-18T01:06:30Z  483.906  5.328  47.870  4.08615E-16  SWARM-A  4.393  5.234
2023-09-18T01:07:00Z  483.724  7.247  47.834  4.11649E-16  SWARM-A  4.399  7.144
2023-09-18T01:07:30Z  483.584  9.167  47.799  4.15121E-16  SWARM-A  4.405  9.054
2023-09-18T01:08:00Z  483.484  11.086  47.765  4.19021E-16  SWARM-A  4.411  10.964
2023-09-18T01:08:30Z  483.424  13.005  47.732  4.23333E-16  SWARM-A  4.417  12.875
2023-09-18T01:09:00Z  483.404  14.924  47.701  4.28200E-16  SWARM-A  4.423  14.785
2023-09-18T01:09:30Z  483.421  16.843  47.671  4.33617E-16  SWARM-A  4.430  16.696
2023-09-18T01:10:00Z  483.476  18.761  47.643  4.39511E-16  SWARM-A  4.436  18.607
2023-09-18T01:10:30Z  483.567  20.679  47.618  4.45957E-16  SWARM-A  4.443  20.518
2023-09-18T01:11:00Z  483.692  22.596  47.595  4.52975E-16  SWARM-A  4.449  22.429
2023-09-18T01:11:30Z  483.851  24.513  47.575  4.60542E-16  SWARM-A  4.456  24.340
2023-09-18T01:12:00Z  484.040  26.430  47.558  4.68644E-16  SWARM-A  4.464  26.252
2023-09-18T01:12:30Z  484.260  28.345  47.545  4.77340E-16  SWARM-A  4.471  28.163
2023-09-18T01:13:00Z  484.506  30.261  47.536  4.86581E-16  SWARM-A  4.479  30.075
2023-09-18T01:13:30Z  484.779  32.175  47.531  4.96359E-16  SWARM-A  4.487  31.987
2023-09-18T01:14:00Z  485.075  34.089  47.532  5.06629E-16  SWARM-A  4.495  33.898
2023-09-18T01:14:30Z  485.392  36.002  47.538  5.17419E-16  SWARM-A  4.504  35.810
2023-09-18T01:15:00Z  485.728  37.914  47.551  5.28693E-16  SWARM-A  4.513  37.723
2023-09-18T01:15:30Z  486.081  39.826  47.571  5.40399E-16  SWARM-A  4.523  39.635
2023-09-18T01:16:00Z  486.449  41.736  47.600  5.52578E-16  SWARM-A  4.533  41.547
2023-09-18T01:16:30Z  486.828  43.646  47.638  5.65110E-16  SWARM-A  4.544  43.460
2023-09-18T01:17:00Z  487.216  45.554  47.686  5.78004E-16  SWARM-A  4.556  45.372
2023-09-18T01:17:30Z  487.612  47.462  47.747  5.91442E-16  SWARM-A  4.568  47.285
2023-09-18T01:18:00Z  488.012  49.369  47.822  6.05116E-16  SWARM-A  4.581  49.197
2023-09-18T01:18:30Z  488.414  51.274  47.913  6.19072E-16  SWARM-A  4.596  51.110
2023-09-18T01:19:00Z  488.817  53.179  48.022  6.33351E-16  SWARM-A  4.611  53.023
2023-09-18T01:19:30Z  489.216  55.082  48.153  6.48042E-16  SWARM-A  4.628  54.936
2023-09-18T01:20:00Z  489.610  56.984  48.310  6.63210E-16  SWARM-A  4.647  56.849
2023-09-18T01:20:30Z  489.997  58.885  48.497  6.78953E-16  SWARM-A  4.668  58.762
2023-09-18T01:21:00Z  490.375  60.784  48.720  6.95570E-16  SWARM-A  4.691  60.675
2023-09-18T01:21:30Z  490.740  62.681  48.987  7.13081E-16  SWARM-A  4.717  62.588
2023-09-18T01:22:00Z  491.092  64.577  49.307  7.31402E-16  SWARM-A  4.747  64.502
2023-09-18T01:22:30Z  491.428  66.471  49.695  7.50351E-16  SWARM-A  4.781  66.415
2023-09-18T01:23:00Z  491.746  68.362  50.166  7.69553E-16  SWARM-A  4.821  68.328
2023-09-18T01:23:30Z  492.044  70.250  50.745  7.88954E-16  SWARM-A  4.868  70.241
2023-09-18T01:24:00Z  492.322  72.134  51.466  8.08422E-16  SWARM-A  4.924  72.155
2023-09-18T01:24:30Z  492.577  74.014  52.380  8.27962E-16  SWARM-A  4.993  74.068
2023-09-18T01:25:00Z  492.808  75.886  53.561  8.47538E-16  SWARM-A  5.081  75.982
2023-09-18T01:25:30Z  493.013  77.750  55.131  8.67202E-16  SWARM-A  5.194  77.895
2023-09-18T01:26:00Z  493.193  79.599  57.296  8.87022E-16  SWARM-A  5.346  79.809
2023-09-18T01:26:30Z  493.345  81.424  60.430  9.07090E-16  SWARM-A  5.563  81.722
2023-09-18T01:27:00Z  493.469  83.208  65.282  9.27468E-16  SWARM-A  5.895  83.636
2023-09-18T01:27:30Z  493.564  84.905  73.535  9.48177E-16  SWARM-A  6.454  85.549
2023-09-18T01:28:00Z  493.629  86.393  89.304  9.68884E-16  SWARM-A  7.513  87.463
2023-09-18T01:28:30Z  493.666  87.300  120.257  9.89593E-16  SWARM-A  9.585  89.376
2023-09-18T01:29:00Z  493.672  87.034  159.005  1.01145E-15  SWARM-A  12.177  91.290
2023-09-18T01:29:30Z  493.649  85.813  -177.234  1.03407E-15  SWARM-A  13.769  93.203
2023-09-18T01:30:00Z  493.597  84.212  -165.365  1.05681E-15  SWARM-A  14.569  95.117
2023-09-18T01:30:30Z  493.515  82.471  -158.840  1.07957E-15  SWARM-A  15.012  97.030
2023-09-18T01:31:00Z  493.404  80.666  -154.835  1.10233E-15  SWARM-A  15.288  98.944
2023-09-18T01:31:30Z  493.266  78.830  -152.168  1.12504E-15  SWARM-A  15.474  100.857
2023-09-18T01:32:00Z  493.101  76.974  -150.284  1.14791E-15  SWARM-A  15.608  102.770
2023-09-18T01:32:30Z  492.909  75.106  -148.895  1.17092E-15  SWARM-A  15.709  104.684
2023-09-18T01:33:00Z  492.693  73.231  -147.838  1.19442E-15  SWARM-A  15.787  106.597
2023-09-18T01:33:30Z  492.453  71.349  -147.012  1.21875E-15  SWARM-A  15.851  108.510
2023-09-18T01:34:00Z  492.190  69.463  -146.355  1.24429E-15  SWARM-A  15.903  110.424
2023-09-18T01:34:30Z  491.907  67.574  -145.824  1.27139E-15  SWARM-A  15.947  112.337
2023-09-18T01:35:00Z  491.605  65.682  -145.391  1.30020E-15  SWARM-A  15.984  114.250
2023-09-18T01:35:30Z  491.285  63.788  -145.033  1.33043E-15  SWARM-A  16.016  116.163
2023-09-18T01:36:00Z  490.950  61.892  -144.736  1.36137E-15  SWARM-A  16.044  118.076
2023-09-18T01:36:30Z  490.602  59.994  -144.489  1.39250E-15  SWARM-A  16.069  119.989
2023-09-18T01:37:00Z  490.242  58.094  -144.281  1.42206E-15  SWARM-A  16.091  121.902
2023-09-18T01:37:30Z  489.872  56.193  -144.108  1.44922E-15  SWARM-A  16.111  123.815
2023-09-18T01:38:00Z  489.496  54.291  -143.962  1.47366E-15  SWARM-A  16.129  125.727
2023-09-18T01:38:30Z  489.115  52.387  -143.841  1.49555E-15  SWARM-A  16.146  127.640
2023-09-18T01:39:00Z  488.732  50.482  -143.739  1.51510E-15  SWARM-A  16.161  129.552
2023-09-18T01:39:30Z  488.349  48.577  -143.656  1.53272E-15  SWARM-A  16.175  131.465
2023-09-18T01:40:00Z  487.969  46.670  -143.587  1.54856E-15  SWARM-A  16.187  133.377
2023-09-18T01:40:30Z  487.594  44.762  -143.532  1.56273E-15  SWARM-A  16.199  135.290
2023-09-18T01:41:00Z  487.226  42.853  -143.488  1.57535E-15  SWARM-A  16.211  137.202
2023-09-18T01:41:30Z  486.868  40.944  -143.454  1.58645E-15  SWARM-A  16.221  139.114
2023-09-18T01:42:00Z  486.522  39.033  -143.429  1.59609E-15  SWARM-A  16.231  141.026
2023-09-18T01:42:30Z  486.191  37.122  -143.412  1.60433E-15  SWARM-A  16.241  142.938
2023-09-18T01:43:00Z  485.878  35.209  -143.402  1.61124E-15  SWARM-A  16.250  144.849
2023-09-18T01:43:30Z  485.583  33.296  -143.398  1.61700E-15  SWARM-A  16.258  146.761
2023-09-18T01:44:00Z  485.310  31.383  -143.400  1.62175E-15  SWARM-A  16.267  148.672
2023-09-18T01:44:30Z  485.061  29.468  -143.406  1.62553E-15  SWARM-A  16.275  150.584
2023-09-18T01:45:00Z  484.838  27.553  -143.417  1.62857E-15  SWARM-A  16.282  152.495
2023-09-18T01:45:30Z  484.642  25.637  -143.432  1.63094E-15  SWARM-A  16.289  154.406
2023-09-18T01:46:00Z  484.476  23.721  -143.450  1.63278E-15  SWARM-A  16.297  156.317
2023-09-18T01:46:30Z  484.341  21.804  -143.472  1.63418E-15  SWARM-A  16.303  158.228
2023-09-18T01:47:00Z  484.239  19.887  -143.496  1.63518E-15  SWARM-A  16.310  160.139
2023-09-18T01:47:30Z  484.171  17.970  -143.522  1.63585E-15  SWARM-A  16.317  162.049
2023-09-18T01:48:00Z  484.139  16.052  -143.551  1.63619E-15  SWARM-A  16.323  163.959
2023-09-18T01:48:30Z  484.144  14.133  -143.581  1.63613E-15  SWARM-A  16.330  165.870
2023-09-18T01:49:00Z  484.186  12.215  -143.613  1.63563E-15  SWARM-A  16.336  167.780
2023-09-18T01:49:30Z  484.268  10.296  -143.647  1.63467E-15  SWARM-A  16.342  169.690
2023-09-18T01:50:00Z  484.388  8.377  -143.681  1.63313E-15  SWARM-A  16.348  171.599
2023-09-18T01:50:30Z  484.549  6.458  -143.717  1.63107E-15  SWARM-A  16.354  173.509
2023-09-18T01:51:00Z  484.749  4.539  -143.753  1.62821E-15  SWARM-A  16.360  175.418
2023-09-18T01:51:30Z  484.990  2.620  -143.789  1.62461E-15  SWARM-A  16.366  177.328
2023-09-18T01:52:00Z  485.272  0.701  -143.826  1.62014E-15  SWARM-A  16.372  179.237
2023-09-18T01:52:30Z  485.593  -1.218  -143.863  1.61484E-15  SWARM-A  16.377  181.145
2023-09-18T01:53:00Z  485.954  -3.136  -143.900  1.60856E-15  SWARM-A  16.383  183.054
2023-09-18T01:53:30Z  486.354  -5.055  -143.936  1.60133E-15  SWARM-A  16.389  184.963
2023-09-18T01:54:00Z  486.793  -6.973  -143.972  1.59318E-15  SWARM-A  16.395  186.871
2023-09-18T01:54:30Z  487.269  -8.890  -144.007  1.58411E-15  SWARM-A  16.401  188.779
2023-09-18T01:55:00Z  487.781  -10.807  -144.042  1.57419E-15  SWARM-A  16.407  190.687
2023-09-18T01:55:30Z  488.329  -12.724  -144.075  1.56344E-15  SWARM-A  16.413  192.595
2023-09-18T01:56:00Z  488.910  -14.640  -144.107  1.55196E-15  SWARM-A  16.420  194.503
2023-09-18T01:56:30Z  489.524  -16.555  -144.137  1.53982E-15  SWARM-A  16.426  196.410
2023-09-18T01:57:00Z  490.168  -18.470  -144.165  1.52707E-15  SWARM-A  16.432  198.317
2023-09-18T01:57:30Z  490.840  -20.384  -144.191  1.51367E-15  SWARM-A  16.439  200.224
2023-09-18T01:58:00Z  491.539  -22.297  -144.215  1.49969E-15  SWARM-A  16.446  202.131
2023-09-18T01:58:30Z  492.262  -24.210  -144.236  1.48528E-15  SWARM-A  16.453  204.038
2023-09-18T01:59:00Z  493.007  -26.121  -144.254  1.47046E-15  SWARM-A  16.460  205.944
2023-09-18T01:59:30Z  493.772  -28.032  -144.268  1.45518E-15  SWARM-A  16.467  207.851
2023-09-18T02:00:00Z  494.554  -29.942  -144.278  1.43952E-15  SWARM-A  16.475  209.757
2023-09-18T02:00:30Z  495.350  -31.851  -144.284  1.42347E-15  SWARM-A  16.483  211.663
2023-09-18T02:01:00Z  496.159  -33.759  -144.284  1.40708E-15  SWARM-A  16.491  213.569
2023-09-18T02:01:30Z  496.976  -35.665  -144.280  1.39029E-15  SWARM-A  16.500  215.474
2023-09-18T02:02:00Z  497.800  -37.571  -144.268  1.37317E-15  SWARM-A  16.509  217.380
2023-09-18T02:02:30Z  498.627  -39.476  -144.250  1.35572E-15  SWARM-A  16.518  219.285
2023-09-18T02:03:00Z  499.455  -41.379  -144.224  1.33798E-15  SWARM-A  16.528  221.190
2023-09-18T02:03:30Z  500.281  -43.282  -144.189  1.31999E-15  SWARM-A  16.539  223.095
2023-09-18T02:04:00Z  501.101  -45.183  -144.143  1.30172E-15  SWARM-A  16.550  225.000
2023-09-18T02:04:30Z  501.914  -47.083  -144.085  1.28321E-15  SWARM-A  16.563  226.905
2023-09-18T02:05:00Z  502.715  -48.982  -144.015  1.26428E-15  SWARM-A  16.576  228.809
2023-09-18T02:05:30Z  503.503  -50.879  -143.928  1.24470E-15  SWARM-A  16.590  230.714
2023-09-18T02:06:00Z  504.274  -52.776  -143.824  1.22410E-15  SWARM-A  16.605  232.618
2023-09-18T02:06:30Z  505.025  -54.670  -143.699  1.20202E-15  SWARM-A  16.622  234.522
2023-09-18T02:07:00Z  505.754  -56.564  -143.550  1.17815E-15  SWARM-A  16.640  236.426
2023-09-18T02:07:30Z  506.459  -58.456  -143.372  1.15249E-15  SWARM-A  16.660  238.330
2023-09-18T02:08:00Z  507.136  -60.346  -143.159  1.12609E-15  SWARM-A  16.683  240.234
2023-09-18T02:08:30Z  507.783  -62.234  -142.905  1.10024E-15  SWARM-A  16.708  242.138
2023-09-18T02:09:00Z  508.399  -64.121  -142.601  1.07599E-15  SWARM-A  16.737  244.041
2023-09-18T02:09:30Z  508.979  -66.006  -142.234  1.05391E-15  SWARM-A  16.769  245.945
2023-09-18T02:10:00Z  509.524  -67.888  -141.789  1.03393E-15  SWARM-A  16.807  247.848
2023-09-18T02:10:30Z  510.029  -69.767  -141.243  1.01567E-15  SWARM-A  16.852  249.752
2023-09-18T02:11:00Z  510.495  -71.642  -140.567  9.98596E-16  SWARM-A  16.906  251.655
2023-09-18T02:11:30Z  510.918  -73.513  -139.716  9.82113E-16  SWARM-A  16.971  253.558
2023-09-18T02:12:00Z  511.298  -75.378  -138.624  9.65751E-16  SWARM-A  17.052  255.461
2023-09-18T02:12:30Z  511.632  -77.234  -137.185  9.49132E-16  SWARM-A  17.156  257.364
2023-09-18T02:13:00Z  511.921  -79.077  -135.227  9.31889E-16  SWARM-A  17.295  259.267
2023-09-18T02:13:30Z  512.161  -80.901  -132.441  9.14019E-16  SWARM-A  17.489  261.170
2023-09-18T02:14:00Z  512.354  -82.690  -128.230  8.95497E-16  SWARM-A  17.778  263.073
2023-09-18T02:14:30Z  512.497  -84.411  -121.302  8.76323E-16  SWARM-A  18.248  264.976
2023-09-18T02:15:00Z  512.591  -85.976  -108.564  8.56487E-16  SWARM-A  19.106  266.879
2023-09-18T02:15:30Z  512.634  -87.121  -83.118  8.35965E-16  SWARM-A  20.810  268.782
2023-09-18T02:16:00Z  512.628  -87.254  -44.028  8.15017E-16  SWARM-A  23.425  270.685
2023-09-18T02:16:30Z  512.571  -86.267  -14.958  7.94731E-16  SWARM-A  1.371  272.588
2023-09-18T02:17:00Z  512.464  -84.758  -0.265  7.74910E-16  SWARM-A  2.359  274.491
2023-09-18T02:17:30Z  512.307  -83.059  7.530  7.55321E-16  SWARM-A  2.887  276.394
2023-09-18T02:18:00Z  512.101  -81.281  12.170  7.35977E-16  SWARM-A  3.205  278.297
2023-09-18T02:18:30Z  511.847  -79.463  15.191  7.16937E-16  SWARM-A  3.414  280.200
2023-09-18T02:19:00Z  511.545  -77.622  17.291  6.98144E-16  SWARM-A  3.563  282.103
2023-09-18T02:19:30Z  511.196  -75.768  18.821  6.79701E-16  SWARM-A  3.673  284.007
2023-09-18T02:20:00Z  510.802  -73.905  19.976  6.61874E-16  SWARM-A  3.758  285.910
2023-09-18T02:20:30Z  510.364  -72.035  20.872  6.44504E-16  SWARM-A  3.827  287.813
2023-09-18T02:21:00Z  509.884  -70.161  21.580  6.27647E-16  SWARM-A  3.882  289.717
2023-09-18T02:21:30Z  509.363  -68.282  22.150  6.11377E-16  SWARM-A  3.928  291.620
2023-09-18T02:22:00Z  508.804  -66.400  22.614  5.95643E-16  SWARM-A  3.968  293.524
2023-09-18T02:22:30Z  508.207  -64.516  22.996  5.80487E-16  SWARM-A  4.001  295.427
2023-09-18T02:23:00Z  507.576  -62.630  23.313  5.65967E-16  SWARM-A  4.031  297.331
2023-09-18T02:23:30Z  506.913  -60.741  23.576  5.52042E-16  SWARM-A  4.057  299.235
2023-09-18T02:24:00Z  506.220  -58.851  23.797  5.38754E-16  SWARM-A  4.080  301.139
2023-09-18T02:24:30Z  505.499  -56.959  23.982  5.26061E-16  SWARM-A  4.101  303.043
2023-09-18T02:25:00Z  504.753  -55.066  24.137  5.13927E-16  SWARM-A  4.119  304.947
2023-09-18T02:25:30Z  503.985  -53.171  24.267  5.02456E-16  SWARM-A  4.136  306.852
2023-09-18T02:26:00Z  503.197  -51.275  24.375  4.91593E-16  SWARM-A  4.152  308.756
2023-09-18T02:26:30Z  502.393  -49.378  24.465  4.81314E-16  SWARM-A  4.166  310.661
2023-09-18T02:27:00Z  501.574  -47.479  24.539  4.71652E-16  SWARM-A  4.179  312.566
2023-09-18T02:27:30Z  500.744  -45.579  24.599  4.62568E-16  SWARM-A  4.192  314.471
2023-09-18T02:28:00Z  499.907  -43.678  24.647  4.54131E-16  SWARM-A  4.203  316.376
2023-09-18T02:28:30Z  499.064  -41.775  24.684  4.46415E-16  SWARM-A  4.214  318.281
2023-09-18T02:29:00Z  498.218  -39.871  24.712  4.39450E-16  SWARM-A  4.224  320.187
2023-09-18T02:29:30Z  497.374  -37.967  24.732  4.33203E-16  SWARM-A  4.234  322.092
2023-09-18T02:30:00Z  496.533  -36.061  24.745  4.27800E-16  SWARM-A  4.243  323.998
2023-09-18T02:30:30Z  495.698  -34.154  24.751  4.23144E-16  SWARM-A  4.252  325.904
2023-09-18T02:31:00Z  494.872  -32.246  24.751  4.19405E-16  SWARM-A  4.260  327.810
2023-09-18T02:31:30Z  494.059  -30.337  24.747  4.16539E-16  SWARM-A  4.268  329.717
2023-09-18T02:32:00Z  493.260  -28.427  24.737  4.14558E-16  SWARM-A  4.276  331.623
2023-09-18T02:32:30Z  492.478  -26.516  24.724  4.13436E-16  SWARM-A  4.283  333.530
2023-09-18T02:33:00Z  491.716  -24.604  24.707  4.13167E-16  SWARM-A  4.291  335.437
2023-09-18T02:33:30Z  490.976  -22.691  24.687  4.13679E-16  SWARM-A  4.298  337.344
2023-09-18T02:34:00Z  490.261  -20.778  24.664  4.14976E-16  SWARM-A  4.304  339.251
2023-09-18T02:34:30Z  489.573  -18.864  24.638  4.16998E-16  SWARM-A  4.311  341.158
2023-09-18T02:35:00Z  488.913  -16.949  24.610  4.19729E-16  SWARM-A  4.317  343.066
2023-09-18T02:35:30Z  488.285  -15.033  24.580  4.23129E-16  SWARM-A  4.324  344.974
2023-09-18T02:36:00Z  487.689  -13.117  24.549  4.27132E-16  SWARM-A  4.330  346.882
2023-09-18T02:36:30Z  487.127  -11.200  24.516  4.31651E-16  SWARM-A  4.336  348.790
2023-09-18T02:37:00Z  486.601  -9.282  24.482  4.36697E-16  SWARM-A  4.342  350.698
2023-09-18T02:37:30Z  486.112  -7.364  24.447  4.42194E-16  SWARM-A  4.348  352.607
2023-09-18T02:38:00Z  485.661  -5.446  24.411  4.48093E-16  SWARM-A  4.354  354.516
2023-09-18T02:38:30Z  485.250  -3.527  24.375  4.54536E-16  SWARM-A  4.360  356.425
2023-09-18T02:39:00Z  484.878  -1.608  24.338  4.61293E-16  SWARM-A  4.366  358.334
2023-09-18T02:39:30Z  484.547  0.311  24.301  4.68305E-16  SWARM-A  4.372  0.243
2023-09-18T02:40:00Z  484.257  2.230  24.264  4.75459E-16  SWARM-A  4.378  2.152
2023-09-18T02:40:30Z  484.009  4.149  24.228  4.82780E-16  SWARM-A  4.384  4.062
2023-09-18T02:41:00Z  483.802  6.069  24.192  4.90315E-16  SWARM-A  4.390  5.972
2023-09-18T02:41:30Z  483.636  7.988  24.156  4.97985E-16  SWARM-A  4.396  7.882
2023-09-18T02:42:00Z  483.511  9.908  24.121  5.05792E-16  SWARM-A  4.402  9.792
2023-09-18T02:42:30Z  483.426  11.827  24.088  5.13771E-16  SWARM-A  4.408  11.702
2023-09-18T02:43:00Z  483.381  13.746  24.055  5.21923E-16  SWARM-A  4.414  13.613
2023-09-18T02:43:30Z  483.375  15.665  24.025  5.30216E-16  SWARM-A  4.420  15.523
2023-09-18T02:44:00Z  483.407  17.583  23.996  5.38765E-16  SWARM-A  4.427  17.434
2023-09-18T02:44:30Z  483.475  19.502  23.969  5.47536E-16  SWARM-A  4.433  19.345
2023-09-18T02:45:00Z  483.579  21.419  23.944  5.56545E-16  SWARM-A  4.440  21.256
2023-09-18T02:45:30Z  483.717  23.337  23.922  5.65802E-16  SWARM-A  4.447  23.167
2023-09-18T02:46:00Z  483.887  25.253  23.903  5.75318E-16  SWARM-A  4.454  25.078
2023-09-18T02:46:30Z  484.087  27.170  23.887  5.85144E-16  SWARM-A  4.461  26.990
2023-09-18T02:47:00Z  484.317  29.085  23.876  5.95267E-16  SWARM-A  4.469  28.902
2023-09-18T02:47:30Z  484.574  31.000  23.868  6.05670E-16  SWARM-A  4.476  30.813
2023-09-18T02:48:00Z  484.855  32.915  23.866  6.16443E-16  SWARM-A  4.485  32.725
2023-09-18T02:48:30Z  485.159  34.828  23.868  6.27464E-16  SWARM-A  4.493  34.637
2023-09-18T02:49:00Z  485.483  36.741  23.877  6.38802E-16  SWARM-A  4.502  36.549
2023-09-18T02:49:30Z  485.826  38.653  23.893  6.50269E-16  SWARM-A  4.511  38.461
2023-09-18T02:50:00Z  486.184  40.564  23.916  6.61948E-16  SWARM-A  4.521  40.374
2023-09-18T02:50:30Z  486.556  42.474  23.948  6.73790E-16  SWARM-A  4.532  42.286
2023-09-18T02:51:00Z  486.938  44.383  23.990  6.85959E-16  SWARM-A  4.543  44.199
2023-09-18T02:51:30Z  487.329  46.292  24.043  6.98412E-16  SWARM-A  4.555  46.111
2023-09-18T02:52:00Z  487.726  48.199  24.108  7.11144E-16  SWARM-A  4.567  48.024
2023-09-18T02:52:30Z  488.127  50.105  24.189  7.24118E-16  SWARM-A  4.581  49.937
2023-09-18T02:53:00Z  488.529  52.011  24.286  7.37378E-16  SWARM-A  4.596  51.849
2023-09-18T02:53:30Z  488.929  53.915  24.404  7.50943E-16  SWARM-A  4.612  53.762
2023-09-18T02:54:00Z  489.326  55.817  24.544  7.64976E-16  SWARM-A  4.630  55.675
2023-09-18T02:54:30Z  489.717  57.719  24.712  7.79673E-16  SWARM-A  4.649  57.588
2023-09-18T02:55:00Z  490.100  59.619  24.912  7.95218E-16  SWARM-A  4.671  59.501
2023-09-18T02:55:30Z  490.472  61.518  25.151  8.11657E-16  SWARM-A  4.695  61.415
2023-09-18T02:56:00Z  490.832  63.415  25.437  8.28839E-16  SWARM-A  4.723  63.328
2023-09-18T02:56:30Z  491.177  65.309  25.781  8.46423E-16  SWARM-A  4.754  65.241
2023-09-18T02:57:00Z  491.505  67.202  26.198  8.63907E-16  SWARM-A  4.790  67.154
2023-09-18T02:57:30Z  491.816  69.092  26.707  8.81144E-16  SWARM-A  4.832  69.068
2023-09-18T02:58:00Z  492.106  70.979  27.336  8.98016E-16  SWARM-A  4.883  70.981
2023-09-18T02:58:30Z  492.374  72.862  28.124  9.14444E-16  SWARM-A  4.944  72.895
2023-09-18T02:59:00Z  492.619  74.739  29.130  9.30439E-16  SWARM-A  5.019  74.808
2023-09-18T02:59:30Z  492.840  76.608  30.443  9.46071E-16  SWARM-A  5.115  76.721
2023-09-18T03:00:00Z  493.035  78.467  32.211  9.62187E-16  SWARM-A  5.241  78.635
2023-09-18T03:00:30Z  493.203  80.308  34.691  9.78677E-16  SWARM-A  5.415  80.549
2023-09-18T03:01:00Z  493.344  82.121  38.366  9.95201E-16  SWARM-A  5.668  82.462
2023-09-18T03:01:30Z  493.456  83.879  44.247  1.01174E-15  SWARM-A  6.068  84.376
2023-09-18T03:02:00Z  493.539  85.518  54.698  1.02831E-15  SWARM-A  6.773  86.289
2023-09-18T03:02:30Z  493.593  86.848  75.423  1.04483E-15  SWARM-A  8.163  88.203
2023-09-18T03:03:00Z  493.617  87.352  112.317  1.06176E-15  SWARM-A  10.631  90.116
2023-09-18T03:03:30Z  493.611  86.636  146.544  1.07986E-15  SWARM-A  12.921  92.030
2023-09-18T03:04:00Z  493.576  85.220  164.650  1.09835E-15  SWARM-A  14.137  93.943
2023-09-18T03:04:30Z  493.512  83.550  173.929  1.11717E-15  SWARM-A  14.764  95.857
2023-09-18T03:05:00Z  493.418  81.778  179.267  1.13642E-15  SWARM-A  15.128  97.770
2023-09-18T03:05:30Z  493.297  79.959  -177.341  1.15635E-15  SWARM-A  15.363  99.684
2023-09-18T03:06:00Z  493.148  78.114  -175.024  1.17713E-15  SWARM-A  15.525  101.597
2023-09-18T03:06:30Z  492.972  76.253  -173.358  1.19897E-15  SWARM-A  15.645  103.511
2023-09-18T03:07:00Z  492.770  74.382  -172.113  1.22212E-15  SWARM-A  15.736  105.424
2023-09-18T03:07:30Z  492.544  72.504  -171.155  1.24665E-15  SWARM-A  15.808  107.337
2023-09-18T03:08:00Z  492.295  70.620  -170.401  1.27253E-15  SWARM-A  15.867  109.250
2023-09-18T03:08:30Z  492.024  68.733  -169.797  1.29945E-15  SWARM-A  15.915  111.164
2023-09-18T03:09:00Z  491.733  66.843  -169.307  1.32683E-15  SWARM-A  15.956  113.077
2023-09-18T03:09:30Z  491.423  64.950  -168.905  1.35391E-15  SWARM-A  15.992  114.990
2023-09-18T03:10:00Z  491.097  63.054  -168.573  1.38007E-15  SWARM-A  16.022  116.903
2023-09-18T03:10:30Z  490.757  61.157  -168.297  1.40562E-15  SWARM-A  16.049  118.816
2023-09-18T03:11:00Z  490.404  59.259  -168.066  1.43164E-15  SWARM-A  16.073  120.729
2023-09-18T03:11:30Z  490.040  57.359  -167.873  1.45604E-15  SWARM-A  16.094  122.642
2023-09-18T03:12:00Z  489.668  55.457  -167.711  1.47920E-15  SWARM-A  16.113  124.555
2023-09-18T03:12:30Z  489.290  53.554  -167.575  1.50119E-15  SWARM-A  16.130  126.468
2023-09-18T03:13:00Z  488.909  51.650  -167.462  1.52203E-15  SWARM-A  16.146  128.380
2023-09-18T03:13:30Z  488.526  49.745  -167.368  1.53946E-15  SWARM-A  16.161  130.293
2023-09-18T03:14:00Z  488.144  47.839  -167.290  1.55415E-15  SWARM-A  16.174  132.205
2023-09-18T03:14:30Z  487.766  45.932  -167.227  1.56747E-15  SWARM-A  16.187  134.118
2023-09-18T03:15:00Z  487.393  44.023  -167.176  1.57951E-15  SWARM-A  16.199  136.030
2023-09-18T03:15:30Z  487.029  42.114  -167.136  1.59021E-15  SWARM-A  16.210  137.942
2023-09-18T03:16:00Z  486.676  40.204  -167.106  1.60154E-15  SWARM-A  16.220  139.854
2023-09-18T03:16:30Z  486.337  38.293  -167.084  1.61308E-15  SWARM-A  16.230  141.766
2023-09-18T03:17:00Z  486.012  36.381  -167.070  1.62352E-15  SWARM-A  16.239  143.678
2023-09-18T03:17:30Z  485.706  34.469  -167.063  1.63298E-15  SWARM-A  16.248  145.590
2023-09-18T03:18:00Z  485.421  32.556  -167.061  1.64159E-15  SWARM-A  16.256  147.501
2023-09-18T03:18:30Z  485.157  30.642  -167.065  1.64843E-15  SWARM-A  16.264  149.413
2023-09-18T03:19:00Z  484.918  28.727  -167.073  1.65219E-15  SWARM-A  16.272  151.324
2023-09-18T03:19:30Z  484.706  26.811  -167.086  1.65546E-15  SWARM-A  16.280  153.235
2023-09-18T03:20:00Z  484.522  24.895  -167.102  1.65834E-15  SWARM-A  16.287  155.146
2023-09-18T03:20:30Z  484.368  22.979  -167.122  1.66084E-15  SWARM-A  16.294  157.057
2023-09-18T03:21:00Z  484.246  21.062  -167.144  1.66308E-15  SWARM-A  16.301  158.968
2023-09-18T03:21:30Z  484.158  19.145  -167.169  1.66471E-15  SWARM-A  16.307  160.879
2023-09-18T03:22:00Z  484.104  17.227  -167.197  1.66559E-15  SWARM-A  16.314  162.789
2023-09-18T03:22:30Z  484.087  15.308  -167.226  1.66614E-15  SWARM-A  16.320  164.699
2023-09-18T03:23:00Z  484.106  13.390  -167.257  1.66629E-15  SWARM-A  16.327  166.610
2023-09-18T03:23:30Z  484.164  11.471  -167.290  1.66596E-15  SWARM-A  16.333  168.520
2023-09-18T03:24:00Z  484.261  9.552  -167.324  1.66511E-15  SWARM-A  16.339  170.429
2023-09-18T03:24:30Z  484.398  7.633  -167.359  1.66362E-15  SWARM-A  16.345  172.339
2023-09-18T03:25:00Z  484.574  5.714  -167.394  1.66138E-15  SWARM-A  16.351  174.249
2023-09-18T03:25:30Z  484.791  3.795  -167.431  1.65841E-15  SWARM-A  16.357  176.158
2023-09-18T03:26:00Z  485.048  1.876  -167.467  1.65454E-15  SWARM-A  16.363  178.067
2023-09-18T03:26:30Z  485.346  -0.043  -167.504  1.64968E-15  SWARM-A  16.368  179.976
2023-09-18T03:27:00Z  485.684  -1.961  -167.541  1.64380E-15  SWARM-A  16.374  181.885
2023-09-18T03:27:30Z  486.061  -3.880  -167.578  1.63686E-15  SWARM-A  16.380  183.794
2023-09-18T03:28:00Z  486.477  -5.798  -167.614  1.62883E-15  SWARM-A  16.386  185.702
2023-09-18T03:28:30Z  486.931  -7.716  -167.650  1.61970E-15  SWARM-A  16.392  187.610
2023-09-18T03:29:00Z  487.423  -9.633  -167.685  1.60951E-15  SWARM-A  16.398  189.519
2023-09-18T03:29:30Z  487.950  -11.550  -167.719  1.59828E-15  SWARM-A  16.404  191.426
2023-09-18T03:30:00Z  488.512  -13.466  -167.751  1.58602E-15  SWARM-A  16.410  193.334
2023-09-18T03:30:30Z  489.108  -15.382  -167.783  1.57281E-15  SWARM-A  16.417  195.242
2023-09-18T03:31:00Z  489.734  -17.297  -167.812  1.55866E-15  SWARM-A  16.423  197.149
2023-09-18T03:31:30Z  490.391  -19.212  -167.840  1.54362E-15  SWARM-A  16.429  199.056
2023-09-18T03:32:00Z  491.075  -21.126  -167.865  1.52776E-15  SWARM-A  16.436  200.963
2023-09-18T03:32:30Z  491.784  -23.039  -167.888  1.51109E-15  SWARM-A  16.443  202.870
2023-09-18T03:33:00Z  492.517  -24.951  -167.907  1.49369E-15  SWARM-A  16.450  204.777
2023-09-18T03:33:30Z  493.271  -26.862  -167.924  1.47558E-15  SWARM-A  16.457  206.683
2023-09-18T03:34:00Z  494.044  -28.773  -167.937  1.45675E-15  SWARM-A  16.465  208.590
2023-09-18T03:34:30Z  494.833  -30.682  -167.945  1.43724E-15  SWARM-A  16.472  210.496
2023-09-18T03:35:00Z  495.635  -32.591  -167.949  1.41708E-15  SWARM-A  16.480  212.402
2023-09-18T03:35:30Z  496.449  -34.498  -167.948  1.39629E-15  SWARM-A  16.489  214.307
2023-09-18T03:36:00Z  497.270  -36.404  -167.941  1.37491E-15  SWARM-A  16.498  216.213
2023-09-18T03:36:30Z  498.096  -38.310  -167.927  1.35298E-15  SWARM-A  16.507  218.119
2023-09-18T03:37:00Z  498.925  -40.214  -167.906  1.33057E-15  SWARM-A  16.517  220.024
2023-09-18T03:37:30Z  499.753  -42.117  -167.876  1.30772E-15  SWARM-A  16.527  221.929
2023-09-18T03:38:00Z  500.578  -44.019  -167.837  1.28446E-15  SWARM-A  16.538  223.834
2023-09-18T03:38:30Z  501.396  -45.920  -167.787  1.26075E-15  SWARM-A  16.550  225.739
2023-09-18T03:39:00Z  502.206  -47.819  -167.725  1.23643E-15  SWARM-A  16.562  227.643
2023-09-18T03:39:30Z  503.003  -49.718  -167.648  1.21127E-15  SWARM-A  16.576  229.548
2023-09-18T03:40:00Z  503.785  -51.615  -167.555  1.18489E-15  SWARM-A  16.590  231.452
2023-09-18T03:40:30Z  504.550  -53.510  -167.444  1.15711E-15  SWARM-A  16.606  233.356
2023-09-18T03:41:00Z  505.294  -55.405  -167.310  1.12805E-15  SWARM-A  16.623  235.261
2023-09-18T03:41:30Z  506.015  -57.298  -167.150  1.09854E-15  SWARM-A  16.642  237.165
2023-09-18T03:42:00Z  506.710  -59.189  -166.959  1.06956E-15  SWARM-A  16.663  239.068
2023-09-18T03:42:30Z  507.377  -61.079  -166.732  1.04212E-15  SWARM-A  16.687  240.972
2023-09-18T03:43:00Z  508.014  -62.966  -166.460  1.01640E-15  SWARM-A  16.713  242.876
2023-09-18T03:43:30Z  508.617  -64.852  -166.133  9.92858E-16  SWARM-A  16.743  244.779
2023-09-18T03:44:00Z  509.185  -66.736  -165.738  9.70911E-16  SWARM-A  16.778  246.683
2023-09-18T03:44:30Z  509.716  -68.617  -165.257  9.50123E-16  SWARM-A  16.818  248.586
2023-09-18T03:45:00Z  510.207  -70.495  -164.666  9.30154E-16  SWARM-A  16.866  250.490
2023-09-18T03:45:30Z  510.658  -72.368  -163.928  9.10644E-16  SWARM-A  16.924  252.393
2023-09-18T03:46:00Z  511.066  -74.237  -162.994  8.91344E-16  SWARM-A  16.994  254.296
2023-09-18T03:46:30Z  511.429  -76.099  -161.783  8.71907E-16  SWARM-A  17.083  256.199
2023-09-18T03:47:00Z  511.747  -77.951  -160.169  8.52348E-16  SWARM-A  17.199  258.102
2023-09-18T03:47:30Z  512.019  -79.788  -157.939  8.32776E-16  SWARM-A  17.356  260.005
2023-09-18T03:48:00Z  512.242  -81.600  -154.697  8.13301E-16  SWARM-A  17.581  261.908
2023-09-18T03:48:30Z  512.417  -83.369  -149.649  7.93969E-16  SWARM-A  17.925  263.811
2023-09-18T03:49:00Z  512.542  -85.045  -141.004  7.74863E-16  SWARM-A  18.510  265.714
2023-09-18T03:49:30Z  512.618  -86.497  -124.381  7.55944E-16  SWARM-A  19.627  267.617
2023-09-18T03:50:00Z  512.644  -87.327  -92.254  7.37147E-16  SWARM-A  21.777  269.520
2023-09-18T03:50:30Z  512.619  -86.973  -54.249  7.19013E-16  SWARM-A  0.319  271.423
2023-09-18T03:51:00Z  512.544  -85.718  -31.688  7.01109E-16  SWARM-A  1.831  273.326
2023-09-18T03:51:30Z  512.419  -84.113  -20.358  6.84004E-16  SWARM-A  2.595  275.229
2023-09-18T03:52:00Z  512.244  -82.376  -14.065  6.67603E-16  SWARM-A  3.023  277.132
2023-09-18T03:52:30Z  512.020  -80.580  -10.173  6.51742E-16  SWARM-A  3.291  279.035
2023-09-18T03:53:00Z  511.749  -78.752  -7.567  6.36396E-16  SWARM-A  3.473  280.938
2023-09-18T03:53:30Z  511.430  -76.905  -5.720  6.21770E-16  SWARM-A  3.604  282.841
2023-09-18T03:54:00Z  511.064  -75.047  -4.353  6.07647E-16  SWARM-A  3.704  284.745
2023-09-18T03:54:30Z  510.654  -73.181  -3.310  5.94341E-16  SWARM-A  3.781  286.648
2023-09-18T03:55:00Z  510.201  -71.309  -2.495  5.82221E-16  SWARM-A  3.844  288.551
2023-09-18T03:55:30Z  509.706  -69.433  -1.845  5.70700E-16  SWARM-A  3.896  290.455
2023-09-18T03:56:00Z  509.171  -67.553  -1.320  5.59596E-16  SWARM-A  3.939  292.358
2023-09-18T03:56:30Z  508.598  -65.670  -0.890  5.49069E-16  SWARM-A  3.976  294.262
2023-09-18T03:57:00Z  507.989  -63.785  -0.535  5.39060E-16  SWARM-A  4.008  296.165
2023-09-18T03:57:30Z  507.346  -61.898  -0.241  5.29794E-16  SWARM-A  4.036  298.069
2023-09-18T03:58:00Z  506.672  -60.009  0.005  5.20932E-16  SWARM-A  4.061  299.973
2023-09-18T03:58:30Z  505.969  -58.118  0.211  5.12196E-16  SWARM-A  4.083  301.877
2023-09-18T03:59:00Z  505.239  -56.226  0.384  5.03677E-16  SWARM-A  4.103  303.781
2023-09-18T03:59:30Z  504.485  -54.332  0.528  4.95672E-16  SWARM-A  4.121  305.686
2023-09-18T04:00:00Z  503.710  -52.437  0.649  4.88070E-16  SWARM-A  4.137  307.590
2023-09-18T04:00:30Z  502.916  -50.540  0.750  4.80983E-16  SWARM-A  4.152  309.495
2023-09-18T04:01:00Z  502.106  -48.642  0.833  4.74404E-16  SWARM-A  4.166  311.399
2023-09-18T04:01:30Z  501.284  -46.743  0.901  4.68327E-16  SWARM-A  4.179  313.304
2023-09-18T04:02:00Z  500.452  -44.842  0.956  4.62775E-16  SWARM-A  4.191  315.209
2023-09-18T04:02:30Z  499.612  -42.940  1.000  4.57648E-16  SWARM-A  4.202  317.114
2023-09-18T04:03:00Z  498.769  -41.038  1.034  4.52969E-16  SWARM-A  4.213  319.020
2023-09-18T04:03:30Z  497.924  -39.134  1.059  4.48930E-16  SWARM-A  4.223  320.925
2023-09-18T04:04:00Z  497.081  -37.228  1.075  4.45533E-16  SWARM-A  4.232  322.831
2023-09-18T04:04:30Z  496.243  -35.322  1.085  4.42803E-16  SWARM-A  4.241  324.737
2023-09-18T04:05:00Z  495.412  -33.415  1.089  4.40763E-16  SWARM-A  4.250  326.643
2023-09-18T04:05:30Z  494.591  -31.506  1.087  4.39416E-16  SWARM-A  4.258  328.549
2023-09-18T04:06:00Z  493.784  -29.597  1.081  4.38768E-16  SWARM-A  4.266  330.455
2023-09-18T04:06:30Z  492.992  -27.687  1.070  4.38821E-16  SWARM-A  4.273  332.362
2023-09-18T04:07:00Z  492.218  -25.775  1.055  4.39545E-16  SWARM-A  4.281  334.268
2023-09-18T04:07:30Z  491.465  -23.863  1.037  4.40927E-16  SWARM-A  4.288  336.175
2023-09-18T04:08:00Z  490.735  -21.950  1.015  4.42941E-16  SWARM-A  4.295  338.083
2023-09-18T04:08:30Z  490.031  -20.036  0.991  4.45600E-16  SWARM-A  4.302  339.990
2023-09-18T04:09:00Z  489.354  -18.122  0.964  4.48808E-16  SWARM-A  4.308  341.897
2023-09-18T04:09:30Z  488.707  -16.207  0.936  4.52514E-16  SWARM-A  4.315  343.805
2023-09-18T04:10:00Z  488.091  -14.291  0.905  4.56660E-16  SWARM-A  4.321  345.713
2023-09-18T04:10:30Z  487.508  -12.374  0.873  4.61196E-16  SWARM-A  4.327  347.621
2023-09-18T04:11:00Z  486.961  -10.457  0.840  4.66031E-16  SWARM-A  4.333  349.529
2023-09-18T04:11:30Z  486.449  -8.539  0.805  4.71121E-16  SWARM-A  4.339  351.438
2023-09-18T04:12:00Z  485.975  -6.621  0.770  4.76436E-16  SWARM-A  4.345  353.346
2023-09-18T04:12:30Z  485.539  -4.703  0.734  4.81872E-16  SWARM-A  4.351  355.255
2023-09-18T04:13:00Z  485.143  -2.784  0.697  4.87405E-16  SWARM-A  4.357  357.164
2023-09-18T04:13:30Z  484.787  -0.865  0.660  4.92926E-16  SWARM-A  4.363  359.073
2023-09-18T04:14:00Z  484.471  1.054  0.623  4.98508E-16  SWARM-A  4.369  0.982
2023-09-18T04:14:30Z  484.197  2.973  0.587  5.04045E-16  SWARM-A  4.375  2.892
2023-09-18T04:15:00Z  483.963  4.893  0.550  5.09581E-16  SWARM-A  4.381  4.801
2023-09-18T04:15:30Z  483.771  6.812  0.514  5.15083E-16  SWARM-A  4.386  6.711
2023-09-18T04:16:00Z  483.620  8.732  0.479  5.20555E-16  SWARM-A  4.392  8.621
2023-09-18T04:16:30Z  483.509  10.651  0.445  5.26029E-16  SWARM-A  4.399  10.532
2023-09-18T04:17:00Z  483.439  12.570  0.411  5.31549E-16  SWARM-A  4.405  12.442
2023-09-18T04:17:30Z  483.407  14.489  0.380  5.37187E-16  SWARM-A  4.411  14.352
2023-09-18T04:18:00Z  483.414  16.408  0.349  5.43178E-16  SWARM-A  4.417  16.263
2023-09-18T04:18:30Z  483.459  18.326  0.321  5.49103E-16  SWARM-A  4.424  18.174
2023-09-18T04:19:00Z  483.540  20.244  0.295  5.55232E-16  SWARM-A  4.430  20.085
2023-09-18T04:19:30Z  483.655  22.162  0.271  5.61624E-16  SWARM-A  4.437  21.996
2023-09-18T04:20:00Z  483.804  24.079  0.250  5.68296E-16  SWARM-A  4.444  23.907
2023-09-18T04:20:30Z  483.984  25.995  0.233  5.75313E-16  SWARM-A  4.451  25.818
2023-09-18T04:21:00Z  484.195  27.911  0.219  5.82686E-16  SWARM-A  4.458  27.730
2023-09-18T04:21:30Z  484.433  29.827  0.208  5.90408E-16  SWARM-A  4.466  29.642
2023-09-18T04:22:00Z  484.698  31.741  0.203  5.98499E-16  SWARM-A  4.474  31.553
2023-09-18T04:22:30Z  484.986  33.655  0.202  6.06989E-16  SWARM-A  4.482  33.465
2023-09-18T04:23:00Z  485.296  35.569  0.207  6.15828E-16  SWARM-A  4.491  35.377
2023-09-18T04:23:30Z  485.626  37.481  0.218  6.25061E-16  SWARM-A  4.500  37.289
2023-09-18T04:24:00Z  485.973  39.393  0.236  6.34527E-16  SWARM-A  4.510  39.202
2023-09-18T04:24:30Z  486.334  41.304  0.263  6.44315E-16  SWARM-A  4.520  41.114
2023-09-18T04:25:00Z  486.708  43.213  0.298  6.54478E-16  SWARM-A  4.530  43.026
2023-09-18T04:25:30Z  487.092  45.122  0.344  6.65031E-16  SWARM-A  4.542  44.939
2023-09-18T04:26:00Z  487.484  47.030  0.402  6.76037E-16  SWARM-A  4.554  46.852
2023-09-18T04:26:30Z  487.880  48.937  0.473  6.87498E-16  SWARM-A  4.567  48.764
2023-09-18T04:27:00Z  488.279  50.843  0.560  6.99512E-16  SWARM-A  4.581  50.677
2023-09-18T04:27:30Z  488.679  52.748  0.665  7.12191E-16  SWARM-A  4.597  52.590
2023-09-18T04:28:00Z  489.076  54.651  0.791  7.25737E-16  SWARM-A  4.613  54.503
2023-09-18T04:28:30Z  489.469  56.554  0.941  7.40310E-16  SWARM-A  4.632  56.416
2023-09-18T04:29:00Z  489.854  58.455  1.120  7.56027E-16  SWARM-A  4.652  58.329
2023-09-18T04:29:30Z  490.231  60.354  1.334  7.72890E-16  SWARM-A  4.675  60.242
2023-09-18T04:30:00Z  490.596  62.252  1.590  7.90428E-16  SWARM-A  4.700  62.155
2023-09-18T04:30:30Z  490.948  64.148  1.897  8.08378E-16  SWARM-A  4.729  64.069
2023-09-18T04:31:00Z  491.284  66.043  2.268  8.26682E-16  SWARM-A  4.762  65.982
2023-09-18T04:31:30Z  491.603  67.934  2.718  8.45238E-16  SWARM-A  4.800  67.895
2023-09-18T04:32:00Z  491.903  69.823  3.269  8.64057E-16  SWARM-A  4.845  69.809
2023-09-18T04:32:30Z  492.182  71.709  3.954  8.82856E-16  SWARM-A  4.899  71.722
2023-09-18T04:33:00Z  492.439  73.589  4.818  9.01989E-16  SWARM-A  4.965  73.635
2023-09-18T04:33:30Z  492.672  75.464  5.929  9.21546E-16  SWARM-A  5.048  75.549
2023-09-18T04:34:00Z  492.879  77.330  7.396  9.41577E-16  SWARM-A  5.154  77.462
2023-09-18T04:34:30Z  493.061  79.183  9.400  9.62132E-16  SWARM-A  5.296  79.376
2023-09-18T04:35:00Z  493.215  81.015  12.266  9.83260E-16  SWARM-A  5.495  81.290
2023-09-18T04:35:30Z  493.342  82.810  16.628  1.00496E-15  SWARM-A  5.794  83.203
2023-09-18T04:36:00Z  493.440  84.534  23.873  1.02724E-15  SWARM-A  6.285  85.117
2023-09-18T04:36:30Z  493.508  86.089  37.360  1.05008E-15  SWARM-A  7.193  87.030
2023-09-18T04:37:00Z  493.548  87.182  64.363  1.07343E-15  SWARM-A  9.001  88.944
2023-09-18T04:37:30Z  493.557  87.204  103.850  1.09816E-15  SWARM-A  11.642  90.857
2023-09-18T04:38:00Z  493.537  86.138  131.459  1.12373E-15  SWARM-A  13.491  92.771
2023-09-18T04:38:30Z  493.488  84.592  145.270  1.14947E-15  SWARM-A  14.420  94.684
2023-09-18T04:39:00Z  493.410  82.872  152.658  1.17580E-15  SWARM-A  14.921  96.598
2023-09-18T04:39:30Z  493.302  81.078  157.090  1.20281E-15  SWARM-A  15.225  98.512
2023-09-18T04:40:00Z  493.167  79.247  159.995  1.23047E-15  SWARM-A  15.427  100.425
2023-09-18T04:40:30Z  493.005  77.395  162.022  1.25886E-15  SWARM-A  15.570  102.338
2023-09-18T04:41:00Z  492.816  75.529  163.504  1.28789E-15  SWARM-A  15.678  104.252
2023-09-18T04:41:30Z  492.602  73.655  164.626  1.31762E-15  SWARM-A  15.761  106.165
2023-09-18T04:42:00Z  492.365  71.775  165.497  1.34778E-15  SWARM-A  15.827  108.079
2023-09-18T04:42:30Z  492.105  69.889  166.187  1.37821E-15  SWARM-A  15.881  109.992
2023-09-18T04:43:00Z  491.823  68.001  166.743  1.40836E-15  SWARM-A  15.927  111.905
2023-09-18T04:43:30Z  491.523  66.109  167.196  1.43769E-15  SWARM-A  15.965  113.818
2023-09-18T04:44:00Z  491.205  64.215  167.568  1.46655E-15  SWARM-A  15.999  115.732
2023-09-18T04:44:30Z  490.871  62.319  167.877  1.49412E-15  SWARM-A  16.027  117.645
2023-09-18T04:45:00Z  490.523  60.422  168.135  1.51996E-15  SWARM-A  16.053  119.558
2023-09-18T04:45:30Z  490.164  58.522  168.350  1.54412E-15  SWARM-A  16.076  121.471
2023-09-18T04:46:00Z  489.795  56.621  168.531  1.56666E-15  SWARM-A  16.096  123.384
2023-09-18T04:46:30Z  489.419  54.719  168.682  1.58762E-15  SWARM-A  16.114  125.296
2023-09-18T04:47:00Z  489.038  52.816  168.809  1.60707E-15  SWARM-A  16.131  127.209
2023-09-18T04:47:30Z  488.654  50.912  168.914  1.62498E-15  SWARM-A  16.147  129.122
2023-09-18T04:48:00Z  488.271  49.006  169.001  1.64136E-15  SWARM-A  16.161  131.034
2023-09-18T04:48:30Z  487.889  47.099  169.073  1.65622E-15  SWARM-A  16.174  132.947
2023-09-18T04:49:00Z  487.512  45.192  169.131  1.66965E-15  SWARM-A  16.186  134.859
2023-09-18T04:49:30Z  487.142  43.283  169.177  1.68165E-15  SWARM-A  16.198  136.772
2023-09-18T04:50:00Z  486.781  41.373  169.213  1.69235E-15  SWARM-A  16.208  138.684
2023-09-18T04:50:30Z  486.433  39.463  169.240  1.70180E-15  SWARM-A  16.218  140.596
2023-09-18T04:51:00Z  486.099  37.552  169.259  1.71012E-15  SWARM-A  16.228  142.508
2023-09-18T04:51:30Z  485.782  35.639  169.270  1.71725E-15  SWARM-A  16.237  144.420
2023-09-18T04:52:00Z  485.483  33.726  169.275  1.72280E-15  SWARM-A  16.246  146.331
2023-09-18T04:52:30Z  485.206  31.813  169.275  1.72762E-15  SWARM-A  16.254  148.243
2023-09-18T04:53:00Z  484.952  29.898  169.269  1.73184E-15  SWARM-A  16.262  150.155
2023-09-18T04:53:30Z  484.724  27.983  169.259  1.73550E-15  SWARM-A  16.270  152.066
2023-09-18T04:54:00Z  484.524  26.068  169.245  1.73873E-15  SWARM-A  16.277  153.977
2023-09-18T04:54:30Z  484.352  24.151  169.227  1.74154E-15  SWARM-A  16.284  155.888
2023-09-18T04:55:00Z  484.212  22.235  169.207  1.74399E-15  SWARM-A  16.291  157.799
2023-09-18T04:55:30Z  484.104  20.317  169.183  1.74609E-15  SWARM-A  16.298  159.710
2023-09-18T04:56:00Z  484.031  18.400  169.157  1.74779E-15  SWARM-A  16.305  161.621
2023-09-18T04:56:30Z  483.993  16.482  169.129  1.74916E-15  SWARM-A  16.311  163.531
2023-09-18T04:57:00Z  483.991  14.563  169.098  1.75000E-15  SWARM-A  16.317  165.441
2023-09-18T04:57:30Z  484.028  12.645  169.067  1.75032E-15  SWARM-A  16.323  167.351
2023-09-18T04:58:00Z  484.103  10.726  169.034  1.75007E-15  SWARM-A  16.330  169.262
2023-09-18T04:58:30Z  484.217  8.807  168.999  1.74911E-15  SWARM-A  16.336  171.171
2023-09-18T04:59:00Z  484.372  6.888  168.964  1.74744E-15  SWARM-A  16.342  173.081
2023-09-18T04:59:30Z  484.566  4.969  168.928  1.74491E-15  SWARM-A  16.348  174.991
2023-09-18T05:00:00Z  484.801  3.050  168.891  1.74149E-15  SWARM-A  16.353  176.900
2023-09-18T05:00:30Z  485.077  1.131  168.855  1.73707E-15  SWARM-A  16.359  178.809
2023-09-18T05:01:00Z  485.393  -0.788  168.818  1.73166E-15  SWARM-A  16.365  180.718
2023-09-18T05:01:30Z  485.749  -2.707  168.781  1.72521E-15  SWARM-A  16.371  182.627
2023-09-18T05:02:00Z  486.144  -4.625  168.744  1.71768E-15  SWARM-A  16.377  184.535
2023-09-18T05:02:30Z  486.578  -6.543  168.708  1.70907E-15  SWARM-A  16.383  186.444
2023-09-18T05:03:00Z  487.050  -8.461  168.672  1.69937E-15  SWARM-A  16.389  188.352
2023-09-18T05:03:30Z  487.558  -10.378  168.638  1.68856E-15  SWARM-A  16.395  190.260
2023-09-18T05:04:00Z  488.102  -12.295  168.604  1.67660E-15  SWARM-A  16.401  192.168
2023-09-18T05:04:30Z  488.680  -14.211  168.572  1.66357E-15  SWARM-A  16.407  194.076
2023-09-18T05:05:00Z  489.290  -16.127  168.542  1.64941E-15  SWARM-A  16.414  195.983
2023-09-18T05:05:30Z  489.931  -18.042  168.513  1.63412E-15  SWARM-A  16.420  197.891
2023-09-18T05:06:00Z  490.601  -19.956  168.486  1.61775E-15  SWARM-A  16.426  199.798
2023-09-18T05:06:30Z  491.298  -21.870  168.462  1.60032E-15  SWARM-A  16.433  201.705
2023-09-18T05:07:00Z  492.019  -23.782  168.440  1.58188E-15  SWARM-A  16.440  203.612
2023-09-18T05:07:30Z  492.763  -25.694  168.422  1.56245E-15  SWARM-A  16.447  205.518
2023-09-18T05:08:00Z  493.527  -27.605  168.407  1.54208E-15  SWARM-A  16.455  207.425
2023-09-18T05:08:30Z  494.309  -29.515  168.395  1.52077E-15  SWARM-A  16.462  209.331
2023-09-18T05:09:00Z  495.105  -31.425  168.388  1.49860E-15  SWARM-A  16.470  211.237
2023-09-18T05:09:30Z  495.914  -33.333  168.386  1.47563E-15  SWARM-A  16.478  213.143
2023-09-18T05:10:00Z  496.733  -35.240  168.390  1.45189E-15  SWARM-A  16.487  215.049
2023-09-18T05:10:30Z  497.559  -37.146  168.400  1.42747E-15  SWARM-A  16.496  216.954
2023-09-18T05:11:00Z  498.389  -39.051  168.416  1.40242E-15  SWARM-A  16.505  218.860
2023-09-18T05:11:30Z  499.220  -40.955  168.440  1.37671E-15  SWARM-A  16.515  220.765
2023-09-18T05:12:00Z  500.049  -42.857  168.473  1.35027E-15  SWARM-A  16.526  222.670
2023-09-18T05:12:30Z  500.874  -44.759  168.517  1.32283E-15  SWARM-A  16.537  224.575
2023-09-18T05:13:00Z  501.692  -46.659  168.571  1.29414E-15  SWARM-A  16.549  226.480
2023-09-18T05:13:30Z  502.499  -48.558  168.639  1.26403E-15  SWARM-A  16.562  228.384
2023-09-18T05:14:00Z  503.292  -50.456  168.721  1.23269E-15  SWARM-A  16.576  230.289
2023-09-18T05:14:30Z  504.070  -52.352  168.821  1.20091E-15  SWARM-A  16.591  232.193
2023-09-18T05:15:00Z  504.829  -54.248  168.941  1.16976E-15  SWARM-A  16.607  234.097
2023-09-18T05:15:30Z  505.567  -56.141  169.084  1.14015E-15  SWARM-A  16.625  236.001
2023-09-18T05:16:00Z  506.280  -58.034  169.255  1.11255E-15  SWARM-A  16.644  237.905
2023-09-18T05:16:30Z  506.967  -59.924  169.459  1.08684E-15  SWARM-A  16.666  239.809
2023-09-18T05:17:00Z  507.624  -61.813  169.703  1.06267E-15  SWARM-A  16.691  241.713
2023-09-18T05:17:30Z  508.250  -63.700  169.995  1.03960E-15  SWARM-A  16.719  243.616
2023-09-18T05:18:00Z  508.842  -65.585  170.347  1.01733E-15  SWARM-A  16.751  245.520
2023-09-18T05:18:30Z  509.398  -67.468  170.772  9.95437E-16  SWARM-A  16.787  247.423
2023-09-18T05:19:00Z  509.916  -69.348  171.293  9.73507E-16  SWARM-A  16.830  249.327
2023-09-18T05:19:30Z  510.394  -71.224  171.936  9.51587E-16  SWARM-A  16.882  251.230
2023-09-18T05:20:00Z  510.830  -73.096  172.742  9.29758E-16  SWARM-A  16.944  253.133
2023-09-18T05:20:30Z  511.222  -74.962  173.773  9.08104E-16  SWARM-A  17.021  255.036
2023-09-18T05:21:00Z  511.570  -76.821  175.121  8.86682E-16  SWARM-A  17.119  256.940
2023-09-18T05:21:30Z  511.872  -78.668  176.942  8.65780E-16  SWARM-A  17.249  258.843
2023-09-18T05:22:00Z  512.127  -80.497  179.503  8.45405E-16  SWARM-A  17.428  260.746
2023-09-18T05:22:30Z  512.333  -82.295  -176.683  8.25684E-16  SWARM-A  17.690  262.649
2023-09-18T05:23:00Z  512.491  -84.036  -170.541  8.06664E-16  SWARM-A  18.108  264.552
2023-09-18T05:23:30Z  512.598  -85.650  -159.542  7.88330E-16  SWARM-A  18.850  266.454
2023-09-18T05:24:00Z  512.656  -86.930  -137.687  7.70492E-16  SWARM-A  20.315  268.357
2023-09-18T05:24:30Z  512.664  -87.340  -100.107  7.53178E-16  SWARM-A  22.829  270.260
2023-09-18T05:25:00Z  512.621  -86.554  -67.217  7.37239E-16  SWARM-A  1.030  272.163
2023-09-18T05:25:30Z  512.528  -85.119  -50.051  7.22575E-16  SWARM-A  2.182  274.066
2023-09-18T05:26:00Z  512.385  -83.448  -41.167  7.08840E-16  SWARM-A  2.783  275.969
2023-09-18T05:26:30Z  512.193  -81.683  -36.006  6.95940E-16  SWARM-A  3.135  277.872
2023-09-18T05:27:00Z  511.952  -79.872  -32.704  6.83879E-16  SWARM-A  3.364  279.775
2023-09-18T05:27:30Z  511.663  -78.035  -30.438  6.72620E-16  SWARM-A  3.523  281.678
2023-09-18T05:28:00Z  511.327  -76.184  -28.803  6.62219E-16  SWARM-A  3.641  283.581
2023-09-18T05:28:30Z  510.946  -74.322  -27.577  6.52995E-16  SWARM-A  3.731  285.485
2023-09-18T05:29:00Z  510.520  -72.454  -26.632  6.44600E-16  SWARM-A  3.802  287.388
2023-09-18T05:29:30Z  510.052  -70.580  -25.887  6.36962E-16  SWARM-A  3.860  289.291
2023-09-18T05:30:00Z  509.543  -68.702  -25.290  6.30032E-16  SWARM-A  3.908  291.195
2023-09-18T05:30:30Z  508.994  -66.821  -24.805  6.23485E-16  SWARM-A  3.949  293.098
2023-09-18T05:31:00Z  508.408  -64.938  -24.406  6.17373E-16  SWARM-A  3.984  295.002
2023-09-18T05:31:30Z  507.787  -63.052  -24.077  6.11712E-16  SWARM-A  4.014  296.906
2023-09-18T05:32:00Z  507.132  -61.164  -23.802  6.06396E-16  SWARM-A  4.041  298.809
2023-09-18T05:32:30Z  506.447  -59.274  -23.573  6.01397E-16  SWARM-A  4.064  300.713
2023-09-18T05:33:00Z  505.734  -57.383  -23.381  5.96745E-16  SWARM-A  4.085  302.617
2023-09-18T05:33:30Z  504.996  -55.490  -23.220  5.92428E-16  SWARM-A  4.105  304.521
2023-09-18T05:34:00Z  504.234  -53.595  -23.085  5.88434E-16  SWARM-A  4.122  306.426
2023-09-18T05:34:30Z  503.452  -51.700  -22.972  5.84795E-16  SWARM-A  4.138  308.330
2023-09-18T05:35:00Z  502.652  -49.802  -22.879  5.81476E-16  SWARM-A  4.152  310.235
2023-09-18T05:35:30Z  501.838  -47.904  -22.802  5.78309E-16  SWARM-A  4.166  312.140
2023-09-18T05:36:00Z  501.012  -46.004  -22.739  5.75243E-16  SWARM-A  4.178  314.044
2023-09-18T05:36:30Z  500.177  -44.103  -22.688  5.72606E-16  SWARM-A  4.190  315.950
2023-09-18T05:37:00Z  499.336  -42.201  -22.649  5.70359E-16  SWARM-A  4.201  317.855
2023-09-18T05:37:30Z  498.492  -40.298  -22.619  5.68538E-16  SWARM-A  4.211  319.760
2023-09-18T05:38:00Z  497.648  -38.393  -22.597  5.67172E-16  SWARM-A  4.221  321.666
2023-09-18T05:38:30Z  496.806  -36.488  -22.583  5.66236E-16  SWARM-A  4.230  323.571
2023-09-18T05:39:00Z  495.970  -34.581  -22.576  5.65745E-16  SWARM-A  4.239  325.477
2023-09-18T05:39:30Z  495.143  -32.673  -22.574  5.65709E-16  SWARM-A  4.248  327.383
2023-09-18T05:40:00Z  494.327  -30.765  -22.578  5.66054E-16  SWARM-A  4.256  329.289
2023-09-18T05:40:30Z  493.524  -28.855  -22.586  5.66828E-16  SWARM-A  4.263  331.196
2023-09-18T05:41:00Z  492.739  -26.944  -22.599  5.68014E-16  SWARM-A  4.271  333.102
2023-09-18T05:41:30Z  491.972  -25.033  -22.615  5.69624E-16  SWARM-A  4.278  335.009
2023-09-18T05:42:00Z  491.228  -23.120  -22.635  5.71586E-16  SWARM-A  4.285  336.916
2023-09-18T05:42:30Z  490.507  -21.207  -22.657  5.73869E-16  SWARM-A  4.292  338.823
2023-09-18T05:43:00Z  489.813  -19.293  -22.683  5.76453E-16  SWARM-A  4.299  340.731
2023-09-18T05:43:30Z  489.146  -17.378  -22.710  5.79315E-16  SWARM-A  4.305  342.638
2023-09-18T05:44:00Z  488.511  -15.463  -22.739  5.82359E-16  SWARM-A  4.312  344.546
2023-09-18T05:44:30Z  487.907  -13.546  -22.771  5.85563E-16  SWARM-A  4.318  346.454
2023-09-18T05:45:00Z  487.337  -11.630  -22.803  5.88825E-16  SWARM-A  4.324  348.362
2023-09-18T05:45:30Z  486.803  -9.712  -22.837  5.92071E-16  SWARM-A  4.330  350.270
2023-09-18T05:46:00Z  486.305  -7.795  -22.872  5.95295E-16  SWARM-A  4.336  352.179
2023-09-18T05:46:30Z  485.845  -5.877  -22.908  5.98384E-16  SWARM-A  4.342  354.087
2023-09-18T05:47:00Z  485.424  -3.958  -22.944  6.01312E-16  SWARM-A  4.348  355.996
2023-09-18T05:47:30Z  485.042  -2.039  -22.981  6.03959E-16  SWARM-A  4.354  357.905
2023-09-18T05:48:00Z  484.701  -0.120  -23.018  6.06392E-16  SWARM-A  4.360  359.814
2023-09-18T05:48:30Z  484.401  1.799  -23.055  6.08502E-16  SWARM-A  4.366  1.724
2023-09-18T05:49:00Z  484.141  3.719  -23.091  6.10317E-16  SWARM-A  4.372  3.633
2023-09-18T05:49:30Z  483.923  5.638  -23.128  6.11881E-16  SWARM-A  4.377  5.543
2023-09-18T05:50:00Z  483.746  7.557  -23.163  6.13188E-16  SWARM-A  4.383  7.453
2023-09-18T05:50:30Z  483.609  9.477  -23.198  6.14260E-16  SWARM-A  4.389  9.363
2023-09-18T05:51:00Z  483.513  11.396  -23.232  6.15173E-16  SWARM-A  4.395  11.273
2023-09-18T05:51:30Z  483.457  13.315  -23.265  6.15990E-16  SWARM-A  4.402  13.183
2023-09-18T05:52:00Z  483.439  15.234  -23.296  6.16725E-16  SWARM-A  4.408  15.094
2023-09-18T05:52:30Z  483.460  17.153  -23.326  6.17511E-16  SWARM-A  4.414  17.005
2023-09-18T05:53:00Z  483.517  19.071  -23.353  6.18449E-16  SWARM-A  4.421  18.916
2023-09-18T05:53:30Z  483.610  20.989  -23.378  6.19560E-16  SWARM-A  4.427  20.826
2023-09-18T05:54:00Z  483.737  22.906  -23.401  6.20961E-16  SWARM-A  4.434  22.738
2023-09-18T05:54:30Z  483.897  24.823  -23.421  6.22716E-16  SWARM-A  4.441  24.649
2023-09-18T05:55:00Z  484.088  26.739  -23.437  6.24873E-16  SWARM-A  4.448  26.560
2023-09-18T05:55:30Z  484.308  28.655  -23.450  6.27452E-16  SWARM-A  4.456  28.472
2023-09-18T05:56:00Z  484.555  30.570  -23.458  6.30563E-16  SWARM-A  4.464  30.384
2023-09-18T05:56:30Z  484.828  32.484  -23.462  6.34200E-16  SWARM-A  4.472  32.295
2023-09-18T05:57:00Z  485.123  34.398  -23.461  6.38445E-16  SWARM-A  4.480  34.207
2023-09-18T05:57:30Z  485.440  36.311  -23.453  6.43287E-16  SWARM-A  4.489  36.119
2023-09-18T05:58:00Z  485.775  38.223  -23.439  6.48640E-16  SWARM-A  4.498  38.031
2023-09-18T05:58:30Z  486.126  40.134  -23.418  6.54568E-16  SWARM-A  4.508  39.944
2023-09-18T05:59:00Z  486.491  42.045  -23.388  6.61134E-16  SWARM-A  4.518  41.856
2023-09-18T05:59:30Z  486.867  43.954  -23.349  6.68405E-16  SWARM-A  4.529  43.769
2023-09-18T06:00:00Z  487.252  45.863  -23.298  6.79350E-16  SWARM-A  4.541  45.681
2023-09-18T06:00:30Z  487.644  47.770  -23.236  6.88127E-16  SWARM-A  4.554  47.594
2023-09-18T06:01:00Z  488.040  49.677  -23.159  6.97731E-16  SWARM-A  4.567  49.507
2023-09-18T06:01:30Z  488.437  51.582  -23.065  7.08160E-16  SWARM-A  4.582  51.419
2023-09-18T06:02:00Z  488.833  53.487  -22.953  7.19584E-16  SWARM-A  4.597  53.332
2023-09-18T06:02:30Z  489.227  55.390  -22.818  7.32012E-16  SWARM-A  4.615  55.245
2023-09-18T06:03:00Z  489.614  57.292  -22.657  7.45326E-16  SWARM-A  4.634  57.158
2023-09-18T06:03:30Z  489.994  59.192  -22.465  7.59376E-16  SWARM-A  4.655  59.071
2023-09-18T06:04:00Z  490.364  61.091  -22.235  7.73996E-16  SWARM-A  4.679  60.985
2023-09-18T06:04:30Z  490.722  62.988  -21.961  7.89100E-16  SWARM-A  4.705  62.898
2023-09-18T06:05:00Z  491.065  64.884  -21.631  8.04658E-16  SWARM-A  4.736  64.811
2023-09-18T06:05:30Z  491.392  66.777  -21.232  8.20733E-16  SWARM-A  4.771  66.724
2023-09-18T06:06:00Z  491.701  68.668  -20.745  8.37313E-16  SWARM-A  4.811  68.638
2023-09-18T06:06:30Z  491.990  70.555  -20.146  8.54485E-16  SWARM-A  4.860  70.551
2023-09-18T06:07:00Z  492.257  72.439  -19.398  8.72315E-16  SWARM-A  4.918  72.465
2023-09-18T06:07:30Z  492.502  74.318  -18.448  8.90785E-16  SWARM-A  4.989  74.378
2023-09-18T06:08:00Z  492.722  76.189  -17.215  9.09933E-16  SWARM-A  5.080  76.292
2023-09-18T06:08:30Z  492.917  78.051  -15.566  9.29724E-16  SWARM-A  5.198  78.205
2023-09-18T06:09:00Z  493.085  79.897  -13.277  9.50227E-16  SWARM-A  5.359  80.119
2023-09-18T06:09:30Z  493.226  81.717  -9.933  9.71374E-16  SWARM-A  5.591  82.032
2023-09-18T06:10:00Z  493.339  83.491  -4.684  9.93261E-16  SWARM-A  5.949  83.946
2023-09-18T06:10:30Z  493.423  85.167  4.405  1.01592E-15  SWARM-A  6.563  85.859
2023-09-18T06:11:00Z  493.478  86.597  22.082  1.03933E-15  SWARM-A  7.750  87.773
2023-09-18T06:11:30Z  493.503  87.347  55.777  1.06382E-15  SWARM-A  10.005  89.687
2023-09-18T06:12:00Z  493.498  86.883  93.071  1.09034E-15  SWARM-A  12.499  91.600
2023-09-18T06:12:30Z  493.465  85.570  114.296  1.11832E-15  SWARM-A  13.922  93.514
2023-09-18T06:13:00Z  493.401  83.937  124.975  1.14727E-15  SWARM-A  14.643  95.427
2023-09-18T06:13:30Z  493.309  82.181  130.959  1.17716E-15  SWARM-A  15.050  97.341
2023-09-18T06:14:00Z  493.189  80.370  134.687  1.20787E-15  SWARM-A  15.307  99.255
2023-09-18T06:14:30Z  493.041  78.529  137.198  1.23932E-15  SWARM-A  15.483  101.168
2023-09-18T06:15:00Z  492.866  76.671  138.985  1.27102E-15  SWARM-A  15.610  103.082
2023-09-18T06:15:30Z  492.665  74.802  140.310  1.30289E-15  SWARM-A  15.707  104.995
2023-09-18T06:16:00Z  492.440  72.925  141.324  1.33476E-15  SWARM-A  15.783  106.908
2023-09-18T06:16:30Z  492.192  71.043  142.118  1.36644E-15  SWARM-A  15.844  108.822
2023-09-18T06:17:00Z  491.921  69.156  142.752  1.39790E-15  SWARM-A  15.894  110.735
2023-09-18T06:17:30Z  491.631  67.266  143.264  1.42900E-15  SWARM-A  15.937  112.648
2023-09-18T06:18:00Z  491.322  65.374  143.684  1.45960E-15  SWARM-A  15.973  114.562
2023-09-18T06:18:30Z  490.996  63.479  144.030  1.48964E-15  SWARM-A  16.005  116.475
2023-09-18T06:19:00Z  490.655  61.582  144.318  1.51883E-15  SWARM-A  16.032  118.388
2023-09-18T06:19:30Z  490.301  59.684  144.559  1.54710E-15  SWARM-A  16.057  120.301
2023-09-18T06:20:00Z  489.936  57.784  144.760  1.57436E-15  SWARM-A  16.078  122.214
2023-09-18T06:20:30Z  489.563  55.882  144.928  1.60050E-15  SWARM-A  16.098  124.127
2023-09-18T06:21:00Z  489.184  53.980  145.069  1.62541E-15  SWARM-A  16.116  126.040
2023-09-18T06:21:30Z  488.800  52.076  145.187  1.64916E-15  SWARM-A  16.132  127.953
2023-09-18T06:22:00Z  488.415  50.171  145.285  1.67166E-15  SWARM-A  16.147  129.865
2023-09-18T06:22:30Z  488.031  48.265  145.366  1.69293E-15  SWARM-A  16.161  131.778
2023-09-18T06:23:00Z  487.650  46.358  145.433  1.71308E-15  SWARM-A  16.173  133.690
2023-09-18T06:23:30Z  487.274  44.450  145.486  1.73324E-15  SWARM-A  16.185  135.603
2023-09-18T06:24:00Z  486.906  42.541  145.528  1.75236E-15  SWARM-A  16.196  137.515
2023-09-18T06:24:30Z  486.549  40.631  145.560  1.76802E-15  SWARM-A  16.207  139.427
2023-09-18T06:25:00Z  486.205  38.720  145.584  1.78226E-15  SWARM-A  16.217  141.339
2023-09-18T06:25:30Z  485.876  36.808  145.600  1.79556E-15  SWARM-A  16.226  143.251
2023-09-18T06:26:00Z  485.565  34.895  145.609  1.80800E-15  SWARM-A  16.235  145.163
2023-09-18T06:26:30Z  485.273  32.982  145.611  1.81964E-15  SWARM-A  16.244  147.075
2023-09-18T06:27:00Z  485.004  31.068  145.609  1.83057E-15  SWARM-A  16.252  148.987
2023-09-18T06:27:30Z  484.759  29.153  145.601  1.84084E-15  SWARM-A  16.260  150.898
2023-09-18T06:28:00Z  484.540  27.238  145.590  1.85104E-15  SWARM-A  16.267  152.809
2023-09-18T06:28:30Z  484.349  25.322  145.574  1.86251E-15  SWARM-A  16.274  154.721
2023-09-18T06:29:00Z  484.189  23.406  145.555  1.87340E-15  SWARM-A  16.281  156.632
2023-09-18T06:29:30Z  484.060  21.489  145.533  1.88370E-15  SWARM-A  16.288  158.543
2023-09-18T06:30:00Z  483.964  19.571  145.509  1.89332E-15  SWARM-A  16.295  160.454
2023-09-18T06:30:30Z  483.903  17.653  145.482  1.90225E-15  SWARM-A  16.302  162.364
2023-09-18T06:31:00Z  483.878  15.735  145.453  1.91039E-15  SWARM-A  16.308  164.275
2023-09-18T06:31:30Z  483.891  13.816  145.422  1.91762E-15  SWARM-A  16.314  166.185
2023-09-18T06:32:00Z  483.941  11.898  145.390  1.92387E-15  SWARM-A  16.320  168.095
2023-09-18T06:32:30Z  484.031  9.979  145.356  1.92684E-15  SWARM-A  16.327  170.005
2023-09-18T06:33:00Z  484.160  8.060  145.321  1.92844E-15  SWARM-A  16.333  171.915
2023-09-18T06:33:30Z  484.330  6.140  145.286  1.92884E-15  SWARM-A  16.339  173.825
2023-09-18T06:34:00Z  484.539  4.221  145.250  1.92793E-15  SWARM-A  16.344  175.734
2023-09-18T06:34:30Z  484.790  2.302  145.213  1.92557E-15  SWARM-A  16.350  177.644
2023-09-18T06:35:00Z  485.080  0.383  145.176  1.92181E-15  SWARM-A  16.356  179.553
2023-09-18T06:35:30Z  485.411  -1.536  145.139  1.91651E-15  SWARM-A  16.362  181.462
2023-09-18T06:36:00Z  485.782  -3.454  145.102  1.90967E-15  SWARM-A  16.368  183.371
2023-09-18T06:36:30Z  486.192  -5.373  145.066  1.90124E-15  SWARM-A  16.374  185.279
2023-09-18T06:37:00Z  486.640  -7.291  145.030  1.89116E-15  SWARM-A  16.380  187.188
2023-09-18T06:37:30Z  487.126  -9.208  144.995  1.87950E-15  SWARM-A  16.386  189.096
2023-09-18T06:38:00Z  487.648  -11.126  144.961  1.86623E-15  SWARM-A  16.392  191.004
2023-09-18T06:38:30Z  488.205  -13.042  144.928  1.85104E-15  SWARM-A  16.398  192.912
2023-09-18T06:39:00Z  488.795  -14.958  144.896  1.83427E-15  SWARM-A  16.404  194.820
2023-09-18T06:39:30Z  489.418  -16.874  144.866  1.81602E-15  SWARM-A  16.411  196.727
2023-09-18T06:40:00Z  490.070  -18.789  144.838  1.79629E-15  SWARM-A  16.417  198.634
2023-09-18T06:40:30Z  490.751  -20.703  144.813  1.77512E-15  SWARM-A  16.424  200.542
2023-09-18T06:41:00Z  491.458  -22.616  144.789  1.75253E-15  SWARM-A  16.430  202.449
2023-09-18T06:41:30Z  492.189  -24.528  144.769  1.72879E-15  SWARM-A  16.437  204.355
2023-09-18T06:42:00Z  492.942  -26.440  144.752  1.70385E-15  SWARM-A  16.445  206.262
2023-09-18T06:42:30Z  493.714  -28.351  144.738  1.67777E-15  SWARM-A  16.452  208.168
2023-09-18T06:43:00Z  494.503  -30.260  144.729  1.65063E-15  SWARM-A  16.460  210.075
2023-09-18T06:43:30Z  495.306  -32.169  144.723  1.62252E-15  SWARM-A  16.468  211.981
2023-09-18T06:44:00Z  496.121  -34.077  144.724  1.59355E-15  SWARM-A  16.476  213.887
2023-09-18T06:44:30Z  496.944  -35.984  144.729  1.56376E-15  SWARM-A  16.485  215.792
2023-09-18T06:45:00Z  497.774  -37.889  144.742  1.53335E-15  SWARM-A  16.494  217.698
2023-09-18T06:45:30Z  498.607  -39.794  144.761  1.50229E-15  SWARM-A  16.504  219.603
2023-09-18T06:46:00Z  499.440  -41.697  144.789  1.47070E-15  SWARM-A  16.514  221.508
2023-09-18T06:46:30Z  500.270  -43.600  144.826  1.43858E-15  SWARM-A  16.525  223.414
2023-09-18T06:47:00Z  501.095  -45.501  144.873  1.40591E-15  SWARM-A  16.536  225.318
2023-09-18T06:47:30Z  501.912  -47.401  144.933  1.37261E-15  SWARM-A  16.548  227.223
2023-09-18T06:48:00Z  502.717  -49.299  145.006  1.33880E-15  SWARM-A  16.562  229.128
2023-09-18T06:48:30Z  503.508  -51.197  145.095  1.30481E-15  SWARM-A  16.576  231.032
2023-09-18T06:49:00Z  504.282  -53.093  145.202  1.27136E-15  SWARM-A  16.591  232.937
2023-09-18T06:49:30Z  505.036  -54.987  145.331  1.23890E-15  SWARM-A  16.608  234.841
2023-09-18T06:50:00Z  505.768  -56.880  145.485  1.20798E-15  SWARM-A  16.627  236.745
2023-09-18T06:50:30Z  506.475  -58.772  145.668  1.17850E-15  SWARM-A  16.647  238.649
2023-09-18T06:51:00Z  507.154  -60.662  145.887  1.15027E-15  SWARM-A  16.670  240.553
2023-09-18T06:51:30Z  507.803  -62.551  146.148  1.12305E-15  SWARM-A  16.696  242.456
2023-09-18T06:52:00Z  508.419  -64.437  146.462  1.09665E-15  SWARM-A  16.725  244.360
2023-09-18T06:52:30Z  509.001  -66.321  146.841  1.07082E-15  SWARM-A  16.759  246.264
2023-09-18T06:53:00Z  509.546  -68.203  147.301  1.04543E-15  SWARM-A  16.798  248.167
2023-09-18T06:53:30Z  510.052  -70.081  147.866  1.02038E-15  SWARM-A  16.844  250.070
2023-09-18T06:54:00Z  510.517  -71.956  148.567  9.95707E-16  SWARM-A  16.899  251.974
2023-09-18T06:54:30Z  510.941  -73.826  149.453  9.71578E-16  SWARM-A  16.966  253.877
2023-09-18T06:55:00Z  511.320  -75.690  150.594  9.48092E-16  SWARM-A  17.051  255.780
2023-09-18T06:55:30Z  511.654  -77.544  152.104  9.25334E-16  SWARM-A  17.160  257.683
2023-09-18T06:56:00Z  511.941  -79.385  154.174  9.03391E-16  SWARM-A  17.306  259.586
2023-09-18T06:56:30Z  512.181  -81.204  157.144  8.82306E-16  SWARM-A  17.512  261.489
2023-09-18T06:57:00Z  512.373  -82.985  161.690  8.62097E-16  SWARM-A  17.824  263.392
2023-09-18T06:57:30Z  512.515  -84.688  169.296  8.42759E-16  SWARM-A  18.339  265.295
2023-09-18T06:58:00Z  512.608  -86.210  -176.437  8.24087E-16  SWARM-A  19.299  267.198
2023-09-18T06:58:30Z  512.650  -87.232  -148.107  8.05961E-16  SWARM-A  21.196  269.101
2023-09-18T06:59:00Z  512.642  -87.153  -108.886  7.88677E-16  SWARM-A  23.819  271.004
2023-09-18T06:59:30Z  512.584  -86.038  -82.712  7.72980E-16  SWARM-A  1.572  272.907
2023-09-18T07:00:00Z  512.476  -84.482  -69.605  7.58476E-16  SWARM-A  2.454  274.810
2023-09-18T07:00:30Z  512.318  -82.765  -62.515  7.44191E-16  SWARM-A  2.935  276.713
2023-09-18T07:01:00Z  512.111  -80.979  -58.222  7.30887E-16  SWARM-A  3.230  278.616
2023-09-18T07:01:30Z  511.856  -79.156  -55.391  7.18593E-16  SWARM-A  3.427  280.519
2023-09-18T07:02:00Z  511.553  -77.313  -53.406  7.07315E-16  SWARM-A  3.567  282.422
2023-09-18T07:02:30Z  511.203  -75.457  -51.950  6.97096E-16  SWARM-A  3.673  284.325
2023-09-18T07:03:00Z  510.809  -73.593  -50.846  6.87917E-16  SWARM-A  3.755  286.228
2023-09-18T07:03:30Z  510.371  -71.722  -49.986  6.79641E-16  SWARM-A  3.820  288.132
2023-09-18T07:04:00Z  509.890  -69.847  -49.304  6.71868E-16  SWARM-A  3.874  290.035
2023-09-18T07:04:30Z  509.369  -67.968  -48.754  6.64742E-16  SWARM-A  3.919  291.938
2023-09-18T07:05:00Z  508.810  -66.086  -48.305  6.58426E-16  SWARM-A  3.958  293.842
2023-09-18T07:05:30Z  508.214  -64.201  -47.936  6.53042E-16  SWARM-A  3.991  295.746
2023-09-18T07:06:00Z  507.584  -62.314  -47.629  6.48142E-16  SWARM-A  4.019  297.649
2023-09-18T07:06:30Z  506.921  -60.426  -47.373  6.43690E-16  SWARM-A  4.045  299.553
2023-09-18T07:07:00Z  506.229  -58.535  -47.159  6.39689E-16  SWARM-A  4.067  301.457
2023-09-18T07:07:30Z  505.509  -56.643  -46.980  6.36154E-16  SWARM-A  4.088  303.361
2023-09-18T07:08:00Z  504.765  -54.750  -46.829  6.32921E-16  SWARM-A  4.106  305.265
2023-09-18T07:08:30Z  503.998  -52.855  -46.703  6.29930E-16  SWARM-A  4.123  307.170
2023-09-18T07:09:00Z  503.212  -50.959  -46.599  6.27384E-16  SWARM-A  4.138  309.074
2023-09-18T07:09:30Z  502.410  -49.061  -46.512  6.24773E-16  SWARM-A  4.152  310.979
2023-09-18T07:10:00Z  501.594  -47.162  -46.440  6.22254E-16  SWARM-A  4.165  312.884
2023-09-18T07:10:30Z  500.768  -45.262  -46.382  6.20113E-16  SWARM-A  4.177  314.788
2023-09-18T07:11:00Z  499.934  -43.361  -46.336  6.18333E-16  SWARM-A  4.189  316.694
2023-09-18T07:11:30Z  499.095  -41.458  -46.301  6.16951E-16  SWARM-A  4.200  318.599
2023-09-18T07:12:00Z  498.254  -39.554  -46.274  6.15977E-16  SWARM-A  4.210  320.504
2023-09-18T07:12:30Z  497.414  -37.649  -46.255  6.15439E-16  SWARM-A  4.219  322.410
2023-09-18T07:13:00Z  496.578  -35.743  -46.244  6.15321E-16  SWARM-A  4.228  324.315
2023-09-18T07:13:30Z  495.748  -33.836  -46.239  6.15681E-16  SWARM-A  4.237  326.221
2023-09-18T07:14:00Z  494.928  -31.928  -46.240  6.16373E-16  SWARM-A  4.245  328.127
2023-09-18T07:14:30Z  494.121  -30.019  -46.245  6.17429E-16  SWARM-A  4.253  330.034
2023-09-18T07:15:00Z  493.328  -28.109  -46.255  6.18962E-16  SWARM-A  4.261  331.940
2023-09-18T07:15:30Z  492.553  -26.198  -46.269  6.20987E-16  SWARM-A  4.268  333.847
2023-09-18T07:16:00Z  491.798  -24.286  -46.287  6.23482E-16  SWARM-A  4.276  335.753
2023-09-18T07:16:30Z  491.065  -22.374  -46.308  6.26422E-16  SWARM-A  4.282  337.660
2023-09-18T07:17:00Z  490.357  -20.460  -46.331  6.29802E-16  SWARM-A  4.289  339.567
2023-09-18T07:17:30Z  489.676  -18.546  -46.357  6.33578E-16  SWARM-A  4.296  341.475
2023-09-18T07:18:00Z  489.024  -16.631  -46.386  6.37690E-16  SWARM-A  4.302  343.382
2023-09-18T07:18:30Z  488.403  -14.715  -46.416  6.42081E-16  SWARM-A  4.309  345.290
2023-09-18T07:19:00Z  487.815  -12.799  -46.447  6.46669E-16  SWARM-A  4.315  347.198
2023-09-18T07:19:30Z  487.261  -10.882  -46.481  6.51380E-16  SWARM-A  4.321  349.106
2023-09-18T07:20:00Z  486.743  -8.965  -46.515  6.56113E-16  SWARM-A  4.327  351.014
2023-09-18T07:20:30Z  486.261  -7.047  -46.550  6.60814E-16  SWARM-A  4.333  352.923
2023-09-18T07:21:00Z  485.818  -5.129  -46.586  6.65377E-16  SWARM-A  4.339  354.831
2023-09-18T07:21:30Z  485.414  -3.210  -46.623  6.69730E-16  SWARM-A  4.345  356.740
2023-09-18T07:22:00Z  485.050  -1.291  -46.659  6.73831E-16  SWARM-A  4.351  358.649
2023-09-18T07:22:30Z  484.726  0.628  -46.696  6.77598E-16  SWARM-A  4.357  0.558
2023-09-18T07:23:00Z  484.443  2.547  -46.733  6.80987E-16  SWARM-A  4.362  2.468
2023-09-18T07:23:30Z  484.201  4.466  -46.770  6.83971E-16  SWARM-A  4.368  4.377
2023-09-18T07:24:00Z  484.000  6.386  -46.806  6.86527E-16  SWARM-A  4.374  6.287
2023-09-18T07:24:30Z  483.840  8.305  -46.841  6.88674E-16  SWARM-A  4.380  8.197
2023-09-18T07:25:00Z  483.721  10.224  -46.876  6.90419E-16  SWARM-A  4.386  10.107
2023-09-18T07:25:30Z  483.642  12.143  -46.909  6.91794E-16  SWARM-A  4.392  12.017
2023-09-18T07:26:00Z  483.602  14.062  -46.941  6.92861E-16  SWARM-A  4.399  13.927
2023-09-18T07:26:30Z  483.601  15.981  -46.972  6.93630E-16  SWARM-A  4.405  15.838
2023-09-18T07:27:00Z  483.637  17.899  -47.001  6.94214E-16  SWARM-A  4.411  17.748
2023-09-18T07:27:30Z  483.710  19.817  -47.027  6.94625E-16  SWARM-A  4.418  19.659
2023-09-18T07:28:00Z  483.817  21.735  -47.052  6.94934E-16  SWARM-A  4.425  21.570
2023-09-18T07:28:30Z  483.958  23.652  -47.073  6.95128E-16  SWARM-A  4.431  23.481
2023-09-18T07:29:00Z  484.131  25.568  -47.092  6.95332E-16  SWARM-A  4.439  25.392
2023-09-18T07:29:30Z  484.335  27.484  -47.107  6.95648E-16  SWARM-A  4.446  27.304
2023-09-18T07:30:00Z  484.566  29.400  -47.118  6.96080E-16  SWARM-A  4.454  29.215
2023-09-18T07:30:30Z  484.824  31.314  -47.124  6.96653E-16  SWARM-A  4.461  31.127
2023-09-18T07:31:00Z  485.106  33.229  -47.126  6.97411E-16  SWARM-A  4.470  33.039
2023-09-18T07:31:30Z  485.410  35.142  -47.123  6.98395E-16  SWARM-A  4.478  34.951
2023-09-18T07:32:00Z  485.734  37.054  -47.113  6.99656E-16  SWARM-A  4.487  36.863
2023-09-18T07:32:30Z  486.075  38.966  -47.096  7.01182E-16  SWARM-A  4.497  38.775
2023-09-18T07:33:00Z  486.432  40.877  -47.072  7.02987E-16  SWARM-A  4.507  40.687
2023-09-18T07:33:30Z  486.801  42.787  -47.038  7.05238E-16  SWARM-A  4.517  42.599
2023-09-18T07:34:00Z  487.181  44.696  -46.995  7.08040E-16  SWARM-A  4.528  44.512
2023-09-18T07:34:30Z  487.569  46.604  -46.940  7.11517E-16  SWARM-A  4.540  46.424
2023-09-18T07:35:00Z  487.962  48.511  -46.872  7.15769E-16  SWARM-A  4.553  48.337
2023-09-18T07:35:30Z  488.358  50.417  -46.788  7.20852E-16  SWARM-A  4.567  50.249
2023-09-18T07:36:00Z  488.755  52.322  -46.688  7.26725E-16  SWARM-A  4.582  52.162
2023-09-18T07:36:30Z  489.149  54.226  -46.567  7.33252E-16  SWARM-A  4.599  54.075
2023-09-18T07:37:00Z  489.540  56.128  -46.422  7.40270E-16  SWARM-A  4.617  55.988
2023-09-18T07:37:30Z  489.924  58.029  -46.250  7.47714E-16  SWARM-A  4.636  57.901
2023-09-18T07:38:00Z  490.299  59.929  -46.044  7.55594E-16  SWARM-A  4.658  59.814
2023-09-18T07:38:30Z  490.663  61.827  -45.798  7.63970E-16  SWARM-A  4.683  61.727
2023-09-18T07:39:00Z  491.014  63.724  -45.503  7.72982E-16  SWARM-A  4.711  63.640
2023-09-18T07:39:30Z  491.349  65.619  -45.148  7.82697E-16  SWARM-A  4.743  65.553
2023-09-18T07:40:00Z  491.668  67.511  -44.717  7.93239E-16  SWARM-A  4.780  67.467
2023-09-18T07:40:30Z  491.968  69.400  -44.191  8.04699E-16  SWARM-A  4.824  69.380
2023-09-18T07:41:00Z  492.247  71.286  -43.538  8.17144E-16  SWARM-A  4.875  71.293
2023-09-18T07:41:30Z  492.504  73.168  -42.719  8.30636E-16  SWARM-A  4.938  73.207
2023-09-18T07:42:00Z  492.737  75.044  -41.671  8.45183E-16  SWARM-A  5.017  75.120
2023-09-18T07:42:30Z  492.945  76.912  -40.295  8.60837E-16  SWARM-A  5.117  77.033
2023-09-18T07:43:00Z  493.128  78.768  -38.432  8.77637E-16  SWARM-A  5.249  78.947
2023-09-18T07:43:30Z  493.283  80.606  -35.799  8.95684E-16  SWARM-A  5.433  80.860
2023-09-18T07:44:00Z  493.410  82.412  -31.853  9.15035E-16  SWARM-A  5.705  82.774
2023-09-18T07:44:30Z  493.509  84.156  -25.444  9.35694E-16  SWARM-A  6.140  84.687
2023-09-18T07:45:00Z  493.579  85.764  -13.832  9.57662E-16  SWARM-A  6.923  86.601
2023-09-18T07:45:30Z  493.619  87.005  9.396  9.80906E-16  SWARM-A  8.479  88.515
2023-09-18T07:46:00Z  493.629  87.312  47.912  1.00596E-15  SWARM-A  11.056  90.428
2023-09-18T07:46:30Z  493.610  86.436  79.442  1.03336E-15  SWARM-A  13.166  92.342
2023-09-18T07:47:00Z  493.562  84.959  95.580  1.06219E-15  SWARM-A  14.250  94.255
2023-09-18T07:47:30Z  493.483  83.266  103.994  1.09220E-15  SWARM-A  14.819  96.169
2023-09-18T07:48:00Z  493.377  81.484  108.923  1.12329E-15  SWARM-A  15.156  98.082
2023-09-18T07:48:30Z  493.242  79.660  112.098  1.15534E-15  SWARM-A  15.376  99.996
2023-09-18T07:49:00Z  493.079  77.811  114.287  1.18816E-15  SWARM-A  15.531  101.909
2023-09-18T07:49:30Z  492.890  75.948  115.873  1.22149E-15  SWARM-A  15.645  103.822
2023-09-18T07:50:00Z  492.676  74.076  117.064  1.25503E-15  SWARM-A  15.732  105.736
2023-09-18T07:50:30Z  492.437  72.197  117.985  1.28874E-15  SWARM-A  15.802  107.649
2023-09-18T07:51:00Z  492.176  70.313  118.711  1.32250E-15  SWARM-A  15.859  109.562
2023-09-18T07:51:30Z  491.893  68.425  119.294  1.35606E-15  SWARM-A  15.906  111.476
2023-09-18T07:52:00Z  491.591  66.534  119.768  1.38934E-15  SWARM-A  15.946  113.389
2023-09-18T07:52:30Z  491.271  64.640  120.158  1.42224E-15  SWARM-A  15.980  115.302
2023-09-18T07:53:00Z  490.935  62.745  120.480  1.45453E-15  SWARM-A  16.010  117.215
2023-09-18T07:53:30Z  490.584  60.848  120.749  1.48596E-15  SWARM-A  16.036  119.128
2023-09-18T07:54:00Z  490.222  58.949  120.973  1.51641E-15  SWARM-A  16.060  121.041
2023-09-18T07:54:30Z  489.850  57.048  121.161  1.54574E-15  SWARM-A  16.081  122.954
2023-09-18T07:55:00Z  489.470  55.146  121.319  1.57388E-15  SWARM-A  16.099  124.867
2023-09-18T07:55:30Z  489.085  53.243  121.450  1.60074E-15  SWARM-A  16.116  126.780
2023-09-18T07:56:00Z  488.696  51.339  121.560  1.62646E-15  SWARM-A  16.132  128.693
2023-09-18T07:56:30Z  488.307  49.433  121.652  1.65097E-15  SWARM-A  16.147  130.605
2023-09-18T07:57:00Z  487.919  47.527  121.727  1.67430E-15  SWARM-A  16.160  132.518
2023-09-18T07:57:30Z  487.536  45.620  121.788  1.69637E-15  SWARM-A  16.172  134.430
2023-09-18T07:58:00Z  487.159  43.711  121.837  1.71721E-15  SWARM-A  16.184  136.343
2023-09-18T07:58:30Z  486.791  41.802  121.875  1.73684E-15  SWARM-A  16.195  138.255
2023-09-18T07:59:00Z  486.435  39.891  121.904  1.75528E-15  SWARM-A  16.205  140.167
2023-09-18T07:59:30Z  486.092  37.980  121.924  1.77113E-15  SWARM-A  16.215  142.079
2023-09-18T08:00:00Z  485.766  36.068  121.938  1.78562E-15  SWARM-A  16.224  143.991
2023-09-18T08:00:30Z  485.458  34.155  121.944  1.79907E-15  SWARM-A  16.233  145.903
2023-09-18T08:01:00Z  485.170  32.242  121.945  1.81154E-15  SWARM-A  16.241  147.814
2023-09-18T08:01:30Z  484.906  30.327  121.940  1.82305E-15  SWARM-A  16.249  149.726
2023-09-18T08:02:00Z  484.667  28.413  121.931  1.83363E-15  SWARM-A  16.257  151.637
2023-09-18T08:02:30Z  484.455  26.497  121.918  1.84330E-15  SWARM-A  16.264  153.549
2023-09-18T08:03:00Z  484.271  24.581  121.902  1.85203E-15  SWARM-A  16.272  155.460
2023-09-18T08:03:30Z  484.119  22.664  121.882  1.85992E-15  SWARM-A  16.279  157.371
2023-09-18T08:04:00Z  483.999  20.747  121.859  1.86693E-15  SWARM-A  16.285  159.282
2023-09-18T08:04:30Z  483.913  18.829  121.833  1.87293E-15  SWARM-A  16.292  161.193
2023-09-18T08:05:00Z  483.862  16.911  121.805  1.87795E-15  SWARM-A  16.299  163.103
2023-09-18T08:05:30Z  483.848  14.993  121.776  1.88261E-15  SWARM-A  16.305  165.014
2023-09-18T08:06:00Z  483.871  13.074  121.744  1.88694E-15  SWARM-A  16.311  166.924
2023-09-18T08:06:30Z  483.933  11.155  121.712  1.89008E-15  SWARM-A  16.317  168.834
2023-09-18T08:07:00Z  484.034  9.236  121.678  1.89198E-15  SWARM-A  16.323  170.744
2023-09-18T08:07:30Z  484.175  7.317  121.643  1.89261E-15  SWARM-A  16.329  172.654
2023-09-18T08:08:00Z  484.356  5.398  121.607  1.89187E-15  SWARM-A  16.335  174.564
2023-09-18T08:08:30Z  484.577  3.479  121.571  1.88969E-15  SWARM-A  16.341  176.473
2023-09-18T08:09:00Z  484.839  1.559  121.534  1.88603E-15  SWARM-A  16.347  178.382
2023-09-18T08:09:30Z  485.142  -0.360  121.497  1.88083E-15  SWARM-A  16.353  180.291
2023-09-18T08:10:00Z  485.485  -2.278  121.460  1.87409E-15  SWARM-A  16.359  182.200
2023-09-18T08:10:30Z  485.867  -4.197  121.424  1.86574E-15  SWARM-A  16.365  184.109
2023-09-18T08:11:00Z  486.288  -6.115  121.387  1.85577E-15  SWARM-A  16.371  186.018
2023-09-18T08:11:30Z  486.748  -8.033  121.352  1.84425E-15  SWARM-A  16.377  187.926
2023-09-18T08:12:00Z  487.244  -9.951  121.317  1.83107E-15  SWARM-A  16.383  189.834
2023-09-18T08:12:30Z  487.777  -11.868  121.284  1.81637E-15  SWARM-A  16.389  191.742
2023-09-18T08:13:00Z  488.344  -13.784  121.251  1.80006E-15  SWARM-A  16.395  193.650
2023-09-18T08:13:30Z  488.944  -15.700  121.220  1.78161E-15  SWARM-A  16.401  195.558
2023-09-18T08:14:00Z  489.576  -17.615  121.191  1.76139E-15  SWARM-A  16.408  197.466
2023-09-18T08:14:30Z  490.238  -19.530  121.164  1.73988E-15  SWARM-A  16.414  199.373
2023-09-18T08:15:00Z  490.927  -21.443  121.139  1.71712E-15  SWARM-A  16.421  201.280
2023-09-18T08:15:30Z  491.642  -23.356  121.117  1.69322E-15  SWARM-A  16.428  203.187
2023-09-18T08:16:00Z  492.380  -25.269  121.098  1.66827E-15  SWARM-A  16.435  205.094
2023-09-18T08:16:30Z  493.140  -27.180  121.082  1.64233E-15  SWARM-A  16.442  207.000
2023-09-18T08:17:00Z  493.918  -29.090  121.070  1.61554E-15  SWARM-A  16.450  208.907
2023-09-18T08:17:30Z  494.712  -31.000  121.063  1.58800E-15  SWARM-A  16.457  210.813
2023-09-18T08:18:00Z  495.519  -32.908  121.060  1.55981E-15  SWARM-A  16.466  212.719
2023-09-18T08:18:30Z  496.337  -34.816  121.062  1.53108E-15  SWARM-A  16.474  214.625
2023-09-18T08:19:00Z  497.164  -36.722  121.070  1.50190E-15  SWARM-A  16.483  216.531
2023-09-18T08:19:30Z  497.995  -38.627  121.086  1.47238E-15  SWARM-A  16.492  218.436
2023-09-18T08:20:00Z  498.829  -40.531  121.108  1.44256E-15  SWARM-A  16.502  220.342
2023-09-18T08:20:30Z  499.662  -42.435  121.140  1.41253E-15  SWARM-A  16.513  222.247
2023-09-18T08:21:00Z  500.492  -44.336  121.181  1.38243E-15  SWARM-A  16.524  224.152
2023-09-18T08:21:30Z  501.316  -46.237  121.233  1.35235E-15  SWARM-A  16.535  226.057
2023-09-18T08:22:00Z  502.130  -48.137  121.297  1.32247E-15  SWARM-A  16.548  227.961
2023-09-18T08:22:30Z  502.931  -50.035  121.377  1.29302E-15  SWARM-A  16.562  229.866
2023-09-18T08:23:00Z  503.718  -51.932  121.473  1.26420E-15  SWARM-A  16.576  231.771
2023-09-18T08:23:30Z  504.487  -53.827  121.588  1.23609E-15  SWARM-A  16.592  233.675
2023-09-18T08:24:00Z  505.234  -55.721  121.726  1.20863E-15  SWARM-A  16.610  235.579
2023-09-18T08:24:30Z  505.959  -57.614  121.891  1.18190E-15  SWARM-A  16.629  237.483
2023-09-18T08:25:00Z  506.658  -59.505  122.088  1.15568E-15  SWARM-A  16.651  239.387
2023-09-18T08:25:30Z  507.328  -61.395  122.323  1.13001E-15  SWARM-A  16.675  241.291
2023-09-18T08:26:00Z  507.967  -63.282  122.604  1.10481E-15  SWARM-A  16.702  243.195
2023-09-18T08:26:30Z  508.573  -65.168  122.941  1.08008E-15  SWARM-A  16.733  245.098
2023-09-18T08:27:00Z  509.143  -67.051  123.350  1.05576E-15  SWARM-A  16.768  247.002
2023-09-18T08:27:30Z  509.676  -68.931  123.848  1.03185E-15  SWARM-A  16.810  248.905
2023-09-18T08:28:00Z  510.170  -70.809  124.462  1.00828E-15  SWARM-A  16.859  250.809
2023-09-18T08:28:30Z  510.622  -72.682  125.229  9.85032E-16  SWARM-A  16.919  252.712
2023-09-18T08:29:00Z  511.032  -74.549  126.204  9.61942E-16  SWARM-A  16.992  254.615
2023-09-18T08:29:30Z  511.397  -76.410  127.474  9.39212E-16  SWARM-A  17.085  256.518
2023-09-18T08:30:00Z  511.716  -78.260  129.174  9.16858E-16  SWARM-A  17.207  258.422
2023-09-18T08:30:30Z  511.989  -80.093  131.542  8.94925E-16  SWARM-A  17.373  260.325
2023-09-18T08:31:00Z  512.213  -81.900  135.018  8.73151E-16  SWARM-A  17.613  262.228
2023-09-18T08:31:30Z  512.389  -83.657  140.505  8.51619E-16  SWARM-A  17.987  264.131
2023-09-18T08:32:00Z  512.516  -85.309  150.081  8.30496E-16  SWARM-A  18.634  266.034
2023-09-18T08:32:30Z  512.592  -86.695  168.791  8.09749E-16  SWARM-A  19.889  267.937
2023-09-18T08:33:00Z  512.619  -87.355  -156.444  7.89253E-16  SWARM-A  22.215  269.840
2023-09-18T08:33:30Z  512.595  -86.803  -120.309  7.69794E-16  SWARM-A  0.633  271.743
2023-09-18T08:34:00Z  512.521  -85.463  -100.248  7.51857E-16  SWARM-A  1.978  273.645
2023-09-18T08:34:30Z  512.398  -83.827  -90.064  7.35110E-16  SWARM-A  2.666  275.548
2023-09-18T08:35:00Z  512.225  -82.077  -84.294  7.19524E-16  SWARM-A  3.059  277.451
2023-09-18T08:35:30Z  512.003  -80.274  -80.671  7.05184E-16  SWARM-A  3.309  279.355
2023-09-18T08:36:00Z  511.733  -78.442  -78.218  6.92151E-16  SWARM-A  3.480  281.258
2023-09-18T08:36:30Z  511.416  -76.593  -76.464  6.80456E-16  SWARM-A  3.606  283.161
2023-09-18T08:37:00Z  511.053  -74.734  -75.160  6.70017E-16  SWARM-A  3.701  285.064
2023-09-18T08:37:30Z  510.645  -72.867  -74.159  6.60749E-16  SWARM-A  3.776  286.967
2023-09-18T08:38:00Z  510.195  -70.994  -73.375  6.52500E-16  SWARM-A  3.837  288.870
2023-09-18T08:38:30Z  509.703  -69.117  -72.747  6.45288E-16  SWARM-A  3.887  290.774
2023-09-18T08:39:00Z  509.171  -67.237  -72.239  6.38815E-16  SWARM-A  3.929  292.677
2023-09-18T08:39:30Z  508.601  -65.354  -71.823  6.33011E-16  SWARM-A  3.965  294.581
2023-09-18T08:40:00Z  507.996  -63.469  -71.479  6.27928E-16  SWARM-A  3.996  296.485
2023-09-18T08:40:30Z  507.357  -61.581  -71.193  6.23629E-16  SWARM-A  4.024  298.388
2023-09-18T08:41:00Z  506.687  -59.692  -70.954  6.20020E-16  SWARM-A  4.048  300.292
2023-09-18T08:41:30Z  505.988  -57.801  -70.754  6.17117E-16  SWARM-A  4.070  302.196
2023-09-18T08:42:00Z  505.263  -55.908  -70.586  6.14865E-16  SWARM-A  4.089  304.100
2023-09-18T08:42:30Z  504.514  -54.014  -70.445  6.13027E-16  SWARM-A  4.107  306.004
2023-09-18T08:43:00Z  503.744  -52.119  -70.328  6.11713E-16  SWARM-A  4.123  307.909
2023-09-18T08:43:30Z  502.956  -50.222  -70.230  6.10953E-16  SWARM-A  4.138  309.813
2023-09-18T08:44:00Z  502.152  -48.324  -70.149  6.10273E-16  SWARM-A  4.152  311.718
2023-09-18T08:44:30Z  501.336  -46.425  -70.083  6.09743E-16  SWARM-A  4.164  313.623
2023-09-18T08:45:00Z  500.510  -44.524  -70.030  6.09589E-16  SWARM-A  4.176  315.528
2023-09-18T08:45:30Z  499.678  -42.622  -69.988  6.09753E-16  SWARM-A  4.187  317.433
2023-09-18T08:46:00Z  498.841  -40.719  -69.956  6.10234E-16  SWARM-A  4.198  319.338
2023-09-18T08:46:30Z  498.004  -38.815  -69.932  6.10999E-16  SWARM-A  4.208  321.243
2023-09-18T08:47:00Z  497.168  -36.910  -69.916  6.12039E-16  SWARM-A  4.217  323.149
2023-09-18T08:47:30Z  496.337  -35.004  -69.907  6.13327E-16  SWARM-A  4.226  325.055
2023-09-18T08:48:00Z  495.514  -33.096  -69.904  6.14905E-16  SWARM-A  4.235  326.961
2023-09-18T08:48:30Z  494.702  -31.188  -69.907  6.16742E-16  SWARM-A  4.243  328.867
2023-09-18T08:49:00Z  493.902  -29.278  -69.914  6.18879E-16  SWARM-A  4.251  330.773
2023-09-18T08:49:30Z  493.118  -27.368  -69.926  6.21162E-16  SWARM-A  4.258  332.679
2023-09-18T08:50:00Z  492.353  -25.457  -69.941  6.23646E-16  SWARM-A  4.266  334.586
2023-09-18T08:50:30Z  491.608  -23.545  -69.960  6.26433E-16  SWARM-A  4.273  336.493
2023-09-18T08:51:00Z  490.886  -21.632  -69.982  6.29500E-16  SWARM-A  4.280  338.400
2023-09-18T08:51:30Z  490.190  -19.718  -70.006  6.32839E-16  SWARM-A  4.286  340.307
2023-09-18T08:52:00Z  489.521  -17.803  -70.033  6.36447E-16  SWARM-A  4.293  342.214
2023-09-18T08:52:30Z  488.882  -15.888  -70.062  6.40285E-16  SWARM-A  4.299  344.122
2023-09-18T08:53:00Z  488.274  -13.972  -70.093  6.44299E-16  SWARM-A  4.306  346.030
2023-09-18T08:53:30Z  487.699  -12.056  -70.125  6.48466E-16  SWARM-A  4.312  347.938
2023-09-18T08:54:00Z  487.158  -10.139  -70.158  6.52707E-16  SWARM-A  4.318  349.846
2023-09-18T08:54:30Z  486.654  -8.221  -70.193  6.56978E-16  SWARM-A  4.324  351.754
2023-09-18T08:55:00Z  486.187  -6.303  -70.228  6.61207E-16  SWARM-A  4.330  353.663
2023-09-18T08:55:30Z  485.758  -4.385  -70.264  6.65320E-16  SWARM-A  4.336  355.571
2023-09-18T08:56:00Z  485.368  -2.466  -70.301  6.69259E-16  SWARM-A  4.342  357.480
2023-09-18T08:56:30Z  485.018  -0.547  -70.338  6.72979E-16  SWARM-A  4.348  359.389
2023-09-18T08:57:00Z  484.708  1.372  -70.375  6.76383E-16  SWARM-A  4.353  1.298
2023-09-18T08:57:30Z  484.440  3.291  -70.411  6.79474E-16  SWARM-A  4.359  3.208
2023-09-18T08:58:00Z  484.211  5.210  -70.448  6.82237E-16  SWARM-A  4.365  5.117
2023-09-18T08:58:30Z  484.024  7.129  -70.483  6.84571E-16  SWARM-A  4.371  7.027
2023-09-18T08:59:00Z  483.877  9.049  -70.518  6.86616E-16  SWARM-A  4.377  8.937
2023-09-18T08:59:30Z  483.771  10.968  -70.553  6.88320E-16  SWARM-A  4.383  10.847
2023-09-18T09:00:00Z  483.704  12.887  -70.585  6.90910E-16  SWARM-A  4.389  12.757
2023-09-18T09:00:30Z  483.676  14.806  -70.617  6.92139E-16  SWARM-A  4.396  14.667
2023-09-18T09:01:00Z  483.686  16.724  -70.647  6.93243E-16  SWARM-A  4.402  16.578
2023-09-18T09:01:30Z  483.734  18.642  -70.675  6.94289E-16  SWARM-A  4.408  18.489
2023-09-18T09:02:00Z  483.817  20.560  -70.700  6.95323E-16  SWARM-A  4.415  20.399
2023-09-18T09:02:30Z  483.934  22.477  -70.723  6.96457E-16  SWARM-A  4.422  22.310
2023-09-18T09:03:00Z  484.085  24.394  -70.744  6.97768E-16  SWARM-A  4.429  24.221
2023-09-18T09:03:30Z  484.266  26.310  -70.761  6.99295E-16  SWARM-A  4.436  26.133
2023-09-18T09:04:00Z  484.478  28.226  -70.774  7.01097E-16  SWARM-A  4.443  28.044
2023-09-18T09:04:30Z  484.717  30.141  -70.784  7.03264E-16  SWARM-A  4.451  29.956
2023-09-18T09:05:00Z  484.981  32.056  -70.788  7.05809E-16  SWARM-A  4.459  31.867
2023-09-18T09:05:30Z  485.269  33.969  -70.788  7.08791E-16  SWARM-A  4.468  33.779
2023-09-18T09:06:00Z  485.579  35.882  -70.782  7.12240E-16  SWARM-A  4.476  35.691
2023-09-18T09:06:30Z  485.907  37.795  -70.770  7.16141E-16  SWARM-A  4.485  37.603
2023-09-18T09:07:00Z  486.252  39.706  -70.750  7.20512E-16  SWARM-A  4.495  39.515
2023-09-18T09:07:30Z  486.612  41.616  -70.722  7.25508E-16  SWARM-A  4.505  41.427
2023-09-18T09:08:00Z  486.983  43.526  -70.685  7.31003E-16  SWARM-A  4.516  43.339
2023-09-18T09:08:30Z  487.364  45.435  -70.637  7.37070E-16  SWARM-A  4.528  45.252
2023-09-18T09:09:00Z  487.752  47.342  -70.577  7.43629E-16  SWARM-A  4.540  47.164
2023-09-18T09:09:30Z  488.145  49.249  -70.503  7.50570E-16  SWARM-A  4.553  49.077
2023-09-18T09:10:00Z  488.540  51.154  -70.413  7.57778E-16  SWARM-A  4.568  50.990
2023-09-18T09:10:30Z  488.934  53.059  -70.305  7.65143E-16  SWARM-A  4.583  52.902
2023-09-18T09:11:00Z  489.326  54.962  -70.175  7.72672E-16  SWARM-A  4.600  54.815
2023-09-18T09:11:30Z  489.713  56.864  -70.020  7.80393E-16  SWARM-A  4.619  56.728
2023-09-18T09:12:00Z  490.093  58.765  -69.835  7.88412E-16  SWARM-A  4.639  58.641
2023-09-18T09:12:30Z  490.463  60.664  -69.615  7.96831E-16  SWARM-A  4.662  60.554
2023-09-18T09:13:00Z  490.822  62.561  -69.351  8.05704E-16  SWARM-A  4.688  62.467
2023-09-18T09:13:30Z  491.166  64.457  -69.034  8.15166E-16  SWARM-A  4.718  64.380
2023-09-18T09:14:00Z  491.495  66.351  -68.651  8.25230E-16  SWARM-A  4.752  66.294
2023-09-18T09:14:30Z  491.807  68.242  -68.186  8.36000E-16  SWARM-A  4.791  68.207
2023-09-18T09:15:00Z  492.099  70.130  -67.614  8.47541E-16  SWARM-A  4.838  70.120
2023-09-18T09:15:30Z  492.370  72.015  -66.903  8.59902E-16  SWARM-A  4.893  72.034
2023-09-18T09:16:00Z  492.618  73.895  -66.003  8.73174E-16  SWARM-A  4.962  73.947
2023-09-18T09:16:30Z  492.842  75.768  -64.842  8.87400E-16  SWARM-A  5.047  75.860
2023-09-18T09:17:00Z  493.041  77.632  -63.300  9.02690E-16  SWARM-A  5.158  77.774
2023-09-18T09:17:30Z  493.213  79.482  -61.181  9.19050E-16  SWARM-A  5.308  79.687
2023-09-18T09:18:00Z  493.358  81.309  -58.124  9.36618E-16  SWARM-A  5.520  81.601
2023-09-18T09:18:30Z  493.475  83.096  -53.414  9.55368E-16  SWARM-A  5.843  83.514
2023-09-18T09:19:00Z  493.563  84.801  -45.460  9.75339E-16  SWARM-A  6.381  85.428
2023-09-18T09:19:30Z  493.622  86.309  -30.371  9.96485E-16  SWARM-A  7.395  87.341
2023-09-18T09:20:00Z  493.651  87.271  -0.530  1.01891E-15  SWARM-A  9.393  89.255
2023-09-18T09:20:30Z  493.651  87.085  38.570  1.04342E-15  SWARM-A  12.008  91.168
2023-09-18T09:21:00Z  493.621  85.905  63.376  1.06984E-15  SWARM-A  13.670  93.082
2023-09-18T09:21:30Z  493.561  84.319  75.756  1.09740E-15  SWARM-A  14.504  94.995
2023-09-18T09:22:00Z  493.473  82.583  82.511  1.12603E-15  SWARM-A  14.963  96.909
2023-09-18T09:22:30Z  493.355  80.781  86.631  1.15568E-15  SWARM-A  15.246  98.822
2023-09-18T09:23:00Z  493.210  78.946  89.363  1.18624E-15  SWARM-A  15.436  100.736
2023-09-18T09:23:30Z  493.038  77.092  91.287  1.21759E-15  SWARM-A  15.573  102.649
2023-09-18T09:24:00Z  492.840  75.225  92.702  1.24951E-15  SWARM-A  15.675  104.563
2023-09-18T09:24:30Z  492.616  73.349  93.778  1.28191E-15  SWARM-A  15.755  106.476
2023-09-18T09:25:00Z  492.369  71.468  94.617  1.31460E-15  SWARM-A  15.820  108.389
2023-09-18T09:25:30Z  492.100  69.583  95.283  1.34744E-15  SWARM-A  15.872  110.303
2023-09-18T09:26:00Z  491.810  67.693  95.821  1.38018E-15  SWARM-A  15.917  112.216
2023-09-18T09:26:30Z  491.501  65.802  96.260  1.41257E-15  SWARM-A  15.954  114.129
2023-09-18T09:27:00Z  491.175  63.907  96.623  1.44460E-15  SWARM-A  15.987  116.042
2023-09-18T09:27:30Z  490.834  62.011  96.923  1.47609E-15  SWARM-A  16.015  117.955
2023-09-18T09:28:00Z  490.479  60.113  97.174  1.50690E-15  SWARM-A  16.040  119.868
2023-09-18T09:28:30Z  490.113  58.214  97.383  1.53692E-15  SWARM-A  16.062  121.781
2023-09-18T09:29:00Z  489.739  56.313  97.559  1.56607E-15  SWARM-A  16.082  123.694
2023-09-18T09:29:30Z  489.357  54.410  97.706  1.59427E-15  SWARM-A  16.101  125.607
2023-09-18T09:30:00Z  488.971  52.507  97.829  1.62141E-15  SWARM-A  16.117  127.520
2023-09-18T09:30:30Z  488.583  50.602  97.932  1.64747E-15  SWARM-A  16.132  129.432
2023-09-18T09:31:00Z  488.195  48.696  98.017  1.67252E-15  SWARM-A  16.146  131.345
2023-09-18T09:31:30Z  487.810  46.789  98.086  1.69652E-15  SWARM-A  16.159  133.257
2023-09-18T09:32:00Z  487.430  44.882  98.143  1.71940E-15  SWARM-A  16.171  135.170
2023-09-18T09:32:30Z  487.058  42.973  98.187  1.74116E-15  SWARM-A  16.183  137.082
2023-09-18T09:33:00Z  486.695  41.063  98.222  1.76184E-15  SWARM-A  16.193  138.994
2023-09-18T09:33:30Z  486.346  39.152  98.247  1.78140E-15  SWARM-A  16.203  140.906
2023-09-18T09:34:00Z  486.011  37.241  98.265  1.79895E-15  SWARM-A  16.213  142.818
2023-09-18T09:34:30Z  485.693  35.329  98.276  1.81478E-15  SWARM-A  16.222  144.730
2023-09-18T09:35:00Z  485.395  33.416  98.280  1.82952E-15  SWARM-A  16.231  146.642
2023-09-18T09:35:30Z  485.119  31.502  98.279  1.84325E-15  SWARM-A  16.239  148.553
2023-09-18T09:36:00Z  484.866  29.587  98.272  1.85600E-15  SWARM-A  16.247  150.465
2023-09-18T09:36:30Z  484.639  27.672  98.262  1.86780E-15  SWARM-A  16.254  152.376
2023-09-18T09:37:00Z  484.440  25.756  98.247  1.87860E-15  SWARM-A  16.262  154.287
2023-09-18T09:37:30Z  484.271  23.840  98.229  1.88845E-15  SWARM-A  16.269  156.198
2023-09-18T09:38:00Z  484.133  21.923  98.208  1.89738E-15  SWARM-A  16.276  158.109
2023-09-18T09:38:30Z  484.028  20.006  98.184  1.90536E-15  SWARM-A  16.282  160.020
2023-09-18T09:39:00Z  483.958  18.088  98.158  1.91238E-15  SWARM-A  16.289  161.931
2023-09-18T09:39:30Z  483.923  16.170  98.129  1.91837E-15  SWARM-A  16.296  163.841
2023-09-18T09:40:00Z  483.926  14.252  98.099  1.92341E-15  SWARM-A  16.302  165.752
2023-09-18T09:40:30Z  483.967  12.333  98.067  1.92742E-15  SWARM-A  16.308  167.662
2023-09-18T09:41:00Z  484.047  10.414  98.034  1.93081E-15  SWARM-A  16.314  169.572
2023-09-18T09:41:30Z  484.166  8.495  98.000  1.93386E-15  SWARM-A  16.320  171.482
2023-09-18T09:42:00Z  484.325  6.576  97.964  1.93579E-15  SWARM-A  16.326  173.391
2023-09-18T09:42:30Z  484.525  4.657  97.928  1.93645E-15  SWARM-A  16.332  175.301
2023-09-18T09:43:00Z  484.766  2.738  97.892  1.93576E-15  SWARM-A  16.338  177.210
2023-09-18T09:43:30Z  485.047  0.818  97.855  1.93373E-15  SWARM-A  16.344  179.119
2023-09-18T09:44:00Z  485.368  -1.100  97.819  1.93026E-15  SWARM-A  16.350  181.028
2023-09-18T09:44:30Z  485.730  -3.019  97.782  1.92525E-15  SWARM-A  16.356  182.937
2023-09-18T09:45:00Z  486.130  -4.937  97.745  1.91874E-15  SWARM-A  16.362  184.846
2023-09-18T09:45:30Z  486.570  -6.855  97.709  1.91059E-15  SWARM-A  16.368  186.754
2023-09-18T09:46:00Z  487.048  -8.773  97.674  1.90083E-15  SWARM-A  16.374  188.663
2023-09-18T09:46:30Z  487.562  -10.690  97.640  1.88934E-15  SWARM-A  16.380  190.571
2023-09-18T09:47:00Z  488.112  -12.607  97.607  1.87616E-15  SWARM-A  16.386  192.479
2023-09-18T09:47:30Z  488.695  -14.523  97.575  1.86124E-15  SWARM-A  16.392  194.386
2023-09-18T09:48:00Z  489.312  -16.439  97.545  1.84461E-15  SWARM-A  16.398  196.294
2023-09-18T09:48:30Z  489.959  -18.354  97.517  1.82634E-15  SWARM-A  16.405  198.201
2023-09-18T09:49:00Z  490.635  -20.268  97.491  1.80645E-15  SWARM-A  16.411  200.108
2023-09-18T09:49:30Z  491.338  -22.181  97.467  1.78500E-15  SWARM-A  16.418  202.015
2023-09-18T09:50:00Z  492.066  -24.094  97.446  1.76207E-15  SWARM-A  16.425  203.922
2023-09-18T09:50:30Z  492.816  -26.006  97.428  1.73749E-15  SWARM-A  16.432  205.829
2023-09-18T09:51:00Z  493.587  -27.916  97.414  1.71129E-15  SWARM-A  16.440  207.735
2023-09-18T09:51:30Z  494.374  -29.826  97.403  1.68400E-15  SWARM-A  16.447  209.641
2023-09-18T09:52:00Z  495.177  -31.735  97.398  1.65570E-15  SWARM-A  16.455  211.547
2023-09-18T09:52:30Z  495.992  -33.643  97.397  1.62652E-15  SWARM-A  16.463  213.453
2023-09-18T09:53:00Z  496.817  -35.550  97.401  1.59656E-15  SWARM-A  16.472  215.359
2023-09-18T09:53:30Z  497.648  -37.456  97.412  1.56592E-15  SWARM-A  16.481  217.265
2023-09-18T09:54:00Z  498.483  -39.361  97.430  1.53471E-15  SWARM-A  16.491  219.170
2023-09-18T09:54:30Z  499.319  -41.265  97.456  1.50306E-15  SWARM-A  16.501  221.075
2023-09-18T09:55:00Z  500.154  -43.167  97.491  1.47107E-15  SWARM-A  16.511  222.980
2023-09-18T09:55:30Z  500.983  -45.068  97.536  1.43895E-15  SWARM-A  16.523  224.885
2023-09-18T09:56:00Z  501.804  -46.968  97.593  1.40675E-15  SWARM-A  16.535  226.790
2023-09-18T09:56:30Z  502.615  -48.867  97.663  1.37485E-15  SWARM-A  16.548  228.695
2023-09-18T09:57:00Z  503.412  -50.765  97.749  1.34315E-15  SWARM-A  16.562  230.599
2023-09-18T09:57:30Z  504.193  -52.661  97.852  1.31178E-15  SWARM-A  16.577  232.503
2023-09-18T09:58:00Z  504.954  -54.556  97.976  1.28073E-15  SWARM-A  16.594  234.408
2023-09-18T09:58:30Z  505.693  -56.450  98.124  1.24989E-15  SWARM-A  16.612  236.312
2023-09-18T09:59:00Z  506.408  -58.342  98.301  1.21927E-15  SWARM-A  16.632  238.216
2023-09-18T09:59:30Z  507.096  -60.232  98.511  1.18887E-15  SWARM-A  16.654  240.119
2023-09-18T10:00:00Z  507.753  -62.121  98.763  1.15880E-15  SWARM-A  16.680  242.023
2023-09-18T10:00:30Z  508.379  -64.007  99.065  1.12914E-15  SWARM-A  16.708  243.927
2023-09-18T10:01:00Z  508.971  -65.892  99.428  1.10001E-15  SWARM-A  16.740  245.830
2023-09-18T10:01:30Z  509.525  -67.774  99.868  1.07146E-15  SWARM-A  16.778  247.734
2023-09-18T10:02:00Z  510.042  -69.653  100.408  1.04338E-15  SWARM-A  16.822  249.637
2023-09-18T10:02:30Z  510.518  -71.529  101.075  1.01569E-15  SWARM-A  16.875  251.540
2023-09-18T10:03:00Z  510.952  -73.400  101.915  9.88596E-16  SWARM-A  16.940  253.443
2023-09-18T10:03:30Z  511.342  -75.265  102.992  9.62094E-16  SWARM-A  17.020  255.347
2023-09-18T10:04:00Z  511.687  -77.122  104.407  9.36152E-16  SWARM-A  17.122  257.250
2023-09-18T10:04:30Z  511.985  -78.966  106.329  9.10773E-16  SWARM-A  17.259  259.153
2023-09-18T10:05:00Z  512.236  -80.791  109.054  8.85936E-16  SWARM-A  17.449  261.056
2023-09-18T10:05:30Z  512.439  -82.583  113.157  8.61709E-16  SWARM-A  17.731  262.959
2023-09-18T10:06:00Z  512.592  -84.309  119.864  8.38125E-16  SWARM-A  18.186  264.862
2023-09-18T10:06:30Z  512.696  -85.888  132.106  8.15176E-16  SWARM-A  19.011  266.764
2023-09-18T10:07:00Z  512.749  -87.071  156.539  7.92786E-16  SWARM-A  20.648  268.667
2023-09-18T10:07:30Z  512.752  -87.281  -164.673  7.71215E-16  SWARM-A  23.242  270.570
2023-09-18T10:08:00Z  512.705  -86.345  -134.569  7.51448E-16  SWARM-A  1.257  272.473
2023-09-18T10:08:30Z  512.608  -84.855  -119.246  7.33318E-16  SWARM-A  2.287  274.376
2023-09-18T10:09:00Z  512.461  -83.164  -111.169  7.16599E-16  SWARM-A  2.834  276.279
2023-09-18T10:09:30Z  512.264  -81.389  -106.391  7.01357E-16  SWARM-A  3.161  278.182
2023-09-18T10:10:00Z  512.019  -79.573  -103.294  6.87570E-16  SWARM-A  3.376  280.085
2023-09-18T10:10:30Z  511.726  -77.734  -101.149  6.75271E-16  SWARM-A  3.527  281.988
2023-09-18T10:11:00Z  511.386  -75.881  -99.589  6.64941E-16  SWARM-A  3.639  283.891
2023-09-18T10:11:30Z  511.001  -74.018  -98.414  6.55971E-16  SWARM-A  3.726  285.794
2023-09-18T10:12:00Z  510.572  -72.149  -97.504  6.48004E-16  SWARM-A  3.795  287.697
2023-09-18T10:12:30Z  510.100  -70.274  -96.785  6.40920E-16  SWARM-A  3.851  289.601
2023-09-18T10:13:00Z  509.588  -68.396  -96.207  6.34720E-16  SWARM-A  3.898  291.504
2023-09-18T10:13:30Z  509.036  -66.515  -95.737  6.29320E-16  SWARM-A  3.938  293.407
2023-09-18T10:14:00Z  508.448  -64.631  -95.350  6.24673E-16  SWARM-A  3.972  295.311
2023-09-18T10:14:30Z  507.824  -62.745  -95.030  6.20774E-16  SWARM-A  4.002  297.215
2023-09-18T10:15:00Z  507.168  -60.857  -94.763  6.17551E-16  SWARM-A  4.028  299.118
2023-09-18T10:15:30Z  506.482  -58.967  -94.539  6.14977E-16  SWARM-A  4.051  301.022
2023-09-18T10:16:00Z  505.768  -57.075  -94.352  6.12964E-16  SWARM-A  4.072  302.926
2023-09-18T10:16:30Z  505.028  -55.182  -94.195  6.11147E-16  SWARM-A  4.091  304.830
2023-09-18T10:17:00Z  504.266  -53.288  -94.064  6.09342E-16  SWARM-A  4.108  306.735
2023-09-18T10:17:30Z  503.484  -51.392  -93.954  6.07904E-16  SWARM-A  4.123  308.639
2023-09-18T10:18:00Z  502.685  -49.494  -93.863  6.06778E-16  SWARM-A  4.138  310.544
2023-09-18T10:18:30Z  501.871  -47.596  -93.788  6.05879E-16  SWARM-A  4.151  312.448
2023-09-18T10:19:00Z  501.046  -45.696  -93.727  6.05171E-16  SWARM-A  4.164  314.353
2023-09-18T10:19:30Z  500.213  -43.795  -93.678  6.04618E-16  SWARM-A  4.175  316.258
2023-09-18T10:20:00Z  499.374  -41.893  -93.640  6.04196E-16  SWARM-A  4.186  318.163
2023-09-18T10:20:30Z  498.532  -39.989  -93.611  6.03900E-16  SWARM-A  4.196  320.068
2023-09-18T10:21:00Z  497.690  -38.085  -93.590  6.03705E-16  SWARM-A  4.206  321.974
2023-09-18T10:21:30Z  496.852  -36.179  -93.577  6.03656E-16  SWARM-A  4.215  323.880
2023-09-18T10:22:00Z  496.019  -34.272  -93.570  6.03596E-16  SWARM-A  4.224  325.785
2023-09-18T10:22:30Z  495.195  -32.365  -93.570  6.03605E-16  SWARM-A  4.232  327.691
2023-09-18T10:23:00Z  494.383  -30.456  -93.574  6.03778E-16  SWARM-A  4.240  329.598
2023-09-18T10:23:30Z  493.585  -28.546  -93.583  6.04143E-16  SWARM-A  4.248  331.504
2023-09-18T10:24:00Z  492.805  -26.635  -93.596  6.04728E-16  SWARM-A  4.256  333.410
2023-09-18T10:24:30Z  492.043  -24.724  -93.613  6.05531E-16  SWARM-A  4.263  335.317
2023-09-18T10:25:00Z  491.303  -22.811  -93.633  6.06592E-16  SWARM-A  4.270  337.224
2023-09-18T10:25:30Z  490.588  -20.898  -93.655  6.07923E-16  SWARM-A  4.277  339.131
2023-09-18T10:26:00Z  489.899  -18.984  -93.681  6.09538E-16  SWARM-A  4.283  341.038
2023-09-18T10:26:30Z  489.238  -17.069  -93.708  6.11467E-16  SWARM-A  4.290  342.946
2023-09-18T10:27:00Z  488.608  -15.154  -93.738  6.13640E-16  SWARM-A  4.296  344.853
2023-09-18T10:27:30Z  488.010  -13.237  -93.769  6.16089E-16  SWARM-A  4.302  346.761
2023-09-18T10:28:00Z  487.446  -11.321  -93.802  6.18778E-16  SWARM-A  4.309  348.669
2023-09-18T10:28:30Z  486.917  -9.404  -93.836  6.21689E-16  SWARM-A  4.315  350.577
2023-09-18T10:29:00Z  486.425  -7.486  -93.871  6.24779E-16  SWARM-A  4.321  352.486
2023-09-18T10:29:30Z  485.971  -5.568  -93.906  6.28007E-16  SWARM-A  4.327  354.394
2023-09-18T10:30:00Z  485.556  -3.649  -93.943  6.31331E-16  SWARM-A  4.333  356.303
2023-09-18T10:30:30Z  485.180  -1.730  -93.979  6.34742E-16  SWARM-A  4.338  358.212
2023-09-18T10:31:00Z  484.845  0.188  -94.016  6.38181E-16  SWARM-A  4.344  0.121
2023-09-18T10:31:30Z  484.550  2.108  -94.053  6.41607E-16  SWARM-A  4.350  2.030
2023-09-18T10:32:00Z  484.296  4.027  -94.089  6.45034E-16  SWARM-A  4.356  3.940
2023-09-18T10:32:30Z  484.083  5.946  -94.125  6.48482E-16  SWARM-A  4.362  5.850
2023-09-18T10:33:00Z  483.911  7.866  -94.161  6.51922E-16  SWARM-A  4.368  7.759
2023-09-18T10:33:30Z  483.779  9.785  -94.196  6.55331E-16  SWARM-A  4.374  9.669
2023-09-18T10:34:00Z  483.688  11.704  -94.229  6.58686E-16  SWARM-A  4.380  11.579
2023-09-18T10:34:30Z  483.636  13.623  -94.261  6.62055E-16  SWARM-A  4.386  13.490
2023-09-18T10:35:00Z  483.623  15.542  -94.292  6.65453E-16  SWARM-A  4.393  15.400
2023-09-18T10:35:30Z  483.647  17.460  -94.321  6.68862E-16  SWARM-A  4.399  17.311
2023-09-18T10:36:00Z  483.708  19.378  -94.348  6.72363E-16  SWARM-A  4.406  19.222
2023-09-18T10:36:30Z  483.804  21.296  -94.373  6.76014E-16  SWARM-A  4.412  21.133
2023-09-18T10:37:00Z  483.934  23.213  -94.395  6.79846E-16  SWARM-A  4.419  23.044
2023-09-18T10:37:30Z  484.096  25.130  -94.414  6.83929E-16  SWARM-A  4.426  24.955
2023-09-18T10:38:00Z  484.289  27.046  -94.430  6.88300E-16  SWARM-A  4.433  26.866
2023-09-18T10:38:30Z  484.511  28.961  -94.442  6.93041E-16  SWARM-A  4.441  28.778
2023-09-18T10:39:00Z  484.759  30.876  -94.449  6.98163E-16  SWARM-A  4.449  30.689
2023-09-18T10:39:30Z  485.032  32.790  -94.452  7.03728E-16  SWARM-A  4.457  32.601
2023-09-18T10:40:00Z  485.328  34.704  -94.450  7.09799E-16  SWARM-A  4.465  34.513
2023-09-18T10:40:30Z  485.645  36.616  -94.441  7.16409E-16  SWARM-A  4.474  36.425
2023-09-18T10:41:00Z  485.979  38.528  -94.426  7.23559E-16  SWARM-A  4.484  38.337
2023-09-18T10:41:30Z  486.330  40.439  -94.403  7.31305E-16  SWARM-A  4.494  40.249
2023-09-18T10:42:00Z  486.694  42.350  -94.371  7.39580E-16  SWARM-A  4.504  42.161
2023-09-18T10:42:30Z  487.069  44.259  -94.330  7.48512E-16  SWARM-A  4.515  44.074
2023-09-18T10:43:00Z  487.452  46.167  -94.278  7.58068E-16  SWARM-A  4.527  45.986
2023-09-18T10:43:30Z  487.842  48.074  -94.212  7.68154E-16  SWARM-A  4.540  47.899
2023-09-18T10:44:00Z  488.235  49.981  -94.133  7.78663E-16  SWARM-A  4.553  49.811
2023-09-18T10:44:30Z  488.630  51.886  -94.036  7.89421E-16  SWARM-A  4.568  51.724
2023-09-18T10:45:00Z  489.024  53.790  -93.920  8.00381E-16  SWARM-A  4.584  53.637
2023-09-18T10:45:30Z  489.414  55.693  -93.781  8.11508E-16  SWARM-A  4.602  55.550
2023-09-18T10:46:00Z  489.799  57.594  -93.615  8.22854E-16  SWARM-A  4.621  57.463
2023-09-18T10:46:30Z  490.175  59.494  -93.417  8.34452E-16  SWARM-A  4.643  59.376
2023-09-18T10:47:00Z  490.542  61.393  -93.180  8.46406E-16  SWARM-A  4.667  61.289
2023-09-18T10:47:30Z  490.896  63.290  -92.897  8.58757E-16  SWARM-A  4.694  63.202
2023-09-18T10:48:00Z  491.235  65.185  -92.556  8.71567E-16  SWARM-A  4.725  65.115
2023-09-18T10:48:30Z  491.559  67.078  -92.144  8.84922E-16  SWARM-A  4.761  67.029
2023-09-18T10:49:00Z  491.864  68.968  -91.640  8.98813E-16  SWARM-A  4.803  68.942
2023-09-18T10:49:30Z  492.149  70.855  -91.019  9.13315E-16  SWARM-A  4.853  70.855
2023-09-18T10:50:00Z  492.413  72.738  -90.242  9.28202E-16  SWARM-A  4.913  72.769
2023-09-18T10:50:30Z  492.654  74.615  -89.252  9.43705E-16  SWARM-A  4.987  74.682
2023-09-18T10:51:00Z  492.870  76.485  -87.961  9.59898E-16  SWARM-A  5.081  76.595
2023-09-18T10:51:30Z  493.061  78.344  -86.226  9.76842E-16  SWARM-A  5.205  78.509
2023-09-18T10:52:00Z  493.225  80.187  -83.802  9.94553E-16  SWARM-A  5.375  80.422
2023-09-18T10:52:30Z  493.362  82.002  -80.223  1.01310E-15  SWARM-A  5.622  82.336
2023-09-18T10:53:00Z  493.470  83.764  -74.532  1.03244E-15  SWARM-A  6.010  84.250
2023-09-18T10:53:30Z  493.550  85.414  -64.499  1.05249E-15  SWARM-A  6.687  86.163
2023-09-18T10:54:00Z  493.600  86.775  -44.717  1.07331E-15  SWARM-A  8.014  88.077
2023-09-18T10:54:30Z  493.620  87.354  -8.705  1.09529E-15  SWARM-A  10.424  89.990
2023-09-18T10:55:00Z  493.611  86.709  26.479  1.11914E-15  SWARM-A  12.777  91.904
2023-09-18T10:55:30Z  493.572  85.322  45.451  1.14411E-15  SWARM-A  14.051  93.817
2023-09-18T10:56:00Z  493.504  83.662  55.121  1.16979E-15  SWARM-A  14.704  95.731
2023-09-18T10:56:30Z  493.407  81.896  60.644  1.19516E-15  SWARM-A  15.080  97.644
2023-09-18T10:57:00Z  493.282  80.079  64.134  1.22114E-15  SWARM-A  15.321  99.558
2023-09-18T10:57:30Z  493.129  78.235  66.508  1.24762E-15  SWARM-A  15.488  101.471
2023-09-18T10:58:00Z  492.949  76.375  68.211  1.27453E-15  SWARM-A  15.610  103.385
2023-09-18T10:58:30Z  492.744  74.504  69.481  1.30171E-15  SWARM-A  15.703  105.298
2023-09-18T10:59:00Z  492.514  72.627  70.457  1.32900E-15  SWARM-A  15.776  107.211
2023-09-18T10:59:30Z  492.261  70.744  71.223  1.35620E-15  SWARM-A  15.835  109.125
2023-09-18T11:00:00Z  491.987  68.857  71.837  1.38308E-15  SWARM-A  15.885  111.038
2023-09-18T11:00:30Z  491.693  66.966  72.334  1.40950E-15  SWARM-A  15.926  112.951
2023-09-18T11:01:00Z  491.380  65.074  72.742  1.43528E-15  SWARM-A  15.962  114.864
2023-09-18T11:01:30Z  491.051  63.178  73.079  1.46025E-15  SWARM-A  15.992  116.777
2023-09-18T11:02:00Z  490.707  61.282  73.359  1.48422E-15  SWARM-A  16.019  118.691
2023-09-18T11:02:30Z  490.350  59.383  73.593  1.50707E-15  SWARM-A  16.043  120.604
2023-09-18T11:03:00Z  489.984  57.483  73.789  1.52897E-15  SWARM-A  16.065  122.516
2023-09-18T11:03:30Z  489.609  55.581  73.953  1.55040E-15  SWARM-A  16.084  124.429
2023-09-18T11:04:00Z  489.228  53.679  74.091  1.57055E-15  SWARM-A  16.102  126.342
2023-09-18T11:04:30Z  488.844  51.775  74.206  1.58940E-15  SWARM-A  16.118  128.255
2023-09-18T11:05:00Z  488.458  49.870  74.301  1.60699E-15  SWARM-A  16.132  130.167
2023-09-18T11:05:30Z  488.074  47.963  74.380  1.62334E-15  SWARM-A  16.146  132.080
2023-09-18T11:06:00Z  487.693  46.056  74.445  1.63852E-15  SWARM-A  16.159  133.992
2023-09-18T11:06:30Z  487.319  44.148  74.496  1.65265E-15  SWARM-A  16.170  135.905
2023-09-18T11:07:00Z  486.952  42.239  74.537  1.66577E-15  SWARM-A  16.181  137.817
2023-09-18T11:07:30Z  486.597  40.329  74.568  1.67803E-15  SWARM-A  16.192  139.729
2023-09-18T11:08:00Z  486.255  38.418  74.590  1.68948E-15  SWARM-A  16.202  141.641
2023-09-18T11:08:30Z  485.929  36.506  74.605  1.70030E-15  SWARM-A  16.211  143.553
2023-09-18T11:09:00Z  485.621  34.594  74.613  1.71048E-15  SWARM-A  16.220  145.465
2023-09-18T11:09:30Z  485.333  32.680  74.615  1.72019E-15  SWARM-A  16.228  147.376
2023-09-18T11:10:00Z  485.067  30.766  74.612  1.72947E-15  SWARM-A  16.236  149.288
2023-09-18T11:10:30Z  484.826  28.851  74.604  1.73840E-15  SWARM-A  16.244  151.199
2023-09-18T11:11:00Z  484.611  26.936  74.592  1.74706E-15  SWARM-A  16.252  153.111
2023-09-18T11:11:30Z  484.425  25.020  74.576  1.75545E-15  SWARM-A  16.259  155.022
2023-09-18T11:12:00Z  484.269  23.104  74.557  1.76362E-15  SWARM-A  16.266  156.933
2023-09-18T11:12:30Z  484.145  21.187  74.535  1.77153E-15  SWARM-A  16.273  158.844
2023-09-18T11:13:00Z  484.055  19.269  74.510  1.77926E-15  SWARM-A  16.280  160.754
2023-09-18T11:13:30Z  484.000  17.351  74.483  1.78667E-15  SWARM-A  16.286  162.665
2023-09-18T11:14:00Z  483.981  15.433  74.454  1.79374E-15  SWARM-A  16.293  164.575
2023-09-18T11:14:30Z  484.000  13.515  74.423  1.80044E-15  SWARM-A  16.299  166.485
2023-09-18T11:15:00Z  484.057  11.596  74.390  1.80663E-15  SWARM-A  16.305  168.395
2023-09-18T11:15:30Z  484.154  9.677  74.357  1.81224E-15  SWARM-A  16.311  170.305
2023-09-18T11:16:00Z  484.290  7.758  74.322  1.81715E-15  SWARM-A  16.317  172.215
2023-09-18T11:16:30Z  484.467  5.839  74.286  1.82130E-15  SWARM-A  16.323  174.125
2023-09-18T11:17:00Z  484.685  3.920  74.250  1.82457E-15  SWARM-A  16.329  176.034
2023-09-18T11:17:30Z  484.943  2.001  74.214  1.82663E-15  SWARM-A  16.335  177.943
2023-09-18T11:18:00Z  485.242  0.082  74.177  1.82758E-15  SWARM-A  16.341  179.852
2023-09-18T11:18:30Z  485.582  -1.837  74.140  1.82735E-15  SWARM-A  16.347  181.761
2023-09-18T11:19:00Z  485.961  -3.756  74.104  1.82577E-15  SWARM-A  16.353  183.670
2023-09-18T11:19:30Z  486.380  -5.674  74.067  1.82282E-15  SWARM-A  16.358  185.578
2023-09-18T11:20:00Z  486.837  -7.592  74.032  1.81835E-15  SWARM-A  16.364  187.487
2023-09-18T11:20:30Z  487.332  -9.509  73.997  1.81234E-15  SWARM-A  16.370  189.395
2023-09-18T11:21:00Z  487.863  -11.426  73.963  1.80462E-15  SWARM-A  16.376  191.303
2023-09-18T11:21:30Z  488.429  -13.342  73.930  1.79525E-15  SWARM-A  16.383  193.211
2023-09-18T11:22:00Z  489.029  -15.258  73.899  1.78419E-15  SWARM-A  16.389  195.118
2023-09-18T11:22:30Z  489.660  -17.174  73.870  1.77133E-15  SWARM-A  16.395  197.026
2023-09-18T11:23:00Z  490.321  -19.088  73.842  1.75670E-15  SWARM-A  16.402  198.933
2023-09-18T11:23:30Z  491.010  -21.002  73.817  1.74040E-15  SWARM-A  16.408  200.840
2023-09-18T11:24:00Z  491.724  -22.915  73.794  1.72245E-15  SWARM-A  16.415  202.747
2023-09-18T11:24:30Z  492.463  -24.827  73.774  1.70292E-15  SWARM-A  16.422  204.653
2023-09-18T11:25:00Z  493.223  -26.739  73.758  1.68193E-15  SWARM-A  16.430  206.560
2023-09-18T11:25:30Z  494.001  -28.649  73.745  1.65956E-15  SWARM-A  16.437  208.466
2023-09-18T11:26:00Z  494.796  -30.558  73.736  1.63570E-15  SWARM-A  16.445  210.372
2023-09-18T11:26:30Z  495.604  -32.467  73.732  1.61048E-15  SWARM-A  16.453  212.278
2023-09-18T11:27:00Z  496.424  -34.375  73.733  1.58416E-15  SWARM-A  16.461  214.184
2023-09-18T11:27:30Z  497.251  -36.281  73.740  1.55696E-15  SWARM-A  16.470  216.090
2023-09-18T11:28:00Z  498.084  -38.186  73.754  1.52900E-15  SWARM-A  16.479  217.995
2023-09-18T11:28:30Z  498.919  -40.091  73.774  1.50040E-15  SWARM-A  16.489  219.900
2023-09-18T11:29:00Z  499.754  -41.994  73.804  1.47128E-15  SWARM-A  16.499  221.805
2023-09-18T11:29:30Z  500.586  -43.896  73.842  1.44182E-15  SWARM-A  16.510  223.710
2023-09-18T11:30:00Z  501.411  -45.797  73.892  1.41217E-15  SWARM-A  16.522  225.615
2023-09-18T11:30:30Z  502.228  -47.696  73.954  1.38244E-15  SWARM-A  16.534  227.520
2023-09-18T11:31:00Z  503.032  -49.595  74.029  1.35280E-15  SWARM-A  16.548  229.424
2023-09-18T11:31:30Z  503.821  -51.492  74.121  1.32333E-15  SWARM-A  16.562  231.329
2023-09-18T11:32:00Z  504.592  -53.387  74.232  1.29418E-15  SWARM-A  16.578  233.233
2023-09-18T11:32:30Z  505.343  -55.282  74.365  1.26536E-15  SWARM-A  16.595  235.137
2023-09-18T11:33:00Z  506.071  -57.175  74.523  1.23693E-15  SWARM-A  16.614  237.041
2023-09-18T11:33:30Z  506.773  -59.066  74.712  1.20877E-15  SWARM-A  16.635  238.945
2023-09-18T11:34:00Z  507.446  -60.956  74.937  1.18082E-15  SWARM-A  16.658  240.848
2023-09-18T11:34:30Z  508.089  -62.844  75.206  1.15307E-15  SWARM-A  16.684  242.752
2023-09-18T11:35:00Z  508.699  -64.729  75.530  1.12552E-15  SWARM-A  16.714  244.656
2023-09-18T11:35:30Z  509.273  -66.613  75.921  1.09848E-15  SWARM-A  16.749  246.559
2023-09-18T11:36:00Z  509.810  -68.494  76.396  1.07243E-15  SWARM-A  16.789  248.462
2023-09-18T11:36:30Z  510.307  -70.372  76.980  1.04683E-15  SWARM-A  16.836  250.366
2023-09-18T11:37:00Z  510.763  -72.246  77.707  1.02171E-15  SWARM-A  16.893  252.269
2023-09-18T11:37:30Z  511.176  -74.115  78.628  9.97136E-16  SWARM-A  16.963  254.172
2023-09-18T11:38:00Z  511.545  -75.977  79.820  9.73011E-16  SWARM-A  17.050  256.075
2023-09-18T11:38:30Z  511.868  -77.830  81.403  9.49394E-16  SWARM-A  17.164  257.978
2023-09-18T11:39:00Z  512.144  -79.668  83.587  9.26194E-16  SWARM-A  17.318  259.881
2023-09-18T11:39:30Z  512.372  -81.482  86.748  9.03372E-16  SWARM-A  17.537  261.784
2023-09-18T11:40:00Z  512.551  -83.254  91.643  8.80896E-16  SWARM-A  17.872  263.687
2023-09-18T11:40:30Z  512.680  -84.939  99.967  8.58655E-16  SWARM-A  18.435  265.590
2023-09-18T11:41:00Z  512.760  -86.412  115.850  8.36631E-16  SWARM-A  19.502  267.493
2023-09-18T11:41:30Z  512.789  -87.302  146.847  8.13910E-16  SWARM-A  21.577  269.395
2023-09-18T11:42:00Z  512.768  -87.028  -174.675  7.91815E-16  SWARM-A  0.151  271.298
2023-09-18T11:42:30Z  512.696  -85.813  -151.082  7.71095E-16  SWARM-A  1.732  273.201
2023-09-18T11:43:00Z  512.574  -84.222  -139.251  7.51397E-16  SWARM-A  2.529  275.104
2023-09-18T11:43:30Z  512.403  -82.491  -132.729  7.32696E-16  SWARM-A  2.972  277.007
2023-09-18T11:44:00Z  512.182  -80.698  -128.720  7.15039E-16  SWARM-A  3.248  278.910
2023-09-18T11:44:30Z  511.914  -78.871  -126.047  6.98545E-16  SWARM-A  3.434  280.813
2023-09-18T11:45:00Z  511.598  -77.026  -124.158  6.83279E-16  SWARM-A  3.569  282.716
2023-09-18T11:45:30Z  511.235  -75.169  -122.764  6.69241E-16  SWARM-A  3.670  284.619
2023-09-18T11:46:00Z  510.828  -73.303  -121.702  6.56387E-16  SWARM-A  3.749  286.522
2023-09-18T11:46:30Z  510.377  -71.432  -120.873  6.44383E-16  SWARM-A  3.813  288.426
2023-09-18T11:47:00Z  509.884  -69.556  -120.213  6.32956E-16  SWARM-A  3.865  290.329
2023-09-18T11:47:30Z  509.352  -67.677  -119.679  6.22282E-16  SWARM-A  3.909  292.232
2023-09-18T11:48:00Z  508.781  -65.794  -119.243  6.12265E-16  SWARM-A  3.946  294.136
2023-09-18T11:48:30Z  508.173  -63.910  -118.884  6.02812E-16  SWARM-A  3.979  296.039
2023-09-18T11:49:00Z  507.532  -62.023  -118.585  5.93956E-16  SWARM-A  4.007  297.943
2023-09-18T11:49:30Z  506.860  -60.134  -118.336  5.85714E-16  SWARM-A  4.032  299.847
2023-09-18T11:50:00Z  506.157  -58.243  -118.127  5.78067E-16  SWARM-A  4.054  301.751
2023-09-18T11:50:30Z  505.428  -56.351  -117.952  5.71054E-16  SWARM-A  4.074  303.655
2023-09-18T11:51:00Z  504.675  -54.457  -117.806  5.64614E-16  SWARM-A  4.092  305.559
2023-09-18T11:51:30Z  503.900  -52.562  -117.683  5.58660E-16  SWARM-A  4.109  307.463
2023-09-18T11:52:00Z  503.107  -50.666  -117.581  5.53237E-16  SWARM-A  4.124  309.368
2023-09-18T11:52:30Z  502.297  -48.768  -117.496  5.48353E-16  SWARM-A  4.138  311.273
2023-09-18T11:53:00Z  501.474  -46.869  -117.427  5.43897E-16  SWARM-A  4.151  313.177
2023-09-18T11:53:30Z  500.641  -44.968  -117.371  5.39881E-16  SWARM-A  4.163  315.082
2023-09-18T11:54:00Z  499.801  -43.067  -117.326  5.36278E-16  SWARM-A  4.174  316.987
2023-09-18T11:54:30Z  498.956  -41.164  -117.292  5.33073E-16  SWARM-A  4.185  318.893
2023-09-18T11:55:00Z  498.109  -39.260  -117.266  5.30239E-16  SWARM-A  4.195  320.798
2023-09-18T11:55:30Z  497.265  -37.355  -117.248  5.27778E-16  SWARM-A  4.204  322.704
2023-09-18T11:56:00Z  496.424  -35.449  -117.238  5.25667E-16  SWARM-A  4.213  324.609
2023-09-18T11:56:30Z  495.591  -33.542  -117.234  5.23945E-16  SWARM-A  4.222  326.515
2023-09-18T11:57:00Z  494.767  -31.634  -117.235  5.22558E-16  SWARM-A  4.230  328.421
2023-09-18T11:57:30Z  493.957  -29.724  -117.241  5.21323E-16  SWARM-A  4.238  330.328
2023-09-18T11:58:00Z  493.161  -27.814  -117.252  5.20405E-16  SWARM-A  4.246  332.234
2023-09-18T11:58:30Z  492.384  -25.903  -117.266  5.19912E-16  SWARM-A  4.253  334.141
2023-09-18T11:59:00Z  491.627  -23.991  -117.284  5.19875E-16  SWARM-A  4.260  336.048
2023-09-18T11:59:30Z  490.893  -22.078  -117.305  5.20250E-16  SWARM-A  4.267  337.955
2023-09-18T12:00:00Z  490.185  -20.164  -117.329  5.21414E-16  SWARM-A  4.274  339.862
2023-09-18T12:00:30Z  489.503  -18.250  -117.355  5.22577E-16  SWARM-A  4.280  341.769
2023-09-18T12:01:00Z  488.851  -16.335  -117.384  5.24281E-16  SWARM-A  4.287  343.677
2023-09-18T12:01:30Z  488.231  -14.419  -117.414  5.26467E-16  SWARM-A  4.293  345.585
2023-09-18T12:02:00Z  487.643  -12.503  -117.446  5.29112E-16  SWARM-A  4.299  347.493
2023-09-18T12:02:30Z  487.089  -10.586  -117.479  5.32224E-16  SWARM-A  4.306  349.401
2023-09-18T12:03:00Z  486.572  -8.668  -117.513  5.35809E-16  SWARM-A  4.312  351.309
2023-09-18T12:03:30Z  486.092  -6.750  -117.549  5.39762E-16  SWARM-A  4.318  353.218
2023-09-18T12:04:00Z  485.651  -4.832  -117.585  5.44091E-16  SWARM-A  4.324  355.126
2023-09-18T12:04:30Z  485.249  -2.913  -117.621  5.48781E-16  SWARM-A  4.329  357.035
2023-09-18T12:05:00Z  484.886  -0.994  -117.658  5.53790E-16  SWARM-A  4.335  358.944
2023-09-18T12:05:30Z  484.565  0.925  -117.695  5.59073E-16  SWARM-A  4.341  0.854
2023-09-18T12:06:00Z  484.284  2.844  -117.731  5.64661E-16  SWARM-A  4.347  2.763
2023-09-18T12:06:30Z  484.045  4.764  -117.768  5.70480E-16  SWARM-A  4.353  4.673
2023-09-18T12:07:00Z  483.846  6.683  -117.804  5.76509E-16  SWARM-A  4.359  6.583
2023-09-18T12:07:30Z  483.689  8.602  -117.839  5.82759E-16  SWARM-A  4.365  8.492
2023-09-18T12:08:00Z  483.573  10.522  -117.873  5.89189E-16  SWARM-A  4.371  10.403
2023-09-18T12:08:30Z  483.496  12.441  -117.906  5.95825E-16  SWARM-A  4.377  12.313
2023-09-18T12:09:00Z  483.459  14.360  -117.938  6.02692E-16  SWARM-A  4.383  14.223
2023-09-18T12:09:30Z  483.461  16.278  -117.968  6.09799E-16  SWARM-A  4.390  16.134
2023-09-18T12:10:00Z  483.500  18.197  -117.997  6.17150E-16  SWARM-A  4.396  18.045
2023-09-18T12:10:30Z  483.576  20.115  -118.023  6.24780E-16  SWARM-A  4.403  19.956
2023-09-18T12:11:00Z  483.687  22.032  -118.047  6.32759E-16  SWARM-A  4.409  21.867
2023-09-18T12:11:30Z  483.831  23.949  -118.067  6.41109E-16  SWARM-A  4.416  23.778
2023-09-18T12:12:00Z  484.007  25.866  -118.085  6.49706E-16  SWARM-A  4.423  25.689
2023-09-18T12:12:30Z  484.213  27.782  -118.100  6.58418E-16  SWARM-A  4.431  27.601
2023-09-18T12:13:00Z  484.448  29.697  -118.110  6.67625E-16  SWARM-A  4.439  29.512
2023-09-18T12:13:30Z  484.709  31.612  -118.116  6.77336E-16  SWARM-A  4.446  31.424
2023-09-18T12:14:00Z  484.994  33.526  -118.117  6.87556E-16  SWARM-A  4.455  33.336
2023-09-18T12:14:30Z  485.301  35.439  -118.112  6.98308E-16  SWARM-A  4.463  35.248
2023-09-18T12:15:00Z  485.627  37.352  -118.101  7.09555E-16  SWARM-A  4.472  37.160
2023-09-18T12:15:30Z  485.972  39.263  -118.083  7.21129E-16  SWARM-A  4.482  39.072
2023-09-18T12:16:00Z  486.331  41.174  -118.057  7.33063E-16  SWARM-A  4.492  40.984
2023-09-18T12:16:30Z  486.703  43.084  -118.022  7.45339E-16  SWARM-A  4.503  42.897
2023-09-18T12:17:00Z  487.085  44.993  -117.976  7.58057E-16  SWARM-A  4.514  44.809
2023-09-18T12:17:30Z  487.474  46.901  -117.919  7.71323E-16  SWARM-A  4.526  46.722
2023-09-18T12:18:00Z  487.870  48.808  -117.849  7.85343E-16  SWARM-A  4.539  48.635
2023-09-18T12:18:30Z  488.268  50.714  -117.763  8.00253E-16  SWARM-A  4.553  50.547
2023-09-18T12:19:00Z  488.666  52.619  -117.659  8.16024E-16  SWARM-A  4.569  52.460
2023-09-18T12:19:30Z  489.062  54.522  -117.535  8.32456E-16  SWARM-A  4.585  54.373
2023-09-18T12:20:00Z  489.454  56.425  -117.386  8.49328E-16  SWARM-A  4.603  56.286
2023-09-18T12:20:30Z  489.840  58.326  -117.208  8.66227E-16  SWARM-A  4.624  58.199
2023-09-18T12:21:00Z  490.216  60.225  -116.996  8.82842E-16  SWARM-A  4.646  60.112
2023-09-18T12:21:30Z  490.582  62.123  -116.743  8.99340E-16  SWARM-A  4.671  62.025
2023-09-18T12:22:00Z  490.934  64.020  -116.439  9.15540E-16  SWARM-A  4.700  63.939
2023-09-18T12:22:30Z  491.272  65.914  -116.073  9.31567E-16  SWARM-A  4.733  65.852
2023-09-18T12:23:00Z  491.592  67.806  -115.628  9.47547E-16  SWARM-A  4.771  67.765
2023-09-18T12:23:30Z  491.893  69.695  -115.083  9.63547E-16  SWARM-A  4.815  69.679
2023-09-18T12:24:00Z  492.174  71.580  -114.408  9.79319E-16  SWARM-A  4.869  71.592
2023-09-18T12:24:30Z  492.433  73.461  -113.557  9.94130E-16  SWARM-A  4.934  73.505
2023-09-18T12:25:00Z  492.668  75.336  -112.464  1.00928E-15  SWARM-A  5.015  75.419
2023-09-18T12:25:30Z  492.879  77.203  -111.023  1.02479E-15  SWARM-A  5.119  77.332
2023-09-18T12:26:00Z  493.063  79.057  -109.061  1.04069E-15  SWARM-A  5.259  79.246
2023-09-18T12:26:30Z  493.221  80.890  -106.265  1.05704E-15  SWARM-A  5.453  81.160
2023-09-18T12:27:00Z  493.351  82.689  -102.032  1.07378E-15  SWARM-A  5.744  83.073
2023-09-18T12:27:30Z  493.452  84.419  -95.049  1.09122E-15  SWARM-A  6.218  84.987
2023-09-18T12:28:00Z  493.524  85.991  -82.161  1.11013E-15  SWARM-A  7.085  86.900
2023-09-18T12:28:30Z  493.567  87.131  -56.340  1.12924E-15  SWARM-A  8.815  88.814
2023-09-18T12:29:00Z  493.580  87.240  -17.018  1.14931E-15  SWARM-A  11.445  90.727
2023-09-18T12:29:30Z  493.564  86.228  11.766  1.17055E-15  SWARM-A  13.372  92.641
2023-09-18T12:30:00Z  493.518  84.702  26.241  1.19210E-15  SWARM-A  14.345  94.554
2023-09-18T12:30:30Z  493.443  82.990  33.926  1.21391E-15  SWARM-A  14.866  96.468
2023-09-18T12:31:00Z  493.339  81.200  38.505  1.23607E-15  SWARM-A  15.180  98.381
2023-09-18T12:31:30Z  493.207  79.371  41.491  1.25767E-15  SWARM-A  15.387  100.295
2023-09-18T12:32:00Z  493.048  77.520  43.568  1.27912E-15  SWARM-A  15.534  102.208
2023-09-18T12:32:30Z  492.863  75.655  45.082  1.30123E-15  SWARM-A  15.643  104.122
2023-09-18T12:33:00Z  492.652  73.782  46.225  1.32411E-15  SWARM-A  15.728  106.035
2023-09-18T12:33:30Z  492.418  71.902  47.112  1.34784E-15  SWARM-A  15.795  107.949
2023-09-18T12:34:00Z  492.160  70.017  47.814  1.37246E-15  SWARM-A  15.850  109.862
2023-09-18T12:34:30Z  491.882  68.129  48.378  1.39790E-15  SWARM-A  15.896  111.775
2023-09-18T12:35:00Z  491.585  66.237  48.838  1.42392E-15  SWARM-A  15.935  113.688
2023-09-18T12:35:30Z  491.269  64.344  49.217  1.45001E-15  SWARM-A  15.969  115.601
2023-09-18T12:36:00Z  490.938  62.448  49.530  1.47529E-15  SWARM-A  15.998  117.515
2023-09-18T12:36:30Z  490.593  60.550  49.791  1.49912E-15  SWARM-A  16.024  119.428
2023-09-18T12:37:00Z  490.236  58.651  50.010  1.52143E-15  SWARM-A  16.047  121.341
2023-09-18T12:37:30Z  489.869  56.750  50.193  1.54214E-15  SWARM-A  16.067  123.253
2023-09-18T12:38:00Z  489.495  54.848  50.346  1.56127E-15  SWARM-A  16.086  125.166
2023-09-18T12:38:30Z  489.116  52.945  50.475  1.57900E-15  SWARM-A  16.103  127.079
2023-09-18T12:39:00Z  488.734  51.041  50.582  1.59550E-15  SWARM-A  16.118  128.992
2023-09-18T12:39:30Z  488.351  49.135  50.670  1.61083E-15  SWARM-A  16.132  130.904
2023-09-18T12:40:00Z  487.971  47.229  50.743  1.62526E-15  SWARM-A  16.146  132.817
2023-09-18T12:40:30Z  487.595  45.321  50.803  1.63886E-15  SWARM-A  16.158  134.729
2023-09-18T12:41:00Z  487.226  43.413  50.850  1.65176E-15  SWARM-A  16.169  136.641
2023-09-18T12:41:30Z  486.866  41.503  50.887  1.66404E-15  SWARM-A  16.180  138.553
2023-09-18T12:42:00Z  486.518  39.593  50.914  1.67581E-15  SWARM-A  16.190  140.466
2023-09-18T12:42:30Z  486.184  37.682  50.933  1.68717E-15  SWARM-A  16.200  142.377
2023-09-18T12:43:00Z  485.867  35.769  50.945  1.69827E-15  SWARM-A  16.209  144.289
2023-09-18T12:43:30Z  485.568  33.857  50.951  1.70920E-15  SWARM-A  16.218  146.201
2023-09-18T12:44:00Z  485.290  31.943  50.951  1.71995E-15  SWARM-A  16.226  148.113
2023-09-18T12:44:30Z  485.036  30.029  50.946  1.73062E-15  SWARM-A  16.234  150.024
2023-09-18T12:45:00Z  484.806  28.114  50.936  1.74117E-15  SWARM-A  16.242  151.935
2023-09-18T12:45:30Z  484.604  26.198  50.923  1.75167E-15  SWARM-A  16.249  153.847
2023-09-18T12:46:00Z  484.430  24.282  50.905  1.76206E-15  SWARM-A  16.256  155.758
2023-09-18T12:46:30Z  484.288  22.365  50.885  1.77227E-15  SWARM-A  16.263  157.668
2023-09-18T12:47:00Z  484.178  20.448  50.862  1.78228E-15  SWARM-A  16.270  159.579
2023-09-18T12:47:30Z  484.103  18.531  50.836  1.79203E-15  SWARM-A  16.277  161.490
2023-09-18T12:48:00Z  484.062  16.613  50.808  1.80140E-15  SWARM-A  16.283  163.400
2023-09-18T12:48:30Z  484.058  14.694  50.778  1.81025E-15  SWARM-A  16.290  165.311
2023-09-18T12:49:00Z  484.092  12.776  50.746  1.81850E-15  SWARM-A  16.296  167.221
2023-09-18T12:49:30Z  484.165  10.857  50.713  1.82601E-15  SWARM-A  16.302  169.131
2023-09-18T12:50:00Z  484.276  8.938  50.679  1.83265E-15  SWARM-A  16.308  171.040
2023-09-18T12:50:30Z  484.428  7.019  50.644  1.83826E-15  SWARM-A  16.314  172.950
2023-09-18T12:51:00Z  484.620  5.100  50.608  1.84278E-15  SWARM-A  16.320  174.860
2023-09-18T12:51:30Z  484.852  3.181  50.572  1.84600E-15  SWARM-A  16.326  176.769
2023-09-18T12:52:00Z  485.125  1.262  50.535  1.84784E-15  SWARM-A  16.332  178.678
2023-09-18T12:52:30Z  485.438  -0.657  50.498  1.84823E-15  SWARM-A  16.338  180.587
2023-09-18T12:53:00Z  485.791  -2.575  50.461  1.84709E-15  SWARM-A  16.343  182.496
2023-09-18T12:53:30Z  486.184  -4.494  50.425  1.84434E-15  SWARM-A  16.349  184.404
2023-09-18T12:54:00Z  486.616  -6.412  50.389  1.83992E-15  SWARM-A  16.355  186.313
2023-09-18T12:54:30Z  487.085  -8.330  50.353  1.83383E-15  SWARM-A  16.361  188.221
2023-09-18T12:55:00Z  487.591  -10.247  50.319  1.82606E-15  SWARM-A  16.367  190.129
2023-09-18T12:55:30Z  488.133  -12.164  50.285  1.81661E-15  SWARM-A  16.373  192.037
2023-09-18T12:56:00Z  488.709  -14.080  50.253  1.80547E-15  SWARM-A  16.380  193.944
2023-09-18T12:56:30Z  489.318  -15.995  50.223  1.79269E-15  SWARM-A  16.386  195.852
2023-09-18T12:57:00Z  489.958  -17.910  50.194  1.77831E-15  SWARM-A  16.392  197.759
2023-09-18T12:57:30Z  490.627  -19.825  50.167  1.76235E-15  SWARM-A  16.399  199.666
2023-09-18T12:58:00Z  491.323  -21.738  50.143  1.74485E-15  SWARM-A  16.406  201.573
2023-09-18T12:58:30Z  492.043  -23.651  50.121  1.72552E-15  SWARM-A  16.412  203.480
2023-09-18T12:59:00Z  492.787  -25.563  50.102  1.70480E-15  SWARM-A  16.420  205.387
2023-09-18T12:59:30Z  493.550  -27.474  50.087  1.68285E-15  SWARM-A  16.427  207.293
2023-09-18T13:00:00Z  494.332  -29.384  50.076  1.65976E-15  SWARM-A  16.434  209.199
2023-09-18T13:00:30Z  495.129  -31.293  50.069  1.63558E-15  SWARM-A  16.442  211.105
2023-09-18T13:01:00Z  495.938  -33.201  50.066  1.61040E-15  SWARM-A  16.450  213.011
2023-09-18T13:01:30Z  496.757  -35.108  50.070  1.58433E-15  SWARM-A  16.459  214.917
2023-09-18T13:02:00Z  497.583  -37.014  50.079  1.55750E-15  SWARM-A  16.468  216.822
2023-09-18T13:02:30Z  498.414  -38.919  50.095  1.53000E-15  SWARM-A  16.477  218.728
2023-09-18T13:03:00Z  499.245  -40.823  50.119  1.50193E-15  SWARM-A  16.487  220.633
2023-09-18T13:03:30Z  500.075  -42.726  50.152  1.47238E-15  SWARM-A  16.498  222.538
2023-09-18T13:04:00Z  500.901  -44.627  50.194  1.44182E-15  SWARM-A  16.509  224.443
2023-09-18T13:04:30Z  501.719  -46.528  50.248  1.41126E-15  SWARM-A  16.521  226.348
2023-09-18T13:05:00Z  502.527  -48.427  50.315  1.38094E-15  SWARM-A  16.534  228.252
2023-09-18T13:05:30Z  503.321  -50.325  50.397  1.35103E-15  SWARM-A  16.548  230.157
2023-09-18T13:06:00Z  504.100  -52.221  50.495  1.32178E-15  SWARM-A  16.562  232.061
2023-09-18T13:06:30Z  504.860  -54.116  50.614  1.29333E-15  SWARM-A  16.579  233.965
2023-09-18T13:07:00Z  505.598  -56.010  50.756  1.26567E-15  SWARM-A  16.596  235.869
2023-09-18T13:07:30Z  506.312  -57.903  50.925  1.24000E-15  SWARM-A  16.616  237.773
2023-09-18T13:08:00Z  506.999  -59.793  51.127  1.21526E-15  SWARM-A  16.638  239.677
2023-09-18T13:08:30Z  507.657  -61.682  51.368  1.19060E-15  SWARM-A  16.662  241.581
2023-09-18T13:09:00Z  508.283  -63.570  51.657  1.16573E-15  SWARM-A  16.690  243.484
2023-09-18T13:09:30Z  508.876  -65.455  52.004  1.14040E-15  SWARM-A  16.721  245.388
2023-09-18T13:10:00Z  509.432  -67.337  52.425  1.11450E-15  SWARM-A  16.758  247.291
2023-09-18T13:10:30Z  509.950  -69.217  52.938  1.08809E-15  SWARM-A  16.800  249.195
2023-09-18T13:11:00Z  510.428  -71.094  53.573  1.05962E-15  SWARM-A  16.851  251.098
2023-09-18T13:11:30Z  510.863  -72.966  54.367  1.03087E-15  SWARM-A  16.912  253.001
2023-09-18T13:12:00Z  511.256  -74.833  55.381  1.00230E-15  SWARM-A  16.988  254.904
2023-09-18T13:12:30Z  511.603  -76.692  56.704  9.74170E-16  SWARM-A  17.085  256.807
2023-09-18T13:13:00Z  511.904  -78.540  58.487  9.46641E-16  SWARM-A  17.212  258.710
2023-09-18T13:13:30Z  512.158  -80.370  60.987  9.19799E-16  SWARM-A  17.387  260.613
2023-09-18T13:14:00Z  512.364  -82.171  64.692  8.93443E-16  SWARM-A  17.642  262.516
2023-09-18T13:14:30Z  512.520  -83.917  70.621  8.67649E-16  SWARM-A  18.046  264.419
2023-09-18T13:15:00Z  512.627  -85.544  81.149  8.42328E-16  SWARM-A  18.756  266.322
2023-09-18T13:15:30Z  512.683  -86.859  101.968  8.17085E-16  SWARM-A  20.152  268.225
2023-09-18T13:16:00Z  512.690  -87.350  138.757  7.91937E-16  SWARM-A  22.613  270.128
2023-09-18T13:16:30Z  512.646  -86.634  172.728  7.67664E-16  SWARM-A  0.886  272.031
2023-09-18T13:17:00Z  512.552  -85.227  -169.246  7.44291E-16  SWARM-A  2.096  273.934
2023-09-18T13:17:30Z  512.408  -83.567  -159.975  7.21501E-16  SWARM-A  2.723  275.837
2023-09-18T13:18:00Z  512.214  -81.806  -154.631  6.99391E-16  SWARM-A  3.087  277.740
2023-09-18T13:18:30Z  511.972  -79.997  -151.230  6.78192E-16  SWARM-A  3.322  279.643
2023-09-18T13:19:00Z  511.682  -78.163  -148.906  6.58200E-16  SWARM-A  3.486  281.546
2023-09-18T13:19:30Z  511.345  -76.312  -147.234  6.39723E-16  SWARM-A  3.606  283.449
2023-09-18T13:20:00Z  510.963  -74.451  -145.983  6.23049E-16  SWARM-A  3.697  285.352
2023-09-18T13:20:30Z  510.536  -72.583  -145.021  6.07912E-16  SWARM-A  3.770  287.256
2023-09-18T13:21:00Z  510.067  -70.710  -144.263  5.94901E-16  SWARM-A  3.829  289.159
2023-09-18T13:21:30Z  509.557  -68.832  -143.656  5.84072E-16  SWARM-A  3.877  291.062
2023-09-18T13:22:00Z  509.008  -66.952  -143.163  5.75268E-16  SWARM-A  3.919  292.966
2023-09-18T13:22:30Z  508.421  -65.068  -142.759  5.68214E-16  SWARM-A  3.954  294.869
2023-09-18T13:23:00Z  507.799  -63.182  -142.425  5.62390E-16  SWARM-A  3.984  296.773
2023-09-18T13:23:30Z  507.144  -61.295  -142.147  5.57570E-16  SWARM-A  4.011  298.677
2023-09-18T13:24:00Z  506.458  -59.405  -141.914  5.53328E-16  SWARM-A  4.035  300.581
2023-09-18T13:24:30Z  505.744  -57.514  -141.719  5.49596E-16  SWARM-A  4.057  302.485
2023-09-18T13:25:00Z  505.005  -55.621  -141.556  5.46340E-16  SWARM-A  4.076  304.389
2023-09-18T13:25:30Z  504.242  -53.727  -141.419  5.43564E-16  SWARM-A  4.093  306.294
2023-09-18T13:26:00Z  503.459  -51.831  -141.305  5.41334E-16  SWARM-A  4.109  308.198
2023-09-18T13:26:30Z  502.659  -49.934  -141.210  5.39675E-16  SWARM-A  4.124  310.103
2023-09-18T13:27:00Z  501.843  -48.035  -141.131  5.38561E-16  SWARM-A  4.137  312.007
2023-09-18T13:27:30Z  501.016  -46.136  -141.067  5.37912E-16  SWARM-A  4.150  313.912
2023-09-18T13:28:00Z  500.180  -44.235  -141.016  5.37497E-16  SWARM-A  4.162  315.817
2023-09-18T13:28:30Z  499.338  -42.333  -140.976  5.37384E-16  SWARM-A  4.173  317.722
2023-09-18T13:29:00Z  498.492  -40.429  -140.945  5.37523E-16  SWARM-A  4.183  319.628
2023-09-18T13:29:30Z  497.646  -38.525  -140.922  5.37885E-16  SWARM-A  4.193  321.533
2023-09-18T13:30:00Z  496.803  -36.619  -140.908  5.38372E-16  SWARM-A  4.202  323.439
2023-09-18T13:30:30Z  495.966  -34.713  -140.900  5.38958E-16  SWARM-A  4.211  325.345
2023-09-18T13:31:00Z  495.137  -32.805  -140.898  5.39641E-16  SWARM-A  4.220  327.251
2023-09-18T13:31:30Z  494.319  -30.897  -140.901  5.40334E-16  SWARM-A  4.228  329.157
2023-09-18T13:32:00Z  493.515  -28.987  -140.909  5.41036E-16  SWARM-A  4.236  331.064
2023-09-18T13:32:30Z  492.728  -27.076  -140.921  5.41714E-16  SWARM-A  4.243  332.970
2023-09-18T13:33:00Z  491.960  -25.165  -140.937  5.42425E-16  SWARM-A  4.250  334.877
2023-09-18T13:33:30Z  491.213  -23.252  -140.956  5.43176E-16  SWARM-A  4.257  336.784
2023-09-18T13:34:00Z  490.490  -21.339  -140.979  5.43996E-16  SWARM-A  4.264  338.691
2023-09-18T13:34:30Z  489.794  -19.425  -141.004  5.44895E-16  SWARM-A  4.271  340.599
2023-09-18T13:35:00Z  489.125  -17.510  -141.031  5.45917E-16  SWARM-A  4.277  342.506
2023-09-18T13:35:30Z  488.487  -15.595  -141.060  5.47068E-16  SWARM-A  4.284  344.414
2023-09-18T13:36:00Z  487.881  -13.678  -141.091  5.48358E-16  SWARM-A  4.290  346.322
2023-09-18T13:36:30Z  487.309  -11.762  -141.123  5.49819E-16  SWARM-A  4.296  348.230
2023-09-18T13:37:00Z  486.772  -9.845  -141.157  5.51515E-16  SWARM-A  4.302  350.138
2023-09-18T13:37:30Z  486.272  -7.927  -141.192  5.53431E-16  SWARM-A  4.308  352.047
2023-09-18T13:38:00Z  485.810  -6.009  -141.227  5.55566E-16  SWARM-A  4.314  353.956
2023-09-18T13:38:30Z  485.386  -4.090  -141.264  5.57974E-16  SWARM-A  4.320  355.864
2023-09-18T13:39:00Z  485.002  -2.171  -141.300  5.60653E-16  SWARM-A  4.326  357.773
2023-09-18T13:39:30Z  484.658  -0.252  -141.337  5.63656E-16  SWARM-A  4.332  359.683
2023-09-18T13:40:00Z  484.356  1.667  -141.374  5.66981E-16  SWARM-A  4.338  1.592
2023-09-18T13:40:30Z  484.094  3.587  -141.411  5.70648E-16  SWARM-A  4.344  3.502
2023-09-18T13:41:00Z  483.873  5.506  -141.447  5.74754E-16  SWARM-A  4.350  5.411
2023-09-18T13:41:30Z  483.694  7.425  -141.483  5.79205E-16  SWARM-A  4.356  7.321
2023-09-18T13:42:00Z  483.555  9.345  -141.518  5.84111E-16  SWARM-A  4.362  9.231
2023-09-18T13:42:30Z  483.457  11.264  -141.551  5.89483E-16  SWARM-A  4.368  11.141
2023-09-18T13:43:00Z  483.399  13.183  -141.584  5.95333E-16  SWARM-A  4.374  13.052
2023-09-18T13:43:30Z  483.380  15.102  -141.615  6.01712E-16  SWARM-A  4.380  14.962
2023-09-18T13:44:00Z  483.399  17.021  -141.645  6.08697E-16  SWARM-A  4.387  16.873
2023-09-18T13:44:30Z  483.455  18.939  -141.673  6.16255E-16  SWARM-A  4.393  18.784
2023-09-18T13:45:00Z  483.547  20.857  -141.698  6.24448E-16  SWARM-A  4.400  20.695
2023-09-18T13:45:30Z  483.674  22.774  -141.721  6.33384E-16  SWARM-A  4.407  22.606
2023-09-18T13:46:00Z  483.833  24.691  -141.740  6.43081E-16  SWARM-A  4.414  24.517
2023-09-18T13:46:30Z  484.023  26.608  -141.757  6.53625E-16  SWARM-A  4.421  26.429
2023-09-18T13:47:00Z  484.243  28.523  -141.770  6.65084E-16  SWARM-A  4.428  28.340
2023-09-18T13:47:30Z  484.491  30.439  -141.779  6.77509E-16  SWARM-A  4.436  30.252
2023-09-18T13:48:00Z  484.764  32.353  -141.783  6.90894E-16  SWARM-A  4.444  32.164
2023-09-18T13:48:30Z  485.060  34.267  -141.782  7.05241E-16  SWARM-A  4.452  34.076
2023-09-18T13:49:00Z  485.377  36.180  -141.775  7.20629E-16  SWARM-A  4.461  35.988
2023-09-18T13:49:30Z  485.714  38.092  -141.761  7.37115E-16  SWARM-A  4.471  37.900
2023-09-18T13:50:00Z  486.067  40.003  -141.740  7.54536E-16  SWARM-A  4.480  39.812
2023-09-18T13:50:30Z  486.434  41.914  -141.711  7.72684E-16  SWARM-A  4.491  41.725
2023-09-18T13:51:00Z  486.813  43.823  -141.672  7.90741E-16  SWARM-A  4.501  43.637
2023-09-18T13:51:30Z  487.201  45.732  -141.622  8.09457E-16  SWARM-A  4.513  45.550
2023-09-18T13:52:00Z  487.596  47.640  -141.561  8.28748E-16  SWARM-A  4.526  47.462
2023-09-18T13:52:30Z  487.996  49.546  -141.484  8.48563E-16  SWARM-A  4.539  49.375
2023-09-18T13:53:00Z  488.397  51.452  -141.392  8.68950E-16  SWARM-A  4.553  51.288
2023-09-18T13:53:30Z  488.798  53.356  -141.281  8.90122E-16  SWARM-A  4.569  53.201
2023-09-18T13:54:00Z  489.196  55.259  -141.148  9.12170E-16  SWARM-A  4.586  55.114
2023-09-18T13:54:30Z  489.589  57.161  -140.988  9.35101E-16  SWARM-A  4.605  57.027
2023-09-18T13:55:00Z  489.974  59.062  -140.798  9.58784E-16  SWARM-A  4.626  58.940
2023-09-18T13:55:30Z  490.349  60.961  -140.572  9.82188E-16  SWARM-A  4.650  60.853
2023-09-18T13:56:00Z  490.713  62.858  -140.300  1.00580E-15  SWARM-A  4.676  62.766
2023-09-18T13:56:30Z  491.062  64.754  -139.974  1.02937E-15  SWARM-A  4.706  64.679
2023-09-18T13:57:00Z  491.395  66.647  -139.580  1.05254E-15  SWARM-A  4.741  66.593
2023-09-18T13:57:30Z  491.710  68.538  -139.100  1.07338E-15  SWARM-A  4.781  68.506
2023-09-18T13:58:00Z  492.005  70.426  -138.509  1.09314E-15  SWARM-A  4.829  70.419
2023-09-18T13:58:30Z  492.280  72.310  -137.773  1.11271E-15  SWARM-A  4.886  72.333
2023-09-18T13:59:00Z  492.531  74.189  -136.838  1.13212E-15  SWARM-A  4.957  74.246
2023-09-18T13:59:30Z  492.759  76.061  -135.627  1.15292E-15  SWARM-A  5.046  76.160
2023-09-18T14:00:00Z  492.961  77.923  -134.012  1.17538E-15  SWARM-A  5.162  78.073
2023-09-18T14:00:30Z  493.137  79.770  -131.777  1.19817E-15  SWARM-A  5.320  79.987
2023-09-18T14:01:00Z  493.285  81.593  -128.523  1.22132E-15  SWARM-A  5.545  81.900
2023-09-18T14:01:30Z  493.405  83.371  -123.447  1.24449E-15  SWARM-A  5.891  83.814
2023-09-18T14:02:00Z  493.497  85.056  -114.726  1.26499E-15  SWARM-A  6.481  85.727
2023-09-18T14:02:30Z  493.559  86.511  -97.888  1.28549E-15  SWARM-A  7.612  87.641
2023-09-18T14:03:00Z  493.592  87.331  -65.336  1.30607E-15  SWARM-A  9.791  89.554
2023-09-18T14:03:30Z  493.595  86.949  -27.342  1.32787E-15  SWARM-A  12.332  91.468
2023-09-18T14:04:00Z  493.568  85.674  -5.067  1.34950E-15  SWARM-A  13.825  93.382
2023-09-18T14:04:30Z  493.512  84.054  6.098  1.37042E-15  SWARM-A  14.578  95.295
2023-09-18T14:05:00Z  493.427  82.304  12.305  1.39112E-15  SWARM-A  15.000  97.209
2023-09-18T14:05:30Z  493.313  80.496  16.148  1.41169E-15  SWARM-A  15.265  99.122
2023-09-18T14:06:00Z  493.172  78.657  18.724  1.43222E-15  SWARM-A  15.445  101.036
2023-09-18T14:06:30Z  493.003  76.800  20.551  1.45283E-15  SWARM-A  15.575  102.949
2023-09-18T14:07:00Z  492.808  74.931  21.904  1.47361E-15  SWARM-A  15.673  104.862
2023-09-18T14:07:30Z  492.589  73.055  22.936  1.49448E-15  SWARM-A  15.750  106.776
2023-09-18T14:08:00Z  492.346  71.173  23.743  1.51549E-15  SWARM-A  15.813  108.689
2023-09-18T14:08:30Z  492.080  69.287  24.387  1.53665E-15  SWARM-A  15.864  110.602
2023-09-18T14:09:00Z  491.795  67.397  24.907  1.55804E-15  SWARM-A  15.907  112.516
2023-09-18T14:09:30Z  491.490  65.505  25.333  1.57868E-15  SWARM-A  15.944  114.429
2023-09-18T14:10:00Z  491.168  63.610  25.684  1.59839E-15  SWARM-A  15.975  116.342
2023-09-18T14:10:30Z  490.831  61.714  25.976  1.61737E-15  SWARM-A  16.003  118.255
2023-09-18T14:11:00Z  490.481  59.816  26.219  1.63507E-15  SWARM-A  16.028  120.168
2023-09-18T14:11:30Z  490.120  57.916  26.423  1.65096E-15  SWARM-A  16.050  122.081
2023-09-18T14:12:00Z  489.750  56.015  26.594  1.66493E-15  SWARM-A  16.069  123.994
2023-09-18T14:12:30Z  489.374  54.112  26.737  1.67701E-15  SWARM-A  16.087  125.906
2023-09-18T14:13:00Z  488.993  52.208  26.856  1.68742E-15  SWARM-A  16.103  127.819
2023-09-18T14:13:30Z  488.610  50.304  26.956  1.69623E-15  SWARM-A  16.118  129.732
2023-09-18T14:14:00Z  488.227  48.398  27.038  1.70372E-15  SWARM-A  16.132  131.644
2023-09-18T14:14:30Z  487.848  46.491  27.105  1.71022E-15  SWARM-A  16.145  133.557
2023-09-18T14:15:00Z  487.473  44.583  27.159  1.71591E-15  SWARM-A  16.157  135.469
2023-09-18T14:15:30Z  487.106  42.674  27.202  1.72097E-15  SWARM-A  16.168  137.381
2023-09-18T14:16:00Z  486.750  40.764  27.235  1.72553E-15  SWARM-A  16.179  139.293
2023-09-18T14:16:30Z  486.405  38.853  27.259  1.72974E-15  SWARM-A  16.189  141.205
2023-09-18T14:17:00Z  486.076  36.942  27.276  1.73378E-15  SWARM-A  16.198  143.117
2023-09-18T14:17:30Z  485.764  35.029  27.285  1.73783E-15  SWARM-A  16.207  145.029
2023-09-18T14:18:00Z  485.471  33.116  27.288  1.74197E-15  SWARM-A  16.216  146.941
2023-09-18T14:18:30Z  485.200  31.202  27.286  1.74630E-15  SWARM-A  16.224  148.852
2023-09-18T14:19:00Z  484.954  29.288  27.279  1.75085E-15  SWARM-A  16.232  150.764
2023-09-18T14:19:30Z  484.733  27.373  27.268  1.75568E-15  SWARM-A  16.239  152.675
2023-09-18T14:20:00Z  484.539  25.457  27.253  1.76071E-15  SWARM-A  16.247  154.586
2023-09-18T14:20:30Z  484.376  23.540  27.234  1.76601E-15  SWARM-A  16.254  156.497
2023-09-18T14:21:00Z  484.244  21.624  27.212  1.77150E-15  SWARM-A  16.261  158.408
2023-09-18T14:21:30Z  484.145  19.706  27.188  1.77718E-15  SWARM-A  16.267  160.318
2023-09-18T14:22:00Z  484.081  17.789  27.161  1.78293E-15  SWARM-A  16.274  162.229
2023-09-18T14:22:30Z  484.052  15.870  27.132  1.78868E-15  SWARM-A  16.280  164.139
2023-09-18T14:23:00Z  484.061  13.952  27.102  1.79429E-15  SWARM-A  16.287  166.050
2023-09-18T14:23:30Z  484.107  12.033  27.070  1.79958E-15  SWARM-A  16.293  167.960
2023-09-18T14:24:00Z  484.192  10.114  27.036  1.80451E-15  SWARM-A  16.299  169.870
2023-09-18T14:24:30Z  484.317  8.195  27.001  1.80894E-15  SWARM-A  16.305  171.779
2023-09-18T14:25:00Z  484.481  6.276  26.966  1.81268E-15  SWARM-A  16.311  173.689
2023-09-18T14:25:30Z  484.686  4.357  26.930  1.81565E-15  SWARM-A  16.317  175.598
2023-09-18T14:26:00Z  484.931  2.438  26.893  1.81761E-15  SWARM-A  16.323  177.508
2023-09-18T14:26:30Z  485.217  0.519  26.856  1.81839E-15  SWARM-A  16.328  179.417
2023-09-18T14:27:00Z  485.543  -1.399  26.820  1.81809E-15  SWARM-A  16.334  181.326
2023-09-18T14:27:30Z  485.909  -3.318  26.783  1.81657E-15  SWARM-A  16.340  183.234
2023-09-18T14:28:00Z  486.315  -5.236  26.746  1.81386E-15  SWARM-A  16.346  185.143
2023-09-18T14:28:30Z  486.758  -7.154  26.710  1.80983E-15  SWARM-A  16.352  187.051
2023-09-18T14:29:00Z  487.239  -9.072  26.675  1.80448E-15  SWARM-A  16.358  188.959
2023-09-18T14:29:30Z  487.757  -10.989  26.641  1.79783E-15  SWARM-A  16.364  190.867
2023-09-18T14:30:00Z  488.310  -12.905  26.608  1.78989E-15  SWARM-A  16.370  192.775
2023-09-18T14:30:30Z  488.896  -14.821  26.576  1.78064E-15  SWARM-A  16.377  194.683
2023-09-18T14:31:00Z  489.514  -16.737  26.546  1.76897E-15  SWARM-A  16.383  196.590
2023-09-18T14:31:30Z  490.163  -18.651  26.518  1.75561E-15  SWARM-A  16.389  198.498
2023-09-18T14:32:00Z  490.840  -20.566  26.492  1.74105E-15  SWARM-A  16.396  200.405
2023-09-18T14:32:30Z  491.543  -22.479  26.469  1.72519E-15  SWARM-A  16.403  202.312
2023-09-18T14:33:00Z  492.270  -24.391  26.448  1.70815E-15  SWARM-A  16.410  204.218
2023-09-18T14:33:30Z  493.019  -26.303  26.431  1.69000E-15  SWARM-A  16.417  206.125
2023-09-18T14:34:00Z  493.787  -28.213  26.417  1.67079E-15  SWARM-A  16.424  208.031
2023-09-18T14:34:30Z  494.573  -30.123  26.407  1.65070E-15  SWARM-A  16.432  209.937
2023-09-18T14:35:00Z  495.372  -32.032  26.402  1.62968E-15  SWARM-A  16.440  211.843
2023-09-18T14:35:30Z  496.183  -33.940  26.401  1.60785E-15  SWARM-A  16.448  213.749
2023-09-18T14:36:00Z  497.003  -35.847  26.407  1.58525E-15  SWARM-A  16.457  215.655
2023-09-18T14:36:30Z  497.828  -37.752  26.419  1.56199E-15  SWARM-A  16.466  217.560
2023-09-18T14:37:00Z  498.657  -39.657  26.438  1.53762E-15  SWARM-A  16.476  219.466
2023-09-18T14:37:30Z  499.487  -41.560  26.465  1.51234E-15  SWARM-A  16.486  221.371
2023-09-18T14:38:00Z  500.313  -43.463  26.501  1.48675E-15  SWARM-A  16.497  223.276
2023-09-18T14:38:30Z  501.134  -45.364  26.548  1.46103E-15  SWARM-A  16.508  225.181
2023-09-18T14:39:00Z  501.947  -47.264  26.606  1.43529E-15  SWARM-A  16.520  227.086
2023-09-18T14:39:30Z  502.749  -49.162  26.678  1.40741E-15  SWARM-A  16.533  228.990
2023-09-18T14:40:00Z  503.536  -51.060  26.766  1.37864E-15  SWARM-A  16.548  230.895
2023-09-18T14:40:30Z  504.306  -52.956  26.872  1.35042E-15  SWARM-A  16.563  232.799
2023-09-18T14:41:00Z  505.057  -54.851  26.999  1.32287E-15  SWARM-A  16.580  234.703
2023-09-18T14:41:30Z  505.785  -56.744  27.151  1.29656E-15  SWARM-A  16.598  236.607
2023-09-18T14:42:00Z  506.488  -58.636  27.332  1.27392E-15  SWARM-A  16.619  238.511
2023-09-18T14:42:30Z  507.163  -60.526  27.548  1.25228E-15  SWARM-A  16.641  240.415
2023-09-18T14:43:00Z  507.809  -62.414  27.807  1.23166E-15  SWARM-A  16.667  242.319
2023-09-18T14:43:30Z  508.421  -64.301  28.116  1.21196E-15  SWARM-A  16.696  244.222
2023-09-18T14:44:00Z  508.999  -66.185  28.490  1.19019E-15  SWARM-A  16.729  246.126
2023-09-18T14:44:30Z  509.541  -68.067  28.944  1.16822E-15  SWARM-A  16.768  248.029
2023-09-18T14:45:00Z  510.043  -69.946  29.500  1.14650E-15  SWARM-A  16.813  249.933
2023-09-18T14:45:30Z  510.505  -71.821  30.190  1.12471E-15  SWARM-A  16.867  251.836
2023-09-18T14:46:00Z  510.924  -73.691  31.061  1.10239E-15  SWARM-A  16.934  253.739
2023-09-18T14:46:30Z  511.299  -75.555  32.181  1.07967E-15  SWARM-A  17.017  255.642
2023-09-18T14:47:00Z  511.629  -77.410  33.660  1.05676E-15  SWARM-A  17.124  257.545
2023-09-18T14:47:30Z  511.912  -79.252  35.680  1.03374E-15  SWARM-A  17.267  259.448
2023-09-18T14:48:00Z  512.148  -81.074  38.569  1.01086E-15  SWARM-A  17.468  261.351
2023-09-18T14:48:30Z  512.335  -82.858  42.967  9.88280E-16  SWARM-A  17.769  263.254
2023-09-18T14:49:00Z  512.473  -84.569  50.270  9.66292E-16  SWARM-A  18.264  265.157
2023-09-18T14:49:30Z  512.561  -86.111  63.853  9.44814E-16  SWARM-A  19.178  267.060
2023-09-18T14:50:00Z  512.598  -87.188  90.929  9.23467E-16  SWARM-A  20.992  268.963
2023-09-18T14:50:30Z  512.586  -87.200  130.205  9.02533E-16  SWARM-A  23.619  270.866
2023-09-18T14:51:00Z  512.523  -86.138  157.618  8.85521E-16  SWARM-A  1.454  272.769
2023-09-18T14:51:30Z  512.411  -84.601  171.381  8.70030E-16  SWARM-A  2.380  274.672
2023-09-18T14:52:00Z  512.248  -82.892  178.764  8.54750E-16  SWARM-A  2.881  276.575
2023-09-18T14:52:30Z  512.037  -81.109  -176.798  8.39486E-16  SWARM-A  3.185  278.478
2023-09-18T14:53:00Z  511.777  -79.288  -173.887  8.24164E-16  SWARM-A  3.387  280.382
2023-09-18T14:53:30Z  511.470  -77.446  -171.854  8.08705E-16  SWARM-A  3.531  282.285
2023-09-18T14:54:00Z  511.117  -75.591  -170.366  7.93201E-16  SWARM-A  3.639  284.188
2023-09-18T14:54:30Z  510.719  -73.727  -169.241  7.77887E-16  SWARM-A  3.722  286.091
2023-09-18T14:55:00Z  510.277  -71.857  -168.366  7.63035E-16  SWARM-A  3.789  287.994
2023-09-18T14:55:30Z  509.793  -69.981  -167.673  7.48919E-16  SWARM-A  3.843  289.898
2023-09-18T14:56:00Z  509.269  -68.103  -167.114  7.35794E-16  SWARM-A  3.889  291.801
2023-09-18T14:56:30Z  508.707  -66.221  -166.659  7.23975E-16  SWARM-A  3.928  293.705
2023-09-18T14:57:00Z  508.108  -64.336  -166.284  7.13619E-16  SWARM-A  3.961  295.609
2023-09-18T14:57:30Z  507.475  -62.450  -165.973  7.04615E-16  SWARM-A  3.990  297.512
2023-09-18T14:58:00Z  506.810  -60.561  -165.714  6.96725E-16  SWARM-A  4.016  299.416
2023-09-18T14:58:30Z  506.115  -58.671  -165.497  6.89674E-16  SWARM-A  4.038  301.320
2023-09-18T14:59:00Z  505.393  -56.779  -165.315  6.83154E-16  SWARM-A  4.059  303.224
2023-09-18T14:59:30Z  504.646  -54.885  -165.163  6.76737E-16  SWARM-A  4.077  305.129
2023-09-18T15:00:00Z  503.878  -52.990  -165.035  6.69027E-16  SWARM-A  4.094  307.033
2023-09-18T15:00:30Z  503.090  -51.094  -164.929  6.62247E-16  SWARM-A  4.110  308.938
2023-09-18T15:01:00Z  502.286  -49.197  -164.841  6.55170E-16  SWARM-A  4.124  310.842
2023-09-18T15:01:30Z  501.468  -47.298  -164.768  6.48007E-16  SWARM-A  4.137  312.747
2023-09-18T15:02:00Z  500.640  -45.397  -164.709  6.40892E-16  SWARM-A  4.149  314.652
2023-09-18T15:02:30Z  499.804  -43.496  -164.663  6.34016E-16  SWARM-A  4.161  316.557
2023-09-18T15:03:00Z  498.962  -41.593  -164.626  6.27414E-16  SWARM-A  4.171  318.463
2023-09-18T15:03:30Z  498.119  -39.690  -164.599  6.21083E-16  SWARM-A  4.182  320.368
2023-09-18T15:04:00Z  497.277  -37.785  -164.580  6.14957E-16  SWARM-A  4.191  322.274
2023-09-18T15:04:30Z  496.438  -35.879  -164.568  6.09152E-16  SWARM-A  4.200  324.180
2023-09-18T15:05:00Z  495.606  -33.972  -164.562  6.03654E-16  SWARM-A  4.209  326.086
2023-09-18T15:05:30Z  494.784  -32.064  -164.562  5.98511E-16  SWARM-A  4.217  327.992
2023-09-18T15:06:00Z  493.974  -30.155  -164.568  5.93708E-16  SWARM-A  4.225  329.898
2023-09-18T15:06:30Z  493.179  -28.245  -164.577  5.89270E-16  SWARM-A  4.233  331.805
2023-09-18T15:07:00Z  492.401  -26.333  -164.591  5.85212E-16  SWARM-A  4.240  333.711
2023-09-18T15:07:30Z  491.643  -24.422  -164.608  5.81558E-16  SWARM-A  4.248  335.618
2023-09-18T15:08:00Z  490.908  -22.509  -164.629  5.78328E-16  SWARM-A  4.255  337.525
2023-09-18T15:08:30Z  490.198  -20.595  -164.652  5.75535E-16  SWARM-A  4.261  339.433
2023-09-18T15:09:00Z  489.514  -18.681  -164.678  5.73207E-16  SWARM-A  4.268  341.340
2023-09-18T15:09:30Z  488.860  -16.766  -164.706  5.71366E-16  SWARM-A  4.274  343.248
2023-09-18T15:10:00Z  488.237  -14.850  -164.736  5.69983E-16  SWARM-A  4.281  345.155
2023-09-18T15:10:30Z  487.646  -12.934  -164.768  5.69097E-16  SWARM-A  4.287  347.063
2023-09-18T15:11:00Z  487.090  -11.017  -164.801  5.68678E-16  SWARM-A  4.293  348.972
2023-09-18T15:11:30Z  486.569  -9.099  -164.835  5.68536E-16  SWARM-A  4.299  350.880
2023-09-18T15:12:00Z  486.086  -7.181  -164.870  5.68802E-16  SWARM-A  4.305  352.789
2023-09-18T15:12:30Z  485.640  -5.263  -164.906  5.69520E-16  SWARM-A  4.311  354.697
2023-09-18T15:13:00Z  485.234  -3.344  -164.943  5.70722E-16  SWARM-A  4.317  356.606
2023-09-18T15:13:30Z  484.868  -1.425  -164.979  5.72328E-16  SWARM-A  4.323  358.515
2023-09-18T15:14:00Z  484.543  0.494  -165.016  5.74365E-16  SWARM-A  4.329  0.425
2023-09-18T15:14:30Z  484.258  2.413  -165.053  5.76817E-16  SWARM-A  4.335  2.334
2023-09-18T15:15:00Z  484.014  4.333  -165.090  5.79655E-16  SWARM-A  4.341  4.244
2023-09-18T15:15:30Z  483.812  6.252  -165.126  5.82862E-16  SWARM-A  4.347  6.153
2023-09-18T15:16:00Z  483.650  8.171  -165.161  5.86422E-16  SWARM-A  4.353  8.063
2023-09-18T15:16:30Z  483.530  10.091  -165.196  5.90313E-16  SWARM-A  4.359  9.974
2023-09-18T15:17:00Z  483.449  12.010  -165.230  5.94559E-16  SWARM-A  4.365  11.884
2023-09-18T15:17:30Z  483.408  13.929  -165.262  5.99180E-16  SWARM-A  4.371  13.794
2023-09-18T15:18:00Z  483.406  15.848  -165.292  6.04109E-16  SWARM-A  4.377  15.705
2023-09-18T15:18:30Z  483.442  17.766  -165.321  6.09188E-16  SWARM-A  4.384  17.616
2023-09-18T15:19:00Z  483.513  19.684  -165.348  6.14643E-16  SWARM-A  4.390  19.527
2023-09-18T15:19:30Z  483.621  21.602  -165.373  6.20506E-16  SWARM-A  4.397  21.438
2023-09-18T15:20:00Z  483.761  23.519  -165.394  6.26778E-16  SWARM-A  4.404  23.349
2023-09-18T15:20:30Z  483.934  25.436  -165.413  6.33533E-16  SWARM-A  4.411  25.260
2023-09-18T15:21:00Z  484.138  27.352  -165.428  6.40717E-16  SWARM-A  4.418  27.172
2023-09-18T15:21:30Z  484.370  29.268  -165.440  6.48391E-16  SWARM-A  4.426  29.083
2023-09-18T15:22:00Z  484.628  31.183  -165.447  6.56534E-16  SWARM-A  4.434  30.995
2023-09-18T15:22:30Z  484.911  33.097  -165.449  6.65244E-16  SWARM-A  4.442  32.907
2023-09-18T15:23:00Z  485.217  35.010  -165.446  6.74557E-16  SWARM-A  4.450  34.819
2023-09-18T15:23:30Z  485.542  36.923  -165.436  6.84545E-16  SWARM-A  4.459  36.731
2023-09-18T15:24:00Z  485.886  38.835  -165.420  6.95104E-16  SWARM-A  4.469  38.643
2023-09-18T15:24:30Z  486.245  40.746  -165.396  7.06285E-16  SWARM-A  4.479  40.555
2023-09-18T15:25:00Z  486.618  42.656  -165.363  7.18154E-16  SWARM-A  4.489  42.467
2023-09-18T15:25:30Z  487.001  44.565  -165.321  7.30687E-16  SWARM-A  4.500  44.380
2023-09-18T15:26:00Z  487.393  46.473  -165.266  7.43852E-16  SWARM-A  4.512  46.293
2023-09-18T15:26:30Z  487.790  48.380  -165.199  7.57566E-16  SWARM-A  4.525  48.205
2023-09-18T15:27:00Z  488.190  50.287  -165.117  7.71743E-16  SWARM-A  4.539  50.118
2023-09-18T15:27:30Z  488.592  52.192  -165.018  7.86269E-16  SWARM-A  4.554  52.031
2023-09-18T15:28:00Z  488.991  54.096  -164.899  8.01153E-16  SWARM-A  4.570  53.944
2023-09-18T15:28:30Z  489.387  55.998  -164.756  8.16512E-16  SWARM-A  4.588  55.857
2023-09-18T15:29:00Z  489.777  57.900  -164.586  8.32661E-16  SWARM-A  4.608  57.770
2023-09-18T15:29:30Z  490.158  59.800  -164.382  8.50048E-16  SWARM-A  4.630  59.683
2023-09-18T15:30:00Z  490.528  61.698  -164.139  8.68517E-16  SWARM-A  4.654  61.596
2023-09-18T15:30:30Z  490.885  63.595  -163.848  8.87727E-16  SWARM-A  4.682  63.509
2023-09-18T15:31:00Z  491.228  65.489  -163.498  9.07728E-16  SWARM-A  4.713  65.422
2023-09-18T15:31:30Z  491.553  67.382  -163.073  9.28290E-16  SWARM-A  4.750  67.336
2023-09-18T15:32:00Z  491.860  69.272  -162.554  9.49283E-16  SWARM-A  4.793  69.249
2023-09-18T15:32:30Z  492.147  71.158  -161.912  9.70670E-16  SWARM-A  4.844  71.162
2023-09-18T15:33:00Z  492.412  73.040  -161.106  9.92386E-16  SWARM-A  4.906  73.076
2023-09-18T15:33:30Z  492.653  74.917  -160.076  1.01459E-15  SWARM-A  4.983  74.989
2023-09-18T15:34:00Z  492.870  76.785  -158.727  1.03735E-15  SWARM-A  5.082  76.903
2023-09-18T15:34:30Z  493.061  78.643  -156.905  1.06085E-15  SWARM-A  5.211  78.816
2023-09-18T15:35:00Z  493.226  80.482  -154.338  1.08525E-15  SWARM-A  5.391  80.730
2023-09-18T15:35:30Z  493.362  82.291  -150.509  1.11070E-15  SWARM-A  5.654  82.643
2023-09-18T15:36:00Z  493.470  84.041  -144.330  1.13717E-15  SWARM-A  6.075  84.557
2023-09-18T15:36:30Z  493.549  85.663  -133.223  1.16452E-15  SWARM-A  6.823  86.470
2023-09-18T15:37:00Z  493.599  86.943  -111.068  1.19270E-15  SWARM-A  8.309  88.384
2023-09-18T15:37:30Z  493.618  87.334  -73.135  1.22220E-15  SWARM-A  10.846  90.297
2023-09-18T15:38:00Z  493.609  86.522  -40.443  1.25364E-15  SWARM-A  13.034  92.211
2023-09-18T15:38:30Z  493.569  85.069  -23.513  1.28598E-15  SWARM-A  14.171  94.124
2023-09-18T15:39:00Z  493.500  83.385  -14.753  1.31885E-15  SWARM-A  14.763  96.038
2023-09-18T15:39:30Z  493.402  81.607  -9.659  1.35230E-15  SWARM-A  15.111  97.951
2023-09-18T15:40:00Z  493.276  79.785  -6.397  1.38634E-15  SWARM-A  15.337  99.865
2023-09-18T15:40:30Z  493.122  77.938  -4.156  1.42091E-15  SWARM-A  15.495  101.778
2023-09-18T15:41:00Z  492.942  76.076  -2.538  1.45594E-15  SWARM-A  15.611  103.692
2023-09-18T15:41:30Z  492.736  74.204  -1.325  1.49129E-15  SWARM-A  15.700  105.605
2023-09-18T15:42:00Z  492.505  72.325  -0.389  1.52681E-15  SWARM-A  15.771  107.518
2023-09-18T15:42:30Z  492.251  70.441  0.348  1.56217E-15  SWARM-A  15.828  109.432
2023-09-18T15:43:00Z  491.975  68.554  0.940  1.59718E-15  SWARM-A  15.876  111.345
2023-09-18T15:43:30Z  491.680  66.663  1.420  1.63145E-15  SWARM-A  15.916  113.258
2023-09-18T15:44:00Z  491.366  64.770  1.814  1.66476E-15  SWARM-A  15.951  115.171
2023-09-18T15:44:30Z  491.036  62.874  2.141  1.69692E-15  SWARM-A  15.981  117.084
2023-09-18T15:45:00Z  490.691  60.977  2.412  1.72774E-15  SWARM-A  16.008  118.997
2023-09-18T15:45:30Z  490.334  59.078  2.639  1.75702E-15  SWARM-A  16.031  120.910
2023-09-18T15:46:00Z  489.966  57.178  2.829  1.78442E-15  SWARM-A  16.052  122.823
2023-09-18T15:46:30Z  489.591  55.276  2.989  1.80948E-15  SWARM-A  16.071  124.736
2023-09-18T15:47:00Z  489.209  53.373  3.122  1.83202E-15  SWARM-A  16.088  126.649
2023-09-18T15:47:30Z  488.825  51.469  3.233  1.85193E-15  SWARM-A  16.104  128.562
2023-09-18T15:48:00Z  488.439  49.564  3.326  1.86921E-15  SWARM-A  16.118  130.474
2023-09-18T15:48:30Z  488.054  47.657  3.402  1.88408E-15  SWARM-A  16.132  132.387
2023-09-18T15:49:00Z  487.673  45.750  3.464  1.89674E-15  SWARM-A  16.144  134.299
2023-09-18T15:49:30Z  487.299  43.842  3.513  1.90737E-15  SWARM-A  16.156  136.211
2023-09-18T15:50:00Z  486.933  41.932  3.552  1.91617E-15  SWARM-A  16.167  138.123
2023-09-18T15:50:30Z  486.578  40.022  3.581  1.92342E-15  SWARM-A  16.177  140.036
2023-09-18T15:51:00Z  486.236  38.111  3.602  1.92928E-15  SWARM-A  16.187  141.948
2023-09-18T15:51:30Z  485.911  36.199  3.616  1.93388E-15  SWARM-A  16.196  143.859
2023-09-18T15:52:00Z  485.603  34.287  3.623  1.93750E-15  SWARM-A  16.205  145.771
2023-09-18T15:52:30Z  485.316  32.373  3.624  1.94026E-15  SWARM-A  16.213  147.683
2023-09-18T15:53:00Z  485.052  30.459  3.620  1.94233E-15  SWARM-A  16.221  149.594
2023-09-18T15:53:30Z  484.812  28.544  3.611  1.94374E-15  SWARM-A  16.229  151.506
2023-09-18T15:54:00Z  484.599  26.629  3.598  1.94470E-15  SWARM-A  16.237  153.417
2023-09-18T15:54:30Z  484.415  24.713  3.581  1.94571E-15  SWARM-A  16.244  155.328
2023-09-18T15:55:00Z  484.261  22.796  3.561  1.94672E-15  SWARM-A  16.251  157.239
2023-09-18T15:55:30Z  484.139  20.879  3.539  1.94737E-15  SWARM-A  16.258  159.150
2023-09-18T15:56:00Z  484.051  18.961  3.513  1.94750E-15  SWARM-A  16.264  161.061
2023-09-18T15:56:30Z  483.998  17.043  3.486  1.94712E-15  SWARM-A  16.271  162.971
2023-09-18T15:57:00Z  483.981  15.125  3.456  1.94616E-15  SWARM-A  16.277  164.881
2023-09-18T15:57:30Z  484.002  13.207  3.425  1.94448E-15  SWARM-A  16.283  166.792
2023-09-18T15:58:00Z  484.061  11.288  3.392  1.94201E-15  SWARM-A  16.290  168.702
2023-09-18T15:58:30Z  484.159  9.369  3.358  1.93863E-15  SWARM-A  16.296  170.612
2023-09-18T15:59:00Z  484.297  7.450  3.323  1.93426E-15  SWARM-A  16.302  172.521
2023-09-18T15:59:30Z  484.475  5.531  3.287  1.92882E-15  SWARM-A  16.308  174.431
2023-09-18T16:00:00Z  484.694  3.612  3.251  1.92227E-15  SWARM-A  16.314  176.340
2023-09-18T16:00:30Z  484.953  1.692  3.214  1.91449E-15  SWARM-A  16.319  178.250
2023-09-18T16:01:00Z  485.252  -0.226  3.177  1.90554E-15  SWARM-A  16.325  180.159
2023-09-18T16:01:30Z  485.592  -2.145  3.140  1.89535E-15  SWARM-A  16.331  182.068
2023-09-18T16:02:00Z  485.971  -4.064  3.104  1.88395E-15  SWARM-A  16.337  183.976
2023-09-18T16:02:30Z  486.389  -5.982  3.067  1.87128E-15  SWARM-A  16.343  185.885
2023-09-18T16:03:00Z  486.845  -7.900  3.032  1.85739E-15  SWARM-A  16.349  187.793
2023-09-18T16:03:30Z  487.339  -9.817  2.997  1.84218E-15  SWARM-A  16.355  189.701
2023-09-18T16:04:00Z  487.868  -11.734  2.963  1.82587E-15  SWARM-A  16.361  191.609
2023-09-18T16:04:30Z  488.432  -13.651  2.930  1.80835E-15  SWARM-A  16.367  193.517
2023-09-18T16:05:00Z  489.029  -15.566  2.899  1.78980E-15  SWARM-A  16.373  195.425
2023-09-18T16:05:30Z  489.658  -17.482  2.870  1.77023E-15  SWARM-A  16.380  197.332
2023-09-18T16:06:00Z  490.316  -19.396  2.843  1.74967E-15  SWARM-A  16.386  199.239
2023-09-18T16:06:30Z  491.002  -21.310  2.818  1.72821E-15  SWARM-A  16.393  201.146
2023-09-18T16:07:00Z  491.714  -23.223  2.795  1.70592E-15  SWARM-A  16.400  203.053
2023-09-18T16:07:30Z  492.448  -25.135  2.776  1.68285E-15  SWARM-A  16.407  204.960
2023-09-18T16:08:00Z  493.204  -27.046  2.760  1.65908E-15  SWARM-A  16.414  206.867
2023-09-18T16:08:30Z  493.978  -28.957  2.747  1.63467E-15  SWARM-A  16.422  208.773
2023-09-18T16:09:00Z  494.768  -30.866  2.739  1.60969E-15  SWARM-A  16.429  210.679
2023-09-18T16:09:30Z  495.572  -32.775  2.736  1.58425E-15  SWARM-A  16.438  212.585
2023-09-18T16:10:00Z  496.386  -34.682  2.737  1.55840E-15  SWARM-A  16.446  214.491
2023-09-18T16:10:30Z  497.208  -36.589  2.745  1.53228E-15  SWARM-A  16.455  216.397
2023-09-18T16:11:00Z  498.035  -38.494  2.760  1.50595E-15  SWARM-A  16.464  218.302
2023-09-18T16:11:30Z  498.865  -40.398  2.782  1.47957E-15  SWARM-A  16.474  220.207
2023-09-18T16:12:00Z  499.694  -42.301  2.812  1.45324E-15  SWARM-A  16.484  222.113
2023-09-18T16:12:30Z  500.519  -44.203  2.852  1.42712E-15  SWARM-A  16.495  224.018
2023-09-18T16:13:00Z  501.338  -46.104  2.903  1.40129E-15  SWARM-A  16.507  225.922
2023-09-18T16:13:30Z  502.147  -48.003  2.967  1.37590E-15  SWARM-A  16.520  227.827
2023-09-18T16:14:00Z  502.944  -49.902  3.045  1.35110E-15  SWARM-A  16.533  229.732
2023-09-18T16:14:30Z  503.726  -51.799  3.139  1.32697E-15  SWARM-A  16.548  231.636
2023-09-18T16:15:00Z  504.490  -53.694  3.253  1.30372E-15  SWARM-A  16.564  233.541
2023-09-18T16:15:30Z  505.234  -55.588  3.389  1.28148E-15  SWARM-A  16.581  235.445
2023-09-18T16:16:00Z  505.954  -57.481  3.552  1.26032E-15  SWARM-A  16.600  237.349
2023-09-18T16:16:30Z  506.648  -59.372  3.746  1.24036E-15  SWARM-A  16.622  239.253
2023-09-18T16:17:00Z  507.313  -61.262  3.977  1.22175E-15  SWARM-A  16.645  241.157
2023-09-18T16:17:30Z  507.948  -63.150  4.254  1.20457E-15  SWARM-A  16.672  243.060
2023-09-18T16:18:00Z  508.549  -65.035  4.587  1.18879E-15  SWARM-A  16.703  244.964
2023-09-18T16:18:30Z  509.115  -66.919  4.990  1.17446E-15  SWARM-A  16.738  246.868
2023-09-18T16:19:00Z  509.644  -68.800  5.480  1.16138E-15  SWARM-A  16.779  248.771
2023-09-18T16:19:30Z  510.133  -70.677  6.084  1.14924E-15  SWARM-A  16.827  250.674
2023-09-18T16:20:00Z  510.580  -72.551  6.838  1.13768E-15  SWARM-A  16.886  252.578
2023-09-18T16:20:30Z  510.985  -74.419  7.795  1.12620E-15  SWARM-A  16.958  254.481
2023-09-18T16:21:00Z  511.345  -76.280  9.039  1.11398E-15  SWARM-A  17.049  256.384
2023-09-18T16:21:30Z  511.660  -78.131  10.701  1.10089E-15  SWARM-A  17.169  258.287
2023-09-18T16:22:00Z  511.927  -79.966  13.009  1.08689E-15  SWARM-A  17.331  260.190
2023-09-18T16:22:30Z  512.147  -81.775  16.382  1.07204E-15  SWARM-A  17.564  262.093
2023-09-18T16:23:00Z  512.318  -83.537  21.678  1.05652E-15  SWARM-A  17.925  263.997
2023-09-18T16:23:30Z  512.439  -85.200  30.846  1.04060E-15  SWARM-A  18.545  265.900
2023-09-18T16:24:00Z  512.511  -86.615  48.651  1.02446E-15  SWARM-A  19.740  267.803
2023-09-18T16:24:30Z  512.532  -87.349  82.370  1.00821E-15  SWARM-A  21.997  269.706
2023-09-18T16:25:00Z  512.503  -86.878  119.386  9.93043E-16  SWARM-A  0.473  271.609
2023-09-18T16:25:30Z  512.425  -85.571  140.462  9.79564E-16  SWARM-A  1.886  273.512
2023-09-18T16:26:00Z  512.296  -83.948  151.103  9.67104E-16  SWARM-A  2.604  275.415
2023-09-18T16:26:30Z  512.118  -82.202  157.082  9.55443E-16  SWARM-A  3.011  277.318
2023-09-18T16:27:00Z  511.891  -80.402  160.812  9.44277E-16  SWARM-A  3.268  279.221
2023-09-18T16:27:30Z  511.616  -78.571  163.326  9.33293E-16  SWARM-A  3.444  281.124
2023-09-18T16:28:00Z  511.294  -76.724  165.117  9.22132E-16  SWARM-A  3.571  283.027
2023-09-18T16:28:30Z  510.927  -74.865  166.446  9.10555E-16  SWARM-A  3.668  284.930
2023-09-18T16:29:00Z  510.515  -72.998  167.463  8.98308E-16  SWARM-A  3.744  286.834
2023-09-18T16:29:30Z  510.060  -71.125  168.260  8.85465E-16  SWARM-A  3.806  288.737
2023-09-18T16:30:00Z  509.564  -69.249  168.896  8.72101E-16  SWARM-A  3.857  290.640
2023-09-18T16:30:30Z  509.028  -67.369  169.411  8.58531E-16  SWARM-A  3.899  292.544
2023-09-18T16:31:00Z  508.455  -65.486  169.833  8.45142E-16  SWARM-A  3.936  294.448
2023-09-18T16:31:30Z  507.846  -63.600  170.181  8.32417E-16  SWARM-A  3.967  296.351
2023-09-18T16:32:00Z  507.203  -61.713  170.470  8.20762E-16  SWARM-A  3.995  298.255
2023-09-18T16:32:30Z  506.530  -59.824  170.712  8.10504E-16  SWARM-A  4.019  300.159
2023-09-18T16:33:00Z  505.828  -57.933  170.914  8.01771E-16  SWARM-A  4.041  302.063
2023-09-18T16:33:30Z  505.100  -56.040  171.083  7.94642E-16  SWARM-A  4.061  303.967
2023-09-18T16:34:00Z  504.348  -54.146  171.226  7.88674E-16  SWARM-A  4.079  305.872
2023-09-18T16:34:30Z  503.575  -52.251  171.344  7.83772E-16  SWARM-A  4.095  307.776
2023-09-18T16:35:00Z  502.784  -50.354  171.443  7.79401E-16  SWARM-A  4.110  309.681
2023-09-18T16:35:30Z  501.978  -48.456  171.525  7.74956E-16  SWARM-A  4.124  311.586
2023-09-18T16:36:00Z  501.159  -46.556  171.592  7.69907E-16  SWARM-A  4.136  313.490
2023-09-18T16:36:30Z  500.331  -44.656  171.646  7.64331E-16  SWARM-A  4.148  315.395
2023-09-18T16:37:00Z  499.495  -42.754  171.688  7.58228E-16  SWARM-A  4.160  317.301
2023-09-18T16:37:30Z  498.656  -40.851  171.721  7.51946E-16  SWARM-A  4.170  319.206
2023-09-18T16:38:00Z  497.816  -38.947  171.745  7.45686E-16  SWARM-A  4.180  321.112
2023-09-18T16:38:30Z  496.978  -37.041  171.761  7.39565E-16  SWARM-A  4.189  323.017
2023-09-18T16:39:00Z  496.145  -35.135  171.771  7.33435E-16  SWARM-A  4.198  324.923
2023-09-18T16:39:30Z  495.319  -33.227  171.774  7.27512E-16  SWARM-A  4.207  326.829
2023-09-18T16:40:00Z  494.504  -31.319  171.771  7.21837E-16  SWARM-A  4.215  328.735
2023-09-18T16:40:30Z  493.702  -29.409  171.764  7.16385E-16  SWARM-A  4.223  330.642
2023-09-18T16:41:00Z  492.916  -27.499  171.753  7.11186E-16  SWARM-A  4.230  332.548
2023-09-18T16:41:30Z  492.148  -25.588  171.738  7.06255E-16  SWARM-A  4.238  334.455
2023-09-18T16:42:00Z  491.401  -23.675  171.719  7.01597E-16  SWARM-A  4.245  336.362
2023-09-18T16:42:30Z  490.677  -21.762  171.697  6.97233E-16  SWARM-A  4.252  338.269
2023-09-18T16:43:00Z  489.979  -19.849  171.673  6.93186E-16  SWARM-A  4.258  340.177
2023-09-18T16:43:30Z  489.308  -17.934  171.646  6.89458E-16  SWARM-A  4.265  342.084
2023-09-18T16:44:00Z  488.667  -16.019  171.617  6.86075E-16  SWARM-A  4.271  343.992
2023-09-18T16:44:30Z  488.057  -14.103  171.587  6.83035E-16  SWARM-A  4.278  345.900
2023-09-18T16:45:00Z  487.480  -12.186  171.554  6.80323E-16  SWARM-A  4.284  347.808
2023-09-18T16:45:30Z  486.938  -10.269  171.521  6.77945E-16  SWARM-A  4.290  349.716
2023-09-18T16:46:00Z  486.433  -8.351  171.486  6.75893E-16  SWARM-A  4.296  351.624
2023-09-18T16:46:30Z  485.965  -6.433  171.451  6.74144E-16  SWARM-A  4.302  353.533
2023-09-18T16:47:00Z  485.535  -4.515  171.415  6.72734E-16  SWARM-A  4.308  355.442
2023-09-18T16:47:30Z  485.145  -2.596  171.378  6.71622E-16  SWARM-A  4.314  357.351
2023-09-18T16:48:00Z  484.794  -0.677  171.341  6.70819E-16  SWARM-A  4.320  359.260
2023-09-18T16:48:30Z  484.485  1.242  171.304  6.70303E-16  SWARM-A  4.326  1.169
2023-09-18T16:49:00Z  484.216  3.162  171.267  6.70054E-16  SWARM-A  4.331  3.079
2023-09-18T16:49:30Z  483.989  5.081  171.231  6.70121E-16  SWARM-A  4.337  4.988
2023-09-18T16:50:00Z  483.802  7.000  171.195  6.70505E-16  SWARM-A  4.343  6.898
2023-09-18T16:50:30Z  483.657  8.920  171.160  6.71170E-16  SWARM-A  4.349  8.808
2023-09-18T16:51:00Z  483.552  10.839  171.126  6.72179E-16  SWARM-A  4.355  10.718
2023-09-18T16:51:30Z  483.486  12.758  171.092  6.73478E-16  SWARM-A  4.361  12.629
2023-09-18T16:52:00Z  483.460  14.677  171.061  6.75210E-16  SWARM-A  4.368  14.539
2023-09-18T16:52:30Z  483.473  16.596  171.031  6.77391E-16  SWARM-A  4.374  16.450
2023-09-18T16:53:00Z  483.522  18.514  171.003  6.80068E-16  SWARM-A  4.381  18.360
2023-09-18T16:53:30Z  483.608  20.432  170.977  6.83281E-16  SWARM-A  4.387  20.271
2023-09-18T16:54:00Z  483.728  22.349  170.953  6.87096E-16  SWARM-A  4.394  22.182
2023-09-18T16:54:30Z  483.881  24.266  170.933  6.91581E-16  SWARM-A  4.401  24.094
2023-09-18T16:55:00Z  484.066  26.183  170.915  6.96833E-16  SWARM-A  4.408  26.005
2023-09-18T16:55:30Z  484.280  28.099  170.901  7.02796E-16  SWARM-A  4.415  27.916
2023-09-18T16:56:00Z  484.522  30.014  170.892  7.09560E-16  SWARM-A  4.423  29.828
2023-09-18T16:56:30Z  484.790  31.929  170.886  7.17095E-16  SWARM-A  4.431  31.740
2023-09-18T16:57:00Z  485.082  33.843  170.886  7.25478E-16  SWARM-A  4.439  33.652
2023-09-18T16:57:30Z  485.396  35.756  170.892  7.34721E-16  SWARM-A  4.448  35.564
2023-09-18T16:58:00Z  485.728  37.668  170.903  7.44821E-16  SWARM-A  4.457  37.476
2023-09-18T16:58:30Z  486.078  39.579  170.923  7.55731E-16  SWARM-A  4.467  39.388
2023-09-18T16:59:00Z  486.442  41.490  170.950  7.67332E-16  SWARM-A  4.477  41.300
2023-09-18T16:59:30Z  486.819  43.400  170.986  7.79562E-16  SWARM-A  4.488  43.212
2023-09-18T17:00:00Z  487.205  45.309  171.033  7.92630E-16  SWARM-A  4.499  45.125
2023-09-18T17:00:30Z  487.598  47.216  171.092  8.06407E-16  SWARM-A  4.512  47.038
2023-09-18T17:01:00Z  487.997  49.123  171.165  8.20856E-16  SWARM-A  4.525  48.950
2023-09-18T17:01:30Z  488.397  51.029  171.253  8.35958E-16  SWARM-A  4.539  50.863
2023-09-18T17:02:00Z  488.798  52.933  171.360  8.51592E-16  SWARM-A  4.554  52.776
2023-09-18T17:02:30Z  489.196  54.837  171.488  8.67692E-16  SWARM-A  4.571  54.689
2023-09-18T17:03:00Z  489.589  56.739  171.640  8.84271E-16  SWARM-A  4.590  56.602
2023-09-18T17:03:30Z  489.975  58.640  171.823  9.01450E-16  SWARM-A  4.610  58.515
2023-09-18T17:04:00Z  490.352  60.539  172.041  9.19469E-16  SWARM-A  4.633  60.428
2023-09-18T17:04:30Z  490.717  62.437  172.301  9.38440E-16  SWARM-A  4.659  62.341
2023-09-18T17:05:00Z  491.068  64.333  172.614  9.58361E-16  SWARM-A  4.688  64.254
2023-09-18T17:05:30Z  491.404  66.227  172.991  9.78788E-16  SWARM-A  4.721  66.167
2023-09-18T17:06:00Z  491.722  68.118  173.450  9.99688E-16  SWARM-A  4.760  68.081
2023-09-18T17:06:30Z  492.020  70.007  174.012  1.02089E-15  SWARM-A  4.806  69.994
2023-09-18T17:07:00Z  492.298  71.892  174.712  1.04167E-15  SWARM-A  4.861  71.907
2023-09-18T17:07:30Z  492.553  73.772  175.596  1.06247E-15  SWARM-A  4.928  73.821
2023-09-18T17:08:00Z  492.784  75.645  176.736  1.08348E-15  SWARM-A  5.013  75.734
2023-09-18T17:08:30Z  492.990  77.510  178.246  1.10483E-15  SWARM-A  5.122  77.648
2023-09-18T17:09:00Z  493.170  79.362  -179.684  1.12666E-15  SWARM-A  5.268  79.561
2023-09-18T17:09:30Z  493.322  81.191  -176.709  1.14912E-15  SWARM-A  5.475  81.475
2023-09-18T17:10:00Z  493.446  82.982  -172.147  1.17227E-15  SWARM-A  5.787  83.388
2023-09-18T17:10:30Z  493.542  84.695  -164.495  1.19614E-15  SWARM-A  6.306  85.302
2023-09-18T17:11:00Z  493.608  86.223  -150.083  1.22061E-15  SWARM-A  7.275  87.215
2023-09-18T17:11:30Z  493.645  87.241  -121.380  1.24570E-15  SWARM-A  9.197  89.129
2023-09-18T17:12:00Z  493.652  87.139  -81.989  1.27227E-15  SWARM-A  11.831  91.042
2023-09-18T17:12:30Z  493.629  86.002  -56.059  1.30023E-15  SWARM-A  13.568  92.956
2023-09-18T17:13:00Z  493.576  84.431  -43.128  1.32863E-15  SWARM-A  14.439  94.869
2023-09-18T17:13:30Z  493.494  82.701  -36.130  1.35741E-15  SWARM-A  14.913  96.783
2023-09-18T17:14:00Z  493.384  80.902  -31.890  1.38670E-15  SWARM-A  15.204  98.696
2023-09-18T17:14:30Z  493.245  79.069  -29.092  1.41662E-15  SWARM-A  15.399  100.609
2023-09-18T17:15:00Z  493.079  77.215  -27.129  1.44719E-15  SWARM-A  15.539  102.523
2023-09-18T17:15:30Z  492.887  75.348  -25.688  1.47902E-15  SWARM-A  15.643  104.436
2023-09-18T17:16:00Z  492.669  73.474  -24.595  1.51171E-15  SWARM-A  15.724  106.350
2023-09-18T17:16:30Z  492.427  71.593  -23.745  1.54495E-15  SWARM-A  15.789  108.263
2023-09-18T17:17:00Z  492.163  69.707  -23.069  1.57854E-15  SWARM-A  15.842  110.176
2023-09-18T17:17:30Z  491.877  67.818  -22.525  1.61208E-15  SWARM-A  15.887  112.089
2023-09-18T17:18:00Z  491.572  65.927  -22.081  1.64510E-15  SWARM-A  15.925  114.003
2023-09-18T17:18:30Z  491.250  64.032  -21.715  1.67692E-15  SWARM-A  15.958  115.916
2023-09-18T17:19:00Z  490.911  62.136  -21.411  1.70691E-15  SWARM-A  15.986  117.829
2023-09-18T17:19:30Z  490.559  60.238  -21.158  1.73472E-15  SWARM-A  16.012  119.742
2023-09-18T17:20:00Z  490.195  58.339  -20.946  1.76050E-15  SWARM-A  16.034  121.655
2023-09-18T17:20:30Z  489.821  56.438  -20.769  1.78480E-15  SWARM-A  16.054  123.568
2023-09-18T17:21:00Z  489.441  54.536  -20.620  1.80826E-15  SWARM-A  16.072  125.480
2023-09-18T17:21:30Z  489.055  52.632  -20.496  1.83107E-15  SWARM-A  16.089  127.393
2023-09-18T17:22:00Z  488.667  50.728  -20.392  1.85294E-15  SWARM-A  16.104  129.306
2023-09-18T17:22:30Z  488.278  48.822  -20.307  1.87348E-15  SWARM-A  16.118  131.218
2023-09-18T17:23:00Z  487.892  46.915  -20.236  1.89235E-15  SWARM-A  16.131  133.131
2023-09-18T17:23:30Z  487.510  45.008  -20.180  1.90951E-15  SWARM-A  16.143  135.043
2023-09-18T17:24:00Z  487.135  43.099  -20.134  1.92493E-15  SWARM-A  16.155  136.955
2023-09-18T17:24:30Z  486.770  41.189  -20.099  1.93881E-15  SWARM-A  16.166  138.868
2023-09-18T17:25:00Z  486.417  39.279  -20.074  1.95132E-15  SWARM-A  16.176  140.780
2023-09-18T17:25:30Z  486.078  37.367  -20.056  1.96262E-15  SWARM-A  16.185  142.692
2023-09-18T17:26:00Z  485.756  35.455  -20.045  1.97282E-15  SWARM-A  16.194  144.603
2023-09-18T17:26:30Z  485.453  33.542  -20.040  1.98209E-15  SWARM-A  16.203  146.515
2023-09-18T17:27:00Z  485.171  31.628  -20.041  1.99057E-15  SWARM-A  16.211  148.427
2023-09-18T17:27:30Z  484.913  29.714  -20.047  1.99831E-15  SWARM-A  16.219  150.338
2023-09-18T17:28:00Z  484.680  27.799  -20.058  2.00539E-15  SWARM-A  16.227  152.250
2023-09-18T17:28:30Z  484.475  25.883  -20.072  2.01183E-15  SWARM-A  16.234  154.161
2023-09-18T17:29:00Z  484.299  23.967  -20.090  2.01771E-15  SWARM-A  16.241  156.072
2023-09-18T17:29:30Z  484.155  22.050  -20.111  2.02308E-15  SWARM-A  16.248  157.983
2023-09-18T17:30:00Z  484.043  20.133  -20.135  2.02792E-15  SWARM-A  16.255  159.894
2023-09-18T17:30:30Z  483.965  18.215  -20.162  2.03221E-15  SWARM-A  16.261  161.804
2023-09-18T17:31:00Z  483.923  16.297  -20.190  2.03591E-15  SWARM-A  16.268  163.715
2023-09-18T17:31:30Z  483.918  14.378  -20.220  2.03896E-15  SWARM-A  16.274  165.625
2023-09-18T17:32:00Z  483.951  12.460  -20.252  2.04134E-15  SWARM-A  16.280  167.535
2023-09-18T17:32:30Z  484.022  10.541  -20.286  2.04300E-15  SWARM-A  16.286  169.445
2023-09-18T17:33:00Z  484.133  8.622  -20.320  2.04384E-15  SWARM-A  16.293  171.355
2023-09-18T17:33:30Z  484.284  6.702  -20.355  2.04388E-15  SWARM-A  16.298  173.265
2023-09-18T17:34:00Z  484.476  4.783  -20.391  2.04309E-15  SWARM-A  16.304  175.174
2023-09-18T17:34:30Z  484.707  2.864  -20.428  2.04139E-15  SWARM-A  16.310  177.084
2023-09-18T17:35:00Z  484.980  0.945  -20.465  2.03869E-15  SWARM-A  16.316  178.993
2023-09-18T17:35:30Z  485.293  -0.974  -20.502  2.03498E-15  SWARM-A  16.322  180.902
2023-09-18T17:36:00Z  485.645  -2.893  -20.539  2.03021E-15  SWARM-A  16.328  182.811
2023-09-18T17:36:30Z  486.038  -4.811  -20.575  2.02442E-15  SWARM-A  16.334  184.720
2023-09-18T17:37:00Z  486.469  -6.729  -20.611  2.01751E-15  SWARM-A  16.340  186.628
2023-09-18T17:37:30Z  486.938  -8.647  -20.647  2.00951E-15  SWARM-A  16.346  188.536
2023-09-18T17:38:00Z  487.444  -10.564  -20.681  2.00041E-15  SWARM-A  16.352  190.445
2023-09-18T17:38:30Z  487.985  -12.481  -20.714  1.99019E-15  SWARM-A  16.358  192.353
2023-09-18T17:39:00Z  488.561  -14.397  -20.746  1.97885E-15  SWARM-A  16.364  194.260
2023-09-18T17:39:30Z  489.169  -16.313  -20.777  1.96639E-15  SWARM-A  16.370  196.168
2023-09-18T17:40:00Z  489.808  -18.228  -20.805  1.95281E-15  SWARM-A  16.377  198.075
2023-09-18T17:40:30Z  490.477  -20.142  -20.832  1.93817E-15  SWARM-A  16.383  199.983
2023-09-18T17:41:00Z  491.172  -22.056  -20.856  1.92239E-15  SWARM-A  16.390  201.890
2023-09-18T17:41:30Z  491.892  -23.968  -20.877  1.90550E-15  SWARM-A  16.397  203.796
2023-09-18T17:42:00Z  492.634  -25.880  -20.895  1.88773E-15  SWARM-A  16.404  205.703
2023-09-18T17:42:30Z  493.397  -27.791  -20.910  1.86901E-15  SWARM-A  16.412  207.610
2023-09-18T17:43:00Z  494.178  -29.701  -20.921  1.84941E-15  SWARM-A  16.419  209.516
2023-09-18T17:43:30Z  494.973  -31.611  -20.927  1.82906E-15  SWARM-A  16.427  211.422
2023-09-18T17:44:00Z  495.782  -33.519  -20.929  1.80805E-15  SWARM-A  16.435  213.328
2023-09-18T17:44:30Z  496.599  -35.426  -20.925  1.78654E-15  SWARM-A  16.444  215.234
2023-09-18T17:45:00Z  497.424  -37.332  -20.914  1.76466E-15  SWARM-A  16.453  217.140
2023-09-18T17:45:30Z  498.253  -39.237  -20.897  1.74256E-15  SWARM-A  16.462  219.045
2023-09-18T17:46:00Z  499.083  -41.141  -20.872  1.72042E-15  SWARM-A  16.472  220.951
2023-09-18T17:46:30Z  499.911  -43.043  -20.838  1.69840E-15  SWARM-A  16.483  222.856
2023-09-18T17:47:00Z  500.734  -44.945  -20.794  1.67668E-15  SWARM-A  16.494  224.761
2023-09-18T17:47:30Z  501.550  -46.845  -20.738  1.65537E-15  SWARM-A  16.506  226.666
2023-09-18T17:48:00Z  502.356  -48.744  -20.669  1.63464E-15  SWARM-A  16.519  228.570
2023-09-18T17:48:30Z  503.148  -50.642  -20.585  1.61425E-15  SWARM-A  16.533  230.475
2023-09-18T17:49:00Z  503.925  -52.538  -20.483  1.59466E-15  SWARM-A  16.548  232.379
2023-09-18T17:49:30Z  504.682  -54.434  -20.361  1.57687E-15  SWARM-A  16.565  234.284
2023-09-18T17:50:00Z  505.417  -56.327  -20.215  1.56025E-15  SWARM-A  16.583  236.188
2023-09-18T17:50:30Z  506.129  -58.220  -20.041  1.54461E-15  SWARM-A  16.603  238.092
2023-09-18T17:51:00Z  506.813  -60.110  -19.833  1.53003E-15  SWARM-A  16.625  239.996
2023-09-18T17:51:30Z  507.468  -61.999  -19.585  1.51660E-15  SWARM-A  16.650  241.900
2023-09-18T17:52:00Z  508.092  -63.886  -19.287  1.50442E-15  SWARM-A  16.678  243.804
2023-09-18T17:52:30Z  508.681  -65.771  -18.929  1.49358E-15  SWARM-A  16.710  245.707
2023-09-18T17:53:00Z  509.234  -67.654  -18.495  1.48414E-15  SWARM-A  16.748  247.611
2023-09-18T17:53:30Z  509.749  -69.533  -17.964  1.47612E-15  SWARM-A  16.791  249.514
2023-09-18T17:54:00Z  510.224  -71.409  -17.306  1.46933E-15  SWARM-A  16.844  251.418
2023-09-18T17:54:30Z  510.657  -73.281  -16.480  1.46333E-15  SWARM-A  16.907  253.321
2023-09-18T17:55:00Z  511.047  -75.147  -15.423  1.45738E-15  SWARM-A  16.986  255.224
2023-09-18T17:55:30Z  511.392  -77.004  -14.035  1.45034E-15  SWARM-A  17.087  257.127
2023-09-18T17:56:00Z  511.690  -78.850  -12.155  1.44039E-15  SWARM-A  17.220  259.031
2023-09-18T17:56:30Z  511.942  -80.677  -9.497  1.42829E-15  SWARM-A  17.406  260.934
2023-09-18T17:57:00Z  512.145  -82.471  -5.513  1.41406E-15  SWARM-A  17.680  262.837
2023-09-18T17:57:30Z  512.299  -84.204  0.962  1.39781E-15  SWARM-A  18.120  264.740
2023-09-18T17:58:00Z  512.404  -85.797  12.696  1.37984E-15  SWARM-A  18.910  266.643
2023-09-18T17:58:30Z  512.459  -87.021  36.107  1.36026E-15  SWARM-A  20.479  268.546
2023-09-18T17:59:00Z  512.464  -87.309  74.545  1.33982E-15  SWARM-A  23.050  270.449
2023-09-18T17:59:30Z  512.419  -86.429  105.764  1.32051E-15  SWARM-A  1.140  272.352
2023-09-18T18:00:00Z  512.324  -84.959  121.774  1.29807E-15  SWARM-A  2.216  274.255
2023-09-18T18:00:30Z  512.179  -83.275  130.149  1.28076E-15  SWARM-A  2.782  276.158
2023-09-18T18:01:00Z  511.985  -81.503  135.067  1.26457E-15  SWARM-A  3.118  278.061
2023-09-18T18:01:30Z  511.742  -79.689  138.240  1.24945E-15  SWARM-A  3.338  279.965
2023-09-18T18:02:00Z  511.452  -77.851  140.429  1.23491E-15  SWARM-A  3.493  281.868
2023-09-18T18:02:30Z  511.116  -75.998  142.017  1.22076E-15  SWARM-A  3.607  283.771
2023-09-18T18:03:00Z  510.734  -74.136  143.210  1.20660E-15  SWARM-A  3.695  285.674
2023-09-18T18:03:30Z  510.309  -72.267  144.132  1.19201E-15  SWARM-A  3.764  287.578
2023-09-18T18:04:00Z  509.841  -70.392  144.861  1.17646E-15  SWARM-A  3.821  289.481
2023-09-18T18:04:30Z  509.332  -68.514  145.445  1.15975E-15  SWARM-A  3.869  291.385
2023-09-18T18:05:00Z  508.785  -66.633  145.921  1.14176E-15  SWARM-A  3.909  293.288
2023-09-18T18:05:30Z  508.201  -64.749  146.312  1.12265E-15  SWARM-A  3.943  295.192
2023-09-18T18:06:00Z  507.582  -62.863  146.635  1.10286E-15  SWARM-A  3.973  297.096
2023-09-18T18:06:30Z  506.931  -60.975  146.905  1.08289E-15  SWARM-A  3.999  298.999
2023-09-18T18:07:00Z  506.250  -59.085  147.130  1.06336E-15  SWARM-A  4.023  300.903
2023-09-18T18:07:30Z  505.540  -57.193  147.319  1.04503E-15  SWARM-A  4.044  302.808
2023-09-18T18:08:00Z  504.806  -55.300  147.477  1.02836E-15  SWARM-A  4.062  304.712
2023-09-18T18:08:30Z  504.049  -53.405  147.610  1.01366E-15  SWARM-A  4.080  306.616
2023-09-18T18:09:00Z  503.272  -51.509  147.721  1.00110E-15  SWARM-A  4.095  308.521
2023-09-18T18:09:30Z  502.478  -49.612  147.812  9.90315E-16  SWARM-A  4.110  310.425
2023-09-18T18:10:00Z  501.670  -47.713  147.888  9.80597E-16  SWARM-A  4.123  312.330
2023-09-18T18:10:30Z  500.850  -45.813  147.950  9.71455E-16  SWARM-A  4.136  314.235
2023-09-18T18:11:00Z  500.022  -43.912  147.999  9.62065E-16  SWARM-A  4.147  316.140
2023-09-18T18:11:30Z  499.188  -42.010  148.038  9.51895E-16  SWARM-A  4.158  318.045
2023-09-18T18:12:00Z  498.352  -40.107  148.067  9.40865E-16  SWARM-A  4.168  319.951
2023-09-18T18:12:30Z  497.516  -38.202  148.088  9.29294E-16  SWARM-A  4.178  321.856
2023-09-18T18:13:00Z  496.683  -36.296  148.101  9.17686E-16  SWARM-A  4.187  323.762
2023-09-18T18:13:30Z  495.856  -34.389  148.108  9.06398E-16  SWARM-A  4.196  325.668
2023-09-18T18:14:00Z  495.037  -32.482  148.109  8.95592E-16  SWARM-A  4.205  327.574
2023-09-18T18:14:30Z  494.230  -30.573  148.105  8.85103E-16  SWARM-A  4.213  329.480
2023-09-18T18:15:00Z  493.438  -28.663  148.096  8.75189E-16  SWARM-A  4.220  331.387
2023-09-18T18:15:30Z  492.662  -26.752  148.083  8.65883E-16  SWARM-A  4.228  333.293
2023-09-18T18:16:00Z  491.906  -24.840  148.066  8.57177E-16  SWARM-A  4.235  335.200
2023-09-18T18:16:30Z  491.171  -22.928  148.046  8.49090E-16  SWARM-A  4.242  337.107
2023-09-18T18:17:00Z  490.460  -21.015  148.024  8.41646E-16  SWARM-A  4.249  339.014
2023-09-18T18:17:30Z  489.776  -19.100  147.998  8.34870E-16  SWARM-A  4.256  340.922
2023-09-18T18:18:00Z  489.120  -17.186  147.971  8.28759E-16  SWARM-A  4.262  342.829
2023-09-18T18:18:30Z  488.494  -15.270  147.941  8.23306E-16  SWARM-A  4.268  344.737
2023-09-18T18:19:00Z  487.901  -13.354  147.910  8.18494E-16  SWARM-A  4.275  346.645
2023-09-18T18:19:30Z  487.341  -11.437  147.877  8.14341E-16  SWARM-A  4.281  348.553
2023-09-18T18:20:00Z  486.816  -9.520  147.843  8.10778E-16  SWARM-A  4.287  350.461
2023-09-18T18:20:30Z  486.328  -7.602  147.808  8.07796E-16  SWARM-A  4.293  352.370
2023-09-18T18:21:00Z  485.878  -5.684  147.772  8.05373E-16  SWARM-A  4.299  354.278
2023-09-18T18:21:30Z  485.466  -3.765  147.736  8.03551E-16  SWARM-A  4.305  356.187
2023-09-18T18:22:00Z  485.094  -1.847  147.699  8.02279E-16  SWARM-A  4.311  358.096
2023-09-18T18:22:30Z  484.761  0.073  147.662  8.01563E-16  SWARM-A  4.317  0.005
2023-09-18T18:23:00Z  484.470  1.992  147.625  8.01379E-16  SWARM-A  4.322  1.915
2023-09-18T18:23:30Z  484.219  3.911  147.589  8.01863E-16  SWARM-A  4.328  3.824
2023-09-18T18:24:00Z  484.009  5.830  147.552  8.02907E-16  SWARM-A  4.334  5.734
2023-09-18T18:24:30Z  483.840  7.750  147.517  8.04651E-16  SWARM-A  4.340  7.644
2023-09-18T18:25:00Z  483.711  9.669  147.482  8.07098E-16  SWARM-A  4.346  9.554
2023-09-18T18:25:30Z  483.623  11.588  147.448  8.10332E-16  SWARM-A  4.352  11.464
2023-09-18T18:26:00Z  483.574  13.507  147.416  8.14382E-16  SWARM-A  4.358  13.374
2023-09-18T18:26:30Z  483.564  15.426  147.385  8.19301E-16  SWARM-A  4.365  15.285
2023-09-18T18:27:00Z  483.591  17.345  147.355  8.25152E-16  SWARM-A  4.371  17.195
2023-09-18T18:27:30Z  483.655  19.263  147.328  8.32009E-16  SWARM-A  4.378  19.106
2023-09-18T18:28:00Z  483.754  21.180  147.303  8.39819E-16  SWARM-A  4.384  21.017
2023-09-18T18:28:30Z  483.888  23.098  147.281  8.48717E-16  SWARM-A  4.391  22.928
2023-09-18T18:29:00Z  484.053  25.014  147.261  8.58717E-16  SWARM-A  4.398  24.839
2023-09-18T18:29:30Z  484.249  26.931  147.245  8.69825E-16  SWARM-A  4.405  26.751
2023-09-18T18:30:00Z  484.474  28.846  147.233  8.82164E-16  SWARM-A  4.413  28.662
2023-09-18T18:30:30Z  484.726  30.761  147.225  8.95648E-16  SWARM-A  4.421  30.574
2023-09-18T18:31:00Z  485.002  32.675  147.221  9.10266E-16  SWARM-A  4.429  32.486
2023-09-18T18:31:30Z  485.301  34.589  147.223  9.26019E-16  SWARM-A  4.437  34.397
2023-09-18T18:32:00Z  485.621  36.502  147.231  9.42894E-16  SWARM-A  4.446  36.309
2023-09-18T18:32:30Z  485.959  38.414  147.246  9.60825E-16  SWARM-A  4.455  38.221
2023-09-18T18:33:00Z  486.313  40.325  147.268  9.79775E-16  SWARM-A  4.465  40.134
2023-09-18T18:33:30Z  486.680  42.235  147.299  9.99605E-16  SWARM-A  4.476  42.046
2023-09-18T18:34:00Z  487.058  44.144  147.339  1.02019E-15  SWARM-A  4.487  43.958
2023-09-18T18:34:30Z  487.445  46.053  147.391  1.04163E-15  SWARM-A  4.498  45.871
2023-09-18T18:35:00Z  487.838  47.960  147.455  1.06382E-15  SWARM-A  4.511  47.783
2023-09-18T18:35:30Z  488.235  49.866  147.533  1.08669E-15  SWARM-A  4.525  49.696
2023-09-18T18:36:00Z  488.633  51.771  147.628  1.11007E-15  SWARM-A  4.539  51.609
2023-09-18T18:36:30Z  489.029  53.676  147.743  1.13359E-15  SWARM-A  4.555  53.521
2023-09-18T18:37:00Z  489.422  55.578  147.880  1.15720E-15  SWARM-A  4.573  55.434
2023-09-18T18:37:30Z  489.810  57.480  148.044  1.18111E-15  SWARM-A  4.592  57.347
2023-09-18T18:38:00Z  490.189  59.380  148.239  1.20552E-15  SWARM-A  4.613  59.260
2023-09-18T18:38:30Z  490.557  61.279  148.473  1.23070E-15  SWARM-A  4.637  61.173
2023-09-18T18:39:00Z  490.913  63.176  148.752  1.25663E-15  SWARM-A  4.664  63.086
2023-09-18T18:39:30Z  491.254  65.071  149.089  1.28321E-15  SWARM-A  4.695  65.000
2023-09-18T18:40:00Z  491.579  66.964  149.495  1.31041E-15  SWARM-A  4.730  66.913
2023-09-18T18:40:30Z  491.886  68.854  149.991  1.33778E-15  SWARM-A  4.772  68.826
2023-09-18T18:41:00Z  492.172  70.742  150.603  1.36497E-15  SWARM-A  4.821  70.740
2023-09-18T18:41:30Z  492.437  72.625  151.368  1.39179E-15  SWARM-A  4.880  72.653
2023-09-18T18:42:00Z  492.679  74.503  152.342  1.41812E-15  SWARM-A  4.954  74.566
2023-09-18T18:42:30Z  492.896  76.373  153.609  1.44329E-15  SWARM-A  5.046  76.480
2023-09-18T18:43:00Z  493.088  78.233  155.309  1.46775E-15  SWARM-A  5.168  78.393
2023-09-18T18:43:30Z  493.253  80.077  157.678  1.49220E-15  SWARM-A  5.334  80.307
2023-09-18T18:44:00Z  493.390  81.895  161.162  1.51686E-15  SWARM-A  5.575  82.220
2023-09-18T18:44:30Z  493.499  83.662  166.675  1.54183E-15  SWARM-A  5.951  84.134
2023-09-18T18:45:00Z  493.578  85.322  176.328  1.56713E-15  SWARM-A  6.603  86.047
2023-09-18T18:45:30Z  493.629  86.711  -164.719  1.59262E-15  SWARM-A  7.875  87.961
2023-09-18T18:46:00Z  493.650  87.358  -129.512  1.61866E-15  SWARM-A  10.230  89.874
2023-09-18T18:46:30Z  493.641  86.780  -93.437  1.64638E-15  SWARM-A  12.643  91.788
2023-09-18T18:47:00Z  493.602  85.419  -73.635  1.67449E-15  SWARM-A  13.972  93.701
2023-09-18T18:47:30Z  493.534  83.768  -63.602  1.70241E-15  SWARM-A  14.649  95.615
2023-09-18T18:48:00Z  493.436  82.006  -57.914  1.72992E-15  SWARM-A  15.037  97.528
2023-09-18T18:48:30Z  493.311  80.191  -54.338  1.75752E-15  SWARM-A  15.283  99.442
2023-09-18T18:49:00Z  493.157  78.348  -51.916  1.78586E-15  SWARM-A  15.453  101.355
2023-09-18T18:49:30Z  492.977  76.489  -50.184  1.81398E-15  SWARM-A  15.577  103.268
2023-09-18T18:50:00Z  492.770  74.619  -48.894  1.84205E-15  SWARM-A  15.671  105.182
2023-09-18T18:50:30Z  492.539  72.741  -47.905  1.87022E-15  SWARM-A  15.745  107.095
2023-09-18T18:51:00Z  492.284  70.858  -47.129  1.89855E-15  SWARM-A  15.806  109.008
2023-09-18T18:51:30Z  492.008  68.971  -46.509  1.92717E-15  SWARM-A  15.855  110.922
2023-09-18T18:52:00Z  491.711  67.081  -46.007  1.95607E-15  SWARM-A  15.897  112.835
2023-09-18T18:52:30Z  491.395  65.189  -45.595  1.98507E-15  SWARM-A  15.933  114.748
2023-09-18T18:53:00Z  491.063  63.294  -45.255  2.01387E-15  SWARM-A  15.964  116.661
2023-09-18T18:53:30Z  490.716  61.397  -44.972  2.04176E-15  SWARM-A  15.991  118.574
2023-09-18T18:54:00Z  490.355  59.498  -44.736  2.06788E-15  SWARM-A  16.015  120.487
2023-09-18T18:54:30Z  489.984  57.598  -44.538  2.09116E-15  SWARM-A  16.037  122.400
2023-09-18T18:55:00Z  489.605  55.697  -44.373  2.11073E-15  SWARM-A  16.056  124.313
2023-09-18T18:55:30Z  489.219  53.794  -44.234  2.12648E-15  SWARM-A  16.074  126.226
2023-09-18T18:56:00Z  488.829  51.890  -44.118  2.13927E-15  SWARM-A  16.090  128.139
2023-09-18T18:56:30Z  488.438  49.985  -44.022  2.15061E-15  SWARM-A  16.104  130.051
2023-09-18T18:57:00Z  488.047  48.079  -43.942  2.16165E-15  SWARM-A  16.118  131.964
2023-09-18T18:57:30Z  487.660  46.172  -43.877  2.17198E-15  SWARM-A  16.131  133.876
2023-09-18T18:58:00Z  487.278  44.263  -43.825  2.18199E-15  SWARM-A  16.143  135.789
2023-09-18T18:58:30Z  486.905  42.354  -43.784  2.19113E-15  SWARM-A  16.154  137.701
2023-09-18T18:59:00Z  486.542  40.444  -43.753  2.19912E-15  SWARM-A  16.164  139.613
2023-09-18T18:59:30Z  486.193  38.533  -43.730  2.20564E-15  SWARM-A  16.174  141.525
2023-09-18T19:00:00Z  485.859  36.622  -43.715  2.21081E-15  SWARM-A  16.183  143.437
2023-09-18T19:00:30Z  485.542  34.709  -43.707  2.21481E-15  SWARM-A  16.192  145.349
2023-09-18T19:01:00Z  485.246  32.796  -43.704  2.21786E-15  SWARM-A  16.201  147.261
2023-09-18T19:01:30Z  484.972  30.882  -43.707  2.22017E-15  SWARM-A  16.209  149.172
2023-09-18T19:02:00Z  484.722  28.967  -43.715  2.22196E-15  SWARM-A  16.217  151.084
2023-09-18T19:02:30Z  484.499  27.051  -43.727  2.22335E-15  SWARM-A  16.224  152.995
2023-09-18T19:03:00Z  484.304  25.135  -43.743  2.22449E-15  SWARM-A  16.231  154.906
2023-09-18T19:03:30Z  484.140  23.219  -43.762  2.22542E-15  SWARM-A  16.238  156.817
2023-09-18T19:04:00Z  484.007  21.302  -43.784  2.22627E-15  SWARM-A  16.245  158.728
2023-09-18T19:04:30Z  483.909  19.384  -43.809  2.22701E-15  SWARM-A  16.252  160.639
2023-09-18T19:05:00Z  483.845  17.466  -43.836  2.22762E-15  SWARM-A  16.258  162.550
2023-09-18T19:05:30Z  483.817  15.548  -43.865  2.22810E-15  SWARM-A  16.265  164.460
2023-09-18T19:06:00Z  483.827  13.629  -43.896  2.22836E-15  SWARM-A  16.271  166.371
2023-09-18T19:06:30Z  483.876  11.711  -43.929  2.22832E-15  SWARM-A  16.277  168.281
2023-09-18T19:07:00Z  483.963  9.792  -43.963  2.22794E-15  SWARM-A  16.283  170.191
2023-09-18T19:07:30Z  484.091  7.872  -43.997  2.22706E-15  SWARM-A  16.289  172.101
2023-09-18T19:08:00Z  484.259  5.953  -44.033  2.22561E-15  SWARM-A  16.295  174.010
2023-09-18T19:08:30Z  484.468  4.034  -44.069  2.22347E-15  SWARM-A  16.301  175.920
2023-09-18T19:09:00Z  484.717  2.115  -44.106  2.22056E-15  SWARM-A  16.307  177.829
2023-09-18T19:09:30Z  485.008  0.196  -44.143  2.21672E-15  SWARM-A  16.313  179.738
2023-09-18T19:10:00Z  485.339  -1.723  -44.180  2.21187E-15  SWARM-A  16.319  181.647
2023-09-18T19:10:30Z  485.710  -3.642  -44.216  2.20597E-15  SWARM-A  16.325  183.556
2023-09-18T19:11:00Z  486.120  -5.560  -44.253  2.19890E-15  SWARM-A  16.331  185.465
2023-09-18T19:11:30Z  486.569  -7.478  -44.288  2.19061E-15  SWARM-A  16.337  187.373
2023-09-18T19:12:00Z  487.056  -9.396  -44.323  2.18104E-15  SWARM-A  16.343  189.282
2023-09-18T19:12:30Z  487.579  -11.313  -44.357  2.17014E-15  SWARM-A  16.349  191.190
2023-09-18T19:13:00Z  488.137  -13.230  -44.390  2.15789E-15  SWARM-A  16.355  193.098
2023-09-18T19:13:30Z  488.729  -15.146  -44.422  2.14426E-15  SWARM-A  16.361  195.005
2023-09-18T19:14:00Z  489.353  -17.061  -44.451  2.12928E-15  SWARM-A  16.367  196.913
2023-09-18T19:14:30Z  490.008  -18.976  -44.479  2.11286E-15  SWARM-A  16.374  198.820
2023-09-18T19:15:00Z  490.691  -20.890  -44.505  2.09498E-15  SWARM-A  16.381  200.728
2023-09-18T19:15:30Z  491.400  -22.803  -44.527  2.07571E-15  SWARM-A  16.387  202.635
2023-09-18T19:16:00Z  492.133  -24.715  -44.548  2.05499E-15  SWARM-A  16.394  204.541
2023-09-18T19:16:30Z  492.887  -26.627  -44.564  2.03296E-15  SWARM-A  16.402  206.448
2023-09-18T19:17:00Z  493.662  -28.538  -44.578  2.00963E-15  SWARM-A  16.409  208.355
2023-09-18T19:17:30Z  494.452  -30.447  -44.587  1.98505E-15  SWARM-A  16.417  210.261
2023-09-18T19:18:00Z  495.258  -32.356  -44.591  1.95938E-15  SWARM-A  16.425  212.167
2023-09-18T19:18:30Z  496.074  -34.264  -44.590  1.93208E-15  SWARM-A  16.433  214.073
2023-09-18T19:19:00Z  496.900  -36.171  -44.584  1.90303E-15  SWARM-A  16.442  215.979
2023-09-18T19:19:30Z  497.731  -38.076  -44.571  1.87315E-15  SWARM-A  16.451  217.884
2023-09-18T19:20:00Z  498.565  -39.981  -44.551  1.84263E-15  SWARM-A  16.461  219.790
2023-09-18T19:20:30Z  499.400  -41.884  -44.522  1.81166E-15  SWARM-A  16.471  221.695
2023-09-18T19:21:00Z  500.232  -43.786  -44.484  1.78038E-15  SWARM-A  16.482  223.600
2023-09-18T19:21:30Z  501.058  -45.687  -44.436  1.74895E-15  SWARM-A  16.494  225.505
2023-09-18T19:22:00Z  501.876  -47.587  -44.375  1.71751E-15  SWARM-A  16.506  227.410
2023-09-18T19:22:30Z  502.682  -49.486  -44.300  1.68587E-15  SWARM-A  16.519  229.315
2023-09-18T19:23:00Z  503.474  -51.383  -44.209  1.65459E-15  SWARM-A  16.534  231.219
2023-09-18T19:23:30Z  504.248  -53.279  -44.100  1.62367E-15  SWARM-A  16.549  233.123
2023-09-18T19:24:00Z  505.003  -55.174  -43.969  1.59323E-15  SWARM-A  16.566  235.028
2023-09-18T19:24:30Z  505.735  -57.067  -43.812  1.56382E-15  SWARM-A  16.585  236.932
2023-09-18T19:25:00Z  506.442  -58.958  -43.626  1.53613E-15  SWARM-A  16.606  238.836
2023-09-18T19:25:30Z  507.120  -60.848  -43.403  1.50909E-15  SWARM-A  16.629  240.740
2023-09-18T19:26:00Z  507.768  -62.737  -43.136  1.48276E-15  SWARM-A  16.655  242.644
2023-09-18T19:26:30Z  508.384  -64.623  -42.817  1.45725E-15  SWARM-A  16.685  244.547
2023-09-18T19:27:00Z  508.965  -66.507  -42.431  1.43274E-15  SWARM-A  16.719  246.451
2023-09-18T19:27:30Z  509.508  -68.388  -41.961  1.40936E-15  SWARM-A  16.759  248.354
2023-09-18T19:28:00Z  510.013  -70.266  -41.385  1.38724E-15  SWARM-A  16.805  250.258
2023-09-18T19:28:30Z  510.476  -72.141  -40.667  1.36632E-15  SWARM-A  16.862  252.161
2023-09-18T19:29:00Z  510.897  -74.010  -39.759  1.34639E-15  SWARM-A  16.930  254.064
2023-09-18T19:29:30Z  511.274  -75.873  -38.587  1.32632E-15  SWARM-A  17.017  255.968
2023-09-18T19:30:00Z  511.606  -77.726  -37.031  1.30545E-15  SWARM-A  17.129  257.871
2023-09-18T19:30:30Z  511.891  -79.566  -34.891  1.28421E-15  SWARM-A  17.280  259.774
2023-09-18T19:31:00Z  512.128  -81.382  -31.801  1.26219E-15  SWARM-A  17.494  261.677
2023-09-18T19:31:30Z  512.317  -83.157  -27.038  1.23976E-15  SWARM-A  17.820  263.580
2023-09-18T19:32:00Z  512.456  -84.849  -18.985  1.21702E-15  SWARM-A  18.365  265.483
2023-09-18T19:32:30Z  512.546  -86.341  -3.709  1.19407E-15  SWARM-A  19.392  267.386
2023-09-18T19:33:00Z  512.585  -87.281  26.341  1.17083E-15  SWARM-A  21.404  269.289
2023-09-18T19:33:30Z  512.575  -87.077  65.189  1.14832E-15  SWARM-A  0.002  271.192
2023-09-18T19:34:00Z  512.514  -85.896  89.696  1.12767E-15  SWARM-A  1.644  273.095
2023-09-18T19:34:30Z  512.403  -84.317  101.966  1.10832E-15  SWARM-A  2.470  274.998
2023-09-18T19:35:00Z  512.242  -82.590  108.683  1.09012E-15  SWARM-A  2.927  276.901
2023-09-18T19:35:30Z  512.033  -80.799  112.790  1.07335E-15  SWARM-A  3.209  278.804
2023-09-18T19:36:00Z  511.775  -78.974  115.517  1.05811E-15  SWARM-A  3.399  280.707
2023-09-18T19:36:30Z  511.470  -77.129  117.439  1.04433E-15  SWARM-A  3.535  282.610
2023-09-18T19:37:00Z  511.118  -75.273  118.854  1.03191E-15  SWARM-A  3.638  284.513
2023-09-18T19:37:30Z  510.722  -73.407  119.931  1.02063E-15  SWARM-A  3.718  286.416
2023-09-18T19:38:00Z  510.282  -71.536  120.770  1.01044E-15  SWARM-A  3.782  288.320
2023-09-18T19:38:30Z  509.800  -69.660  121.438  1.00087E-15  SWARM-A  3.835  290.223
2023-09-18T19:39:00Z  509.278  -67.781  121.977  9.91709E-16  SWARM-A  3.879  292.127
2023-09-18T19:39:30Z  508.718  -65.899  122.417  9.82758E-16  SWARM-A  3.917  294.030
2023-09-18T19:40:00Z  508.122  -64.014  122.780  9.73814E-16  SWARM-A  3.950  295.934
2023-09-18T19:40:30Z  507.492  -62.127  123.081  9.64942E-16  SWARM-A  3.978  297.838
2023-09-18T19:41:00Z  506.829  -60.238  123.333  9.56180E-16  SWARM-A  4.003  299.741
2023-09-18T19:41:30Z  506.138  -58.348  123.543  9.47783E-16  SWARM-A  4.026  301.645
2023-09-18T19:42:00Z  505.419  -56.456  123.719  9.40062E-16  SWARM-A  4.046  303.549
2023-09-18T19:42:30Z  504.676  -54.562  123.867  9.33393E-16  SWARM-A  4.064  305.454
2023-09-18T19:43:00Z  503.912  -52.667  123.991  9.28118E-16  SWARM-A  4.080  307.358
2023-09-18T19:43:30Z  503.128  -50.770  124.094  9.24546E-16  SWARM-A  4.096  309.262
2023-09-18T19:44:00Z  502.329  -48.873  124.179  9.22766E-16  SWARM-A  4.110  311.167
2023-09-18T19:44:30Z  501.516  -46.974  124.249  9.22389E-16  SWARM-A  4.123  313.072
2023-09-18T19:45:00Z  500.693  -45.073  124.306  9.23153E-16  SWARM-A  4.135  314.977
2023-09-18T19:45:30Z  499.862  -43.172  124.351  9.24473E-16  SWARM-A  4.146  316.882
2023-09-18T19:46:00Z  499.026  -41.269  124.386  9.25562E-16  SWARM-A  4.157  318.787
2023-09-18T19:46:30Z  498.189  -39.365  124.412  9.25836E-16  SWARM-A  4.167  320.692
2023-09-18T19:47:00Z  497.353  -37.460  124.429  9.25201E-16  SWARM-A  4.176  322.598
2023-09-18T19:47:30Z  496.522  -35.554  124.440  9.24074E-16  SWARM-A  4.185  324.504
2023-09-18T19:48:00Z  495.697  -33.647  124.445  9.22975E-16  SWARM-A  4.194  326.410
2023-09-18T19:48:30Z  494.883  -31.739  124.444  9.22239E-16  SWARM-A  4.202  328.316
2023-09-18T19:49:00Z  494.080  -29.830  124.438  9.21809E-16  SWARM-A  4.210  330.222
2023-09-18T19:49:30Z  493.293  -27.920  124.427  9.21667E-16  SWARM-A  4.218  332.128
2023-09-18T19:50:00Z  492.524  -26.009  124.413  9.21936E-16  SWARM-A  4.225  334.035
2023-09-18T19:50:30Z  491.775  -24.097  124.395  9.22543E-16  SWARM-A  4.232  335.942
2023-09-18T19:51:00Z  491.049  -22.184  124.374  9.23470E-16  SWARM-A  4.239  337.849
2023-09-18T19:51:30Z  490.348  -20.271  124.350  9.24689E-16  SWARM-A  4.246  339.756
2023-09-18T19:52:00Z  489.673  -18.356  124.324  9.26171E-16  SWARM-A  4.253  341.663
2023-09-18T19:52:30Z  489.028  -16.441  124.295  9.27897E-16  SWARM-A  4.259  343.571
2023-09-18T19:53:00Z  488.413  -14.526  124.265  9.29830E-16  SWARM-A  4.265  345.478
2023-09-18T19:53:30Z  487.832  -12.609  124.233  9.31932E-16  SWARM-A  4.272  347.386
2023-09-18T19:54:00Z  487.284  -10.692  124.200  9.34180E-16  SWARM-A  4.278  349.294
2023-09-18T19:54:30Z  486.772  -8.775  124.166  9.36499E-16  SWARM-A  4.284  351.202
2023-09-18T19:55:00Z  486.297  -6.857  124.130  9.38896E-16  SWARM-A  4.290  353.111
2023-09-18T19:55:30Z  485.860  -4.939  124.094  9.41286E-16  SWARM-A  4.296  355.019
2023-09-18T19:56:00Z  485.462  -3.020  124.058  9.43672E-16  SWARM-A  4.302  356.928
2023-09-18T19:56:30Z  485.103  -1.102  124.021  9.45997E-16  SWARM-A  4.308  358.837
2023-09-18T19:57:00Z  484.784  0.817  123.984  9.48239E-16  SWARM-A  4.313  0.746
2023-09-18T19:57:30Z  484.506  2.737  123.947  9.50383E-16  SWARM-A  4.319  2.656
2023-09-18T19:58:00Z  484.269  4.656  123.911  9.52441E-16  SWARM-A  4.325  4.565
2023-09-18T19:58:30Z  484.072  6.575  123.875  9.54392E-16  SWARM-A  4.331  6.475
2023-09-18T19:59:00Z  483.916  8.495  123.840  9.56246E-16  SWARM-A  4.337  8.385
2023-09-18T19:59:30Z  483.800  10.414  123.805  9.58017E-16  SWARM-A  4.343  10.295
2023-09-18T20:00:00Z  483.723  12.333  123.772  9.59767E-16  SWARM-A  4.349  12.205
2023-09-18T20:00:30Z  483.686  14.252  123.740  9.61487E-16  SWARM-A  4.355  14.115
2023-09-18T20:01:00Z  483.687  16.170  123.710  9.63261E-16  SWARM-A  4.362  16.026
2023-09-18T20:01:30Z  483.724  18.089  123.681  9.65090E-16  SWARM-A  4.368  17.936
2023-09-18T20:02:00Z  483.798  20.006  123.655  9.67035E-16  SWARM-A  4.375  19.847
2023-09-18T20:02:30Z  483.907  21.924  123.631  9.69120E-16  SWARM-A  4.382  21.758
2023-09-18T20:03:00Z  484.048  23.841  123.610  9.71349E-16  SWARM-A  4.388  23.669
2023-09-18T20:03:30Z  484.221  25.757  123.591  9.73836E-16  SWARM-A  4.396  25.580
2023-09-18T20:04:00Z  484.424  27.673  123.577  9.76529E-16  SWARM-A  4.403  27.492
2023-09-18T20:04:30Z  484.655  29.589  123.566  9.79432E-16  SWARM-A  4.411  29.403
2023-09-18T20:05:00Z  484.912  31.503  123.560  9.82525E-16  SWARM-A  4.418  31.315
2023-09-18T20:05:30Z  485.193  33.417  123.559  9.85819E-16  SWARM-A  4.427  33.227
2023-09-18T20:06:00Z  485.495  35.330  123.563  9.89354E-16  SWARM-A  4.435  35.138
2023-09-18T20:06:30Z  485.817  37.243  123.573  9.93107E-16  SWARM-A  4.444  37.050
2023-09-18T20:07:00Z  486.156  39.154  123.591  9.97064E-16  SWARM-A  4.454  38.962
2023-09-18T20:07:30Z  486.510  41.065  123.616  1.00130E-15  SWARM-A  4.464  40.875
2023-09-18T20:08:00Z  486.877  42.975  123.651  1.00583E-15  SWARM-A  4.475  42.787
2023-09-18T20:08:30Z  487.253  44.884  123.696  1.01046E-15  SWARM-A  4.486  44.699
2023-09-18T20:09:00Z  487.638  46.792  123.752  1.01539E-15  SWARM-A  4.498  46.612
2023-09-18T20:09:30Z  488.027  48.699  123.821  1.02068E-15  SWARM-A  4.511  48.524
2023-09-18T20:10:00Z  488.419  50.605  123.906  1.02615E-15  SWARM-A  4.525  50.437
2023-09-18T20:10:30Z  488.811  52.509  124.009  1.03176E-15  SWARM-A  4.540  52.350
2023-09-18T20:11:00Z  489.202  54.413  124.132  1.03775E-15  SWARM-A  4.557  54.263
2023-09-18T20:11:30Z  489.588  56.315  124.279  1.04425E-15  SWARM-A  4.575  56.175
2023-09-18T20:12:00Z  489.967  58.216  124.455  1.05149E-15  SWARM-A  4.595  58.088
2023-09-18T20:12:30Z  490.337  60.116  124.664  1.05985E-15  SWARM-A  4.617  60.001
2023-09-18T20:13:00Z  490.696  62.014  124.915  1.06963E-15  SWARM-A  4.642  61.915
2023-09-18T20:13:30Z  491.042  63.910  125.215  1.08083E-15  SWARM-A  4.671  63.828
2023-09-18T20:14:00Z  491.372  65.805  125.577  1.09302E-15  SWARM-A  4.703  65.741
2023-09-18T20:14:30Z  491.686  67.697  126.017  1.10629E-15  SWARM-A  4.741  67.654
2023-09-18T20:15:00Z  491.980  69.586  126.555  1.12034E-15  SWARM-A  4.785  69.568
2023-09-18T20:15:30Z  492.254  71.472  127.221  1.13495E-15  SWARM-A  4.838  71.481
2023-09-18T20:16:00Z  492.506  73.353  128.060  1.14925E-15  SWARM-A  4.902  73.394
2023-09-18T20:16:30Z  492.734  75.228  129.136  1.16377E-15  SWARM-A  4.982  75.308
2023-09-18T20:17:00Z  492.938  77.095  130.552  1.17894E-15  SWARM-A  5.085  77.221
2023-09-18T20:17:30Z  493.115  78.950  132.476  1.19489E-15  SWARM-A  5.221  79.135
2023-09-18T20:18:00Z  493.265  80.785  135.210  1.21194E-15  SWARM-A  5.412  81.048
2023-09-18T20:18:30Z  493.388  82.587  139.333  1.23017E-15  SWARM-A  5.695  82.962
2023-09-18T20:19:00Z  493.482  84.322  146.094  1.24976E-15  SWARM-A  6.154  84.875
2023-09-18T20:19:30Z  493.547  85.908  158.488  1.27079E-15  SWARM-A  6.989  86.789
2023-09-18T20:20:00Z  493.582  87.088  -176.670  1.29324E-15  SWARM-A  8.653  88.702
2023-09-18T20:20:30Z  493.588  87.271  -137.551  1.31791E-15  SWARM-A  11.269  90.616
2023-09-18T20:21:00Z  493.564  86.307  -107.740  1.34513E-15  SWARM-A  13.265  92.529
2023-09-18T20:21:30Z  493.511  84.798  -92.673  1.37390E-15  SWARM-A  14.278  94.443
2023-09-18T20:22:00Z  493.428  83.093  -84.729  1.40475E-15  SWARM-A  14.816  96.356
2023-09-18T20:22:30Z  493.317  81.306  -80.025  1.43711E-15  SWARM-A  15.138  98.270
2023-09-18T20:23:00Z  493.178  79.478  -76.971  1.47066E-15  SWARM-A  15.350  100.183
2023-09-18T20:23:30Z  493.011  77.628  -74.854  1.50527E-15  SWARM-A  15.499  102.097
2023-09-18T20:24:00Z  492.818  75.764  -73.314  1.54078E-15  SWARM-A  15.610  104.010
2023-09-18T20:24:30Z  492.599  73.891  -72.153  1.57711E-15  SWARM-A  15.696  105.924
2023-09-18T20:25:00Z  492.357  72.011  -71.254  1.61420E-15  SWARM-A  15.764  107.837
2023-09-18T20:25:30Z  492.092  70.127  -70.543  1.65204E-15  SWARM-A  15.820  109.750
2023-09-18T20:26:00Z  491.806  68.238  -69.972  1.69056E-15  SWARM-A  15.866  111.664
2023-09-18T20:26:30Z  491.500  66.347  -69.507  1.72985E-15  SWARM-A  15.906  113.577
2023-09-18T20:27:00Z  491.177  64.453  -69.125  1.76977E-15  SWARM-A  15.940  115.490
2023-09-18T20:27:30Z  490.838  62.558  -68.808  1.81036E-15  SWARM-A  15.969  117.403
2023-09-18T20:28:00Z  490.485  60.660  -68.544  1.85151E-15  SWARM-A  15.995  119.316
2023-09-18T20:28:30Z  490.120  58.761  -68.323  1.89305E-15  SWARM-A  16.018  121.230
2023-09-18T20:29:00Z  489.746  56.860  -68.139  1.93460E-15  SWARM-A  16.039  123.142
2023-09-18T20:29:30Z  489.365  54.958  -67.984  1.97550E-15  SWARM-A  16.057  125.055
2023-09-18T20:30:00Z  488.978  53.055  -67.854  2.01497E-15  SWARM-A  16.074  126.968
2023-09-18T20:30:30Z  488.589  51.151  -67.746  2.05194E-15  SWARM-A  16.090  128.881
2023-09-18T20:31:00Z  488.199  49.245  -67.656  2.08692E-15  SWARM-A  16.104  130.794
2023-09-18T20:31:30Z  487.812  47.339  -67.583  2.11969E-15  SWARM-A  16.117  132.706
2023-09-18T20:32:00Z  487.429  45.431  -67.523  2.15051E-15  SWARM-A  16.130  134.619
2023-09-18T20:32:30Z  487.053  43.522  -67.475  2.17965E-15  SWARM-A  16.141  136.531
2023-09-18T20:33:00Z  486.686  41.613  -67.437  2.20720E-15  SWARM-A  16.152  138.443
2023-09-18T20:33:30Z  486.331  39.702  -67.409  2.23307E-15  SWARM-A  16.162  140.355
2023-09-18T20:34:00Z  485.991  37.791  -67.390  2.25711E-15  SWARM-A  16.172  142.267
2023-09-18T20:34:30Z  485.667  35.879  -67.377  2.27917E-15  SWARM-A  16.181  144.179
2023-09-18T20:35:00Z  485.362  33.966  -67.371  2.29918E-15  SWARM-A  16.190  146.091
2023-09-18T20:35:30Z  485.078  32.052  -67.371  2.31719E-15  SWARM-A  16.198  148.003
2023-09-18T20:36:00Z  484.818  30.138  -67.376  2.33327E-15  SWARM-A  16.206  149.914
2023-09-18T20:36:30Z  484.583  28.223  -67.385  2.34755E-15  SWARM-A  16.214  151.826
2023-09-18T20:37:00Z  484.375  26.307  -67.399  2.36018E-15  SWARM-A  16.221  153.737
2023-09-18T20:37:30Z  484.197  24.391  -67.416  2.37128E-15  SWARM-A  16.229  155.648
2023-09-18T20:38:00Z  484.050  22.474  -67.436  2.38100E-15  SWARM-A  16.236  157.559
2023-09-18T20:38:30Z  483.936  20.557  -67.459  2.38949E-15  SWARM-A  16.242  159.470
2023-09-18T20:39:00Z  483.857  18.639  -67.485  2.39678E-15  SWARM-A  16.249  161.381
2023-09-18T20:39:30Z  483.813  16.721  -67.513  2.40293E-15  SWARM-A  16.255  163.292
2023-09-18T20:40:00Z  483.805  14.803  -67.543  2.40794E-15  SWARM-A  16.262  165.202
2023-09-18T20:40:30Z  483.836  12.884  -67.574  2.41183E-15  SWARM-A  16.268  167.112
2023-09-18T20:41:00Z  483.906  10.965  -67.607  2.41455E-15  SWARM-A  16.274  169.023
2023-09-18T20:41:30Z  484.015  9.046  -67.641  2.41602E-15  SWARM-A  16.280  170.933
2023-09-18T20:42:00Z  484.164  7.127  -67.676  2.41622E-15  SWARM-A  16.286  172.842
2023-09-18T20:42:30Z  484.354  5.208  -67.712  2.41502E-15  SWARM-A  16.292  174.752
2023-09-18T20:43:00Z  484.584  3.289  -67.748  2.41232E-15  SWARM-A  16.298  176.661
2023-09-18T20:43:30Z  484.855  1.370  -67.785  2.40810E-15  SWARM-A  16.304  178.571
2023-09-18T20:44:00Z  485.167  -0.549  -67.822  2.40217E-15  SWARM-A  16.310  180.480
2023-09-18T20:44:30Z  485.519  -2.468  -67.859  2.39454E-15  SWARM-A  16.316  182.389
2023-09-18T20:45:00Z  485.910  -4.387  -67.895  2.38506E-15  SWARM-A  16.322  184.297
2023-09-18T20:45:30Z  486.340  -6.305  -67.931  2.37371E-15  SWARM-A  16.328  186.206
2023-09-18T20:46:00Z  486.809  -8.223  -67.967  2.36049E-15  SWARM-A  16.334  188.114
2023-09-18T20:46:30Z  487.314  -10.140  -68.001  2.34538E-15  SWARM-A  16.340  190.023
2023-09-18T20:47:00Z  487.855  -12.057  -68.035  2.32838E-15  SWARM-A  16.346  191.931
2023-09-18T20:47:30Z  488.431  -13.974  -68.067  2.30952E-15  SWARM-A  16.352  193.838
2023-09-18T20:48:00Z  489.039  -15.889  -68.098  2.28887E-15  SWARM-A  16.358  195.746
2023-09-18T20:48:30Z  489.679  -17.805  -68.127  2.26647E-15  SWARM-A  16.365  197.654
2023-09-18T20:49:00Z  490.348  -19.719  -68.154  2.24244E-15  SWARM-A  16.371  199.561
2023-09-18T20:49:30Z  491.044  -21.633  -68.178  2.21672E-15  SWARM-A  16.378  201.468
2023-09-18T20:50:00Z  491.765  -23.546  -68.200  2.18968E-15  SWARM-A  16.385  203.375
2023-09-18T20:50:30Z  492.509  -25.458  -68.219  2.16101E-15  SWARM-A  16.392  205.282
2023-09-18T20:51:00Z  493.273  -27.369  -68.234  2.13075E-15  SWARM-A  16.399  207.188
2023-09-18T20:51:30Z  494.056  -29.279  -68.246  2.09943E-15  SWARM-A  16.407  209.094
2023-09-18T20:52:00Z  494.854  -31.188  -68.253  2.06719E-15  SWARM-A  16.414  211.001
2023-09-18T20:52:30Z  495.665  -33.097  -68.256  2.03420E-15  SWARM-A  16.423  212.907
2023-09-18T20:53:00Z  496.486  -35.004  -68.253  2.00064E-15  SWARM-A  16.431  214.812
2023-09-18T20:53:30Z  497.315  -36.910  -68.244  1.96663E-15  SWARM-A  16.440  216.718
2023-09-18T20:54:00Z  498.148  -38.815  -68.228  1.93241E-15  SWARM-A  16.449  218.624
2023-09-18T20:54:30Z  498.983  -40.719  -68.204  1.89808E-15  SWARM-A  16.459  220.529
2023-09-18T20:55:00Z  499.817  -42.622  -68.172  1.86381E-15  SWARM-A  16.470  222.434
2023-09-18T20:55:30Z  500.647  -44.524  -68.130  1.82980E-15  SWARM-A  16.481  224.339
2023-09-18T20:56:00Z  501.470  -46.425  -68.077  1.79591E-15  SWARM-A  16.493  226.244
2023-09-18T20:56:30Z  502.283  -48.324  -68.011  1.76241E-15  SWARM-A  16.506  228.149
2023-09-18T20:57:00Z  503.083  -50.222  -67.930  1.72955E-15  SWARM-A  16.519  230.053
2023-09-18T20:57:30Z  503.868  -52.119  -67.832  1.69748E-15  SWARM-A  16.534  231.958
2023-09-18T20:58:00Z  504.634  -54.014  -67.715  1.66626E-15  SWARM-A  16.550  233.862
2023-09-18T20:58:30Z  505.379  -55.908  -67.574  1.63596E-15  SWARM-A  16.568  235.766
2023-09-18T20:59:00Z  506.100  -57.800  -67.407  1.60659E-15  SWARM-A  16.588  237.670
2023-09-18T20:59:30Z  506.795  -59.691  -67.207  1.57835E-15  SWARM-A  16.609  239.574
2023-09-18T21:00:00Z  507.461  -61.581  -66.968  1.55150E-15  SWARM-A  16.634  241.478
2023-09-18T21:00:30Z  508.095  -63.468  -66.682  1.52576E-15  SWARM-A  16.661  243.382
2023-09-18T21:01:00Z  508.696  -65.353  -66.338  1.50076E-15  SWARM-A  16.692  245.285
2023-09-18T21:01:30Z  509.261  -67.236  -65.922  1.47629E-15  SWARM-A  16.728  247.189
2023-09-18T21:02:00Z  509.788  -69.116  -65.414  1.45219E-15  SWARM-A  16.770  249.092
2023-09-18T21:02:30Z  510.275  -70.993  -64.787  1.42828E-15  SWARM-A  16.821  250.995
2023-09-18T21:03:00Z  510.720  -72.866  -64.002  1.40450E-15  SWARM-A  16.881  252.899
2023-09-18T21:03:30Z  511.122  -74.733  -63.002  1.38097E-15  SWARM-A  16.956  254.802
2023-09-18T21:04:00Z  511.480  -76.592  -61.698  1.35793E-15  SWARM-A  17.052  256.705
2023-09-18T21:04:30Z  511.791  -78.441  -59.945  1.33570E-15  SWARM-A  17.177  258.608
2023-09-18T21:05:00Z  512.056  -80.273  -57.492  1.31439E-15  SWARM-A  17.349  260.511
2023-09-18T21:05:30Z  512.272  -82.076  -53.870  1.29399E-15  SWARM-A  17.598  262.414
2023-09-18T21:06:00Z  512.439  -83.826  -48.102  1.27437E-15  SWARM-A  17.991  264.317
2023-09-18T21:06:30Z  512.557  -85.462  -37.923  1.25462E-15  SWARM-A  18.678  266.220
2023-09-18T21:07:00Z  512.625  -86.803  -17.871  1.23441E-15  SWARM-A  20.023  268.123
2023-09-18T21:07:30Z  512.643  -87.355  18.257  1.21402E-15  SWARM-A  22.440  270.026
2023-09-18T21:08:00Z  512.610  -86.695  53.033  1.19485E-15  SWARM-A  0.767  271.929
2023-09-18T21:08:30Z  512.527  -85.310  71.751  1.17692E-15  SWARM-A  2.023  273.832
2023-09-18T21:09:00Z  512.395  -83.659  81.331  1.15979E-15  SWARM-A  2.670  275.735
2023-09-18T21:09:30Z  512.212  -81.901  86.820  1.14335E-15  SWARM-A  3.044  277.638
2023-09-18T21:10:00Z  511.981  -80.095  90.297  1.12765E-15  SWARM-A  3.285  279.541
2023-09-18T21:10:30Z  511.702  -78.261  92.665  1.11278E-15  SWARM-A  3.451  281.444
2023-09-18T21:11:00Z  511.376  -76.411  94.365  1.09888E-15  SWARM-A  3.572  283.347
2023-09-18T21:11:30Z  511.004  -74.551  95.635  1.08606E-15  SWARM-A  3.665  285.250
2023-09-18T21:12:00Z  510.587  -72.683  96.610  1.07441E-15  SWARM-A  3.739  287.154
2023-09-18T21:12:30Z  510.128  -70.810  97.377  1.06391E-15  SWARM-A  3.798  289.057
2023-09-18T21:13:00Z  509.627  -68.933  97.991  1.05463E-15  SWARM-A  3.848  290.960
2023-09-18T21:13:30Z  509.086  -67.052  98.489  1.04656E-15  SWARM-A  3.889  292.864
2023-09-18T21:14:00Z  508.508  -65.169  98.898  1.03947E-15  SWARM-A  3.925  294.767
2023-09-18T21:14:30Z  507.895  -63.283  99.235  1.03321E-15  SWARM-A  3.955  296.671
2023-09-18T21:15:00Z  507.248  -61.396  99.516  1.02789E-15  SWARM-A  3.983  298.575
2023-09-18T21:15:30Z  506.571  -59.506  99.751  1.02339E-15  SWARM-A  4.006  300.479
2023-09-18T21:16:00Z  505.864  -57.615  99.948  1.01961E-15  SWARM-A  4.028  302.383
2023-09-18T21:16:30Z  505.132  -55.722  100.113  1.01643E-15  SWARM-A  4.047  304.287
2023-09-18T21:17:00Z  504.377  -53.828  100.251  1.01395E-15  SWARM-A  4.065  306.191
2023-09-18T21:17:30Z  503.600  -51.932  100.366  1.01213E-15  SWARM-A  4.081  308.096
2023-09-18T21:18:00Z  502.806  -50.035  100.462  1.01107E-15  SWARM-A  4.096  310.000
2023-09-18T21:18:30Z  501.997  -48.137  100.541  1.01082E-15  SWARM-A  4.109  311.905
2023-09-18T21:19:00Z  501.175  -46.238  100.606  1.01107E-15  SWARM-A  4.122  313.810
2023-09-18T21:19:30Z  500.345  -44.337  100.658  1.01187E-15  SWARM-A  4.134  315.715
2023-09-18T21:20:00Z  499.508  -42.435  100.699  1.01298E-15  SWARM-A  4.145  317.620
2023-09-18T21:20:30Z  498.667  -40.532  100.730  1.01370E-15  SWARM-A  4.155  319.525
2023-09-18T21:21:00Z  497.826  -38.627  100.753  1.01352E-15  SWARM-A  4.165  321.431
2023-09-18T21:21:30Z  496.987  -36.722  100.768  1.01227E-15  SWARM-A  4.174  323.336
2023-09-18T21:22:00Z  496.154  -34.816  100.776  1.01011E-15  SWARM-A  4.183  325.242
2023-09-18T21:22:30Z  495.329  -32.908  100.779  1.00751E-15  SWARM-A  4.192  327.148
2023-09-18T21:23:00Z  494.514  -31.000  100.776  1.00485E-15  SWARM-A  4.200  329.054
2023-09-18T21:23:30Z  493.714  -29.090  100.768  1.00229E-15  SWARM-A  4.208  330.961
2023-09-18T21:24:00Z  492.929  -27.180  100.756  9.99732E-16  SWARM-A  4.215  332.867
2023-09-18T21:24:30Z  492.164  -25.268  100.740  9.97458E-16  SWARM-A  4.222  334.774
2023-09-18T21:25:00Z  491.420  -23.356  100.721  9.95455E-16  SWARM-A  4.230  336.681
2023-09-18T21:25:30Z  490.699  -21.443  100.699  9.93700E-16  SWARM-A  4.236  338.588
2023-09-18T21:26:00Z  490.005  -19.529  100.674  9.92152E-16  SWARM-A  4.243  340.495
2023-09-18T21:26:30Z  489.338  -17.614  100.647  9.90776E-16  SWARM-A  4.250  342.402
2023-09-18T21:27:00Z  488.702  -15.699  100.618  9.89557E-16  SWARM-A  4.256  344.310
2023-09-18T21:27:30Z  488.097  -13.783  100.587  9.88434E-16  SWARM-A  4.262  346.218
2023-09-18T21:28:00Z  487.526  -11.866  100.555  9.87387E-16  SWARM-A  4.268  348.126
2023-09-18T21:28:30Z  486.990  -9.949  100.521  9.86342E-16  SWARM-A  4.275  350.034
2023-09-18T21:29:00Z  486.490  -8.032  100.486  9.85244E-16  SWARM-A  4.281  351.942
2023-09-18T21:29:30Z  486.028  -6.114  100.451  9.84114E-16  SWARM-A  4.287  353.851
2023-09-18T21:30:00Z  485.605  -4.195  100.415  9.82904E-16  SWARM-A  4.292  355.760
2023-09-18T21:30:30Z  485.220  -2.276  100.378  9.81521E-16  SWARM-A  4.298  357.668
2023-09-18T21:31:00Z  484.876  -0.357  100.341  9.79965E-16  SWARM-A  4.304  359.578
2023-09-18T21:31:30Z  484.573  1.562  100.305  9.78209E-16  SWARM-A  4.310  1.487
2023-09-18T21:32:00Z  484.310  3.481  100.268  9.76245E-16  SWARM-A  4.316  3.396
2023-09-18T21:32:30Z  484.088  5.400  100.232  9.74048E-16  SWARM-A  4.322  5.306
2023-09-18T21:33:00Z  483.907  7.320  100.196  9.71613E-16  SWARM-A  4.328  7.216
2023-09-18T21:33:30Z  483.766  9.239  100.161  9.68986E-16  SWARM-A  4.334  9.126
2023-09-18T21:34:00Z  483.666  11.158  100.127  9.66220E-16  SWARM-A  4.340  11.036
2023-09-18T21:34:30Z  483.606  13.077  100.094  9.63293E-16  SWARM-A  4.346  12.946
2023-09-18T21:35:00Z  483.584  14.996  100.063  9.60288E-16  SWARM-A  4.352  14.856
2023-09-18T21:35:30Z  483.601  16.914  100.033  9.57309E-16  SWARM-A  4.359  16.767
2023-09-18T21:36:00Z  483.654  18.833  100.006  9.54369E-16  SWARM-A  4.365  18.678
2023-09-18T21:36:30Z  483.744  20.750  99.980  9.51537E-16  SWARM-A  4.372  20.589
2023-09-18T21:37:00Z  483.867  22.668  99.957  9.48874E-16  SWARM-A  4.379  22.500
2023-09-18T21:37:30Z  484.024  24.585  99.937  9.46259E-16  SWARM-A  4.386  24.411
2023-09-18T21:38:00Z  484.211  26.501  99.921  9.43867E-16  SWARM-A  4.393  26.322
2023-09-18T21:38:30Z  484.428  28.417  99.908  9.41745E-16  SWARM-A  4.400  28.233
2023-09-18T21:39:00Z  484.672  30.332  99.899  9.39936E-16  SWARM-A  4.408  30.145
2023-09-18T21:39:30Z  484.942  32.246  99.894  9.38461E-16  SWARM-A  4.416  32.057
2023-09-18T21:40:00Z  485.235  34.160  99.895  9.37350E-16  SWARM-A  4.425  33.968
2023-09-18T21:40:30Z  485.549  36.073  99.902  9.36610E-16  SWARM-A  4.433  35.880
2023-09-18T21:41:00Z  485.881  37.985  99.915  9.36276E-16  SWARM-A  4.443  37.792
2023-09-18T21:41:30Z  486.231  39.896  99.936  9.36344E-16  SWARM-A  4.452  39.705
2023-09-18T21:42:00Z  486.594  41.806  99.965  9.36810E-16  SWARM-A  4.463  41.617
2023-09-18T21:42:30Z  486.970  43.716  100.003  9.37582E-16  SWARM-A  4.473  43.529
2023-09-18T21:43:00Z  487.355  45.624  100.052  9.38635E-16  SWARM-A  4.485  45.442
2023-09-18T21:43:30Z  487.746  47.532  100.113  9.40160E-16  SWARM-A  4.497  47.354
2023-09-18T21:44:00Z  488.143  49.439  100.189  9.42139E-16  SWARM-A  4.511  49.267
2023-09-18T21:44:30Z  488.541  51.344  100.280  9.44635E-16  SWARM-A  4.525  51.179
2023-09-18T21:45:00Z  488.939  53.248  100.390  9.47792E-16  SWARM-A  4.541  53.092
2023-09-18T21:45:30Z  489.333  55.152  100.522  9.51761E-16  SWARM-A  4.558  55.005
2023-09-18T21:46:00Z  489.723  57.053  100.680  9.56760E-16  SWARM-A  4.577  56.918
2023-09-18T21:46:30Z  490.105  58.954  100.869  9.63063E-16  SWARM-A  4.598  58.831
2023-09-18T21:47:00Z  490.478  60.853  101.093  9.70785E-16  SWARM-A  4.621  60.744
2023-09-18T21:47:30Z  490.839  62.750  101.362  9.79960E-16  SWARM-A  4.647  62.657
2023-09-18T21:48:00Z  491.185  64.646  101.685  9.89960E-16  SWARM-A  4.677  64.570
2023-09-18T21:48:30Z  491.516  66.539  102.075  1.00089E-15  SWARM-A  4.712  66.484
2023-09-18T21:49:00Z  491.829  68.430  102.550  1.01244E-15  SWARM-A  4.752  68.397
2023-09-18T21:49:30Z  492.123  70.318  103.134  1.02441E-15  SWARM-A  4.799  70.310
2023-09-18T21:50:00Z  492.395  72.202  103.862  1.03705E-15  SWARM-A  4.856  72.224
2023-09-18T21:50:30Z  492.644  74.081  104.784  1.05040E-15  SWARM-A  4.925  74.137
2023-09-18T21:51:00Z  492.869  75.954  105.977  1.06456E-15  SWARM-A  5.013  76.050
2023-09-18T21:51:30Z  493.069  77.817  107.566  1.07967E-15  SWARM-A  5.128  77.964
2023-09-18T21:52:00Z  493.243  79.665  109.759  1.09584E-15  SWARM-A  5.282  79.877
2023-09-18T21:52:30Z  493.389  81.489  112.940  1.11319E-15  SWARM-A  5.503  81.791
2023-09-18T21:53:00Z  493.507  83.270  117.880  1.13176E-15  SWARM-A  5.840  83.704
2023-09-18T21:53:30Z  493.596  84.963  126.312  1.15158E-15  SWARM-A  6.411  85.618
2023-09-18T21:54:00Z  493.656  86.438  142.488  1.17264E-15  SWARM-A  7.497  87.531
2023-09-18T21:54:30Z  493.686  87.311  174.055  1.19505E-15  SWARM-A  9.610  89.445
2023-09-18T21:55:00Z  493.686  87.000  -147.480  1.21979E-15  SWARM-A  12.183  91.358
2023-09-18T21:55:30Z  493.657  85.758  -124.305  1.24645E-15  SWARM-A  13.736  93.272
2023-09-18T21:56:00Z  493.598  84.150  -112.712  1.27425E-15  SWARM-A  14.517  95.185
2023-09-18T21:56:30Z  493.510  82.406  -106.310  1.30323E-15  SWARM-A  14.953  97.099
2023-09-18T21:57:00Z  493.393  80.600  -102.367  1.33334E-15  SWARM-A  15.224  99.012
2023-09-18T21:57:30Z  493.249  78.763  -99.734  1.36452E-15  SWARM-A  15.408  100.925
2023-09-18T21:58:00Z  493.077  76.906  -97.871  1.39669E-15  SWARM-A  15.540  102.839
2023-09-18T21:58:30Z  492.880  75.039  -96.496  1.42978E-15  SWARM-A  15.640  104.752
2023-09-18T21:59:00Z  492.657  73.163  -95.447  1.46371E-15  SWARM-A  15.718  106.665
2023-09-18T21:59:30Z  492.411  71.281  -94.628  1.49834E-15  SWARM-A  15.781  108.579
2023-09-18T22:00:00Z  492.143  69.395  -93.976  1.53364E-15  SWARM-A  15.833  110.492
2023-09-18T22:00:30Z  491.854  67.506  -93.449  1.56952E-15  SWARM-A  15.877  112.405
2023-09-18T22:01:00Z  491.547  65.614  -93.018  1.60590E-15  SWARM-A  15.914  114.318
2023-09-18T22:01:30Z  491.222  63.719  -92.662  1.64278E-15  SWARM-A  15.946  116.231
2023-09-18T22:02:00Z  490.882  61.823  -92.367  1.68040E-15  SWARM-A  15.974  118.144
2023-09-18T22:02:30Z  490.529  59.925  -92.121  1.71883E-15  SWARM-A  15.999  120.057
2023-09-18T22:03:00Z  490.166  58.025  -91.915  1.75795E-15  SWARM-A  16.021  121.970
2023-09-18T22:03:30Z  489.793  56.124  -91.742  1.79793E-15  SWARM-A  16.040  123.883
2023-09-18T22:04:00Z  489.414  54.222  -91.598  1.83869E-15  SWARM-A  16.058  125.796
2023-09-18T22:04:30Z  489.030  52.318  -91.477  1.88011E-15  SWARM-A  16.075  127.709
2023-09-18T22:05:00Z  488.645  50.413  -91.376  1.92155E-15  SWARM-A  16.090  129.621
2023-09-18T22:05:30Z  488.260  48.507  -91.293  1.96213E-15  SWARM-A  16.104  131.534
2023-09-18T22:06:00Z  487.877  46.601  -91.224  2.00085E-15  SWARM-A  16.117  133.446
2023-09-18T22:06:30Z  487.500  44.693  -91.169  2.03712E-15  SWARM-A  16.129  135.358
2023-09-18T22:07:00Z  487.130  42.784  -91.126  2.07064E-15  SWARM-A  16.140  137.271
2023-09-18T22:07:30Z  486.771  40.874  -91.092  2.10146E-15  SWARM-A  16.150  139.183
2023-09-18T22:08:00Z  486.424  38.963  -91.067  2.12981E-15  SWARM-A  16.160  141.095
2023-09-18T22:08:30Z  486.092  37.052  -91.051  2.15591E-15  SWARM-A  16.170  143.007
2023-09-18T22:09:00Z  485.777  35.140  -91.041  2.18009E-15  SWARM-A  16.179  144.918
2023-09-18T22:09:30Z  485.482  33.227  -91.037  2.20252E-15  SWARM-A  16.188  146.830
2023-09-18T22:10:00Z  485.208  31.313  -91.039  2.22342E-15  SWARM-A  16.196  148.742
2023-09-18T22:10:30Z  484.959  29.398  -91.045  2.24288E-15  SWARM-A  16.204  150.653
2023-09-18T22:11:00Z  484.735  27.483  -91.056  2.26100E-15  SWARM-A  16.211  152.564
2023-09-18T22:11:30Z  484.539  25.567  -91.071  2.27791E-15  SWARM-A  16.219  154.475
2023-09-18T22:12:00Z  484.372  23.651  -91.090  2.29361E-15  SWARM-A  16.226  156.386
2023-09-18T22:12:30Z  484.237  21.734  -91.111  2.30824E-15  SWARM-A  16.233  158.297
2023-09-18T22:13:00Z  484.136  19.817  -91.135  2.32179E-15  SWARM-A  16.239  160.208
2023-09-18T22:13:30Z  484.068  17.899  -91.162  2.33423E-15  SWARM-A  16.246  162.118
2023-09-18T22:14:00Z  484.036  15.981  -91.190  2.34560E-15  SWARM-A  16.252  164.029
2023-09-18T22:14:30Z  484.042  14.063  -91.221  2.35585E-15  SWARM-A  16.259  165.939
2023-09-18T22:15:00Z  484.085  12.144  -91.253  2.36487E-15  SWARM-A  16.265  167.849
2023-09-18T22:15:30Z  484.166  10.225  -91.286  2.37251E-15  SWARM-A  16.271  169.759
2023-09-18T22:16:00Z  484.288  8.306  -91.321  2.37873E-15  SWARM-A  16.277  171.669
2023-09-18T22:16:30Z  484.449  6.387  -91.356  2.38347E-15  SWARM-A  16.283  173.579
2023-09-18T22:17:00Z  484.650  4.468  -91.392  2.38654E-15  SWARM-A  16.289  175.488
2023-09-18T22:17:30Z  484.892  2.549  -91.428  2.38778E-15  SWARM-A  16.295  177.397
2023-09-18T22:18:00Z  485.175  0.630  -91.465  2.38717E-15  SWARM-A  16.301  179.306
2023-09-18T22:18:30Z  485.497  -1.289  -91.502  2.38464E-15  SWARM-A  16.307  181.215
2023-09-18T22:19:00Z  485.860  -3.207  -91.539  2.38059E-15  SWARM-A  16.312  183.124
2023-09-18T22:19:30Z  486.261  -5.126  -91.575  2.37443E-15  SWARM-A  16.318  185.033
2023-09-18T22:20:00Z  486.702  -7.044  -91.611  2.36613E-15  SWARM-A  16.324  186.941
2023-09-18T22:20:30Z  487.180  -8.961  -91.646  2.35569E-15  SWARM-A  16.330  188.849
2023-09-18T22:21:00Z  487.694  -10.878  -91.680  2.34310E-15  SWARM-A  16.336  190.757
2023-09-18T22:21:30Z  488.244  -12.795  -91.713  2.32844E-15  SWARM-A  16.342  192.665
2023-09-18T22:22:00Z  488.827  -14.711  -91.745  2.31173E-15  SWARM-A  16.349  194.573
2023-09-18T22:22:30Z  489.443  -16.627  -91.775  2.29307E-15  SWARM-A  16.355  196.480
2023-09-18T22:23:00Z  490.089  -18.541  -91.803  2.27253E-15  SWARM-A  16.361  198.388
2023-09-18T22:23:30Z  490.764  -20.455  -91.829  2.25017E-15  SWARM-A  16.368  200.295
2023-09-18T22:24:00Z  491.465  -22.369  -91.853  2.22610E-15  SWARM-A  16.375  202.202
2023-09-18T22:24:30Z  492.190  -24.281  -91.873  2.20045E-15  SWARM-A  16.382  204.108
2023-09-18T22:25:00Z  492.938  -26.193  -91.891  2.17324E-15  SWARM-A  16.389  206.015
2023-09-18T22:25:30Z  493.705  -28.104  -91.905  2.14459E-15  SWARM-A  16.396  207.921
2023-09-18T22:26:00Z  494.489  -30.013  -91.915  2.11455E-15  SWARM-A  16.404  209.828
2023-09-18T22:26:30Z  495.288  -31.922  -91.920  2.08325E-15  SWARM-A  16.412  211.734
2023-09-18T22:27:00Z  496.098  -33.830  -91.921  2.05078E-15  SWARM-A  16.420  213.639
2023-09-18T22:27:30Z  496.918  -35.737  -91.915  2.01731E-15  SWARM-A  16.429  215.545
2023-09-18T22:28:00Z  497.744  -37.643  -91.904  1.98299E-15  SWARM-A  16.438  217.451
2023-09-18T22:28:30Z  498.574  -39.547  -91.885  1.94796E-15  SWARM-A  16.448  219.356
2023-09-18T22:29:00Z  499.404  -41.451  -91.858  1.91237E-15  SWARM-A  16.458  221.261
2023-09-18T22:29:30Z  500.232  -43.353  -91.822  1.87639E-15  SWARM-A  16.469  223.166
2023-09-18T22:30:00Z  501.054  -45.254  -91.776  1.84015E-15  SWARM-A  16.480  225.071
2023-09-18T22:30:30Z  501.869  -47.154  -91.718  1.80347E-15  SWARM-A  16.492  226.976
2023-09-18T22:31:00Z  502.672  -49.053  -91.647  1.76690E-15  SWARM-A  16.505  228.881
2023-09-18T22:31:30Z  503.462  -50.951  -91.559  1.73056E-15  SWARM-A  16.519  230.785
2023-09-18T22:32:00Z  504.235  -52.847  -91.454  1.69463E-15  SWARM-A  16.535  232.689
2023-09-18T22:32:30Z  504.988  -54.742  -91.328  1.65927E-15  SWARM-A  16.552  234.594
2023-09-18T22:33:00Z  505.720  -56.635  -91.178  1.62454E-15  SWARM-A  16.570  236.498
2023-09-18T22:33:30Z  506.426  -58.527  -90.998  1.59049E-15  SWARM-A  16.590  238.402
2023-09-18T22:34:00Z  507.105  -60.417  -90.784  1.55720E-15  SWARM-A  16.613  240.305
2023-09-18T22:34:30Z  507.754  -62.306  -90.528  1.52444E-15  SWARM-A  16.638  242.209
2023-09-18T22:35:00Z  508.371  -64.192  -90.221  1.49197E-15  SWARM-A  16.667  244.113
2023-09-18T22:35:30Z  508.954  -66.077  -89.851  1.45941E-15  SWARM-A  16.700  246.016
2023-09-18T22:36:00Z  509.500  -67.959  -89.402  1.42639E-15  SWARM-A  16.738  247.920
2023-09-18T22:36:30Z  510.007  -69.838  -88.851  1.39295E-15  SWARM-A  16.783  249.823
2023-09-18T22:37:00Z  510.474  -71.713  -88.169  1.35922E-15  SWARM-A  16.837  251.726
2023-09-18T22:37:30Z  510.899  -73.583  -87.309  1.32604E-15  SWARM-A  16.903  253.630
2023-09-18T22:38:00Z  511.279  -75.448  -86.204  1.29444E-15  SWARM-A  16.985  255.533
2023-09-18T22:38:30Z  511.615  -77.304  -84.748  1.26513E-15  SWARM-A  17.090  257.436
2023-09-18T22:39:00Z  511.904  -79.147  -82.764  1.23830E-15  SWARM-A  17.231  259.339
2023-09-18T22:39:30Z  512.146  -80.969  -79.935  1.21343E-15  SWARM-A  17.428  261.242
2023-09-18T22:40:00Z  512.339  -82.756  -75.647  1.19049E-15  SWARM-A  17.722  263.145
2023-09-18T22:40:30Z  512.483  -84.473  -68.568  1.16894E-15  SWARM-A  18.202  265.048
2023-09-18T22:41:00Z  512.578  -86.028  -55.497  1.14815E-15  SWARM-A  19.082  266.951
2023-09-18T22:41:30Z  512.622  -87.146  -29.415  1.12746E-15  SWARM-A  20.829  268.854
2023-09-18T22:42:00Z  512.616  -87.231  9.747  1.10686E-15  SWARM-A  23.448  270.757
2023-09-18T22:42:30Z  512.560  -86.214  38.142  1.08759E-15  SWARM-A  1.350  272.660
2023-09-18T22:43:00Z  512.454  -84.694  52.460  1.06931E-15  SWARM-A  2.312  274.563
2023-09-18T22:43:30Z  512.298  -82.991  60.093  1.05162E-15  SWARM-A  2.830  276.466
2023-09-18T22:44:00Z  512.093  -81.211  64.654  1.03453E-15  SWARM-A  3.142  278.369
2023-09-18T22:44:30Z  511.840  -79.392  67.634  1.01824E-15  SWARM-A  3.349  280.272
2023-09-18T22:45:00Z  511.538  -77.552  69.709  1.00288E-15  SWARM-A  3.496  282.175
2023-09-18T22:45:30Z  511.191  -75.697  71.223  9.88567E-16  SWARM-A  3.605  284.078
2023-09-18T22:46:00Z  510.797  -73.834  72.368  9.75401E-16  SWARM-A  3.690  285.982
2023-09-18T22:46:30Z  510.360  -71.964  73.256  9.63456E-16  SWARM-A  3.757  287.885
2023-09-18T22:47:00Z  509.881  -70.089  73.959  9.52764E-16  SWARM-A  3.812  289.788
2023-09-18T22:47:30Z  509.361  -68.210  74.525  9.43304E-16  SWARM-A  3.858  291.692
2023-09-18T22:48:00Z  508.802  -66.329  74.986  9.35048E-16  SWARM-A  3.898  293.595
2023-09-18T22:48:30Z  508.207  -64.444  75.366  9.27884E-16  SWARM-A  3.931  295.499
2023-09-18T22:49:00Z  507.577  -62.558  75.680  9.21675E-16  SWARM-A  3.961  297.403
2023-09-18T22:49:30Z  506.915  -60.669  75.943  9.16366E-16  SWARM-A  3.986  299.307
2023-09-18T22:50:00Z  506.222  -58.779  76.162  9.11819E-16  SWARM-A  4.009  301.211
2023-09-18T22:50:30Z  505.502  -56.887  76.346  9.07929E-16  SWARM-A  4.030  303.115
2023-09-18T22:51:00Z  504.758  -54.994  76.500  9.04630E-16  SWARM-A  4.049  305.019
2023-09-18T22:51:30Z  503.990  -53.099  76.630  9.01843E-16  SWARM-A  4.065  306.923
2023-09-18T22:52:00Z  503.204  -51.203  76.737  8.99535E-16  SWARM-A  4.081  308.828
2023-09-18T22:52:30Z  502.400  -49.306  76.827  8.97656E-16  SWARM-A  4.095  310.733
2023-09-18T22:53:00Z  501.583  -47.407  76.900  8.95875E-16  SWARM-A  4.109  312.637
2023-09-18T22:53:30Z  500.754  -45.507  76.960  8.94276E-16  SWARM-A  4.121  314.542
2023-09-18T22:54:00Z  499.917  -43.605  77.008  8.92655E-16  SWARM-A  4.132  316.447
2023-09-18T22:54:30Z  499.075  -41.703  77.045  8.90673E-16  SWARM-A  4.143  318.353
2023-09-18T22:55:00Z  498.231  -39.799  77.073  8.88087E-16  SWARM-A  4.153  320.258
2023-09-18T22:55:30Z  497.388  -37.894  77.093  8.84858E-16  SWARM-A  4.163  322.164
2023-09-18T22:56:00Z  496.548  -35.989  77.105  8.81152E-16  SWARM-A  4.172  324.070
2023-09-18T22:56:30Z  495.714  -34.082  77.111  8.77201E-16  SWARM-A  4.181  325.975
2023-09-18T22:57:00Z  494.890  -32.174  77.111  8.72810E-16  SWARM-A  4.189  327.882
2023-09-18T22:57:30Z  494.077  -30.265  77.106  8.68590E-16  SWARM-A  4.197  329.788
2023-09-18T22:58:00Z  493.280  -28.355  77.097  8.64534E-16  SWARM-A  4.205  331.694
2023-09-18T22:58:30Z  492.499  -26.444  77.084  8.60766E-16  SWARM-A  4.212  333.601
2023-09-18T22:59:00Z  491.739  -24.532  77.067  8.57419E-16  SWARM-A  4.220  335.508
2023-09-18T22:59:30Z  491.001  -22.619  77.046  8.54439E-16  SWARM-A  4.227  337.415
2023-09-18T23:00:00Z  490.287  -20.706  77.023  8.52384E-16  SWARM-A  4.233  339.322
2023-09-18T23:00:30Z  489.601  -18.791  76.998  8.50928E-16  SWARM-A  4.240  341.230
2023-09-18T23:01:00Z  488.943  -16.876  76.970  8.49768E-16  SWARM-A  4.247  343.137
2023-09-18T23:01:30Z  488.316  -14.961  76.940  8.48885E-16  SWARM-A  4.253  345.045
2023-09-18T23:02:00Z  487.722  -13.044  76.909  8.48256E-16  SWARM-A  4.259  346.953
2023-09-18T23:02:30Z  487.162  -11.128  76.876  8.47858E-16  SWARM-A  4.265  348.861
2023-09-18T23:03:00Z  486.638  -9.210  76.842  8.47620E-16  SWARM-A  4.271  350.769
2023-09-18T23:03:30Z  486.152  -7.292  76.807  8.47544E-16  SWARM-A  4.277  352.678
2023-09-18T23:04:00Z  485.703  -5.374  76.771  8.47507E-16  SWARM-A  4.283  354.586
2023-09-18T23:04:30Z  485.294  -3.456  76.734  8.46331E-16  SWARM-A  4.289  356.495
2023-09-18T23:05:00Z  484.925  -1.537  76.698  8.45229E-16  SWARM-A  4.295  358.404
2023-09-18T23:05:30Z  484.597  0.382  76.661  8.44249E-16  SWARM-A  4.301  0.314
2023-09-18T23:06:00Z  484.310  2.302  76.624  8.43380E-16  SWARM-A  4.307  2.223
2023-09-18T23:06:30Z  484.064  4.221  76.588  8.42661E-16  SWARM-A  4.313  4.133
2023-09-18T23:07:00Z  483.860  6.141  76.552  8.42117E-16  SWARM-A  4.319  6.042
2023-09-18T23:07:30Z  483.697  8.060  76.516  8.41731E-16  SWARM-A  4.325  7.952
2023-09-18T23:08:00Z  483.575  9.979  76.482  8.41661E-16  SWARM-A  4.331  9.862
2023-09-18T23:08:30Z  483.493  11.898  76.448  8.41871E-16  SWARM-A  4.337  11.773
2023-09-18T23:09:00Z  483.451  13.817  76.416  8.42433E-16  SWARM-A  4.343  13.683
2023-09-18T23:09:30Z  483.448  15.736  76.385  8.43473E-16  SWARM-A  4.349  15.593
2023-09-18T23:10:00Z  483.483  17.655  76.356  8.44789E-16  SWARM-A  4.356  17.504
2023-09-18T23:10:30Z  483.555  19.573  76.330  8.46672E-16  SWARM-A  4.362  19.415
2023-09-18T23:11:00Z  483.662  21.490  76.305  8.49128E-16  SWARM-A  4.369  21.326
2023-09-18T23:11:30Z  483.803  23.408  76.283  8.52195E-16  SWARM-A  4.376  23.237
2023-09-18T23:12:00Z  483.976  25.324  76.265  8.55937E-16  SWARM-A  4.383  25.148
2023-09-18T23:12:30Z  484.180  27.240  76.249  8.60374E-16  SWARM-A  4.390  27.060
2023-09-18T23:13:00Z  484.413  29.156  76.238  8.65529E-16  SWARM-A  4.398  28.971
2023-09-18T23:13:30Z  484.672  31.071  76.231  8.71380E-16  SWARM-A  4.406  30.883
2023-09-18T23:14:00Z  484.956  32.985  76.228  8.77952E-16  SWARM-A  4.414  32.795
2023-09-18T23:14:30Z  485.262  34.898  76.231  8.85218E-16  SWARM-A  4.422  34.707
2023-09-18T23:15:00Z  485.589  36.811  76.240  8.93231E-16  SWARM-A  4.431  36.619
2023-09-18T23:15:30Z  485.934  38.723  76.256  9.01934E-16  SWARM-A  4.441  38.531
2023-09-18T23:16:00Z  486.294  40.634  76.280  9.11300E-16  SWARM-A  4.451  40.443
2023-09-18T23:16:30Z  486.667  42.544  76.312  9.21207E-16  SWARM-A  4.461  42.355
2023-09-18T23:17:00Z  487.052  44.453  76.355  9.31598E-16  SWARM-A  4.472  44.268
2023-09-18T23:17:30Z  487.445  46.361  76.408  9.42618E-16  SWARM-A  4.484  46.180
2023-09-18T23:18:00Z  487.844  48.269  76.475  9.54194E-16  SWARM-A  4.497  48.093
2023-09-18T23:18:30Z  488.246  50.175  76.556  9.66394E-16  SWARM-A  4.511  50.006
2023-09-18T23:19:00Z  488.649  52.080  76.654  9.79227E-16  SWARM-A  4.526  51.918
2023-09-18T23:19:30Z  489.052  53.984  76.773  9.92811E-16  SWARM-A  4.542  53.831
2023-09-18T23:20:00Z  489.450  55.886  76.914  1.00730E-15  SWARM-A  4.560  55.744
2023-09-18T23:20:30Z  489.842  57.788  77.083  1.02297E-15  SWARM-A  4.579  57.657
2023-09-18T23:21:00Z  490.226  59.688  77.285  1.04005E-15  SWARM-A  4.601  59.570
2023-09-18T23:21:30Z  490.600  61.586  77.525  1.05856E-15  SWARM-A  4.625  61.483
2023-09-18T23:22:00Z  490.961  63.483  77.814  1.07811E-15  SWARM-A  4.653  63.396
2023-09-18T23:22:30Z  491.307  65.378  78.161  1.09868E-15  SWARM-A  4.684  65.310
2023-09-18T23:23:00Z  491.636  67.270  78.581  1.12010E-15  SWARM-A  4.721  67.223
2023-09-18T23:23:30Z  491.947  69.160  79.095  1.14219E-15  SWARM-A  4.763  69.136
2023-09-18T23:24:00Z  492.237  71.047  79.730  1.16482E-15  SWARM-A  4.814  71.049
2023-09-18T23:24:30Z  492.506  72.929  80.525  1.18790E-15  SWARM-A  4.875  72.963
2023-09-18T23:25:00Z  492.751  74.806  81.541  1.21142E-15  SWARM-A  4.951  74.876
2023-09-18T23:25:30Z  492.972  76.675  82.868  1.23543E-15  SWARM-A  5.048  76.790
2023-09-18T23:26:00Z  493.167  78.533  84.658  1.25997E-15  SWARM-A  5.176  78.703
2023-09-18T23:26:30Z  493.335  80.373  87.173  1.28513E-15  SWARM-A  5.352  80.616
2023-09-18T23:27:00Z  493.475  82.184  90.908  1.31093E-15  SWARM-A  5.609  82.530
2023-09-18T23:27:30Z  493.587  83.939  96.903  1.33737E-15  SWARM-A  6.017  84.443
2023-09-18T23:28:00Z  493.670  85.571  107.600  1.36438E-15  SWARM-A  6.739  86.357
2023-09-18T23:28:30Z  493.723  86.882  128.851  1.39188E-15  SWARM-A  8.164  88.270
2023-09-18T23:29:00Z  493.746  87.344  166.131  1.42042E-15  SWARM-A  10.657  90.184
2023-09-18T23:29:30Z  493.740  86.592  -160.230  1.45081E-15  SWARM-A  12.908  92.097
2023-09-18T23:30:00Z  493.704  85.163  -142.574  1.48191E-15  SWARM-A  14.094  94.011
2023-09-18T23:30:30Z  493.638  83.487  -133.490  1.51332E-15  SWARM-A  14.708  95.924
2023-09-18T23:31:00Z  493.543  81.714  -128.241  1.54503E-15  SWARM-A  15.066  97.838
2023-09-18T23:31:30Z  493.420  79.893  -124.896  1.57697E-15  SWARM-A  15.297  99.751
2023-09-18T23:32:00Z  493.269  78.048  -122.606  1.60914E-15  SWARM-A  15.458  101.664
2023-09-18T23:32:30Z  493.092  76.186  -120.957  1.64151E-15  SWARM-A  15.577  103.578
2023-09-18T23:33:00Z  492.889  74.315  -119.722  1.67403E-15  SWARM-A  15.667  105.491
2023-09-18T23:33:30Z  492.661  72.437  -118.772  1.70672E-15  SWARM-A  15.739  107.404
2023-09-18T23:34:00Z  492.410  70.553  -118.023  1.73972E-15  SWARM-A  15.797  109.317
2023-09-18T23:34:30Z  492.137  68.666  -117.424  1.77309E-15  SWARM-A  15.845  111.231
2023-09-18T23:35:00Z  491.844  66.776  -116.937  1.80711E-15  SWARM-A  15.886  113.144
2023-09-18T23:35:30Z  491.533  64.883  -116.537  1.84207E-15  SWARM-A  15.921  115.057
2023-09-18T23:36:00Z  491.206  62.988  -116.207  1.87888E-15  SWARM-A  15.952  116.970
2023-09-18T23:36:30Z  490.863  61.091  -115.932  1.91962E-15  SWARM-A  15.978  118.883
2023-09-18T23:37:00Z  490.509  59.192  -115.702  1.96079E-15  SWARM-A  16.002  120.796
2023-09-18T23:37:30Z  490.143  57.292  -115.510  2.00291E-15  SWARM-A  16.023  122.708
2023-09-18T23:38:00Z  489.770  55.390  -115.348  2.04505E-15  SWARM-A  16.042  124.621
2023-09-18T23:38:30Z  489.390  53.487  -115.213  2.08571E-15  SWARM-A  16.059  126.534
2023-09-18T23:39:00Z  489.007  51.584  -115.101  2.12311E-15  SWARM-A  16.075  128.446
2023-09-18T23:39:30Z  488.623  49.678  -115.007  2.15233E-15  SWARM-A  16.090  130.359
2023-09-18T23:40:00Z  488.239  47.772  -114.930  2.17749E-15  SWARM-A  16.103  132.271
2023-09-18T23:40:30Z  487.859  45.865  -114.867  2.19890E-15  SWARM-A  16.116  134.183
2023-09-18T23:41:00Z  487.485  43.957  -114.816  2.21701E-15  SWARM-A  16.128  136.096
2023-09-18T23:41:30Z  487.119  42.048  -114.777  2.23226E-15  SWARM-A  16.139  138.008
2023-09-18T23:42:00Z  486.764  40.138  -114.747  2.24954E-15  SWARM-A  16.149  139.920
2023-09-18T23:42:30Z  486.423  38.227  -114.725  2.26455E-15  SWARM-A  16.159  141.832
2023-09-18T23:43:00Z  486.096  36.315  -114.711  2.27759E-15  SWARM-A  16.168  143.743
2023-09-18T23:43:30Z  485.788  34.403  -114.704  2.28878E-15  SWARM-A  16.177  145.655
2023-09-18T23:44:00Z  485.500  32.489  -114.702  2.29830E-15  SWARM-A  16.185  147.567
2023-09-18T23:44:30Z  485.235  30.575  -114.706  2.30329E-15  SWARM-A  16.193  149.478
2023-09-18T23:45:00Z  484.993  28.661  -114.714  2.30529E-15  SWARM-A  16.201  151.389
2023-09-18T23:45:30Z  484.779  26.745  -114.727  2.30618E-15  SWARM-A  16.209  153.300
2023-09-18T23:46:00Z  484.593  24.829  -114.743  2.30617E-15  SWARM-A  16.216  155.211
2023-09-18T23:46:30Z  484.437  22.913  -114.763  2.30534E-15  SWARM-A  16.223  157.122
2023-09-18T23:47:00Z  484.313  20.996  -114.785  2.30393E-15  SWARM-A  16.230  159.033
2023-09-18T23:47:30Z  484.223  19.078  -114.811  2.30130E-15  SWARM-A  16.236  160.944
2023-09-18T23:48:00Z  484.167  17.161  -114.838  2.29786E-15  SWARM-A  16.243  162.854
2023-09-18T23:48:30Z  484.148  15.243  -114.867  2.29392E-15  SWARM-A  16.249  164.764
2023-09-18T23:49:00Z  484.166  13.324  -114.899  2.28953E-15  SWARM-A  16.255  166.674
2023-09-18T23:49:30Z  484.223  11.405  -114.931  2.28469E-15  SWARM-A  16.262  168.584
2023-09-18T23:50:00Z  484.318  9.487  -114.965  2.27929E-15  SWARM-A  16.268  170.494
2023-09-18T23:50:30Z  484.453  7.568  -115.000  2.27324E-15  SWARM-A  16.274  172.404
2023-09-18T23:51:00Z  484.629  5.649  -115.035  2.26649E-15  SWARM-A  16.280  174.313
2023-09-18T23:51:30Z  484.844  3.730  -115.072  2.25896E-15  SWARM-A  16.286  176.223
2023-09-18T23:52:00Z  485.100  1.811  -115.108  2.25049E-15  SWARM-A  16.292  178.132
2023-09-18T23:52:30Z  485.396  -0.108  -115.145  2.24101E-15  SWARM-A  16.297  180.041
2023-09-18T23:53:00Z  485.733  -2.027  -115.182  2.23044E-15  SWARM-A  16.303  181.950
2023-09-18T23:53:30Z  486.108  -3.945  -115.219  2.21877E-15  SWARM-A  16.309  183.858
2023-09-18T23:54:00Z  486.523  -5.863  -115.255  2.20591E-15  SWARM-A  16.315  185.767
2023-09-18T23:54:30Z  486.976  -7.781  -115.290  2.19186E-15  SWARM-A  16.321  187.675
2023-09-18T23:55:00Z  487.466  -9.699  -115.325  2.17669E-15  SWARM-A  16.327  189.583
2023-09-18T23:55:30Z  487.992  -11.615  -115.359  2.16042E-15  SWARM-A  16.333  191.491
2023-09-18T23:56:00Z  488.552  -13.532  -115.392  2.14314E-15  SWARM-A  16.339  193.399
2023-09-18T23:56:30Z  489.145  -15.448  -115.423  2.12495E-15  SWARM-A  16.346  195.306
2023-09-18T23:57:00Z  489.770  -17.363  -115.452  2.10587E-15  SWARM-A  16.352  197.214
2023-09-18T23:57:30Z  490.424  -19.277  -115.479  2.08605E-15  SWARM-A  16.358  199.121
2023-09-18T23:58:00Z  491.106  -21.191  -115.504  2.06556E-15  SWARM-A  16.365  201.028
2023-09-18T23:58:30Z  491.814  -23.104  -115.527  2.04447E-15  SWARM-A  16.372  202.935
2023-09-18T23:59:00Z  492.545  -25.016  -115.546  2.02287E-15  SWARM-A  16.379  204.841
2023-09-18T23:59:30Z  493.296  -26.927  -115.563  2.00083E-15  SWARM-A  16.386  206.748
2023-09-19T00:00:00Z  494.063  -28.838  -115.575  1.95467E-15  SWARM-A  16.394  208.654
2023-09-19T00:00:30Z  494.849  -30.747  -115.583  1.92009E-15  SWARM-A  16.402  210.560
2023-09-19T00:01:00Z  495.649  -32.656  -115.587  1.89715E-15  SWARM-A  16.410  212.466
2023-09-19T00:01:30Z  496.460  -34.563  -115.585  1.87401E-15  SWARM-A  16.418  214.372
2023-09-19T00:02:00Z  497.278  -36.469  -115.578  1.85072E-15  SWARM-A  16.427  216.277
2023-09-19T00:02:30Z  498.102  -38.375  -115.564  1.82736E-15  SWARM-A  16.436  218.183
2023-09-19T00:03:00Z  498.928  -40.279  -115.542  1.80402E-15  SWARM-A  16.446  220.088
2023-09-19T00:03:30Z  499.754  -42.182  -115.512  1.78078E-15  SWARM-A  16.456  221.993
2023-09-19T00:04:00Z  500.576  -44.084  -115.472  1.75774E-15  SWARM-A  16.467  223.898
2023-09-19T00:04:30Z  501.392  -45.985  -115.422  1.73502E-15  SWARM-A  16.479  225.803
2023-09-19T00:05:00Z  502.199  -47.884  -115.359  1.71264E-15  SWARM-A  16.492  227.708
2023-09-19T00:05:30Z  502.993  -49.783  -115.281  1.69057E-15  SWARM-A  16.505  229.612
2023-09-19T00:06:00Z  503.772  -51.680  -115.188  1.66866E-15  SWARM-A  16.520  231.517
2023-09-19T00:06:30Z  504.534  -53.575  -115.075  1.64647E-15  SWARM-A  16.535  233.421
2023-09-19T00:07:00Z  505.275  -55.469  -114.940  1.62326E-15  SWARM-A  16.553  235.325
2023-09-19T00:07:30Z  505.992  -57.362  -114.779  1.59805E-15  SWARM-A  16.572  237.229
2023-09-19T00:08:00Z  506.684  -59.253  -114.587  1.56992E-15  SWARM-A  16.593  239.133
2023-09-19T00:08:30Z  507.348  -61.143  -114.357  1.53840E-15  SWARM-A  16.617  241.037
2023-09-19T00:09:00Z  507.981  -63.031  -114.083  1.50483E-15  SWARM-A  16.643  242.941
2023-09-19T00:09:30Z  508.580  -64.917  -113.754  1.47158E-15  SWARM-A  16.674  244.844
2023-09-19T00:10:00Z  509.145  -66.800  -113.355  1.44138E-15  SWARM-A  16.708  246.748
2023-09-19T00:10:30Z  509.672  -68.681  -112.871  1.41599E-15  SWARM-A  16.749  248.651
2023-09-19T00:11:00Z  510.160  -70.559  -112.274  1.39595E-15  SWARM-A  16.797  250.554
2023-09-19T00:11:30Z  510.606  -72.432  -111.530  1.38012E-15  SWARM-A  16.855  252.458
2023-09-19T00:12:00Z  511.010  -74.301  -110.586  1.36787E-15  SWARM-A  16.926  254.361
2023-09-19T00:12:30Z  511.370  -76.162  -109.362  1.35781E-15  SWARM-A  17.016  256.264
2023-09-19T00:13:00Z  511.684  -78.014  -107.730  1.34871E-15  SWARM-A  17.134  258.167
2023-09-19T00:13:30Z  511.951  -79.850  -105.470  1.33892E-15  SWARM-A  17.293  260.070
2023-09-19T00:14:00Z  512.170  -81.661  -102.179  1.32838E-15  SWARM-A  17.520  261.973
2023-09-19T00:14:30Z  512.341  -83.427  -97.040  1.31664E-15  SWARM-A  17.871  263.876
2023-09-19T00:15:00Z  512.462  -85.099  -88.208  1.30351E-15  SWARM-A  18.468  265.779
2023-09-19T00:15:30Z  512.534  -86.537  -71.173  1.28824E-15  SWARM-A  19.612  267.682
2023-09-19T00:16:00Z  512.555  -87.333  -38.495  1.27014E-15  SWARM-A  21.799  269.585
2023-09-19T00:16:30Z  512.527  -86.937  -0.851  1.25173E-15  SWARM-A  0.317  271.488
2023-09-19T00:17:00Z  512.448  -85.664  21.170  1.23407E-15  SWARM-A  1.794  273.391
2023-09-19T00:17:30Z  512.319  -84.053  32.256  1.21682E-15  SWARM-A  2.541  275.294
2023-09-19T00:18:00Z  512.141  -82.313  38.440  1.19994E-15  SWARM-A  2.961  277.198
2023-09-19T00:18:30Z  511.914  -80.515  42.277  1.18366E-15  SWARM-A  3.226  279.101
2023-09-19T00:19:00Z  511.639  -78.687  44.852  1.16806E-15  SWARM-A  3.406  281.004
2023-09-19T00:19:30Z  511.317  -76.840  46.682  1.15325E-15  SWARM-A  3.536  282.907
2023-09-19T00:20:00Z  510.948  -74.982  48.036  1.14070E-15  SWARM-A  3.635  284.810
2023-09-19T00:20:30Z  510.535  -73.115  49.071  1.12891E-15  SWARM-A  3.712  286.714
2023-09-19T00:21:00Z  510.079  -71.243  49.881  1.11793E-15  SWARM-A  3.774  288.617
2023-09-19T00:21:30Z  509.581  -69.367  50.527  1.10787E-15  SWARM-A  3.826  290.520
2023-09-19T00:22:00Z  509.043  -67.487  51.049  1.09834E-15  SWARM-A  3.869  292.424
2023-09-19T00:22:30Z  508.468  -65.604  51.477  1.08958E-15  SWARM-A  3.906  294.328
2023-09-19T00:23:00Z  507.856  -63.719  51.829  1.08143E-15  SWARM-A  3.937  296.231
2023-09-19T00:23:30Z  507.211  -61.831  52.123  1.07392E-15  SWARM-A  3.965  298.135
2023-09-19T00:24:00Z  506.535  -59.942  52.367  1.06661E-15  SWARM-A  3.990  300.039
2023-09-19T00:24:30Z  505.829  -58.051  52.572  1.05866E-15  SWARM-A  4.012  301.943
2023-09-19T00:25:00Z  505.097  -56.159  52.744  1.05153E-15  SWARM-A  4.032  303.848
2023-09-19T00:25:30Z  504.342  -54.265  52.888  1.04431E-15  SWARM-A  4.050  305.752
2023-09-19T00:26:00Z  503.565  -52.370  53.009  1.03734E-15  SWARM-A  4.066  307.656
2023-09-19T00:26:30Z  502.770  -50.473  53.109  1.03013E-15  SWARM-A  4.081  309.561
2023-09-19T00:27:00Z  501.959  -48.575  53.192  1.02255E-15  SWARM-A  4.095  311.466
2023-09-19T00:27:30Z  501.136  -46.675  53.260  1.01410E-15  SWARM-A  4.108  313.371
2023-09-19T00:28:00Z  500.303  -44.775  53.315  1.00472E-15  SWARM-A  4.120  315.276
2023-09-19T00:28:30Z  499.462  -42.873  53.358  9.93853E-16  SWARM-A  4.131  317.181
2023-09-19T00:29:00Z  498.618  -40.970  53.392  9.82201E-16  SWARM-A  4.142  319.087
2023-09-19T00:29:30Z  497.773  -39.066  53.416  9.70144E-16  SWARM-A  4.152  320.992
2023-09-19T00:30:00Z  496.930  -37.160  53.433  9.58368E-16  SWARM-A  4.161  322.898
2023-09-19T00:30:30Z  496.091  -35.254  53.443  9.47232E-16  SWARM-A  4.170  324.804
2023-09-19T00:31:00Z  495.260  -33.347  53.447  9.36883E-16  SWARM-A  4.179  326.710
2023-09-19T00:31:30Z  494.440  -31.438  53.445  9.27284E-16  SWARM-A  4.187  328.616
2023-09-19T00:32:00Z  493.632  -29.529  53.438  9.18414E-16  SWARM-A  4.195  330.523
2023-09-19T00:32:30Z  492.841  -27.618  53.427  9.10170E-16  SWARM-A  4.202  332.429
2023-09-19T00:33:00Z  492.068  -25.707  53.413  9.02519E-16  SWARM-A  4.210  334.336
2023-09-19T00:33:30Z  491.316  -23.795  53.394  8.95268E-16  SWARM-A  4.217  336.243
2023-09-19T00:34:00Z  490.587  -21.881  53.373  8.88576E-16  SWARM-A  4.224  338.150
2023-09-19T00:34:30Z  489.884  -19.968  53.349  8.82459E-16  SWARM-A  4.230  340.058
2023-09-19T00:35:00Z  489.208  -18.053  53.322  8.76991E-16  SWARM-A  4.237  341.965
2023-09-19T00:35:30Z  488.563  -16.138  53.293  8.72116E-16  SWARM-A  4.243  343.873
2023-09-19T00:36:00Z  487.949  -14.222  53.263  8.67866E-16  SWARM-A  4.250  345.781
2023-09-19T00:36:30Z  487.369  -12.305  53.231  8.64195E-16  SWARM-A  4.256  347.689
2023-09-19T00:37:00Z  486.823  -10.388  53.198  8.61100E-16  SWARM-A  4.262  349.597
2023-09-19T00:37:30Z  486.314  -8.470  53.163  8.58560E-16  SWARM-A  4.268  351.506
2023-09-19T00:38:00Z  485.843  -6.552  53.128  8.56555E-16  SWARM-A  4.274  353.414
2023-09-19T00:38:30Z  485.410  -4.634  53.092  8.55020E-16  SWARM-A  4.280  355.323
2023-09-19T00:39:00Z  485.017  -2.715  53.055  8.53919E-16  SWARM-A  4.286  357.232
2023-09-19T00:39:30Z  484.665  -0.796  53.019  8.53238E-16  SWARM-A  4.292  359.141
2023-09-19T00:40:00Z  484.353  1.123  52.982  8.52937E-16  SWARM-A  4.298  1.051
2023-09-19T00:40:30Z  484.082  3.043  52.945  8.53034E-16  SWARM-A  4.304  2.960
2023-09-19T00:41:00Z  483.853  4.962  52.909  8.53478E-16  SWARM-A  4.310  4.870
2023-09-19T00:41:30Z  483.665  6.882  52.873  8.54241E-16  SWARM-A  4.315  6.780
2023-09-19T00:42:00Z  483.519  8.801  52.838  8.55385E-16  SWARM-A  4.321  8.690
2023-09-19T00:42:30Z  483.413  10.721  52.804  8.56799E-16  SWARM-A  4.328  10.600
2023-09-19T00:43:00Z  483.347  12.640  52.770  8.58554E-16  SWARM-A  4.334  12.511
2023-09-19T00:43:30Z  483.321  14.559  52.739  8.60641E-16  SWARM-A  4.340  14.421
2023-09-19T00:44:00Z  483.333  16.478  52.709  8.63099E-16  SWARM-A  4.346  16.332
2023-09-19T00:44:30Z  483.383  18.396  52.681  8.65889E-16  SWARM-A  4.353  18.243
2023-09-19T00:45:00Z  483.469  20.314  52.655  8.69098E-16  SWARM-A  4.359  20.154
2023-09-19T00:45:30Z  483.590  22.232  52.631  8.72682E-16  SWARM-A  4.366  22.065
2023-09-19T00:46:00Z  483.745  24.149  52.611  8.76694E-16  SWARM-A  4.373  23.976
2023-09-19T00:46:30Z  483.931  26.065  52.593  8.81031E-16  SWARM-A  4.380  25.887
2023-09-19T00:47:00Z  484.147  27.981  52.579  8.85780E-16  SWARM-A  4.388  27.799
2023-09-19T00:47:30Z  484.391  29.897  52.569  8.90888E-16  SWARM-A  4.395  29.711
2023-09-19T00:48:00Z  484.661  31.811  52.564  8.96386E-16  SWARM-A  4.403  31.622
2023-09-19T00:48:30Z  484.955  33.725  52.563  9.02166E-16  SWARM-A  4.412  33.534
2023-09-19T00:49:00Z  485.271  35.638  52.569  9.08347E-16  SWARM-A  4.420  35.446
2023-09-19T00:49:30Z  485.606  37.551  52.580  9.14660E-16  SWARM-A  4.429  37.358
2023-09-19T00:50:00Z  485.958  39.462  52.599  9.21363E-16  SWARM-A  4.439  39.271
2023-09-19T00:50:30Z  486.325  41.373  52.626  9.28499E-16  SWARM-A  4.449  41.183
2023-09-19T00:51:00Z  486.705  43.283  52.662  9.36070E-16  SWARM-A  4.460  43.095
2023-09-19T00:51:30Z  487.094  45.192  52.708  9.44130E-16  SWARM-A  4.471  45.008
2023-09-19T00:52:00Z  487.491  47.100  52.767  9.52626E-16  SWARM-A  4.483  46.921
2023-09-19T00:52:30Z  487.894  49.007  52.839  9.61512E-16  SWARM-A  4.497  48.833
2023-09-19T00:53:00Z  488.299  50.912  52.926  9.70469E-16  SWARM-A  4.511  50.746
2023-09-19T00:53:30Z  488.704  52.817  53.032  9.79361E-16  SWARM-A  4.526  52.659
2023-09-19T00:54:00Z  489.106  54.721  53.159  9.88334E-16  SWARM-A  4.543  54.572
2023-09-19T00:54:30Z  489.505  56.623  53.310  9.97362E-16  SWARM-A  4.561  56.485
2023-09-19T00:55:00Z  489.896  58.524  53.491  1.00726E-15  SWARM-A  4.582  58.398
2023-09-19T00:55:30Z  490.278  60.423  53.707  1.01882E-15  SWARM-A  4.604  60.311
2023-09-19T00:56:00Z  490.648  62.321  53.965  1.03247E-15  SWARM-A  4.630  62.224
2023-09-19T00:56:30Z  491.006  64.217  54.274  1.04831E-15  SWARM-A  4.659  64.137
2023-09-19T00:57:00Z  491.347  66.111  54.648  1.06598E-15  SWARM-A  4.692  66.051
2023-09-19T00:57:30Z  491.671  68.003  55.101  1.08497E-15  SWARM-A  4.731  67.964
2023-09-19T00:58:00Z  491.977  69.891  55.658  1.10469E-15  SWARM-A  4.776  69.877
2023-09-19T00:58:30Z  492.261  71.777  56.349  1.12466E-15  SWARM-A  4.831  71.791
2023-09-19T00:59:00Z  492.523  73.657  57.221  1.14459E-15  SWARM-A  4.897  73.704
2023-09-19T00:59:30Z  492.761  75.531  58.343  1.16431E-15  SWARM-A  4.980  75.618
2023-09-19T01:00:00Z  492.974  77.397  59.827  1.18385E-15  SWARM-A  5.088  77.531
2023-09-19T01:00:30Z  493.161  79.249  61.857  1.20345E-15  SWARM-A  5.231  79.444
2023-09-19T01:01:00Z  493.320  81.080  64.766  1.22295E-15  SWARM-A  5.433  81.358
2023-09-19T01:01:30Z  493.452  82.873  69.204  1.24279E-15  SWARM-A  5.738  83.271
2023-09-19T01:02:00Z  493.555  84.593  76.600  1.26366E-15  SWARM-A  6.239  85.185
2023-09-19T01:02:30Z  493.628  86.138  90.426  1.28577E-15  SWARM-A  7.169  87.098
2023-09-19T01:03:00Z  493.672  87.203  118.048  1.30935E-15  SWARM-A  9.019  89.012
2023-09-19T01:03:30Z  493.687  87.179  157.504  1.33547E-15  SWARM-A  11.658  90.925
2023-09-19T01:04:00Z  493.671  86.086  -175.524  1.36412E-15  SWARM-A  13.464  92.839
2023-09-19T01:04:30Z  493.626  84.531  -162.044  1.39408E-15  SWARM-A  14.371  94.752
2023-09-19T01:05:00Z  493.552  82.808  -154.801  1.42493E-15  SWARM-A  14.862  96.666
2023-09-19T01:05:30Z  493.449  81.012  -150.438  1.45632E-15  SWARM-A  15.162  98.579
2023-09-19T01:06:00Z  493.317  79.180  -147.571  1.48790E-15  SWARM-A  15.361  100.493
2023-09-19T01:06:30Z  493.159  77.328  -145.566  1.51932E-15  SWARM-A  15.503  102.406
2023-09-19T01:07:00Z  492.974  75.462  -144.099  1.55039E-15  SWARM-A  15.609  104.319
2023-09-19T01:07:30Z  492.764  73.588  -142.987  1.58131E-15  SWARM-A  15.692  106.233
2023-09-19T01:08:00Z  492.530  71.707  -142.123  1.61236E-15  SWARM-A  15.758  108.146
2023-09-19T01:08:30Z  492.273  69.822  -141.437  1.64430E-15  SWARM-A  15.812  110.059
2023-09-19T01:09:00Z  491.995  67.934  -140.885  1.67834E-15  SWARM-A  15.857  111.972
2023-09-19T01:09:30Z  491.697  66.042  -140.435  1.71589E-15  SWARM-A  15.895  113.885
2023-09-19T01:10:00Z  491.382  64.148  -140.064  1.75712E-15  SWARM-A  15.928  115.798
2023-09-19T01:10:30Z  491.051  62.252  -139.757  1.80230E-15  SWARM-A  15.957  117.711
2023-09-19T01:11:00Z  490.705  60.355  -139.501  1.85078E-15  SWARM-A  15.982  119.624
2023-09-19T01:11:30Z  490.348  58.455  -139.286  1.90056E-15  SWARM-A  16.005  121.537
2023-09-19T01:12:00Z  489.982  56.555  -139.107  1.94907E-15  SWARM-A  16.025  123.450
2023-09-19T01:12:30Z  489.607  54.653  -138.956  1.99393E-15  SWARM-A  16.044  125.363
2023-09-19T01:13:00Z  489.228  52.749  -138.830  2.03338E-15  SWARM-A  16.060  127.275
2023-09-19T01:13:30Z  488.846  50.845  -138.725  2.06741E-15  SWARM-A  16.076  129.188
2023-09-19T01:14:00Z  488.463  48.939  -138.639  2.09643E-15  SWARM-A  16.090  131.100
2023-09-19T01:14:30Z  488.082  47.033  -138.567  2.12136E-15  SWARM-A  16.103  133.013
2023-09-19T01:15:00Z  487.706  45.125  -138.509  2.14299E-15  SWARM-A  16.115  134.925
2023-09-19T01:15:30Z  487.337  43.217  -138.463  2.16188E-15  SWARM-A  16.127  136.837
2023-09-19T01:16:00Z  486.977  41.307  -138.428  2.17827E-15  SWARM-A  16.137  138.749
2023-09-19T01:16:30Z  486.629  39.397  -138.401  2.19235E-15  SWARM-A  16.147  140.661
2023-09-19T01:17:00Z  486.296  37.486  -138.383  2.20418E-15  SWARM-A  16.157  142.573
2023-09-19T01:17:30Z  485.978  35.574  -138.371  2.21411E-15  SWARM-A  16.166  144.485
2023-09-19T01:18:00Z  485.680  33.661  -138.366  2.22229E-15  SWARM-A  16.175  146.396
2023-09-19T01:18:30Z  485.403  31.747  -138.367  2.22882E-15  SWARM-A  16.183  148.308
2023-09-19T01:19:00Z  485.149  29.833  -138.373  2.23403E-15  SWARM-A  16.191  150.219
2023-09-19T01:19:30Z  484.920  27.918  -138.383  2.23815E-15  SWARM-A  16.199  152.130
2023-09-19T01:20:00Z  484.718  26.002  -138.397  2.24137E-15  SWARM-A  16.206  154.042
2023-09-19T01:20:30Z  484.546  24.086  -138.415  2.24390E-15  SWARM-A  16.213  155.952
2023-09-19T01:21:00Z  484.404  22.170  -138.435  2.24599E-15  SWARM-A  16.220  157.863
2023-09-19T01:21:30Z  484.295  20.252  -138.459  2.24780E-15  SWARM-A  16.227  159.774
2023-09-19T01:22:00Z  484.220  18.335  -138.485  2.24933E-15  SWARM-A  16.233  161.684
2023-09-19T01:22:30Z  484.181  16.417  -138.513  2.25071E-15  SWARM-A  16.240  163.595
2023-09-19T01:23:00Z  484.177  14.499  -138.543  2.25186E-15  SWARM-A  16.246  165.505
2023-09-19T01:23:30Z  484.212  12.580  -138.575  2.25288E-15  SWARM-A  16.252  167.415
2023-09-19T01:24:00Z  484.285  10.661  -138.608  2.25360E-15  SWARM-A  16.259  169.325
2023-09-19T01:24:30Z  484.397  8.743  -138.643  2.25401E-15  SWARM-A  16.265  171.235
2023-09-19T01:25:00Z  484.548  6.824  -138.678  2.25400E-15  SWARM-A  16.271  173.144
2023-09-19T01:25:30Z  484.740  4.905  -138.714  2.25353E-15  SWARM-A  16.277  175.054
2023-09-19T01:26:00Z  484.972  2.986  -138.750  2.25234E-15  SWARM-A  16.282  176.963
2023-09-19T01:26:30Z  485.244  1.067  -138.787  2.25037E-15  SWARM-A  16.288  178.872
2023-09-19T01:27:00Z  485.557  -0.852  -138.824  2.24761E-15  SWARM-A  16.294  180.781
2023-09-19T01:27:30Z  485.909  -2.771  -138.861  2.24396E-15  SWARM-A  16.300  182.690
2023-09-19T01:28:00Z  486.300  -4.689  -138.897  2.23944E-15  SWARM-A  16.306  184.598
2023-09-19T01:28:30Z  486.730  -6.607  -138.933  2.23404E-15  SWARM-A  16.312  186.506
2023-09-19T01:29:00Z  487.197  -8.525  -138.969  2.22777E-15  SWARM-A  16.318  188.415
2023-09-19T01:29:30Z  487.701  -10.442  -139.003  2.22064E-15  SWARM-A  16.324  190.323
2023-09-19T01:30:00Z  488.240  -12.358  -139.037  2.21277E-15  SWARM-A  16.330  192.230
2023-09-19T01:30:30Z  488.813  -14.274  -139.069  2.20414E-15  SWARM-A  16.336  194.138
2023-09-19T01:31:00Z  489.419  -16.190  -139.099  2.19484E-15  SWARM-A  16.343  196.045
2023-09-19T01:31:30Z  490.055  -18.105  -139.128  2.18488E-15  SWARM-A  16.349  197.953
2023-09-19T01:32:00Z  490.720  -20.019  -139.155  2.17421E-15  SWARM-A  16.356  199.860
2023-09-19T01:32:30Z  491.412  -21.932  -139.179  2.16301E-15  SWARM-A  16.362  201.767
2023-09-19T01:33:00Z  492.128  -23.845  -139.200  2.15140E-15  SWARM-A  16.369  203.673
2023-09-19T01:33:30Z  492.867  -25.757  -139.218  2.13922E-15  SWARM-A  16.376  205.580
2023-09-19T01:34:00Z  493.626  -27.668  -139.233  2.12667E-15  SWARM-A  16.384  207.486
2023-09-19T01:34:30Z  494.403  -29.578  -139.244  2.11371E-15  SWARM-A  16.391  209.393
2023-09-19T01:35:00Z  495.194  -31.487  -139.251  2.10037E-15  SWARM-A  16.399  211.299
2023-09-19T01:35:30Z  495.998  -33.395  -139.253  2.08668E-15  SWARM-A  16.407  213.204
2023-09-19T01:36:00Z  496.812  -35.302  -139.249  2.07264E-15  SWARM-A  16.416  215.110
2023-09-19T01:36:30Z  497.632  -37.208  -139.239  2.05830E-15  SWARM-A  16.425  217.016
2023-09-19T01:37:00Z  498.456  -39.113  -139.222  2.04370E-15  SWARM-A  16.434  218.921
2023-09-19T01:37:30Z  499.282  -41.016  -139.198  2.02888E-15  SWARM-A  16.444  220.826
2023-09-19T01:38:00Z  500.105  -42.919  -139.164  2.01379E-15  SWARM-A  16.455  222.731
2023-09-19T01:38:30Z  500.925  -44.820  -139.120  1.99836E-15  SWARM-A  16.466  224.636
2023-09-19T01:39:00Z  501.736  -46.721  -139.065  1.98226E-15  SWARM-A  16.478  226.541
2023-09-19T01:39:30Z  502.537  -48.620  -138.997  1.96484E-15  SWARM-A  16.491  228.445
2023-09-19T01:40:00Z  503.325  -50.517  -138.914  1.94507E-15  SWARM-A  16.505  230.350
2023-09-19T01:40:30Z  504.097  -52.414  -138.813  1.92166E-15  SWARM-A  16.520  232.254
2023-09-19T01:41:00Z  504.849  -54.309  -138.693  1.89355E-15  SWARM-A  16.536  234.158
2023-09-19T01:41:30Z  505.581  -56.203  -138.548  1.86086E-15  SWARM-A  16.554  236.062
2023-09-19T01:42:00Z  506.287  -58.095  -138.376  1.82545E-15  SWARM-A  16.574  237.966
2023-09-19T01:42:30Z  506.967  -59.986  -138.171  1.79022E-15  SWARM-A  16.596  239.870
2023-09-19T01:43:00Z  507.618  -61.874  -137.925  1.75839E-15  SWARM-A  16.621  241.774
2023-09-19T01:43:30Z  508.236  -63.761  -137.631  1.73234E-15  SWARM-A  16.649  243.678
2023-09-19T01:44:00Z  508.821  -65.646  -137.277  1.71214E-15  SWARM-A  16.681  245.581
2023-09-19T01:44:30Z  509.370  -67.529  -136.848  1.69676E-15  SWARM-A  16.718  247.485
2023-09-19T01:45:00Z  509.881  -69.409  -136.324  1.68469E-15  SWARM-A  16.761  249.388
2023-09-19T01:45:30Z  510.351  -71.285  -135.676  1.67377E-15  SWARM-A  16.812  251.291
2023-09-19T01:46:00Z  510.780  -73.157  -134.862  1.66320E-15  SWARM-A  16.875  253.195
2023-09-19T01:46:30Z  511.165  -75.023  -133.822  1.65195E-15  SWARM-A  16.953  255.098
2023-09-19T01:47:00Z  511.506  -76.881  -132.460  1.63929E-15  SWARM-A  17.052  257.001
2023-09-19T01:47:30Z  511.800  -78.727  -130.620  1.62481E-15  SWARM-A  17.183  258.904
2023-09-19T01:48:00Z  512.048  -80.556  -128.025  1.60837E-15  SWARM-A  17.364  260.807
2023-09-19T01:48:30Z  512.247  -82.353  -124.154  1.59003E-15  SWARM-A  17.631  262.710
2023-09-19T01:49:00Z  512.397  -84.091  -117.902  1.56999E-15  SWARM-A  18.056  264.613
2023-09-19T01:49:30Z  512.497  -85.698  -106.664  1.54841E-15  SWARM-A  18.813  266.516
2023-09-19T01:50:00Z  512.548  -86.959  -84.307  1.52529E-15  SWARM-A  20.312  268.419
2023-09-19T01:50:30Z  512.548  -87.329  -46.435  1.50099E-15  SWARM-A  22.845  270.322
2023-09-19T01:51:00Z  512.499  -86.512  -14.100  1.47748E-15  SWARM-A  1.009  272.225
2023-09-19T01:51:30Z  512.399  -85.065  2.676  1.45487E-15  SWARM-A  2.136  274.128
2023-09-19T01:52:00Z  512.249  -83.390  11.391  1.43258E-15  SWARM-A  2.725  276.031
2023-09-19T01:52:30Z  512.050  -81.623  16.473  1.41064E-15  SWARM-A  3.072  277.934
2023-09-19T01:53:00Z  511.803  -79.811  19.733  1.38915E-15  SWARM-A  3.298  279.837
2023-09-19T01:53:30Z  511.508  -77.974  21.975  1.36815E-15  SWARM-A  3.456  281.741
2023-09-19T01:54:00Z  511.166  -76.122  23.595  1.34771E-15  SWARM-A  3.572  283.644
2023-09-19T01:54:30Z  510.778  -74.260  24.811  1.32789E-15  SWARM-A  3.662  285.547
2023-09-19T01:55:00Z  510.346  -72.391  25.749  1.30880E-15  SWARM-A  3.733  287.450
2023-09-19T01:55:30Z  509.872  -70.517  26.489  1.29044E-15  SWARM-A  3.790  289.354
2023-09-19T01:56:00Z  509.357  -68.640  27.082  1.27288E-15  SWARM-A  3.838  291.257
2023-09-19T01:56:30Z  508.803  -66.758  27.565  1.25615E-15  SWARM-A  3.879  293.161
2023-09-19T01:57:00Z  508.211  -64.875  27.961  1.24027E-15  SWARM-A  3.913  295.065
2023-09-19T01:57:30Z  507.585  -62.989  28.289  1.22523E-15  SWARM-A  3.943  296.968
2023-09-19T01:58:00Z  506.926  -61.100  28.562  1.21096E-15  SWARM-A  3.970  298.872
2023-09-19T01:58:30Z  506.237  -59.211  28.790  1.19740E-15  SWARM-A  3.994  300.776
2023-09-19T01:59:00Z  505.519  -57.319  28.981  1.18439E-15  SWARM-A  4.015  302.681
2023-09-19T01:59:30Z  504.777  -55.426  29.141  1.17177E-15  SWARM-A  4.034  304.585
2023-09-19T02:00:00Z  504.011  -53.531  29.276  1.15930E-15  SWARM-A  4.051  306.489
2023-09-19T02:00:30Z  503.226  -51.635  29.388  1.14689E-15  SWARM-A  4.067  308.394
2023-09-19T02:01:00Z  502.423  -49.738  29.481  1.13423E-15  SWARM-A  4.081  310.299
2023-09-19T02:01:30Z  501.606  -47.839  29.558  1.12091E-15  SWARM-A  4.095  312.203
2023-09-19T02:02:00Z  500.777  -45.940  29.620  1.10716E-15  SWARM-A  4.107  314.108
2023-09-19T02:02:30Z  499.940  -44.038  29.670  1.09329E-15  SWARM-A  4.119  316.014
2023-09-19T02:03:00Z  499.097  -42.136  29.710  1.07959E-15  SWARM-A  4.130  317.919
2023-09-19T02:03:30Z  498.251  -40.233  29.740  1.06637E-15  SWARM-A  4.140  319.824
2023-09-19T02:04:00Z  497.405  -38.328  29.761  1.05393E-15  SWARM-A  4.150  321.730
2023-09-19T02:04:30Z  496.562  -36.422  29.775  1.04238E-15  SWARM-A  4.159  323.636
2023-09-19T02:05:00Z  495.726  -34.516  29.782  1.03141E-15  SWARM-A  4.168  325.542
2023-09-19T02:05:30Z  494.898  -32.608  29.784  1.02140E-15  SWARM-A  4.177  327.448
2023-09-19T02:06:00Z  494.081  -30.699  29.780  1.01233E-15  SWARM-A  4.185  329.355
2023-09-19T02:06:30Z  493.279  -28.789  29.771  1.00412E-15  SWARM-A  4.192  331.261
2023-09-19T02:07:00Z  492.494  -26.878  29.759  9.96584E-16  SWARM-A  4.200  333.168
2023-09-19T02:07:30Z  491.728  -24.966  29.742  9.89746E-16  SWARM-A  4.207  335.075
2023-09-19T02:08:00Z  490.984  -23.054  29.723  9.83610E-16  SWARM-A  4.214  336.982
2023-09-19T02:08:30Z  490.264  -21.140  29.700  9.78148E-16  SWARM-A  4.221  338.889
2023-09-19T02:09:00Z  489.571  -19.226  29.675  9.73321E-16  SWARM-A  4.228  340.797
2023-09-19T02:09:30Z  488.906  -17.311  29.648  9.69109E-16  SWARM-A  4.234  342.704
2023-09-19T02:10:00Z  488.272  -15.395  29.618  9.66152E-16  SWARM-A  4.241  344.612
2023-09-19T02:10:30Z  487.671  -13.479  29.587  9.63729E-16  SWARM-A  4.247  346.520
2023-09-19T02:11:00Z  487.103  -11.562  29.554  9.61831E-16  SWARM-A  4.253  348.428
2023-09-19T02:11:30Z  486.571  -9.645  29.521  9.60410E-16  SWARM-A  4.259  350.337
2023-09-19T02:12:00Z  486.076  -7.727  29.486  9.59396E-16  SWARM-A  4.265  352.245
2023-09-19T02:12:30Z  485.619  -5.809  29.450  9.58775E-16  SWARM-A  4.271  354.154
2023-09-19T02:13:00Z  485.201  -3.890  29.414  9.58481E-16  SWARM-A  4.277  356.063
2023-09-19T02:13:30Z  484.824  -1.971  29.377  9.58499E-16  SWARM-A  4.283  357.972
2023-09-19T02:14:00Z  484.486  -0.052  29.340  9.58798E-16  SWARM-A  4.289  359.881
2023-09-19T02:14:30Z  484.190  1.867  29.303  9.59362E-16  SWARM-A  4.295  1.791
2023-09-19T02:15:00Z  483.935  3.787  29.267  9.59963E-16  SWARM-A  4.300  3.700
2023-09-19T02:15:30Z  483.721  5.706  29.230  9.60679E-16  SWARM-A  4.306  5.610
2023-09-19T02:16:00Z  483.549  7.626  29.195  9.61637E-16  SWARM-A  4.312  7.520
2023-09-19T02:16:30Z  483.418  9.545  29.160  9.62065E-16  SWARM-A  4.318  9.430
2023-09-19T02:17:00Z  483.327  11.465  29.126  9.62789E-16  SWARM-A  4.324  11.341
2023-09-19T02:17:30Z  483.276  13.384  29.093  9.63875E-16  SWARM-A  4.331  13.251
2023-09-19T02:18:00Z  483.264  15.303  29.062  9.65275E-16  SWARM-A  4.337  15.162
2023-09-19T02:18:30Z  483.291  17.221  29.033  9.67047E-16  SWARM-A  4.343  17.073
2023-09-19T02:19:00Z  483.354  19.140  29.006  9.69227E-16  SWARM-A  4.350  18.984
2023-09-19T02:19:30Z  483.453  21.058  28.981  9.71811E-16  SWARM-A  4.356  20.895
2023-09-19T02:20:00Z  483.587  22.975  28.958  9.74738E-16  SWARM-A  4.363  22.806
2023-09-19T02:20:30Z  483.753  24.892  28.939  9.78051E-16  SWARM-A  4.370  24.717
2023-09-19T02:21:00Z  483.950  26.808  28.922  9.81746E-16  SWARM-A  4.378  26.629
2023-09-19T02:21:30Z  484.177  28.724  28.910  9.85826E-16  SWARM-A  4.385  28.540
2023-09-19T02:22:00Z  484.430  30.639  28.901  9.90252E-16  SWARM-A  4.393  30.452
2023-09-19T02:22:30Z  484.709  32.554  28.898  9.95067E-16  SWARM-A  4.401  32.364
2023-09-19T02:23:00Z  485.011  34.467  28.899  1.00010E-15  SWARM-A  4.409  34.276
2023-09-19T02:23:30Z  485.334  36.380  28.907  1.00550E-15  SWARM-A  4.418  36.188
2023-09-19T02:24:00Z  485.676  38.293  28.921  1.01136E-15  SWARM-A  4.427  38.100
2023-09-19T02:24:30Z  486.034  40.204  28.943  1.01772E-15  SWARM-A  4.437  40.013
2023-09-19T02:25:00Z  486.406  42.114  28.973  1.02468E-15  SWARM-A  4.448  41.925
2023-09-19T02:25:30Z  486.789  44.024  29.013  1.03225E-15  SWARM-A  4.459  43.837
2023-09-19T02:26:00Z  487.181  45.932  29.064  1.04050E-15  SWARM-A  4.470  45.750
2023-09-19T02:26:30Z  487.580  47.840  29.127  1.04936E-15  SWARM-A  4.483  47.663
2023-09-19T02:27:00Z  487.983  49.746  29.205  1.05866E-15  SWARM-A  4.496  49.576
2023-09-19T02:27:30Z  488.387  51.652  29.299  1.06825E-15  SWARM-A  4.511  51.488
2023-09-19T02:28:00Z  488.791  53.556  29.412  1.07792E-15  SWARM-A  4.527  53.401
2023-09-19T02:28:30Z  489.191  55.459  29.548  1.08753E-15  SWARM-A  4.544  55.314
2023-09-19T02:29:00Z  489.586  57.361  29.710  1.09806E-15  SWARM-A  4.563  57.227
2023-09-19T02:29:30Z  489.973  59.261  29.904  1.11012E-15  SWARM-A  4.585  59.140
2023-09-19T02:30:00Z  490.350  61.160  30.135  1.12428E-15  SWARM-A  4.608  61.054
2023-09-19T02:30:30Z  490.715  63.058  30.411  1.14055E-15  SWARM-A  4.635  62.967
2023-09-19T02:31:00Z  491.066  64.953  30.744  1.15863E-15  SWARM-A  4.666  64.880
2023-09-19T02:31:30Z  491.401  66.846  31.146  1.17772E-15  SWARM-A  4.701  66.794
2023-09-19T02:32:00Z  491.718  68.737  31.636  1.19707E-15  SWARM-A  4.742  68.707
2023-09-19T02:32:30Z  492.014  70.624  32.240  1.21603E-15  SWARM-A  4.790  70.620
2023-09-19T02:33:00Z  492.290  72.508  32.994  1.23417E-15  SWARM-A  4.849  72.534
2023-09-19T02:33:30Z  492.542  74.386  33.953  1.25136E-15  SWARM-A  4.921  74.447
2023-09-19T02:34:00Z  492.770  76.257  35.199  1.26767E-15  SWARM-A  5.013  76.361
2023-09-19T02:34:30Z  492.973  78.118  36.867  1.28344E-15  SWARM-A  5.132  78.274
2023-09-19T02:35:00Z  493.149  79.963  39.185  1.29909E-15  SWARM-A  5.295  80.188
2023-09-19T02:35:30Z  493.298  81.783  42.581  1.31518E-15  SWARM-A  5.530  82.101
2023-09-19T02:36:00Z  493.418  83.554  47.926  1.33208E-15  SWARM-A  5.894  84.015
2023-09-19T02:36:30Z  493.509  85.224  57.219  1.35010E-15  SWARM-A  6.522  85.928
2023-09-19T02:37:00Z  493.571  86.639  75.357  1.36931E-15  SWARM-A  7.740  87.842
2023-09-19T02:37:30Z  493.604  87.352  109.620  1.39004E-15  SWARM-A  10.032  89.755
2023-09-19T02:38:00Z  493.606  86.845  146.482  1.41321E-15  SWARM-A  12.498  91.669
2023-09-19T02:38:30Z  493.579  85.514  167.172  1.43769E-15  SWARM-A  13.886  93.582
2023-09-19T02:39:00Z  493.523  83.875  177.607  1.46248E-15  SWARM-A  14.590  95.496
2023-09-19T02:39:30Z  493.438  82.116  -176.519  1.48721E-15  SWARM-A  14.990  97.409
2023-09-19T02:40:00Z  493.324  80.304  -172.848  1.51179E-15  SWARM-A  15.243  99.323
2023-09-19T02:40:30Z  493.182  78.463  -170.370  1.53598E-15  SWARM-A  15.416  101.236
2023-09-19T02:41:00Z  493.013  76.604  -168.603  1.55993E-15  SWARM-A  15.543  103.150
2023-09-19T02:41:30Z  492.819  74.735  -167.290  1.58451E-15  SWARM-A  15.638  105.063
2023-09-19T02:42:00Z  492.599  72.858  -166.286  1.61057E-15  SWARM-A  15.714  106.976
2023-09-19T02:42:30Z  492.356  70.975  -165.498  1.63904E-15  SWARM-A  15.775  108.890
2023-09-19T02:43:00Z  492.092  69.089  -164.869  1.67102E-15  SWARM-A  15.825  110.803
2023-09-19T02:43:30Z  491.806  67.199  -164.360  1.70696E-15  SWARM-A  15.867  112.716
2023-09-19T02:44:00Z  491.502  65.306  -163.943  1.74665E-15  SWARM-A  15.903  114.629
2023-09-19T02:44:30Z  491.181  63.411  -163.599  1.78853E-15  SWARM-A  15.934  116.542
2023-09-19T02:45:00Z  490.845  61.515  -163.313  1.83050E-15  SWARM-A  15.962  118.455
2023-09-19T02:45:30Z  490.496  59.616  -163.075  1.87018E-15  SWARM-A  15.986  120.368
2023-09-19T02:46:00Z  490.136  57.716  -162.875  1.90616E-15  SWARM-A  16.008  122.281
2023-09-19T02:46:30Z  489.767  55.815  -162.707  1.93978E-15  SWARM-A  16.027  124.194
2023-09-19T02:47:00Z  489.391  53.913  -162.567  1.97047E-15  SWARM-A  16.045  126.107
2023-09-19T02:47:30Z  489.012  52.009  -162.450  1.99825E-15  SWARM-A  16.061  128.019
2023-09-19T02:48:00Z  488.630  50.104  -162.352  2.02369E-15  SWARM-A  16.076  129.932
2023-09-19T02:48:30Z  488.249  48.198  -162.272  2.04712E-15  SWARM-A  16.090  131.844
2023-09-19T02:49:00Z  487.871  46.291  -162.206  2.06470E-15  SWARM-A  16.102  133.757
2023-09-19T02:49:30Z  487.498  44.383  -162.153  2.08059E-15  SWARM-A  16.114  135.669
2023-09-19T02:50:00Z  487.133  42.474  -162.111  2.09489E-15  SWARM-A  16.125  137.581
2023-09-19T02:50:30Z  486.778  40.564  -162.079  2.10769E-15  SWARM-A  16.136  139.493
2023-09-19T02:51:00Z  486.437  38.653  -162.056  2.11907E-15  SWARM-A  16.146  141.405
2023-09-19T02:51:30Z  486.110  36.742  -162.040  2.13075E-15  SWARM-A  16.155  143.317
2023-09-19T02:52:00Z  485.801  34.829  -162.032  2.14362E-15  SWARM-A  16.164  145.229
2023-09-19T02:52:30Z  485.511  32.916  -162.029  2.15557E-15  SWARM-A  16.173  147.140
2023-09-19T02:53:00Z  485.244  31.002  -162.032  2.16677E-15  SWARM-A  16.181  149.052
2023-09-19T02:53:30Z  485.000  29.088  -162.039  2.17734E-15  SWARM-A  16.189  150.963
2023-09-19T02:54:00Z  484.783  27.173  -162.051  2.18741E-15  SWARM-A  16.196  152.874
2023-09-19T02:54:30Z  484.593  25.257  -162.067  2.19569E-15  SWARM-A  16.203  154.785
2023-09-19T02:55:00Z  484.434  23.340  -162.086  2.20113E-15  SWARM-A  16.210  156.696
2023-09-19T02:55:30Z  484.305  21.423  -162.108  2.20644E-15  SWARM-A  16.217  158.607
2023-09-19T02:56:00Z  484.210  19.506  -162.132  2.21163E-15  SWARM-A  16.224  160.518
2023-09-19T02:56:30Z  484.149  17.588  -162.159  2.21667E-15  SWARM-A  16.231  162.428
2023-09-19T02:57:00Z  484.124  15.670  -162.188  2.22149E-15  SWARM-A  16.237  164.338
2023-09-19T02:57:30Z  484.136  13.752  -162.219  2.22597E-15  SWARM-A  16.243  166.249
2023-09-19T02:58:00Z  484.186  11.833  -162.252  2.22987E-15  SWARM-A  16.249  168.159
2023-09-19T02:58:30Z  484.275  9.914  -162.285  2.23259E-15  SWARM-A  16.255  170.068
2023-09-19T02:59:00Z  484.403  7.995  -162.320  2.23463E-15  SWARM-A  16.262  171.978
2023-09-19T02:59:30Z  484.571  6.076  -162.356  2.23581E-15  SWARM-A  16.267  173.888
2023-09-19T03:00:00Z  484.779  4.157  -162.392  2.23091E-15  SWARM-A  16.273  175.797
2023-09-19T03:00:30Z  485.028  2.238  -162.428  2.22996E-15  SWARM-A  16.279  177.706
2023-09-19T03:01:00Z  485.316  0.320  -162.465  2.22774E-15  SWARM-A  16.285  179.615
2023-09-19T03:01:30Z  485.645  -1.599  -162.502  2.22413E-15  SWARM-A  16.291  181.524
2023-09-19T03:02:00Z  486.013  -3.518  -162.539  2.21912E-15  SWARM-A  16.297  183.433
2023-09-19T03:02:30Z  486.420  -5.436  -162.575  2.21256E-15  SWARM-A  16.303  185.341
2023-09-19T03:03:00Z  486.866  -7.354  -162.611  2.20454E-15  SWARM-A  16.309  187.250
2023-09-19T03:03:30Z  487.348  -9.271  -162.646  2.19490E-15  SWARM-A  16.315  189.158
2023-09-19T03:04:00Z  487.867  -11.188  -162.680  2.18375E-15  SWARM-A  16.321  191.066
2023-09-19T03:04:30Z  488.421  -13.105  -162.713  2.17114E-15  SWARM-A  16.327  192.973
2023-09-19T03:05:00Z  489.008  -15.021  -162.745  2.15711E-15  SWARM-A  16.333  194.881
2023-09-19T03:05:30Z  489.626  -16.936  -162.775  2.14169E-15  SWARM-A  16.340  196.788
2023-09-19T03:06:00Z  490.275  -18.851  -162.803  2.12497E-15  SWARM-A  16.346  198.696
2023-09-19T03:06:30Z  490.952  -20.764  -162.828  2.10698E-15  SWARM-A  16.353  200.603
2023-09-19T03:07:00Z  491.654  -22.678  -162.852  2.08777E-15  SWARM-A  16.359  202.509
2023-09-19T03:07:30Z  492.381  -24.590  -162.872  2.06748E-15  SWARM-A  16.366  204.416
2023-09-19T03:08:00Z  493.129  -26.501  -162.889  2.04621E-15  SWARM-A  16.374  206.323
2023-09-19T03:08:30Z  493.896  -28.412  -162.902  2.02391E-15  SWARM-A  16.381  208.229
2023-09-19T03:09:00Z  494.680  -30.322  -162.912  2.00078E-15  SWARM-A  16.389  210.135
2023-09-19T03:09:30Z  495.477  -32.230  -162.917  1.97703E-15  SWARM-A  16.397  212.041
2023-09-19T03:10:00Z  496.286  -34.138  -162.916  1.95273E-15  SWARM-A  16.405  213.947
2023-09-19T03:10:30Z  497.104  -36.045  -162.910  1.92807E-15  SWARM-A  16.414  215.853
2023-09-19T03:11:00Z  497.927  -37.950  -162.898  1.90307E-15  SWARM-A  16.423  217.758
2023-09-19T03:11:30Z  498.753  -39.855  -162.878  1.87745E-15  SWARM-A  16.433  219.663
2023-09-19T03:12:00Z  499.579  -41.758  -162.850  1.85046E-15  SWARM-A  16.443  221.568
2023-09-19T03:12:30Z  500.402  -43.660  -162.813  1.82070E-15  SWARM-A  16.454  223.473
2023-09-19T03:13:00Z  501.219  -45.561  -162.765  1.78611E-15  SWARM-A  16.465  225.378
2023-09-19T03:13:30Z  502.028  -47.461  -162.705  1.74498E-15  SWARM-A  16.478  227.283
2023-09-19T03:14:00Z  502.825  -49.359  -162.632  1.69757E-15  SWARM-A  16.491  229.188
2023-09-19T03:14:30Z  503.608  -51.257  -162.542  1.64697E-15  SWARM-A  16.505  231.092
2023-09-19T03:15:00Z  504.373  -53.153  -162.434  1.59803E-15  SWARM-A  16.521  232.996
2023-09-19T03:15:30Z  505.119  -55.047  -162.305  1.55482E-15  SWARM-A  16.538  234.900
2023-09-19T03:16:00Z  505.842  -56.940  -162.150  1.51918E-15  SWARM-A  16.556  236.804
2023-09-19T03:16:30Z  506.539  -58.832  -161.966  1.49071E-15  SWARM-A  16.577  238.708
2023-09-19T03:17:00Z  507.209  -60.722  -161.746  1.46786E-15  SWARM-A  16.600  240.612
2023-09-19T03:17:30Z  507.848  -62.610  -161.483  1.44868E-15  SWARM-A  16.626  242.516
2023-09-19T03:18:00Z  508.455  -64.496  -161.167  1.43128E-15  SWARM-A  16.655  244.419
2023-09-19T03:18:30Z  509.027  -66.380  -160.786  1.41414E-15  SWARM-A  16.689  246.323
2023-09-19T03:19:00Z  509.562  -68.262  -160.323  1.39617E-15  SWARM-A  16.728  248.226
2023-09-19T03:19:30Z  510.059  -70.140  -159.755  1.37670E-15  SWARM-A  16.774  250.130
2023-09-19T03:20:00Z  510.514  -72.015  -159.048  1.35552E-15  SWARM-A  16.830  252.033
2023-09-19T03:20:30Z  510.927  -73.885  -158.156  1.33270E-15  SWARM-A  16.898  253.936
2023-09-19T03:21:00Z  511.297  -75.748  -157.005  1.30841E-15  SWARM-A  16.983  255.839
2023-09-19T03:21:30Z  511.621  -77.602  -155.480  1.28336E-15  SWARM-A  17.093  257.743
2023-09-19T03:22:00Z  511.898  -79.443  -153.389  1.25800E-15  SWARM-A  17.240  259.646
2023-09-19T03:22:30Z  512.128  -81.261  -150.381  1.23264E-15  SWARM-A  17.449  261.549
2023-09-19T03:23:00Z  512.310  -83.040  -145.768  1.20793E-15  SWARM-A  17.765  263.452
2023-09-19T03:23:30Z  512.442  -84.740  -138.023  1.18403E-15  SWARM-A  18.290  265.355
2023-09-19T03:24:00Z  512.524  -86.253  -123.443  1.16095E-15  SWARM-A  19.270  267.258
2023-09-19T03:24:30Z  512.557  -87.249  -94.560  1.13841E-15  SWARM-A  21.204  269.161
2023-09-19T03:25:00Z  512.539  -87.130  -55.420  1.11702E-15  SWARM-A  23.822  271.064
2023-09-19T03:25:30Z  512.471  -85.993  -29.785  1.09777E-15  SWARM-A  1.539  272.967
2023-09-19T03:26:00Z  512.353  -84.430  -16.954  1.07974E-15  SWARM-A  2.403  274.870
2023-09-19T03:26:30Z  512.185  -82.709  -9.986  1.06210E-15  SWARM-A  2.876  276.773
2023-09-19T03:27:00Z  511.968  -80.921  -5.754  1.04574E-15  SWARM-A  3.166  278.676
2023-09-19T03:27:30Z  511.703  -79.098  -2.958  1.03070E-15  SWARM-A  3.361  280.579
2023-09-19T03:28:00Z  511.391  -77.254  -0.993  1.01699E-15  SWARM-A  3.500  282.482
2023-09-19T03:28:30Z  511.032  -75.398  0.449  1.00466E-15  SWARM-A  3.605  284.385
2023-09-19T03:29:00Z  510.628  -73.533  1.545  9.93706E-16  SWARM-A  3.686  286.289
2023-09-19T03:29:30Z  510.181  -71.662  2.397  9.84041E-16  SWARM-A  3.751  288.192
2023-09-19T03:30:00Z  509.692  -69.786  3.075  9.75568E-16  SWARM-A  3.805  290.095
2023-09-19T03:30:30Z  509.162  -67.907  3.621  9.68287E-16  SWARM-A  3.849  291.999
2023-09-19T03:31:00Z  508.594  -66.025  4.067  9.63074E-16  SWARM-A  3.887  293.903
2023-09-19T03:31:30Z  507.990  -64.140  4.435  9.59023E-16  SWARM-A  3.920  295.806
2023-09-19T03:32:00Z  507.352  -62.253  4.740  9.55699E-16  SWARM-A  3.949  297.710
2023-09-19T03:32:30Z  506.682  -60.365  4.994  9.53058E-16  SWARM-A  3.974  299.614
2023-09-19T03:33:00Z  505.982  -58.474  5.207  9.50850E-16  SWARM-A  3.997  301.518
2023-09-19T03:33:30Z  505.256  -56.582  5.385  9.48900E-16  SWARM-A  4.017  303.422
2023-09-19T03:34:00Z  504.505  -54.688  5.535  9.47062E-16  SWARM-A  4.035  305.327
2023-09-19T03:34:30Z  503.732  -52.793  5.660  9.45243E-16  SWARM-A  4.052  307.231
2023-09-19T03:35:00Z  502.940  -50.897  5.764  9.43385E-16  SWARM-A  4.067  309.136
2023-09-19T03:35:30Z  502.133  -48.999  5.850  9.41295E-16  SWARM-A  4.081  311.041
2023-09-19T03:36:00Z  501.311  -47.100  5.921  9.38400E-16  SWARM-A  4.094  312.945
2023-09-19T03:36:30Z  500.480  -45.199  5.979  9.35638E-16  SWARM-A  4.107  314.851
2023-09-19T03:37:00Z  499.641  -43.298  6.025  9.33590E-16  SWARM-A  4.118  316.756
2023-09-19T03:37:30Z  498.797  -41.395  6.060  9.32498E-16  SWARM-A  4.129  318.661
2023-09-19T03:38:00Z  497.952  -39.491  6.086  9.32500E-16  SWARM-A  4.139  320.567
2023-09-19T03:38:30Z  497.108  -37.586  6.105  9.33709E-16  SWARM-A  4.148  322.472
2023-09-19T03:39:00Z  496.268  -35.680  6.116  9.36083E-16  SWARM-A  4.157  324.378
2023-09-19T03:39:30Z  495.435  -33.773  6.121  9.39565E-16  SWARM-A  4.166  326.284
2023-09-19T03:40:00Z  494.612  -31.864  6.120  9.44046E-16  SWARM-A  4.174  328.191
2023-09-19T03:40:30Z  493.802  -29.955  6.114  9.49372E-16  SWARM-A  4.182  330.097
2023-09-19T03:41:00Z  493.007  -28.045  6.104  9.55450E-16  SWARM-A  4.190  332.004
2023-09-19T03:41:30Z  492.230  -26.134  6.090  9.61740E-16  SWARM-A  4.197  333.910
2023-09-19T03:42:00Z  491.473  -24.222  6.072  9.68520E-16  SWARM-A  4.204  335.817
2023-09-19T03:42:30Z  490.738  -22.309  6.051  9.75701E-16  SWARM-A  4.211  337.724
2023-09-19T03:43:00Z  490.029  -20.395  6.028  9.83156E-16  SWARM-A  4.218  339.632
2023-09-19T03:43:30Z  489.347  -18.481  6.002  9.90815E-16  SWARM-A  4.225  341.539
2023-09-19T03:44:00Z  488.695  -16.565  5.973  9.98606E-16  SWARM-A  4.231  343.447
2023-09-19T03:44:30Z  488.074  -14.650  5.943  1.00644E-15  SWARM-A  4.238  345.355
2023-09-19T03:45:00Z  487.485  -12.733  5.911  1.01421E-15  SWARM-A  4.244  347.263
2023-09-19T03:45:30Z  486.931  -10.816  5.878  1.02178E-15  SWARM-A  4.250  349.171
2023-09-19T03:46:00Z  486.414  -8.898  5.844  1.02912E-15  SWARM-A  4.256  351.080
2023-09-19T03:46:30Z  485.933  -6.980  5.809  1.03619E-15  SWARM-A  4.262  352.988
2023-09-19T03:47:00Z  485.491  -5.062  5.773  1.04282E-15  SWARM-A  4.268  354.897
2023-09-19T03:47:30Z  485.089  -3.143  5.736  1.04900E-15  SWARM-A  4.274  356.806
2023-09-19T03:48:00Z  484.726  -1.224  5.699  1.05457E-15  SWARM-A  4.280  358.715
2023-09-19T03:48:30Z  484.405  0.695  5.662  1.05954E-15  SWARM-A  4.286  0.625
2023-09-19T03:49:00Z  484.124  2.614  5.626  1.06392E-15  SWARM-A  4.291  2.534
2023-09-19T03:49:30Z  483.884  4.534  5.589  1.06765E-15  SWARM-A  4.297  4.444
2023-09-19T03:50:00Z  483.686  6.453  5.553  1.07073E-15  SWARM-A  4.303  6.354
2023-09-19T03:50:30Z  483.529  8.373  5.518  1.07316E-15  SWARM-A  4.309  8.264
2023-09-19T03:51:00Z  483.412  10.292  5.483  1.07496E-15  SWARM-A  4.315  10.174
2023-09-19T03:51:30Z  483.336  12.212  5.450  1.07619E-15  SWARM-A  4.321  12.084
2023-09-19T03:52:00Z  483.299  14.131  5.418  1.07691E-15  SWARM-A  4.328  13.995
2023-09-19T03:52:30Z  483.301  16.049  5.387  1.07712E-15  SWARM-A  4.334  15.905
2023-09-19T03:53:00Z  483.341  17.968  5.358  1.07689E-15  SWARM-A  4.340  17.816
2023-09-19T03:53:30Z  483.417  19.886  5.332  1.07628E-15  SWARM-A  4.347  19.727
2023-09-19T03:54:00Z  483.528  21.804  5.308  1.07531E-15  SWARM-A  4.354  21.638
2023-09-19T03:54:30Z  483.673  23.721  5.286  1.07412E-15  SWARM-A  4.360  23.550
2023-09-19T03:55:00Z  483.850  25.638  5.268  1.07272E-15  SWARM-A  4.368  25.461
2023-09-19T03:55:30Z  484.058  27.554  5.253  1.07110E-15  SWARM-A  4.375  27.373
2023-09-19T03:56:00Z  484.293  29.469  5.242  1.06921E-15  SWARM-A  4.383  29.284
2023-09-19T03:56:30Z  484.556  31.384  5.236  1.06724E-15  SWARM-A  4.390  31.196
2023-09-19T03:57:00Z  484.842  33.298  5.234  1.06529E-15  SWARM-A  4.399  33.108
2023-09-19T03:57:30Z  485.151  35.212  5.238  1.06352E-15  SWARM-A  4.407  35.020
2023-09-19T03:58:00Z  485.480  37.125  5.248  1.06196E-15  SWARM-A  4.416  36.932
2023-09-19T03:58:30Z  485.826  39.036  5.265  1.06082E-15  SWARM-A  4.426  38.844
2023-09-19T03:59:00Z  486.188  40.947  5.290  1.06029E-15  SWARM-A  4.436  40.757
2023-09-19T03:59:30Z  486.563  42.857  5.323  1.06052E-15  SWARM-A  4.446  42.669
2023-09-19T04:00:00Z  486.948  44.767  5.367  1.06161E-15  SWARM-A  4.458  44.582
2023-09-19T04:00:30Z  487.341  46.675  5.423  1.06352E-15  SWARM-A  4.470  46.494
2023-09-19T04:01:00Z  487.740  48.582  5.491  1.06547E-15  SWARM-A  4.483  48.407
2023-09-19T04:01:30Z  488.142  50.488  5.575  1.06762E-15  SWARM-A  4.496  50.320
2023-09-19T04:02:00Z  488.544  52.393  5.676  1.06976E-15  SWARM-A  4.512  52.233
2023-09-19T04:02:30Z  488.945  54.297  5.798  1.07208E-15  SWARM-A  4.528  54.146
2023-09-19T04:03:00Z  489.342  56.199  5.943  1.07542E-15  SWARM-A  4.546  56.059
2023-09-19T04:03:30Z  489.732  58.101  6.117  1.08088E-15  SWARM-A  4.566  57.972
2023-09-19T04:04:00Z  490.113  60.001  6.324  1.08917E-15  SWARM-A  4.588  59.885
2023-09-19T04:04:30Z  490.484  61.899  6.572  1.09995E-15  SWARM-A  4.613  61.798
2023-09-19T04:05:00Z  490.841  63.795  6.868  1.11259E-15  SWARM-A  4.641  63.711
2023-09-19T04:05:30Z  491.184  65.690  7.226  1.12603E-15  SWARM-A  4.673  65.625
2023-09-19T04:06:00Z  491.509  67.582  7.659  1.13931E-15  SWARM-A  4.710  67.538
2023-09-19T04:06:30Z  491.816  69.472  8.190  1.15171E-15  SWARM-A  4.754  69.451
2023-09-19T04:07:00Z  492.102  71.358  8.847  1.16298E-15  SWARM-A  4.806  71.365
2023-09-19T04:07:30Z  492.366  73.239  9.673  1.17351E-15  SWARM-A  4.870  73.278
2023-09-19T04:08:00Z  492.606  75.115  10.732  1.18370E-15  SWARM-A  4.949  75.192
2023-09-19T04:08:30Z  492.822  76.983  12.122  1.19411E-15  SWARM-A  5.050  77.105
2023-09-19T04:09:00Z  493.011  78.839  14.007  1.20556E-15  SWARM-A  5.184  79.019
2023-09-19T04:09:30Z  493.174  80.676  16.677  1.21875E-15  SWARM-A  5.370  80.932
2023-09-19T04:10:00Z  493.309  82.480  20.688  1.23426E-15  SWARM-A  5.646  82.846
2023-09-19T04:10:30Z  493.415  84.221  27.227  1.25241E-15  SWARM-A  6.090  84.760
2023-09-19T04:11:00Z  493.492  85.821  39.131  1.27321E-15  SWARM-A  6.892  86.673
2023-09-19T04:11:30Z  493.539  87.040  62.978  1.29642E-15  SWARM-A  8.490  88.587
2023-09-19T04:12:00Z  493.557  87.300  101.785  1.32243E-15  SWARM-A  11.085  90.500
2023-09-19T04:12:30Z  493.546  86.388  132.665  1.35118E-15  SWARM-A  13.152  92.414
2023-09-19T04:13:00Z  493.505  84.898  148.377  1.38037E-15  SWARM-A  14.208  94.327
2023-09-19T04:13:30Z  493.434  83.200  156.601  1.40964E-15  SWARM-A  14.765  96.241
2023-09-19T04:14:00Z  493.335  81.416  161.440  1.43893E-15  SWARM-A  15.096  98.154
2023-09-19T04:14:30Z  493.207  79.590  164.565  1.46833E-15  SWARM-A  15.313  100.068
2023-09-19T04:15:00Z  493.052  77.741  166.725  1.49804E-15  SWARM-A  15.465  101.981
2023-09-19T04:15:30Z  492.871  75.877  168.292  1.52880E-15  SWARM-A  15.578  103.895
2023-09-19T04:16:00Z  492.664  74.005  169.470  1.56157E-15  SWARM-A  15.665  105.808
2023-09-19T04:16:30Z  492.433  72.125  170.382  1.59734E-15  SWARM-A  15.734  107.721
2023-09-19T04:17:00Z  492.179  70.241  171.102  1.63691E-15  SWARM-A  15.790  109.635
2023-09-19T04:17:30Z  491.904  68.353  171.680  1.68063E-15  SWARM-A  15.837  111.548
2023-09-19T04:18:00Z  491.609  66.462  172.150  1.72791E-15  SWARM-A  15.876  113.461
2023-09-19T04:18:30Z  491.296  64.568  172.536  1.77717E-15  SWARM-A  15.911  115.374
2023-09-19T04:19:00Z  490.967  62.673  172.856  1.82602E-15  SWARM-A  15.940  117.287
2023-09-19T04:19:30Z  490.623  60.775  173.123  1.87215E-15  SWARM-A  15.966  119.200
2023-09-19T04:20:00Z  490.268  58.876  173.345  1.91416E-15  SWARM-A  15.990  121.113
2023-09-19T04:20:30Z  489.902  56.976  173.532  1.95198E-15  SWARM-A  16.010  123.026
2023-09-19T04:21:00Z  489.529  55.074  173.688  1.98617E-15  SWARM-A  16.029  124.939
2023-09-19T04:21:30Z  489.150  53.171  173.819  2.01767E-15  SWARM-A  16.046  126.852
2023-09-19T04:22:00Z  488.769  51.267  173.928  2.04741E-15  SWARM-A  16.062  128.765
2023-09-19T04:22:30Z  488.386  49.361  174.018  2.07572E-15  SWARM-A  16.076  130.677
2023-09-19T04:23:00Z  488.005  47.455  174.093  2.10227E-15  SWARM-A  16.089  132.590
2023-09-19T04:23:30Z  487.628  45.547  174.153  2.12698E-15  SWARM-A  16.102  134.502
2023-09-19T04:24:00Z  487.257  43.639  174.202  2.14987E-15  SWARM-A  16.113  136.414
2023-09-19T04:24:30Z  486.896  41.730  174.240  2.17101E-15  SWARM-A  16.124  138.326
2023-09-19T04:25:00Z  486.546  39.819  174.268  2.19044E-15  SWARM-A  16.134  140.238
2023-09-19T04:25:30Z  486.210  37.908  174.288  2.20832E-15  SWARM-A  16.144  142.150
2023-09-19T04:26:00Z  485.890  35.996  174.301  2.22476E-15  SWARM-A  16.153  144.062
2023-09-19T04:26:30Z  485.588  34.084  174.307  2.23993E-15  SWARM-A  16.162  145.974
2023-09-19T04:27:00Z  485.307  32.170  174.307  2.25404E-15  SWARM-A  16.170  147.886
2023-09-19T04:27:30Z  485.049  30.256  174.303  2.26715E-15  SWARM-A  16.178  149.797
2023-09-19T04:28:00Z  484.817  28.341  174.293  2.27939E-15  SWARM-A  16.186  151.708
2023-09-19T04:28:30Z  484.611  26.425  174.280  2.29085E-15  SWARM-A  16.194  153.620
2023-09-19T04:29:00Z  484.433  24.509  174.263  2.30159E-15  SWARM-A  16.201  155.531
2023-09-19T04:29:30Z  484.287  22.593  174.243  2.31162E-15  SWARM-A  16.208  157.442
2023-09-19T04:30:00Z  484.173  20.676  174.220  2.32094E-15  SWARM-A  16.215  159.352
2023-09-19T04:30:30Z  484.092  18.758  174.194  2.32949E-15  SWARM-A  16.221  161.263
2023-09-19T04:31:00Z  484.047  16.840  174.166  2.33711E-15  SWARM-A  16.228  163.173
2023-09-19T04:31:30Z  484.038  14.922  174.136  2.34375E-15  SWARM-A  16.234  165.084
2023-09-19T04:32:00Z  484.067  13.003  174.105  2.34921E-15  SWARM-A  16.240  166.994
2023-09-19T04:32:30Z  484.134  11.084  174.072  2.35339E-15  SWARM-A  16.246  168.904
2023-09-19T04:33:00Z  484.240  9.166  174.038  2.35607E-15  SWARM-A  16.252  170.814
2023-09-19T04:33:30Z  484.386  7.246  174.003  2.35717E-15  SWARM-A  16.258  172.723
2023-09-19T04:34:00Z  484.572  5.327  173.967  2.35648E-15  SWARM-A  16.264  174.633
2023-09-19T04:34:30Z  484.798  3.408  173.931  2.35394E-15  SWARM-A  16.270  176.542
2023-09-19T04:35:00Z  485.065  1.489  173.894  2.34936E-15  SWARM-A  16.276  178.451
2023-09-19T04:35:30Z  485.372  -0.430  173.857  2.34282E-15  SWARM-A  16.282  180.360
2023-09-19T04:36:00Z  485.719  -2.348  173.820  2.33417E-15  SWARM-A  16.288  182.269
2023-09-19T04:36:30Z  486.105  -4.267  173.783  2.32340E-15  SWARM-A  16.294  184.178
2023-09-19T04:37:00Z  486.530  -6.185  173.747  2.31046E-15  SWARM-A  16.300  186.086
2023-09-19T04:37:30Z  486.993  -8.103  173.711  2.29547E-15  SWARM-A  16.306  187.995
2023-09-19T04:38:00Z  487.493  -10.020  173.677  2.27827E-15  SWARM-A  16.312  189.903
2023-09-19T04:38:30Z  488.029  -11.937  173.643  2.25901E-15  SWARM-A  16.318  191.811
2023-09-19T04:39:00Z  488.599  -13.853  173.610  2.23766E-15  SWARM-A  16.324  193.718
2023-09-19T04:39:30Z  489.201  -15.769  173.580  2.21431E-15  SWARM-A  16.330  195.626
2023-09-19T04:40:00Z  489.835  -17.684  173.550  2.18903E-15  SWARM-A  16.337  197.533
2023-09-19T04:40:30Z  490.497  -19.598  173.523  2.16194E-15  SWARM-A  16.343  199.440
2023-09-19T04:41:00Z  491.187  -21.512  173.498  2.13314E-15  SWARM-A  16.350  201.347
2023-09-19T04:41:30Z  491.901  -23.425  173.476  2.10281E-15  SWARM-A  16.357  203.254
2023-09-19T04:42:00Z  492.639  -25.337  173.457  2.07103E-15  SWARM-A  16.364  205.161
2023-09-19T04:42:30Z  493.397  -27.248  173.441  2.03802E-15  SWARM-A  16.371  207.067
2023-09-19T04:43:00Z  494.173  -29.158  173.429  2.00403E-15  SWARM-A  16.379  208.974
2023-09-19T04:43:30Z  494.964  -31.067  173.422  1.96927E-15  SWARM-A  16.386  210.880
2023-09-19T04:44:00Z  495.768  -32.976  173.419  1.93389E-15  SWARM-A  16.395  212.786
2023-09-19T04:44:30Z  496.583  -34.883  173.421  1.89777E-15  SWARM-A  16.403  214.691
2023-09-19T04:45:00Z  497.405  -36.789  173.430  1.86050E-15  SWARM-A  16.412  216.597
2023-09-19T04:45:30Z  498.231  -38.694  173.445  1.82093E-15  SWARM-A  16.421  218.502
2023-09-19T04:46:00Z  499.059  -40.598  173.468  1.77743E-15  SWARM-A  16.431  220.408
2023-09-19T04:46:30Z  499.886  -42.501  173.499  1.72852E-15  SWARM-A  16.442  222.313
2023-09-19T04:47:00Z  500.708  -44.403  173.540  1.67427E-15  SWARM-A  16.453  224.218
2023-09-19T04:47:30Z  501.524  -46.303  173.592  1.61734E-15  SWARM-A  16.464  226.122
2023-09-19T04:48:00Z  502.330  -48.203  173.657  1.56199E-15  SWARM-A  16.477  228.027
2023-09-19T04:48:30Z  503.123  -50.101  173.737  1.51217E-15  SWARM-A  16.491  229.932
2023-09-19T04:49:00Z  503.901  -51.998  173.833  1.46960E-15  SWARM-A  16.506  231.836
2023-09-19T04:49:30Z  504.661  -53.893  173.949  1.43386E-15  SWARM-A  16.522  233.740
2023-09-19T04:50:00Z  505.399  -55.787  174.088  1.40321E-15  SWARM-A  16.539  235.644
2023-09-19T04:50:30Z  506.114  -57.680  174.253  1.37551E-15  SWARM-A  16.559  237.548
2023-09-19T04:51:00Z  506.802  -59.571  174.451  1.34921E-15  SWARM-A  16.580  239.452
2023-09-19T04:51:30Z  507.462  -61.460  174.687  1.32271E-15  SWARM-A  16.604  241.356
2023-09-19T04:52:00Z  508.091  -63.347  174.969  1.29526E-15  SWARM-A  16.631  243.260
2023-09-19T04:52:30Z  508.686  -65.233  175.308  1.26649E-15  SWARM-A  16.662  245.163
2023-09-19T04:53:00Z  509.245  -67.116  175.719  1.23602E-15  SWARM-A  16.698  247.067
2023-09-19T04:53:30Z  509.767  -68.996  176.220  1.20476E-15  SWARM-A  16.740  248.970
2023-09-19T04:54:00Z  510.249  -70.873  176.837  1.17340E-15  SWARM-A  16.789  250.873
2023-09-19T04:54:30Z  510.690  -72.746  177.609  1.14259E-15  SWARM-A  16.849  252.777
2023-09-19T04:55:00Z  511.088  -74.614  178.592  1.11281E-15  SWARM-A  16.923  254.680
2023-09-19T04:55:30Z  511.441  -76.474  179.872  1.08448E-15  SWARM-A  17.016  256.583
2023-09-19T04:56:00Z  511.748  -78.323  -178.412  1.05788E-15  SWARM-A  17.139  258.486
2023-09-19T04:56:30Z  512.009  -80.157  -176.018  1.03302E-15  SWARM-A  17.307  260.389
2023-09-19T04:57:00Z  512.221  -81.962  -172.495  1.00980E-15  SWARM-A  17.550  262.292
2023-09-19T04:57:30Z  512.385  -83.717  -166.917  9.88036E-16  SWARM-A  17.931  264.195
2023-09-19T04:58:00Z  512.499  -85.364  -157.143  9.67683E-16  SWARM-A  18.590  266.098
2023-09-19T04:58:30Z  512.563  -86.735  -137.977  9.48471E-16  SWARM-A  19.877  268.001
2023-09-19T04:59:00Z  512.577  -87.359  -102.688  9.30175E-16  SWARM-A  22.237  269.904
2023-09-19T04:59:30Z  512.541  -86.769  -66.973  9.13751E-16  SWARM-A  0.627  271.807
2023-09-19T05:00:00Z  512.454  -85.412  -47.389  8.99448E-16  SWARM-A  1.941  273.710
2023-09-19T05:00:30Z  512.318  -83.770  -37.426  8.86863E-16  SWARM-A  2.613  275.613
2023-09-19T05:01:00Z  512.132  -82.017  -31.761  8.75899E-16  SWARM-A  2.999  277.516
2023-09-19T05:01:30Z  511.897  -80.212  -28.193  8.66581E-16  SWARM-A  3.245  279.419
2023-09-19T05:02:00Z  511.615  -78.380  -25.773  8.58886E-16  SWARM-A  3.415  281.322
2023-09-19T05:02:30Z  511.285  -76.530  -24.040  8.52791E-16  SWARM-A  3.539  283.225
2023-09-19T05:03:00Z  510.910  -74.670  -22.749  8.48181E-16  SWARM-A  3.633  285.129
2023-09-19T05:03:30Z  510.490  -72.803  -21.759  8.44908E-16  SWARM-A  3.708  287.032
2023-09-19T05:04:00Z  510.027  -70.930  -20.981  8.42699E-16  SWARM-A  3.768  288.935
2023-09-19T05:04:30Z  509.522  -69.053  -20.359  8.41349E-16  SWARM-A  3.818  290.839
2023-09-19T05:05:00Z  508.979  -67.172  -19.856  8.40318E-16  SWARM-A  3.860  292.742
2023-09-19T05:05:30Z  508.397  -65.289  -19.443  8.39459E-16  SWARM-A  3.896  294.646
2023-09-19T05:06:00Z  507.780  -63.404  -19.101  8.38632E-16  SWARM-A  3.927  296.550
2023-09-19T05:06:30Z  507.130  -61.516  -18.818  8.37717E-16  SWARM-A  3.954  298.454
2023-09-19T05:07:00Z  506.449  -59.627  -18.580  8.36635E-16  SWARM-A  3.978  300.358
2023-09-19T05:07:30Z  505.739  -57.735  -18.382  8.35407E-16  SWARM-A  4.000  302.262
2023-09-19T05:08:00Z  505.003  -55.843  -18.215  8.34166E-16  SWARM-A  4.019  304.166
2023-09-19T05:08:30Z  504.244  -53.948  -18.076  8.33190E-16  SWARM-A  4.037  306.070
2023-09-19T05:09:00Z  503.464  -52.053  -17.960  8.32443E-16  SWARM-A  4.053  307.975
2023-09-19T05:09:30Z  502.666  -50.156  -17.863  8.31865E-16  SWARM-A  4.068  309.879
2023-09-19T05:10:00Z  501.853  -48.258  -17.783  8.31986E-16  SWARM-A  4.081  311.784
2023-09-19T05:10:30Z  501.028  -46.358  -17.717  8.32752E-16  SWARM-A  4.094  313.689
2023-09-19T05:11:00Z  500.193  -44.457  -17.664  8.34488E-16  SWARM-A  4.106  315.594
2023-09-19T05:11:30Z  499.352  -42.555  -17.623  8.36851E-16  SWARM-A  4.117  317.499
2023-09-19T05:12:00Z  498.507  -40.652  -17.591  8.39650E-16  SWARM-A  4.127  319.405
2023-09-19T05:12:30Z  497.662  -38.748  -17.568  8.42814E-16  SWARM-A  4.137  321.310
2023-09-19T05:13:00Z  496.818  -36.842  -17.553  8.46360E-16  SWARM-A  4.147  323.216
2023-09-19T05:13:30Z  495.981  -34.936  -17.544  8.50119E-16  SWARM-A  4.155  325.122
2023-09-19T05:14:00Z  495.151  -33.028  -17.542  8.54083E-16  SWARM-A  4.164  327.028
2023-09-19T05:14:30Z  494.332  -31.119  -17.544  8.58362E-16  SWARM-A  4.172  328.934
2023-09-19T05:15:00Z  493.526  -29.210  -17.552  8.62975E-16  SWARM-A  4.180  330.841
2023-09-19T05:15:30Z  492.737  -27.299  -17.564  8.67955E-16  SWARM-A  4.187  332.748
2023-09-19T05:16:00Z  491.967  -25.388  -17.579  8.73300E-16  SWARM-A  4.195  334.654
2023-09-19T05:16:30Z  491.218  -23.475  -17.599  8.79047E-16  SWARM-A  4.202  336.561
2023-09-19T05:17:00Z  490.492  -21.562  -17.621  8.85159E-16  SWARM-A  4.209  338.469
2023-09-19T05:17:30Z  489.793  -19.648  -17.645  8.91662E-16  SWARM-A  4.215  340.376
2023-09-19T05:18:00Z  489.121  -17.733  -17.672  8.98516E-16  SWARM-A  4.222  342.284
2023-09-19T05:18:30Z  488.480  -15.818  -17.701  9.05656E-16  SWARM-A  4.228  344.191
2023-09-19T05:19:00Z  487.871  -13.902  -17.732  9.13036E-16  SWARM-A  4.235  346.099
2023-09-19T05:19:30Z  487.295  -11.985  -17.765  9.20590E-16  SWARM-A  4.241  348.007
2023-09-19T05:20:00Z  486.754  -10.068  -17.798  9.28203E-16  SWARM-A  4.247  349.916
2023-09-19T05:20:30Z  486.250  -8.150  -17.833  9.35772E-16  SWARM-A  4.253  351.824
2023-09-19T05:21:00Z  485.783  -6.232  -17.868  9.43230E-16  SWARM-A  4.259  353.733
2023-09-19T05:21:30Z  485.356  -4.314  -17.905  9.50419E-16  SWARM-A  4.265  355.642
2023-09-19T05:22:00Z  484.968  -2.395  -17.941  9.57251E-16  SWARM-A  4.271  357.551
2023-09-19T05:22:30Z  484.620  -0.476  -17.978  9.63646E-16  SWARM-A  4.277  359.460
2023-09-19T05:23:00Z  484.313  1.444  -18.015  9.69571E-16  SWARM-A  4.282  1.369
2023-09-19T05:23:30Z  484.047  3.363  -18.052  9.74926E-16  SWARM-A  4.288  3.279
2023-09-19T05:24:00Z  483.822  5.283  -18.088  9.79698E-16  SWARM-A  4.294  5.189
2023-09-19T05:24:30Z  483.638  7.202  -18.124  9.83860E-16  SWARM-A  4.300  7.099
2023-09-19T05:25:00Z  483.496  9.122  -18.159  9.87400E-16  SWARM-A  4.306  9.009
2023-09-19T05:25:30Z  483.394  11.041  -18.193  9.90361E-16  SWARM-A  4.312  10.919
2023-09-19T05:26:00Z  483.332  12.960  -18.226  9.92818E-16  SWARM-A  4.318  12.829
2023-09-19T05:26:30Z  483.309  14.879  -18.258  9.94793E-16  SWARM-A  4.325  14.740
2023-09-19T05:27:00Z  483.324  16.798  -18.288  9.96311E-16  SWARM-A  4.331  16.651
2023-09-19T05:27:30Z  483.376  18.716  -18.316  9.97465E-16  SWARM-A  4.337  18.562
2023-09-19T05:28:00Z  483.465  20.634  -18.341  9.98321E-16  SWARM-A  4.344  20.473
2023-09-19T05:28:30Z  483.588  22.552  -18.364  9.98966E-16  SWARM-A  4.351  22.384
2023-09-19T05:29:00Z  483.744  24.469  -18.385  9.99429E-16  SWARM-A  4.358  24.295
2023-09-19T05:29:30Z  483.931  26.385  -18.402  9.99792E-16  SWARM-A  4.365  26.207
2023-09-19T05:30:00Z  484.148  28.301  -18.415  1.00002E-15  SWARM-A  4.372  28.118
2023-09-19T05:30:30Z  484.393  30.216  -18.424  1.00029E-15  SWARM-A  4.380  30.030
2023-09-19T05:31:00Z  484.663  32.131  -18.429  1.00072E-15  SWARM-A  4.388  31.942
2023-09-19T05:31:30Z  484.957  34.045  -18.429  1.00141E-15  SWARM-A  4.397  33.854
2023-09-19T05:32:00Z  485.272  35.958  -18.423  1.00250E-15  SWARM-A  4.405  35.766
2023-09-19T05:32:30Z  485.606  37.870  -18.410  1.00385E-15  SWARM-A  4.414  37.678
2023-09-19T05:33:00Z  485.957  39.782  -18.390  1.00584E-15  SWARM-A  4.424  39.590
2023-09-19T05:33:30Z  486.322  41.692  -18.362  1.00853E-15  SWARM-A  4.434  41.503
2023-09-19T05:34:00Z  486.699  43.602  -18.324  1.01203E-15  SWARM-A  4.445  43.415
2023-09-19T05:34:30Z  487.086  45.511  -18.276  1.01613E-15  SWARM-A  4.457  45.328
2023-09-19T05:35:00Z  487.480  47.419  -18.216  1.02021E-15  SWARM-A  4.469  47.240
2023-09-19T05:35:30Z  487.878  49.325  -18.141  1.02453E-15  SWARM-A  4.482  49.153
2023-09-19T05:36:00Z  488.278  51.231  -18.051  1.02927E-15  SWARM-A  4.497  51.066
2023-09-19T05:36:30Z  488.678  53.136  -17.942  1.03489E-15  SWARM-A  4.512  52.979
2023-09-19T05:37:00Z  489.076  55.039  -17.812  1.04223E-15  SWARM-A  4.529  54.892
2023-09-19T05:37:30Z  489.468  56.941  -17.656  1.05166E-15  SWARM-A  4.548  56.805
2023-09-19T05:38:00Z  489.853  58.842  -17.470  1.06291E-15  SWARM-A  4.569  58.718
2023-09-19T05:38:30Z  490.228  60.741  -17.248  1.07512E-15  SWARM-A  4.592  60.631
2023-09-19T05:39:00Z  490.591  62.639  -16.983  1.08725E-15  SWARM-A  4.618  62.545
2023-09-19T05:39:30Z  490.941  64.535  -16.664  1.09844E-15  SWARM-A  4.648  64.458
2023-09-19T05:40:00Z  491.275  66.428  -16.278  1.10821E-15  SWARM-A  4.682  66.371
2023-09-19T05:40:30Z  491.590  68.320  -15.810  1.11661E-15  SWARM-A  4.721  68.285
2023-09-19T05:41:00Z  491.887  70.208  -15.234  1.12404E-15  SWARM-A  4.768  70.198
2023-09-19T05:41:30Z  492.162  72.093  -14.517  1.13113E-15  SWARM-A  4.824  72.111
2023-09-19T05:42:00Z  492.414  73.972  -13.609  1.13868E-15  SWARM-A  4.893  74.025
2023-09-19T05:42:30Z  492.643  75.845  -12.436  1.14743E-15  SWARM-A  4.979  75.939
2023-09-19T05:43:00Z  492.846  77.709  -10.877  1.15807E-15  SWARM-A  5.092  77.852
2023-09-19T05:43:30Z  493.023  79.558  -8.730  1.17108E-15  SWARM-A  5.243  79.766
2023-09-19T05:44:00Z  493.172  81.385  -5.625  1.18682E-15  SWARM-A  5.459  81.679
2023-09-19T05:44:30Z  493.294  83.170  -0.826  1.20533E-15  SWARM-A  5.787  83.593
2023-09-19T05:45:00Z  493.386  84.870  7.318  1.22643E-15  SWARM-A  6.338  85.506
2023-09-19T05:45:30Z  493.450  86.366  22.845  1.24975E-15  SWARM-A  7.382  87.420
2023-09-19T05:46:00Z  493.484  87.293  53.430  1.27490E-15  SWARM-A  9.429  89.334
2023-09-19T05:46:30Z  493.488  87.054  92.344  1.30242E-15  SWARM-A  12.031  91.247
2023-09-19T05:47:00Z  493.463  85.846  116.468  1.33156E-15  SWARM-A  13.648  93.161
2023-09-19T05:47:30Z  493.409  84.250  128.506  1.36120E-15  SWARM-A  14.459  95.074
2023-09-19T05:48:00Z  493.325  82.510  135.105  1.39119E-15  SWARM-A  14.907  96.988
2023-09-19T05:48:30Z  493.213  80.706  139.146  1.42171E-15  SWARM-A  15.185  98.901
2023-09-19T05:49:00Z  493.073  78.870  141.833  1.45314E-15  SWARM-A  15.372  100.815
2023-09-19T05:49:30Z  492.906  77.015  143.729  1.48607E-15  SWARM-A  15.507  102.728
2023-09-19T05:50:00Z  492.713  75.147  145.126  1.52109E-15  SWARM-A  15.609  104.642
2023-09-19T05:50:30Z  492.495  73.271  146.189  1.55885E-15  SWARM-A  15.688  106.555
2023-09-19T05:51:00Z  492.254  71.390  147.018  1.59958E-15  SWARM-A  15.751  108.469
2023-09-19T05:51:30Z  491.990  69.504  147.678  1.64326E-15  SWARM-A  15.804  110.382
2023-09-19T05:52:00Z  491.706  67.615  148.211  1.68910E-15  SWARM-A  15.848  112.295
2023-09-19T05:52:30Z  491.403  65.723  148.646  1.73575E-15  SWARM-A  15.885  114.209
2023-09-19T05:53:00Z  491.082  63.828  149.004  1.78158E-15  SWARM-A  15.917  116.122
2023-09-19T05:53:30Z  490.746  61.932  149.302  1.82505E-15  SWARM-A  15.945  118.035
2023-09-19T05:54:00Z  490.397  60.034  149.550  1.86599E-15  SWARM-A  15.970  119.948
2023-09-19T05:54:30Z  490.037  58.134  149.758  1.90629E-15  SWARM-A  15.992  121.861
2023-09-19T05:55:00Z  489.667  56.233  149.932  1.94472E-15  SWARM-A  16.012  123.774
2023-09-19T05:55:30Z  489.291  54.331  150.078  1.98149E-15  SWARM-A  16.030  125.687
2023-09-19T05:56:00Z  488.910  52.427  150.200  2.01689E-15  SWARM-A  16.047  127.599
2023-09-19T05:56:30Z  488.527  50.522  150.302  2.05090E-15  SWARM-A  16.062  129.512
2023-09-19T05:57:00Z  488.144  48.616  150.386  2.07940E-15  SWARM-A  16.076  131.425
2023-09-19T05:57:30Z  487.763  46.709  150.454  2.10535E-15  SWARM-A  16.089  133.337
2023-09-19T05:58:00Z  487.388  44.801  150.510  2.12953E-15  SWARM-A  16.101  135.250
2023-09-19T05:58:30Z  487.020  42.893  150.554  2.15190E-15  SWARM-A  16.112  137.162
2023-09-19T05:59:00Z  486.662  40.983  150.588  2.17258E-15  SWARM-A  16.123  139.074
2023-09-19T05:59:30Z  486.317  39.072  150.613  2.19553E-15  SWARM-A  16.133  140.986
2023-09-19T06:00:00Z  485.986  37.161  150.630  2.22191E-15  SWARM-A  16.142  142.898
2023-09-19T06:00:30Z  485.673  35.248  150.640  2.24328E-15  SWARM-A  16.151  144.810
2023-09-19T06:01:00Z  485.379  33.335  150.644  2.26357E-15  SWARM-A  16.160  146.722
2023-09-19T06:01:30Z  485.106  31.421  150.642  2.28278E-15  SWARM-A  16.168  148.633
2023-09-19T06:02:00Z  484.857  29.507  150.636  2.29740E-15  SWARM-A  16.176  150.545
2023-09-19T06:02:30Z  484.634  27.592  150.625  2.30958E-15  SWARM-A  16.184  152.456
2023-09-19T06:03:00Z  484.439  25.676  150.610  2.32077E-15  SWARM-A  16.191  154.367
2023-09-19T06:03:30Z  484.274  23.759  150.592  2.33097E-15  SWARM-A  16.198  156.278
2023-09-19T06:04:00Z  484.139  21.843  150.570  2.34008E-15  SWARM-A  16.205  158.189
2023-09-19T06:04:30Z  484.038  19.925  150.546  2.34805E-15  SWARM-A  16.212  160.100
2023-09-19T06:05:00Z  483.971  18.007  150.520  2.35391E-15  SWARM-A  16.218  162.011
2023-09-19T06:05:30Z  483.940  16.089  150.491  2.35862E-15  SWARM-A  16.225  163.921
2023-09-19T06:06:00Z  483.945  14.171  150.461  2.36212E-15  SWARM-A  16.231  165.831
2023-09-19T06:06:30Z  483.989  12.252  150.429  2.36433E-15  SWARM-A  16.237  167.742
2023-09-19T06:07:00Z  484.071  10.333  150.395  2.36516E-15  SWARM-A  16.243  169.652
2023-09-19T06:07:30Z  484.193  8.414  150.361  2.36450E-15  SWARM-A  16.249  171.561
2023-09-19T06:08:00Z  484.355  6.495  150.325  2.36234E-15  SWARM-A  16.255  173.471
2023-09-19T06:08:30Z  484.557  4.576  150.289  2.35860E-15  SWARM-A  16.261  175.381
2023-09-19T06:09:00Z  484.799  2.657  150.253  2.35321E-15  SWARM-A  16.267  177.290
2023-09-19T06:09:30Z  485.082  0.738  150.216  2.34614E-15  SWARM-A  16.273  179.199
2023-09-19T06:10:00Z  485.405  -1.181  150.179  2.33733E-15  SWARM-A  16.279  181.108
2023-09-19T06:10:30Z  485.767  -3.100  150.142  2.32679E-15  SWARM-A  16.285  183.017
2023-09-19T06:11:00Z  486.169  -5.018  150.105  2.31454E-15  SWARM-A  16.291  184.926
2023-09-19T06:11:30Z  486.610  -6.936  150.069  2.30057E-15  SWARM-A  16.297  186.834
2023-09-19T06:12:00Z  487.087  -8.854  150.034  2.28491E-15  SWARM-A  16.303  188.742
2023-09-19T06:12:30Z  487.602  -10.771  150.000  2.26761E-15  SWARM-A  16.309  190.650
2023-09-19T06:13:00Z  488.151  -12.688  149.966  2.24873E-15  SWARM-A  16.315  192.558
2023-09-19T06:13:30Z  488.734  -14.604  149.935  2.22834E-15  SWARM-A  16.321  194.466
2023-09-19T06:14:00Z  489.349  -16.519  149.904  2.20646E-15  SWARM-A  16.327  196.373
2023-09-19T06:14:30Z  489.995  -18.434  149.876  2.18316E-15  SWARM-A  16.334  198.281
2023-09-19T06:15:00Z  490.669  -20.348  149.850  2.15847E-15  SWARM-A  16.340  200.188
2023-09-19T06:15:30Z  491.369  -22.262  149.826  2.13249E-15  SWARM-A  16.347  202.095
2023-09-19T06:16:00Z  492.094  -24.174  149.805  2.10521E-15  SWARM-A  16.354  204.002
2023-09-19T06:16:30Z  492.841  -26.086  149.787  2.07676E-15  SWARM-A  16.361  205.908
2023-09-19T06:17:00Z  493.608  -27.997  149.773  2.04717E-15  SWARM-A  16.369  207.815
2023-09-19T06:17:30Z  494.391  -29.907  149.762  2.01650E-15  SWARM-A  16.376  209.721
2023-09-19T06:18:00Z  495.190  -31.816  149.756  1.98486E-15  SWARM-A  16.384  211.627
2023-09-19T06:18:30Z  496.000  -33.724  149.756  1.95231E-15  SWARM-A  16.392  213.533
2023-09-19T06:19:00Z  496.819  -35.631  149.760  1.91889E-15  SWARM-A  16.401  215.439
2023-09-19T06:19:30Z  497.645  -37.537  149.771  1.88462E-15  SWARM-A  16.410  217.344
2023-09-19T06:20:00Z  498.475  -39.441  149.789  1.84938E-15  SWARM-A  16.420  219.250
2023-09-19T06:20:30Z  499.305  -41.345  149.815  1.81295E-15  SWARM-A  16.430  221.155
2023-09-19T06:21:00Z  500.133  -43.247  149.851  1.77515E-15  SWARM-A  16.440  223.060
2023-09-19T06:21:30Z  500.956  -45.149  149.896  1.73596E-15  SWARM-A  16.452  224.965
2023-09-19T06:22:00Z  501.771  -47.049  149.953  1.69584E-15  SWARM-A  16.464  226.870
2023-09-19T06:22:30Z  502.575  -48.948  150.023  1.65586E-15  SWARM-A  16.477  228.774
2023-09-19T06:23:00Z  503.366  -50.845  150.109  1.61726E-15  SWARM-A  16.491  230.679
2023-09-19T06:23:30Z  504.140  -52.742  150.213  1.58085E-15  SWARM-A  16.506  232.583
2023-09-19T06:24:00Z  504.895  -54.636  150.337  1.54679E-15  SWARM-A  16.523  234.487
2023-09-19T06:24:30Z  505.627  -56.530  150.486  1.51482E-15  SWARM-A  16.541  236.392
2023-09-19T06:25:00Z  506.335  -58.422  150.664  1.48447E-15  SWARM-A  16.561  238.295
2023-09-19T06:25:30Z  507.016  -60.312  150.875  1.45529E-15  SWARM-A  16.584  240.199
2023-09-19T06:26:00Z  507.667  -62.201  151.128  1.42653E-15  SWARM-A  16.609  242.103
2023-09-19T06:26:30Z  508.286  -64.088  151.432  1.39814E-15  SWARM-A  16.637  244.007
2023-09-19T06:27:00Z  508.870  -65.972  151.797  1.37022E-15  SWARM-A  16.670  245.910
2023-09-19T06:27:30Z  509.419  -67.854  152.240  1.34280E-15  SWARM-A  16.708  247.814
2023-09-19T06:28:00Z  509.928  -69.734  152.783  1.31588E-15  SWARM-A  16.753  249.717
2023-09-19T06:28:30Z  510.397  -71.609  153.456  1.28951E-15  SWARM-A  16.806  251.620
2023-09-19T06:29:00Z  510.825  -73.480  154.303  1.26381E-15  SWARM-A  16.871  253.524
2023-09-19T06:29:30Z  511.208  -75.345  155.390  1.23853E-15  SWARM-A  16.951  255.427
2023-09-19T06:30:00Z  511.547  -77.201  156.821  1.21367E-15  SWARM-A  17.055  257.330
2023-09-19T06:30:30Z  511.840  -79.045  158.766  1.18954E-15  SWARM-A  17.193  259.233
2023-09-19T06:31:00Z  512.085  -80.869  161.533  1.16608E-15  SWARM-A  17.386  261.136
2023-09-19T06:31:30Z  512.281  -82.659  165.709  1.14326E-15  SWARM-A  17.673  263.039
2023-09-19T06:32:00Z  512.429  -84.382  172.567  1.12096E-15  SWARM-A  18.138  264.942
2023-09-19T06:32:30Z  512.527  -85.952  -174.846  1.09909E-15  SWARM-A  18.986  266.845
2023-09-19T06:33:00Z  512.575  -87.109  -149.692  1.07711E-15  SWARM-A  20.671  268.748
2023-09-19T06:33:30Z  512.572  -87.264  -110.648  1.05425E-15  SWARM-A  23.282  270.651
2023-09-19T06:34:00Z  512.520  -86.291  -81.263  1.03310E-15  SWARM-A  1.250  272.554
2023-09-19T06:34:30Z  512.417  -84.787  -66.392  1.01336E-15  SWARM-A  2.249  274.457
2023-09-19T06:35:00Z  512.264  -83.090  -58.520  9.94717E-16  SWARM-A  2.782  276.360
2023-09-19T06:35:30Z  512.062  -81.313  -53.845  9.77196E-16  SWARM-A  3.102  278.263
2023-09-19T06:36:00Z  511.812  -79.495  -50.803  9.60867E-16  SWARM-A  3.314  280.166
2023-09-19T06:36:30Z  511.514  -77.655  -48.692  9.46518E-16  SWARM-A  3.463  282.069
2023-09-19T06:37:00Z  511.170  -75.801  -47.155  9.33907E-16  SWARM-A  3.573  283.973
2023-09-19T06:37:30Z  510.780  -73.938  -45.995  9.22443E-16  SWARM-A  3.659  285.876
2023-09-19T06:38:00Z  510.347  -72.068  -45.096  9.11505E-16  SWARM-A  3.727  287.779
2023-09-19T06:38:30Z  509.870  -70.194  -44.385  9.01255E-16  SWARM-A  3.783  289.682
2023-09-19T06:39:00Z  509.354  -68.315  -43.814  8.91586E-16  SWARM-A  3.830  291.586
2023-09-19T06:39:30Z  508.798  -66.434  -43.348  8.81927E-16  SWARM-A  3.869  293.490
2023-09-19T06:40:00Z  508.205  -64.549  -42.965  8.71640E-16  SWARM-A  3.903  295.393
2023-09-19T06:40:30Z  507.578  -62.663  -42.648  8.61842E-16  SWARM-A  3.932  297.297
2023-09-19T06:41:00Z  506.918  -60.775  -42.384  8.52583E-16  SWARM-A  3.958  299.201
2023-09-19T06:41:30Z  506.228  -58.885  -42.162  8.43984E-16  SWARM-A  3.981  301.105
2023-09-19T06:42:00Z  505.510  -56.993  -41.977  8.35706E-16  SWARM-A  4.002  303.009
2023-09-19T06:42:30Z  504.768  -55.100  -41.822  8.27889E-16  SWARM-A  4.021  304.913
2023-09-19T06:43:00Z  504.002  -53.205  -41.692  8.20281E-16  SWARM-A  4.038  306.818
2023-09-19T06:43:30Z  503.217  -51.309  -41.583  8.13360E-16  SWARM-A  4.053  308.722
2023-09-19T06:44:00Z  502.416  -49.411  -41.493  8.07079E-16  SWARM-A  4.068  310.627
2023-09-19T06:44:30Z  501.600  -47.512  -41.419  8.01412E-16  SWARM-A  4.081  312.531
2023-09-19T06:45:00Z  500.773  -45.612  -41.359  7.96332E-16  SWARM-A  4.093  314.436
2023-09-19T06:45:30Z  499.938  -43.711  -41.311  7.91877E-16  SWARM-A  4.105  316.342
2023-09-19T06:46:00Z  499.097  -41.809  -41.273  7.87962E-16  SWARM-A  4.116  318.247
2023-09-19T06:46:30Z  498.254  -39.905  -41.245  7.84702E-16  SWARM-A  4.126  320.152
2023-09-19T06:47:00Z  497.412  -38.000  -41.225  7.82136E-16  SWARM-A  4.135  322.058
2023-09-19T06:47:30Z  496.573  -36.095  -41.213  7.80264E-16  SWARM-A  4.145  323.964
2023-09-19T06:48:00Z  495.741  -34.188  -41.206  7.79128E-16  SWARM-A  4.153  325.870
2023-09-19T06:48:30Z  494.917  -32.280  -41.206  7.78792E-16  SWARM-A  4.162  327.776
2023-09-19T06:49:00Z  494.106  -30.371  -41.211  7.79286E-16  SWARM-A  4.170  329.682
2023-09-19T06:49:30Z  493.309  -28.461  -41.220  7.80608E-16  SWARM-A  4.177  331.588
2023-09-19T06:50:00Z  492.530  -26.550  -41.233  7.82810E-16  SWARM-A  4.185  333.495
2023-09-19T06:50:30Z  491.770  -24.638  -41.250  7.85375E-16  SWARM-A  4.192  335.402
2023-09-19T06:51:00Z  491.032  -22.726  -41.271  7.88741E-16  SWARM-A  4.199  337.309
2023-09-19T06:51:30Z  490.319  -20.812  -41.294  7.93051E-16  SWARM-A  4.206  339.216
2023-09-19T06:52:00Z  489.632  -18.898  -41.319  7.98310E-16  SWARM-A  4.213  341.123
2023-09-19T06:52:30Z  488.975  -16.983  -41.347  8.04482E-16  SWARM-A  4.219  343.031
2023-09-19T06:53:00Z  488.348  -15.067  -41.377  8.11537E-16  SWARM-A  4.225  344.939
2023-09-19T06:53:30Z  487.753  -13.151  -41.408  8.19378E-16  SWARM-A  4.232  346.847
2023-09-19T06:54:00Z  487.193  -11.234  -41.441  8.27939E-16  SWARM-A  4.238  348.755
2023-09-19T06:54:30Z  486.668  -9.317  -41.475  8.37164E-16  SWARM-A  4.244  350.663
2023-09-19T06:55:00Z  486.180  -7.399  -41.511  8.46937E-16  SWARM-A  4.250  352.572
2023-09-19T06:55:30Z  485.730  -5.481  -41.546  8.57201E-16  SWARM-A  4.256  354.480
2023-09-19T06:56:00Z  485.319  -3.562  -41.583  8.67872E-16  SWARM-A  4.262  356.389
2023-09-19T06:56:30Z  484.948  -1.643  -41.620  8.78853E-16  SWARM-A  4.268  358.298
2023-09-19T06:57:00Z  484.617  0.276  -41.657  8.90098E-16  SWARM-A  4.273  0.208
2023-09-19T06:57:30Z  484.327  2.195  -41.693  9.01529E-16  SWARM-A  4.279  2.117
2023-09-19T06:58:00Z  484.079  4.115  -41.730  9.13079E-16  SWARM-A  4.285  4.026
2023-09-19T06:58:30Z  483.871  6.034  -41.766  9.24716E-16  SWARM-A  4.291  5.936
2023-09-19T06:59:00Z  483.705  7.953  -41.802  9.36412E-16  SWARM-A  4.297  7.846
2023-09-19T06:59:30Z  483.579  9.873  -41.837  9.48122E-16  SWARM-A  4.303  9.756
2023-09-19T07:00:00Z  483.494  11.792  -41.870  9.59854E-16  SWARM-A  4.309  11.666
2023-09-19T07:00:30Z  483.448  13.711  -41.903  9.71561E-16  SWARM-A  4.315  13.577
2023-09-19T07:01:00Z  483.441  15.630  -41.934  9.83284E-16  SWARM-A  4.322  15.487
2023-09-19T07:01:30Z  483.472  17.548  -41.963  9.95007E-16  SWARM-A  4.328  17.398
2023-09-19T07:02:00Z  483.540  19.466  -41.990  1.00677E-15  SWARM-A  4.335  19.309
2023-09-19T07:02:30Z  483.643  21.384  -42.014  1.01860E-15  SWARM-A  4.341  21.220
2023-09-19T07:03:00Z  483.779  23.301  -42.036  1.03048E-15  SWARM-A  4.348  23.131
2023-09-19T07:03:30Z  483.948  25.218  -42.055  1.04242E-15  SWARM-A  4.355  25.042
2023-09-19T07:04:00Z  484.148  27.134  -42.071  1.05448E-15  SWARM-A  4.362  26.954
2023-09-19T07:04:30Z  484.376  29.050  -42.083  1.06652E-15  SWARM-A  4.370  28.865
2023-09-19T07:05:00Z  484.631  30.965  -42.091  1.07842E-15  SWARM-A  4.378  30.777
2023-09-19T07:05:30Z  484.911  32.879  -42.093  1.09006E-15  SWARM-A  4.386  32.689
2023-09-19T07:06:00Z  485.213  34.792  -42.091  1.10189E-15  SWARM-A  4.394  34.601
2023-09-19T07:06:30Z  485.536  36.705  -42.082  1.11388E-15  SWARM-A  4.403  36.513
2023-09-19T07:07:00Z  485.877  38.617  -42.067  1.12612E-15  SWARM-A  4.413  38.425
2023-09-19T07:07:30Z  486.233  40.528  -42.044  1.13857E-15  SWARM-A  4.423  40.337
2023-09-19T07:08:00Z  486.603  42.438  -42.012  1.15134E-15  SWARM-A  4.433  42.250
2023-09-19T07:08:30Z  486.983  44.348  -41.970  1.16456E-15  SWARM-A  4.444  44.162
2023-09-19T07:09:00Z  487.372  46.256  -41.918  1.17847E-15  SWARM-A  4.456  46.075
2023-09-19T07:09:30Z  487.766  48.163  -41.852  1.19306E-15  SWARM-A  4.469  47.987
2023-09-19T07:10:00Z  488.165  50.070  -41.772  1.20851E-15  SWARM-A  4.482  49.900
2023-09-19T07:10:30Z  488.564  51.975  -41.675  1.22516E-15  SWARM-A  4.497  51.813
2023-09-19T07:11:00Z  488.962  53.879  -41.558  1.24264E-15  SWARM-A  4.513  53.726
2023-09-19T07:11:30Z  489.356  55.782  -41.418  1.26028E-15  SWARM-A  4.531  55.639
2023-09-19T07:12:00Z  489.744  57.683  -41.251  1.27742E-15  SWARM-A  4.551  57.552
2023-09-19T07:12:30Z  490.123  59.583  -41.051  1.29355E-15  SWARM-A  4.572  59.465
2023-09-19T07:13:00Z  490.492  61.482  -40.813  1.30847E-15  SWARM-A  4.596  61.378
2023-09-19T07:13:30Z  490.848  63.379  -40.528  1.32228E-15  SWARM-A  4.624  63.291
2023-09-19T07:14:00Z  491.190  65.274  -40.185  1.33520E-15  SWARM-A  4.655  65.204
2023-09-19T07:14:30Z  491.514  67.166  -39.769  1.34755E-15  SWARM-A  4.691  67.118
2023-09-19T07:15:00Z  491.820  69.057  -39.262  1.35967E-15  SWARM-A  4.733  69.031
2023-09-19T07:15:30Z  492.106  70.943  -38.635  1.37188E-15  SWARM-A  4.783  70.944
2023-09-19T07:16:00Z  492.370  72.826  -37.851  1.38449E-15  SWARM-A  4.844  72.858
2023-09-19T07:16:30Z  492.611  74.703  -36.850  1.39764E-15  SWARM-A  4.919  74.771
2023-09-19T07:17:00Z  492.827  76.573  -35.543  1.41124E-15  SWARM-A  5.014  76.685
2023-09-19T07:17:30Z  493.017  78.432  -33.785  1.42578E-15  SWARM-A  5.140  78.598
2023-09-19T07:18:00Z  493.180  80.274  -31.322  1.44138E-15  SWARM-A  5.312  80.512
2023-09-19T07:18:30Z  493.316  82.087  -27.675  1.45811E-15  SWARM-A  5.564  82.425
2023-09-19T07:19:00Z  493.423  83.846  -21.851  1.47590E-15  SWARM-A  5.961  84.339
2023-09-19T07:19:30Z  493.501  85.489  -11.523  1.49466E-15  SWARM-A  6.657  86.252
2023-09-19T07:20:00Z  493.550  86.828  8.929  1.51431E-15  SWARM-A  8.029  88.166
2023-09-19T07:20:30Z  493.569  87.354  45.585  1.53526E-15  SWARM-A  10.481  90.079
2023-09-19T07:21:00Z  493.558  86.658  80.098  1.55852E-15  SWARM-A  12.790  91.993
2023-09-19T07:21:30Z  493.518  85.250  98.448  1.58223E-15  SWARM-A  14.022  93.907
2023-09-19T07:22:00Z  493.448  83.582  107.835  1.60539E-15  SWARM-A  14.656  95.820
2023-09-19T07:22:30Z  493.350  81.812  113.225  1.62918E-15  SWARM-A  15.024  97.734
2023-09-19T07:23:00Z  493.223  79.993  116.644  1.65359E-15  SWARM-A  15.260  99.647
2023-09-19T07:23:30Z  493.069  78.149  118.977  1.67861E-15  SWARM-A  15.424  101.561
2023-09-19T07:24:00Z  492.888  76.288  120.653  1.70423E-15  SWARM-A  15.544  103.474
2023-09-19T07:24:30Z  492.681  74.417  121.905  1.73045E-15  SWARM-A  15.636  105.387
2023-09-19T07:25:00Z  492.450  72.539  122.868  1.75720E-15  SWARM-A  15.708  107.301
2023-09-19T07:25:30Z  492.196  70.655  123.625  1.78437E-15  SWARM-A  15.767  109.214
2023-09-19T07:26:00Z  491.920  68.768  124.231  1.81175E-15  SWARM-A  15.816  111.127
2023-09-19T07:26:30Z  491.624  66.878  124.723  1.83963E-15  SWARM-A  15.857  113.041
2023-09-19T07:27:00Z  491.310  64.985  125.126  1.86806E-15  SWARM-A  15.892  114.954
2023-09-19T07:27:30Z  490.979  63.090  125.460  1.89540E-15  SWARM-A  15.923  116.867
2023-09-19T07:28:00Z  490.634  61.192  125.737  1.92134E-15  SWARM-A  15.950  118.780
2023-09-19T07:28:30Z  490.277  59.294  125.969  1.94568E-15  SWARM-A  15.974  120.693
2023-09-19T07:29:00Z  489.909  57.394  126.163  1.96841E-15  SWARM-A  15.995  122.606
2023-09-19T07:29:30Z  489.533  55.492  126.326  1.98951E-15  SWARM-A  16.014  124.519
2023-09-19T07:30:00Z  489.151  53.589  126.462  2.00910E-15  SWARM-A  16.031  126.432
2023-09-19T07:30:30Z  488.765  51.685  126.576  2.02725E-15  SWARM-A  16.047  128.344
2023-09-19T07:31:00Z  488.379  49.780  126.670  2.04403E-15  SWARM-A  16.062  130.257
2023-09-19T07:31:30Z  487.993  47.874  126.748  2.05948E-15  SWARM-A  16.075  132.170
2023-09-19T07:32:00Z  487.611  45.966  126.811  2.07370E-15  SWARM-A  16.088  134.082
2023-09-19T07:32:30Z  487.235  44.058  126.862  2.08543E-15  SWARM-A  16.100  135.994
2023-09-19T07:33:00Z  486.867  42.149  126.902  2.09570E-15  SWARM-A  16.111  137.907
2023-09-19T07:33:30Z  486.510  40.239  126.933  2.10496E-15  SWARM-A  16.121  139.819
2023-09-19T07:34:00Z  486.166  38.328  126.955  2.11330E-15  SWARM-A  16.131  141.731
2023-09-19T07:34:30Z  485.838  36.416  126.969  2.12078E-15  SWARM-A  16.140  143.643
2023-09-19T07:35:00Z  485.529  34.503  126.977  2.12753E-15  SWARM-A  16.149  145.555
2023-09-19T07:35:30Z  485.239  32.590  126.979  2.13358E-15  SWARM-A  16.158  147.466
2023-09-19T07:36:00Z  484.971  30.676  126.975  2.13903E-15  SWARM-A  16.166  149.378
2023-09-19T07:36:30Z  484.729  28.761  126.967  2.14387E-15  SWARM-A  16.173  151.289
2023-09-19T07:37:00Z  484.513  26.845  126.954  2.14817E-15  SWARM-A  16.181  153.201
2023-09-19T07:37:30Z  484.325  24.929  126.938  2.15192E-15  SWARM-A  16.188  155.112
2023-09-19T07:38:00Z  484.168  23.013  126.919  2.15511E-15  SWARM-A  16.195  157.023
2023-09-19T07:38:30Z  484.042  21.095  126.896  2.15778E-15  SWARM-A  16.202  158.934
2023-09-19T07:39:00Z  483.951  19.178  126.871  2.15990E-15  SWARM-A  16.209  160.845
2023-09-19T07:39:30Z  483.894  17.260  126.844  2.16147E-15  SWARM-A  16.215  162.755
2023-09-19T07:40:00Z  483.873  15.342  126.815  2.16240E-15  SWARM-A  16.222  164.666
2023-09-19T07:40:30Z  483.890  13.423  126.784  2.16265E-15  SWARM-A  16.228  166.576
2023-09-19T07:41:00Z  483.946  11.504  126.751  2.16217E-15  SWARM-A  16.234  168.486
2023-09-19T07:41:30Z  484.040  9.585  126.717  2.16090E-15  SWARM-A  16.240  170.396
2023-09-19T07:42:00Z  484.174  7.666  126.682  2.15877E-15  SWARM-A  16.246  172.306
2023-09-19T07:42:30Z  484.348  5.747  126.647  2.15572E-15  SWARM-A  16.252  174.215
2023-09-19T07:43:00Z  484.562  3.828  126.610  2.15169E-15  SWARM-A  16.258  176.125
2023-09-19T07:43:30Z  484.817  1.909  126.574  2.14664E-15  SWARM-A  16.264  178.034
2023-09-19T07:44:00Z  485.112  -0.010  126.537  2.14053E-15  SWARM-A  16.270  179.943
2023-09-19T07:44:30Z  485.447  -1.929  126.500  2.13333E-15  SWARM-A  16.276  181.852
2023-09-19T07:45:00Z  485.822  -3.848  126.463  2.12499E-15  SWARM-A  16.282  183.761
2023-09-19T07:45:30Z  486.237  -5.766  126.427  2.11550E-15  SWARM-A  16.287  185.670
2023-09-19T07:46:00Z  486.689  -7.684  126.391  2.10484E-15  SWARM-A  16.293  187.578
2023-09-19T07:46:30Z  487.179  -9.602  126.357  2.09302E-15  SWARM-A  16.299  189.486
2023-09-19T07:47:00Z  487.704  -11.519  126.323  2.08003E-15  SWARM-A  16.306  191.395
2023-09-19T07:47:30Z  488.265  -13.435  126.290  2.06587E-15  SWARM-A  16.312  193.302
2023-09-19T07:48:00Z  488.859  -15.351  126.259  2.05055E-15  SWARM-A  16.318  195.210
2023-09-19T07:48:30Z  489.485  -17.267  126.229  2.03407E-15  SWARM-A  16.324  197.118
2023-09-19T07:49:00Z  490.140  -19.181  126.202  2.01653E-15  SWARM-A  16.331  199.025
2023-09-19T07:49:30Z  490.823  -21.095  126.177  1.99783E-15  SWARM-A  16.337  200.932
2023-09-19T07:50:00Z  491.533  -23.008  126.154  1.97809E-15  SWARM-A  16.344  202.839
2023-09-19T07:50:30Z  492.266  -24.921  126.134  1.95733E-15  SWARM-A  16.351  204.746
2023-09-19T07:51:00Z  493.020  -26.832  126.118  1.93562E-15  SWARM-A  16.359  206.652
2023-09-19T07:51:30Z  493.794  -28.743  126.105  1.91295E-15  SWARM-A  16.366  208.559
2023-09-19T07:52:00Z  494.584  -30.652  126.097  1.88938E-15  SWARM-A  16.374  210.465
2023-09-19T07:52:30Z  495.388  -32.561  126.093  1.86490E-15  SWARM-A  16.382  212.371
2023-09-19T07:53:00Z  496.203  -34.468  126.094  1.83953E-15  SWARM-A  16.390  214.277
2023-09-19T07:53:30Z  497.026  -36.375  126.101  1.81313E-15  SWARM-A  16.399  216.183
2023-09-19T07:54:00Z  497.855  -38.280  126.115  1.78569E-15  SWARM-A  16.408  218.088
2023-09-19T07:54:30Z  498.687  -40.185  126.136  1.75726E-15  SWARM-A  16.418  219.994
2023-09-19T07:55:00Z  499.519  -42.088  126.166  1.72794E-15  SWARM-A  16.428  221.899
2023-09-19T07:55:30Z  500.348  -43.990  126.205  1.69814E-15  SWARM-A  16.439  223.804
2023-09-19T07:56:00Z  501.171  -45.891  126.255  1.66846E-15  SWARM-A  16.451  225.709
2023-09-19T07:56:30Z  501.985  -47.791  126.317  1.63938E-15  SWARM-A  16.464  227.614
2023-09-19T07:57:00Z  502.787  -49.689  126.394  1.61114E-15  SWARM-A  16.477  229.518
2023-09-19T07:57:30Z  503.574  -51.586  126.486  1.58355E-15  SWARM-A  16.491  231.423
2023-09-19T07:58:00Z  504.344  -53.482  126.598  1.55620E-15  SWARM-A  16.507  233.327
2023-09-19T07:58:30Z  505.094  -55.376  126.732  1.52830E-15  SWARM-A  16.525  235.231
2023-09-19T07:59:00Z  505.821  -57.269  126.891  1.49921E-15  SWARM-A  16.544  237.136
2023-09-19T07:59:30Z  506.522  -59.161  127.082  1.46976E-15  SWARM-A  16.565  239.040
2023-09-19T08:00:00Z  507.195  -61.050  127.309  1.44040E-15  SWARM-A  16.588  240.943
2023-09-19T08:00:30Z  507.837  -62.938  127.581  1.41137E-15  SWARM-A  16.614  242.847
2023-09-19T08:01:00Z  508.447  -64.824  127.907  1.38286E-15  SWARM-A  16.645  244.751
2023-09-19T08:01:30Z  509.022  -66.708  128.301  1.35501E-15  SWARM-A  16.679  246.654
2023-09-19T08:02:00Z  509.559  -68.589  128.781  1.32782E-15  SWARM-A  16.720  248.558
2023-09-19T08:02:30Z  510.058  -70.467  129.371  1.30134E-15  SWARM-A  16.767  250.461
2023-09-19T08:03:00Z  510.515  -72.341  130.107  1.27537E-15  SWARM-A  16.825  252.365
2023-09-19T08:03:30Z  510.930  -74.210  131.039  1.24977E-15  SWARM-A  16.895  254.268
2023-09-19T08:04:00Z  511.300  -76.072  132.246  1.22437E-15  SWARM-A  16.984  256.171
2023-09-19T08:04:30Z  511.625  -77.924  133.854  1.19957E-15  SWARM-A  17.099  258.074
2023-09-19T08:05:00Z  511.904  -79.761  136.075  1.17490E-15  SWARM-A  17.256  259.977
2023-09-19T08:05:30Z  512.135  -81.574  139.301  1.15000E-15  SWARM-A  17.479  261.880
2023-09-19T08:06:00Z  512.317  -83.343  144.317  1.12481E-15  SWARM-A  17.822  263.783
2023-09-19T08:06:30Z  512.450  -85.021  152.893  1.09934E-15  SWARM-A  18.402  265.686
2023-09-19T08:07:00Z  512.533  -86.477  169.353  1.07367E-15  SWARM-A  19.508  267.589
2023-09-19T08:07:30Z  512.566  -87.321  -158.772  1.04775E-15  SWARM-A  21.641  269.492
2023-09-19T08:08:00Z  512.549  -86.984  -120.671  1.02271E-15  SWARM-A  0.189  271.395
2023-09-19T08:08:30Z  512.481  -85.738  -97.890  9.99499E-16  SWARM-A  1.716  273.298
2023-09-19T08:09:00Z  512.364  -84.136  -86.451  9.77499E-16  SWARM-A  2.487  275.201
2023-09-19T08:09:30Z  512.197  -82.401  -80.107  9.56238E-16  SWARM-A  2.919  277.104
2023-09-19T08:10:00Z  511.981  -80.605  -76.188  9.36623E-16  SWARM-A  3.188  279.007
2023-09-19T08:10:30Z  511.718  -78.777  -73.567  9.18731E-16  SWARM-A  3.371  280.910
2023-09-19T08:11:00Z  511.406  -76.931  -71.709  9.02557E-16  SWARM-A  3.503  282.814
2023-09-19T08:11:30Z  511.049  -75.073  -70.336  8.88006E-16  SWARM-A  3.603  284.717
2023-09-19T08:12:00Z  510.647  -73.207  -69.289  8.74814E-16  SWARM-A  3.682  286.620
2023-09-19T08:12:30Z  510.202  -71.335  -68.470  8.62401E-16  SWARM-A  3.744  288.523
2023-09-19T08:13:00Z  509.714  -69.459  -67.817  8.50413E-16  SWARM-A  3.796  290.427
2023-09-19T08:13:30Z  509.187  -67.579  -67.290  8.38884E-16  SWARM-A  3.840  292.330
2023-09-19T08:14:00Z  508.621  -65.697  -66.859  8.27623E-16  SWARM-A  3.877  294.234
2023-09-19T08:14:30Z  508.020  -63.812  -66.503  8.16982E-16  SWARM-A  3.909  296.138
2023-09-19T08:15:00Z  507.384  -61.925  -66.207  8.07046E-16  SWARM-A  3.937  298.041
2023-09-19T08:15:30Z  506.717  -60.036  -65.960  7.97954E-16  SWARM-A  3.962  299.945
2023-09-19T08:16:00Z  506.021  -58.145  -65.754  7.89564E-16  SWARM-A  3.984  301.849
2023-09-19T08:16:30Z  505.298  -56.253  -65.581  7.81552E-16  SWARM-A  4.004  303.753
2023-09-19T08:17:00Z  504.550  -54.359  -65.435  7.74331E-16  SWARM-A  4.022  305.658
2023-09-19T08:17:30Z  503.782  -52.464  -65.314  7.67813E-16  SWARM-A  4.038  307.562
2023-09-19T08:18:00Z  502.994  -50.567  -65.213  7.61929E-16  SWARM-A  4.053  309.467
2023-09-19T08:18:30Z  502.191  -48.669  -65.129  7.56659E-16  SWARM-A  4.067  311.371
2023-09-19T08:19:00Z  501.375  -46.770  -65.061  7.51898E-16  SWARM-A  4.080  313.276
2023-09-19T08:19:30Z  500.548  -44.869  -65.005  7.47612E-16  SWARM-A  4.092  315.181
2023-09-19T08:20:00Z  499.715  -42.968  -64.961  7.43630E-16  SWARM-A  4.103  317.086
2023-09-19T08:20:30Z  498.877  -41.065  -64.927  7.40062E-16  SWARM-A  4.114  318.991
2023-09-19T08:21:00Z  498.037  -39.161  -64.902  7.36993E-16  SWARM-A  4.124  320.897
2023-09-19T08:21:30Z  497.199  -37.256  -64.885  7.34366E-16  SWARM-A  4.133  322.802
2023-09-19T08:22:00Z  496.366  -35.350  -64.875  7.32254E-16  SWARM-A  4.143  324.708
2023-09-19T08:22:30Z  495.539  -33.442  -64.871  7.30705E-16  SWARM-A  4.151  326.614
2023-09-19T08:23:00Z  494.723  -31.534  -64.873  7.29750E-16  SWARM-A  4.159  328.520
2023-09-19T08:23:30Z  493.919  -29.625  -64.879  7.29392E-16  SWARM-A  4.167  330.427
2023-09-19T08:24:00Z  493.131  -27.715  -64.890  7.29657E-16  SWARM-A  4.175  332.333
2023-09-19T08:24:30Z  492.360  -25.803  -64.905  7.30564E-16  SWARM-A  4.182  334.240
2023-09-19T08:25:00Z  491.610  -23.891  -64.923  7.31929E-16  SWARM-A  4.189  336.147
2023-09-19T08:25:30Z  490.883  -21.978  -64.944  7.33876E-16  SWARM-A  4.196  338.054
2023-09-19T08:26:00Z  490.181  -20.065  -64.968  7.36524E-16  SWARM-A  4.203  339.961
2023-09-19T08:26:30Z  489.506  -18.150  -64.995  7.39889E-16  SWARM-A  4.210  341.868
2023-09-19T08:27:00Z  488.861  -16.235  -65.023  7.43948E-16  SWARM-A  4.216  343.776
2023-09-19T08:27:30Z  488.246  -14.319  -65.054  7.48647E-16  SWARM-A  4.222  345.684
2023-09-19T08:28:00Z  487.664  -12.403  -65.086  7.53927E-16  SWARM-A  4.228  347.592
2023-09-19T08:28:30Z  487.117  -10.486  -65.119  7.59829E-16  SWARM-A  4.235  349.500
2023-09-19T08:29:00Z  486.605  -8.568  -65.153  7.66259E-16  SWARM-A  4.241  351.408
2023-09-19T08:29:30Z  486.131  -6.650  -65.189  7.73171E-16  SWARM-A  4.247  353.316
2023-09-19T08:30:00Z  485.695  -4.732  -65.225  7.80484E-16  SWARM-A  4.253  355.225
2023-09-19T08:30:30Z  485.298  -2.813  -65.261  7.88156E-16  SWARM-A  4.258  357.134
2023-09-19T08:31:00Z  484.941  -0.895  -65.298  7.96115E-16  SWARM-A  4.264  359.043
2023-09-19T08:31:30Z  484.624  1.025  -65.335  8.04348E-16  SWARM-A  4.270  0.952
2023-09-19T08:32:00Z  484.348  2.944  -65.372  8.12807E-16  SWARM-A  4.276  2.862
2023-09-19T08:32:30Z  484.113  4.863  -65.408  8.21447E-16  SWARM-A  4.282  4.771
2023-09-19T08:33:00Z  483.919  6.783  -65.444  8.30297E-16  SWARM-A  4.288  6.681
2023-09-19T08:33:30Z  483.766  8.702  -65.479  8.39307E-16  SWARM-A  4.294  8.591
2023-09-19T08:34:00Z  483.653  10.621  -65.514  8.48475E-16  SWARM-A  4.300  10.501
2023-09-19T08:34:30Z  483.580  12.540  -65.547  8.57626E-16  SWARM-A  4.306  12.411
2023-09-19T08:35:00Z  483.547  14.459  -65.579  8.67001E-16  SWARM-A  4.312  14.322
2023-09-19T08:35:30Z  483.552  16.378  -65.609  8.76605E-16  SWARM-A  4.319  16.232
2023-09-19T08:36:00Z  483.594  18.296  -65.637  8.86509E-16  SWARM-A  4.325  18.143
2023-09-19T08:36:30Z  483.672  20.214  -65.663  8.96731E-16  SWARM-A  4.332  20.054
2023-09-19T08:37:00Z  483.785  22.131  -65.687  9.07323E-16  SWARM-A  4.338  21.965
2023-09-19T08:37:30Z  483.932  24.048  -65.708  9.18315E-16  SWARM-A  4.345  23.876
2023-09-19T08:38:00Z  484.110  25.965  -65.725  9.29822E-16  SWARM-A  4.353  25.787
2023-09-19T08:38:30Z  484.318  27.881  -65.740  9.41683E-16  SWARM-A  4.360  27.699
2023-09-19T08:39:00Z  484.554  29.796  -65.750  9.53994E-16  SWARM-A  4.368  29.610
2023-09-19T08:39:30Z  484.816  31.711  -65.755  9.66823E-16  SWARM-A  4.376  31.522
2023-09-19T08:40:00Z  485.102  33.624  -65.756  9.80171E-16  SWARM-A  4.384  33.434
2023-09-19T08:40:30Z  485.410  35.538  -65.751  9.94047E-16  SWARM-A  4.392  35.345
2023-09-19T08:41:00Z  485.737  37.450  -65.740  1.00852E-15  SWARM-A  4.402  37.258
2023-09-19T08:41:30Z  486.082  39.362  -65.722  1.02370E-15  SWARM-A  4.411  39.170
2023-09-19T08:42:00Z  486.441  41.272  -65.695  1.03971E-15  SWARM-A  4.421  41.082
2023-09-19T08:42:30Z  486.813  43.182  -65.660  1.05671E-15  SWARM-A  4.432  42.994
2023-09-19T08:43:00Z  487.195  45.091  -65.614  1.07480E-15  SWARM-A  4.443  44.907
2023-09-19T08:43:30Z  487.584  46.999  -65.556  1.09361E-15  SWARM-A  4.456  46.819
2023-09-19T08:44:00Z  487.979  48.906  -65.485  1.11280E-15  SWARM-A  4.469  48.732
2023-09-19T08:44:30Z  488.376  50.811  -65.399  1.13222E-15  SWARM-A  4.483  50.645
2023-09-19T08:45:00Z  488.773  52.716  -65.294  1.15137E-15  SWARM-A  4.498  52.557
2023-09-19T08:45:30Z  489.168  54.620  -65.169  1.16984E-15  SWARM-A  4.515  54.470
2023-09-19T08:46:00Z  489.559  56.522  -65.019  1.18745E-15  SWARM-A  4.533  56.383
2023-09-19T08:46:30Z  489.942  58.423  -64.839  1.20415E-15  SWARM-A  4.553  58.296
2023-09-19T08:47:00Z  490.317  60.322  -64.626  1.22000E-15  SWARM-A  4.576  60.209
2023-09-19T08:47:30Z  490.680  62.220  -64.370  1.23517E-15  SWARM-A  4.601  62.122
2023-09-19T08:48:00Z  491.030  64.116  -64.064  1.24987E-15  SWARM-A  4.630  64.036
2023-09-19T08:48:30Z  491.364  66.011  -63.694  1.26429E-15  SWARM-A  4.663  65.949
2023-09-19T08:49:00Z  491.681  67.902  -63.245  1.27870E-15  SWARM-A  4.701  67.862
2023-09-19T08:49:30Z  491.979  69.791  -62.695  1.29336E-15  SWARM-A  4.746  69.775
2023-09-19T08:50:00Z  492.256  71.676  -62.012  1.30838E-15  SWARM-A  4.800  71.689
2023-09-19T08:50:30Z  492.511  73.557  -61.151  1.32406E-15  SWARM-A  4.866  73.602
2023-09-19T08:51:00Z  492.741  75.432  -60.044  1.34042E-15  SWARM-A  4.948  75.516
2023-09-19T08:51:30Z  492.947  77.298  -58.583  1.35730E-15  SWARM-A  5.054  77.429
2023-09-19T08:52:00Z  493.127  79.151  -56.589  1.37506E-15  SWARM-A  5.195  79.343
2023-09-19T08:52:30Z  493.279  80.983  -53.739  1.39382E-15  SWARM-A  5.393  81.256
2023-09-19T08:53:00Z  493.403  82.779  -49.408  1.41354E-15  SWARM-A  5.690  83.170
2023-09-19T08:53:30Z  493.498  84.504  -42.229  1.43419E-15  SWARM-A  6.177  85.083
2023-09-19T08:54:00Z  493.565  86.063  -28.893  1.45560E-15  SWARM-A  7.075  86.997
2023-09-19T08:54:30Z  493.602  87.168  -2.197  1.47784E-15  SWARM-A  8.863  88.910
2023-09-19T08:55:00Z  493.609  87.213  37.243  1.50181E-15  SWARM-A  11.501  90.824
2023-09-19T08:55:30Z  493.586  86.160  65.143  1.52768E-15  SWARM-A  13.369  92.737
2023-09-19T08:56:00Z  493.534  84.619  79.120  1.55428E-15  SWARM-A  14.309  94.651
2023-09-19T08:56:30Z  493.452  82.901  86.584  1.58141E-15  SWARM-A  14.815  96.564
2023-09-19T08:57:00Z  493.342  81.108  91.055  1.60902E-15  SWARM-A  15.121  98.478
2023-09-19T08:57:30Z  493.204  79.278  93.981  1.63570E-15  SWARM-A  15.325  100.391
2023-09-19T08:58:00Z  493.038  77.426  96.022  1.66285E-15  SWARM-A  15.469  102.305
2023-09-19T08:58:30Z  492.846  75.561  97.513  1.69038E-15  SWARM-A  15.577  104.218
2023-09-19T08:59:00Z  492.629  73.687  98.640  1.71824E-15  SWARM-A  15.660  106.132
2023-09-19T08:59:30Z  492.388  71.807  99.515  1.74635E-15  SWARM-A  15.727  108.045
2023-09-19T09:00:00Z  492.125  69.922  100.209  1.77638E-15  SWARM-A  15.782  109.958
2023-09-19T09:00:30Z  491.840  68.033  100.767  1.80442E-15  SWARM-A  15.827  111.871
2023-09-19T09:01:00Z  491.536  66.142  101.222  1.83199E-15  SWARM-A  15.866  113.785
2023-09-19T09:01:30Z  491.215  64.248  101.597  1.85850E-15  SWARM-A  15.899  115.698
2023-09-19T09:02:00Z  490.878  62.352  101.907  1.88338E-15  SWARM-A  15.928  117.611
2023-09-19T09:02:30Z  490.527  60.454  102.166  1.90634E-15  SWARM-A  15.954  119.524
2023-09-19T09:03:00Z  490.165  58.555  102.382  1.92712E-15  SWARM-A  15.977  121.437
2023-09-19T09:03:30Z  489.793  56.654  102.564  1.94703E-15  SWARM-A  15.997  123.350
2023-09-19T09:04:00Z  489.414  54.752  102.716  1.96511E-15  SWARM-A  16.015  125.263
2023-09-19T09:04:30Z  489.030  52.849  102.843  1.98129E-15  SWARM-A  16.032  127.175
2023-09-19T09:05:00Z  488.643  50.944  102.949  1.99576E-15  SWARM-A  16.048  129.088
2023-09-19T09:05:30Z  488.256  49.039  103.037  2.00869E-15  SWARM-A  16.062  131.001
2023-09-19T09:06:00Z  487.872  47.132  103.109  2.02017E-15  SWARM-A  16.075  132.913
2023-09-19T09:06:30Z  487.492  45.224  103.167  2.03039E-15  SWARM-A  16.087  134.825
2023-09-19T09:07:00Z  487.119  43.316  103.214  2.03945E-15  SWARM-A  16.099  136.738
2023-09-19T09:07:30Z  486.756  41.406  103.250  2.04748E-15  SWARM-A  16.109  138.650
2023-09-19T09:08:00Z  486.405  39.496  103.277  2.05458E-15  SWARM-A  16.119  140.562
2023-09-19T09:08:30Z  486.068  37.584  103.296  2.06085E-15  SWARM-A  16.129  142.474
2023-09-19T09:09:00Z  485.748  35.672  103.308  2.06641E-15  SWARM-A  16.138  144.386
2023-09-19T09:09:30Z  485.447  33.759  103.313  2.07130E-15  SWARM-A  16.147  146.298
2023-09-19T09:10:00Z  485.167  31.846  103.313  2.07557E-15  SWARM-A  16.155  148.209
2023-09-19T09:10:30Z  484.911  29.931  103.307  2.07936E-15  SWARM-A  16.163  150.121
2023-09-19T09:11:00Z  484.680  28.016  103.297  2.08269E-15  SWARM-A  16.171  152.032
2023-09-19T09:11:30Z  484.476  26.101  103.284  2.08544E-15  SWARM-A  16.178  153.943
2023-09-19T09:12:00Z  484.302  24.184  103.266  2.08691E-15  SWARM-A  16.185  155.854
2023-09-19T09:12:30Z  484.159  22.268  103.245  2.08807E-15  SWARM-A  16.192  157.765
2023-09-19T09:13:00Z  484.048  20.350  103.222  2.08894E-15  SWARM-A  16.199  159.676
2023-09-19T09:13:30Z  483.972  18.433  103.196  2.08940E-15  SWARM-A  16.206  161.587
2023-09-19T09:14:00Z  483.932  16.515  103.168  2.08946E-15  SWARM-A  16.212  163.497
2023-09-19T09:14:30Z  483.928  14.596  103.138  2.08904E-15  SWARM-A  16.219  165.408
2023-09-19T09:15:00Z  483.962  12.678  103.106  2.08814E-15  SWARM-A  16.225  167.318
2023-09-19T09:15:30Z  484.034  10.759  103.073  2.08660E-15  SWARM-A  16.231  169.228
2023-09-19T09:16:00Z  484.147  8.840  103.039  2.08440E-15  SWARM-A  16.237  171.138
2023-09-19T09:16:30Z  484.299  6.921  103.004  2.08144E-15  SWARM-A  16.243  173.047
2023-09-19T09:17:00Z  484.491  5.002  102.968  2.07764E-15  SWARM-A  16.249  174.957
2023-09-19T09:17:30Z  484.724  3.082  102.932  2.07289E-15  SWARM-A  16.255  176.866
2023-09-19T09:18:00Z  484.997  1.163  102.895  2.06713E-15  SWARM-A  16.261  178.776
2023-09-19T09:18:30Z  485.310  -0.756  102.858  2.06025E-15  SWARM-A  16.267  180.685
2023-09-19T09:19:00Z  485.664  -2.674  102.821  2.05227E-15  SWARM-A  16.273  182.593
2023-09-19T09:19:30Z  486.057  -4.593  102.785  2.04303E-15  SWARM-A  16.278  184.502
2023-09-19T09:20:00Z  486.488  -6.511  102.749  2.03253E-15  SWARM-A  16.284  186.411
2023-09-19T09:20:30Z  486.958  -8.428  102.714  2.02072E-15  SWARM-A  16.290  188.319
2023-09-19T09:21:00Z  487.464  -10.346  102.679  2.00760E-15  SWARM-A  16.296  190.227
2023-09-19T09:21:30Z  488.006  -12.263  102.646  1.99311E-15  SWARM-A  16.302  192.135
2023-09-19T09:22:00Z  488.583  -14.179  102.614  1.97726E-15  SWARM-A  16.309  194.043
2023-09-19T09:22:30Z  489.192  -16.095  102.583  1.96001E-15  SWARM-A  16.315  195.950
2023-09-19T09:23:00Z  489.832  -18.010  102.554  1.94151E-15  SWARM-A  16.321  197.858
2023-09-19T09:23:30Z  490.501  -19.924  102.528  1.92174E-15  SWARM-A  16.328  199.765
2023-09-19T09:24:00Z  491.198  -21.837  102.504  1.90077E-15  SWARM-A  16.335  201.672
2023-09-19T09:24:30Z  491.919  -23.750  102.482  1.87875E-15  SWARM-A  16.342  203.579
2023-09-19T09:25:00Z  492.664  -25.662  102.464  1.85570E-15  SWARM-A  16.349  205.485
2023-09-19T09:25:30Z  493.429  -27.573  102.449  1.83177E-15  SWARM-A  16.356  207.392
2023-09-19T09:26:00Z  494.212  -29.483  102.438  1.80702E-15  SWARM-A  16.364  209.298
2023-09-19T09:26:30Z  495.010  -31.392  102.431  1.78153E-15  SWARM-A  16.372  211.204
2023-09-19T09:27:00Z  495.821  -33.300  102.429  1.75532E-15  SWARM-A  16.380  213.110
2023-09-19T09:27:30Z  496.642  -35.208  102.433  1.72852E-15  SWARM-A  16.388  215.016
2023-09-19T09:28:00Z  497.470  -37.114  102.442  1.70117E-15  SWARM-A  16.397  216.921
2023-09-19T09:28:30Z  498.303  -39.019  102.459  1.67349E-15  SWARM-A  16.407  218.827
2023-09-19T09:29:00Z  499.137  -40.922  102.483  1.64579E-15  SWARM-A  16.417  220.732
2023-09-19T09:29:30Z  499.970  -42.825  102.517  1.61857E-15  SWARM-A  16.427  222.637
2023-09-19T09:30:00Z  500.798  -44.727  102.560  1.59241E-15  SWARM-A  16.438  224.542
2023-09-19T09:30:30Z  501.619  -46.627  102.615  1.56761E-15  SWARM-A  16.450  226.447
2023-09-19T09:31:00Z  502.430  -48.526  102.682  1.54408E-15  SWARM-A  16.463  228.352
2023-09-19T09:31:30Z  503.227  -50.424  102.765  1.52082E-15  SWARM-A  16.477  230.256
2023-09-19T09:32:00Z  504.009  -52.321  102.865  1.49686E-15  SWARM-A  16.492  232.161
2023-09-19T09:32:30Z  504.772  -54.216  102.984  1.47149E-15  SWARM-A  16.508  234.065
2023-09-19T09:33:00Z  505.514  -56.110  103.128  1.44500E-15  SWARM-A  16.526  235.969
2023-09-19T09:33:30Z  506.231  -58.002  103.299  1.41766E-15  SWARM-A  16.546  237.873
2023-09-19T09:34:00Z  506.922  -59.893  103.503  1.38990E-15  SWARM-A  16.568  239.777
2023-09-19T09:34:30Z  507.583  -61.782  103.746  1.36208E-15  SWARM-A  16.593  241.680
2023-09-19T09:35:00Z  508.213  -63.669  104.038  1.33477E-15  SWARM-A  16.620  243.584
2023-09-19T09:35:30Z  508.808  -65.554  104.389  1.30816E-15  SWARM-A  16.652  245.488
2023-09-19T09:36:00Z  509.368  -67.436  104.814  1.28248E-15  SWARM-A  16.689  247.391
2023-09-19T09:36:30Z  509.889  -69.316  105.334  1.25769E-15  SWARM-A  16.732  249.295
2023-09-19T09:37:00Z  510.371  -71.193  105.976  1.23364E-15  SWARM-A  16.783  251.198
2023-09-19T09:37:30Z  510.811  -73.065  106.780  1.21009E-15  SWARM-A  16.845  253.101
2023-09-19T09:38:00Z  511.207  -74.931  107.808  1.18676E-15  SWARM-A  16.922  255.004
2023-09-19T09:38:30Z  511.558  -76.789  109.152  1.16349E-15  SWARM-A  17.020  256.907
2023-09-19T09:39:00Z  511.863  -78.636  110.966  1.14044E-15  SWARM-A  17.149  258.810
2023-09-19T09:39:30Z  512.121  -80.466  113.516  1.11669E-15  SWARM-A  17.327  260.713
2023-09-19T09:40:00Z  512.331  -82.265  117.307  1.09212E-15  SWARM-A  17.588  262.616
2023-09-19T09:40:30Z  512.491  -84.007  123.402  1.06672E-15  SWARM-A  18.003  264.519
2023-09-19T09:41:00Z  512.602  -85.623  134.293  1.04050E-15  SWARM-A  18.737  266.422
2023-09-19T09:41:30Z  512.663  -86.911  155.895  1.01353E-15  SWARM-A  20.186  268.325
2023-09-19T09:42:00Z  512.674  -87.339  -166.742  9.86138E-16  SWARM-A  22.685  270.228
2023-09-19T09:42:30Z  512.634  -86.571  -133.616  9.59843E-16  SWARM-A  0.902  272.131
2023-09-19T09:43:00Z  512.544  -85.143  -116.247  9.34964E-16  SWARM-A  2.068  274.034
2023-09-19T09:43:30Z  512.404  -83.475  -107.266  9.11403E-16  SWARM-A  2.675  275.937
2023-09-19T09:44:00Z  512.215  -81.711  -102.058  8.88796E-16  SWARM-A  3.031  277.840
2023-09-19T09:44:30Z  511.977  -79.901  -98.729  8.67720E-16  SWARM-A  3.261  279.743
2023-09-19T09:45:00Z  511.692  -78.065  -96.447  8.48588E-16  SWARM-A  3.421  281.646
2023-09-19T09:45:30Z  511.359  -76.214  -94.801  8.31418E-16  SWARM-A  3.539  283.549
2023-09-19T09:46:00Z  510.980  -74.353  -93.567  8.16041E-16  SWARM-A  3.630  285.452
2023-09-19T09:46:30Z  510.558  -72.484  -92.617  8.01960E-16  SWARM-A  3.702  287.356
2023-09-19T09:47:00Z  510.092  -70.611  -91.868  7.88783E-16  SWARM-A  3.760  289.259
2023-09-19T09:47:30Z  509.585  -68.733  -91.268  7.76385E-16  SWARM-A  3.808  291.162
2023-09-19T09:48:00Z  509.039  -66.852  -90.780  7.64566E-16  SWARM-A  3.849  293.066
2023-09-19T09:48:30Z  508.456  -64.969  -90.380  7.53295E-16  SWARM-A  3.884  294.969
2023-09-19T09:49:00Z  507.838  -63.083  -90.049  7.42418E-16  SWARM-A  3.915  296.873
2023-09-19T09:49:30Z  507.186  -61.195  -89.773  7.32328E-16  SWARM-A  3.941  298.777
2023-09-19T09:50:00Z  506.504  -59.305  -89.542  7.23226E-16  SWARM-A  3.965  300.681
2023-09-19T09:50:30Z  505.793  -57.414  -89.349  7.14671E-16  SWARM-A  3.986  302.585
2023-09-19T09:51:00Z  505.057  -55.521  -89.187  7.06913E-16  SWARM-A  4.005  304.489
2023-09-19T09:51:30Z  504.298  -53.627  -89.052  7.00074E-16  SWARM-A  4.023  306.393
2023-09-19T09:52:00Z  503.518  -51.731  -88.938  6.94035E-16  SWARM-A  4.039  308.298
2023-09-19T09:52:30Z  502.721  -49.834  -88.844  6.88785E-16  SWARM-A  4.053  310.202
2023-09-19T09:53:00Z  501.909  -47.936  -88.766  6.84170E-16  SWARM-A  4.067  312.107
2023-09-19T09:53:30Z  501.085  -46.036  -88.703  6.80170E-16  SWARM-A  4.079  314.012
2023-09-19T09:54:00Z  500.252  -44.135  -88.652  6.76748E-16  SWARM-A  4.091  315.917
2023-09-19T09:54:30Z  499.413  -42.233  -88.612  6.73724E-16  SWARM-A  4.102  317.822
2023-09-19T09:55:00Z  498.571  -40.330  -88.582  6.71250E-16  SWARM-A  4.112  319.727
2023-09-19T09:55:30Z  497.728  -38.425  -88.560  6.69264E-16  SWARM-A  4.122  321.633
2023-09-19T09:56:00Z  496.889  -36.520  -88.545  6.67801E-16  SWARM-A  4.132  323.538
2023-09-19T09:56:30Z  496.054  -34.613  -88.538  6.66839E-16  SWARM-A  4.140  325.444
2023-09-19T09:57:00Z  495.229  -32.706  -88.536  6.66417E-16  SWARM-A  4.149  327.350
2023-09-19T09:57:30Z  494.414  -30.797  -88.539  6.66522E-16  SWARM-A  4.157  329.256
2023-09-19T09:58:00Z  493.613  -28.887  -88.547  6.67200E-16  SWARM-A  4.165  331.163
2023-09-19T09:58:30Z  492.829  -26.977  -88.560  6.68493E-16  SWARM-A  4.172  333.069
2023-09-19T09:59:00Z  492.063  -25.065  -88.576  6.70373E-16  SWARM-A  4.180  334.976
2023-09-19T09:59:30Z  491.320  -23.153  -88.595  6.72965E-16  SWARM-A  4.187  336.883
2023-09-19T10:00:00Z  490.600  -21.240  -88.618  6.76174E-16  SWARM-A  4.193  338.790
2023-09-19T10:00:30Z  489.906  -19.326  -88.643  6.79827E-16  SWARM-A  4.200  340.697
2023-09-19T10:01:00Z  489.240  -17.411  -88.670  6.84205E-16  SWARM-A  4.207  342.605
2023-09-19T10:01:30Z  488.604  -15.495  -88.699  6.89286E-16  SWARM-A  4.213  344.512
2023-09-19T10:02:00Z  488.001  -13.579  -88.730  6.95044E-16  SWARM-A  4.219  346.420
2023-09-19T10:02:30Z  487.431  -11.663  -88.763  7.01414E-16  SWARM-A  4.225  348.328
2023-09-19T10:03:00Z  486.896  -9.745  -88.796  7.08342E-16  SWARM-A  4.231  350.236
2023-09-19T10:03:30Z  486.398  -7.828  -88.831  7.15762E-16  SWARM-A  4.238  352.145
2023-09-19T10:04:00Z  485.937  -5.910  -88.867  7.23604E-16  SWARM-A  4.243  354.053
2023-09-19T10:04:30Z  485.516  -3.991  -88.903  7.31801E-16  SWARM-A  4.249  355.962
2023-09-19T10:05:00Z  485.133  -2.072  -88.939  7.40212E-16  SWARM-A  4.255  357.871
2023-09-19T10:05:30Z  484.791  -0.153  -88.976  7.48798E-16  SWARM-A  4.261  359.780
2023-09-19T10:06:00Z  484.490  1.766  -89.013  7.57502E-16  SWARM-A  4.267  1.690
2023-09-19T10:06:30Z  484.230  3.685  -89.050  7.66196E-16  SWARM-A  4.273  3.599
2023-09-19T10:07:00Z  484.010  5.604  -89.086  7.74833E-16  SWARM-A  4.279  5.509
2023-09-19T10:07:30Z  483.832  7.524  -89.121  7.83388E-16  SWARM-A  4.285  7.419
2023-09-19T10:08:00Z  483.694  9.443  -89.156  7.91809E-16  SWARM-A  4.291  9.329
2023-09-19T10:08:30Z  483.596  11.362  -89.190  8.00102E-16  SWARM-A  4.297  11.239
2023-09-19T10:09:00Z  483.538  13.281  -89.223  8.08280E-16  SWARM-A  4.303  13.149
2023-09-19T10:09:30Z  483.519  15.200  -89.254  8.16367E-16  SWARM-A  4.309  15.060
2023-09-19T10:10:00Z  483.538  17.119  -89.283  8.24391E-16  SWARM-A  4.316  16.970
2023-09-19T10:10:30Z  483.593  19.037  -89.310  8.32393E-16  SWARM-A  4.322  18.881
2023-09-19T10:11:00Z  483.684  20.955  -89.336  8.40446E-16  SWARM-A  4.329  20.792
2023-09-19T10:11:30Z  483.809  22.872  -89.358  8.48618E-16  SWARM-A  4.336  22.703
2023-09-19T10:12:00Z  483.967  24.789  -89.378  8.56467E-16  SWARM-A  4.343  24.614
2023-09-19T10:12:30Z  484.156  26.705  -89.394  8.64545E-16  SWARM-A  4.350  26.526
2023-09-19T10:13:00Z  484.373  28.621  -89.407  8.72768E-16  SWARM-A  4.358  28.437
2023-09-19T10:13:30Z  484.618  30.536  -89.415  8.81243E-16  SWARM-A  4.365  30.349
2023-09-19T10:14:00Z  484.889  32.450  -89.419  8.90027E-16  SWARM-A  4.373  32.260
2023-09-19T10:14:30Z  485.182  34.364  -89.417  8.99145E-16  SWARM-A  4.382  34.172
2023-09-19T10:15:00Z  485.496  36.277  -89.410  9.08632E-16  SWARM-A  4.391  36.084
2023-09-19T10:15:30Z  485.829  38.189  -89.396  9.18545E-16  SWARM-A  4.400  37.996
2023-09-19T10:16:00Z  486.178  40.100  -89.375  9.29008E-16  SWARM-A  4.410  39.909
2023-09-19T10:16:30Z  486.542  42.010  -89.345  9.40195E-16  SWARM-A  4.420  41.821
2023-09-19T10:17:00Z  486.916  43.920  -89.305  9.52304E-16  SWARM-A  4.431  43.733
2023-09-19T10:17:30Z  487.300  45.828  -89.255  9.65406E-16  SWARM-A  4.443  45.646
2023-09-19T10:18:00Z  487.690  47.736  -89.192  9.79378E-16  SWARM-A  4.455  47.558
2023-09-19T10:18:30Z  488.085  49.642  -89.115  9.93537E-16  SWARM-A  4.469  49.471
2023-09-19T10:19:00Z  488.482  51.548  -89.022  1.00803E-15  SWARM-A  4.483  51.384
2023-09-19T10:19:30Z  488.877  53.452  -88.909  1.02256E-15  SWARM-A  4.499  53.297
2023-09-19T10:20:00Z  489.270  55.355  -88.775  1.03692E-15  SWARM-A  4.516  55.210
2023-09-19T10:20:30Z  489.658  57.257  -88.614  1.05103E-15  SWARM-A  4.535  57.123
2023-09-19T10:21:00Z  490.038  59.157  -88.422  1.06493E-15  SWARM-A  4.557  59.036
2023-09-19T10:21:30Z  490.408  61.056  -88.193  1.07867E-15  SWARM-A  4.580  60.949
2023-09-19T10:22:00Z  490.767  62.953  -87.918  1.09241E-15  SWARM-A  4.607  62.862
2023-09-19T10:22:30Z  491.111  64.849  -87.589  1.10608E-15  SWARM-A  4.637  64.775
2023-09-19T10:23:00Z  491.439  66.742  -87.190  1.11974E-15  SWARM-A  4.672  66.688
2023-09-19T10:23:30Z  491.750  68.633  -86.705  1.13395E-15  SWARM-A  4.713  68.602
2023-09-19T10:24:00Z  492.041  70.520  -86.107  1.14880E-15  SWARM-A  4.761  70.515
2023-09-19T10:24:30Z  492.311  72.404  -85.361  1.16450E-15  SWARM-A  4.819  72.429
2023-09-19T10:25:00Z  492.558  74.283  -84.414  1.18116E-15  SWARM-A  4.890  74.342
2023-09-19T10:25:30Z  492.780  76.154  -83.185  1.19887E-15  SWARM-A  4.981  76.255
2023-09-19T10:26:00Z  492.978  78.016  -81.544  1.21774E-15  SWARM-A  5.098  78.169
2023-09-19T10:26:30Z  493.149  79.862  -79.267  1.23782E-15  SWARM-A  5.259  80.083
2023-09-19T10:27:00Z  493.292  81.683  -75.944  1.25795E-15  SWARM-A  5.488  81.996
2023-09-19T10:27:30Z  493.407  83.457  -70.737  1.27880E-15  SWARM-A  5.844  83.910
2023-09-19T10:28:00Z  493.494  85.135  -61.743  1.30072E-15  SWARM-A  6.452  85.823
2023-09-19T10:28:30Z  493.551  86.571  -44.294  1.32355E-15  SWARM-A  7.623  87.737
2023-09-19T10:29:00Z  493.578  87.340  -10.931  1.34749E-15  SWARM-A  9.856  89.650
2023-09-19T10:29:30Z  493.576  86.898  26.523  1.37359E-15  SWARM-A  12.361  91.564
2023-09-19T10:30:00Z  493.544  85.596  48.025  1.40108E-15  SWARM-A  13.803  93.477
2023-09-19T10:30:30Z  493.483  83.967  58.838  1.42926E-15  SWARM-A  14.532  95.391
2023-09-19T10:31:00Z  493.393  82.213  64.887  1.45809E-15  SWARM-A  14.944  97.304
2023-09-19T10:31:30Z  493.274  80.403  68.650  1.48901E-15  SWARM-A  15.203  99.218
2023-09-19T10:32:00Z  493.128  78.563  71.181  1.52076E-15  SWARM-A  15.380  101.131
2023-09-19T10:32:30Z  492.954  76.706  72.981  1.55310E-15  SWARM-A  15.508  103.045
2023-09-19T10:33:00Z  492.755  74.837  74.315  1.58606E-15  SWARM-A  15.606  104.958
2023-09-19T10:33:30Z  492.531  72.960  75.336  1.61952E-15  SWARM-A  15.682  106.872
2023-09-19T10:34:00Z  492.284  71.078  76.134  1.65345E-15  SWARM-A  15.744  108.785
2023-09-19T10:34:30Z  492.015  69.191  76.772  1.68766E-15  SWARM-A  15.794  110.698
2023-09-19T10:35:00Z  491.726  67.302  77.287  1.72176E-15  SWARM-A  15.837  112.611
2023-09-19T10:35:30Z  491.417  65.409  77.709  1.75518E-15  SWARM-A  15.874  114.525
2023-09-19T10:36:00Z  491.092  63.514  78.057  1.78715E-15  SWARM-A  15.905  116.438
2023-09-19T10:36:30Z  490.752  61.618  78.347  1.81546E-15  SWARM-A  15.933  118.351
2023-09-19T10:37:00Z  490.400  59.720  78.588  1.84090E-15  SWARM-A  15.957  120.264
2023-09-19T10:37:30Z  490.036  57.820  78.790  1.86352E-15  SWARM-A  15.979  122.177
2023-09-19T10:38:00Z  489.664  55.918  78.960  1.88337E-15  SWARM-A  15.999  124.090
2023-09-19T10:38:30Z  489.285  54.016  79.102  1.90057E-15  SWARM-A  16.017  126.002
2023-09-19T10:39:00Z  488.902  52.112  79.221  1.91535E-15  SWARM-A  16.033  127.915
2023-09-19T10:39:30Z  488.518  50.207  79.319  1.92786E-15  SWARM-A  16.048  129.828
2023-09-19T10:40:00Z  488.134  48.301  79.401  1.93836E-15  SWARM-A  16.061  131.740
2023-09-19T10:40:30Z  487.754  46.394  79.468  1.94691E-15  SWARM-A  16.074  133.653
2023-09-19T10:41:00Z  487.379  44.486  79.522  1.95389E-15  SWARM-A  16.086  135.565
2023-09-19T10:41:30Z  487.012  42.577  79.564  1.95937E-15  SWARM-A  16.097  137.477
2023-09-19T10:42:00Z  486.656  40.667  79.597  1.96357E-15  SWARM-A  16.108  139.389
2023-09-19T10:42:30Z  486.312  38.757  79.621  1.96665E-15  SWARM-A  16.118  141.301
2023-09-19T10:43:00Z  485.984  36.845  79.637  1.96879E-15  SWARM-A  16.127  143.213
2023-09-19T10:43:30Z  485.673  34.933  79.646  1.97021E-15  SWARM-A  16.136  145.125
2023-09-19T10:44:00Z  485.382  33.019  79.649  1.97096E-15  SWARM-A  16.145  147.037
2023-09-19T10:44:30Z  485.113  31.105  79.647  1.97102E-15  SWARM-A  16.153  148.948
2023-09-19T10:45:00Z  484.868  29.191  79.640  1.97069E-15  SWARM-A  16.161  150.860
2023-09-19T10:45:30Z  484.649  27.276  79.628  1.97010E-15  SWARM-A  16.168  152.771
2023-09-19T10:46:00Z  484.458  25.360  79.613  1.96927E-15  SWARM-A  16.176  154.682
2023-09-19T10:46:30Z  484.297  23.443  79.594  1.96822E-15  SWARM-A  16.183  156.593
2023-09-19T10:47:00Z  484.168  21.526  79.572  1.96703E-15  SWARM-A  16.190  158.504
2023-09-19T10:47:30Z  484.072  19.609  79.548  1.96575E-15  SWARM-A  16.196  160.415
2023-09-19T10:48:00Z  484.011  17.691  79.521  1.96434E-15  SWARM-A  16.203  162.325
2023-09-19T10:48:30Z  483.986  15.773  79.492  1.96272E-15  SWARM-A  16.209  164.236
2023-09-19T10:49:00Z  483.998  13.855  79.462  1.96087E-15  SWARM-A  16.216  166.146
2023-09-19T10:49:30Z  484.048  11.936  79.430  1.95870E-15  SWARM-A  16.222  168.056
2023-09-19T10:50:00Z  484.138  10.017  79.396  1.95615E-15  SWARM-A  16.228  169.966
2023-09-19T10:50:30Z  484.267  8.098  79.362  1.95312E-15  SWARM-A  16.234  171.876
2023-09-19T10:51:00Z  484.437  6.179  79.326  1.94952E-15  SWARM-A  16.240  173.785
2023-09-19T10:51:30Z  484.647  4.260  79.290  1.94523E-15  SWARM-A  16.246  175.695
2023-09-19T10:52:00Z  484.898  2.341  79.254  1.94017E-15  SWARM-A  16.252  177.604
2023-09-19T10:52:30Z  485.190  0.422  79.217  1.93423E-15  SWARM-A  16.258  179.513
2023-09-19T10:53:00Z  485.522  -1.497  79.180  1.92727E-15  SWARM-A  16.263  181.422
2023-09-19T10:53:30Z  485.894  -3.415  79.143  1.91931E-15  SWARM-A  16.269  183.331
2023-09-19T10:54:00Z  486.305  -5.334  79.107  1.91024E-15  SWARM-A  16.275  185.239
2023-09-19T10:54:30Z  486.756  -7.251  79.071  1.89997E-15  SWARM-A  16.281  187.148
2023-09-19T10:55:00Z  487.243  -9.169  79.036  1.88834E-15  SWARM-A  16.287  189.056
2023-09-19T10:55:30Z  487.768  -11.086  79.002  1.87543E-15  SWARM-A  16.293  190.964
2023-09-19T10:56:00Z  488.327  -13.003  78.969  1.86121E-15  SWARM-A  16.299  192.872
2023-09-19T10:56:30Z  488.920  -14.919  78.938  1.84571E-15  SWARM-A  16.306  194.779
2023-09-19T10:57:00Z  489.545  -16.834  78.908  1.82896E-15  SWARM-A  16.312  196.687
2023-09-19T10:57:30Z  490.201  -18.749  78.880  1.81096E-15  SWARM-A  16.318  198.594
2023-09-19T10:58:00Z  490.884  -20.662  78.854  1.79178E-15  SWARM-A  16.325  200.501
2023-09-19T10:58:30Z  491.594  -22.576  78.831  1.77147E-15  SWARM-A  16.332  202.408
2023-09-19T10:59:00Z  492.328  -24.488  78.811  1.75014E-15  SWARM-A  16.339  204.314
2023-09-19T10:59:30Z  493.083  -26.400  78.794  1.72786E-15  SWARM-A  16.346  206.221
2023-09-19T11:00:00Z  493.858  -28.310  78.780  1.70469E-15  SWARM-A  16.354  208.127
2023-09-19T11:00:30Z  494.649  -30.220  78.771  1.68074E-15  SWARM-A  16.361  210.033
2023-09-19T11:01:00Z  495.455  -32.128  78.766  1.65605E-15  SWARM-A  16.369  211.939
2023-09-19T11:01:30Z  496.272  -34.036  78.766  1.63068E-15  SWARM-A  16.378  213.845
2023-09-19T11:02:00Z  497.097  -35.943  78.772  1.60476E-15  SWARM-A  16.386  215.751
2023-09-19T11:02:30Z  497.928  -37.848  78.784  1.57832E-15  SWARM-A  16.395  217.656
2023-09-19T11:03:00Z  498.763  -39.753  78.804  1.55158E-15  SWARM-A  16.405  219.562
2023-09-19T11:03:30Z  499.597  -41.656  78.831  1.52477E-15  SWARM-A  16.415  221.467
2023-09-19T11:04:00Z  500.429  -43.558  78.868  1.49776E-15  SWARM-A  16.426  223.372
2023-09-19T11:04:30Z  501.254  -45.460  78.916  1.47056E-15  SWARM-A  16.438  225.276
2023-09-19T11:05:00Z  502.071  -47.359  78.975  1.44446E-15  SWARM-A  16.450  227.181
2023-09-19T11:05:30Z  502.877  -49.258  79.048  1.41964E-15  SWARM-A  16.463  229.086
2023-09-19T11:06:00Z  503.668  -51.155  79.137  1.39589E-15  SWARM-A  16.477  230.990
2023-09-19T11:06:30Z  504.442  -53.051  79.244  1.37272E-15  SWARM-A  16.493  232.894
2023-09-19T11:07:00Z  505.195  -54.946  79.373  1.34920E-15  SWARM-A  16.510  234.798
2023-09-19T11:07:30Z  505.926  -56.839  79.526  1.32473E-15  SWARM-A  16.528  236.702
2023-09-19T11:08:00Z  506.632  -58.730  79.709  1.29939E-15  SWARM-A  16.549  238.606
2023-09-19T11:08:30Z  507.309  -60.620  79.927  1.27305E-15  SWARM-A  16.572  240.510
2023-09-19T11:09:00Z  507.956  -62.509  80.188  1.24682E-15  SWARM-A  16.597  242.414
2023-09-19T11:09:30Z  508.571  -64.395  80.502  1.22096E-15  SWARM-A  16.627  244.317
2023-09-19T11:10:00Z  509.150  -66.279  80.879  1.19524E-15  SWARM-A  16.660  246.221
2023-09-19T11:10:30Z  509.692  -68.161  81.338  1.16992E-15  SWARM-A  16.699  248.124
2023-09-19T11:11:00Z  510.196  -70.039  81.900  1.14529E-15  SWARM-A  16.745  250.027
2023-09-19T11:11:30Z  510.658  -71.914  82.599  1.12145E-15  SWARM-A  16.800  251.931
2023-09-19T11:12:00Z  511.077  -73.784  83.481  1.09836E-15  SWARM-A  16.867  253.834
2023-09-19T11:12:30Z  511.453  -75.648  84.617  1.07593E-15  SWARM-A  16.951  255.737
2023-09-19T11:13:00Z  511.782  -77.502  86.119  1.05366E-15  SWARM-A  17.060  257.640
2023-09-19T11:13:30Z  512.065  -79.343  88.175  1.03063E-15  SWARM-A  17.205  259.543
2023-09-19T11:14:00Z  512.300  -81.163  91.123  1.00760E-15  SWARM-A  17.410  261.446
2023-09-19T11:14:30Z  512.486  -82.944  95.626  9.84381E-16  SWARM-A  17.718  263.349
2023-09-19T11:15:00Z  512.623  -84.650  103.141  9.60753E-16  SWARM-A  18.228  265.252
2023-09-19T11:15:30Z  512.710  -86.177  117.194  9.36560E-16  SWARM-A  19.173  267.154
2023-09-19T11:16:00Z  512.746  -87.216  145.118  9.11656E-16  SWARM-A  21.043  269.057
2023-09-19T11:16:30Z  512.733  -87.166  -175.665  8.86620E-16  SWARM-A  23.666  270.960
2023-09-19T11:17:00Z  512.668  -86.067  -149.117  8.62391E-16  SWARM-A  1.444  272.863
2023-09-19T11:17:30Z  512.554  -84.518  -135.805  8.38942E-16  SWARM-A  2.340  274.766
2023-09-19T11:18:00Z  512.390  -82.804  -128.619  8.16484E-16  SWARM-A  2.827  276.669
2023-09-19T11:18:30Z  512.176  -81.019  -124.278  7.95315E-16  SWARM-A  3.125  278.572
2023-09-19T11:19:00Z  511.915  -79.197  -121.419  7.75758E-16  SWARM-A  3.324  280.475
2023-09-19T11:19:30Z  511.605  -77.354  -119.417  7.58050E-16  SWARM-A  3.465  282.378
2023-09-19T11:20:00Z  511.249  -75.499  -117.950  7.42299E-16  SWARM-A  3.572  284.281
2023-09-19T11:20:30Z  510.848  -73.635  -116.838  7.28494E-16  SWARM-A  3.654  286.184
2023-09-19T11:21:00Z  510.404  -71.764  -115.972  7.16423E-16  SWARM-A  3.720  288.088
2023-09-19T11:21:30Z  509.917  -69.889  -115.286  7.05608E-16  SWARM-A  3.774  289.991
2023-09-19T11:22:00Z  509.389  -68.010  -114.732  6.95886E-16  SWARM-A  3.819  291.894
2023-09-19T11:22:30Z  508.823  -66.128  -114.281  6.86925E-16  SWARM-A  3.858  293.798
2023-09-19T11:23:00Z  508.221  -64.244  -113.909  6.78459E-16  SWARM-A  3.891  295.701
2023-09-19T11:23:30Z  507.584  -62.357  -113.601  6.70544E-16  SWARM-A  3.920  297.605
2023-09-19T11:24:00Z  506.915  -60.468  -113.343  6.63241E-16  SWARM-A  3.945  299.509
2023-09-19T11:24:30Z  506.216  -58.578  -113.128  6.56681E-16  SWARM-A  3.968  301.413
2023-09-19T11:25:00Z  505.490  -56.686  -112.948  6.50577E-16  SWARM-A  3.988  303.317
2023-09-19T11:25:30Z  504.740  -54.793  -112.796  6.44951E-16  SWARM-A  4.007  305.221
2023-09-19T11:26:00Z  503.967  -52.898  -112.670  6.40300E-16  SWARM-A  4.024  307.126
2023-09-19T11:26:30Z  503.175  -51.002  -112.564  6.36546E-16  SWARM-A  4.039  309.030
2023-09-19T11:27:00Z  502.366  -49.104  -112.476  6.33628E-16  SWARM-A  4.053  310.935
2023-09-19T11:27:30Z  501.544  -47.205  -112.404  6.31490E-16  SWARM-A  4.066  312.839
2023-09-19T11:28:00Z  500.712  -45.305  -112.346  6.30070E-16  SWARM-A  4.079  314.744
2023-09-19T11:28:30Z  499.871  -43.403  -112.300  6.29322E-16  SWARM-A  4.090  316.649
2023-09-19T11:29:00Z  499.025  -41.501  -112.263  6.29152E-16  SWARM-A  4.101  318.555
2023-09-19T11:29:30Z  498.178  -39.597  -112.236  6.29402E-16  SWARM-A  4.111  320.460
2023-09-19T11:30:00Z  497.331  -37.692  -112.218  6.30179E-16  SWARM-A  4.120  322.366
2023-09-19T11:30:30Z  496.488  -35.786  -112.206  6.31551E-16  SWARM-A  4.130  324.271
2023-09-19T11:31:00Z  495.652  -33.879  -112.200  6.33468E-16  SWARM-A  4.138  326.177
2023-09-19T11:31:30Z  494.826  -31.971  -112.201  6.35864E-16  SWARM-A  4.147  328.084
2023-09-19T11:32:00Z  494.012  -30.062  -112.206  6.38795E-16  SWARM-A  4.155  329.990
2023-09-19T11:32:30Z  493.212  -28.152  -112.216  6.42256E-16  SWARM-A  4.162  331.896
2023-09-19T11:33:00Z  492.431  -26.241  -112.230  6.46207E-16  SWARM-A  4.170  333.803
2023-09-19T11:33:30Z  491.669  -24.329  -112.247  6.50649E-16  SWARM-A  4.177  335.710
2023-09-19T11:34:00Z  490.930  -22.416  -112.268  6.55596E-16  SWARM-A  4.184  337.617
2023-09-19T11:34:30Z  490.216  -20.503  -112.291  6.61044E-16  SWARM-A  4.191  339.524
2023-09-19T11:35:00Z  489.529  -18.588  -112.317  6.66999E-16  SWARM-A  4.197  341.432
2023-09-19T11:35:30Z  488.870  -16.673  -112.345  6.73487E-16  SWARM-A  4.204  343.339
2023-09-19T11:36:00Z  488.243  -14.758  -112.375  6.80459E-16  SWARM-A  4.210  345.247
2023-09-19T11:36:30Z  487.649  -12.841  -112.407  6.87919E-16  SWARM-A  4.216  347.155
2023-09-19T11:37:00Z  487.088  -10.924  -112.440  6.95858E-16  SWARM-A  4.222  349.063
2023-09-19T11:37:30Z  486.564  -9.007  -112.474  7.04179E-16  SWARM-A  4.228  350.971
2023-09-19T11:38:00Z  486.077  -7.089  -112.509  7.12930E-16  SWARM-A  4.234  352.880
2023-09-19T11:38:30Z  485.628  -5.171  -112.545  7.22087E-16  SWARM-A  4.240  354.789
2023-09-19T11:39:00Z  485.218  -3.252  -112.581  7.31595E-16  SWARM-A  4.246  356.698
2023-09-19T11:39:30Z  484.848  -1.333  -112.618  7.41434E-16  SWARM-A  4.252  358.607
2023-09-19T11:40:00Z  484.519  0.586  -112.655  7.51553E-16  SWARM-A  4.258  0.516
2023-09-19T11:40:30Z  484.231  2.506  -112.691  7.61920E-16  SWARM-A  4.264  2.426
2023-09-19T11:41:00Z  483.984  4.425  -112.728  7.72444E-16  SWARM-A  4.270  4.335
2023-09-19T11:41:30Z  483.778  6.344  -112.764  7.83141E-16  SWARM-A  4.276  6.245
2023-09-19T11:42:00Z  483.613  8.264  -112.799  7.93917E-16  SWARM-A  4.282  8.155
2023-09-19T11:42:30Z  483.489  10.183  -112.834  8.04752E-16  SWARM-A  4.288  10.065
2023-09-19T11:43:00Z  483.406  12.102  -112.867  8.15606E-16  SWARM-A  4.294  11.975
2023-09-19T11:43:30Z  483.362  14.021  -112.899  8.26537E-16  SWARM-A  4.300  13.886
2023-09-19T11:44:00Z  483.357  15.940  -112.930  8.37524E-16  SWARM-A  4.306  15.796
2023-09-19T11:44:30Z  483.389  17.859  -112.958  8.48624E-16  SWARM-A  4.313  17.707
2023-09-19T11:45:00Z  483.459  19.777  -112.985  8.59848E-16  SWARM-A  4.319  19.618
2023-09-19T11:45:30Z  483.563  21.695  -113.009  8.71277E-16  SWARM-A  4.326  21.529
2023-09-19T11:46:00Z  483.702  23.612  -113.030  8.82864E-16  SWARM-A  4.333  23.440
2023-09-19T11:46:30Z  483.872  25.528  -113.049  8.94795E-16  SWARM-A  4.340  25.352
2023-09-19T11:47:00Z  484.073  27.445  -113.064  9.07041E-16  SWARM-A  4.347  27.263
2023-09-19T11:47:30Z  484.303  29.360  -113.075  9.19721E-16  SWARM-A  4.355  29.175
2023-09-19T11:48:00Z  484.560  31.275  -113.081  9.32936E-16  SWARM-A  4.363  31.087
2023-09-19T11:48:30Z  484.841  33.189  -113.083  9.46670E-16  SWARM-A  4.371  32.999
2023-09-19T11:49:00Z  485.144  35.103  -113.080  9.60933E-16  SWARM-A  4.380  34.911
2023-09-19T11:49:30Z  485.468  37.015  -113.070  9.74724E-16  SWARM-A  4.389  36.823
2023-09-19T11:50:00Z  485.809  38.927  -113.053  9.88756E-16  SWARM-A  4.398  38.735
2023-09-19T11:50:30Z  486.166  40.838  -113.028  1.00310E-15  SWARM-A  4.408  40.647
2023-09-19T11:51:00Z  486.536  42.748  -112.995  1.01774E-15  SWARM-A  4.419  42.560
2023-09-19T11:51:30Z  486.917  44.657  -112.951  1.03285E-15  SWARM-A  4.430  44.472
2023-09-19T11:52:00Z  487.306  46.566  -112.896  1.04869E-15  SWARM-A  4.442  46.385
2023-09-19T11:52:30Z  487.701  48.473  -112.828  1.06549E-15  SWARM-A  4.455  48.298
2023-09-19T11:53:00Z  488.099  50.379  -112.745  1.08302E-15  SWARM-A  4.469  50.210
2023-09-19T11:53:30Z  488.497  52.284  -112.645  1.10145E-15  SWARM-A  4.484  52.123
2023-09-19T11:54:00Z  488.895  54.188  -112.524  1.12053E-15  SWARM-A  4.500  54.036
2023-09-19T11:54:30Z  489.289  56.091  -112.380  1.13989E-15  SWARM-A  4.518  55.949
2023-09-19T11:55:00Z  489.676  57.992  -112.208  1.15908E-15  SWARM-A  4.538  57.862
2023-09-19T11:55:30Z  490.055  59.892  -112.002  1.17747E-15  SWARM-A  4.560  59.775
2023-09-19T11:56:00Z  490.423  61.790  -111.757  1.19554E-15  SWARM-A  4.585  61.689
2023-09-19T11:56:30Z  490.779  63.687  -111.462  1.21332E-15  SWARM-A  4.613  63.602
2023-09-19T11:57:00Z  491.120  65.582  -111.108  1.23085E-15  SWARM-A  4.645  65.515
2023-09-19T11:57:30Z  491.445  67.474  -110.679  1.24823E-15  SWARM-A  4.681  67.429
2023-09-19T11:58:00Z  491.751  69.364  -110.153  1.26332E-15  SWARM-A  4.725  69.342
2023-09-19T11:58:30Z  492.036  71.250  -109.503  1.27820E-15  SWARM-A  4.777  71.256
2023-09-19T11:59:00Z  492.300  73.132  -108.687  1.29328E-15  SWARM-A  4.839  73.169
2023-09-19T11:59:30Z  492.541  75.008  -107.643  1.30869E-15  SWARM-A  4.917  75.082
2023-09-19T12:00:00Z  492.758  76.876  -106.273  1.32418E-15  SWARM-A  5.017  76.996
2023-09-19T12:00:30Z  492.948  78.733  -104.420  1.34116E-15  SWARM-A  5.149  78.910
2023-09-19T12:01:00Z  493.112  80.571  -101.802  1.35989E-15  SWARM-A  5.332  80.823
2023-09-19T12:01:30Z  493.248  82.377  -97.887  1.37927E-15  SWARM-A  5.601  82.737
2023-09-19T12:02:00Z  493.356  84.123  -91.538  1.39916E-15  SWARM-A  6.033  84.650
2023-09-19T12:02:30Z  493.435  85.734  -80.064  1.41936E-15  SWARM-A  6.806  86.564
2023-09-19T12:03:00Z  493.485  86.986  -57.140  1.43968E-15  SWARM-A  8.342  88.478
2023-09-19T12:03:30Z  493.505  87.316  -18.804  1.45827E-15  SWARM-A  10.907  90.391
2023-09-19T12:04:00Z  493.496  86.458  13.033  1.47786E-15  SWARM-A  13.037  92.305
2023-09-19T12:04:30Z  493.457  84.988  29.388  1.49753E-15  SWARM-A  14.136  94.218
2023-09-19T12:05:00Z  493.388  83.298  37.900  1.51700E-15  SWARM-A  14.712  96.132
2023-09-19T12:05:30Z  493.291  81.517  42.878  1.53647E-15  SWARM-A  15.052  98.045
2023-09-19T12:06:00Z  493.166  79.693  46.079  1.55610E-15  SWARM-A  15.274  99.959
2023-09-19T12:06:30Z  493.013  77.845  48.284  1.57545E-15  SWARM-A  15.429  101.872
2023-09-19T12:07:00Z  492.834  75.983  49.880  1.59531E-15  SWARM-A  15.544  103.786
2023-09-19T12:07:30Z  492.630  74.111  51.079  1.61610E-15  SWARM-A  15.632  105.699
2023-09-19T12:08:00Z  492.401  72.231  52.005  1.63808E-15  SWARM-A  15.702  107.613
2023-09-19T12:08:30Z  492.150  70.347  52.735  1.66135E-15  SWARM-A  15.759  109.526
2023-09-19T12:09:00Z  491.877  68.460  53.321  1.68587E-15  SWARM-A  15.807  111.439
2023-09-19T12:09:30Z  491.584  66.569  53.797  1.71130E-15  SWARM-A  15.847  113.353
2023-09-19T12:10:00Z  491.274  64.675  54.189  1.73696E-15  SWARM-A  15.881  115.266
2023-09-19T12:10:30Z  490.947  62.780  54.513  1.76187E-15  SWARM-A  15.911  117.179
2023-09-19T12:11:00Z  490.606  60.883  54.782  1.78488E-15  SWARM-A  15.937  119.092
2023-09-19T12:11:30Z  490.253  58.984  55.008  1.80543E-15  SWARM-A  15.961  121.005
2023-09-19T12:12:00Z  489.890  57.083  55.196  1.82332E-15  SWARM-A  15.982  122.918
2023-09-19T12:12:30Z  489.519  55.181  55.355  1.83872E-15  SWARM-A  16.000  124.831
2023-09-19T12:13:00Z  489.142  53.278  55.487  1.85199E-15  SWARM-A  16.018  126.743
2023-09-19T12:13:30Z  488.763  51.374  55.598  1.86351E-15  SWARM-A  16.033  128.656
2023-09-19T12:14:00Z  488.382  49.469  55.690  1.87350E-15  SWARM-A  16.048  130.569
2023-09-19T12:14:30Z  488.003  47.563  55.765  1.88215E-15  SWARM-A  16.061  132.481
2023-09-19T12:15:00Z  487.628  45.655  55.827  1.88966E-15  SWARM-A  16.074  134.394
2023-09-19T12:15:30Z  487.260  43.747  55.876  1.89582E-15  SWARM-A  16.085  136.306
2023-09-19T12:16:00Z  486.900  41.837  55.914  1.90088E-15  SWARM-A  16.096  138.218
2023-09-19T12:16:30Z  486.552  39.927  55.943  1.90532E-15  SWARM-A  16.106  140.130
2023-09-19T12:17:00Z  486.217  38.016  55.964  1.90934E-15  SWARM-A  16.116  142.042
2023-09-19T12:17:30Z  485.899  36.104  55.977  1.91310E-15  SWARM-A  16.125  143.954
2023-09-19T12:18:00Z  485.598  34.191  55.984  1.91672E-15  SWARM-A  16.134  145.866
2023-09-19T12:18:30Z  485.318  32.278  55.985  1.92028E-15  SWARM-A  16.142  147.777
2023-09-19T12:19:00Z  485.061  30.364  55.981  1.92390E-15  SWARM-A  16.151  149.689
2023-09-19T12:19:30Z  484.829  28.449  55.972  1.92755E-15  SWARM-A  16.158  151.600
2023-09-19T12:20:00Z  484.623  26.534  55.959  1.93127E-15  SWARM-A  16.166  153.511
2023-09-19T12:20:30Z  484.446  24.617  55.942  1.93510E-15  SWARM-A  16.173  155.422
2023-09-19T12:21:00Z  484.300  22.701  55.922  1.93899E-15  SWARM-A  16.180  157.333
2023-09-19T12:21:30Z  484.186  20.784  55.900  1.94285E-15  SWARM-A  16.187  159.244
2023-09-19T12:22:00Z  484.105  18.866  55.874  1.94665E-15  SWARM-A  16.193  161.155
2023-09-19T12:22:30Z  484.060  16.948  55.847  1.95037E-15  SWARM-A  16.200  163.065
2023-09-19T12:23:00Z  484.051  15.030  55.817  1.95382E-15  SWARM-A  16.206  164.976
2023-09-19T12:23:30Z  484.080  13.112  55.786  1.95684E-15  SWARM-A  16.213  166.886
2023-09-19T12:24:00Z  484.146  11.193  55.753  1.95936E-15  SWARM-A  16.219  168.796
2023-09-19T12:24:30Z  484.252  9.274  55.719  1.96083E-15  SWARM-A  16.225  170.705
2023-09-19T12:25:00Z  484.398  7.355  55.684  1.96119E-15  SWARM-A  16.231  172.615
2023-09-19T12:25:30Z  484.584  5.436  55.648  1.96059E-15  SWARM-A  16.237  174.525
2023-09-19T12:26:00Z  484.810  3.517  55.612  1.95886E-15  SWARM-A  16.243  176.434
2023-09-19T12:26:30Z  485.077  1.598  55.575  1.95592E-15  SWARM-A  16.249  178.343
2023-09-19T12:27:00Z  485.384  -0.321  55.538  1.95165E-15  SWARM-A  16.254  180.252
2023-09-19T12:27:30Z  485.731  -2.240  55.502  1.94604E-15  SWARM-A  16.260  182.161
2023-09-19T12:28:00Z  486.118  -4.158  55.465  1.93899E-15  SWARM-A  16.266  184.069
2023-09-19T12:28:30Z  486.543  -6.076  55.429  1.93043E-15  SWARM-A  16.272  185.978
2023-09-19T12:29:00Z  487.007  -7.994  55.393  1.92037E-15  SWARM-A  16.278  187.886
2023-09-19T12:29:30Z  487.507  -9.911  55.359  1.90881E-15  SWARM-A  16.284  189.794
2023-09-19T12:30:00Z  488.043  -11.828  55.325  1.89574E-15  SWARM-A  16.290  191.702
2023-09-19T12:30:30Z  488.614  -13.744  55.292  1.88119E-15  SWARM-A  16.296  193.610
2023-09-19T12:31:00Z  489.218  -15.660  55.262  1.86519E-15  SWARM-A  16.303  195.517
2023-09-19T12:31:30Z  489.852  -17.575  55.232  1.84790E-15  SWARM-A  16.309  197.425
2023-09-19T12:32:00Z  490.516  -19.489  55.205  1.82932E-15  SWARM-A  16.316  199.332
2023-09-19T12:32:30Z  491.207  -21.403  55.181  1.80950E-15  SWARM-A  16.322  201.239
2023-09-19T12:33:00Z  491.924  -23.316  55.158  1.78855E-15  SWARM-A  16.329  203.145
2023-09-19T12:33:30Z  492.664  -25.228  55.139  1.76653E-15  SWARM-A  16.336  205.052
2023-09-19T12:34:00Z  493.424  -27.139  55.123  1.74361E-15  SWARM-A  16.343  206.958
2023-09-19T12:34:30Z  494.202  -29.049  55.111  1.71979E-15  SWARM-A  16.351  208.865
2023-09-19T12:35:00Z  494.996  -30.958  55.103  1.69525E-15  SWARM-A  16.359  210.771
2023-09-19T12:35:30Z  495.803  -32.867  55.100  1.66973E-15  SWARM-A  16.367  212.677
2023-09-19T12:36:00Z  496.620  -34.774  55.102  1.64317E-15  SWARM-A  16.375  214.582
2023-09-19T12:36:30Z  497.445  -36.680  55.111  1.61616E-15  SWARM-A  16.384  216.488
2023-09-19T12:37:00Z  498.274  -38.585  55.126  1.58880E-15  SWARM-A  16.394  218.393
2023-09-19T12:37:30Z  499.105  -40.489  55.148  1.56130E-15  SWARM-A  16.403  220.299
2023-09-19T12:38:00Z  499.935  -42.392  55.179  1.53385E-15  SWARM-A  16.414  222.204
2023-09-19T12:38:30Z  500.761  -44.294  55.220  1.50677E-15  SWARM-A  16.425  224.109
2023-09-19T12:39:00Z  501.580  -46.195  55.272  1.47815E-15  SWARM-A  16.437  226.013
2023-09-19T12:39:30Z  502.389  -48.094  55.336  1.45007E-15  SWARM-A  16.449  227.918
2023-09-19T12:40:00Z  503.185  -49.992  55.415  1.42332E-15  SWARM-A  16.463  229.822
2023-09-19T12:40:30Z  503.966  -51.889  55.511  1.39801E-15  SWARM-A  16.478  231.727
2023-09-19T12:41:00Z  504.729  -53.784  55.626  1.37404E-15  SWARM-A  16.494  233.631
2023-09-19T12:41:30Z  505.470  -55.678  55.763  1.35115E-15  SWARM-A  16.511  235.535
2023-09-19T12:42:00Z  506.187  -57.571  55.927  1.33087E-15  SWARM-A  16.530  237.439
2023-09-19T12:42:30Z  506.878  -59.462  56.123  1.31008E-15  SWARM-A  16.552  239.343
2023-09-19T12:43:00Z  507.540  -61.351  56.357  1.28862E-15  SWARM-A  16.576  241.246
2023-09-19T12:43:30Z  508.171  -63.239  56.637  1.26617E-15  SWARM-A  16.603  243.150
2023-09-19T12:44:00Z  508.769  -65.124  56.973  1.24271E-15  SWARM-A  16.633  245.054
2023-09-19T12:44:30Z  509.330  -67.008  57.379  1.21642E-15  SWARM-A  16.669  246.957
2023-09-19T12:45:00Z  509.853  -68.888  57.875  1.18885E-15  SWARM-A  16.710  248.860
2023-09-19T12:45:30Z  510.337  -70.765  58.486  1.16116E-15  SWARM-A  16.759  250.764
2023-09-19T12:46:00Z  510.779  -72.638  59.248  1.13355E-15  SWARM-A  16.818  252.667
2023-09-19T12:46:30Z  511.178  -74.506  60.218  1.10643E-15  SWARM-A  16.891  254.570
2023-09-19T12:47:00Z  511.532  -76.367  61.479  1.08011E-15  SWARM-A  16.984  256.473
2023-09-19T12:47:30Z  511.839  -78.217  63.167  1.05451E-15  SWARM-A  17.105  258.376
2023-09-19T12:48:00Z  512.100  -80.051  65.515  1.02988E-15  SWARM-A  17.270  260.279
2023-09-19T12:48:30Z  512.313  -81.858  68.957  1.00610E-15  SWARM-A  17.507  262.182
2023-09-19T12:49:00Z  512.476  -83.617  74.380  9.83029E-16  SWARM-A  17.877  264.085
2023-09-19T12:49:30Z  512.590  -85.273  83.818  9.60201E-16  SWARM-A  18.515  265.988
2023-09-19T12:50:00Z  512.654  -86.668  102.220  9.37321E-16  SWARM-A  19.750  267.891
2023-09-19T12:50:30Z  512.667  -87.353  136.637  9.14116E-16  SWARM-A  22.053  269.794
2023-09-19T12:51:00Z  512.630  -86.828  173.071  8.91357E-16  SWARM-A  0.490  271.697
2023-09-19T12:51:30Z  512.543  -85.499  -166.533  8.69344E-16  SWARM-A  1.858  273.600
2023-09-19T12:52:00Z  512.406  -83.867  -156.198  8.47157E-16  SWARM-A  2.555  275.503
2023-09-19T12:52:30Z  512.219  -82.119  -150.358  8.25195E-16  SWARM-A  2.953  277.406
2023-09-19T12:53:00Z  511.984  -80.317  -146.699  8.03966E-16  SWARM-A  3.205  279.309
2023-09-19T12:53:30Z  511.700  -78.485  -144.225  7.83822E-16  SWARM-A  3.379  281.212
2023-09-19T12:54:00Z  511.370  -76.637  -142.458  7.65194E-16  SWARM-A  3.505  283.115
2023-09-19T12:54:30Z  510.994  -74.778  -141.145  7.48233E-16  SWARM-A  3.601  285.018
2023-09-19T12:55:00Z  510.573  -72.911  -140.139  7.33369E-16  SWARM-A  3.676  286.921
2023-09-19T12:55:30Z  510.109  -71.038  -139.350  7.22324E-16  SWARM-A  3.737  288.825
2023-09-19T12:56:00Z  509.604  -69.161  -138.720  7.13638E-16  SWARM-A  3.787  290.728
2023-09-19T12:56:30Z  509.059  -67.281  -138.209  7.06925E-16  SWARM-A  3.830  292.632
2023-09-19T12:57:00Z  508.477  -65.398  -137.791  7.02076E-16  SWARM-A  3.866  294.535
2023-09-19T12:57:30Z  507.859  -63.513  -137.446  6.98740E-16  SWARM-A  3.897  296.439
2023-09-19T12:58:00Z  507.208  -61.625  -137.158  6.96331E-16  SWARM-A  3.925  298.343
2023-09-19T12:58:30Z  506.525  -59.736  -136.918  6.94550E-16  SWARM-A  3.949  300.247
2023-09-19T12:59:00Z  505.814  -57.845  -136.717  6.93165E-16  SWARM-A  3.971  302.151
2023-09-19T12:59:30Z  505.077  -55.952  -136.549  6.92118E-16  SWARM-A  3.990  304.055
2023-09-19T13:00:00Z  504.316  -54.058  -136.408  6.91521E-16  SWARM-A  4.008  305.959
2023-09-19T13:00:30Z  503.535  -52.163  -136.290  6.91279E-16  SWARM-A  4.024  307.864
2023-09-19T13:01:00Z  502.735  -50.266  -136.192  6.91347E-16  SWARM-A  4.039  309.768
2023-09-19T13:01:30Z  501.920  -48.368  -136.110  6.91942E-16  SWARM-A  4.053  311.673
2023-09-19T13:02:00Z  501.093  -46.468  -136.044  6.93130E-16  SWARM-A  4.066  313.578
2023-09-19T13:02:30Z  500.256  -44.568  -135.990  6.94794E-16  SWARM-A  4.078  315.483
2023-09-19T13:03:00Z  499.413  -42.666  -135.948  6.96932E-16  SWARM-A  4.089  317.388
2023-09-19T13:03:30Z  498.566  -40.763  -135.916  6.99484E-16  SWARM-A  4.099  319.294
2023-09-19T13:04:00Z  497.718  -38.858  -135.892  7.02308E-16  SWARM-A  4.109  321.199
2023-09-19T13:04:30Z  496.873  -36.953  -135.876  7.05406E-16  SWARM-A  4.119  323.105
2023-09-19T13:05:00Z  496.032  -35.046  -135.867  7.08630E-16  SWARM-A  4.128  325.011
2023-09-19T13:05:30Z  495.200  -33.139  -135.864  7.12154E-16  SWARM-A  4.136  326.917
2023-09-19T13:06:00Z  494.378  -31.230  -135.866  7.15885E-16  SWARM-A  4.144  328.823
2023-09-19T13:06:30Z  493.570  -29.321  -135.873  7.19839E-16  SWARM-A  4.152  330.730
2023-09-19T13:07:00Z  492.778  -27.410  -135.885  7.24056E-16  SWARM-A  4.160  332.636
2023-09-19T13:07:30Z  492.005  -25.499  -135.900  7.28474E-16  SWARM-A  4.167  334.543
2023-09-19T13:08:00Z  491.253  -23.587  -135.919  7.33169E-16  SWARM-A  4.174  336.450
2023-09-19T13:08:30Z  490.524  -21.673  -135.941  7.38111E-16  SWARM-A  4.181  338.357
2023-09-19T13:09:00Z  489.821  -19.759  -135.965  7.43284E-16  SWARM-A  4.188  340.265
2023-09-19T13:09:30Z  489.147  -17.845  -135.992  7.48755E-16  SWARM-A  4.194  342.172
2023-09-19T13:10:00Z  488.502  -15.929  -136.021  7.54509E-16  SWARM-A  4.201  344.080
2023-09-19T13:10:30Z  487.889  -14.013  -136.051  7.60502E-16  SWARM-A  4.207  345.988
2023-09-19T13:11:00Z  487.310  -12.097  -136.084  7.66811E-16  SWARM-A  4.213  347.896
2023-09-19T13:11:30Z  486.765  -10.179  -136.117  7.73295E-16  SWARM-A  4.219  349.804
2023-09-19T13:12:00Z  486.258  -8.262  -136.152  7.79984E-16  SWARM-A  4.225  351.713
2023-09-19T13:12:30Z  485.788  -6.344  -136.187  7.86857E-16  SWARM-A  4.231  353.622
2023-09-19T13:13:00Z  485.356  -4.425  -136.223  7.93846E-16  SWARM-A  4.237  355.530
2023-09-19T13:13:30Z  484.964  -2.506  -136.260  8.00941E-16  SWARM-A  4.243  357.440
2023-09-19T13:14:00Z  484.613  -0.587  -136.297  8.08095E-16  SWARM-A  4.249  359.349
2023-09-19T13:14:30Z  484.302  1.332  -136.334  8.15260E-16  SWARM-A  4.255  1.258
2023-09-19T13:15:00Z  484.032  3.252  -136.370  8.21816E-16  SWARM-A  4.261  3.168
2023-09-19T13:15:30Z  483.804  5.171  -136.407  8.28134E-16  SWARM-A  4.267  5.077
2023-09-19T13:16:00Z  483.617  7.091  -136.442  8.34361E-16  SWARM-A  4.273  6.987
2023-09-19T13:16:30Z  483.471  9.010  -136.477  8.40502E-16  SWARM-A  4.279  8.897
2023-09-19T13:17:00Z  483.366  10.930  -136.512  8.46544E-16  SWARM-A  4.285  10.808
2023-09-19T13:17:30Z  483.300  12.849  -136.544  8.52512E-16  SWARM-A  4.291  12.718
2023-09-19T13:18:00Z  483.274  14.768  -136.576  8.58492E-16  SWARM-A  4.297  14.629
2023-09-19T13:18:30Z  483.287  16.686  -136.606  8.64442E-16  SWARM-A  4.303  16.539
2023-09-19T13:19:00Z  483.337  18.605  -136.634  8.70513E-16  SWARM-A  4.310  18.450
2023-09-19T13:19:30Z  483.423  20.523  -136.659  8.76745E-16  SWARM-A  4.316  20.361
2023-09-19T13:20:00Z  483.544  22.440  -136.683  8.83228E-16  SWARM-A  4.323  22.273
2023-09-19T13:20:30Z  483.698  24.357  -136.703  8.90088E-16  SWARM-A  4.330  24.184
2023-09-19T13:21:00Z  483.883  26.274  -136.720  8.97276E-16  SWARM-A  4.337  26.095
2023-09-19T13:21:30Z  484.099  28.190  -136.734  9.04819E-16  SWARM-A  4.345  28.007
2023-09-19T13:22:00Z  484.342  30.105  -136.743  9.12853E-16  SWARM-A  4.353  29.919
2023-09-19T13:22:30Z  484.611  32.020  -136.748  9.21461E-16  SWARM-A  4.361  31.830
2023-09-19T13:23:00Z  484.905  33.934  -136.748  9.30736E-16  SWARM-A  4.369  33.742
2023-09-19T13:23:30Z  485.219  35.847  -136.742  9.40697E-16  SWARM-A  4.378  35.654
2023-09-19T13:24:00Z  485.553  37.759  -136.730  9.51202E-16  SWARM-A  4.387  37.567
2023-09-19T13:24:30Z  485.905  39.671  -136.710  9.62019E-16  SWARM-A  4.396  39.479
2023-09-19T13:25:00Z  486.271  41.582  -136.682  9.73411E-16  SWARM-A  4.407  41.391
2023-09-19T13:25:30Z  486.649  43.491  -136.645  9.85167E-16  SWARM-A  4.417  43.304
2023-09-19T13:26:00Z  487.037  45.400  -136.598  9.97064E-16  SWARM-A  4.429  45.216
2023-09-19T13:26:30Z  487.432  47.308  -136.538  1.00889E-15  SWARM-A  4.441  47.129
2023-09-19T13:27:00Z  487.832  49.215  -136.464  1.02042E-15  SWARM-A  4.454  49.042
2023-09-19T13:27:30Z  488.235  51.120  -136.375  1.03189E-15  SWARM-A  4.469  50.955
2023-09-19T13:28:00Z  488.638  53.025  -136.267  1.04290E-15  SWARM-A  4.484  52.868
2023-09-19T13:28:30Z  489.038  54.929  -136.138  1.05521E-15  SWARM-A  4.501  54.781
2023-09-19T13:29:00Z  489.433  56.831  -135.984  1.06898E-15  SWARM-A  4.520  56.694
2023-09-19T13:29:30Z  489.821  58.732  -135.799  1.08408E-15  SWARM-A  4.540  58.607
2023-09-19T13:30:00Z  490.200  60.631  -135.579  1.10021E-15  SWARM-A  4.563  60.520
2023-09-19T13:30:30Z  490.567  62.529  -135.316  1.11696E-15  SWARM-A  4.589  62.433
2023-09-19T13:31:00Z  490.921  64.425  -135.001  1.13432E-15  SWARM-A  4.619  64.346
2023-09-19T13:31:30Z  491.259  66.318  -134.619  1.15286E-15  SWARM-A  4.652  66.260
2023-09-19T13:32:00Z  491.579  68.210  -134.156  1.17118E-15  SWARM-A  4.692  68.173
2023-09-19T13:32:30Z  491.880  70.098  -133.586  1.18918E-15  SWARM-A  4.738  70.087
2023-09-19T13:33:00Z  492.160  71.983  -132.878  1.20694E-15  SWARM-A  4.794  72.000
2023-09-19T13:33:30Z  492.417  73.863  -131.983  1.22467E-15  SWARM-A  4.862  73.913
2023-09-19T13:34:00Z  492.651  75.736  -130.827  1.24253E-15  SWARM-A  4.947  75.827
2023-09-19T13:34:30Z  492.860  77.601  -129.294  1.26073E-15  SWARM-A  5.058  77.740
2023-09-19T13:35:00Z  493.042  79.451  -127.188  1.27777E-15  SWARM-A  5.206  79.654
2023-09-19T13:35:30Z  493.198  81.279  -124.152  1.29543E-15  SWARM-A  5.417  81.568
2023-09-19T13:36:00Z  493.325  83.067  -119.481  1.31377E-15  SWARM-A  5.737  83.481
2023-09-19T13:36:30Z  493.424  84.774  -111.606  1.33275E-15  SWARM-A  6.270  85.395
2023-09-19T13:37:00Z  493.493  86.288  -96.693  1.35221E-15  SWARM-A  7.273  87.308
2023-09-19T13:37:30Z  493.533  87.264  -67.138  1.37209E-15  SWARM-A  9.251  89.222
2023-09-19T13:38:00Z  493.544  87.100  -27.945  1.39329E-15  SWARM-A  11.872  91.135
2023-09-19T13:38:30Z  493.524  85.930  -2.855  1.41560E-15  SWARM-A  13.553  93.049
2023-09-19T13:39:00Z  493.475  84.347  9.661  1.43765E-15  SWARM-A  14.396  94.963
2023-09-19T13:39:30Z  493.397  82.613  16.476  1.45944E-15  SWARM-A  14.859  96.876
2023-09-19T13:40:00Z  493.291  80.812  20.626  1.48139E-15  SWARM-A  15.144  98.790
2023-09-19T13:40:30Z  493.156  78.977  23.374  1.50363E-15  SWARM-A  15.335  100.703
2023-09-19T13:41:00Z  492.994  77.123  25.307  1.52630E-15  SWARM-A  15.473  102.617
2023-09-19T13:41:30Z  492.806  75.256  26.728  1.54963E-15  SWARM-A  15.576  104.530
2023-09-19T13:42:00Z  492.593  73.381  27.808  1.57376E-15  SWARM-A  15.656  106.443
2023-09-19T13:42:30Z  492.356  71.500  28.650  1.59882E-15  SWARM-A  15.720  108.357
2023-09-19T13:43:00Z  492.096  69.614  29.319  1.62485E-15  SWARM-A  15.773  110.270
2023-09-19T13:43:30Z  491.816  67.725  29.858  1.65177E-15  SWARM-A  15.818  112.183
2023-09-19T13:44:00Z  491.517  65.833  30.299  1.67934E-15  SWARM-A  15.855  114.096
2023-09-19T13:44:30Z  491.200  63.939  30.661  1.70701E-15  SWARM-A  15.888  116.010
2023-09-19T13:45:00Z  490.868  62.043  30.963  1.73403E-15  SWARM-A  15.916  117.923
2023-09-19T13:45:30Z  490.522  60.145  31.214  1.75958E-15  SWARM-A  15.941  119.836
2023-09-19T13:46:00Z  490.164  58.245  31.424  1.78324E-15  SWARM-A  15.964  121.749
2023-09-19T13:46:30Z  489.798  56.344  31.600  1.80437E-15  SWARM-A  15.984  123.661
2023-09-19T13:47:00Z  489.424  54.442  31.747  1.82323E-15  SWARM-A  16.002  125.574
2023-09-19T13:47:30Z  489.046  52.538  31.871  1.84005E-15  SWARM-A  16.019  127.487
2023-09-19T13:48:00Z  488.665  50.634  31.974  1.85512E-15  SWARM-A  16.034  129.399
2023-09-19T13:48:30Z  488.284  48.728  32.059  1.86861E-15  SWARM-A  16.048  131.312
2023-09-19T13:49:00Z  487.906  46.821  32.128  1.88071E-15  SWARM-A  16.061  133.224
2023-09-19T13:49:30Z  487.532  44.914  32.185  1.89159E-15  SWARM-A  16.073  135.137
2023-09-19T13:50:00Z  487.165  43.005  32.230  1.90141E-15  SWARM-A  16.084  137.049
2023-09-19T13:50:30Z  486.809  41.095  32.264  1.91030E-15  SWARM-A  16.095  138.961
2023-09-19T13:51:00Z  486.464  39.185  32.290  1.91842E-15  SWARM-A  16.105  140.873
2023-09-19T13:51:30Z  486.133  37.273  32.307  1.92597E-15  SWARM-A  16.114  142.785
2023-09-19T13:52:00Z  485.819  35.361  32.318  1.93311E-15  SWARM-A  16.123  144.697
2023-09-19T13:52:30Z  485.525  33.448  32.322  1.93993E-15  SWARM-A  16.132  146.609
2023-09-19T13:53:00Z  485.251  31.534  32.321  1.94655E-15  SWARM-A  16.140  148.520
2023-09-19T13:53:30Z  485.001  29.620  32.315  1.95302E-15  SWARM-A  16.148  150.431
2023-09-19T13:54:00Z  484.777  27.705  32.304  1.95937E-15  SWARM-A  16.156  152.343
2023-09-19T13:54:30Z  484.580  25.789  32.290  1.96565E-15  SWARM-A  16.163  154.254
2023-09-19T13:55:00Z  484.412  23.873  32.272  1.97182E-15  SWARM-A  16.170  156.165
2023-09-19T13:55:30Z  484.276  21.956  32.250  1.97782E-15  SWARM-A  16.177  158.076
2023-09-19T13:56:00Z  484.172  20.039  32.226  1.98365E-15  SWARM-A  16.184  159.986
2023-09-19T13:56:30Z  484.102  18.121  32.200  1.98920E-15  SWARM-A  16.191  161.897
2023-09-19T13:57:00Z  484.068  16.203  32.172  1.99435E-15  SWARM-A  16.197  163.807
2023-09-19T13:57:30Z  484.070  14.285  32.141  1.99895E-15  SWARM-A  16.203  165.718
2023-09-19T13:58:00Z  484.110  12.366  32.109  2.00290E-15  SWARM-A  16.210  167.628
2023-09-19T13:58:30Z  484.189  10.447  32.076  2.00601E-15  SWARM-A  16.216  169.538
2023-09-19T13:59:00Z  484.307  8.528  32.042  2.00818E-15  SWARM-A  16.222  171.447
2023-09-19T13:59:30Z  484.465  6.609  32.006  2.00923E-15  SWARM-A  16.228  173.357
2023-09-19T14:00:00Z  484.663  4.690  31.970  2.00906E-15  SWARM-A  16.234  175.267
2023-09-19T14:00:30Z  484.901  2.771  31.934  2.00750E-15  SWARM-A  16.239  177.176
2023-09-19T14:01:00Z  485.180  0.852  31.897  2.00452E-15  SWARM-A  16.245  179.085
2023-09-19T14:01:30Z  485.499  -1.067  31.860  1.99997E-15  SWARM-A  16.251  180.994
2023-09-19T14:02:00Z  485.858  -2.985  31.823  1.99372E-15  SWARM-A  16.257  182.902
2023-09-19T14:02:30Z  486.256  -4.903  31.787  1.98563E-15  SWARM-A  16.263  184.811
2023-09-19T14:03:00Z  486.693  -6.821  31.751  1.97598E-15  SWARM-A  16.269  186.719
2023-09-19T14:03:30Z  487.167  -8.739  31.715  1.96473E-15  SWARM-A  16.275  188.628
2023-09-19T14:04:00Z  487.678  -10.656  31.681  1.95188E-15  SWARM-A  16.281  190.536
2023-09-19T14:04:30Z  488.224  -12.573  31.648  1.93745E-15  SWARM-A  16.287  192.443
2023-09-19T14:05:00Z  488.804  -14.489  31.616  1.92148E-15  SWARM-A  16.293  194.351
2023-09-19T14:05:30Z  489.416  -16.404  31.585  1.90399E-15  SWARM-A  16.300  196.259
2023-09-19T14:06:00Z  490.058  -18.319  31.557  1.88503E-15  SWARM-A  16.306  198.166
2023-09-19T14:06:30Z  490.730  -20.233  31.531  1.86468E-15  SWARM-A  16.313  200.073
2023-09-19T14:07:00Z  491.428  -22.147  31.507  1.84292E-15  SWARM-A  16.319  201.980
2023-09-19T14:07:30Z  492.150  -24.059  31.486  1.81985E-15  SWARM-A  16.326  203.887
2023-09-19T14:08:00Z  492.894  -25.971  31.468  1.79552E-15  SWARM-A  16.333  205.793
2023-09-19T14:08:30Z  493.658  -27.882  31.453  1.77009E-15  SWARM-A  16.341  207.700
2023-09-19T14:09:00Z  494.440  -29.792  31.443  1.74275E-15  SWARM-A  16.348  209.606
2023-09-19T14:09:30Z  495.236  -31.701  31.437  1.71339E-15  SWARM-A  16.356  211.512
2023-09-19T14:10:00Z  496.044  -33.609  31.435  1.68319E-15  SWARM-A  16.365  213.418
2023-09-19T14:10:30Z  496.861  -35.516  31.440  1.65225E-15  SWARM-A  16.373  215.323
2023-09-19T14:11:00Z  497.685  -37.421  31.450  1.62066E-15  SWARM-A  16.382  217.229
2023-09-19T14:11:30Z  498.512  -39.326  31.468  1.58859E-15  SWARM-A  16.392  219.134
2023-09-19T14:12:00Z  499.340  -41.230  31.494  1.55611E-15  SWARM-A  16.402  221.039
2023-09-19T14:12:30Z  500.166  -43.132  31.528  1.52343E-15  SWARM-A  16.412  222.944
2023-09-19T14:13:00Z  500.987  -45.034  31.573  1.49070E-15  SWARM-A  16.424  224.849
2023-09-19T14:13:30Z  501.800  -46.934  31.629  1.45815E-15  SWARM-A  16.436  226.754
2023-09-19T14:14:00Z  502.602  -48.833  31.699  1.42770E-15  SWARM-A  16.449  228.659
2023-09-19T14:14:30Z  503.391  -50.730  31.784  1.39785E-15  SWARM-A  16.463  230.563
2023-09-19T14:15:00Z  504.162  -52.627  31.887  1.36878E-15  SWARM-A  16.478  232.468
2023-09-19T14:15:30Z  504.915  -54.522  32.010  1.34070E-15  SWARM-A  16.495  234.372
2023-09-19T14:16:00Z  505.645  -56.415  32.157  1.31371E-15  SWARM-A  16.513  236.276
2023-09-19T14:16:30Z  506.351  -58.307  32.333  1.28784E-15  SWARM-A  16.533  238.180
2023-09-19T14:17:00Z  507.029  -60.198  32.542  1.26302E-15  SWARM-A  16.555  240.084
2023-09-19T14:17:30Z  507.678  -62.086  32.793  1.23894E-15  SWARM-A  16.580  241.987
2023-09-19T14:18:00Z  508.295  -63.973  33.093  1.21358E-15  SWARM-A  16.608  243.891
2023-09-19T14:18:30Z  508.877  -65.858  33.454  1.18832E-15  SWARM-A  16.641  245.795
2023-09-19T14:19:00Z  509.422  -67.740  33.893  1.16230E-15  SWARM-A  16.678  247.698
2023-09-19T14:19:30Z  509.930  -69.620  34.429  1.13583E-15  SWARM-A  16.723  249.601
2023-09-19T14:20:00Z  510.396  -71.495  35.094  1.10873E-15  SWARM-A  16.775  251.505
2023-09-19T14:20:30Z  510.821  -73.367  35.929  1.08104E-15  SWARM-A  16.839  253.408
2023-09-19T14:21:00Z  511.202  -75.232  36.999  1.05296E-15  SWARM-A  16.919  255.311
2023-09-19T14:21:30Z  511.537  -77.089  38.405  1.02443E-15  SWARM-A  17.021  257.214
2023-09-19T14:22:00Z  511.827  -78.934  40.314  9.96009E-16  SWARM-A  17.157  259.117
2023-09-19T14:22:30Z  512.068  -80.759  43.019  9.68001E-16  SWARM-A  17.345  261.020
2023-09-19T14:23:00Z  512.261  -82.552  47.085  9.40779E-16  SWARM-A  17.625  262.923
2023-09-19T14:23:30Z  512.406  -84.280  53.723  9.14394E-16  SWARM-A  18.076  264.826
2023-09-19T14:24:00Z  512.500  -85.864  65.816  8.88920E-16  SWARM-A  18.890  266.729
2023-09-19T14:24:30Z  512.544  -87.059  89.965  8.64152E-16  SWARM-A  20.508  268.632
2023-09-19T14:25:00Z  512.538  -87.291  128.693  8.40128E-16  SWARM-A  23.099  270.535
2023-09-19T14:25:30Z  512.482  -86.370  159.122  8.17668E-16  SWARM-A  1.135  272.438
2023-09-19T14:26:00Z  512.376  -84.885  174.632  7.96341E-16  SWARM-A  2.178  274.341
2023-09-19T14:26:30Z  512.220  -83.195  -177.213  7.75664E-16  SWARM-A  2.730  276.245
2023-09-19T14:27:00Z  512.015  -81.421  -172.400  7.55439E-16  SWARM-A  3.059  278.148
2023-09-19T14:27:30Z  511.761  -79.606  -169.284  7.35628E-16  SWARM-A  3.275  280.051
2023-09-19T14:28:00Z  511.460  -77.767  -167.127  7.16305E-16  SWARM-A  3.427  281.954
2023-09-19T14:28:30Z  511.113  -75.913  -165.561  6.97448E-16  SWARM-A  3.540  283.857
2023-09-19T14:29:00Z  510.720  -74.051  -164.382  6.79362E-16  SWARM-A  3.627  285.760
2023-09-19T14:29:30Z  510.284  -72.181  -163.470  6.62652E-16  SWARM-A  3.696  287.664
2023-09-19T14:30:00Z  509.805  -70.307  -162.748  6.47623E-16  SWARM-A  3.752  289.567
2023-09-19T14:30:30Z  509.286  -68.429  -162.169  6.34598E-16  SWARM-A  3.799  291.471
2023-09-19T14:31:00Z  508.728  -66.547  -161.698  6.23531E-16  SWARM-A  3.839  293.374
2023-09-19T14:31:30Z  508.133  -64.663  -161.310  6.14673E-16  SWARM-A  3.873  295.278
2023-09-19T14:32:00Z  507.504  -62.777  -160.989  6.08225E-16  SWARM-A  3.903  297.182
2023-09-19T14:32:30Z  506.842  -60.888  -160.722  6.03911E-16  SWARM-A  3.929  299.086
2023-09-19T14:33:00Z  506.150  -58.998  -160.498  6.01394E-16  SWARM-A  3.953  300.990
2023-09-19T14:33:30Z  505.431  -57.107  -160.310  6.00341E-16  SWARM-A  3.973  302.894
2023-09-19T14:34:00Z  504.686  -55.213  -160.153  6.00309E-16  SWARM-A  3.992  304.798
2023-09-19T14:34:30Z  503.920  -53.319  -160.022  6.00957E-16  SWARM-A  4.009  306.703
2023-09-19T14:35:00Z  503.133  -51.423  -159.912  6.02147E-16  SWARM-A  4.025  308.607
2023-09-19T14:35:30Z  502.330  -49.525  -159.821  6.03805E-16  SWARM-A  4.039  310.512
2023-09-19T14:36:00Z  501.513  -47.626  -159.746  6.05715E-16  SWARM-A  4.053  312.417
2023-09-19T14:36:30Z  500.684  -45.726  -159.685  6.08307E-16  SWARM-A  4.065  314.322
2023-09-19T14:37:00Z  499.847  -43.825  -159.636  6.11641E-16  SWARM-A  4.077  316.227
2023-09-19T14:37:30Z  499.005  -41.923  -159.598  6.15699E-16  SWARM-A  4.088  318.132
2023-09-19T14:38:00Z  498.160  -40.019  -159.569  6.20403E-16  SWARM-A  4.098  320.038
2023-09-19T14:38:30Z  497.316  -38.114  -159.548  6.25658E-16  SWARM-A  4.108  321.943
2023-09-19T14:39:00Z  496.475  -36.209  -159.535  6.31463E-16  SWARM-A  4.117  323.849
2023-09-19T14:39:30Z  495.641  -34.302  -159.529  6.37717E-16  SWARM-A  4.125  325.755
2023-09-19T14:40:00Z  494.815  -32.394  -159.528  6.44258E-16  SWARM-A  4.134  327.661
2023-09-19T14:40:30Z  494.002  -30.485  -159.532  6.51221E-16  SWARM-A  4.142  329.568
2023-09-19T14:41:00Z  493.203  -28.575  -159.541  6.58514E-16  SWARM-A  4.150  331.474
2023-09-19T14:41:30Z  492.421  -26.664  -159.554  6.66175E-16  SWARM-A  4.157  333.381
2023-09-19T14:42:00Z  491.658  -24.752  -159.571  6.74168E-16  SWARM-A  4.164  335.288
2023-09-19T14:42:30Z  490.918  -22.839  -159.591  6.82454E-16  SWARM-A  4.171  337.195
2023-09-19T14:43:00Z  490.203  -20.926  -159.614  6.91064E-16  SWARM-A  4.178  339.102
2023-09-19T14:43:30Z  489.514  -19.012  -159.639  6.99987E-16  SWARM-A  4.185  341.010
2023-09-19T14:44:00Z  488.854  -17.097  -159.667  7.09179E-16  SWARM-A  4.191  342.918
2023-09-19T14:44:30Z  488.224  -15.181  -159.697  7.18606E-16  SWARM-A  4.198  344.825
2023-09-19T14:45:00Z  487.627  -13.264  -159.728  7.28215E-16  SWARM-A  4.204  346.733
2023-09-19T14:45:30Z  487.065  -11.348  -159.761  7.37983E-16  SWARM-A  4.210  348.642
2023-09-19T14:46:00Z  486.538  -9.430  -159.795  7.47812E-16  SWARM-A  4.216  350.550
2023-09-19T14:46:30Z  486.047  -7.512  -159.830  7.57705E-16  SWARM-A  4.222  352.459
2023-09-19T14:47:00Z  485.595  -5.594  -159.866  7.67608E-16  SWARM-A  4.228  354.367
2023-09-19T14:47:30Z  485.183  -3.675  -159.902  7.77501E-16  SWARM-A  4.234  356.276
2023-09-19T14:48:00Z  484.809  -1.756  -159.939  7.87234E-16  SWARM-A  4.240  358.185
2023-09-19T14:48:30Z  484.477  0.163  -159.976  7.96752E-16  SWARM-A  4.246  0.095
2023-09-19T14:49:00Z  484.185  2.082  -160.012  8.06033E-16  SWARM-A  4.252  2.004
2023-09-19T14:49:30Z  483.935  4.002  -160.049  8.15061E-16  SWARM-A  4.257  3.914
2023-09-19T14:50:00Z  483.725  5.921  -160.085  8.23740E-16  SWARM-A  4.263  5.824
2023-09-19T14:50:30Z  483.557  7.841  -160.121  8.32098E-16  SWARM-A  4.269  7.734
2023-09-19T14:51:00Z  483.430  9.760  -160.156  8.40036E-16  SWARM-A  4.275  9.644
2023-09-19T14:51:30Z  483.343  11.680  -160.189  8.47582E-16  SWARM-A  4.281  11.554
2023-09-19T14:52:00Z  483.296  13.599  -160.222  8.54799E-16  SWARM-A  4.288  13.465
2023-09-19T14:52:30Z  483.287  15.518  -160.253  8.61678E-16  SWARM-A  4.294  15.375
2023-09-19T14:53:00Z  483.317  17.436  -160.282  8.68164E-16  SWARM-A  4.300  17.286
2023-09-19T14:53:30Z  483.383  19.354  -160.309  8.74425E-16  SWARM-A  4.307  19.197
2023-09-19T14:54:00Z  483.485  21.272  -160.334  8.80418E-16  SWARM-A  4.314  21.108
2023-09-19T14:54:30Z  483.621  23.190  -160.356  8.86244E-16  SWARM-A  4.320  23.019
2023-09-19T14:55:00Z  483.790  25.106  -160.375  8.91886E-16  SWARM-A  4.327  24.931
2023-09-19T14:55:30Z  483.989  27.023  -160.391  8.97455E-16  SWARM-A  4.335  26.842
2023-09-19T14:56:00Z  484.217  28.938  -160.403  9.02962E-16  SWARM-A  4.342  28.754
2023-09-19T14:56:30Z  484.472  30.853  -160.411  9.08635E-16  SWARM-A  4.350  30.665
2023-09-19T14:57:00Z  484.753  32.768  -160.414  9.14528E-16  SWARM-A  4.358  32.577
2023-09-19T14:57:30Z  485.056  34.681  -160.412  9.20758E-16  SWARM-A  4.367  34.489
2023-09-19T14:58:00Z  485.379  36.594  -160.404  9.27010E-16  SWARM-A  4.376  36.401
2023-09-19T14:58:30Z  485.722  38.506  -160.389  9.33023E-16  SWARM-A  4.385  38.314
2023-09-19T14:59:00Z  486.080  40.417  -160.366  9.39616E-16  SWARM-A  4.395  40.226
2023-09-19T14:59:30Z  486.452  42.328  -160.335  9.46833E-16  SWARM-A  4.405  42.138
2023-09-19T15:00:00Z  486.835  44.237  -160.294  9.54472E-16  SWARM-A  4.416  44.051
2023-09-19T15:00:30Z  487.226  46.146  -160.242  9.62758E-16  SWARM-A  4.428  45.963
2023-09-19T15:01:00Z  487.625  48.053  -160.177  9.71539E-16  SWARM-A  4.441  47.876
2023-09-19T15:01:30Z  488.026  49.959  -160.098  9.80352E-16  SWARM-A  4.454  49.789
2023-09-19T15:02:00Z  488.430  51.865  -160.002  9.88865E-16  SWARM-A  4.469  51.702
2023-09-19T15:02:30Z  488.832  53.769  -159.886  9.97413E-16  SWARM-A  4.485  53.615
2023-09-19T15:03:00Z  489.230  55.672  -159.748  1.00633E-15  SWARM-A  4.503  55.528
2023-09-19T15:03:30Z  489.623  57.573  -159.582  1.01543E-15  SWARM-A  4.522  57.441
2023-09-19T15:04:00Z  490.007  59.474  -159.385  1.02581E-15  SWARM-A  4.543  59.354
2023-09-19T15:04:30Z  490.381  61.372  -159.149  1.03765E-15  SWARM-A  4.568  61.267
2023-09-19T15:05:00Z  490.743  63.269  -158.867  1.05085E-15  SWARM-A  4.595  63.180
2023-09-19T15:05:30Z  491.090  65.165  -158.528  1.06486E-15  SWARM-A  4.626  65.094
2023-09-19T15:06:00Z  491.421  67.058  -158.117  1.07738E-15  SWARM-A  4.661  67.007
2023-09-19T15:06:30Z  491.733  68.948  -157.616  1.09031E-15  SWARM-A  4.703  68.920
2023-09-19T15:07:00Z  492.025  70.835  -156.997  1.10342E-15  SWARM-A  4.753  70.834
2023-09-19T15:07:30Z  492.296  72.718  -156.223  1.11662E-15  SWARM-A  4.813  72.747
2023-09-19T15:08:00Z  492.544  74.596  -155.237  1.13070E-15  SWARM-A  4.887  74.661
2023-09-19T15:08:30Z  492.767  76.466  -153.952  1.14658E-15  SWARM-A  4.981  76.574
2023-09-19T15:09:00Z  492.965  78.325  -152.225  1.16295E-15  SWARM-A  5.104  78.488
2023-09-19T15:09:30Z  493.136  80.168  -149.813  1.18008E-15  SWARM-A  5.273  80.401
2023-09-19T15:10:00Z  493.279  81.984  -146.255  1.19812E-15  SWARM-A  5.519  82.315
2023-09-19T15:10:30Z  493.394  83.747  -140.601  1.21611E-15  SWARM-A  5.904  84.228
2023-09-19T15:11:00Z  493.480  85.400  -130.642  1.23362E-15  SWARM-A  6.576  86.142
2023-09-19T15:11:30Z  493.537  86.766  -111.007  1.25209E-15  SWARM-A  7.894  88.055
2023-09-19T15:12:00Z  493.564  87.358  -75.099  1.27186E-15  SWARM-A  10.296  89.969
2023-09-19T15:12:30Z  493.562  86.724  -39.723  1.29386E-15  SWARM-A  12.663  91.882
2023-09-19T15:13:00Z  493.529  85.341  -20.609  1.31695E-15  SWARM-A  13.945  93.796
2023-09-19T15:13:30Z  493.468  83.682  -10.883  1.34014E-15  SWARM-A  14.602  95.709
2023-09-19T15:14:00Z  493.377  81.916  -5.336  1.36416E-15  SWARM-A  14.980  97.623
2023-09-19T15:14:30Z  493.258  80.099  -1.834  1.38912E-15  SWARM-A  15.222  99.536
2023-09-19T15:15:00Z  493.111  78.255  0.546  1.41511E-15  SWARM-A  15.389  101.450
2023-09-19T15:15:30Z  492.937  76.395  2.252  1.44216E-15  SWARM-A  15.511  103.363
2023-09-19T15:16:00Z  492.737  74.525  3.524  1.47041E-15  SWARM-A  15.604  105.277
2023-09-19T15:16:30Z  492.512  72.647  4.500  1.49983E-15  SWARM-A  15.678  107.190
2023-09-19T15:17:00Z  492.265  70.764  5.268  1.53025E-15  SWARM-A  15.737  109.103
2023-09-19T15:17:30Z  491.995  68.877  5.881  1.56106E-15  SWARM-A  15.786  111.017
2023-09-19T15:18:00Z  491.705  66.987  6.379  1.59255E-15  SWARM-A  15.828  112.930
2023-09-19T15:18:30Z  491.396  65.094  6.786  1.62410E-15  SWARM-A  15.863  114.843
2023-09-19T15:19:00Z  491.070  63.199  7.123  1.65531E-15  SWARM-A  15.894  116.756
2023-09-19T15:19:30Z  490.730  61.302  7.404  1.68531E-15  SWARM-A  15.921  118.669
2023-09-19T15:20:00Z  490.377  59.403  7.638  1.71337E-15  SWARM-A  15.945  120.582
2023-09-19T15:20:30Z  490.013  57.503  7.834  1.74011E-15  SWARM-A  15.966  122.495
2023-09-19T15:21:00Z  489.640  55.602  7.998  1.76534E-15  SWARM-A  15.986  124.408
2023-09-19T15:21:30Z  489.262  53.699  8.135  1.78897E-15  SWARM-A  16.003  126.321
2023-09-19T15:22:00Z  488.879  51.795  8.250  1.81092E-15  SWARM-A  16.019  128.233
2023-09-19T15:22:30Z  488.495  49.890  8.346  1.83105E-15  SWARM-A  16.034  130.146
2023-09-19T15:23:00Z  488.112  47.984  8.424  1.84956E-15  SWARM-A  16.048  132.059
2023-09-19T15:23:30Z  487.732  46.077  8.488  1.86655E-15  SWARM-A  16.060  133.971
2023-09-19T15:24:00Z  487.358  44.169  8.540  1.88213E-15  SWARM-A  16.072  135.883
2023-09-19T15:24:30Z  486.992  42.259  8.581  1.89647E-15  SWARM-A  16.083  137.795
2023-09-19T15:25:00Z  486.637  40.349  8.611  1.90972E-15  SWARM-A  16.093  139.708
2023-09-19T15:25:30Z  486.294  38.438  8.634  1.92205E-15  SWARM-A  16.103  141.620
2023-09-19T15:26:00Z  485.967  36.527  8.648  1.93357E-15  SWARM-A  16.112  143.531
2023-09-19T15:26:30Z  485.658  34.614  8.656  1.94455E-15  SWARM-A  16.121  145.443
2023-09-19T15:27:00Z  485.368  32.701  8.659  1.95507E-15  SWARM-A  16.130  147.355
2023-09-19T15:27:30Z  485.101  30.787  8.655  1.96529E-15  SWARM-A  16.138  149.266
2023-09-19T15:28:00Z  484.858  28.872  8.647  1.97522E-15  SWARM-A  16.146  151.178
2023-09-19T15:28:30Z  484.642  26.957  8.635  1.98488E-15  SWARM-A  16.153  153.089
2023-09-19T15:29:00Z  484.453  25.041  8.619  1.99434E-15  SWARM-A  16.161  155.000
2023-09-19T15:29:30Z  484.295  23.124  8.600  2.00353E-15  SWARM-A  16.168  156.911
2023-09-19T15:30:00Z  484.169  21.207  8.577  2.01243E-15  SWARM-A  16.174  158.822
2023-09-19T15:30:30Z  484.076  19.290  8.552  2.02088E-15  SWARM-A  16.181  160.733
2023-09-19T15:31:00Z  484.017  17.372  8.525  2.02882E-15  SWARM-A  16.188  162.643
2023-09-19T15:31:30Z  483.995  15.454  8.496  2.03618E-15  SWARM-A  16.194  164.554
2023-09-19T15:32:00Z  484.010  13.535  8.465  2.04274E-15  SWARM-A  16.200  166.464
2023-09-19T15:32:30Z  484.063  11.616  8.432  2.04837E-15  SWARM-A  16.206  168.374
2023-09-19T15:33:00Z  484.154  9.698  8.398  2.05299E-15  SWARM-A  16.213  170.284
2023-09-19T15:33:30Z  484.286  7.779  8.364  2.05639E-15  SWARM-A  16.219  172.194
2023-09-19T15:34:00Z  484.457  5.859  8.328  2.05851E-15  SWARM-A  16.224  174.103
2023-09-19T15:34:30Z  484.669  3.940  8.292  2.05918E-15  SWARM-A  16.230  176.013
2023-09-19T15:35:00Z  484.921  2.021  8.255  2.05826E-15  SWARM-A  16.236  177.922
2023-09-19T15:35:30Z  485.214  0.102  8.218  2.05576E-15  SWARM-A  16.242  179.831
2023-09-19T15:36:00Z  485.546  -1.816  8.181  2.05163E-15  SWARM-A  16.248  181.740
2023-09-19T15:36:30Z  485.919  -3.735  8.144  2.04582E-15  SWARM-A  16.254  183.648
2023-09-19T15:37:00Z  486.330  -5.653  8.108  2.03830E-15  SWARM-A  16.260  185.557
2023-09-19T15:37:30Z  486.780  -7.571  8.072  2.02886E-15  SWARM-A  16.266  187.465
2023-09-19T15:38:00Z  487.266  -9.489  8.037  2.01666E-15  SWARM-A  16.272  189.374
2023-09-19T15:38:30Z  487.789  -11.406  8.003  2.00274E-15  SWARM-A  16.278  191.282
2023-09-19T15:39:00Z  488.347  -13.322  7.970  1.98707E-15  SWARM-A  16.284  193.189
2023-09-19T15:39:30Z  488.938  -15.238  7.939  1.96967E-15  SWARM-A  16.290  195.097
2023-09-19T15:40:00Z  489.561  -17.153  7.909  1.95058E-15  SWARM-A  16.297  197.004
2023-09-19T15:40:30Z  490.214  -19.068  7.882  1.92985E-15  SWARM-A  16.303  198.912
2023-09-19T15:41:00Z  490.894  -20.982  7.856  1.90754E-15  SWARM-A  16.310  200.819
2023-09-19T15:41:30Z  491.600  -22.895  7.833  1.88366E-15  SWARM-A  16.317  202.726
2023-09-19T15:42:00Z  492.330  -24.807  7.813  1.85840E-15  SWARM-A  16.324  204.632
2023-09-19T15:42:30Z  493.081  -26.719  7.797  1.83178E-15  SWARM-A  16.331  206.539
2023-09-19T15:43:00Z  493.851  -28.629  7.784  1.80386E-15  SWARM-A  16.338  208.445
2023-09-19T15:43:30Z  494.638  -30.539  7.775  1.77475E-15  SWARM-A  16.346  210.352
2023-09-19T15:44:00Z  495.438  -32.448  7.770  1.74458E-15  SWARM-A  16.354  212.258
2023-09-19T15:44:30Z  496.249  -34.355  7.771  1.71349E-15  SWARM-A  16.362  214.163
2023-09-19T15:45:00Z  497.069  -36.262  7.778  1.68093E-15  SWARM-A  16.371  216.069
2023-09-19T15:45:30Z  497.894  -38.167  7.791  1.64747E-15  SWARM-A  16.380  217.975
2023-09-19T15:46:00Z  498.722  -40.072  7.812  1.61358E-15  SWARM-A  16.390  219.880
2023-09-19T15:46:30Z  499.549  -41.975  7.841  1.57940E-15  SWARM-A  16.400  221.785
2023-09-19T15:47:00Z  500.373  -43.877  7.879  1.54512E-15  SWARM-A  16.411  223.690
2023-09-19T15:47:30Z  501.192  -45.778  7.928  1.50988E-15  SWARM-A  16.423  225.595
2023-09-19T15:48:00Z  502.001  -47.678  7.990  1.47267E-15  SWARM-A  16.435  227.500
2023-09-19T15:48:30Z  502.799  -49.576  8.065  1.43595E-15  SWARM-A  16.449  229.405
2023-09-19T15:49:00Z  503.582  -51.473  8.156  1.39991E-15  SWARM-A  16.463  231.309
2023-09-19T15:49:30Z  504.347  -53.369  8.267  1.36470E-15  SWARM-A  16.479  233.213
2023-09-19T15:50:00Z  505.092  -55.264  8.399  1.33165E-15  SWARM-A  16.496  235.118
2023-09-19T15:50:30Z  505.814  -57.157  8.557  1.30137E-15  SWARM-A  16.515  237.022
2023-09-19T15:51:00Z  506.511  -59.048  8.745  1.27229E-15  SWARM-A  16.536  238.926
2023-09-19T15:51:30Z  507.179  -60.938  8.969  1.24448E-15  SWARM-A  16.559  240.829
2023-09-19T15:52:00Z  507.817  -62.826  9.238  1.21800E-15  SWARM-A  16.585  242.733
2023-09-19T15:52:30Z  508.423  -64.712  9.560  1.19057E-15  SWARM-A  16.615  244.637
2023-09-19T15:53:00Z  508.993  -66.596  9.950  1.16350E-15  SWARM-A  16.649  246.540
2023-09-19T15:53:30Z  509.525  -68.477  10.423  1.13736E-15  SWARM-A  16.689  248.444
2023-09-19T15:54:00Z  510.019  -70.355  11.006  1.11175E-15  SWARM-A  16.736  250.347
2023-09-19T15:54:30Z  510.472  -72.230  11.731  1.08609E-15  SWARM-A  16.793  252.251
2023-09-19T15:55:00Z  510.881  -74.099  12.648  1.05965E-15  SWARM-A  16.863  254.154
2023-09-19T15:55:30Z  511.247  -75.961  13.835  1.03241E-15  SWARM-A  16.950  256.057
2023-09-19T15:56:00Z  511.567  -77.814  15.413  1.00433E-15  SWARM-A  17.064  257.960
2023-09-19T15:56:30Z  511.840  -79.653  17.588  9.75826E-16  SWARM-A  17.217  259.863
2023-09-19T15:57:00Z  512.066  -81.468  20.735  9.47042E-16  SWARM-A  17.435  261.767
2023-09-19T15:57:30Z  512.243  -83.240  25.607  9.18483E-16  SWARM-A  17.768  263.670
2023-09-19T15:58:00Z  512.370  -84.927  33.884  8.90343E-16  SWARM-A  18.328  265.573
2023-09-19T15:58:30Z  512.448  -86.404  49.672  8.63106E-16  SWARM-A  19.389  267.476
2023-09-19T15:59:00Z  512.476  -87.302  80.549  8.36777E-16  SWARM-A  21.456  269.379
2023-09-19T15:59:30Z  512.453  -87.038  119.127  8.11394E-16  SWARM-A  0.036  271.282
2023-09-19T16:00:00Z  512.381  -85.827  142.859  7.88606E-16  SWARM-A  1.627  273.185
2023-09-19T16:00:30Z  512.258  -84.237  154.748  7.69606E-16  SWARM-A  2.428  275.088
2023-09-19T16:01:00Z  512.086  -82.506  161.293  7.52765E-16  SWARM-A  2.872  276.991
2023-09-19T16:01:30Z  511.865  -80.713  165.312  7.37081E-16  SWARM-A  3.149  278.894
2023-09-19T16:02:00Z  511.596  -78.886  167.990  7.22214E-16  SWARM-A  3.335  280.797
2023-09-19T16:02:30Z  511.280  -77.041  169.883  7.07906E-16  SWARM-A  3.470  282.700
2023-09-19T16:03:00Z  510.918  -75.184  171.278  6.93889E-16  SWARM-A  3.571  284.604
2023-09-19T16:03:30Z  510.511  -73.318  172.341  6.80038E-16  SWARM-A  3.650  286.507
2023-09-19T16:04:00Z  510.062  -71.446  173.171  6.66371E-16  SWARM-A  3.714  288.410
2023-09-19T16:04:30Z  509.570  -69.570  173.831  6.53079E-16  SWARM-A  3.766  290.314
2023-09-19T16:05:00Z  509.039  -67.691  174.365  6.40416E-16  SWARM-A  3.810  292.218
2023-09-19T16:05:30Z  508.470  -65.808  174.800  6.28655E-16  SWARM-A  3.848  294.121
2023-09-19T16:06:00Z  507.865  -63.923  175.160  6.18135E-16  SWARM-A  3.880  296.025
2023-09-19T16:06:30Z  507.226  -62.036  175.459  6.08884E-16  SWARM-A  3.908  297.929
2023-09-19T16:07:00Z  506.556  -60.147  175.708  6.01418E-16  SWARM-A  3.933  299.833
2023-09-19T16:07:30Z  505.856  -58.256  175.916  5.95863E-16  SWARM-A  3.956  301.737
2023-09-19T16:08:00Z  505.131  -56.364  176.091  5.92274E-16  SWARM-A  3.975  303.641
2023-09-19T16:08:30Z  504.381  -54.470  176.237  5.90404E-16  SWARM-A  3.994  305.545
2023-09-19T16:09:00Z  503.610  -52.575  176.360  5.89896E-16  SWARM-A  4.010  307.450
2023-09-19T16:09:30Z  502.820  -50.678  176.462  5.90247E-16  SWARM-A  4.025  309.355
2023-09-19T16:10:00Z  502.015  -48.780  176.547  5.91024E-16  SWARM-A  4.039  311.259
2023-09-19T16:10:30Z  501.196  -46.881  176.616  5.91927E-16  SWARM-A  4.052  313.164
2023-09-19T16:11:00Z  500.368  -44.981  176.672  5.92548E-16  SWARM-A  4.064  315.069
2023-09-19T16:11:30Z  499.532  -43.079  176.716  5.93242E-16  SWARM-A  4.076  316.974
2023-09-19T16:12:00Z  498.692  -41.176  176.751  5.94276E-16  SWARM-A  4.086  318.880
2023-09-19T16:12:30Z  497.851  -39.272  176.776  5.95755E-16  SWARM-A  4.096  320.785
2023-09-19T16:13:00Z  497.011  -37.367  176.793  5.97736E-16  SWARM-A  4.106  322.691
2023-09-19T16:13:30Z  496.176  -35.460  176.804  6.00262E-16  SWARM-A  4.115  324.597
2023-09-19T16:14:00Z  495.347  -33.553  176.808  6.03249E-16  SWARM-A  4.123  326.503
2023-09-19T16:14:30Z  494.529  -31.645  176.807  6.06732E-16  SWARM-A  4.132  328.409
2023-09-19T16:15:00Z  493.724  -29.735  176.800  6.10639E-16  SWARM-A  4.139  330.316
2023-09-19T16:15:30Z  492.934  -27.825  176.790  6.14967E-16  SWARM-A  4.147  332.222
2023-09-19T16:16:00Z  492.161  -25.914  176.775  6.19981E-16  SWARM-A  4.154  334.129
2023-09-19T16:16:30Z  491.410  -24.002  176.757  6.25354E-16  SWARM-A  4.162  336.036
2023-09-19T16:17:00Z  490.681  -22.089  176.736  6.31216E-16  SWARM-A  4.169  337.943
2023-09-19T16:17:30Z  489.978  -20.175  176.712  6.37608E-16  SWARM-A  4.175  339.851
2023-09-19T16:18:00Z  489.301  -18.260  176.685  6.44539E-16  SWARM-A  4.182  341.758
2023-09-19T16:18:30Z  488.655  -16.345  176.657  6.52005E-16  SWARM-A  4.188  343.666
2023-09-19T16:19:00Z  488.039  -14.429  176.627  6.59998E-16  SWARM-A  4.195  345.574
2023-09-19T16:19:30Z  487.456  -12.513  176.595  6.68491E-16  SWARM-A  4.201  347.482
2023-09-19T16:20:00Z  486.908  -10.595  176.561  6.77333E-16  SWARM-A  4.207  349.390
2023-09-19T16:20:30Z  486.396  -8.678  176.527  6.86392E-16  SWARM-A  4.213  351.299
2023-09-19T16:21:00Z  485.921  -6.760  176.491  6.95838E-16  SWARM-A  4.219  353.207
2023-09-19T16:21:30Z  485.485  -4.841  176.455  7.05634E-16  SWARM-A  4.225  355.116
2023-09-19T16:22:00Z  485.088  -2.923  176.419  7.15724E-16  SWARM-A  4.231  357.025
2023-09-19T16:22:30Z  484.731  -1.004  176.382  7.26091E-16  SWARM-A  4.237  358.934
2023-09-19T16:23:00Z  484.415  0.916  176.345  7.36663E-16  SWARM-A  4.242  0.843
2023-09-19T16:23:30Z  484.140  2.835  176.308  7.47393E-16  SWARM-A  4.248  2.753
2023-09-19T16:24:00Z  483.906  4.754  176.272  7.58280E-16  SWARM-A  4.254  4.663
2023-09-19T16:24:30Z  483.713  6.674  176.236  7.69282E-16  SWARM-A  4.260  6.573
2023-09-19T16:25:00Z  483.561  8.593  176.200  7.80334E-16  SWARM-A  4.266  8.483
2023-09-19T16:25:30Z  483.450  10.513  176.166  7.91063E-16  SWARM-A  4.272  10.393
2023-09-19T16:26:00Z  483.379  12.432  176.133  8.01674E-16  SWARM-A  4.278  12.303
2023-09-19T16:26:30Z  483.347  14.351  176.101  8.12388E-16  SWARM-A  4.285  14.214
2023-09-19T16:27:00Z  483.354  16.270  176.070  8.23120E-16  SWARM-A  4.291  16.124
2023-09-19T16:27:30Z  483.399  18.188  176.042  8.33931E-16  SWARM-A  4.297  18.035
2023-09-19T16:28:00Z  483.479  20.106  176.016  8.44882E-16  SWARM-A  4.304  19.946
2023-09-19T16:28:30Z  483.595  22.024  175.992  8.55892E-16  SWARM-A  4.311  21.857
2023-09-19T16:29:00Z  483.744  23.941  175.971  8.67006E-16  SWARM-A  4.318  23.768
2023-09-19T16:29:30Z  483.924  25.858  175.953  8.78284E-16  SWARM-A  4.325  25.680
2023-09-19T16:30:00Z  484.135  27.774  175.938  8.89629E-16  SWARM-A  4.332  27.591
2023-09-19T16:30:30Z  484.374  29.689  175.928  9.01128E-16  SWARM-A  4.340  29.503
2023-09-19T16:31:00Z  484.640  31.604  175.922  9.12617E-16  SWARM-A  4.348  31.415
2023-09-19T16:31:30Z  484.929  33.518  175.920  9.24131E-16  SWARM-A  4.356  33.326
2023-09-19T16:32:00Z  485.241  35.431  175.925  9.35766E-16  SWARM-A  4.365  35.238
2023-09-19T16:32:30Z  485.572  37.344  175.936  9.47478E-16  SWARM-A  4.374  37.151
2023-09-19T16:33:00Z  485.920  39.255  175.953  9.59286E-16  SWARM-A  4.383  39.063
2023-09-19T16:33:30Z  486.284  41.166  175.979  9.71226E-16  SWARM-A  4.393  40.975
2023-09-19T16:34:00Z  486.660  43.076  176.014  9.83246E-16  SWARM-A  4.404  42.888
2023-09-19T16:34:30Z  487.047  44.985  176.059  9.95377E-16  SWARM-A  4.415  44.800
2023-09-19T16:35:00Z  487.441  46.893  176.116  1.00762E-15  SWARM-A  4.427  46.713
2023-09-19T16:35:30Z  487.840  48.800  176.186  1.02026E-15  SWARM-A  4.440  48.625
2023-09-19T16:36:00Z  488.243  50.706  176.272  1.03277E-15  SWARM-A  4.454  50.538
2023-09-19T16:36:30Z  488.645  52.611  176.375  1.04487E-15  SWARM-A  4.470  52.451
2023-09-19T16:37:00Z  489.046  54.514  176.499  1.05618E-15  SWARM-A  4.486  54.364
2023-09-19T16:37:30Z  489.442  56.417  176.647  1.06700E-15  SWARM-A  4.504  56.277
2023-09-19T16:38:00Z  489.831  58.318  176.824  1.07762E-15  SWARM-A  4.525  58.190
2023-09-19T16:38:30Z  490.212  60.218  177.036  1.08857E-15  SWARM-A  4.547  60.103
2023-09-19T16:39:00Z  490.581  62.116  177.288  1.10032E-15  SWARM-A  4.572  62.016
2023-09-19T16:39:30Z  490.937  64.012  177.591  1.11311E-15  SWARM-A  4.601  63.929
2023-09-19T16:40:00Z  491.277  65.906  177.957  1.12686E-15  SWARM-A  4.633  65.843
2023-09-19T16:40:30Z  491.601  67.798  178.400  1.14126E-15  SWARM-A  4.671  67.756
2023-09-19T16:41:00Z  491.905  69.687  178.943  1.15602E-15  SWARM-A  4.716  69.669
2023-09-19T16:41:30Z  492.188  71.573  179.617  1.17090E-15  SWARM-A  4.769  71.583
2023-09-19T16:42:00Z  492.450  73.454  -179.534  1.18572E-15  SWARM-A  4.834  73.496
2023-09-19T16:42:30Z  492.687  75.329  -178.444  1.20053E-15  SWARM-A  4.915  75.410
2023-09-19T16:43:00Z  492.900  77.195  -177.008  1.21541E-15  SWARM-A  5.019  77.323
2023-09-19T16:43:30Z  493.086  79.049  -175.051  1.23055E-15  SWARM-A  5.158  79.237
2023-09-19T16:44:00Z  493.245  80.883  -172.264  1.24618E-15  SWARM-A  5.352  81.150
2023-09-19T16:44:30Z  493.377  82.683  -168.044  1.26244E-15  SWARM-A  5.642  83.064
2023-09-19T16:45:00Z  493.479  84.413  -161.086  1.27947E-15  SWARM-A  6.114  84.977
2023-09-19T16:45:30Z  493.553  85.987  -148.243  1.29726E-15  SWARM-A  6.978  86.891
2023-09-19T16:46:00Z  493.597  87.131  -122.488  1.31577E-15  SWARM-A  8.704  88.804
2023-09-19T16:46:30Z  493.611  87.247  -83.126  1.33585E-15  SWARM-A  11.336  90.718
2023-09-19T16:47:00Z  493.595  86.237  -54.244  1.35784E-15  SWARM-A  13.270  92.631
2023-09-19T16:47:30Z  493.550  84.712  -39.729  1.38058E-15  SWARM-A  14.246  94.545
2023-09-19T16:48:00Z  493.475  83.000  -32.032  1.40398E-15  SWARM-A  14.767  96.458
2023-09-19T16:48:30Z  493.372  81.209  -27.448  1.42816E-15  SWARM-A  15.081  98.372
2023-09-19T16:49:00Z  493.240  79.380  -24.461  1.45322E-15  SWARM-A  15.289  100.285
2023-09-19T16:49:30Z  493.081  77.529  -22.384  1.47928E-15  SWARM-A  15.436  102.199
2023-09-19T16:50:00Z  492.895  75.665  -20.870  1.50638E-15  SWARM-A  15.545  104.112
2023-09-19T16:50:30Z  492.683  73.791  -19.727  1.53465E-15  SWARM-A  15.629  106.025
2023-09-19T16:51:00Z  492.448  71.911  -18.840  1.56404E-15  SWARM-A  15.697  107.939
2023-09-19T16:51:30Z  492.189  70.026  -18.139  1.59435E-15  SWARM-A  15.752  109.852
2023-09-19T16:52:00Z  491.909  68.138  -17.575  1.62530E-15  SWARM-A  15.798  111.765
2023-09-19T16:52:30Z  491.609  66.247  -17.115  1.65632E-15  SWARM-A  15.837  113.678
2023-09-19T16:53:00Z  491.291  64.353  -16.737  1.68665E-15  SWARM-A  15.870  115.591
2023-09-19T16:53:30Z  490.957  62.457  -16.424  1.71551E-15  SWARM-A  15.900  117.505
2023-09-19T16:54:00Z  490.609  60.560  -16.163  1.74210E-15  SWARM-A  15.925  119.418
2023-09-19T16:54:30Z  490.249  58.660  -15.945  1.76617E-15  SWARM-A  15.948  121.331
2023-09-19T16:55:00Z  489.879  56.760  -15.762  1.78818E-15  SWARM-A  15.969  123.243
2023-09-19T16:55:30Z  489.501  54.858  -15.609  1.80911E-15  SWARM-A  15.987  125.156
2023-09-19T16:56:00Z  489.117  52.954  -15.481  1.82964E-15  SWARM-A  16.004  127.069
2023-09-19T16:56:30Z  488.731  51.050  -15.374  1.84977E-15  SWARM-A  16.020  128.982
2023-09-19T16:57:00Z  488.344  49.145  -15.286  1.86924E-15  SWARM-A  16.034  130.894
2023-09-19T16:57:30Z  487.959  47.238  -15.213  1.88753E-15  SWARM-A  16.047  132.807
2023-09-19T16:58:00Z  487.577  45.330  -15.154  1.90444E-15  SWARM-A  16.059  134.719
2023-09-19T16:58:30Z  487.203  43.422  -15.107  1.91991E-15  SWARM-A  16.071  136.631
2023-09-19T16:59:00Z  486.838  41.512  -15.070  1.93409E-15  SWARM-A  16.082  138.543
2023-09-19T16:59:30Z  486.484  39.602  -15.043  1.94710E-15  SWARM-A  16.092  140.455
2023-09-19T17:00:00Z  486.144  37.691  -15.024  1.95918E-15  SWARM-A  16.101  142.367
2023-09-19T17:00:30Z  485.820  35.779  -15.012  1.97041E-15  SWARM-A  16.111  144.279
2023-09-19T17:01:00Z  485.515  33.866  -15.006  1.98102E-15  SWARM-A  16.119  146.191
2023-09-19T17:01:30Z  485.231  31.952  -15.006  1.99112E-15  SWARM-A  16.128  148.103
2023-09-19T17:02:00Z  484.970  30.038  -15.012  2.00089E-15  SWARM-A  16.136  150.014
2023-09-19T17:02:30Z  484.734  28.123  -15.021  2.01107E-15  SWARM-A  16.143  151.925
2023-09-19T17:03:00Z  484.525  26.207  -15.035  2.02088E-15  SWARM-A  16.151  153.837
2023-09-19T17:03:30Z  484.345  24.291  -15.053  2.03034E-15  SWARM-A  16.158  155.748
2023-09-19T17:04:00Z  484.195  22.374  -15.073  2.03948E-15  SWARM-A  16.165  157.659
2023-09-19T17:04:30Z  484.078  20.457  -15.097  2.04823E-15  SWARM-A  16.172  159.570
2023-09-19T17:05:00Z  483.996  18.539  -15.122  2.05652E-15  SWARM-A  16.178  161.480
2023-09-19T17:05:30Z  483.948  16.621  -15.151  2.06431E-15  SWARM-A  16.185  163.391
2023-09-19T17:06:00Z  483.937  14.703  -15.181  2.07145E-15  SWARM-A  16.191  165.301
2023-09-19T17:06:30Z  483.963  12.784  -15.212  2.07784E-15  SWARM-A  16.197  167.211
2023-09-19T17:07:00Z  484.028  10.865  -15.245  2.08341E-15  SWARM-A  16.203  169.121
2023-09-19T17:07:30Z  484.133  8.946  -15.280  2.08799E-15  SWARM-A  16.209  171.031
2023-09-19T17:08:00Z  484.277  7.027  -15.315  2.09152E-15  SWARM-A  16.215  172.941
2023-09-19T17:08:30Z  484.461  5.108  -15.351  2.09395E-15  SWARM-A  16.221  174.851
2023-09-19T17:09:00Z  484.686  3.189  -15.387  2.09510E-15  SWARM-A  16.227  176.760
2023-09-19T17:09:30Z  484.951  1.270  -15.424  2.09493E-15  SWARM-A  16.233  178.669
2023-09-19T17:10:00Z  485.256  -0.649  -15.461  2.09343E-15  SWARM-A  16.239  180.578
2023-09-19T17:10:30Z  485.602  -2.568  -15.498  2.09042E-15  SWARM-A  16.245  182.487
2023-09-19T17:11:00Z  485.987  -4.486  -15.534  2.08593E-15  SWARM-A  16.251  184.396
2023-09-19T17:11:30Z  486.411  -6.404  -15.571  2.07987E-15  SWARM-A  16.257  186.304
2023-09-19T17:12:00Z  486.873  -8.322  -15.606  2.07222E-15  SWARM-A  16.263  188.213
2023-09-19T17:12:30Z  487.371  -10.239  -15.641  2.06295E-15  SWARM-A  16.269  190.121
2023-09-19T17:13:00Z  487.906  -12.156  -15.674  2.05203E-15  SWARM-A  16.275  192.029
2023-09-19T17:13:30Z  488.474  -14.073  -15.707  2.03944E-15  SWARM-A  16.281  193.937
2023-09-19T17:14:00Z  489.076  -15.988  -15.737  2.02512E-15  SWARM-A  16.287  195.844
2023-09-19T17:14:30Z  489.709  -17.904  -15.766  2.00905E-15  SWARM-A  16.294  197.752
2023-09-19T17:15:00Z  490.371  -19.818  -15.793  1.99137E-15  SWARM-A  16.300  199.659
2023-09-19T17:15:30Z  491.060  -21.732  -15.818  1.97172E-15  SWARM-A  16.307  201.566
2023-09-19T17:16:00Z  491.774  -23.644  -15.839  1.95063E-15  SWARM-A  16.314  203.473
2023-09-19T17:16:30Z  492.511  -25.556  -15.858  1.92814E-15  SWARM-A  16.321  205.380
2023-09-19T17:17:00Z  493.269  -27.468  -15.873  1.90416E-15  SWARM-A  16.328  207.286
2023-09-19T17:17:30Z  494.045  -29.378  -15.885  1.87877E-15  SWARM-A  16.336  209.192
2023-09-19T17:18:00Z  494.836  -31.287  -15.892  1.85210E-15  SWARM-A  16.344  211.099
2023-09-19T17:18:30Z  495.640  -33.195  -15.894  1.82421E-15  SWARM-A  16.352  213.005
2023-09-19T17:19:00Z  496.454  -35.103  -15.891  1.79520E-15  SWARM-A  16.360  214.910
2023-09-19T17:19:30Z  497.276  -37.009  -15.882  1.76524E-15  SWARM-A  16.369  216.816
2023-09-19T17:20:00Z  498.102  -38.914  -15.866  1.73450E-15  SWARM-A  16.379  218.722
2023-09-19T17:20:30Z  498.930  -40.818  -15.842  1.70310E-15  SWARM-A  16.389  220.627
2023-09-19T17:21:00Z  499.756  -42.721  -15.810  1.67121E-15  SWARM-A  16.399  222.532
2023-09-19T17:21:30Z  500.578  -44.623  -15.767  1.63906E-15  SWARM-A  16.410  224.437
2023-09-19T17:22:00Z  501.393  -46.523  -15.714  1.60677E-15  SWARM-A  16.422  226.342
2023-09-19T17:22:30Z  502.198  -48.423  -15.647  1.57453E-15  SWARM-A  16.435  228.247
2023-09-19T17:23:00Z  502.991  -50.321  -15.566  1.54247E-15  SWARM-A  16.449  230.152
2023-09-19T17:23:30Z  503.767  -52.217  -15.467  1.51078E-15  SWARM-A  16.464  232.056
2023-09-19T17:24:00Z  504.525  -54.113  -15.349  1.47963E-15  SWARM-A  16.480  233.960
2023-09-19T17:24:30Z  505.262  -56.007  -15.207  1.44913E-15  SWARM-A  16.498  235.865
2023-09-19T17:25:00Z  505.975  -57.899  -15.038  1.41941E-15  SWARM-A  16.517  237.769
2023-09-19T17:25:30Z  506.661  -59.790  -14.836  1.39063E-15  SWARM-A  16.539  239.673
2023-09-19T17:26:00Z  507.319  -61.679  -14.596  1.36300E-15  SWARM-A  16.563  241.577
2023-09-19T17:26:30Z  507.945  -63.567  -14.307  1.33662E-15  SWARM-A  16.591  243.480
2023-09-19T17:27:00Z  508.537  -65.452  -13.960  1.31167E-15  SWARM-A  16.622  245.384
2023-09-19T17:27:30Z  509.094  -67.335  -13.540  1.28816E-15  SWARM-A  16.659  247.288
2023-09-19T17:28:00Z  509.613  -69.215  -13.027  1.26560E-15  SWARM-A  16.701  249.191
2023-09-19T17:28:30Z  510.092  -71.092  -12.394  1.24394E-15  SWARM-A  16.752  251.095
2023-09-19T17:29:00Z  510.530  -72.964  -11.600  1.22278E-15  SWARM-A  16.813  252.998
2023-09-19T17:29:30Z  510.924  -74.831  -10.588  1.20137E-15  SWARM-A  16.889  254.901
2023-09-19T17:30:00Z  511.274  -76.690  -9.265  1.17917E-15  SWARM-A  16.985  256.805
2023-09-19T17:30:30Z  511.577  -78.538  -7.485  1.15570E-15  SWARM-A  17.112  258.708
2023-09-19T17:31:00Z  511.834  -80.369  -4.987  1.13078E-15  SWARM-A  17.287  260.611
2023-09-19T17:31:30Z  512.043  -82.171  -1.285  1.10452E-15  SWARM-A  17.542  262.514
2023-09-19T17:32:00Z  512.203  -83.917  4.638  1.07729E-15  SWARM-A  17.946  264.417
2023-09-19T17:32:30Z  512.313  -85.544  15.159  1.04949E-15  SWARM-A  18.655  266.320
2023-09-19T17:33:00Z  512.374  -86.860  35.974  1.02122E-15  SWARM-A  20.051  268.223
2023-09-19T17:33:30Z  512.385  -87.352  72.786  9.93244E-16  SWARM-A  22.514  270.126
2023-09-19T17:34:00Z  512.345  -86.636  106.784  9.66909E-16  SWARM-A  0.789  272.030
2023-09-19T17:34:30Z  512.256  -85.228  124.814  9.43036E-16  SWARM-A  1.999  273.933
2023-09-19T17:35:00Z  512.117  -83.568  134.082  9.20811E-16  SWARM-A  2.625  275.836
2023-09-19T17:35:30Z  511.928  -81.807  139.424  9.00343E-16  SWARM-A  2.990  277.739
2023-09-19T17:36:00Z  511.691  -79.998  142.822  8.81549E-16  SWARM-A  3.225  279.642
2023-09-19T17:36:30Z  511.407  -78.163  145.144  8.64244E-16  SWARM-A  3.388  281.545
2023-09-19T17:37:00Z  511.076  -76.312  146.815  8.47906E-16  SWARM-A  3.507  283.449
2023-09-19T17:37:30Z  510.700  -74.451  148.065  8.32452E-16  SWARM-A  3.599  285.352
2023-09-19T17:38:00Z  510.279  -72.583  149.027  8.17109E-16  SWARM-A  3.672  287.255
2023-09-19T17:38:30Z  509.816  -70.709  149.784  8.01996E-16  SWARM-A  3.730  289.159
2023-09-19T17:39:00Z  509.312  -68.832  150.390  7.86751E-16  SWARM-A  3.779  291.062
2023-09-19T17:39:30Z  508.769  -66.951  150.882  7.71090E-16  SWARM-A  3.820  292.966
2023-09-19T17:40:00Z  508.189  -65.067  151.286  7.55154E-16  SWARM-A  3.856  294.870
2023-09-19T17:40:30Z  507.574  -63.181  151.620  7.39406E-16  SWARM-A  3.886  296.773
2023-09-19T17:41:00Z  506.927  -61.294  151.898  7.24445E-16  SWARM-A  3.913  298.677
2023-09-19T17:41:30Z  506.248  -59.404  152.130  7.10297E-16  SWARM-A  3.937  300.581
2023-09-19T17:42:00Z  505.542  -57.512  152.324  6.97682E-16  SWARM-A  3.958  302.486
2023-09-19T17:42:30Z  504.810  -55.619  152.487  6.87713E-16  SWARM-A  3.977  304.390
2023-09-19T17:43:00Z  504.055  -53.725  152.624  6.79098E-16  SWARM-A  3.995  306.294
2023-09-19T17:43:30Z  503.279  -51.829  152.738  6.72427E-16  SWARM-A  4.011  308.199
2023-09-19T17:44:00Z  502.486  -49.932  152.833  6.68102E-16  SWARM-A  4.025  310.104
2023-09-19T17:44:30Z  501.679  -48.033  152.911  6.64500E-16  SWARM-A  4.039  312.008
2023-09-19T17:45:00Z  500.860  -46.134  152.975  6.61814E-16  SWARM-A  4.051  313.913
2023-09-19T17:45:30Z  500.032  -44.233  153.026  6.60120E-16  SWARM-A  4.063  315.818
2023-09-19T17:46:00Z  499.198  -42.331  153.067  6.57660E-16  SWARM-A  4.074  317.724
2023-09-19T17:46:30Z  498.360  -40.427  153.097  6.55529E-16  SWARM-A  4.085  319.629
2023-09-19T17:47:00Z  497.523  -38.523  153.119  6.53734E-16  SWARM-A  4.094  321.535
2023-09-19T17:47:30Z  496.689  -36.617  153.134  6.52207E-16  SWARM-A  4.104  323.441
2023-09-19T17:48:00Z  495.860  -34.711  153.142  6.51428E-16  SWARM-A  4.113  325.347
2023-09-19T17:48:30Z  495.039  -32.803  153.144  6.51370E-16  SWARM-A  4.121  327.253
2023-09-19T17:49:00Z  494.229  -30.894  153.140  6.52020E-16  SWARM-A  4.129  329.159
2023-09-19T17:49:30Z  493.434  -28.984  153.132  6.53349E-16  SWARM-A  4.137  331.065
2023-09-19T17:50:00Z  492.655  -27.074  153.120  6.55209E-16  SWARM-A  4.145  332.972
2023-09-19T17:50:30Z  491.895  -25.162  153.104  6.57681E-16  SWARM-A  4.152  334.879
2023-09-19T17:51:00Z  491.156  -23.250  153.085  6.60540E-16  SWARM-A  4.159  336.786
2023-09-19T17:51:30Z  490.441  -21.336  153.062  6.64196E-16  SWARM-A  4.166  338.693
2023-09-19T17:52:00Z  489.752  -19.422  153.037  6.68004E-16  SWARM-A  4.172  340.601
2023-09-19T17:52:30Z  489.092  -17.507  153.010  6.72627E-16  SWARM-A  4.179  342.508
2023-09-19T17:53:00Z  488.461  -15.592  152.981  6.77646E-16  SWARM-A  4.185  344.416
2023-09-19T17:53:30Z  487.862  -13.676  152.950  6.83066E-16  SWARM-A  4.192  346.324
2023-09-19T17:54:00Z  487.297  -11.759  152.917  6.88942E-16  SWARM-A  4.198  348.232
2023-09-19T17:54:30Z  486.767  -9.842  152.883  6.95212E-16  SWARM-A  4.204  350.140
2023-09-19T17:55:00Z  486.273  -7.924  152.849  7.01756E-16  SWARM-A  4.210  352.049
2023-09-19T17:55:30Z  485.817  -6.006  152.813  7.08569E-16  SWARM-A  4.216  353.957
2023-09-19T17:56:00Z  485.400  -4.087  152.777  7.15636E-16  SWARM-A  4.222  355.866
2023-09-19T17:56:30Z  485.022  -2.168  152.740  7.22845E-16  SWARM-A  4.228  357.775
2023-09-19T17:57:00Z  484.684  -0.249  152.703  7.30218E-16  SWARM-A  4.233  359.684
2023-09-19T17:57:30Z  484.386  1.670  152.666  7.37646E-16  SWARM-A  4.239  1.594
2023-09-19T17:58:00Z  484.130  3.589  152.629  7.45156E-16  SWARM-A  4.245  3.503
2023-09-19T17:58:30Z  483.915  5.509  152.593  7.52629E-16  SWARM-A  4.251  5.413
2023-09-19T17:59:00Z  483.740  7.428  152.557  7.60163E-16  SWARM-A  4.257  7.323
2023-09-19T17:59:30Z  483.607  9.348  152.522  7.67667E-16  SWARM-A  4.263  9.233
2023-09-19T18:00:00Z  483.513  11.267  152.488  7.75718E-16  SWARM-A  4.269  11.143
2023-09-19T18:00:30Z  483.460  13.186  152.456  7.83279E-16  SWARM-A  4.275  13.054
2023-09-19T18:01:00Z  483.445  15.105  152.424  7.90857E-16  SWARM-A  4.282  14.964
2023-09-19T18:01:30Z  483.468  17.023  152.395  7.98460E-16  SWARM-A  4.288  16.875
2023-09-19T18:02:00Z  483.528  18.942  152.367  8.05991E-16  SWARM-A  4.294  18.786
2023-09-19T18:02:30Z  483.624  20.859  152.342  8.13656E-16  SWARM-A  4.301  20.697
2023-09-19T18:03:00Z  483.754  22.777  152.319  8.21418E-16  SWARM-A  4.308  22.608
2023-09-19T18:03:30Z  483.916  24.694  152.299  8.29310E-16  SWARM-A  4.315  24.519
2023-09-19T18:04:00Z  484.109  26.610  152.282  8.37372E-16  SWARM-A  4.322  26.430
2023-09-19T18:04:30Z  484.332  28.526  152.269  8.45585E-16  SWARM-A  4.330  28.342
2023-09-19T18:05:00Z  484.582  30.441  152.260  8.53977E-16  SWARM-A  4.337  30.253
2023-09-19T18:05:30Z  484.857  32.355  152.256  8.62559E-16  SWARM-A  4.345  32.165
2023-09-19T18:06:00Z  485.155  34.269  152.257  8.71309E-16  SWARM-A  4.354  34.077
2023-09-19T18:06:30Z  485.474  36.182  152.264  8.80259E-16  SWARM-A  4.363  35.989
2023-09-19T18:07:00Z  485.812  38.094  152.277  8.89247E-16  SWARM-A  4.372  37.901
2023-09-19T18:07:30Z  486.167  40.005  152.298  8.98348E-16  SWARM-A  4.381  39.813
2023-09-19T18:08:00Z  486.535  41.916  152.327  9.07550E-16  SWARM-A  4.392  41.726
2023-09-19T18:08:30Z  486.914  43.825  152.366  9.16912E-16  SWARM-A  4.403  43.638
2023-09-19T18:09:00Z  487.303  45.734  152.416  9.26353E-16  SWARM-A  4.414  45.550
2023-09-19T18:09:30Z  487.698  47.641  152.477  9.35874E-16  SWARM-A  4.427  47.463
2023-09-19T18:10:00Z  488.098  49.548  152.553  9.45472E-16  SWARM-A  4.440  49.376
2023-09-19T18:10:30Z  488.499  51.453  152.646  9.55111E-16  SWARM-A  4.455  51.288
2023-09-19T18:11:00Z  488.899  53.358  152.757  9.64782E-16  SWARM-A  4.470  53.201
2023-09-19T18:11:30Z  489.296  55.261  152.890  9.74606E-16  SWARM-A  4.488  55.114
2023-09-19T18:12:00Z  489.687  57.163  153.049  9.84745E-16  SWARM-A  4.507  57.027
2023-09-19T18:12:30Z  490.071  59.063  153.238  9.95149E-16  SWARM-A  4.528  58.940
2023-09-19T18:13:00Z  490.445  60.962  153.465  1.00603E-15  SWARM-A  4.551  60.853
2023-09-19T18:13:30Z  490.806  62.860  153.736  1.01753E-15  SWARM-A  4.577  62.766
2023-09-19T18:14:00Z  491.153  64.755  154.062  1.02946E-15  SWARM-A  4.607  64.680
2023-09-19T18:14:30Z  491.484  66.648  154.456  1.04145E-15  SWARM-A  4.642  66.593
2023-09-19T18:15:00Z  491.797  68.539  154.935  1.05292E-15  SWARM-A  4.682  68.506
2023-09-19T18:15:30Z  492.090  70.427  155.525  1.06405E-15  SWARM-A  4.730  70.419
2023-09-19T18:16:00Z  492.361  72.311  156.262  1.07505E-15  SWARM-A  4.787  72.333
2023-09-19T18:16:30Z  492.610  74.190  157.195  1.08610E-15  SWARM-A  4.858  74.246
2023-09-19T18:17:00Z  492.834  76.062  158.406  1.09746E-15  SWARM-A  4.947  76.160
2023-09-19T18:17:30Z  493.033  77.924  160.020  1.10939E-15  SWARM-A  5.063  78.073
2023-09-19T18:18:00Z  493.206  79.771  162.254  1.12205E-15  SWARM-A  5.220  79.987
2023-09-19T18:18:30Z  493.350  81.594  165.505  1.13556E-15  SWARM-A  5.445  81.900
2023-09-19T18:19:00Z  493.467  83.372  170.579  1.15003E-15  SWARM-A  5.792  83.814
2023-09-19T18:19:30Z  493.554  85.058  179.298  1.16541E-15  SWARM-A  6.382  85.727
2023-09-19T18:20:00Z  493.612  86.513  -163.863  1.18159E-15  SWARM-A  7.512  87.641
2023-09-19T18:20:30Z  493.641  87.333  -131.291  1.19876E-15  SWARM-A  9.692  89.554
2023-09-19T18:21:00Z  493.639  86.951  -93.277  1.21788E-15  SWARM-A  12.235  91.468
2023-09-19T18:21:30Z  493.608  85.674  -71.003  1.23842E-15  SWARM-A  13.728  93.381
2023-09-19T18:22:00Z  493.547  84.054  -59.844  1.25974E-15  SWARM-A  14.480  95.295
2023-09-19T18:22:30Z  493.457  82.304  -53.640  1.28189E-15  SWARM-A  14.902  97.208
2023-09-19T18:23:00Z  493.338  80.496  -49.800  1.30499E-15  SWARM-A  15.167  99.121
2023-09-19T18:23:30Z  493.192  78.657  -47.226  1.32909E-15  SWARM-A  15.347  101.035
2023-09-19T18:24:00Z  493.018  76.800  -45.400  1.35423E-15  SWARM-A  15.477  102.948
2023-09-19T18:24:30Z  492.818  74.931  -44.049  1.38044E-15  SWARM-A  15.575  104.862
2023-09-19T18:25:00Z  492.592  73.055  -43.017  1.40760E-15  SWARM-A  15.652  106.775
2023-09-19T18:25:30Z  492.344  71.173  -42.211  1.43564E-15  SWARM-A  15.714  108.688
2023-09-19T18:26:00Z  492.072  69.287  -41.568  1.46437E-15  SWARM-A  15.765  110.602
2023-09-19T18:26:30Z  491.780  67.397  -41.048  1.49341E-15  SWARM-A  15.808  112.515
2023-09-19T18:27:00Z  491.469  65.505  -40.622  1.52235E-15  SWARM-A  15.845  114.428
2023-09-19T18:27:30Z  491.141  63.610  -40.272  1.55065E-15  SWARM-A  15.877  116.341
2023-09-19T18:28:00Z  490.797  61.714  -39.980  1.57782E-15  SWARM-A  15.905  118.254
2023-09-19T18:28:30Z  490.440  59.815  -39.737  1.60351E-15  SWARM-A  15.929  120.167
2023-09-19T18:29:00Z  490.072  57.916  -39.534  1.62787E-15  SWARM-A  15.951  122.080
2023-09-19T18:29:30Z  489.695  56.014  -39.363  1.65140E-15  SWARM-A  15.971  123.993
2023-09-19T18:30:00Z  489.311  54.112  -39.220  1.67478E-15  SWARM-A  15.989  125.906
2023-09-19T18:30:30Z  488.922  52.208  -39.101  1.69827E-15  SWARM-A  16.005  127.818
2023-09-19T18:31:00Z  488.532  50.303  -39.001  1.72198E-15  SWARM-A  16.020  129.731
2023-09-19T18:31:30Z  488.141  48.397  -38.919  1.74556E-15  SWARM-A  16.034  131.644
2023-09-19T18:32:00Z  487.754  46.490  -38.852  1.76842E-15  SWARM-A  16.047  133.556
2023-09-19T18:32:30Z  487.371  44.582  -38.798  1.79039E-15  SWARM-A  16.058  135.468
2023-09-19T18:33:00Z  486.997  42.673  -38.755  1.81137E-15  SWARM-A  16.070  137.381
2023-09-19T18:33:30Z  486.632  40.764  -38.722  1.83136E-15  SWARM-A  16.080  139.293
2023-09-19T18:34:00Z  486.280  38.853  -38.698  1.85045E-15  SWARM-A  16.090  141.205
2023-09-19T18:34:30Z  485.943  36.941  -38.682  1.86871E-15  SWARM-A  16.100  143.117
2023-09-19T18:35:00Z  485.623  35.029  -38.673  1.88624E-15  SWARM-A  16.109  145.029
2023-09-19T18:35:30Z  485.322  33.116  -38.669  1.90314E-15  SWARM-A  16.117  146.940
2023-09-19T18:36:00Z  485.044  31.202  -38.672  1.91948E-15  SWARM-A  16.125  148.852
2023-09-19T18:36:30Z  484.789  29.287  -38.679  1.93525E-15  SWARM-A  16.133  150.764
2023-09-19T18:37:00Z  484.560  27.372  -38.690  1.95055E-15  SWARM-A  16.141  152.675
2023-09-19T18:37:30Z  484.359  25.456  -38.705  1.96533E-15  SWARM-A  16.148  154.586
2023-09-19T18:38:00Z  484.189  23.539  -38.724  1.97960E-15  SWARM-A  16.155  156.497
2023-09-19T18:38:30Z  484.049  21.622  -38.746  1.99338E-15  SWARM-A  16.162  158.408
2023-09-19T18:39:00Z  483.943  19.705  -38.770  2.00659E-15  SWARM-A  16.169  160.319
2023-09-19T18:39:30Z  483.872  17.787  -38.797  2.01923E-15  SWARM-A  16.175  162.230
2023-09-19T18:40:00Z  483.837  15.869  -38.826  2.03119E-15  SWARM-A  16.182  164.140
2023-09-19T18:40:30Z  483.838  13.950  -38.856  2.04237E-15  SWARM-A  16.188  166.050
2023-09-19T18:41:00Z  483.878  12.032  -38.889  2.05269E-15  SWARM-A  16.194  167.961
2023-09-19T18:41:30Z  483.958  10.113  -38.922  2.06202E-15  SWARM-A  16.200  169.871
2023-09-19T18:42:00Z  484.076  8.193  -38.957  2.07030E-15  SWARM-A  16.206  171.781
2023-09-19T18:42:30Z  484.235  6.274  -38.992  2.07745E-15  SWARM-A  16.212  173.690
2023-09-19T18:43:00Z  484.435  4.355  -39.028  2.08335E-15  SWARM-A  16.218  175.600
2023-09-19T18:43:30Z  484.675  2.436  -39.065  2.08787E-15  SWARM-A  16.224  177.509
2023-09-19T18:44:00Z  484.956  0.517  -39.102  2.09098E-15  SWARM-A  16.230  179.418
2023-09-19T18:44:30Z  485.278  -1.402  -39.139  2.09259E-15  SWARM-A  16.236  181.327
2023-09-19T18:45:00Z  485.639  -3.321  -39.175  2.09255E-15  SWARM-A  16.242  183.236
2023-09-19T18:45:30Z  486.040  -5.239  -39.212  2.09093E-15  SWARM-A  16.248  185.145
2023-09-19T18:46:00Z  486.480  -7.157  -39.248  2.08757E-15  SWARM-A  16.254  187.053
2023-09-19T18:46:30Z  486.957  -9.075  -39.283  2.08246E-15  SWARM-A  16.260  188.962
2023-09-19T18:47:00Z  487.471  -10.992  -39.317  2.07553E-15  SWARM-A  16.266  190.870
2023-09-19T18:47:30Z  488.020  -12.909  -39.350  2.06674E-15  SWARM-A  16.272  192.778
2023-09-19T18:48:00Z  488.603  -14.825  -39.382  2.05606E-15  SWARM-A  16.278  194.686
2023-09-19T18:48:30Z  489.219  -16.741  -39.412  2.04340E-15  SWARM-A  16.284  196.593
2023-09-19T18:49:00Z  489.865  -18.656  -39.440  2.02873E-15  SWARM-A  16.291  198.501
2023-09-19T18:49:30Z  490.539  -20.570  -39.466  2.01217E-15  SWARM-A  16.297  200.408
2023-09-19T18:50:00Z  491.241  -22.483  -39.489  1.99363E-15  SWARM-A  16.304  202.315
2023-09-19T18:50:30Z  491.966  -24.396  -39.510  1.97318E-15  SWARM-A  16.311  204.222
2023-09-19T18:51:00Z  492.714  -26.307  -39.527  1.95086E-15  SWARM-A  16.318  206.129
2023-09-19T18:51:30Z  493.482  -28.218  -39.541  1.92674E-15  SWARM-A  16.326  208.035
2023-09-19T18:52:00Z  494.267  -30.128  -39.551  1.90091E-15  SWARM-A  16.333  209.941
2023-09-19T18:52:30Z  495.066  -32.037  -39.556  1.87346E-15  SWARM-A  16.341  211.848
2023-09-19T18:53:00Z  495.877  -33.945  -39.557  1.84456E-15  SWARM-A  16.350  213.754
2023-09-19T18:53:30Z  496.698  -35.852  -39.551  1.81435E-15  SWARM-A  16.358  215.659
2023-09-19T18:54:00Z  497.525  -37.758  -39.539  1.78299E-15  SWARM-A  16.367  217.565
2023-09-19T18:54:30Z  498.356  -39.663  -39.520  1.75069E-15  SWARM-A  16.377  219.471
2023-09-19T18:55:00Z  499.187  -41.566  -39.493  1.71762E-15  SWARM-A  16.387  221.376
2023-09-19T18:55:30Z  500.016  -43.469  -39.457  1.68400E-15  SWARM-A  16.398  223.281
2023-09-19T18:56:00Z  500.840  -45.370  -39.410  1.65004E-15  SWARM-A  16.409  225.186
2023-09-19T18:56:30Z  501.656  -47.270  -39.352  1.61589E-15  SWARM-A  16.422  227.091
2023-09-19T18:57:00Z  502.461  -49.169  -39.279  1.58171E-15  SWARM-A  16.435  228.996
2023-09-19T18:57:30Z  503.252  -51.066  -39.191  1.54798E-15  SWARM-A  16.449  230.900
2023-09-19T18:58:00Z  504.026  -52.963  -39.085  1.51496E-15  SWARM-A  16.464  232.805
2023-09-19T18:58:30Z  504.781  -54.857  -38.958  1.48231E-15  SWARM-A  16.481  234.709
2023-09-19T18:59:00Z  505.514  -56.751  -38.806  1.44996E-15  SWARM-A  16.500  236.613
2023-09-19T18:59:30Z  506.222  -58.643  -38.625  1.41819E-15  SWARM-A  16.520  238.517
2023-09-19T19:00:00Z  506.902  -60.533  -38.409  1.38703E-15  SWARM-A  16.543  240.421
2023-09-19T19:00:30Z  507.553  -62.422  -38.150  1.35659E-15  SWARM-A  16.568  242.325
2023-09-19T19:01:00Z  508.171  -64.308  -37.840  1.32681E-15  SWARM-A  16.597  244.229
2023-09-19T19:01:30Z  508.754  -66.193  -37.466  1.29784E-15  SWARM-A  16.631  246.133
2023-09-19T19:02:00Z  509.301  -68.074  -37.012  1.26970E-15  SWARM-A  16.669  248.036
2023-09-19T19:02:30Z  509.810  -69.953  -36.456  1.24245E-15  SWARM-A  16.715  249.940
2023-09-19T19:03:00Z  510.278  -71.829  -35.765  1.21615E-15  SWARM-A  16.769  251.843
2023-09-19T19:03:30Z  510.703  -73.699  -34.893  1.19061E-15  SWARM-A  16.836  253.746
2023-09-19T19:04:00Z  511.085  -75.563  -33.772  1.16558E-15  SWARM-A  16.919  255.650
2023-09-19T19:04:30Z  511.422  -77.418  -32.291  1.14120E-15  SWARM-A  17.026  257.553
2023-09-19T19:05:00Z  511.712  -79.261  -30.267  1.11699E-15  SWARM-A  17.169  259.456
2023-09-19T19:05:30Z  511.955  -81.082  -27.373  1.09276E-15  SWARM-A  17.370  261.359
2023-09-19T19:06:00Z  512.150  -82.866  -22.966  1.06849E-15  SWARM-A  17.672  263.262
2023-09-19T19:06:30Z  512.296  -84.577  -15.644  1.04402E-15  SWARM-A  18.169  265.165
2023-09-19T19:07:00Z  512.391  -86.117  -2.018  1.01917E-15  SWARM-A  19.086  267.068
2023-09-19T19:07:30Z  512.437  -87.191  25.140  9.94400E-16  SWARM-A  20.905  268.971
2023-09-19T19:08:00Z  512.433  -87.197  64.420  9.70247E-16  SWARM-A  23.531  270.874
2023-09-19T19:08:30Z  512.379  -86.131  91.751  9.47873E-16  SWARM-A  1.362  272.778
2023-09-19T19:09:00Z  512.275  -84.593  105.470  9.26893E-16  SWARM-A  2.285  274.681
2023-09-19T19:09:30Z  512.121  -82.883  112.833  9.06991E-16  SWARM-A  2.784  276.584
2023-09-19T19:10:00Z  511.918  -81.100  117.261  8.88111E-16  SWARM-A  3.088  278.487
2023-09-19T19:10:30Z  511.666  -79.279  120.166  8.70202E-16  SWARM-A  3.290  280.390
2023-09-19T19:11:00Z  511.368  -77.437  122.197  8.53271E-16  SWARM-A  3.433  282.293
2023-09-19T19:11:30Z  511.023  -75.582  123.682  8.37077E-16  SWARM-A  3.541  284.196
2023-09-19T19:12:00Z  510.633  -73.718  124.806  8.21733E-16  SWARM-A  3.624  286.100
2023-09-19T19:12:30Z  510.200  -71.847  125.680  8.07065E-16  SWARM-A  3.691  288.003
2023-09-19T19:13:00Z  509.724  -69.972  126.372  7.93025E-16  SWARM-A  3.745  289.907
2023-09-19T19:13:30Z  509.208  -68.093  126.930  7.79501E-16  SWARM-A  3.791  291.810
2023-09-19T19:14:00Z  508.654  -66.211  127.385  7.66463E-16  SWARM-A  3.829  293.714
2023-09-19T19:14:30Z  508.063  -64.327  127.760  7.53891E-16  SWARM-A  3.863  295.617
2023-09-19T19:15:00Z  507.438  -62.440  128.070  7.41824E-16  SWARM-A  3.892  297.521
2023-09-19T19:15:30Z  506.781  -60.551  128.329  7.30262E-16  SWARM-A  3.917  299.425
2023-09-19T19:16:00Z  506.094  -58.661  128.546  7.19234E-16  SWARM-A  3.940  301.329
2023-09-19T19:16:30Z  505.380  -56.769  128.727  7.08962E-16  SWARM-A  3.960  303.233
2023-09-19T19:17:00Z  504.641  -54.876  128.880  6.99555E-16  SWARM-A  3.979  305.138
2023-09-19T19:17:30Z  503.880  -52.981  129.007  6.91197E-16  SWARM-A  3.996  307.042
2023-09-19T19:18:00Z  503.100  -51.084  129.113  6.84007E-16  SWARM-A  4.011  308.946
2023-09-19T19:18:30Z  502.304  -49.187  129.201  6.78121E-16  SWARM-A  4.025  310.851
2023-09-19T19:19:00Z  501.494  -47.288  129.274  6.73574E-16  SWARM-A  4.038  312.756
2023-09-19T19:19:30Z  500.673  -45.388  129.333  6.70281E-16  SWARM-A  4.051  314.661
2023-09-19T19:20:00Z  499.844  -43.486  129.379  6.67599E-16  SWARM-A  4.062  316.566
2023-09-19T19:20:30Z  499.010  -41.584  129.416  6.65396E-16  SWARM-A  4.073  318.471
2023-09-19T19:21:00Z  498.174  -39.680  129.443  6.63283E-16  SWARM-A  4.083  320.377
2023-09-19T19:21:30Z  497.339  -37.775  129.462  6.61190E-16  SWARM-A  4.093  322.282
2023-09-19T19:22:00Z  496.508  -35.869  129.474  6.59241E-16  SWARM-A  4.102  324.188
2023-09-19T19:22:30Z  495.684  -33.962  129.479  6.57647E-16  SWARM-A  4.111  326.094
2023-09-19T19:23:00Z  494.869  -32.054  129.479  6.56659E-16  SWARM-A  4.119  328.000
2023-09-19T19:23:30Z  494.066  -30.145  129.474  6.56360E-16  SWARM-A  4.127  329.906
2023-09-19T19:24:00Z  493.278  -28.235  129.464  6.56809E-16  SWARM-A  4.135  331.813
2023-09-19T19:24:30Z  492.508  -26.324  129.450  6.57856E-16  SWARM-A  4.142  333.719
2023-09-19T19:25:00Z  491.757  -24.413  129.433  6.59682E-16  SWARM-A  4.149  335.626
2023-09-19T19:25:30Z  491.029  -22.500  129.413  6.62195E-16  SWARM-A  4.156  337.533
2023-09-19T19:26:00Z  490.326  -20.586  129.389  6.65414E-16  SWARM-A  4.163  339.440
2023-09-19T19:26:30Z  489.649  -18.672  129.363  6.69308E-16  SWARM-A  4.169  341.348
2023-09-19T19:27:00Z  489.001  -16.757  129.335  6.73803E-16  SWARM-A  4.176  343.255
2023-09-19T19:27:30Z  488.384  -14.841  129.305  6.78843E-16  SWARM-A  4.182  345.163
2023-09-19T19:28:00Z  487.799  -12.925  129.274  6.84399E-16  SWARM-A  4.188  347.071
2023-09-19T19:28:30Z  487.248  -11.008  129.241  6.90411E-16  SWARM-A  4.195  348.979
2023-09-19T19:29:00Z  486.733  -9.091  129.206  6.96822E-16  SWARM-A  4.201  350.887
2023-09-19T19:29:30Z  486.254  -7.173  129.171  7.03593E-16  SWARM-A  4.207  352.796
2023-09-19T19:30:00Z  485.813  -5.255  129.135  7.10668E-16  SWARM-A  4.213  354.705
2023-09-19T19:30:30Z  485.411  -3.336  129.099  7.17986E-16  SWARM-A  4.219  356.613
2023-09-19T19:31:00Z  485.049  -1.417  129.062  7.25508E-16  SWARM-A  4.224  358.522
2023-09-19T19:31:30Z  484.727  0.502  129.025  7.33183E-16  SWARM-A  4.230  0.432
2023-09-19T19:32:00Z  484.445  2.421  128.988  7.40994E-16  SWARM-A  4.236  2.341
2023-09-19T19:32:30Z  484.204  4.340  128.952  7.48892E-16  SWARM-A  4.242  4.250
2023-09-19T19:33:00Z  484.004  6.260  128.916  7.56890E-16  SWARM-A  4.248  6.160
2023-09-19T19:33:30Z  483.845  8.179  128.880  7.64967E-16  SWARM-A  4.254  8.070
2023-09-19T19:34:00Z  483.725  10.098  128.846  7.73119E-16  SWARM-A  4.260  9.980
2023-09-19T19:34:30Z  483.646  12.017  128.812  7.81329E-16  SWARM-A  4.266  11.890
2023-09-19T19:35:00Z  483.606  13.936  128.780  7.89633E-16  SWARM-A  4.272  13.800
2023-09-19T19:35:30Z  483.604  15.855  128.749  7.97987E-16  SWARM-A  4.279  15.711
2023-09-19T19:36:00Z  483.639  17.773  128.721  8.06460E-16  SWARM-A  4.285  17.622
2023-09-19T19:36:30Z  483.711  19.691  128.694  8.15036E-16  SWARM-A  4.292  19.532
2023-09-19T19:37:00Z  483.818  21.609  128.669  8.23766E-16  SWARM-A  4.298  21.443
2023-09-19T19:37:30Z  483.958  23.526  128.648  8.32616E-16  SWARM-A  4.305  23.354
2023-09-19T19:38:00Z  484.129  25.443  128.629  8.41597E-16  SWARM-A  4.312  25.266
2023-09-19T19:38:30Z  484.331  27.359  128.614  8.50701E-16  SWARM-A  4.320  27.177
2023-09-19T19:39:00Z  484.561  29.274  128.603  8.59891E-16  SWARM-A  4.327  29.088
2023-09-19T19:39:30Z  484.818  31.189  128.596  8.69173E-16  SWARM-A  4.335  31.000
2023-09-19T19:40:00Z  485.098  33.103  128.593  8.78385E-16  SWARM-A  4.343  32.912
2023-09-19T19:40:30Z  485.401  35.016  128.597  8.87580E-16  SWARM-A  4.352  34.824
2023-09-19T19:41:00Z  485.724  36.929  128.606  8.96813E-16  SWARM-A  4.361  36.736
2023-09-19T19:41:30Z  486.064  38.840  128.622  9.06004E-16  SWARM-A  4.370  38.648
2023-09-19T19:42:00Z  486.419  40.751  128.646  9.14965E-16  SWARM-A  4.380  40.560
2023-09-19T19:42:30Z  486.787  42.661  128.679  9.23812E-16  SWARM-A  4.391  42.472
2023-09-19T19:43:00Z  487.166  44.570  128.722  9.32499E-16  SWARM-A  4.402  44.385
2023-09-19T19:43:30Z  487.552  46.479  128.776  9.41067E-16  SWARM-A  4.414  46.297
2023-09-19T19:44:00Z  487.944  48.386  128.844  9.49494E-16  SWARM-A  4.427  48.210
2023-09-19T19:44:30Z  488.339  50.292  128.926  9.57809E-16  SWARM-A  4.440  50.122
2023-09-19T19:45:00Z  488.734  52.197  129.025  9.66051E-16  SWARM-A  4.455  52.035
2023-09-19T19:45:30Z  489.128  54.100  129.145  9.74318E-16  SWARM-A  4.472  53.948
2023-09-19T19:46:00Z  489.518  56.003  129.287  9.82793E-16  SWARM-A  4.489  55.861
2023-09-19T19:46:30Z  489.901  57.904  129.458  9.91732E-16  SWARM-A  4.509  57.774
2023-09-19T19:47:00Z  490.276  59.804  129.662  1.00127E-15  SWARM-A  4.531  59.687
2023-09-19T19:47:30Z  490.639  61.703  129.905  1.01115E-15  SWARM-A  4.556  61.600
2023-09-19T19:48:00Z  490.990  63.599  130.196  1.02164E-15  SWARM-A  4.583  63.513
2023-09-19T19:48:30Z  491.326  65.494  130.547  1.03244E-15  SWARM-A  4.615  65.426
2023-09-19T19:49:00Z  491.644  67.386  130.972  1.04323E-15  SWARM-A  4.652  67.339
2023-09-19T19:49:30Z  491.944  69.276  131.492  1.05380E-15  SWARM-A  4.695  69.253
2023-09-19T19:50:00Z  492.224  71.162  132.135  1.06420E-15  SWARM-A  4.746  71.166
2023-09-19T19:50:30Z  492.482  73.044  132.942  1.07454E-15  SWARM-A  4.808  73.079
2023-09-19T19:51:00Z  492.716  74.921  133.973  1.08502E-15  SWARM-A  4.885  74.993
2023-09-19T19:51:30Z  492.925  76.789  135.323  1.09572E-15  SWARM-A  4.984  76.906
2023-09-19T19:52:00Z  493.109  78.646  137.148  1.10663E-15  SWARM-A  5.114  78.820
2023-09-19T19:52:30Z  493.265  80.486  139.718  1.11830E-15  SWARM-A  5.293  80.733
2023-09-19T19:53:00Z  493.394  82.294  143.552  1.13080E-15  SWARM-A  5.557  82.647
2023-09-19T19:53:30Z  493.494  84.044  149.741  1.14422E-15  SWARM-A  5.978  84.560
2023-09-19T19:54:00Z  493.565  85.665  160.866  1.15855E-15  SWARM-A  6.728  86.474
2023-09-19T19:54:30Z  493.607  86.944  -176.946  1.17367E-15  SWARM-A  8.216  88.387
2023-09-19T19:55:00Z  493.619  87.332  -139.010  1.19016E-15  SWARM-A  10.753  90.301
2023-09-19T19:55:30Z  493.601  86.518  -106.366  1.20861E-15  SWARM-A  12.938  92.214
2023-09-19T19:56:00Z  493.554  85.065  -89.461  1.22808E-15  SWARM-A  14.073  94.128
2023-09-19T19:56:30Z  493.477  83.381  -80.710  1.24832E-15  SWARM-A  14.665  96.041
2023-09-19T19:57:00Z  493.371  81.603  -75.619  1.26932E-15  SWARM-A  15.012  97.955
2023-09-19T19:57:30Z  493.237  79.781  -72.358  1.29114E-15  SWARM-A  15.238  99.868
2023-09-19T19:58:00Z  493.075  77.934  -70.118  1.31382E-15  SWARM-A  15.396  101.782
2023-09-19T19:58:30Z  492.887  76.071  -68.500  1.33734E-15  SWARM-A  15.512  103.695
2023-09-19T19:59:00Z  492.673  74.200  -67.287  1.36171E-15  SWARM-A  15.601  105.608
2023-09-19T19:59:30Z  492.434  72.321  -66.351  1.38689E-15  SWARM-A  15.672  107.522
2023-09-19T20:00:00Z  492.173  70.437  -65.613  1.41286E-15  SWARM-A  15.730  109.435
2023-09-19T20:00:30Z  491.890  68.549  -65.022  1.43955E-15  SWARM-A  15.777  111.348
2023-09-19T20:01:00Z  491.587  66.658  -64.541  1.46674E-15  SWARM-A  15.818  113.262
2023-09-19T20:01:30Z  491.267  64.765  -64.147  1.49422E-15  SWARM-A  15.852  115.175
2023-09-19T20:02:00Z  490.929  62.870  -63.820  1.52175E-15  SWARM-A  15.882  117.088
2023-09-19T20:02:30Z  490.578  60.973  -63.548  1.54898E-15  SWARM-A  15.909  119.001
2023-09-19T20:03:00Z  490.214  59.074  -63.321  1.57559E-15  SWARM-A  15.932  120.914
2023-09-19T20:03:30Z  489.841  57.173  -63.131  1.60130E-15  SWARM-A  15.953  122.827
2023-09-19T20:04:00Z  489.459  55.272  -62.972  1.62598E-15  SWARM-A  15.972  124.740
2023-09-19T20:04:30Z  489.072  53.369  -62.838  1.64975E-15  SWARM-A  15.990  126.653
2023-09-19T20:05:00Z  488.682  51.464  -62.727  1.67279E-15  SWARM-A  16.005  128.565
2023-09-19T20:05:30Z  488.290  49.559  -62.634  1.69536E-15  SWARM-A  16.020  130.478
2023-09-19T20:06:00Z  487.901  47.653  -62.558  1.71779E-15  SWARM-A  16.033  132.391
2023-09-19T20:06:30Z  487.515  45.745  -62.496  1.73971E-15  SWARM-A  16.046  134.303
2023-09-19T20:07:00Z  487.136  43.837  -62.446  1.76077E-15  SWARM-A  16.057  136.215
2023-09-19T20:07:30Z  486.766  41.927  -62.407  1.78065E-15  SWARM-A  16.068  138.128
2023-09-19T20:08:00Z  486.407  40.017  -62.378  1.79926E-15  SWARM-A  16.079  140.040
2023-09-19T20:08:30Z  486.062  38.106  -62.357  1.81653E-15  SWARM-A  16.088  141.952
2023-09-19T20:09:00Z  485.733  36.194  -62.343  1.83242E-15  SWARM-A  16.098  143.864
2023-09-19T20:09:30Z  485.422  34.281  -62.336  1.84706E-15  SWARM-A  16.106  145.776
2023-09-19T20:10:00Z  485.132  32.368  -62.335  1.86052E-15  SWARM-A  16.115  147.687
2023-09-19T20:10:30Z  484.865  30.453  -62.339  1.87288E-15  SWARM-A  16.123  149.599
2023-09-19T20:11:00Z  484.624  28.539  -62.348  1.88420E-15  SWARM-A  16.131  151.510
2023-09-19T20:11:30Z  484.409  26.623  -62.361  1.89457E-15  SWARM-A  16.138  153.422
2023-09-19T20:12:00Z  484.223  24.707  -62.377  1.90406E-15  SWARM-A  16.145  155.333
2023-09-19T20:12:30Z  484.068  22.790  -62.397  1.91267E-15  SWARM-A  16.152  157.244
2023-09-19T20:13:00Z  483.946  20.873  -62.420  1.92050E-15  SWARM-A  16.159  159.155
2023-09-19T20:13:30Z  483.857  18.955  -62.445  1.92755E-15  SWARM-A  16.166  161.066
2023-09-19T20:14:00Z  483.805  17.037  -62.473  1.93379E-15  SWARM-A  16.172  162.976
2023-09-19T20:14:30Z  483.788  15.119  -62.502  1.93925E-15  SWARM-A  16.179  164.887
2023-09-19T20:15:00Z  483.810  13.200  -62.533  1.94385E-15  SWARM-A  16.185  166.797
2023-09-19T20:15:30Z  483.870  11.281  -62.566  1.94756E-15  SWARM-A  16.191  168.707
2023-09-19T20:16:00Z  483.970  9.362  -62.600  1.95040E-15  SWARM-A  16.197  170.617
2023-09-19T20:16:30Z  484.109  7.443  -62.635  1.95231E-15  SWARM-A  16.203  172.527
2023-09-19T20:17:00Z  484.290  5.524  -62.671  1.95325E-15  SWARM-A  16.209  174.437
2023-09-19T20:17:30Z  484.510  3.605  -62.707  1.95318E-15  SWARM-A  16.215  176.346
2023-09-19T20:18:00Z  484.772  1.686  -62.744  1.95200E-15  SWARM-A  16.221  178.255
2023-09-19T20:18:30Z  485.074  -0.233  -62.780  1.94970E-15  SWARM-A  16.227  180.165
2023-09-19T20:19:00Z  485.416  -2.152  -62.817  1.94616E-15  SWARM-A  16.233  182.074
2023-09-19T20:19:30Z  485.798  -4.071  -62.854  1.94137E-15  SWARM-A  16.239  183.982
2023-09-19T20:20:00Z  486.220  -5.989  -62.890  1.93532E-15  SWARM-A  16.244  185.891
2023-09-19T20:20:30Z  486.679  -7.907  -62.926  1.92793E-15  SWARM-A  16.250  187.799
2023-09-19T20:21:00Z  487.176  -9.825  -62.960  1.91921E-15  SWARM-A  16.256  189.708
2023-09-19T20:21:30Z  487.709  -11.742  -62.994  1.90915E-15  SWARM-A  16.263  191.616
2023-09-19T20:22:00Z  488.276  -13.658  -63.027  1.89773E-15  SWARM-A  16.269  193.524
2023-09-19T20:22:30Z  488.877  -15.574  -63.058  1.88492E-15  SWARM-A  16.275  195.431
2023-09-19T20:23:00Z  489.509  -17.489  -63.087  1.87081E-15  SWARM-A  16.281  197.339
2023-09-19T20:23:30Z  490.171  -19.404  -63.114  1.85529E-15  SWARM-A  16.288  199.246
2023-09-19T20:24:00Z  490.861  -21.318  -63.139  1.83838E-15  SWARM-A  16.295  201.153
2023-09-19T20:24:30Z  491.576  -23.231  -63.161  1.82016E-15  SWARM-A  16.301  203.060
2023-09-19T20:25:00Z  492.314  -25.143  -63.181  1.80055E-15  SWARM-A  16.308  204.967
2023-09-19T20:25:30Z  493.073  -27.054  -63.197  1.77965E-15  SWARM-A  16.316  206.874
2023-09-19T20:26:00Z  493.851  -28.965  -63.209  1.75747E-15  SWARM-A  16.323  208.780
2023-09-19T20:26:30Z  494.645  -30.874  -63.217  1.73417E-15  SWARM-A  16.331  210.686
2023-09-19T20:27:00Z  495.452  -32.783  -63.220  1.70974E-15  SWARM-A  16.339  212.592
2023-09-19T20:27:30Z  496.270  -34.690  -63.219  1.68431E-15  SWARM-A  16.348  214.498
2023-09-19T20:28:00Z  497.096  -36.597  -63.211  1.65800E-15  SWARM-A  16.356  216.404
2023-09-19T20:28:30Z  497.927  -38.502  -63.196  1.63092E-15  SWARM-A  16.366  218.310
2023-09-19T20:29:00Z  498.761  -40.406  -63.174  1.60321E-15  SWARM-A  16.376  220.215
2023-09-19T20:29:30Z  499.593  -42.310  -63.143  1.57498E-15  SWARM-A  16.386  222.120
2023-09-19T20:30:00Z  500.423  -44.211  -63.103  1.54641E-15  SWARM-A  16.397  224.025
2023-09-19T20:30:30Z  501.245  -46.112  -63.052  1.51765E-15  SWARM-A  16.409  225.930
2023-09-19T20:31:00Z  502.059  -48.012  -62.988  1.48871E-15  SWARM-A  16.421  227.835
2023-09-19T20:31:30Z  502.860  -49.910  -62.910  1.45975E-15  SWARM-A  16.435  229.740
2023-09-19T20:32:00Z  503.646  -51.807  -62.815  1.43087E-15  SWARM-A  16.450  231.644
2023-09-19T20:32:30Z  504.414  -53.703  -62.701  1.40194E-15  SWARM-A  16.465  233.548
2023-09-19T20:33:00Z  505.162  -55.597  -62.565  1.37325E-15  SWARM-A  16.483  235.453
2023-09-19T20:33:30Z  505.886  -57.490  -62.402  1.34499E-15  SWARM-A  16.502  237.357
2023-09-19T20:34:00Z  506.584  -59.381  -62.207  1.31759E-15  SWARM-A  16.523  239.261
2023-09-19T20:34:30Z  507.254  -61.271  -61.975  1.29055E-15  SWARM-A  16.547  241.165
2023-09-19T20:35:00Z  507.892  -63.158  -61.698  1.26388E-15  SWARM-A  16.574  243.068
2023-09-19T20:35:30Z  508.497  -65.044  -61.365  1.23761E-15  SWARM-A  16.605  244.972
2023-09-19T20:36:00Z  509.067  -66.927  -60.961  1.21170E-15  SWARM-A  16.640  246.876
2023-09-19T20:36:30Z  509.599  -68.808  -60.470  1.18614E-15  SWARM-A  16.681  248.779
2023-09-19T20:37:00Z  510.092  -70.686  -59.865  1.16090E-15  SWARM-A  16.730  250.682
2023-09-19T20:37:30Z  510.544  -72.559  -59.110  1.13570E-15  SWARM-A  16.788  252.586
2023-09-19T20:38:00Z  510.952  -74.427  -58.151  1.11064E-15  SWARM-A  16.860  254.489
2023-09-19T20:38:30Z  511.316  -76.288  -56.905  1.08573E-15  SWARM-A  16.952  256.392
2023-09-19T20:39:00Z  511.634  -78.139  -55.239  1.06099E-15  SWARM-A  17.071  258.295
2023-09-19T20:39:30Z  511.906  -79.974  -52.926  1.03640E-15  SWARM-A  17.234  260.199
2023-09-19T20:40:00Z  512.129  -81.783  -49.544  1.01223E-15  SWARM-A  17.468  262.102
2023-09-19T20:40:30Z  512.304  -83.545  -44.234  9.88723E-16  SWARM-A  17.830  264.005
2023-09-19T20:41:00Z  512.430  -85.207  -35.035  9.65840E-16  SWARM-A  18.452  265.908
2023-09-19T20:41:30Z  512.505  -86.619  -17.170  9.43482E-16  SWARM-A  19.651  267.811
2023-09-19T20:42:00Z  512.531  -87.348  16.608  9.21463E-16  SWARM-A  21.911  269.714
2023-09-19T20:42:30Z  512.506  -86.872  53.551  9.00562E-16  SWARM-A  0.382  271.617
2023-09-19T20:43:00Z  512.431  -85.563  74.556  8.81139E-16  SWARM-A  1.791  273.520
2023-09-19T20:43:30Z  512.306  -83.939  85.168  8.62617E-16  SWARM-A  2.507  275.423
2023-09-19T20:44:00Z  512.132  -82.194  91.134  8.44648E-16  SWARM-A  2.913  277.326
2023-09-19T20:44:30Z  511.908  -80.393  94.859  8.27569E-16  SWARM-A  3.170  279.229
2023-09-19T20:45:00Z  511.637  -78.562  97.370  8.11215E-16  SWARM-A  3.345  281.132
2023-09-19T20:45:30Z  511.318  -76.715  99.160  7.95298E-16  SWARM-A  3.473  283.035
2023-09-19T20:46:00Z  510.954  -74.856  100.488  7.80070E-16  SWARM-A  3.570  284.938
2023-09-19T20:46:30Z  510.544  -72.989  101.505  7.65696E-16  SWARM-A  3.646  286.842
2023-09-19T20:47:00Z  510.092  -71.116  102.301  7.52152E-16  SWARM-A  3.707  288.745
2023-09-19T20:47:30Z  509.598  -69.240  102.937  7.39577E-16  SWARM-A  3.758  290.649
2023-09-19T20:48:00Z  509.064  -67.360  103.452  7.27889E-16  SWARM-A  3.801  292.552
2023-09-19T20:48:30Z  508.493  -65.477  103.873  7.17117E-16  SWARM-A  3.837  294.456
2023-09-19T20:49:00Z  507.886  -63.591  104.221  7.07272E-16  SWARM-A  3.869  296.359
2023-09-19T20:49:30Z  507.245  -61.704  104.511  6.98223E-16  SWARM-A  3.896  298.263
2023-09-19T20:50:00Z  506.573  -59.815  104.752  6.89978E-16  SWARM-A  3.921  300.167
2023-09-19T20:50:30Z  505.872  -57.924  104.955  6.82438E-16  SWARM-A  3.943  302.071
2023-09-19T20:51:00Z  505.144  -56.031  105.124  6.75596E-16  SWARM-A  3.962  303.975
2023-09-19T20:51:30Z  504.393  -54.137  105.266  6.69380E-16  SWARM-A  3.980  305.880
2023-09-19T20:52:00Z  503.621  -52.242  105.385  6.63841E-16  SWARM-A  3.996  307.784
2023-09-19T20:52:30Z  502.831  -50.345  105.484  6.59095E-16  SWARM-A  4.011  309.689
2023-09-19T20:53:00Z  502.025  -48.447  105.566  6.55135E-16  SWARM-A  4.025  311.593
2023-09-19T20:53:30Z  501.206  -46.548  105.633  6.52131E-16  SWARM-A  4.038  313.498
2023-09-19T20:54:00Z  500.378  -44.647  105.687  6.50110E-16  SWARM-A  4.050  315.403
2023-09-19T20:54:30Z  499.543  -42.745  105.729  6.48666E-16  SWARM-A  4.061  317.308
2023-09-19T20:55:00Z  498.704  -40.842  105.762  6.47707E-16  SWARM-A  4.071  319.214
2023-09-19T20:55:30Z  497.864  -38.938  105.786  6.46878E-16  SWARM-A  4.081  321.119
2023-09-19T20:56:00Z  497.027  -37.033  105.802  6.46016E-16  SWARM-A  4.091  323.025
2023-09-19T20:56:30Z  496.194  -35.126  105.812  6.45139E-16  SWARM-A  4.100  324.931
2023-09-19T20:57:00Z  495.369  -33.219  105.815  6.44475E-16  SWARM-A  4.108  326.837
2023-09-19T20:57:30Z  494.554  -31.311  105.813  6.44251E-16  SWARM-A  4.116  328.743
2023-09-19T20:58:00Z  493.753  -29.401  105.806  6.44601E-16  SWARM-A  4.124  330.649
2023-09-19T20:58:30Z  492.967  -27.491  105.794  6.45613E-16  SWARM-A  4.132  332.556
2023-09-19T20:59:00Z  492.200  -25.580  105.779  6.47202E-16  SWARM-A  4.139  334.462
2023-09-19T20:59:30Z  491.455  -23.667  105.761  6.49411E-16  SWARM-A  4.146  336.369
2023-09-19T21:00:00Z  490.732  -21.754  105.739  6.52353E-16  SWARM-A  4.153  338.276
2023-09-19T21:00:30Z  490.035  -19.841  105.714  6.55979E-16  SWARM-A  4.160  340.184
2023-09-19T21:01:00Z  489.366  -17.926  105.688  6.60204E-16  SWARM-A  4.166  342.091
2023-09-19T21:01:30Z  488.726  -16.011  105.659  6.64933E-16  SWARM-A  4.173  343.999
2023-09-19T21:02:00Z  488.118  -14.095  105.628  6.70157E-16  SWARM-A  4.179  345.906
2023-09-19T21:02:30Z  487.544  -12.178  105.596  6.75810E-16  SWARM-A  4.185  347.814
2023-09-19T21:03:00Z  487.004  -10.261  105.563  6.81847E-16  SWARM-A  4.191  349.723
2023-09-19T21:03:30Z  486.500  -8.344  105.528  6.88198E-16  SWARM-A  4.198  351.631
2023-09-19T21:04:00Z  486.033  -6.426  105.493  6.94830E-16  SWARM-A  4.203  353.540
2023-09-19T21:04:30Z  485.605  -4.507  105.457  7.01704E-16  SWARM-A  4.209  355.448
2023-09-19T21:05:00Z  485.216  -2.589  105.420  7.08691E-16  SWARM-A  4.215  357.357
2023-09-19T21:05:30Z  484.867  -0.670  105.383  7.15807E-16  SWARM-A  4.221  359.266
2023-09-19T21:06:00Z  484.558  1.250  105.346  7.23019E-16  SWARM-A  4.227  1.176
2023-09-19T21:06:30Z  484.290  3.169  105.310  7.30241E-16  SWARM-A  4.233  3.085
2023-09-19T21:07:00Z  484.063  5.088  105.273  7.37506E-16  SWARM-A  4.239  4.995
2023-09-19T21:07:30Z  483.877  7.008  105.237  7.44771E-16  SWARM-A  4.245  6.904
2023-09-19T21:08:00Z  483.732  8.927  105.202  7.52015E-16  SWARM-A  4.251  8.814
2023-09-19T21:08:30Z  483.626  10.846  105.168  7.59288E-16  SWARM-A  4.257  10.724
2023-09-19T21:09:00Z  483.561  12.765  105.135  7.66587E-16  SWARM-A  4.263  12.635
2023-09-19T21:09:30Z  483.535  14.684  105.104  7.73902E-16  SWARM-A  4.269  14.545
2023-09-19T21:10:00Z  483.546  16.603  105.074  7.81295E-16  SWARM-A  4.276  16.456
2023-09-19T21:10:30Z  483.595  18.521  105.046  7.88753E-16  SWARM-A  4.282  18.366
2023-09-19T21:11:00Z  483.680  20.439  105.020  7.96329E-16  SWARM-A  4.289  20.277
2023-09-19T21:11:30Z  483.800  22.356  104.996  8.04004E-16  SWARM-A  4.295  22.188
2023-09-19T21:12:00Z  483.952  24.273  104.976  8.11794E-16  SWARM-A  4.302  24.099
2023-09-19T21:12:30Z  484.136  26.190  104.959  8.19723E-16  SWARM-A  4.310  26.011
2023-09-19T21:13:00Z  484.350  28.105  104.945  8.27789E-16  SWARM-A  4.317  27.922
2023-09-19T21:13:30Z  484.591  30.021  104.935  8.35953E-16  SWARM-A  4.325  29.834
2023-09-19T21:14:00Z  484.858  31.935  104.930  8.44236E-16  SWARM-A  4.333  31.745
2023-09-19T21:14:30Z  485.148  33.849  104.930  8.52539E-16  SWARM-A  4.341  33.657
2023-09-19T21:15:00Z  485.460  35.762  104.936  8.60867E-16  SWARM-A  4.350  35.569
2023-09-19T21:15:30Z  485.792  37.674  104.948  8.69210E-16  SWARM-A  4.359  37.481
2023-09-19T21:16:00Z  486.140  39.586  104.967  8.77452E-16  SWARM-A  4.369  39.393
2023-09-19T21:16:30Z  486.502  41.496  104.995  8.85570E-16  SWARM-A  4.379  41.306
2023-09-19T21:17:00Z  486.877  43.406  105.031  8.93339E-16  SWARM-A  4.389  43.218
2023-09-19T21:17:30Z  487.262  45.315  105.079  9.00839E-16  SWARM-A  4.401  45.130
2023-09-19T21:18:00Z  487.654  47.222  105.138  9.08082E-16  SWARM-A  4.413  47.043
2023-09-19T21:18:30Z  488.051  49.129  105.211  9.15079E-16  SWARM-A  4.426  48.956
2023-09-19T21:19:00Z  488.450  51.035  105.299  9.21853E-16  SWARM-A  4.441  50.868
2023-09-19T21:19:30Z  488.849  52.939  105.406  9.28516E-16  SWARM-A  4.456  52.781
2023-09-19T21:20:00Z  489.245  54.843  105.534  9.35215E-16  SWARM-A  4.473  54.694
2023-09-19T21:20:30Z  489.637  56.745  105.688  9.42132E-16  SWARM-A  4.492  56.607
2023-09-19T21:21:00Z  490.022  58.645  105.871  9.49506E-16  SWARM-A  4.512  58.520
2023-09-19T21:21:30Z  490.397  60.545  106.089  9.57428E-16  SWARM-A  4.535  60.433
2023-09-19T21:22:00Z  490.760  62.442  106.350  9.65895E-16  SWARM-A  4.561  62.346
2023-09-19T21:22:30Z  491.110  64.338  106.663  9.74415E-16  SWARM-A  4.590  64.259
2023-09-19T21:23:00Z  491.444  66.232  107.042  9.82961E-16  SWARM-A  4.623  66.172
2023-09-19T21:23:30Z  491.761  68.123  107.501  9.91404E-16  SWARM-A  4.662  68.086
2023-09-19T21:24:00Z  492.059  70.012  108.065  9.99728E-16  SWARM-A  4.708  69.999
2023-09-19T21:24:30Z  492.335  71.897  108.767  1.00822E-15  SWARM-A  4.764  71.912
2023-09-19T21:25:00Z  492.589  73.777  109.653  1.01695E-15  SWARM-A  4.831  73.826
2023-09-19T21:25:30Z  492.818  75.650  110.795  1.02626E-15  SWARM-A  4.915  75.739
2023-09-19T21:26:00Z  493.023  77.515  112.308  1.03615E-15  SWARM-A  5.025  77.652
2023-09-19T21:26:30Z  493.201  79.366  114.382  1.04680E-15  SWARM-A  5.171  79.566
2023-09-19T21:27:00Z  493.352  81.195  117.364  1.05830E-15  SWARM-A  5.378  81.479
2023-09-19T21:27:30Z  493.475  82.986  121.937  1.07065E-15  SWARM-A  5.692  83.393
2023-09-19T21:28:00Z  493.569  84.698  129.609  1.08385E-15  SWARM-A  6.211  85.306
2023-09-19T21:28:30Z  493.634  86.225  144.055  1.09778E-15  SWARM-A  7.183  87.220
2023-09-19T21:29:00Z  493.669  87.239  172.792  1.11244E-15  SWARM-A  9.107  89.133
2023-09-19T21:29:30Z  493.674  87.134  -147.872  1.12870E-15  SWARM-A  11.738  91.047
2023-09-19T21:30:00Z  493.650  85.995  -122.003  1.14639E-15  SWARM-A  13.471  92.960
2023-09-19T21:30:30Z  493.596  84.424  -109.091  1.16470E-15  SWARM-A  14.340  94.874
2023-09-19T21:31:00Z  493.512  82.694  -102.098  1.18361E-15  SWARM-A  14.814  96.787
2023-09-19T21:31:30Z  493.400  80.896  -97.860  1.20321E-15  SWARM-A  15.105  98.701
2023-09-19T21:32:00Z  493.260  79.062  -95.061  1.22349E-15  SWARM-A  15.300  100.614
2023-09-19T21:32:30Z  493.092  77.209  -93.098  1.24446E-15  SWARM-A  15.439  102.527
2023-09-19T21:33:00Z  492.899  75.343  -91.656  1.26612E-15  SWARM-A  15.544  104.441
2023-09-19T21:33:30Z  492.680  73.468  -90.563  1.28854E-15  SWARM-A  15.625  106.354
2023-09-19T21:34:00Z  492.437  71.587  -89.711  1.31169E-15  SWARM-A  15.690  108.267
2023-09-19T21:34:30Z  492.172  69.701  -89.035  1.33549E-15  SWARM-A  15.743  110.181
2023-09-19T21:35:00Z  491.886  67.813  -88.490  1.35989E-15  SWARM-A  15.788  112.094
2023-09-19T21:35:30Z  491.581  65.921  -88.046  1.38478E-15  SWARM-A  15.826  114.007
2023-09-19T21:36:00Z  491.258  64.027  -87.679  1.40995E-15  SWARM-A  15.859  115.920
2023-09-19T21:36:30Z  490.920  62.131  -87.375  1.43529E-15  SWARM-A  15.887  117.833
2023-09-19T21:37:00Z  490.568  60.233  -87.122  1.46058E-15  SWARM-A  15.913  119.746
2023-09-19T21:37:30Z  490.205  58.334  -86.910  1.48574E-15  SWARM-A  15.935  121.659
2023-09-19T21:38:00Z  489.833  56.433  -86.732  1.51065E-15  SWARM-A  15.955  123.572
2023-09-19T21:38:30Z  489.454  54.531  -86.583  1.53523E-15  SWARM-A  15.974  125.485
2023-09-19T21:39:00Z  489.070  52.627  -86.459  1.55944E-15  SWARM-A  15.990  127.397
2023-09-19T21:39:30Z  488.684  50.723  -86.355  1.58306E-15  SWARM-A  16.005  129.310
2023-09-19T21:40:00Z  488.298  48.817  -86.269  1.60599E-15  SWARM-A  16.020  131.222
2023-09-19T21:40:30Z  487.914  46.910  -86.198  1.62790E-15  SWARM-A  16.033  133.135
2023-09-19T21:41:00Z  487.535  45.003  -86.141  1.64862E-15  SWARM-A  16.045  135.047
2023-09-19T21:41:30Z  487.163  43.094  -86.096  1.66807E-15  SWARM-A  16.056  136.959
2023-09-19T21:42:00Z  486.801  41.184  -86.061  1.68617E-15  SWARM-A  16.067  138.872
2023-09-19T21:42:30Z  486.451  39.274  -86.035  1.70297E-15  SWARM-A  16.077  140.784
2023-09-19T21:43:00Z  486.115  37.362  -86.017  1.71854E-15  SWARM-A  16.086  142.696
2023-09-19T21:43:30Z  485.797  35.450  -86.006  1.73293E-15  SWARM-A  16.095  144.607
2023-09-19T21:44:00Z  485.497  33.537  -86.001  1.74627E-15  SWARM-A  16.104  146.519
2023-09-19T21:44:30Z  485.219  31.623  -86.002  1.75868E-15  SWARM-A  16.112  148.431
2023-09-19T21:45:00Z  484.964  29.709  -86.008  1.77020E-15  SWARM-A  16.120  150.342
2023-09-19T21:45:30Z  484.734  27.794  -86.018  1.78094E-15  SWARM-A  16.128  152.253
2023-09-19T21:46:00Z  484.533  25.878  -86.032  1.79074E-15  SWARM-A  16.135  154.164
2023-09-19T21:46:30Z  484.360  23.962  -86.050  1.79992E-15  SWARM-A  16.142  156.076
2023-09-19T21:47:00Z  484.219  22.045  -86.071  1.80855E-15  SWARM-A  16.149  157.986
2023-09-19T21:47:30Z  484.110  20.128  -86.095  1.81664E-15  SWARM-A  16.156  159.897
2023-09-19T21:48:00Z  484.036  18.210  -86.121  1.82422E-15  SWARM-A  16.163  161.808
2023-09-19T21:48:30Z  483.997  16.292  -86.150  1.83124E-15  SWARM-A  16.169  163.718
2023-09-19T21:49:00Z  483.995  14.374  -86.180  1.83771E-15  SWARM-A  16.176  165.629
2023-09-19T21:49:30Z  484.030  12.455  -86.212  1.84356E-15  SWARM-A  16.182  167.539
2023-09-19T21:50:00Z  484.104  10.536  -86.245  1.84874E-15  SWARM-A  16.188  169.449
2023-09-19T21:50:30Z  484.218  8.617  -86.279  1.85315E-15  SWARM-A  16.194  171.358
2023-09-19T21:51:00Z  484.371  6.698  -86.314  1.85674E-15  SWARM-A  16.200  173.268
2023-09-19T21:51:30Z  484.564  4.779  -86.350  1.85939E-15  SWARM-A  16.206  175.178
2023-09-19T21:52:00Z  484.798  2.860  -86.387  1.86100E-15  SWARM-A  16.212  177.087
2023-09-19T21:52:30Z  485.072  0.941  -86.423  1.86147E-15  SWARM-A  16.218  178.996
2023-09-19T21:53:00Z  485.387  -0.978  -86.460  1.86072E-15  SWARM-A  16.223  180.905
2023-09-19T21:53:30Z  485.741  -2.896  -86.497  1.85864E-15  SWARM-A  16.229  182.814
2023-09-19T21:54:00Z  486.135  -4.815  -86.533  1.85514E-15  SWARM-A  16.235  184.722
2023-09-19T21:54:30Z  486.568  -6.733  -86.569  1.85018E-15  SWARM-A  16.241  186.631
2023-09-19T21:55:00Z  487.038  -8.650  -86.605  1.84367E-15  SWARM-A  16.247  188.539
2023-09-19T21:55:30Z  487.545  -10.568  -86.639  1.83560E-15  SWARM-A  16.253  190.447
2023-09-19T21:56:00Z  488.087  -12.484  -86.672  1.82594E-15  SWARM-A  16.259  192.355
2023-09-19T21:56:30Z  488.664  -14.401  -86.704  1.81468E-15  SWARM-A  16.266  194.263
2023-09-19T21:57:00Z  489.273  -16.316  -86.734  1.80181E-15  SWARM-A  16.272  196.170
2023-09-19T21:57:30Z  489.912  -18.231  -86.763  1.78735E-15  SWARM-A  16.278  198.078
2023-09-19T21:58:00Z  490.581  -20.145  -86.789  1.77133E-15  SWARM-A  16.285  199.985
2023-09-19T21:58:30Z  491.276  -22.059  -86.813  1.75389E-15  SWARM-A  16.292  201.892
2023-09-19T21:59:00Z  491.996  -23.971  -86.834  1.73511E-15  SWARM-A  16.299  203.799
2023-09-19T21:59:30Z  492.739  -25.883  -86.852  1.71485E-15  SWARM-A  16.306  205.705
2023-09-19T22:00:00Z  493.501  -27.794  -86.867  1.69312E-15  SWARM-A  16.313  207.612
2023-09-19T22:00:30Z  494.281  -29.704  -86.878  1.66984E-15  SWARM-A  16.321  209.518
2023-09-19T22:01:00Z  495.076  -31.613  -86.884  1.64500E-15  SWARM-A  16.329  211.424
2023-09-19T22:01:30Z  495.884  -33.521  -86.885  1.61884E-15  SWARM-A  16.337  213.330
2023-09-19T22:02:00Z  496.701  -35.428  -86.881  1.59156E-15  SWARM-A  16.345  215.236
2023-09-19T22:02:30Z  497.525  -37.334  -86.870  1.56318E-15  SWARM-A  16.355  217.142
2023-09-19T22:03:00Z  498.352  -39.239  -86.853  1.53382E-15  SWARM-A  16.364  219.047
2023-09-19T22:03:30Z  499.181  -41.143  -86.828  1.50358E-15  SWARM-A  16.374  220.952
2023-09-19T22:04:00Z  500.008  -43.046  -86.793  1.47263E-15  SWARM-A  16.385  222.857
2023-09-19T22:04:30Z  500.831  -44.947  -86.749  1.44106E-15  SWARM-A  16.396  224.762
2023-09-19T22:05:00Z  501.646  -46.847  -86.693  1.40904E-15  SWARM-A  16.408  226.667
2023-09-19T22:05:30Z  502.450  -48.746  -86.624  1.37668E-15  SWARM-A  16.421  228.572
2023-09-19T22:06:00Z  503.241  -50.644  -86.539  1.34413E-15  SWARM-A  16.435  230.476
2023-09-19T22:06:30Z  504.016  -52.540  -86.437  1.31126E-15  SWARM-A  16.450  232.381
2023-09-19T22:07:00Z  504.771  -54.436  -86.315  1.27845E-15  SWARM-A  16.467  234.285
2023-09-19T22:07:30Z  505.505  -56.329  -86.168  1.24580E-15  SWARM-A  16.485  236.189
2023-09-19T22:08:00Z  506.215  -58.221  -85.994  1.21342E-15  SWARM-A  16.505  238.093
2023-09-19T22:08:30Z  506.897  -60.112  -85.786  1.18141E-15  SWARM-A  16.527  239.997
2023-09-19T22:09:00Z  507.551  -62.001  -85.537  1.14983E-15  SWARM-A  16.552  241.901
2023-09-19T22:09:30Z  508.172  -63.888  -85.239  1.11870E-15  SWARM-A  16.580  243.805
2023-09-19T22:10:00Z  508.759  -65.773  -84.880  1.08806E-15  SWARM-A  16.612  245.708
2023-09-19T22:10:30Z  509.311  -67.655  -84.445  1.05782E-15  SWARM-A  16.650  247.612
2023-09-19T22:11:00Z  509.823  -69.534  -83.913  1.02788E-15  SWARM-A  16.693  249.515
2023-09-19T22:11:30Z  510.296  -71.410  -83.254  9.98094E-16  SWARM-A  16.746  251.419
2023-09-19T22:12:00Z  510.727  -73.282  -82.427  9.68321E-16  SWARM-A  16.809  253.322
2023-09-19T22:12:30Z  511.114  -75.148  -81.368  9.38628E-16  SWARM-A  16.888  255.225
2023-09-19T22:13:00Z  511.457  -77.005  -79.979  9.09262E-16  SWARM-A  16.989  257.128
2023-09-19T22:13:30Z  511.753  -78.850  -78.096  8.80778E-16  SWARM-A  17.123  259.031
2023-09-19T22:14:00Z  512.002  -80.677  -75.434  8.53628E-16  SWARM-A  17.309  260.934
2023-09-19T22:14:30Z  512.202  -82.471  -71.444  8.28140E-16  SWARM-A  17.583  262.838
2023-09-19T22:15:00Z  512.354  -84.203  -64.961  8.04221E-16  SWARM-A  18.024  264.741
2023-09-19T22:15:30Z  512.456  -85.796  -53.215  7.81883E-16  SWARM-A  18.815  266.644
2023-09-19T22:16:00Z  512.508  -87.018  -29.800  7.61057E-16  SWARM-A  20.384  268.547
2023-09-19T22:16:30Z  512.510  -87.306  8.599  7.40944E-16  SWARM-A  22.953  270.450
2023-09-19T22:17:00Z  512.462  -86.426  39.784  7.22661E-16  SWARM-A  1.040  272.353
2023-09-19T22:17:30Z  512.364  -84.956  55.790  7.05892E-16  SWARM-A  2.115  274.256
2023-09-19T22:18:00Z  512.216  -83.273  64.168  6.90267E-16  SWARM-A  2.682  276.159
2023-09-19T22:18:30Z  512.019  -81.501  69.090  6.75673E-16  SWARM-A  3.019  278.062
2023-09-19T22:19:00Z  511.773  -79.687  72.265  6.62158E-16  SWARM-A  3.239  279.965
2023-09-19T22:19:30Z  511.479  -77.849  74.456  6.49704E-16  SWARM-A  3.393  281.868
2023-09-19T22:20:00Z  511.139  -75.996  76.045  6.38347E-16  SWARM-A  3.507  283.771
2023-09-19T22:20:30Z  510.754  -74.134  77.240  6.28115E-16  SWARM-A  3.595  285.675
2023-09-19T22:21:00Z  510.324  -72.265  78.164  6.19069E-16  SWARM-A  3.665  287.578
2023-09-19T22:21:30Z  509.851  -70.391  78.893  6.11246E-16  SWARM-A  3.722  289.481
2023-09-19T22:22:00Z  509.338  -68.513  79.478  6.04620E-16  SWARM-A  3.770  291.385
2023-09-19T22:22:30Z  508.786  -66.631  79.955  5.99103E-16  SWARM-A  3.810  293.289
2023-09-19T22:23:00Z  508.197  -64.747  80.346  5.94664E-16  SWARM-A  3.844  295.192
2023-09-19T22:23:30Z  507.573  -62.861  80.670  5.91215E-16  SWARM-A  3.874  297.096
2023-09-19T22:24:00Z  506.916  -60.973  80.940  5.88664E-16  SWARM-A  3.900  299.000
2023-09-19T22:24:30Z  506.229  -59.083  81.166  5.86638E-16  SWARM-A  3.924  300.904
2023-09-19T22:25:00Z  505.514  -57.191  81.355  5.85293E-16  SWARM-A  3.945  302.808
2023-09-19T22:25:30Z  504.774  -55.298  81.514  5.84476E-16  SWARM-A  3.964  304.712
2023-09-19T22:26:00Z  504.011  -53.404  81.647  5.84009E-16  SWARM-A  3.981  306.617
2023-09-19T22:26:30Z  503.228  -51.508  81.758  5.83922E-16  SWARM-A  3.996  308.521
2023-09-19T22:27:00Z  502.428  -49.610  81.850  5.84156E-16  SWARM-A  4.011  310.426
2023-09-19T22:27:30Z  501.614  -47.712  81.926  5.84581E-16  SWARM-A  4.024  312.331
2023-09-19T22:28:00Z  500.788  -45.812  81.987  5.85347E-16  SWARM-A  4.037  314.236
2023-09-19T22:28:30Z  499.954  -43.911  82.037  5.86432E-16  SWARM-A  4.048  316.141
2023-09-19T22:29:00Z  499.114  -42.008  82.076  5.87674E-16  SWARM-A  4.059  318.046
2023-09-19T22:29:30Z  498.271  -40.105  82.105  5.88863E-16  SWARM-A  4.070  319.952
2023-09-19T22:30:00Z  497.428  -38.200  82.126  5.89920E-16  SWARM-A  4.079  321.857
2023-09-19T22:30:30Z  496.589  -36.294  82.140  5.90774E-16  SWARM-A  4.089  323.763
2023-09-19T22:31:00Z  495.756  -34.388  82.147  5.91554E-16  SWARM-A  4.097  325.669
2023-09-19T22:31:30Z  494.931  -32.480  82.148  5.92344E-16  SWARM-A  4.106  327.575
2023-09-19T22:32:00Z  494.118  -30.571  82.144  5.93019E-16  SWARM-A  4.114  329.482
2023-09-19T22:32:30Z  493.320  -28.661  82.135  5.93823E-16  SWARM-A  4.122  331.388
2023-09-19T22:33:00Z  492.538  -26.750  82.122  5.94841E-16  SWARM-A  4.129  333.295
2023-09-19T22:33:30Z  491.776  -24.838  82.106  5.96248E-16  SWARM-A  4.136  335.202
2023-09-19T22:34:00Z  491.036  -22.926  82.086  5.98029E-16  SWARM-A  4.143  337.109
2023-09-19T22:34:30Z  490.320  -21.012  82.063  6.00236E-16  SWARM-A  4.150  339.016
2023-09-19T22:35:00Z  489.631  -19.098  82.038  6.03353E-16  SWARM-A  4.157  340.923
2023-09-19T22:35:30Z  488.971  -17.183  82.010  6.06951E-16  SWARM-A  4.163  342.831
2023-09-19T22:36:00Z  488.341  -15.268  81.981  6.10927E-16  SWARM-A  4.170  344.739
2023-09-19T22:36:30Z  487.744  -13.351  81.950  6.15243E-16  SWARM-A  4.176  346.647
2023-09-19T22:37:00Z  487.180  -11.435  81.917  6.19902E-16  SWARM-A  4.182  348.555
2023-09-19T22:37:30Z  486.653  -9.517  81.883  6.24808E-16  SWARM-A  4.188  350.463
2023-09-19T22:38:00Z  486.162  -7.599  81.848  6.29860E-16  SWARM-A  4.194  352.371
2023-09-19T22:38:30Z  485.710  -5.681  81.813  6.35067E-16  SWARM-A  4.200  354.280
2023-09-19T22:39:00Z  485.297  -3.763  81.776  6.40429E-16  SWARM-A  4.206  356.189
2023-09-19T22:39:30Z  484.923  -1.844  81.740  6.45168E-16  SWARM-A  4.212  358.098
2023-09-19T22:40:00Z  484.591  0.075  81.703  6.49895E-16  SWARM-A  4.218  0.007
2023-09-19T22:40:30Z  484.299  1.995  81.666  6.54656E-16  SWARM-A  4.224  1.917
2023-09-19T22:41:00Z  484.049  3.914  81.630  6.59506E-16  SWARM-A  4.230  3.826
2023-09-19T22:41:30Z  483.840  5.833  81.593  6.64364E-16  SWARM-A  4.236  5.736
2023-09-19T22:42:00Z  483.673  7.753  81.558  6.69219E-16  SWARM-A  4.242  7.646
2023-09-19T22:42:30Z  483.546  9.672  81.523  6.74108E-16  SWARM-A  4.248  9.556
2023-09-19T22:43:00Z  483.461  11.591  81.489  6.78990E-16  SWARM-A  4.254  11.466
2023-09-19T22:43:30Z  483.415  13.510  81.457  6.83885E-16  SWARM-A  4.260  13.377
2023-09-19T22:44:00Z  483.408  15.429  81.426  6.88787E-16  SWARM-A  4.266  15.287
2023-09-19T22:44:30Z  483.439  17.348  81.397  6.93712E-16  SWARM-A  4.273  17.198
2023-09-19T22:45:00Z  483.507  19.266  81.370  6.98656E-16  SWARM-A  4.279  19.109
2023-09-19T22:45:30Z  483.611  21.184  81.345  7.03466E-16  SWARM-A  4.286  21.020
2023-09-19T22:46:00Z  483.749  23.101  81.323  7.08246E-16  SWARM-A  4.293  22.931
2023-09-19T22:46:30Z  483.919  25.018  81.303  7.13071E-16  SWARM-A  4.300  24.842
2023-09-19T22:47:00Z  484.120  26.934  81.287  7.17895E-16  SWARM-A  4.307  26.753
2023-09-19T22:47:30Z  484.351  28.850  81.275  7.22747E-16  SWARM-A  4.314  28.665
2023-09-19T22:48:00Z  484.608  30.765  81.267  7.27592E-16  SWARM-A  4.322  30.577
2023-09-19T22:48:30Z  484.890  32.679  81.264  7.32423E-16  SWARM-A  4.330  32.488
2023-09-19T22:49:00Z  485.195  34.592  81.266  7.37248E-16  SWARM-A  4.339  34.400
2023-09-19T22:49:30Z  485.520  36.505  81.274  7.42022E-16  SWARM-A  4.348  36.312
2023-09-19T22:50:00Z  485.864  38.417  81.289  7.46727E-16  SWARM-A  4.357  38.224
2023-09-19T22:50:30Z  486.224  40.328  81.312  7.51368E-16  SWARM-A  4.367  40.137
2023-09-19T22:51:00Z  486.598  42.239  81.343  7.55757E-16  SWARM-A  4.377  42.049
2023-09-19T22:51:30Z  486.982  44.148  81.383  7.60005E-16  SWARM-A  4.388  43.961
2023-09-19T22:52:00Z  487.376  46.056  81.435  7.64140E-16  SWARM-A  4.400  45.874
2023-09-19T22:52:30Z  487.776  47.964  81.499  7.68226E-16  SWARM-A  4.413  47.786
2023-09-19T22:53:00Z  488.180  49.870  81.578  7.72240E-16  SWARM-A  4.426  49.699
2023-09-19T22:53:30Z  488.585  51.775  81.673  7.76337E-16  SWARM-A  4.441  51.612
2023-09-19T22:54:00Z  488.989  53.679  81.788  7.80628E-16  SWARM-A  4.457  53.525
2023-09-19T22:54:30Z  489.390  55.582  81.926  7.85237E-16  SWARM-A  4.474  55.437
2023-09-19T22:55:00Z  489.785  57.484  82.090  7.90450E-16  SWARM-A  4.494  57.350
2023-09-19T22:55:30Z  490.172  59.384  82.286  7.96426E-16  SWARM-A  4.515  59.263
2023-09-19T22:56:00Z  490.549  61.283  82.520  8.03149E-16  SWARM-A  4.539  61.177
2023-09-19T22:56:30Z  490.913  63.180  82.800  8.10435E-16  SWARM-A  4.566  63.090
2023-09-19T22:57:00Z  491.263  65.075  83.137  8.18050E-16  SWARM-A  4.597  65.003
2023-09-19T22:57:30Z  491.597  66.968  83.545  8.26056E-16  SWARM-A  4.632  66.916
2023-09-19T22:58:00Z  491.912  68.858  84.042  8.34482E-16  SWARM-A  4.674  68.829
2023-09-19T22:58:30Z  492.207  70.745  84.655  8.43398E-16  SWARM-A  4.723  70.743
2023-09-19T22:59:00Z  492.480  72.628  85.421  8.52957E-16  SWARM-A  4.783  72.656
2023-09-19T22:59:30Z  492.730  74.506  86.396  8.63287E-16  SWARM-A  4.856  74.569
2023-09-19T23:00:00Z  492.956  76.376  87.666  8.74503E-16  SWARM-A  4.949  76.483
2023-09-19T23:00:30Z  493.156  78.236  89.369  8.86709E-16  SWARM-A  5.071  78.396
2023-09-19T23:01:00Z  493.329  80.080  91.742  8.99942E-16  SWARM-A  5.237  80.310
2023-09-19T23:01:30Z  493.475  81.897  95.232  9.14207E-16  SWARM-A  5.478  82.223
2023-09-19T23:02:00Z  493.592  83.664  100.755  9.29433E-16  SWARM-A  5.855  84.136
2023-09-19T23:02:30Z  493.680  85.323  110.426  9.45565E-16  SWARM-A  6.508  86.050
2023-09-19T23:03:00Z  493.738  86.711  129.404  9.62411E-16  SWARM-A  7.781  87.963
2023-09-19T23:03:30Z  493.767  87.355  164.604  9.80210E-16  SWARM-A  10.136  89.877
2023-09-19T23:04:00Z  493.766  86.775  -159.380  9.99630E-16  SWARM-A  12.546  91.790
2023-09-19T23:04:30Z  493.734  85.414  -139.604  1.02006E-15  SWARM-A  13.873  93.704
2023-09-19T23:05:00Z  493.674  83.764  -129.576  1.04107E-15  SWARM-A  14.549  95.617
2023-09-19T23:05:30Z  493.584  82.002  -123.887  1.06267E-15  SWARM-A  14.937  97.530
2023-09-19T23:06:00Z  493.465  80.187  -120.311  1.08501E-15  SWARM-A  15.184  99.444
2023-09-19T23:06:30Z  493.319  78.344  -117.887  1.10814E-15  SWARM-A  15.354  101.357
2023-09-19T23:07:00Z  493.145  76.485  -116.154  1.13209E-15  SWARM-A  15.478  103.270
2023-09-19T23:07:30Z  492.946  74.615  -114.863  1.15696E-15  SWARM-A  15.572  105.184
2023-09-19T23:08:00Z  492.722  72.738  -113.874  1.18281E-15  SWARM-A  15.646  107.097
2023-09-19T23:08:30Z  492.474  70.855  -113.097  1.20972E-15  SWARM-A  15.706  109.010
2023-09-19T23:09:00Z  492.204  68.969  -112.476  1.23774E-15  SWARM-A  15.756  110.923
2023-09-19T23:09:30Z  491.914  67.079  -111.973  1.26683E-15  SWARM-A  15.798  112.836
2023-09-19T23:10:00Z  491.605  65.186  -111.561  1.29694E-15  SWARM-A  15.834  114.749
2023-09-19T23:10:30Z  491.279  63.291  -111.220  1.32796E-15  SWARM-A  15.865  116.662
2023-09-19T23:11:00Z  490.939  61.395  -110.937  1.36101E-15  SWARM-A  15.892  118.575
2023-09-19T23:11:30Z  490.585  59.496  -110.701  1.39465E-15  SWARM-A  15.916  120.488
2023-09-19T23:12:00Z  490.221  57.596  -110.503  1.42795E-15  SWARM-A  15.938  122.401
2023-09-19T23:12:30Z  489.848  55.695  -110.337  1.46064E-15  SWARM-A  15.957  124.314
2023-09-19T23:13:00Z  489.468  53.793  -110.198  1.49229E-15  SWARM-A  15.975  126.226
2023-09-19T23:13:30Z  489.084  51.889  -110.082  1.52252E-15  SWARM-A  15.991  128.139
2023-09-19T23:14:00Z  488.699  49.984  -109.985  1.54859E-15  SWARM-A  16.005  130.051
2023-09-19T23:14:30Z  488.314  48.078  -109.906  1.57207E-15  SWARM-A  16.019  131.964
2023-09-19T23:15:00Z  487.932  46.171  -109.840  1.59380E-15  SWARM-A  16.032  133.876
2023-09-19T23:15:30Z  487.556  44.263  -109.788  1.61378E-15  SWARM-A  16.044  135.788
2023-09-19T23:16:00Z  487.188  42.354  -109.747  1.63203E-15  SWARM-A  16.055  137.700
2023-09-19T23:16:30Z  486.830  40.444  -109.715  1.65072E-15  SWARM-A  16.065  139.612
2023-09-19T23:17:00Z  486.484  38.533  -109.693  1.66901E-15  SWARM-A  16.075  141.524
2023-09-19T23:17:30Z  486.154  36.622  -109.677  1.68580E-15  SWARM-A  16.084  143.436
2023-09-19T23:18:00Z  485.841  34.709  -109.669  1.70115E-15  SWARM-A  16.093  145.348
2023-09-19T23:18:30Z  485.548  32.796  -109.667  1.71514E-15  SWARM-A  16.102  147.259
2023-09-19T23:19:00Z  485.277  30.882  -109.669  1.72704E-15  SWARM-A  16.110  149.171
2023-09-19T23:19:30Z  485.030  28.968  -109.677  1.73519E-15  SWARM-A  16.118  151.082
2023-09-19T23:20:00Z  484.809  27.052  -109.689  1.74230E-15  SWARM-A  16.125  152.993
2023-09-19T23:20:30Z  484.616  25.137  -109.705  1.74866E-15  SWARM-A  16.133  154.904
2023-09-19T23:21:00Z  484.453  23.220  -109.724  1.75423E-15  SWARM-A  16.140  156.815
2023-09-19T23:21:30Z  484.321  21.303  -109.746  1.75913E-15  SWARM-A  16.146  158.726
2023-09-19T23:22:00Z  484.223  19.386  -109.771  1.76332E-15  SWARM-A  16.153  160.637
2023-09-19T23:22:30Z  484.160  17.468  -109.798  1.76639E-15  SWARM-A  16.160  162.547
2023-09-19T23:23:00Z  484.132  15.550  -109.827  1.76895E-15  SWARM-A  16.166  164.457
2023-09-19T23:23:30Z  484.142  13.632  -109.858  1.77101E-15  SWARM-A  16.172  166.367
2023-09-19T23:24:00Z  484.189  11.713  -109.890  1.77256E-15  SWARM-A  16.179  168.277
2023-09-19T23:24:30Z  484.276  9.794  -109.924  1.77360E-15  SWARM-A  16.185  170.187
2023-09-19T23:25:00Z  484.402  7.875  -109.958  1.77402E-15  SWARM-A  16.191  172.097
2023-09-19T23:25:30Z  484.568  5.956  -109.994  1.77377E-15  SWARM-A  16.197  174.006
2023-09-19T23:26:00Z  484.774  4.037  -110.030  1.77280E-15  SWARM-A  16.203  175.916
2023-09-19T23:26:30Z  485.020  2.118  -110.067  1.77096E-15  SWARM-A  16.208  177.825
2023-09-19T23:27:00Z  485.307  0.199  -110.103  1.76817E-15  SWARM-A  16.214  179.734
2023-09-19T23:27:30Z  485.634  -1.719  -110.140  1.76433E-15  SWARM-A  16.220  181.643
2023-09-19T23:28:00Z  486.001  -3.638  -110.177  1.75934E-15  SWARM-A  16.226  183.552
2023-09-19T23:28:30Z  486.406  -5.556  -110.213  1.75314E-15  SWARM-A  16.232  185.460
2023-09-19T23:29:00Z  486.850  -7.474  -110.249  1.74570E-15  SWARM-A  16.238  187.368
2023-09-19T23:29:30Z  487.331  -9.391  -110.284  1.73703E-15  SWARM-A  16.244  189.276
2023-09-19T23:30:00Z  487.848  -11.308  -110.318  1.72702E-15  SWARM-A  16.250  191.184
2023-09-19T23:30:30Z  488.400  -13.225  -110.351  1.71580E-15  SWARM-A  16.256  193.092
2023-09-19T23:31:00Z  488.985  -15.141  -110.382  1.70335E-15  SWARM-A  16.262  195.000
2023-09-19T23:31:30Z  489.602  -17.056  -110.411  1.68967E-15  SWARM-A  16.269  196.907
2023-09-19T23:32:00Z  490.249  -18.971  -110.439  1.67483E-15  SWARM-A  16.275  198.814
2023-09-19T23:32:30Z  490.924  -20.884  -110.465  1.65892E-15  SWARM-A  16.282  200.721
2023-09-19T23:33:00Z  491.624  -22.798  -110.487  1.64193E-15  SWARM-A  16.289  202.628
2023-09-19T23:33:30Z  492.349  -24.710  -110.507  1.62398E-15  SWARM-A  16.296  204.535
2023-09-19T23:34:00Z  493.094  -26.621  -110.524  1.60505E-15  SWARM-A  16.303  206.442
2023-09-19T23:34:30Z  493.859  -28.532  -110.537  1.58535E-15  SWARM-A  16.310  208.348
2023-09-19T23:35:00Z  494.640  -30.441  -110.546  1.56491E-15  SWARM-A  16.318  210.254
2023-09-19T23:35:30Z  495.436  -32.350  -110.551  1.54377E-15  SWARM-A  16.326  212.160
2023-09-19T23:36:00Z  496.242  -34.258  -110.550  1.52205E-15  SWARM-A  16.335  214.066
2023-09-19T23:36:30Z  497.057  -36.164  -110.543  1.49975E-15  SWARM-A  16.343  215.972
2023-09-19T23:37:00Z  497.878  -38.070  -110.530  1.47699E-15  SWARM-A  16.353  217.877
2023-09-19T23:37:30Z  498.701  -39.974  -110.510  1.45381E-15  SWARM-A  16.362  219.783
2023-09-19T23:38:00Z  499.525  -41.878  -110.481  1.43027E-15  SWARM-A  16.373  221.688
2023-09-19T23:38:30Z  500.345  -43.780  -110.443  1.40645E-15  SWARM-A  16.383  223.593
2023-09-19T23:39:00Z  501.160  -45.681  -110.394  1.38240E-15  SWARM-A  16.395  225.498
2023-09-19T23:39:30Z  501.966  -47.580  -110.333  1.35824E-15  SWARM-A  16.407  227.402
2023-09-19T23:40:00Z  502.760  -49.479  -110.259  1.33402E-15  SWARM-A  16.421  229.307
2023-09-19T23:40:30Z  503.540  -51.376  -110.168  1.30976E-15  SWARM-A  16.435  231.212
2023-09-19T23:41:00Z  504.302  -53.272  -110.058  1.28552E-15  SWARM-A  16.451  233.116
2023-09-19T23:41:30Z  505.045  -55.167  -109.927  1.26165E-15  SWARM-A  16.468  235.020
2023-09-19T23:42:00Z  505.764  -57.060  -109.770  1.23796E-15  SWARM-A  16.487  236.924
2023-09-19T23:42:30Z  506.459  -58.951  -109.583  1.21449E-15  SWARM-A  16.507  238.828
2023-09-19T23:43:00Z  507.125  -60.841  -109.361  1.19136E-15  SWARM-A  16.531  240.732
2023-09-19T23:43:30Z  507.762  -62.729  -109.094  1.16848E-15  SWARM-A  16.557  242.636
2023-09-19T23:44:00Z  508.365  -64.616  -108.774  1.14572E-15  SWARM-A  16.586  244.539
2023-09-19T23:44:30Z  508.934  -66.500  -108.388  1.12283E-15  SWARM-A  16.620  246.443
2023-09-19T23:45:00Z  509.466  -68.381  -107.918  1.09948E-15  SWARM-A  16.660  248.347
2023-09-19T23:45:30Z  509.958  -70.259  -107.341  1.07552E-15  SWARM-A  16.707  250.250
2023-09-19T23:46:00Z  510.410  -72.134  -106.624  1.05108E-15  SWARM-A  16.763  252.153
2023-09-19T23:46:30Z  510.820  -74.003  -105.716  1.02624E-15  SWARM-A  16.832  254.057
2023-09-19T23:47:00Z  511.186  -75.866  -104.544  1.00215E-15  SWARM-A  16.918  255.960
2023-09-19T23:47:30Z  511.506  -77.719  -102.988  9.79303E-16  SWARM-A  17.030  257.863
2023-09-19T23:48:00Z  511.780  -79.559  -100.848  9.57968E-16  SWARM-A  17.181  259.766
2023-09-19T23:48:30Z  512.006  -81.375  -97.761  9.38081E-16  SWARM-A  17.396  261.669
2023-09-19T23:49:00Z  512.184  -83.150  -93.001  9.19352E-16  SWARM-A  17.721  263.572
2023-09-19T23:49:30Z  512.313  -84.843  -84.960  9.01356E-16  SWARM-A  18.266  265.476
2023-09-19T23:50:00Z  512.392  -86.335  -69.717  8.83552E-16  SWARM-A  19.290  267.379
2023-09-19T23:50:30Z  512.421  -87.278  -39.739  8.65089E-16  SWARM-A  21.297  269.282
2023-09-19T23:51:00Z  512.400  -87.077  -0.904  8.46198E-16  SWARM-A  23.894  271.185
2023-09-19T23:51:30Z  512.329  -85.899  23.654  8.28190E-16  SWARM-A  1.540  273.088
2023-09-19T23:52:00Z  512.208  -84.321  35.955  8.10594E-16  SWARM-A  2.368  274.991
2023-09-19T23:52:30Z  512.037  -82.595  42.688  7.93217E-16  SWARM-A  2.826  276.894
2023-09-19T23:53:00Z  511.818  -80.804  46.804  7.76142E-16  SWARM-A  3.108  278.797
2023-09-19T23:53:30Z  511.550  -78.979  49.537  7.59444E-16  SWARM-A  3.299  280.700
2023-09-19T23:54:00Z  511.236  -77.134  51.463  7.43235E-16  SWARM-A  3.436  282.604
2023-09-19T23:54:30Z  510.875  -75.278  52.880  7.27718E-16  SWARM-A  3.538  284.507
2023-09-19T23:55:00Z  510.469  -73.412  53.959  7.13570E-16  SWARM-A  3.619  286.410
2023-09-19T23:55:30Z  510.020  -71.541  54.800  7.00034E-16  SWARM-A  3.683  288.314
2023-09-19T23:56:00Z  509.530  -69.665  55.469  6.87150E-16  SWARM-A  3.736  290.217
2023-09-19T23:56:30Z  508.999  -67.785  56.009  6.74853E-16  SWARM-A  3.780  292.121
2023-09-19T23:57:00Z  508.430  -65.903  56.450  6.63135E-16  SWARM-A  3.818  294.025
2023-09-19T23:57:30Z  507.825  -64.018  56.813  6.51923E-16  SWARM-A  3.851  295.929
2023-09-19T23:58:00Z  507.186  -62.131  57.115  6.41199E-16  SWARM-A  3.879  297.832
2023-09-19T23:58:30Z  506.515  -60.242  57.367  6.30872E-16  SWARM-A  3.904  299.736
2023-09-19T23:59:00Z  505.815  -58.351  57.578  6.20587E-16  SWARM-A  3.927  301.641
2023-09-19T23:59:30Z  505.089  -56.459  57.755  6.10299E-16  SWARM-A  3.947  303.545
2023-09-20T00:00:00Z  504.340  -54.565  57.903  5.90023E-16  SWARM-A  3.965  305.449
2023-09-20T00:00:30Z  503.568  -52.670  58.027  5.70454E-16  SWARM-A  3.981  307.354
2023-09-20T00:01:00Z  502.777  -50.773  58.130  5.61414E-16  SWARM-A  3.997  309.259
2023-09-20T00:01:30Z  501.970  -48.876  58.216  5.52920E-16  SWARM-A  4.011  311.163
2023-09-20T00:02:00Z  501.150  -46.976  58.286  5.44920E-16  SWARM-A  4.024  313.068
2023-09-20T00:02:30Z  500.320  -45.076  58.343  5.37394E-16  SWARM-A  4.036  314.973
2023-09-20T00:03:00Z  499.483  -43.174  58.388  5.30304E-16  SWARM-A  4.047  316.879
2023-09-20T00:03:30Z  498.641  -41.271  58.423  5.23528E-16  SWARM-A  4.058  318.784
2023-09-20T00:04:00Z  497.798  -39.367  58.449  5.17061E-16  SWARM-A  4.068  320.690
2023-09-20T00:04:30Z  496.956  -37.462  58.467  5.10864E-16  SWARM-A  4.078  322.596
2023-09-20T00:05:00Z  496.119  -35.556  58.478  5.05153E-16  SWARM-A  4.087  324.501
2023-09-20T00:05:30Z  495.289  -33.648  58.483  4.99998E-16  SWARM-A  4.095  326.408
2023-09-20T00:06:00Z  494.469  -31.740  58.482  4.95439E-16  SWARM-A  4.103  328.314
2023-09-20T00:06:30Z  493.661  -29.831  58.476  4.91579E-16  SWARM-A  4.111  330.220
2023-09-20T00:07:00Z  492.870  -27.920  58.465  4.88387E-16  SWARM-A  4.119  332.127
2023-09-20T00:07:30Z  492.096  -26.009  58.451  4.85804E-16  SWARM-A  4.126  334.034
2023-09-20T00:08:00Z  491.343  -24.097  58.433  4.83847E-16  SWARM-A  4.134  335.941
2023-09-20T00:08:30Z  490.613  -22.184  58.412  4.82560E-16  SWARM-A  4.141  337.848
2023-09-20T00:09:00Z  489.908  -20.270  58.389  4.81923E-16  SWARM-A  4.147  339.755
2023-09-20T00:09:30Z  489.231  -18.356  58.362  4.81939E-16  SWARM-A  4.154  341.663
2023-09-20T00:10:00Z  488.583  -16.440  58.334  4.82517E-16  SWARM-A  4.160  343.571
2023-09-20T00:10:30Z  487.967  -14.524  58.304  4.83681E-16  SWARM-A  4.167  345.479
2023-09-20T00:11:00Z  487.384  -12.608  58.272  4.85369E-16  SWARM-A  4.173  347.387
2023-09-20T00:11:30Z  486.836  -10.691  58.239  4.87527E-16  SWARM-A  4.179  349.295
2023-09-20T00:12:00Z  486.323  -8.773  58.205  4.90166E-16  SWARM-A  4.185  351.204
2023-09-20T00:12:30Z  485.849  -6.855  58.170  4.93275E-16  SWARM-A  4.191  353.112
2023-09-20T00:13:00Z  485.413  -4.937  58.134  4.96817E-16  SWARM-A  4.197  355.021
2023-09-20T00:13:30Z  485.016  -3.018  58.097  5.00749E-16  SWARM-A  4.203  356.930
2023-09-20T00:14:00Z  484.660  -1.099  58.060  5.05054E-16  SWARM-A  4.209  358.839
2023-09-20T00:14:30Z  484.345  0.820  58.024  5.09686E-16  SWARM-A  4.215  0.749
2023-09-20T00:15:00Z  484.070  2.740  57.987  5.14687E-16  SWARM-A  4.221  2.658
2023-09-20T00:15:30Z  483.837  4.659  57.950  5.20017E-16  SWARM-A  4.226  4.568
2023-09-20T00:16:00Z  483.646  6.579  57.915  5.25692E-16  SWARM-A  4.232  6.478
2023-09-20T00:16:30Z  483.496  8.498  57.879  5.31701E-16  SWARM-A  4.238  8.388
2023-09-20T00:17:00Z  483.386  10.418  57.845  5.38085E-16  SWARM-A  4.244  10.298
2023-09-20T00:17:30Z  483.317  12.337  57.812  5.44831E-16  SWARM-A  4.251  12.208
2023-09-20T00:18:00Z  483.287  14.256  57.780  5.51972E-16  SWARM-A  4.257  14.119
2023-09-20T00:18:30Z  483.297  16.175  57.749  5.59523E-16  SWARM-A  4.263  16.029
2023-09-20T00:19:00Z  483.343  18.093  57.721  5.67481E-16  SWARM-A  4.270  17.940
2023-09-20T00:19:30Z  483.427  20.011  57.695  5.75899E-16  SWARM-A  4.276  19.851
2023-09-20T00:20:00Z  483.545  21.929  57.671  5.84757E-16  SWARM-A  4.283  21.762
2023-09-20T00:20:30Z  483.697  23.846  57.650  5.94084E-16  SWARM-A  4.290  23.674
2023-09-20T00:21:00Z  483.881  25.763  57.632  6.03842E-16  SWARM-A  4.297  25.585
2023-09-20T00:21:30Z  484.095  27.679  57.617  6.14010E-16  SWARM-A  4.304  27.497
2023-09-20T00:22:00Z  484.337  29.594  57.607  6.24564E-16  SWARM-A  4.312  29.408
2023-09-20T00:22:30Z  484.605  31.509  57.600  6.35492E-16  SWARM-A  4.320  31.320
2023-09-20T00:23:00Z  484.898  33.423  57.599  6.46797E-16  SWARM-A  4.328  33.232
2023-09-20T00:23:30Z  485.213  35.336  57.604  6.58367E-16  SWARM-A  4.337  35.144
2023-09-20T00:24:00Z  485.547  37.249  57.614  6.70145E-16  SWARM-A  4.346  37.056
2023-09-20T00:24:30Z  485.899  39.161  57.632  6.82100E-16  SWARM-A  4.355  38.968
2023-09-20T00:25:00Z  486.266  41.072  57.657  6.94214E-16  SWARM-A  4.365  40.880
2023-09-20T00:25:30Z  486.646  42.982  57.692  7.06426E-16  SWARM-A  4.376  42.793
2023-09-20T00:26:00Z  487.037  44.891  57.737  7.18745E-16  SWARM-A  4.387  44.705
2023-09-20T00:26:30Z  487.435  46.799  57.793  7.31098E-16  SWARM-A  4.399  46.618
2023-09-20T00:27:00Z  487.839  48.706  57.863  7.43520E-16  SWARM-A  4.412  48.531
2023-09-20T00:27:30Z  488.245  50.612  57.947  7.56001E-16  SWARM-A  4.426  50.443
2023-09-20T00:28:00Z  488.652  52.516  58.050  7.68369E-16  SWARM-A  4.441  52.356
2023-09-20T00:28:30Z  489.057  54.420  58.173  7.80953E-16  SWARM-A  4.458  54.269
2023-09-20T00:29:00Z  489.458  56.323  58.321  7.93893E-16  SWARM-A  4.476  56.182
2023-09-20T00:29:30Z  489.853  58.224  58.496  8.07323E-16  SWARM-A  4.496  58.095
2023-09-20T00:30:00Z  490.238  60.123  58.706  8.21246E-16  SWARM-A  4.519  60.008
2023-09-20T00:30:30Z  490.612  62.021  58.957  8.35400E-16  SWARM-A  4.544  61.921
2023-09-20T00:31:00Z  490.973  63.918  59.258  8.49751E-16  SWARM-A  4.572  63.835
2023-09-20T00:31:30Z  491.319  65.812  59.620  8.64159E-16  SWARM-A  4.605  65.748
2023-09-20T00:32:00Z  491.647  67.704  60.060  8.78471E-16  SWARM-A  4.642  67.661
2023-09-20T00:32:30Z  491.957  69.593  60.598  8.92687E-16  SWARM-A  4.686  69.574
2023-09-20T00:33:00Z  492.246  71.479  61.265  9.06782E-16  SWARM-A  4.739  71.488
2023-09-20T00:33:30Z  492.512  73.360  62.105  9.20870E-16  SWARM-A  4.803  73.401
2023-09-20T00:34:00Z  492.756  75.236  63.182  9.35029E-16  SWARM-A  4.884  75.314
2023-09-20T00:34:30Z  492.974  77.103  64.599  9.49369E-16  SWARM-A  4.986  77.228
2023-09-20T00:35:00Z  493.166  78.957  66.526  9.63725E-16  SWARM-A  5.123  79.141
2023-09-20T00:35:30Z  493.330  80.792  69.263  9.78562E-16  SWARM-A  5.314  81.055
2023-09-20T00:36:00Z  493.467  82.593  73.393  9.92846E-16  SWARM-A  5.598  82.968
2023-09-20T00:36:30Z  493.575  84.329  80.168  1.00710E-15  SWARM-A  6.058  84.882
2023-09-20T00:37:00Z  493.654  85.913  92.594  1.02158E-15  SWARM-A  6.894  86.795
2023-09-20T00:37:30Z  493.704  87.091  117.498  1.03597E-15  SWARM-A  8.563  88.709
2023-09-20T00:38:00Z  493.723  87.269  156.634  1.05095E-15  SWARM-A  11.180  90.622
2023-09-20T00:38:30Z  493.713  86.302  -173.621  1.06687E-15  SWARM-A  13.172  92.536
2023-09-20T00:39:00Z  493.673  84.792  -158.593  1.08295E-15  SWARM-A  14.182  94.449
2023-09-20T00:39:30Z  493.603  83.086  -150.666  1.09916E-15  SWARM-A  14.719  96.362
2023-09-20T00:40:00Z  493.504  81.299  -145.970  1.11560E-15  SWARM-A  15.040  98.276
2023-09-20T00:40:30Z  493.378  79.472  -142.921  1.13255E-15  SWARM-A  15.252  100.189
2023-09-20T00:41:00Z  493.223  77.622  -140.806  1.15010E-15  SWARM-A  15.401  102.103
2023-09-20T00:41:30Z  493.042  75.758  -139.268  1.16851E-15  SWARM-A  15.512  104.016
2023-09-20T00:42:00Z  492.836  73.885  -138.108  1.18801E-15  SWARM-A  15.598  105.929
2023-09-20T00:42:30Z  492.605  72.005  -137.210  1.20879E-15  SWARM-A  15.666  107.842
2023-09-20T00:43:00Z  492.351  70.121  -136.500  1.23104E-15  SWARM-A  15.722  109.756
2023-09-20T00:43:30Z  492.075  68.233  -135.929  1.25486E-15  SWARM-A  15.768  111.669
2023-09-20T00:44:00Z  491.780  66.342  -135.465  1.28051E-15  SWARM-A  15.807  113.582
2023-09-20T00:44:30Z  491.467  64.448  -135.083  1.30775E-15  SWARM-A  15.841  115.495
2023-09-20T00:45:00Z  491.137  62.553  -134.766  1.33569E-15  SWARM-A  15.870  117.408
2023-09-20T00:45:30Z  490.793  60.655  -134.502  1.36365E-15  SWARM-A  15.896  119.321
2023-09-20T00:46:00Z  490.437  58.756  -134.282  1.39100E-15  SWARM-A  15.919  121.234
2023-09-20T00:46:30Z  490.071  56.856  -134.097  1.41725E-15  SWARM-A  15.940  123.146
2023-09-20T00:47:00Z  489.696  54.954  -133.943  1.44219E-15  SWARM-A  15.959  125.059
2023-09-20T00:47:30Z  489.316  53.051  -133.813  1.46578E-15  SWARM-A  15.976  126.972
2023-09-20T00:48:00Z  488.933  51.147  -133.705  1.48817E-15  SWARM-A  15.991  128.884
2023-09-20T00:48:30Z  488.549  49.241  -133.615  1.50938E-15  SWARM-A  16.006  130.797
2023-09-20T00:49:00Z  488.167  47.335  -133.542  1.52946E-15  SWARM-A  16.019  132.709
2023-09-20T00:49:30Z  487.788  45.427  -133.482  1.54838E-15  SWARM-A  16.031  134.621
2023-09-20T00:50:00Z  487.416  43.519  -133.434  1.56619E-15  SWARM-A  16.043  136.534
2023-09-20T00:50:30Z  487.053  41.610  -133.397  1.58284E-15  SWARM-A  16.053  138.446
2023-09-20T00:51:00Z  486.702  39.700  -133.369  1.59831E-15  SWARM-A  16.064  140.358
2023-09-20T00:51:30Z  486.364  37.788  -133.349  1.61263E-15  SWARM-A  16.073  142.269
2023-09-20T00:52:00Z  486.042  35.877  -133.337  1.62588E-15  SWARM-A  16.082  144.181
2023-09-20T00:52:30Z  485.739  33.964  -133.331  1.63806E-15  SWARM-A  16.091  146.093
2023-09-20T00:53:00Z  485.456  32.050  -133.331  1.64929E-15  SWARM-A  16.100  148.004
2023-09-20T00:53:30Z  485.196  30.136  -133.336  1.65967E-15  SWARM-A  16.108  149.916
2023-09-20T00:54:00Z  484.961  28.221  -133.345  1.66925E-15  SWARM-A  16.115  151.827
2023-09-20T00:54:30Z  484.753  26.306  -133.359  1.67813E-15  SWARM-A  16.123  153.738
2023-09-20T00:55:00Z  484.574  24.390  -133.376  1.68641E-15  SWARM-A  16.130  155.649
2023-09-20T00:55:30Z  484.425  22.473  -133.396  1.69419E-15  SWARM-A  16.137  157.560
2023-09-20T00:56:00Z  484.309  20.556  -133.419  1.70146E-15  SWARM-A  16.144  159.470
2023-09-20T00:56:30Z  484.226  18.639  -133.445  1.70824E-15  SWARM-A  16.150  161.381
2023-09-20T00:57:00Z  484.178  16.721  -133.473  1.71452E-15  SWARM-A  16.157  163.291
2023-09-20T00:57:30Z  484.167  14.803  -133.503  1.72025E-15  SWARM-A  16.163  165.201
2023-09-20T00:58:00Z  484.193  12.884  -133.534  1.72547E-15  SWARM-A  16.169  167.112
2023-09-20T00:58:30Z  484.258  10.966  -133.567  1.72998E-15  SWARM-A  16.175  169.021
2023-09-20T00:59:00Z  484.361  9.047  -133.601  1.73372E-15  SWARM-A  16.182  170.931
2023-09-20T00:59:30Z  484.504  7.128  -133.636  1.73661E-15  SWARM-A  16.188  172.841
2023-09-20T01:00:00Z  484.687  5.209  -133.672  1.73852E-15  SWARM-A  16.193  174.750
2023-09-20T01:00:30Z  484.911  3.290  -133.709  1.73932E-15  SWARM-A  16.199  176.660
2023-09-20T01:01:00Z  485.174  1.371  -133.745  1.73893E-15  SWARM-A  16.205  178.569
2023-09-20T01:01:30Z  485.478  -0.548  -133.782  1.73722E-15  SWARM-A  16.211  180.478
2023-09-20T01:02:00Z  485.822  -2.467  -133.819  1.73414E-15  SWARM-A  16.217  182.386
2023-09-20T01:02:30Z  486.205  -4.385  -133.856  1.72967E-15  SWARM-A  16.223  184.295
2023-09-20T01:03:00Z  486.626  -6.303  -133.892  1.72371E-15  SWARM-A  16.229  186.203
2023-09-20T01:03:30Z  487.085  -8.221  -133.927  1.71626E-15  SWARM-A  16.235  188.111
2023-09-20T01:04:00Z  487.581  -10.138  -133.962  1.70739E-15  SWARM-A  16.241  190.019
2023-09-20T01:04:30Z  488.113  -12.055  -133.996  1.69702E-15  SWARM-A  16.247  191.927
2023-09-20T01:05:00Z  488.678  -13.971  -134.028  1.68523E-15  SWARM-A  16.253  193.835
2023-09-20T01:05:30Z  489.276  -15.886  -134.059  1.67204E-15  SWARM-A  16.259  195.742
2023-09-20T01:06:00Z  489.906  -17.801  -134.088  1.65757E-15  SWARM-A  16.266  197.650
2023-09-20T01:06:30Z  490.564  -19.716  -134.114  1.64187E-15  SWARM-A  16.272  199.557
2023-09-20T01:07:00Z  491.249  -21.629  -134.139  1.62503E-15  SWARM-A  16.279  201.464
2023-09-20T01:07:30Z  491.960  -23.542  -134.161  1.60697E-15  SWARM-A  16.286  203.371
2023-09-20T01:08:00Z  492.693  -25.454  -134.180  1.58790E-15  SWARM-A  16.293  205.277
2023-09-20T01:08:30Z  493.447  -27.365  -134.195  1.56794E-15  SWARM-A  16.300  207.184
2023-09-20T01:09:00Z  494.218  -29.275  -134.207  1.54717E-15  SWARM-A  16.308  209.090
2023-09-20T01:09:30Z  495.006  -31.184  -134.214  1.52566E-15  SWARM-A  16.316  210.996
2023-09-20T01:10:00Z  495.806  -33.093  -134.217  1.50348E-15  SWARM-A  16.324  212.902
2023-09-20T01:10:30Z  496.616  -35.000  -134.214  1.48066E-15  SWARM-A  16.332  214.808
2023-09-20T01:11:00Z  497.433  -36.906  -134.205  1.45729E-15  SWARM-A  16.341  216.713
2023-09-20T01:11:30Z  498.255  -38.811  -134.189  1.43354E-15  SWARM-A  16.351  218.619
2023-09-20T01:12:00Z  499.078  -40.715  -134.166  1.40927E-15  SWARM-A  16.361  220.524
2023-09-20T01:12:30Z  499.900  -42.618  -134.134  1.38459E-15  SWARM-A  16.371  222.429
2023-09-20T01:13:00Z  500.718  -44.520  -134.092  1.35955E-15  SWARM-A  16.382  224.334
2023-09-20T01:13:30Z  501.529  -46.420  -134.039  1.33426E-15  SWARM-A  16.394  226.239
2023-09-20T01:14:00Z  502.330  -48.319  -133.973  1.30875E-15  SWARM-A  16.407  228.143
2023-09-20T01:14:30Z  503.119  -50.217  -133.892  1.28323E-15  SWARM-A  16.421  230.048
2023-09-20T01:15:00Z  503.891  -52.114  -133.794  1.25762E-15  SWARM-A  16.435  231.952
2023-09-20T01:15:30Z  504.645  -54.009  -133.677  1.23197E-15  SWARM-A  16.452  233.857
2023-09-20T01:16:00Z  505.378  -55.903  -133.537  1.20617E-15  SWARM-A  16.469  235.761
2023-09-20T01:16:30Z  506.087  -57.796  -133.369  1.18000E-15  SWARM-A  16.489  237.665
2023-09-20T01:17:00Z  506.770  -59.687  -133.169  1.15319E-15  SWARM-A  16.510  239.569
2023-09-20T01:17:30Z  507.424  -61.576  -132.930  1.12543E-15  SWARM-A  16.535  241.472
2023-09-20T01:18:00Z  508.046  -63.463  -132.645  1.09663E-15  SWARM-A  16.562  243.376
2023-09-20T01:18:30Z  508.635  -65.349  -132.301  1.06713E-15  SWARM-A  16.593  245.280
2023-09-20T01:19:00Z  509.188  -67.232  -131.885  1.03766E-15  SWARM-A  16.629  247.183
2023-09-20T01:19:30Z  509.703  -69.112  -131.378  1.00907E-15  SWARM-A  16.672  249.087
2023-09-20T01:20:00Z  510.179  -70.989  -130.751  9.81963E-16  SWARM-A  16.722  250.990
2023-09-20T01:20:30Z  510.613  -72.861  -129.967  9.56663E-16  SWARM-A  16.782  252.893
2023-09-20T01:21:00Z  511.004  -74.729  -128.968  9.33057E-16  SWARM-A  16.857  254.797
2023-09-20T01:21:30Z  511.351  -76.588  -127.665  9.10861E-16  SWARM-A  16.952  256.700
2023-09-20T01:22:00Z  511.651  -78.437  -125.914  8.89727E-16  SWARM-A  17.077  258.603
2023-09-20T01:22:30Z  511.905  -80.269  -123.464  8.69280E-16  SWARM-A  17.249  260.506
2023-09-20T01:23:00Z  512.111  -82.072  -119.846  8.49232E-16  SWARM-A  17.499  262.409
2023-09-20T01:23:30Z  512.268  -83.823  -114.086  8.29320E-16  SWARM-A  17.891  264.312
2023-09-20T01:24:00Z  512.375  -85.459  -103.922  8.09401E-16  SWARM-A  18.577  266.215
2023-09-20T01:24:30Z  512.433  -86.801  -83.899  7.89279E-16  SWARM-A  19.920  268.118
2023-09-20T01:25:00Z  512.441  -87.356  -47.788  7.68927E-16  SWARM-A  22.336  270.021
2023-09-20T01:25:30Z  512.398  -86.698  -12.973  7.49288E-16  SWARM-A  0.665  271.924
2023-09-20T01:26:00Z  512.305  -85.314  5.773  7.30588E-16  SWARM-A  1.923  273.827
2023-09-20T01:26:30Z  512.163  -83.662  15.363  7.12578E-16  SWARM-A  2.571  275.731
2023-09-20T01:27:00Z  511.971  -81.905  20.857  6.95300E-16  SWARM-A  2.946  277.634
2023-09-20T01:27:30Z  511.731  -80.098  24.335  6.78813E-16  SWARM-A  3.186  279.537
2023-09-20T01:28:00Z  511.443  -78.264  26.705  6.63258E-16  SWARM-A  3.352  281.440
2023-09-20T01:28:30Z  511.108  -76.414  28.406  6.48679E-16  SWARM-A  3.474  283.343
2023-09-20T01:29:00Z  510.727  -74.554  29.675  6.35146E-16  SWARM-A  3.567  285.247
2023-09-20T01:29:30Z  510.303  -72.686  30.651  6.22659E-16  SWARM-A  3.640  287.150
2023-09-20T01:30:00Z  509.835  -70.813  31.418  6.11220E-16  SWARM-A  3.700  289.054
2023-09-20T01:30:30Z  509.326  -68.935  32.032  6.00758E-16  SWARM-A  3.749  290.957
2023-09-20T01:31:00Z  508.778  -67.054  32.530  5.91352E-16  SWARM-A  3.790  292.861
2023-09-20T01:31:30Z  508.192  -65.171  32.939  5.82879E-16  SWARM-A  3.826  294.765
2023-09-20T01:32:00Z  507.572  -63.285  33.276  5.75325E-16  SWARM-A  3.857  296.668
2023-09-20T01:32:30Z  506.918  -61.397  33.557  5.68681E-16  SWARM-A  3.884  298.572
2023-09-20T01:33:00Z  506.233  -59.508  33.792  5.62899E-16  SWARM-A  3.908  300.476
2023-09-20T01:33:30Z  505.521  -57.616  33.989  5.57856E-16  SWARM-A  3.929  302.381
2023-09-20T01:34:00Z  504.782  -55.723  34.154  5.53490E-16  SWARM-A  3.949  304.285
2023-09-20T01:34:30Z  504.021  -53.829  34.292  5.49742E-16  SWARM-A  3.966  306.189
2023-09-20T01:35:00Z  503.239  -51.933  34.407  5.46605E-16  SWARM-A  3.982  308.094
2023-09-20T01:35:30Z  502.439  -50.036  34.503  5.43933E-16  SWARM-A  3.997  309.999
2023-09-20T01:36:00Z  501.625  -48.138  34.582  5.41679E-16  SWARM-A  4.011  311.904
2023-09-20T01:36:30Z  500.798  -46.238  34.647  5.39655E-16  SWARM-A  4.023  313.809
2023-09-20T01:37:00Z  499.963  -44.337  34.699  5.37834E-16  SWARM-A  4.035  315.714
2023-09-20T01:37:30Z  499.122  -42.435  34.740  5.36112E-16  SWARM-A  4.046  317.619
2023-09-20T01:38:00Z  498.277  -40.531  34.771  5.34578E-16  SWARM-A  4.057  319.525
2023-09-20T01:38:30Z  497.432  -38.627  34.794  5.33103E-16  SWARM-A  4.066  321.431
2023-09-20T01:39:00Z  496.589  -36.721  34.809  5.31544E-16  SWARM-A  4.076  323.336
2023-09-20T01:39:30Z  495.753  -34.815  34.817  5.30187E-16  SWARM-A  4.085  325.242
2023-09-20T01:40:00Z  494.924  -32.907  34.820  5.29124E-16  SWARM-A  4.093  327.149
2023-09-20T01:40:30Z  494.107  -30.998  34.817  5.28334E-16  SWARM-A  4.101  329.055
2023-09-20T01:41:00Z  493.304  -29.088  34.809  5.27837E-16  SWARM-A  4.109  330.962
2023-09-20T01:41:30Z  492.517  -27.178  34.797  5.27685E-16  SWARM-A  4.117  332.868
2023-09-20T01:42:00Z  491.750  -25.266  34.781  5.27866E-16  SWARM-A  4.124  334.775
2023-09-20T01:42:30Z  491.004  -23.353  34.762  5.28523E-16  SWARM-A  4.131  336.682
2023-09-20T01:43:00Z  490.282  -21.440  34.740  5.29562E-16  SWARM-A  4.138  338.590
2023-09-20T01:43:30Z  489.586  -19.526  34.715  5.31426E-16  SWARM-A  4.144  340.497
2023-09-20T01:44:00Z  488.919  -17.611  34.688  5.33697E-16  SWARM-A  4.151  342.405
2023-09-20T01:44:30Z  488.282  -15.695  34.659  5.36377E-16  SWARM-A  4.157  344.313
2023-09-20T01:45:00Z  487.677  -13.779  34.628  5.39500E-16  SWARM-A  4.164  346.221
2023-09-20T01:45:30Z  487.106  -11.862  34.596  5.42976E-16  SWARM-A  4.170  348.129
2023-09-20T01:46:00Z  486.570  -9.945  34.562  5.46867E-16  SWARM-A  4.176  350.037
2023-09-20T01:46:30Z  486.072  -8.027  34.527  5.51137E-16  SWARM-A  4.182  351.946
2023-09-20T01:47:00Z  485.611  -6.109  34.492  5.55759E-16  SWARM-A  4.188  353.855
2023-09-20T01:47:30Z  485.189  -4.190  34.456  5.60724E-16  SWARM-A  4.194  355.764
2023-09-20T01:48:00Z  484.807  -2.271  34.419  5.66002E-16  SWARM-A  4.200  357.673
2023-09-20T01:48:30Z  484.466  -0.352  34.382  5.71530E-16  SWARM-A  4.206  359.582
2023-09-20T01:49:00Z  484.166  1.567  34.345  5.76796E-16  SWARM-A  4.212  1.491
2023-09-20T01:49:30Z  483.907  3.487  34.309  5.82391E-16  SWARM-A  4.217  3.401
2023-09-20T01:50:00Z  483.689  5.406  34.272  5.88071E-16  SWARM-A  4.223  5.311
2023-09-20T01:50:30Z  483.513  7.326  34.236  5.94038E-16  SWARM-A  4.229  7.221
2023-09-20T01:51:00Z  483.377  9.245  34.201  6.00313E-16  SWARM-A  4.235  9.131
2023-09-20T01:51:30Z  483.283  11.165  34.167  6.06915E-16  SWARM-A  4.241  11.041
2023-09-20T01:52:00Z  483.228  13.084  34.135  6.13803E-16  SWARM-A  4.247  12.952
2023-09-20T01:52:30Z  483.212  15.003  34.103  6.20990E-16  SWARM-A  4.254  14.862
2023-09-20T01:53:00Z  483.235  16.922  34.074  6.28505E-16  SWARM-A  4.260  16.773
2023-09-20T01:53:30Z  483.295  18.840  34.046  6.36358E-16  SWARM-A  4.267  18.684
2023-09-20T01:54:00Z  483.391  20.758  34.021  6.44493E-16  SWARM-A  4.273  20.595
2023-09-20T01:54:30Z  483.522  22.675  33.998  6.52952E-16  SWARM-A  4.280  22.506
2023-09-20T01:55:00Z  483.685  24.592  33.978  6.61702E-16  SWARM-A  4.287  24.418
2023-09-20T01:55:30Z  483.880  26.509  33.961  6.70745E-16  SWARM-A  4.294  26.329
2023-09-20T01:56:00Z  484.104  28.425  33.948  6.80070E-16  SWARM-A  4.302  28.241
2023-09-20T01:56:30Z  484.356  30.340  33.939  6.89602E-16  SWARM-A  4.309  30.153
2023-09-20T01:57:00Z  484.633  32.255  33.934  6.99315E-16  SWARM-A  4.317  32.065
2023-09-20T01:57:30Z  484.934  34.169  33.935  7.09186E-16  SWARM-A  4.326  33.977
2023-09-20T01:58:00Z  485.256  36.082  33.942  7.19086E-16  SWARM-A  4.335  35.889
2023-09-20T01:58:30Z  485.597  37.994  33.955  7.29026E-16  SWARM-A  4.344  37.801
2023-09-20T01:59:00Z  485.954  39.905  33.975  7.38946E-16  SWARM-A  4.354  39.713
2023-09-20T01:59:30Z  486.326  41.816  34.004  7.48921E-16  SWARM-A  4.364  41.626
2023-09-20T02:00:00Z  486.709  43.726  34.043  7.58868E-16  SWARM-A  4.375  43.538
2023-09-20T02:00:30Z  487.102  45.634  34.092  7.68829E-16  SWARM-A  4.386  45.451
2023-09-20T02:01:00Z  487.502  47.542  34.153  7.78754E-16  SWARM-A  4.399  47.363
2023-09-20T02:01:30Z  487.906  49.449  34.228  7.88682E-16  SWARM-A  4.412  49.276
2023-09-20T02:02:00Z  488.312  51.354  34.319  7.98650E-16  SWARM-A  4.427  51.189
2023-09-20T02:02:30Z  488.717  53.259  34.430  8.08755E-16  SWARM-A  4.442  53.102
2023-09-20T02:03:00Z  489.120  55.162  34.562  8.19207E-16  SWARM-A  4.459  55.015
2023-09-20T02:03:30Z  489.518  57.064  34.719  8.30123E-16  SWARM-A  4.478  56.928
2023-09-20T02:04:00Z  489.908  58.965  34.908  8.41610E-16  SWARM-A  4.499  58.841
2023-09-20T02:04:30Z  490.288  60.864  35.132  8.53433E-16  SWARM-A  4.522  60.754
2023-09-20T02:05:00Z  490.657  62.761  35.401  8.65641E-16  SWARM-A  4.549  62.667
2023-09-20T02:05:30Z  491.012  64.657  35.724  8.78055E-16  SWARM-A  4.578  64.581
2023-09-20T02:06:00Z  491.350  66.550  36.114  8.90523E-16  SWARM-A  4.613  66.494
2023-09-20T02:06:30Z  491.671  68.441  36.589  9.02919E-16  SWARM-A  4.653  68.407
2023-09-20T02:07:00Z  491.973  70.329  37.173  9.15236E-16  SWARM-A  4.700  70.321
2023-09-20T02:07:30Z  492.253  72.214  37.901  9.27623E-16  SWARM-A  4.757  72.234
2023-09-20T02:08:00Z  492.510  74.093  38.824  9.40104E-16  SWARM-A  4.827  74.148
2023-09-20T02:08:30Z  492.743  75.965  40.018  9.52814E-16  SWARM-A  4.915  76.061
2023-09-20T02:09:00Z  492.951  77.828  41.608  9.65834E-16  SWARM-A  5.029  77.974
2023-09-20T02:09:30Z  493.132  79.676  43.803  9.79067E-16  SWARM-A  5.184  79.888
2023-09-20T02:10:00Z  493.286  81.501  46.990  9.92569E-16  SWARM-A  5.405  81.801
2023-09-20T02:10:30Z  493.412  83.282  51.940  1.00624E-15  SWARM-A  5.743  83.715
2023-09-20T02:11:00Z  493.509  84.974  60.399  1.02005E-15  SWARM-A  6.315  85.629
2023-09-20T02:11:30Z  493.576  86.448  76.641  1.03387E-15  SWARM-A  7.406  87.542
2023-09-20T02:12:00Z  493.614  87.316  108.330  1.04783E-15  SWARM-A  9.527  89.456
2023-09-20T02:12:30Z  493.622  86.997  146.779  1.06278E-15  SWARM-A  12.099  91.369
2023-09-20T02:13:00Z  493.600  85.751  169.861  1.07846E-15  SWARM-A  13.646  93.283
2023-09-20T02:13:30Z  493.549  84.141  -178.597  1.09437E-15  SWARM-A  14.424  95.196
2023-09-20T02:14:00Z  493.469  82.396  -172.220  1.11062E-15  SWARM-A  14.857  97.110
2023-09-20T02:14:30Z  493.360  80.590  -168.291  1.12744E-15  SWARM-A  15.128  99.023
2023-09-20T02:15:00Z  493.223  78.752  -165.666  1.14502E-15  SWARM-A  15.311  100.936
2023-09-20T02:15:30Z  493.058  76.896  -163.809  1.16362E-15  SWARM-A  15.443  102.850
2023-09-20T02:16:00Z  492.868  75.028  -162.437  1.18343E-15  SWARM-A  15.543  104.763
2023-09-20T02:16:30Z  492.653  73.152  -161.391  1.20454E-15  SWARM-A  15.621  106.677
2023-09-20T02:17:00Z  492.414  71.270  -160.574  1.22692E-15  SWARM-A  15.684  108.590
2023-09-20T02:17:30Z  492.152  69.384  -159.923  1.25032E-15  SWARM-A  15.735  110.503
2023-09-20T02:18:00Z  491.870  67.494  -159.398  1.27427E-15  SWARM-A  15.779  112.416
2023-09-20T02:18:30Z  491.569  65.602  -158.968  1.29812E-15  SWARM-A  15.816  114.329
2023-09-20T02:19:00Z  491.250  63.708  -158.613  1.32129E-15  SWARM-A  15.848  116.242
2023-09-20T02:19:30Z  490.916  61.811  -158.319  1.34334E-15  SWARM-A  15.876  118.155
2023-09-20T02:20:00Z  490.568  59.913  -158.073  1.36420E-15  SWARM-A  15.900  120.068
2023-09-20T02:20:30Z  490.209  58.014  -157.868  1.38382E-15  SWARM-A  15.922  121.981
2023-09-20T02:21:00Z  489.841  56.113  -157.696  1.40240E-15  SWARM-A  15.942  123.894
2023-09-20T02:21:30Z  489.466  54.210  -157.551  1.41995E-15  SWARM-A  15.960  125.807
2023-09-20T02:22:00Z  489.086  52.307  -157.431  1.43719E-15  SWARM-A  15.977  127.719
2023-09-20T02:22:30Z  488.704  50.402  -157.330  1.45402E-15  SWARM-A  15.992  129.632
2023-09-20T02:23:00Z  488.321  48.496  -157.247  1.46995E-15  SWARM-A  16.005  131.544
2023-09-20T02:23:30Z  487.942  46.589  -157.179  1.48485E-15  SWARM-A  16.018  133.457
2023-09-20T02:24:00Z  487.567  44.682  -157.124  1.49876E-15  SWARM-A  16.030  135.369
2023-09-20T02:24:30Z  487.200  42.773  -157.081  1.50949E-15  SWARM-A  16.042  137.281
2023-09-20T02:25:00Z  486.842  40.863  -157.048  1.51911E-15  SWARM-A  16.052  139.193
2023-09-20T02:25:30Z  486.497  38.952  -157.023  1.52786E-15  SWARM-A  16.062  141.105
2023-09-20T02:26:00Z  486.167  37.041  -157.006  1.53572E-15  SWARM-A  16.072  143.017
2023-09-20T02:26:30Z  485.854  35.129  -156.997  1.54302E-15  SWARM-A  16.081  144.929
2023-09-20T02:27:00Z  485.560  33.216  -156.993  1.54972E-15  SWARM-A  16.089  146.840
2023-09-20T02:27:30Z  485.287  31.302  -156.995  1.55604E-15  SWARM-A  16.097  148.752
2023-09-20T02:28:00Z  485.039  29.387  -157.002  1.56251E-15  SWARM-A  16.105  150.663
2023-09-20T02:28:30Z  484.815  27.472  -157.013  1.57027E-15  SWARM-A  16.113  152.574
2023-09-20T02:29:00Z  484.620  25.557  -157.028  1.57790E-15  SWARM-A  16.120  154.485
2023-09-20T02:29:30Z  484.454  23.640  -157.046  1.58540E-15  SWARM-A  16.127  156.396
2023-09-20T02:30:00Z  484.319  21.724  -157.068  1.59284E-15  SWARM-A  16.134  158.307
2023-09-20T02:30:30Z  484.217  19.806  -157.092  1.60014E-15  SWARM-A  16.141  160.218
2023-09-20T02:31:00Z  484.149  17.889  -157.119  1.60735E-15  SWARM-A  16.147  162.128
2023-09-20T02:31:30Z  484.117  15.971  -157.148  1.61431E-15  SWARM-A  16.154  164.039
2023-09-20T02:32:00Z  484.121  14.052  -157.178  1.62094E-15  SWARM-A  16.160  165.949
2023-09-20T02:32:30Z  484.163  12.134  -157.210  1.62681E-15  SWARM-A  16.166  167.859
2023-09-20T02:33:00Z  484.244  10.215  -157.244  1.63075E-15  SWARM-A  16.172  169.769
2023-09-20T02:33:30Z  484.364  8.296  -157.278  1.63411E-15  SWARM-A  16.178  171.679
2023-09-20T02:34:00Z  484.524  6.377  -157.314  1.63670E-15  SWARM-A  16.184  173.588
2023-09-20T02:34:30Z  484.724  4.458  -157.350  1.63847E-15  SWARM-A  16.190  175.497
2023-09-20T02:35:00Z  484.964  2.539  -157.387  1.63925E-15  SWARM-A  16.196  177.407
2023-09-20T02:35:30Z  485.244  0.620  -157.423  1.63895E-15  SWARM-A  16.202  179.316
2023-09-20T02:36:00Z  485.564  -1.299  -157.460  1.63746E-15  SWARM-A  16.208  181.225
2023-09-20T02:36:30Z  485.924  -3.217  -157.497  1.63471E-15  SWARM-A  16.214  183.133
2023-09-20T02:37:00Z  486.323  -5.136  -157.534  1.63063E-15  SWARM-A  16.220  185.042
2023-09-20T02:37:30Z  486.761  -7.054  -157.570  1.62520E-15  SWARM-A  16.226  186.950
2023-09-20T02:38:00Z  487.235  -8.971  -157.605  1.61842E-15  SWARM-A  16.232  188.858
2023-09-20T02:38:30Z  487.746  -10.888  -157.639  1.61031E-15  SWARM-A  16.238  190.766
2023-09-20T02:39:00Z  488.292  -12.805  -157.672  1.60087E-15  SWARM-A  16.244  192.674
2023-09-20T02:39:30Z  488.872  -14.721  -157.704  1.59016E-15  SWARM-A  16.250  194.582
2023-09-20T02:40:00Z  489.484  -16.636  -157.734  1.57824E-15  SWARM-A  16.256  196.489
2023-09-20T02:40:30Z  490.125  -18.551  -157.762  1.56514E-15  SWARM-A  16.263  198.396
2023-09-20T02:41:00Z  490.796  -20.465  -157.788  1.55096E-15  SWARM-A  16.269  200.304
2023-09-20T02:41:30Z  491.492  -22.378  -157.812  1.53566E-15  SWARM-A  16.276  202.210
2023-09-20T02:42:00Z  492.213  -24.291  -157.833  1.51932E-15  SWARM-A  16.283  204.117
2023-09-20T02:42:30Z  492.956  -26.202  -157.850  1.50201E-15  SWARM-A  16.290  206.024
2023-09-20T02:43:00Z  493.718  -28.113  -157.864  1.48379E-15  SWARM-A  16.298  207.930
2023-09-20T02:43:30Z  494.497  -30.023  -157.875  1.46467E-15  SWARM-A  16.305  209.836
2023-09-20T02:44:00Z  495.290  -31.932  -157.880  1.44473E-15  SWARM-A  16.313  211.742
2023-09-20T02:44:30Z  496.095  -33.840  -157.881  1.42390E-15  SWARM-A  16.322  213.648
2023-09-20T02:45:00Z  496.910  -35.746  -157.876  1.40225E-15  SWARM-A  16.330  215.554
2023-09-20T02:45:30Z  497.730  -37.652  -157.864  1.37982E-15  SWARM-A  16.339  217.459
2023-09-20T02:46:00Z  498.554  -39.557  -157.846  1.35666E-15  SWARM-A  16.349  219.365
2023-09-20T02:46:30Z  499.378  -41.460  -157.819  1.33283E-15  SWARM-A  16.359  221.270
2023-09-20T02:47:00Z  500.200  -43.363  -157.783  1.30840E-15  SWARM-A  16.370  223.175
2023-09-20T02:47:30Z  501.016  -45.264  -157.737  1.28345E-15  SWARM-A  16.381  225.080
2023-09-20T02:48:00Z  501.825  -47.164  -157.679  1.25803E-15  SWARM-A  16.393  226.985
2023-09-20T02:48:30Z  502.622  -49.063  -157.608  1.23218E-15  SWARM-A  16.407  228.889
2023-09-20T02:49:00Z  503.405  -50.960  -157.521  1.20581E-15  SWARM-A  16.421  230.794
2023-09-20T02:49:30Z  504.172  -52.857  -157.416  1.17872E-15  SWARM-A  16.436  232.698
2023-09-20T02:50:00Z  504.919  -54.751  -157.290  1.15062E-15  SWARM-A  16.453  234.602
2023-09-20T02:50:30Z  505.643  -56.645  -157.140  1.12128E-15  SWARM-A  16.471  236.506
2023-09-20T02:51:00Z  506.343  -58.537  -156.960  1.09076E-15  SWARM-A  16.491  238.410
2023-09-20T02:51:30Z  507.016  -60.427  -156.746  1.05960E-15  SWARM-A  16.514  240.314
2023-09-20T02:52:00Z  507.659  -62.315  -156.491  1.02867E-15  SWARM-A  16.539  242.218
2023-09-20T02:52:30Z  508.269  -64.202  -156.184  9.98832E-16  SWARM-A  16.568  244.122
2023-09-20T02:53:00Z  508.845  -66.087  -155.814  9.70795E-16  SWARM-A  16.601  246.025
2023-09-20T02:53:30Z  509.385  -67.969  -155.365  9.44575E-16  SWARM-A  16.639  247.929
2023-09-20T02:54:00Z  509.886  -69.848  -154.815  9.19662E-16  SWARM-A  16.684  249.832
2023-09-20T02:54:30Z  510.346  -71.723  -154.133  8.96052E-16  SWARM-A  16.738  251.736
2023-09-20T02:55:00Z  510.765  -73.594  -153.273  8.73355E-16  SWARM-A  16.804  253.639
2023-09-20T02:55:30Z  511.140  -75.458  -152.169  8.51230E-16  SWARM-A  16.886  255.542
2023-09-20T02:56:00Z  511.470  -77.314  -150.712  8.29394E-16  SWARM-A  16.991  257.445
2023-09-20T02:56:30Z  511.753  -79.157  -148.727  8.07748E-16  SWARM-A  17.132  259.348
2023-09-20T02:57:00Z  511.990  -80.980  -145.895  7.86201E-16  SWARM-A  17.329  261.251
2023-09-20T02:57:30Z  512.177  -82.766  -141.601  7.64780E-16  SWARM-A  17.624  263.154
2023-09-20T02:58:00Z  512.316  -84.483  -134.507  7.43480E-16  SWARM-A  18.105  265.058
2023-09-20T02:58:30Z  512.406  -86.038  -121.394  7.22422E-16  SWARM-A  18.988  266.961
2023-09-20T02:59:00Z  512.445  -87.153  -95.207  7.01462E-16  SWARM-A  20.742  268.864
2023-09-20T02:59:30Z  512.434  -87.232  -55.985  6.80990E-16  SWARM-A  23.365  270.767
2023-09-20T03:00:00Z  512.373  -86.209  -27.668  6.62724E-16  SWARM-A  1.261  272.670
2023-09-20T03:00:30Z  512.262  -84.687  -13.409  6.44662E-16  SWARM-A  2.220  274.573
2023-09-20T03:01:00Z  512.102  -82.983  -5.806  6.27477E-16  SWARM-A  2.735  276.476
2023-09-20T03:01:30Z  511.892  -81.202  -1.262  6.11188E-16  SWARM-A  3.046  278.379
2023-09-20T03:02:00Z  511.634  -79.383  1.708  5.95793E-16  SWARM-A  3.253  280.282
2023-09-20T03:02:30Z  511.328  -77.542  3.777  5.81256E-16  SWARM-A  3.399  282.185
2023-09-20T03:03:00Z  510.976  -75.687  5.287  5.67581E-16  SWARM-A  3.508  284.089
2023-09-20T03:03:30Z  510.579  -73.823  6.428  5.54852E-16  SWARM-A  3.592  285.992
2023-09-20T03:04:00Z  510.139  -71.953  7.314  5.43082E-16  SWARM-A  3.660  287.895
2023-09-20T03:04:30Z  509.655  -70.078  8.015  5.31724E-16  SWARM-A  3.715  289.799
2023-09-20T03:05:00Z  509.132  -68.199  8.579  5.20883E-16  SWARM-A  3.761  291.703
2023-09-20T03:05:30Z  508.570  -66.317  9.039  5.11273E-16  SWARM-A  3.800  293.606
2023-09-20T03:06:00Z  507.971  -64.433  9.418  5.02302E-16  SWARM-A  3.833  295.510
2023-09-20T03:06:30Z  507.338  -62.546  9.732  4.94589E-16  SWARM-A  3.863  297.414
2023-09-20T03:07:00Z  506.673  -60.658  9.993  4.87521E-16  SWARM-A  3.888  299.318
2023-09-20T03:07:30Z  505.978  -58.768  10.212  4.81067E-16  SWARM-A  3.911  301.222
2023-09-20T03:08:00Z  505.256  -56.876  10.395  4.75728E-16  SWARM-A  3.932  303.126
2023-09-20T03:08:30Z  504.509  -54.982  10.549  4.70934E-16  SWARM-A  3.950  305.031
2023-09-20T03:09:00Z  503.740  -53.087  10.678  4.66851E-16  SWARM-A  3.967  306.935
2023-09-20T03:09:30Z  502.952  -51.191  10.785  4.63484E-16  SWARM-A  3.983  308.840
2023-09-20T03:10:00Z  502.147  -49.293  10.874  4.60733E-16  SWARM-A  3.997  310.745
2023-09-20T03:10:30Z  501.329  -47.394  10.947  4.58568E-16  SWARM-A  4.010  312.649
2023-09-20T03:11:00Z  500.500  -45.494  11.007  4.56964E-16  SWARM-A  4.023  314.555
2023-09-20T03:11:30Z  499.662  -43.592  11.054  4.55858E-16  SWARM-A  4.034  316.460
2023-09-20T03:12:00Z  498.820  -41.690  11.091  4.55540E-16  SWARM-A  4.045  318.365
2023-09-20T03:12:30Z  497.976  -39.786  11.119  4.55747E-16  SWARM-A  4.055  320.271
2023-09-20T03:13:00Z  497.133  -37.881  11.138  4.56541E-16  SWARM-A  4.065  322.176
2023-09-20T03:13:30Z  496.293  -35.975  11.151  4.57912E-16  SWARM-A  4.074  324.082
2023-09-20T03:14:00Z  495.460  -34.068  11.157  4.59655E-16  SWARM-A  4.083  325.988
2023-09-20T03:14:30Z  494.636  -32.160  11.157  4.62009E-16  SWARM-A  4.091  327.895
2023-09-20T03:15:00Z  493.825  -30.251  11.152  4.64894E-16  SWARM-A  4.099  329.801
2023-09-20T03:15:30Z  493.029  -28.341  11.142  4.68271E-16  SWARM-A  4.107  331.708
2023-09-20T03:16:00Z  492.250  -26.430  11.129  4.72189E-16  SWARM-A  4.114  333.615
2023-09-20T03:16:30Z  491.491  -24.518  11.111  4.76644E-16  SWARM-A  4.121  335.522
2023-09-20T03:17:00Z  490.755  -22.605  11.091  4.81576E-16  SWARM-A  4.128  337.429
2023-09-20T03:17:30Z  490.043  -20.691  11.068  4.86961E-16  SWARM-A  4.135  339.336
2023-09-20T03:18:00Z  489.358  -18.777  11.042  4.92784E-16  SWARM-A  4.142  341.244
2023-09-20T03:18:30Z  488.703  -16.862  11.014  4.98980E-16  SWARM-A  4.148  343.151
2023-09-20T03:19:00Z  488.078  -14.946  10.984  5.05506E-16  SWARM-A  4.154  345.059
2023-09-20T03:19:30Z  487.486  -13.029  10.953  5.12324E-16  SWARM-A  4.161  346.967
2023-09-20T03:20:00Z  486.928  -11.112  10.920  5.19360E-16  SWARM-A  4.167  348.876
2023-09-20T03:20:30Z  486.407  -9.195  10.885  5.26567E-16  SWARM-A  4.173  350.784
2023-09-20T03:21:00Z  485.922  -7.277  10.850  5.33876E-16  SWARM-A  4.179  352.693
2023-09-20T03:21:30Z  485.476  -5.358  10.814  5.41255E-16  SWARM-A  4.185  354.601
2023-09-20T03:22:00Z  485.069  -3.440  10.778  5.48631E-16  SWARM-A  4.191  356.510
2023-09-20T03:22:30Z  484.702  -1.521  10.741  5.55940E-16  SWARM-A  4.197  358.420
2023-09-20T03:23:00Z  484.376  0.399  10.704  5.62983E-16  SWARM-A  4.203  0.329
2023-09-20T03:23:30Z  484.090  2.318  10.668  5.69864E-16  SWARM-A  4.208  2.239
2023-09-20T03:24:00Z  483.846  4.238  10.631  5.76600E-16  SWARM-A  4.214  4.148
2023-09-20T03:24:30Z  483.643  6.157  10.595  5.83173E-16  SWARM-A  4.220  6.058
2023-09-20T03:25:00Z  483.482  8.077  10.559  5.89555E-16  SWARM-A  4.226  7.968
2023-09-20T03:25:30Z  483.361  9.996  10.525  5.95779E-16  SWARM-A  4.232  9.878
2023-09-20T03:26:00Z  483.281  11.915  10.491  6.01811E-16  SWARM-A  4.238  11.789
2023-09-20T03:26:30Z  483.240  13.835  10.459  6.07700E-16  SWARM-A  4.244  13.699
2023-09-20T03:27:00Z  483.238  15.753  10.428  6.13447E-16  SWARM-A  4.251  15.610
2023-09-20T03:27:30Z  483.274  17.672  10.399  6.19080E-16  SWARM-A  4.257  17.521
2023-09-20T03:28:00Z  483.347  19.590  10.372  6.24622E-16  SWARM-A  4.264  19.432
2023-09-20T03:28:30Z  483.455  21.508  10.348  6.30070E-16  SWARM-A  4.270  21.343
2023-09-20T03:29:00Z  483.597  23.425  10.326  6.35448E-16  SWARM-A  4.277  23.254
2023-09-20T03:29:30Z  483.771  25.342  10.307  6.40790E-16  SWARM-A  4.284  25.166
2023-09-20T03:30:00Z  483.975  27.258  10.292  6.46128E-16  SWARM-A  4.292  27.077
2023-09-20T03:30:30Z  484.209  29.174  10.280  6.51476E-16  SWARM-A  4.299  28.989
2023-09-20T03:31:00Z  484.469  31.089  10.273  6.56873E-16  SWARM-A  4.307  30.901
2023-09-20T03:31:30Z  484.754  33.003  10.270  6.62291E-16  SWARM-A  4.315  32.812
2023-09-20T03:32:00Z  485.062  34.917  10.273  6.67668E-16  SWARM-A  4.324  34.724
2023-09-20T03:32:30Z  485.390  36.830  10.282  6.73114E-16  SWARM-A  4.333  36.637
2023-09-20T03:33:00Z  485.736  38.742  10.298  6.78683E-16  SWARM-A  4.342  38.549
2023-09-20T03:33:30Z  486.097  40.653  10.322  6.84370E-16  SWARM-A  4.352  40.461
2023-09-20T03:34:00Z  486.472  42.563  10.354  6.90209E-16  SWARM-A  4.363  42.374
2023-09-20T03:34:30Z  486.858  44.472  10.396  6.96217E-16  SWARM-A  4.374  44.286
2023-09-20T03:35:00Z  487.252  46.381  10.450  7.02381E-16  SWARM-A  4.386  46.199
2023-09-20T03:35:30Z  487.651  48.288  10.516  7.08851E-16  SWARM-A  4.398  48.112
2023-09-20T03:36:00Z  488.055  50.194  10.597  7.15617E-16  SWARM-A  4.412  50.024
2023-09-20T03:36:30Z  488.459  52.099  10.696  7.22812E-16  SWARM-A  4.427  51.937
2023-09-20T03:37:00Z  488.862  54.003  10.814  7.30577E-16  SWARM-A  4.443  53.850
2023-09-20T03:37:30Z  489.261  55.906  10.955  7.39131E-16  SWARM-A  4.461  55.763
2023-09-20T03:38:00Z  489.654  57.808  11.124  7.48556E-16  SWARM-A  4.481  57.676
2023-09-20T03:38:30Z  490.039  59.708  11.326  7.58792E-16  SWARM-A  4.502  59.589
2023-09-20T03:39:00Z  490.413  61.606  11.567  7.69626E-16  SWARM-A  4.527  61.503
2023-09-20T03:39:30Z  490.774  63.503  11.855  7.80954E-16  SWARM-A  4.554  63.416
2023-09-20T03:40:00Z  491.120  65.398  12.203  7.92628E-16  SWARM-A  4.586  65.329
2023-09-20T03:40:30Z  491.450  67.291  12.623  8.04535E-16  SWARM-A  4.622  67.242
2023-09-20T03:41:00Z  491.761  69.181  13.137  8.16800E-16  SWARM-A  4.665  69.156
2023-09-20T03:41:30Z  492.052  71.067  13.773  8.29375E-16  SWARM-A  4.715  71.069
2023-09-20T03:42:00Z  492.321  72.950  14.569  8.42470E-16  SWARM-A  4.777  72.983
2023-09-20T03:42:30Z  492.567  74.827  15.586  8.56097E-16  SWARM-A  4.853  74.896
2023-09-20T03:43:00Z  492.788  76.696  16.917  8.70249E-16  SWARM-A  4.950  76.810
2023-09-20T03:43:30Z  492.983  78.554  18.711  8.84934E-16  SWARM-A  5.078  78.723
2023-09-20T03:44:00Z  493.151  80.394  21.233  9.00136E-16  SWARM-A  5.255  80.637
2023-09-20T03:44:30Z  493.292  82.205  24.983  9.15823E-16  SWARM-A  5.513  82.550
2023-09-20T03:45:00Z  493.404  83.959  31.008  9.31957E-16  SWARM-A  5.923  84.464
2023-09-20T03:45:30Z  493.487  85.590  41.776  9.48476E-16  SWARM-A  6.649  86.377
2023-09-20T03:46:00Z  493.540  86.896  63.198  9.65343E-16  SWARM-A  8.085  88.291
2023-09-20T03:46:30Z  493.564  87.345  100.638  9.83063E-16  SWARM-A  10.590  90.205
2023-09-20T03:47:00Z  493.558  86.581  134.123  1.00232E-15  SWARM-A  12.831  92.118
2023-09-20T03:47:30Z  493.522  85.146  151.637  1.02257E-15  SWARM-A  14.006  94.032
2023-09-20T03:48:00Z  493.457  83.469  160.654  1.04371E-15  SWARM-A  14.616  95.945
2023-09-20T03:48:30Z  493.363  81.694  165.869  1.06592E-15  SWARM-A  14.972  97.859
2023-09-20T03:49:00Z  493.241  79.873  169.196  1.08926E-15  SWARM-A  15.202  99.772
2023-09-20T03:49:30Z  493.091  78.027  171.474  1.11386E-15  SWARM-A  15.362  101.686
2023-09-20T03:50:00Z  492.914  76.166  173.116  1.13966E-15  SWARM-A  15.480  103.599
2023-09-20T03:50:30Z  492.712  74.294  174.345  1.16649E-15  SWARM-A  15.570  105.512
2023-09-20T03:51:00Z  492.485  72.415  175.291  1.19416E-15  SWARM-A  15.642  107.426
2023-09-20T03:51:30Z  492.235  70.532  176.037  1.22222E-15  SWARM-A  15.700  109.339
2023-09-20T03:52:00Z  491.964  68.644  176.635  1.25037E-15  SWARM-A  15.748  111.252
2023-09-20T03:52:30Z  491.672  66.754  177.120  1.27813E-15  SWARM-A  15.789  113.165
2023-09-20T03:53:00Z  491.362  64.861  177.518  1.30537E-15  SWARM-A  15.824  115.079
2023-09-20T03:53:30Z  491.035  62.965  177.847  1.33195E-15  SWARM-A  15.854  116.992
2023-09-20T03:54:00Z  490.694  61.068  178.121  1.35784E-15  SWARM-A  15.880  118.905
2023-09-20T03:54:30Z  490.341  59.169  178.350  1.38297E-15  SWARM-A  15.904  120.818
2023-09-20T03:55:00Z  489.977  57.269  178.541  1.40728E-15  SWARM-A  15.925  122.731
2023-09-20T03:55:30Z  489.604  55.368  178.702  1.43077E-15  SWARM-A  15.944  124.643
2023-09-20T03:56:00Z  489.226  53.465  178.836  1.45326E-15  SWARM-A  15.961  126.556
2023-09-20T03:56:30Z  488.845  51.561  178.949  1.47470E-15  SWARM-A  15.977  128.469
2023-09-20T03:57:00Z  488.462  49.655  179.042  1.49498E-15  SWARM-A  15.992  130.381
2023-09-20T03:57:30Z  488.080  47.749  179.119  1.51408E-15  SWARM-A  16.005  132.294
2023-09-20T03:58:00Z  487.702  45.842  179.181  1.53198E-15  SWARM-A  16.018  134.206
2023-09-20T03:58:30Z  487.330  43.934  179.231  1.54932E-15  SWARM-A  16.029  136.118
2023-09-20T03:59:00Z  486.966  42.024  179.271  1.56613E-15  SWARM-A  16.040  138.031
2023-09-20T03:59:30Z  486.614  40.114  179.300  1.58037E-15  SWARM-A  16.051  139.943
2023-09-20T04:00:00Z  486.274  38.203  179.322  1.59276E-15  SWARM-A  16.060  141.855
2023-09-20T04:00:30Z  485.951  36.291  179.336  1.60407E-15  SWARM-A  16.070  143.766
2023-09-20T04:01:00Z  485.646  34.379  179.343  1.61444E-15  SWARM-A  16.079  145.678
2023-09-20T04:01:30Z  485.360  32.465  179.344  1.62394E-15  SWARM-A  16.087  147.590
2023-09-20T04:02:00Z  485.098  30.551  179.340  1.63265E-15  SWARM-A  16.095  149.501
2023-09-20T04:02:30Z  484.860  28.637  179.332  1.64064E-15  SWARM-A  16.103  151.413
2023-09-20T04:03:00Z  484.648  26.721  179.319  1.64796E-15  SWARM-A  16.110  153.324
2023-09-20T04:03:30Z  484.465  24.805  179.302  1.65458E-15  SWARM-A  16.118  155.235
2023-09-20T04:04:00Z  484.313  22.889  179.283  1.66139E-15  SWARM-A  16.125  157.146
2023-09-20T04:04:30Z  484.192  20.972  179.260  1.66853E-15  SWARM-A  16.131  159.057
2023-09-20T04:05:00Z  484.105  19.054  179.235  1.67499E-15  SWARM-A  16.138  160.967
2023-09-20T04:05:30Z  484.053  17.136  179.207  1.68069E-15  SWARM-A  16.145  162.878
2023-09-20T04:06:00Z  484.037  15.218  179.178  1.68557E-15  SWARM-A  16.151  164.788
2023-09-20T04:06:30Z  484.058  13.300  179.146  1.68952E-15  SWARM-A  16.157  166.698
2023-09-20T04:07:00Z  484.117  11.381  179.114  1.69250E-15  SWARM-A  16.163  168.608
2023-09-20T04:07:30Z  484.216  9.462  179.080  1.69437E-15  SWARM-A  16.169  170.518
2023-09-20T04:08:00Z  484.354  7.543  179.045  1.69514E-15  SWARM-A  16.175  172.428
2023-09-20T04:08:30Z  484.532  5.624  179.009  1.69454E-15  SWARM-A  16.181  174.337
2023-09-20T04:09:00Z  484.750  3.705  178.973  1.69265E-15  SWARM-A  16.187  176.247
2023-09-20T04:09:30Z  485.009  1.786  178.936  1.68933E-15  SWARM-A  16.193  178.156
2023-09-20T04:10:00Z  485.308  -0.133  178.899  1.68331E-15  SWARM-A  16.199  180.065
2023-09-20T04:10:30Z  485.646  -2.052  178.862  1.67587E-15  SWARM-A  16.205  181.974
2023-09-20T04:11:00Z  486.025  -3.970  178.825  1.66700E-15  SWARM-A  16.211  183.882
2023-09-20T04:11:30Z  486.442  -5.889  178.789  1.65679E-15  SWARM-A  16.217  185.791
2023-09-20T04:12:00Z  486.898  -7.806  178.753  1.64524E-15  SWARM-A  16.223  187.699
2023-09-20T04:12:30Z  487.390  -9.724  178.718  1.63241E-15  SWARM-A  16.229  189.607
2023-09-20T04:13:00Z  487.918  -11.641  178.684  1.61833E-15  SWARM-A  16.235  191.515
2023-09-20T04:13:30Z  488.481  -13.557  178.652  1.60304E-15  SWARM-A  16.241  193.423
2023-09-20T04:14:00Z  489.077  -15.473  178.621  1.58671E-15  SWARM-A  16.247  195.331
2023-09-20T04:14:30Z  489.703  -17.388  178.591  1.56926E-15  SWARM-A  16.253  197.238
2023-09-20T04:15:00Z  490.360  -19.303  178.564  1.55075E-15  SWARM-A  16.260  199.145
2023-09-20T04:15:30Z  491.043  -21.216  178.539  1.53128E-15  SWARM-A  16.267  201.052
2023-09-20T04:16:00Z  491.752  -23.129  178.516  1.51093E-15  SWARM-A  16.273  202.959
2023-09-20T04:16:30Z  492.485  -25.042  178.496  1.48969E-15  SWARM-A  16.281  204.866
2023-09-20T04:17:00Z  493.238  -26.953  178.480  1.46762E-15  SWARM-A  16.288  206.772
2023-09-20T04:17:30Z  494.009  -28.863  178.468  1.44477E-15  SWARM-A  16.295  208.679
2023-09-20T04:18:00Z  494.796  -30.773  178.459  1.42123E-15  SWARM-A  16.303  210.585
2023-09-20T04:18:30Z  495.597  -32.681  178.455  1.39699E-15  SWARM-A  16.311  212.491
2023-09-20T04:19:00Z  496.408  -34.589  178.457  1.37212E-15  SWARM-A  16.320  214.397
2023-09-20T04:19:30Z  497.227  -36.495  178.464  1.34670E-15  SWARM-A  16.328  216.302
2023-09-20T04:20:00Z  498.051  -38.400  178.478  1.32081E-15  SWARM-A  16.338  218.208
2023-09-20T04:20:30Z  498.877  -40.305  178.500  1.29449E-15  SWARM-A  16.347  220.113
2023-09-20T04:21:00Z  499.702  -42.208  178.530  1.26778E-15  SWARM-A  16.358  222.018
2023-09-20T04:21:30Z  500.523  -44.110  178.570  1.24082E-15  SWARM-A  16.369  223.923
2023-09-20T04:22:00Z  501.339  -46.010  178.620  1.21356E-15  SWARM-A  16.380  225.828
2023-09-20T04:22:30Z  502.144  -47.910  178.683  1.18589E-15  SWARM-A  16.393  227.733
2023-09-20T04:23:00Z  502.938  -49.808  178.760  1.15757E-15  SWARM-A  16.406  229.637
2023-09-20T04:23:30Z  503.717  -51.705  178.854  1.12841E-15  SWARM-A  16.421  231.542
2023-09-20T04:24:00Z  504.477  -53.601  178.966  1.09829E-15  SWARM-A  16.437  233.446
2023-09-20T04:24:30Z  505.217  -55.495  179.101  1.06767E-15  SWARM-A  16.454  235.350
2023-09-20T04:25:00Z  505.934  -57.388  179.262  1.03721E-15  SWARM-A  16.473  237.254
2023-09-20T04:25:30Z  506.625  -59.279  179.455  1.00777E-15  SWARM-A  16.494  239.158
2023-09-20T04:26:00Z  507.288  -61.169  179.684  9.80223E-16  SWARM-A  16.518  241.062
2023-09-20T04:26:30Z  507.920  -63.057  179.959  9.54679E-16  SWARM-A  16.545  242.965
2023-09-20T04:27:00Z  508.519  -64.942  -179.712  9.30626E-16  SWARM-A  16.575  244.869
2023-09-20T04:27:30Z  509.082  -66.826  -179.313  9.07918E-16  SWARM-A  16.610  246.773
2023-09-20T04:28:00Z  509.608  -68.707  -178.828  8.86130E-16  SWARM-A  16.651  248.676
2023-09-20T04:28:30Z  510.095  -70.584  -178.231  8.64959E-16  SWARM-A  16.699  250.579
2023-09-20T04:29:00Z  510.541  -72.458  -177.485  8.44157E-16  SWARM-A  16.757  252.483
2023-09-20T04:29:30Z  510.944  -74.327  -176.540  8.23523E-16  SWARM-A  16.828  254.386
2023-09-20T04:30:00Z  511.303  -76.188  -175.313  8.02997E-16  SWARM-A  16.918  256.289
2023-09-20T04:30:30Z  511.616  -78.040  -173.676  7.82552E-16  SWARM-A  17.036  258.192
2023-09-20T04:31:00Z  511.883  -79.876  -171.409  7.62349E-16  SWARM-A  17.195  260.095
2023-09-20T04:31:30Z  512.101  -81.687  -168.103  7.42461E-16  SWARM-A  17.424  261.998
2023-09-20T04:32:00Z  512.271  -83.452  -162.936  7.23020E-16  SWARM-A  17.777  263.902
2023-09-20T04:32:30Z  512.392  -85.122  -154.039  7.04069E-16  SWARM-A  18.378  265.805
2023-09-20T04:33:00Z  512.463  -86.556  -136.844  6.85544E-16  SWARM-A  19.533  267.708
2023-09-20T04:33:30Z  512.484  -87.340  -103.913  6.67395E-16  SWARM-A  21.737  269.611
2023-09-20T04:34:00Z  512.454  -86.928  -66.358  6.50168E-16  SWARM-A  0.249  271.514
2023-09-20T04:34:30Z  512.375  -85.646  -44.540  6.34264E-16  SWARM-A  1.712  273.417
2023-09-20T04:35:00Z  512.245  -84.032  -33.558  6.19321E-16  SWARM-A  2.452  275.320
2023-09-20T04:35:30Z  512.066  -82.291  -27.424  6.05097E-16  SWARM-A  2.869  277.223
2023-09-20T04:36:00Z  511.838  -80.492  -23.614  5.91564E-16  SWARM-A  3.132  279.126
2023-09-20T04:36:30Z  511.562  -78.662  -21.055  5.78821E-16  SWARM-A  3.311  281.029
2023-09-20T04:37:00Z  511.239  -76.815  -19.236  5.66764E-16  SWARM-A  3.440  282.932
2023-09-20T04:37:30Z  510.870  -74.957  -17.889  5.55458E-16  SWARM-A  3.538  284.836
2023-09-20T04:38:00Z  510.456  -73.090  -16.859  5.44937E-16  SWARM-A  3.615  286.739
2023-09-20T04:38:30Z  509.999  -71.218  -16.053  5.35202E-16  SWARM-A  3.677  288.642
2023-09-20T04:39:00Z  509.501  -69.341  -15.410  5.26233E-16  SWARM-A  3.729  290.546
2023-09-20T04:39:30Z  508.963  -67.461  -14.890  5.18082E-16  SWARM-A  3.772  292.449
2023-09-20T04:40:00Z  508.387  -65.579  -14.464  5.10649E-16  SWARM-A  3.808  294.353
2023-09-20T04:40:30Z  507.775  -63.693  -14.113  5.03376E-16  SWARM-A  3.840  296.257
2023-09-20T04:41:00Z  507.129  -61.806  -13.821  4.96737E-16  SWARM-A  3.868  298.161
2023-09-20T04:41:30Z  506.453  -59.917  -13.578  4.90727E-16  SWARM-A  3.892  300.065
2023-09-20T04:42:00Z  505.747  -58.026  -13.374  4.85320E-16  SWARM-A  3.914  301.969
2023-09-20T04:42:30Z  505.015  -56.133  -13.203  4.80459E-16  SWARM-A  3.934  303.873
2023-09-20T04:43:00Z  504.260  -54.239  -13.059  4.76127E-16  SWARM-A  3.952  305.778
2023-09-20T04:43:30Z  503.483  -52.344  -12.939  4.72274E-16  SWARM-A  3.968  307.682
2023-09-20T04:44:00Z  502.688  -50.447  -12.840  4.68974E-16  SWARM-A  3.983  309.587
2023-09-20T04:44:30Z  501.877  -48.549  -12.757  4.66129E-16  SWARM-A  3.997  311.492
2023-09-20T04:45:00Z  501.054  -46.649  -12.690  4.63760E-16  SWARM-A  4.010  313.397
2023-09-20T04:45:30Z  500.220  -44.748  -12.635  4.61905E-16  SWARM-A  4.022  315.302
2023-09-20T04:46:00Z  499.380  -42.847  -12.592  4.60534E-16  SWARM-A  4.033  317.207
2023-09-20T04:46:30Z  498.536  -40.944  -12.559  4.59561E-16  SWARM-A  4.044  319.112
2023-09-20T04:47:00Z  497.692  -39.039  -12.535  4.59249E-16  SWARM-A  4.054  321.018
2023-09-20T04:47:30Z  496.849  -37.134  -12.518  4.59637E-16  SWARM-A  4.063  322.924
2023-09-20T04:48:00Z  496.010  -35.228  -12.509  4.60534E-16  SWARM-A  4.072  324.830
2023-09-20T04:48:30Z  495.180  -33.320  -12.505  4.62022E-16  SWARM-A  4.081  326.736
2023-09-20T04:49:00Z  494.360  -31.412  -12.507  4.64042E-16  SWARM-A  4.089  328.642
2023-09-20T04:49:30Z  493.553  -29.502  -12.514  4.66606E-16  SWARM-A  4.097  330.549
2023-09-20T04:50:00Z  492.762  -27.592  -12.525  4.69715E-16  SWARM-A  4.104  332.455
2023-09-20T04:50:30Z  491.990  -25.680  -12.540  4.73344E-16  SWARM-A  4.112  334.362
2023-09-20T04:51:00Z  491.238  -23.768  -12.559  4.77514E-16  SWARM-A  4.119  336.269
2023-09-20T04:51:30Z  490.510  -21.855  -12.580  4.82162E-16  SWARM-A  4.126  338.176
2023-09-20T04:52:00Z  489.808  -19.941  -12.605  4.87291E-16  SWARM-A  4.132  340.084
2023-09-20T04:52:30Z  489.133  -18.026  -12.631  4.92848E-16  SWARM-A  4.139  341.991
2023-09-20T04:53:00Z  488.488  -16.111  -12.660  4.98804E-16  SWARM-A  4.145  343.899
2023-09-20T04:53:30Z  487.875  -14.195  -12.691  5.05077E-16  SWARM-A  4.152  345.807
2023-09-20T04:54:00Z  487.295  -12.278  -12.723  5.11622E-16  SWARM-A  4.158  347.715
2023-09-20T04:54:30Z  486.750  -10.361  -12.756  5.18377E-16  SWARM-A  4.164  349.623
2023-09-20T04:55:00Z  486.241  -8.443  -12.791  5.25100E-16  SWARM-A  4.170  351.532
2023-09-20T04:55:30Z  485.770  -6.525  -12.826  5.31793E-16  SWARM-A  4.176  353.441
2023-09-20T04:56:00Z  485.338  -4.607  -12.863  5.38500E-16  SWARM-A  4.182  355.349
2023-09-20T04:56:30Z  484.945  -2.688  -12.899  5.45152E-16  SWARM-A  4.188  357.259
2023-09-20T04:57:00Z  484.592  -0.769  -12.936  5.51678E-16  SWARM-A  4.194  359.168
2023-09-20T04:57:30Z  484.280  1.151  -12.973  5.58035E-16  SWARM-A  4.199  1.077
2023-09-20T04:58:00Z  484.009  3.070  -13.010  5.64162E-16  SWARM-A  4.205  2.987
2023-09-20T04:58:30Z  483.780  4.990  -13.046  5.70051E-16  SWARM-A  4.211  4.897
2023-09-20T04:59:00Z  483.591  6.909  -13.082  5.75660E-16  SWARM-A  4.217  6.806
2023-09-20T04:59:30Z  483.444  8.829  -13.117  5.80954E-16  SWARM-A  4.223  8.717
2023-09-20T05:00:00Z  483.337  10.748  -13.152  5.85953E-16  SWARM-A  4.229  10.627
2023-09-20T05:00:30Z  483.270  12.667  -13.185  5.90620E-16  SWARM-A  4.235  12.537
2023-09-20T05:01:00Z  483.243  14.586  -13.217  5.94985E-16  SWARM-A  4.242  14.448
2023-09-20T05:01:30Z  483.254  16.505  -13.247  5.99088E-16  SWARM-A  4.248  16.359
2023-09-20T05:02:00Z  483.302  18.424  -13.275  6.02945E-16  SWARM-A  4.254  18.269
2023-09-20T05:02:30Z  483.386  20.342  -13.301  6.06592E-16  SWARM-A  4.261  20.180
2023-09-20T05:03:00Z  483.506  22.259  -13.324  6.10081E-16  SWARM-A  4.268  22.092
2023-09-20T05:03:30Z  483.658  24.176  -13.345  6.13449E-16  SWARM-A  4.275  24.003
2023-09-20T05:04:00Z  483.842  26.093  -13.363  6.16708E-16  SWARM-A  4.282  25.914
2023-09-20T05:04:30Z  484.056  28.009  -13.377  6.19951E-16  SWARM-A  4.289  27.826
2023-09-20T05:05:00Z  484.298  29.924  -13.387  6.23175E-16  SWARM-A  4.297  29.738
2023-09-20T05:05:30Z  484.566  31.839  -13.392  6.26419E-16  SWARM-A  4.305  31.650
2023-09-20T05:06:00Z  484.857  33.753  -13.393  6.29644E-16  SWARM-A  4.313  33.562
2023-09-20T05:06:30Z  485.171  35.667  -13.387  6.32942E-16  SWARM-A  4.322  35.474
2023-09-20T05:07:00Z  485.503  37.579  -13.376  6.36344E-16  SWARM-A  4.331  37.386
2023-09-20T05:07:30Z  485.853  39.491  -13.357  6.39890E-16  SWARM-A  4.341  39.298
2023-09-20T05:08:00Z  486.218  41.401  -13.330  6.43611E-16  SWARM-A  4.351  41.211
2023-09-20T05:08:30Z  486.595  43.311  -13.294  6.47511E-16  SWARM-A  4.361  43.123
2023-09-20T05:09:00Z  486.982  45.220  -13.248  6.51642E-16  SWARM-A  4.373  45.036
2023-09-20T05:09:30Z  487.376  47.128  -13.189  6.56057E-16  SWARM-A  4.385  46.948
2023-09-20T05:10:00Z  487.775  49.035  -13.117  6.60831E-16  SWARM-A  4.398  48.861
2023-09-20T05:10:30Z  488.177  50.941  -13.030  6.66111E-16  SWARM-A  4.412  50.774
2023-09-20T05:11:00Z  488.578  52.846  -12.924  6.72021E-16  SWARM-A  4.428  52.687
2023-09-20T05:11:30Z  488.978  54.749  -12.797  6.78754E-16  SWARM-A  4.445  54.600
2023-09-20T05:12:00Z  489.372  56.652  -12.645  6.86380E-16  SWARM-A  4.463  56.513
2023-09-20T05:12:30Z  489.760  58.553  -12.464  6.94596E-16  SWARM-A  4.483  58.426
2023-09-20T05:13:00Z  490.138  60.452  -12.248  7.03376E-16  SWARM-A  4.506  60.339
2023-09-20T05:13:30Z  490.505  62.350  -11.990  7.12529E-16  SWARM-A  4.532  62.253
2023-09-20T05:14:00Z  490.858  64.246  -11.680  7.21895E-16  SWARM-A  4.561  64.166
2023-09-20T05:14:30Z  491.196  66.140  -11.306  7.31518E-16  SWARM-A  4.594  66.079
2023-09-20T05:15:00Z  491.516  68.032  -10.851  7.41468E-16  SWARM-A  4.633  67.993
2023-09-20T05:15:30Z  491.817  69.921  -10.294  7.51852E-16  SWARM-A  4.678  69.906
2023-09-20T05:16:00Z  492.097  71.806  -9.601  7.62790E-16  SWARM-A  4.733  71.819
2023-09-20T05:16:30Z  492.354  73.686  -8.726  7.74334E-16  SWARM-A  4.799  73.733
2023-09-20T05:17:00Z  492.588  75.561  -7.600  7.86559E-16  SWARM-A  4.883  75.647
2023-09-20T05:17:30Z  492.796  77.426  -6.110  7.99519E-16  SWARM-A  4.990  77.560
2023-09-20T05:18:00Z  492.978  79.278  -4.071  8.13205E-16  SWARM-A  5.135  79.474
2023-09-20T05:18:30Z  493.133  81.109  -1.148  8.27721E-16  SWARM-A  5.338  81.387
2023-09-20T05:19:00Z  493.260  82.902  3.320  8.43050E-16  SWARM-A  5.644  83.301
2023-09-20T05:19:30Z  493.359  84.620  10.779  8.59292E-16  SWARM-A  6.150  85.214
2023-09-20T05:20:00Z  493.428  86.161  24.753  8.76358E-16  SWARM-A  7.090  87.128
2023-09-20T05:20:30Z  493.467  87.215  52.663  8.94497E-16  SWARM-A  8.959  89.042
2023-09-20T05:21:00Z  493.477  87.170  92.138  9.14329E-16  SWARM-A  11.599  90.955
2023-09-20T05:21:30Z  493.458  86.065  118.843  9.36038E-16  SWARM-A  13.387  92.869
2023-09-20T05:22:00Z  493.409  84.505  132.174  9.59007E-16  SWARM-A  14.284  94.782
2023-09-20T05:22:30Z  493.330  82.780  139.349  9.83254E-16  SWARM-A  14.771  96.696
2023-09-20T05:23:00Z  493.223  80.984  143.677  1.00870E-15  SWARM-A  15.068  98.609
2023-09-20T05:23:30Z  493.088  79.151  146.524  1.03533E-15  SWARM-A  15.266  100.523
2023-09-20T05:24:00Z  492.926  77.298  148.516  1.06300E-15  SWARM-A  15.407  102.436
2023-09-20T05:24:30Z  492.738  75.432  149.976  1.09150E-15  SWARM-A  15.513  104.350
2023-09-20T05:25:00Z  492.525  73.557  151.082  1.12061E-15  SWARM-A  15.595  106.263
2023-09-20T05:25:30Z  492.287  71.677  151.942  1.15008E-15  SWARM-A  15.661  108.177
2023-09-20T05:26:00Z  492.028  69.791  152.624  1.17980E-15  SWARM-A  15.714  110.090
2023-09-20T05:26:30Z  491.747  67.902  153.174  1.20952E-15  SWARM-A  15.759  112.003
2023-09-20T05:27:00Z  491.447  66.011  153.622  1.23914E-15  SWARM-A  15.798  113.917
2023-09-20T05:27:30Z  491.129  64.117  153.991  1.26843E-15  SWARM-A  15.830  115.830
2023-09-20T05:28:00Z  490.796  62.221  154.298  1.29713E-15  SWARM-A  15.859  117.743
2023-09-20T05:28:30Z  490.449  60.323  154.553  1.32532E-15  SWARM-A  15.885  119.656
2023-09-20T05:29:00Z  490.091  58.423  154.766  1.35276E-15  SWARM-A  15.907  121.569
2023-09-20T05:29:30Z  489.722  56.522  154.945  1.37939E-15  SWARM-A  15.927  123.482
2023-09-20T05:30:00Z  489.347  54.620  155.095  1.40511E-15  SWARM-A  15.946  125.395
2023-09-20T05:30:30Z  488.967  52.717  155.220  1.42993E-15  SWARM-A  15.962  127.307
2023-09-20T05:31:00Z  488.584  50.812  155.324  1.45486E-15  SWARM-A  15.978  129.220
2023-09-20T05:31:30Z  488.200  48.907  155.411  1.47888E-15  SWARM-A  15.992  131.133
2023-09-20T05:32:00Z  487.819  47.000  155.482  1.50175E-15  SWARM-A  16.005  133.045
2023-09-20T05:32:30Z  487.443  45.092  155.539  1.52355E-15  SWARM-A  16.017  134.958
2023-09-20T05:33:00Z  487.074  43.183  155.585  1.54208E-15  SWARM-A  16.028  136.870
2023-09-20T05:33:30Z  486.714  41.274  155.620  1.55907E-15  SWARM-A  16.039  138.782
2023-09-20T05:34:00Z  486.366  39.363  155.647  1.57490E-15  SWARM-A  16.049  140.694
2023-09-20T05:34:30Z  486.033  37.452  155.665  1.58967E-15  SWARM-A  16.059  142.606
2023-09-20T05:35:00Z  485.716  35.540  155.676  1.60336E-15  SWARM-A  16.068  144.518
2023-09-20T05:35:30Z  485.419  33.627  155.681  1.61611E-15  SWARM-A  16.076  146.430
2023-09-20T05:36:00Z  485.143  31.713  155.680  1.62788E-15  SWARM-A  16.085  148.341
2023-09-20T05:36:30Z  484.890  29.798  155.674  1.64075E-15  SWARM-A  16.093  150.253
2023-09-20T05:37:00Z  484.662  27.883  155.664  1.65318E-15  SWARM-A  16.100  152.164
2023-09-20T05:37:30Z  484.462  25.968  155.650  1.66474E-15  SWARM-A  16.108  154.075
2023-09-20T05:38:00Z  484.292  24.051  155.632  1.67544E-15  SWARM-A  16.115  155.987
2023-09-20T05:38:30Z  484.152  22.135  155.611  1.68525E-15  SWARM-A  16.122  157.898
2023-09-20T05:39:00Z  484.045  20.217  155.587  1.69423E-15  SWARM-A  16.129  159.808
2023-09-20T05:39:30Z  483.973  18.300  155.561  1.70225E-15  SWARM-A  16.135  161.719
2023-09-20T05:40:00Z  483.935  16.381  155.533  1.70858E-15  SWARM-A  16.142  163.629
2023-09-20T05:40:30Z  483.935  14.463  155.502  1.71222E-15  SWARM-A  16.148  165.540
2023-09-20T05:41:00Z  483.972  12.544  155.470  1.71482E-15  SWARM-A  16.154  167.450
2023-09-20T05:41:30Z  484.048  10.626  155.437  1.71634E-15  SWARM-A  16.160  169.360
2023-09-20T05:42:00Z  484.163  8.707  155.403  1.71670E-15  SWARM-A  16.166  171.270
2023-09-20T05:42:30Z  484.318  6.787  155.367  1.71588E-15  SWARM-A  16.172  173.180
2023-09-20T05:43:00Z  484.513  4.868  155.331  1.71384E-15  SWARM-A  16.178  175.089
2023-09-20T05:43:30Z  484.748  2.949  155.295  1.71049E-15  SWARM-A  16.184  176.998
2023-09-20T05:44:00Z  485.024  1.030  155.258  1.70585E-15  SWARM-A  16.190  178.908
2023-09-20T05:44:30Z  485.340  -0.889  155.221  1.69986E-15  SWARM-A  16.196  180.817
2023-09-20T05:45:00Z  485.696  -2.808  155.184  1.69245E-15  SWARM-A  16.202  182.725
2023-09-20T05:45:30Z  486.091  -4.726  155.148  1.68349E-15  SWARM-A  16.208  184.634
2023-09-20T05:46:00Z  486.525  -6.644  155.111  1.67322E-15  SWARM-A  16.214  186.543
2023-09-20T05:46:30Z  486.997  -8.562  155.076  1.66164E-15  SWARM-A  16.220  188.451
2023-09-20T05:47:00Z  487.504  -10.479  155.041  1.64889E-15  SWARM-A  16.226  190.359
2023-09-20T05:47:30Z  488.048  -12.396  155.008  1.63496E-15  SWARM-A  16.232  192.267
2023-09-20T05:48:00Z  488.625  -14.312  154.976  1.61978E-15  SWARM-A  16.238  194.175
2023-09-20T05:48:30Z  489.234  -16.228  154.945  1.60349E-15  SWARM-A  16.244  196.082
2023-09-20T05:49:00Z  489.874  -18.143  154.917  1.58606E-15  SWARM-A  16.251  197.990
2023-09-20T05:49:30Z  490.543  -20.057  154.890  1.56753E-15  SWARM-A  16.257  199.897
2023-09-20T05:50:00Z  491.239  -21.970  154.866  1.54791E-15  SWARM-A  16.264  201.804
2023-09-20T05:50:30Z  491.959  -23.883  154.844  1.52727E-15  SWARM-A  16.271  203.711
2023-09-20T05:51:00Z  492.702  -25.795  154.826  1.50562E-15  SWARM-A  16.278  205.617
2023-09-20T05:51:30Z  493.464  -27.706  154.811  1.48294E-15  SWARM-A  16.285  207.524
2023-09-20T05:52:00Z  494.244  -29.616  154.800  1.45934E-15  SWARM-A  16.293  209.430
2023-09-20T05:52:30Z  495.040  -31.525  154.794  1.43485E-15  SWARM-A  16.301  211.336
2023-09-20T05:53:00Z  495.847  -33.433  154.792  1.40953E-15  SWARM-A  16.309  213.242
2023-09-20T05:53:30Z  496.664  -35.340  154.796  1.38343E-15  SWARM-A  16.318  215.148
2023-09-20T05:54:00Z  497.488  -37.246  154.806  1.35665E-15  SWARM-A  16.327  217.053
2023-09-20T05:54:30Z  498.316  -39.151  154.822  1.32925E-15  SWARM-A  16.336  218.959
2023-09-20T05:55:00Z  499.146  -41.055  154.847  1.30124E-15  SWARM-A  16.346  220.864
2023-09-20T05:55:30Z  499.973  -42.958  154.881  1.27261E-15  SWARM-A  16.357  222.769
2023-09-20T05:56:00Z  500.796  -44.859  154.925  1.24326E-15  SWARM-A  16.368  224.674
2023-09-20T05:56:30Z  501.611  -46.760  154.980  1.21302E-15  SWARM-A  16.380  226.579
2023-09-20T05:57:00Z  502.416  -48.659  155.048  1.18182E-15  SWARM-A  16.393  228.484
2023-09-20T05:57:30Z  503.208  -50.556  155.131  1.14994E-15  SWARM-A  16.407  230.388
2023-09-20T05:58:00Z  503.983  -52.453  155.232  1.11796E-15  SWARM-A  16.422  232.293
2023-09-20T05:58:30Z  504.740  -54.348  155.353  1.08668E-15  SWARM-A  16.438  234.197
2023-09-20T05:59:00Z  505.475  -56.242  155.498  1.05671E-15  SWARM-A  16.456  236.101
2023-09-20T05:59:30Z  506.186  -58.134  155.671  1.02824E-15  SWARM-A  16.476  238.005
2023-09-20T06:00:00Z  506.869  -60.025  155.877  1.00119E-15  SWARM-A  16.498  239.909
2023-09-20T06:00:30Z  507.524  -61.914  156.123  9.75425E-16  SWARM-A  16.523  241.813
2023-09-20T06:01:00Z  508.146  -63.801  156.418  9.50316E-16  SWARM-A  16.551  243.716
2023-09-20T06:01:30Z  508.735  -65.686  156.772  9.25590E-16  SWARM-A  16.583  245.620
2023-09-20T06:02:00Z  509.287  -67.568  157.203  9.01003E-16  SWARM-A  16.620  247.523
2023-09-20T06:02:30Z  509.802  -69.448  157.729  8.76488E-16  SWARM-A  16.663  249.427
2023-09-20T06:03:00Z  510.276  -71.324  158.379  8.51788E-16  SWARM-A  16.715  251.330
2023-09-20T06:03:30Z  510.709  -73.196  159.196  8.27159E-16  SWARM-A  16.778  253.233
2023-09-20T06:04:00Z  511.098  -75.062  160.241  8.02718E-16  SWARM-A  16.856  255.137
2023-09-20T06:04:30Z  511.442  -76.920  161.610  7.78404E-16  SWARM-A  16.955  257.040
2023-09-20T06:05:00Z  511.740  -78.766  163.462  7.54522E-16  SWARM-A  17.087  258.943
2023-09-20T06:05:30Z  511.991  -80.594  166.074  7.31118E-16  SWARM-A  17.269  260.846
2023-09-20T06:06:00Z  512.194  -82.390  169.978  7.08295E-16  SWARM-A  17.538  262.749
2023-09-20T06:06:30Z  512.348  -84.127  176.296  6.86072E-16  SWARM-A  17.968  264.652
2023-09-20T06:07:00Z  512.452  -85.730  -172.317  6.64487E-16  SWARM-A  18.735  266.555
2023-09-20T06:07:30Z  512.506  -86.981  -149.632  6.43371E-16  SWARM-A  20.256  268.458
2023-09-20T06:08:00Z  512.510  -87.325  -111.548  6.22789E-16  SWARM-A  22.803  270.361
2023-09-20T06:08:30Z  512.464  -86.488  -79.546  6.03494E-16  SWARM-A  0.945  272.264
2023-09-20T06:09:00Z  512.368  -85.033  -63.016  5.85438E-16  SWARM-A  2.055  274.167
2023-09-20T06:09:30Z  512.222  -83.355  -54.412  5.68187E-16  SWARM-A  2.637  276.070
2023-09-20T06:10:00Z  512.026  -81.586  -49.385  5.51736E-16  SWARM-A  2.981  277.973
2023-09-20T06:10:30Z  511.782  -79.773  -46.154  5.36059E-16  SWARM-A  3.204  279.876
2023-09-20T06:11:00Z  511.490  -77.936  -43.930  5.21524E-16  SWARM-A  3.361  281.779
2023-09-20T06:11:30Z  511.152  -76.084  -42.321  5.08270E-16  SWARM-A  3.476  283.683
2023-09-20T06:12:00Z  510.768  -74.222  -41.113  4.96290E-16  SWARM-A  3.565  285.586
2023-09-20T06:12:30Z  510.339  -72.353  -40.181  4.85552E-16  SWARM-A  3.636  287.489
2023-09-20T06:13:00Z  509.869  -70.479  -39.445  4.76068E-16  SWARM-A  3.693  289.393
2023-09-20T06:13:30Z  509.357  -68.601  -38.855  4.67815E-16  SWARM-A  3.741  291.296
2023-09-20T06:14:00Z  508.806  -66.719  -38.375  4.60674E-16  SWARM-A  3.781  293.200
2023-09-20T06:14:30Z  508.218  -64.836  -37.981  4.54665E-16  SWARM-A  3.816  295.104
2023-09-20T06:15:00Z  507.595  -62.950  -37.655  4.49944E-16  SWARM-A  3.846  297.007
2023-09-20T06:15:30Z  506.939  -61.061  -37.383  4.46079E-16  SWARM-A  3.872  298.911
2023-09-20T06:16:00Z  506.252  -59.172  -37.156  4.43130E-16  SWARM-A  3.896  300.815
2023-09-20T06:16:30Z  505.538  -57.280  -36.966  4.41060E-16  SWARM-A  3.917  302.719
2023-09-20T06:17:00Z  504.798  -55.387  -36.806  4.39830E-16  SWARM-A  3.936  304.624
2023-09-20T06:17:30Z  504.035  -53.492  -36.673  4.39420E-16  SWARM-A  3.953  306.528
2023-09-20T06:18:00Z  503.252  -51.596  -36.561  4.39708E-16  SWARM-A  3.969  308.433
2023-09-20T06:18:30Z  502.452  -49.699  -36.468  4.40719E-16  SWARM-A  3.983  310.337
2023-09-20T06:19:00Z  501.638  -47.800  -36.392  4.42144E-16  SWARM-A  3.997  312.242
2023-09-20T06:19:30Z  500.812  -45.901  -36.330  4.43708E-16  SWARM-A  4.009  314.147
2023-09-20T06:20:00Z  499.977  -43.999  -36.280  4.45760E-16  SWARM-A  4.021  316.052
2023-09-20T06:20:30Z  499.136  -42.097  -36.241  4.48226E-16  SWARM-A  4.032  317.957
2023-09-20T06:21:00Z  498.293  -40.194  -36.212  4.51139E-16  SWARM-A  4.042  319.863
2023-09-20T06:21:30Z  497.450  -38.289  -36.190  4.54453E-16  SWARM-A  4.052  321.768
2023-09-20T06:22:00Z  496.610  -36.383  -36.177  4.58103E-16  SWARM-A  4.061  323.674
2023-09-20T06:22:30Z  495.776  -34.477  -36.170  4.62128E-16  SWARM-A  4.070  325.580
2023-09-20T06:23:00Z  494.951  -32.569  -36.168  4.66544E-16  SWARM-A  4.078  327.486
2023-09-20T06:23:30Z  494.137  -30.660  -36.172  4.71283E-16  SWARM-A  4.086  329.393
2023-09-20T06:24:00Z  493.337  -28.750  -36.181  4.76211E-16  SWARM-A  4.094  331.299
2023-09-20T06:24:30Z  492.555  -26.839  -36.194  4.81430E-16  SWARM-A  4.102  333.206
2023-09-20T06:25:00Z  491.791  -24.928  -36.210  4.86985E-16  SWARM-A  4.109  335.113
2023-09-20T06:25:30Z  491.050  -23.015  -36.230  4.92798E-16  SWARM-A  4.116  337.020
2023-09-20T06:26:00Z  490.333  -21.102  -36.253  4.98898E-16  SWARM-A  4.123  338.927
2023-09-20T06:26:30Z  489.642  -19.188  -36.278  5.05231E-16  SWARM-A  4.129  340.834
2023-09-20T06:27:00Z  488.979  -17.273  -36.306  5.11739E-16  SWARM-A  4.136  342.742
2023-09-20T06:27:30Z  488.347  -15.357  -36.335  5.18422E-16  SWARM-A  4.142  344.650
2023-09-20T06:28:00Z  487.748  -13.441  -36.367  5.25229E-16  SWARM-A  4.149  346.558
2023-09-20T06:28:30Z  487.182  -11.524  -36.399  5.32095E-16  SWARM-A  4.155  348.466
2023-09-20T06:29:00Z  486.652  -9.607  -36.433  5.38972E-16  SWARM-A  4.161  350.374
2023-09-20T06:29:30Z  486.158  -7.689  -36.468  5.45800E-16  SWARM-A  4.167  352.283
2023-09-20T06:30:00Z  485.702  -5.771  -36.504  5.52576E-16  SWARM-A  4.173  354.191
2023-09-20T06:30:30Z  485.286  -3.852  -36.540  5.59214E-16  SWARM-A  4.179  356.100
2023-09-20T06:31:00Z  484.909  -1.933  -36.577  5.65690E-16  SWARM-A  4.185  358.009
2023-09-20T06:31:30Z  484.572  -0.014  -36.614  5.71980E-16  SWARM-A  4.190  359.918
2023-09-20T06:32:00Z  484.276  1.905  -36.651  5.78043E-16  SWARM-A  4.196  1.828
2023-09-20T06:32:30Z  484.021  3.825  -36.688  5.83889E-16  SWARM-A  4.202  3.737
2023-09-20T06:33:00Z  483.808  5.744  -36.724  5.89509E-16  SWARM-A  4.208  5.647
2023-09-20T06:33:30Z  483.635  7.664  -36.760  5.94893E-16  SWARM-A  4.214  7.557
2023-09-20T06:34:00Z  483.504  9.583  -36.794  6.00045E-16  SWARM-A  4.220  9.467
2023-09-20T06:34:30Z  483.412  11.502  -36.828  6.05017E-16  SWARM-A  4.226  11.378
2023-09-20T06:35:00Z  483.361  13.421  -36.861  6.09750E-16  SWARM-A  4.232  13.288
2023-09-20T06:35:30Z  483.348  15.340  -36.892  6.14305E-16  SWARM-A  4.239  15.199
2023-09-20T06:36:00Z  483.374  17.259  -36.921  6.18761E-16  SWARM-A  4.245  17.109
2023-09-20T06:36:30Z  483.436  19.177  -36.949  6.23064E-16  SWARM-A  4.251  19.020
2023-09-20T06:37:00Z  483.534  21.095  -36.974  6.27296E-16  SWARM-A  4.258  20.931
2023-09-20T06:37:30Z  483.666  23.012  -36.996  6.31515E-16  SWARM-A  4.265  22.842
2023-09-20T06:38:00Z  483.831  24.929  -37.016  6.35754E-16  SWARM-A  4.272  24.754
2023-09-20T06:38:30Z  484.026  26.846  -37.032  6.40056E-16  SWARM-A  4.279  26.665
2023-09-20T06:39:00Z  484.251  28.761  -37.045  6.44490E-16  SWARM-A  4.287  28.577
2023-09-20T06:39:30Z  484.502  30.676  -37.053  6.49091E-16  SWARM-A  4.294  30.488
2023-09-20T06:40:00Z  484.779  32.591  -37.056  6.53803E-16  SWARM-A  4.303  32.400
2023-09-20T06:40:30Z  485.078  34.504  -37.055  6.58708E-16  SWARM-A  4.311  34.312
2023-09-20T06:41:00Z  485.398  36.417  -37.047  6.63874E-16  SWARM-A  4.320  36.224
2023-09-20T06:41:30Z  485.737  38.329  -37.033  6.69306E-16  SWARM-A  4.329  38.136
2023-09-20T06:42:00Z  486.091  40.241  -37.011  6.75085E-16  SWARM-A  4.339  40.049
2023-09-20T06:42:30Z  486.459  42.151  -36.981  6.81210E-16  SWARM-A  4.349  41.961
2023-09-20T06:43:00Z  486.839  44.060  -36.941  6.87750E-16  SWARM-A  4.360  43.873
2023-09-20T06:43:30Z  487.227  45.969  -36.890  6.94847E-16  SWARM-A  4.372  45.786
2023-09-20T06:44:00Z  487.621  47.876  -36.826  7.02612E-16  SWARM-A  4.385  47.699
2023-09-20T06:44:30Z  488.019  49.783  -36.748  7.11229E-16  SWARM-A  4.398  49.611
2023-09-20T06:45:00Z  488.419  51.688  -36.654  7.20783E-16  SWARM-A  4.413  51.524
2023-09-20T06:45:30Z  488.818  53.593  -36.540  7.31313E-16  SWARM-A  4.429  53.437
2023-09-20T06:46:00Z  489.213  55.496  -36.404  7.42310E-16  SWARM-A  4.446  55.350
2023-09-20T06:46:30Z  489.602  57.397  -36.241  7.53546E-16  SWARM-A  4.465  57.263
2023-09-20T06:47:00Z  489.984  59.298  -36.047  7.64814E-16  SWARM-A  4.487  59.176
2023-09-20T06:47:30Z  490.355  61.197  -35.815  7.75982E-16  SWARM-A  4.510  61.090
2023-09-20T06:48:00Z  490.714  63.094  -35.538  7.87054E-16  SWARM-A  4.537  63.003
2023-09-20T06:48:30Z  491.058  64.989  -35.204  7.98080E-16  SWARM-A  4.568  64.916
2023-09-20T06:49:00Z  491.386  66.882  -34.801  8.09220E-16  SWARM-A  4.603  66.829
2023-09-20T06:49:30Z  491.695  68.773  -34.309  8.20608E-16  SWARM-A  4.644  68.743
2023-09-20T06:50:00Z  491.985  70.660  -33.703  8.32365E-16  SWARM-A  4.693  70.656
2023-09-20T06:50:30Z  492.253  72.544  -32.945  8.44547E-16  SWARM-A  4.752  72.570
2023-09-20T06:51:00Z  492.498  74.422  -31.981  8.57301E-16  SWARM-A  4.824  74.483
2023-09-20T06:51:30Z  492.718  76.293  -30.729  8.70627E-16  SWARM-A  4.916  76.397
2023-09-20T06:52:00Z  492.913  78.154  -29.051  8.84657E-16  SWARM-A  5.036  78.310
2023-09-20T06:52:30Z  493.081  79.999  -26.717  8.99499E-16  SWARM-A  5.200  80.224
2023-09-20T06:53:00Z  493.221  81.817  -23.294  9.15167E-16  SWARM-A  5.437  82.137
2023-09-20T06:53:30Z  493.334  83.587  -17.897  9.31709E-16  SWARM-A  5.805  84.051
2023-09-20T06:54:00Z  493.417  85.255  -8.493  9.49189E-16  SWARM-A  6.440  85.965
2023-09-20T06:54:30Z  493.471  86.662  9.895  9.67541E-16  SWARM-A  7.674  87.878
2023-09-20T06:55:00Z  493.495  87.355  44.459  9.86911E-16  SWARM-A  9.987  89.792
2023-09-20T06:55:30Z  493.490  86.825  81.084  1.00822E-15  SWARM-A  12.437  91.705
2023-09-20T06:56:00Z  493.455  85.484  101.492  1.03088E-15  SWARM-A  13.806  93.619
2023-09-20T06:56:30Z  493.391  83.841  111.799  1.05446E-15  SWARM-A  14.501  95.532
2023-09-20T06:57:00Z  493.297  82.081  117.614  1.07891E-15  SWARM-A  14.897  97.446
2023-09-20T06:57:30Z  493.176  80.268  121.256  1.10413E-15  SWARM-A  15.148  99.360
2023-09-20T06:58:00Z  493.026  78.426  123.716  1.13000E-15  SWARM-A  15.321  101.273
2023-09-20T06:58:30Z  492.850  76.568  125.472  1.15639E-15  SWARM-A  15.446  103.187
2023-09-20T06:59:00Z  492.648  74.698  126.777  1.18309E-15  SWARM-A  15.542  105.100
2023-09-20T06:59:30Z  492.422  72.821  127.777  1.21002E-15  SWARM-A  15.617  107.013
2023-09-20T07:00:00Z  492.172  70.938  128.561  1.23698E-15  SWARM-A  15.677  108.927
2023-09-20T07:00:30Z  491.900  69.051  129.187  1.26393E-15  SWARM-A  15.727  110.840
2023-09-20T07:01:00Z  491.608  67.161  129.694  1.29075E-15  SWARM-A  15.769  112.753
2023-09-20T07:01:30Z  491.298  65.268  130.109  1.31718E-15  SWARM-A  15.805  114.667
2023-09-20T07:02:00Z  490.970  63.374  130.452  1.34308E-15  SWARM-A  15.837  116.580
2023-09-20T07:02:30Z  490.628  61.477  130.737  1.36821E-15  SWARM-A  15.864  118.493
2023-09-20T07:03:00Z  490.274  59.578  130.975  1.39240E-15  SWARM-A  15.888  120.406
2023-09-20T07:03:30Z  489.908  57.678  131.174  1.41561E-15  SWARM-A  15.910  122.319
2023-09-20T07:04:00Z  489.534  55.777  131.341  1.43778E-15  SWARM-A  15.929  124.232
2023-09-20T07:04:30Z  489.154  53.874  131.481  1.45888E-15  SWARM-A  15.947  126.145
2023-09-20T07:05:00Z  488.769  51.970  131.598  1.47898E-15  SWARM-A  15.963  128.057
2023-09-20T07:05:30Z  488.383  50.065  131.695  1.49790E-15  SWARM-A  15.978  129.970
2023-09-20T07:06:00Z  487.998  48.159  131.775  1.51523E-15  SWARM-A  15.991  131.883
2023-09-20T07:06:30Z  487.616  46.252  131.841  1.53168E-15  SWARM-A  16.004  133.795
2023-09-20T07:07:00Z  487.239  44.344  131.893  1.54736E-15  SWARM-A  16.016  135.708
2023-09-20T07:07:30Z  486.871  42.435  131.935  1.56272E-15  SWARM-A  16.027  137.620
2023-09-20T07:08:00Z  486.513  40.525  131.967  1.57714E-15  SWARM-A  16.038  139.532
2023-09-20T07:08:30Z  486.168  38.614  131.990  1.59092E-15  SWARM-A  16.047  141.444
2023-09-20T07:09:00Z  485.838  36.702  132.005  1.60418E-15  SWARM-A  16.057  143.356
2023-09-20T07:09:30Z  485.526  34.789  132.014  1.61703E-15  SWARM-A  16.066  145.268
2023-09-20T07:10:00Z  485.234  32.876  132.016  1.62957E-15  SWARM-A  16.074  147.180
2023-09-20T07:10:30Z  484.964  30.962  132.013  1.64174E-15  SWARM-A  16.082  149.091
2023-09-20T07:11:00Z  484.718  29.047  132.006  1.65361E-15  SWARM-A  16.090  151.003
2023-09-20T07:11:30Z  484.498  27.132  131.994  1.66519E-15  SWARM-A  16.098  152.914
2023-09-20T07:12:00Z  484.307  25.216  131.978  1.67643E-15  SWARM-A  16.105  154.825
2023-09-20T07:12:30Z  484.146  23.299  131.959  1.68732E-15  SWARM-A  16.112  156.736
2023-09-20T07:13:00Z  484.016  21.382  131.937  1.69784E-15  SWARM-A  16.119  158.647
2023-09-20T07:13:30Z  483.920  19.465  131.913  1.70791E-15  SWARM-A  16.126  160.558
2023-09-20T07:14:00Z  483.858  17.547  131.886  1.71743E-15  SWARM-A  16.132  162.469
2023-09-20T07:14:30Z  483.833  15.628  131.857  1.72634E-15  SWARM-A  16.139  164.379
2023-09-20T07:15:00Z  483.845  13.710  131.826  1.73454E-15  SWARM-A  16.145  166.290
2023-09-20T07:15:30Z  483.895  11.791  131.793  1.74186E-15  SWARM-A  16.151  168.200
2023-09-20T07:16:00Z  483.984  9.872  131.760  1.74825E-15  SWARM-A  16.157  170.110
2023-09-20T07:16:30Z  484.112  7.953  131.725  1.75397E-15  SWARM-A  16.163  172.020
2023-09-20T07:17:00Z  484.281  6.034  131.689  1.75888E-15  SWARM-A  16.169  173.929
2023-09-20T07:17:30Z  484.490  4.115  131.653  1.76253E-15  SWARM-A  16.175  175.839
2023-09-20T07:18:00Z  484.739  2.195  131.617  1.76480E-15  SWARM-A  16.181  177.748
2023-09-20T07:18:30Z  485.029  0.276  131.580  1.76567E-15  SWARM-A  16.187  179.657
2023-09-20T07:19:00Z  485.359  -1.643  131.543  1.76503E-15  SWARM-A  16.193  181.566
2023-09-20T07:19:30Z  485.728  -3.561  131.506  1.76285E-15  SWARM-A  16.199  183.475
2023-09-20T07:20:00Z  486.137  -5.480  131.470  1.75907E-15  SWARM-A  16.204  185.384
2023-09-20T07:20:30Z  486.584  -7.398  131.434  1.75370E-15  SWARM-A  16.210  187.292
2023-09-20T07:21:00Z  487.069  -9.315  131.399  1.74665E-15  SWARM-A  16.216  189.201
2023-09-20T07:21:30Z  487.589  -11.232  131.365  1.73793E-15  SWARM-A  16.223  191.109
2023-09-20T07:22:00Z  488.145  -13.149  131.332  1.72752E-15  SWARM-A  16.229  193.017
2023-09-20T07:22:30Z  488.735  -15.065  131.300  1.71536E-15  SWARM-A  16.235  194.924
2023-09-20T07:23:00Z  489.356  -16.981  131.271  1.70151E-15  SWARM-A  16.241  196.832
2023-09-20T07:23:30Z  490.007  -18.895  131.243  1.68598E-15  SWARM-A  16.248  198.739
2023-09-20T07:24:00Z  490.687  -20.809  131.217  1.66879E-15  SWARM-A  16.254  200.647
2023-09-20T07:24:30Z  491.393  -22.723  131.194  1.64998E-15  SWARM-A  16.261  202.554
2023-09-20T07:25:00Z  492.122  -24.635  131.174  1.62959E-15  SWARM-A  16.268  204.460
2023-09-20T07:25:30Z  492.874  -26.547  131.157  1.60772E-15  SWARM-A  16.275  206.367
2023-09-20T07:26:00Z  493.645  -28.457  131.144  1.58443E-15  SWARM-A  16.283  208.274
2023-09-20T07:26:30Z  494.433  -30.367  131.134  1.55979E-15  SWARM-A  16.291  210.180
2023-09-20T07:27:00Z  495.235  -32.276  131.130  1.53391E-15  SWARM-A  16.299  212.086
2023-09-20T07:27:30Z  496.048  -34.184  131.130  1.50684E-15  SWARM-A  16.307  213.992
2023-09-20T07:28:00Z  496.870  -36.090  131.136  1.47869E-15  SWARM-A  16.316  215.898
2023-09-20T07:28:30Z  497.699  -37.996  131.149  1.44950E-15  SWARM-A  16.325  217.803
2023-09-20T07:29:00Z  498.530  -39.901  131.169  1.41934E-15  SWARM-A  16.335  219.709
2023-09-20T07:29:30Z  499.362  -41.804  131.197  1.38828E-15  SWARM-A  16.345  221.614
2023-09-20T07:30:00Z  500.191  -43.706  131.235  1.35639E-15  SWARM-A  16.356  223.519
2023-09-20T07:30:30Z  501.015  -45.607  131.283  1.32388E-15  SWARM-A  16.367  225.424
2023-09-20T07:31:00Z  501.830  -47.507  131.344  1.29096E-15  SWARM-A  16.379  227.329
2023-09-20T07:31:30Z  502.634  -49.406  131.418  1.25809E-15  SWARM-A  16.393  229.233
2023-09-20T07:32:00Z  503.423  -51.303  131.508  1.22575E-15  SWARM-A  16.407  231.138
2023-09-20T07:32:30Z  504.196  -53.199  131.616  1.19410E-15  SWARM-A  16.423  233.042
2023-09-20T07:33:00Z  504.948  -55.094  131.747  1.16318E-15  SWARM-A  16.440  234.947
2023-09-20T07:33:30Z  505.678  -56.987  131.902  1.13298E-15  SWARM-A  16.458  236.851
2023-09-20T07:34:00Z  506.383  -58.879  132.087  1.10335E-15  SWARM-A  16.479  238.755
2023-09-20T07:34:30Z  507.060  -60.769  132.309  1.07422E-15  SWARM-A  16.502  240.659
2023-09-20T07:35:00Z  507.707  -62.657  132.573  1.04542E-15  SWARM-A  16.528  242.562
2023-09-20T07:35:30Z  508.321  -64.543  132.890  1.01687E-15  SWARM-A  16.558  244.466
2023-09-20T07:36:00Z  508.900  -66.427  133.273  9.88830E-16  SWARM-A  16.591  246.370
2023-09-20T07:36:30Z  509.443  -68.309  133.739  9.61348E-16  SWARM-A  16.631  248.273
2023-09-20T07:37:00Z  509.947  -70.187  134.311  9.34384E-16  SWARM-A  16.677  250.177
2023-09-20T07:37:30Z  510.410  -72.062  135.022  9.08049E-16  SWARM-A  16.733  252.080
2023-09-20T07:38:00Z  510.831  -73.931  135.920  8.82300E-16  SWARM-A  16.801  253.983
2023-09-20T07:38:30Z  511.207  -75.795  137.080  8.57107E-16  SWARM-A  16.887  255.886
2023-09-20T07:39:00Z  511.539  -77.648  138.616  8.32587E-16  SWARM-A  16.998  257.790
2023-09-20T07:39:30Z  511.824  -79.488  140.727  8.08728E-16  SWARM-A  17.147  259.693
2023-09-20T07:40:00Z  512.061  -81.306  143.765  7.85528E-16  SWARM-A  17.358  261.596
2023-09-20T07:40:30Z  512.250  -83.083  148.436  7.63031E-16  SWARM-A  17.677  263.499
2023-09-20T07:41:00Z  512.390  -84.781  156.296  7.41229E-16  SWARM-A  18.210  265.402
2023-09-20T07:41:30Z  512.480  -86.286  171.134  7.20053E-16  SWARM-A  19.207  267.305
2023-09-20T07:42:00Z  512.520  -87.261  -159.551  6.99439E-16  SWARM-A  21.170  269.208
2023-09-20T07:42:30Z  512.510  -87.110  -120.516  6.79782E-16  SWARM-A  23.781  271.111
2023-09-20T07:43:00Z  512.449  -85.956  -95.309  6.61756E-16  SWARM-A  1.469  273.014
2023-09-20T07:43:30Z  512.339  -84.387  -82.691  6.45044E-16  SWARM-A  2.319  274.917
2023-09-20T07:44:00Z  512.179  -82.664  -75.817  6.29465E-16  SWARM-A  2.786  276.820
2023-09-20T07:44:30Z  511.969  -80.875  -71.631  6.15031E-16  SWARM-A  3.073  278.723
2023-09-20T07:45:00Z  511.712  -79.051  -68.860  6.01579E-16  SWARM-A  3.266  280.626
2023-09-20T07:45:30Z  511.407  -77.207  -66.911  5.89326E-16  SWARM-A  3.404  282.529
2023-09-20T07:46:00Z  511.056  -75.351  -65.478  5.78187E-16  SWARM-A  3.508  284.433
2023-09-20T07:46:30Z  510.660  -73.486  -64.389  5.68087E-16  SWARM-A  3.589  286.336
2023-09-20T07:47:00Z  510.220  -71.615  -63.541  5.58839E-16  SWARM-A  3.654  288.239
2023-09-20T07:47:30Z  509.738  -69.739  -62.867  5.50398E-16  SWARM-A  3.707  290.143
2023-09-20T07:48:00Z  509.216  -67.860  -62.323  5.42640E-16  SWARM-A  3.752  292.046
2023-09-20T07:48:30Z  508.656  -65.977  -61.879  5.35328E-16  SWARM-A  3.790  293.950
2023-09-20T07:49:00Z  508.059  -64.093  -61.513  5.28424E-16  SWARM-A  3.822  295.853
2023-09-20T07:49:30Z  507.427  -62.206  -61.210  5.21657E-16  SWARM-A  3.851  297.757
2023-09-20T07:50:00Z  506.764  -60.317  -60.956  5.15352E-16  SWARM-A  3.876  299.661
2023-09-20T07:50:30Z  506.071  -58.427  -60.744  5.09567E-16  SWARM-A  3.899  301.565
2023-09-20T07:51:00Z  505.351  -56.535  -60.566  5.04260E-16  SWARM-A  3.919  303.469
2023-09-20T07:51:30Z  504.606  -54.641  -60.417  4.99419E-16  SWARM-A  3.937  305.373
2023-09-20T07:52:00Z  503.840  -52.746  -60.293  4.95010E-16  SWARM-A  3.954  307.278
2023-09-20T07:52:30Z  503.054  -50.849  -60.189  4.90992E-16  SWARM-A  3.969  309.182
2023-09-20T07:53:00Z  502.253  -48.952  -60.103  4.87330E-16  SWARM-A  3.983  311.087
2023-09-20T07:53:30Z  501.437  -47.053  -60.032  4.83936E-16  SWARM-A  3.996  312.992
2023-09-20T07:54:00Z  500.612  -45.152  -59.975  4.80844E-16  SWARM-A  4.008  314.897
2023-09-20T07:54:30Z  499.778  -43.251  -59.929  4.77991E-16  SWARM-A  4.020  316.802
2023-09-20T07:55:00Z  498.940  -41.348  -59.894  4.75187E-16  SWARM-A  4.030  318.707
2023-09-20T07:55:30Z  498.100  -39.444  -59.868  4.72740E-16  SWARM-A  4.040  320.613
2023-09-20T07:56:00Z  497.261  -37.539  -59.850  4.70651E-16  SWARM-A  4.050  322.518
2023-09-20T07:56:30Z  496.426  -35.633  -59.839  4.69010E-16  SWARM-A  4.059  324.424
2023-09-20T07:57:00Z  495.598  -33.726  -59.834  4.67748E-16  SWARM-A  4.068  326.330
2023-09-20T07:57:30Z  494.779  -31.818  -59.835  4.66932E-16  SWARM-A  4.076  328.236
2023-09-20T07:58:00Z  493.973  -29.909  -59.840  4.66612E-16  SWARM-A  4.084  330.142
2023-09-20T07:58:30Z  493.182  -27.999  -59.851  4.66761E-16  SWARM-A  4.092  332.049
2023-09-20T07:59:00Z  492.408  -26.088  -59.865  4.67440E-16  SWARM-A  4.099  333.956
2023-09-20T07:59:30Z  491.655  -24.176  -59.883  4.68684E-16  SWARM-A  4.106  335.862
2023-09-20T08:00:00Z  490.924  -22.263  -59.904  4.70495E-16  SWARM-A  4.113  337.769
2023-09-20T08:00:30Z  490.218  -20.349  -59.927  4.72878E-16  SWARM-A  4.120  339.677
2023-09-20T08:01:00Z  489.539  -18.435  -59.953  4.75850E-16  SWARM-A  4.126  341.584
2023-09-20T08:01:30Z  488.889  -16.520  -59.982  4.79428E-16  SWARM-A  4.133  343.492
2023-09-20T08:02:00Z  488.270  -14.604  -60.012  4.83588E-16  SWARM-A  4.139  345.399
2023-09-20T08:02:30Z  487.683  -12.688  -60.044  4.88328E-16  SWARM-A  4.145  347.307
2023-09-20T08:03:00Z  487.131  -10.771  -60.077  4.93599E-16  SWARM-A  4.152  349.215
2023-09-20T08:03:30Z  486.614  -8.853  -60.111  4.99395E-16  SWARM-A  4.158  351.124
2023-09-20T08:04:00Z  486.135  -6.935  -60.146  5.05603E-16  SWARM-A  4.164  353.032
2023-09-20T08:04:30Z  485.694  -5.017  -60.182  5.12219E-16  SWARM-A  4.170  354.941
2023-09-20T08:05:00Z  485.291  -3.098  -60.219  5.19207E-16  SWARM-A  4.175  356.850
2023-09-20T08:05:30Z  484.929  -1.180  -60.256  5.26543E-16  SWARM-A  4.181  358.759
2023-09-20T08:06:00Z  484.607  0.740  -60.292  5.34144E-16  SWARM-A  4.187  0.668
2023-09-20T08:06:30Z  484.326  2.659  -60.329  5.42003E-16  SWARM-A  4.193  2.577
2023-09-20T08:07:00Z  484.086  4.578  -60.366  5.50007E-16  SWARM-A  4.199  4.487
2023-09-20T08:07:30Z  483.887  6.498  -60.402  5.58199E-16  SWARM-A  4.205  6.397
2023-09-20T08:08:00Z  483.728  8.417  -60.437  5.66546E-16  SWARM-A  4.211  8.307
2023-09-20T08:08:30Z  483.611  10.336  -60.472  5.74987E-16  SWARM-A  4.217  10.217
2023-09-20T08:09:00Z  483.533  12.255  -60.505  5.83577E-16  SWARM-A  4.223  12.127
2023-09-20T08:09:30Z  483.495  14.174  -60.537  5.92308E-16  SWARM-A  4.229  14.037
2023-09-20T08:10:00Z  483.495  16.093  -60.567  6.01169E-16  SWARM-A  4.236  15.948
2023-09-20T08:10:30Z  483.533  18.011  -60.596  6.10231E-16  SWARM-A  4.242  17.859
2023-09-20T08:11:00Z  483.607  19.929  -60.623  6.19477E-16  SWARM-A  4.249  19.769
2023-09-20T08:11:30Z  483.716  21.847  -60.647  6.28971E-16  SWARM-A  4.255  21.680
2023-09-20T08:12:00Z  483.859  23.764  -60.668  6.38753E-16  SWARM-A  4.262  23.592
2023-09-20T08:12:30Z  484.034  25.681  -60.686  6.48827E-16  SWARM-A  4.269  25.503
2023-09-20T08:13:00Z  484.239  27.597  -60.701  6.59220E-16  SWARM-A  4.277  27.414
2023-09-20T08:13:30Z  484.472  29.512  -60.712  6.69946E-16  SWARM-A  4.284  29.326
2023-09-20T08:14:00Z  484.732  31.427  -60.718  6.80990E-16  SWARM-A  4.292  31.238
2023-09-20T08:14:30Z  485.016  33.341  -60.720  6.92223E-16  SWARM-A  4.300  33.149
2023-09-20T08:15:00Z  485.321  35.254  -60.716  7.03778E-16  SWARM-A  4.309  35.061
2023-09-20T08:15:30Z  485.647  37.166  -60.706  7.15722E-16  SWARM-A  4.318  36.973
2023-09-20T08:16:00Z  485.990  39.078  -60.688  7.28062E-16  SWARM-A  4.328  38.885
2023-09-20T08:16:30Z  486.349  40.989  -60.663  7.40858E-16  SWARM-A  4.338  40.798
2023-09-20T08:17:00Z  486.720  42.899  -60.629  7.54242E-16  SWARM-A  4.348  42.710
2023-09-20T08:17:30Z  487.101  44.808  -60.585  7.68316E-16  SWARM-A  4.359  44.622
2023-09-20T08:18:00Z  487.491  46.716  -60.529  7.83057E-16  SWARM-A  4.371  46.535
2023-09-20T08:18:30Z  487.886  48.623  -60.460  7.98286E-16  SWARM-A  4.384  48.448
2023-09-20T08:19:00Z  488.283  50.529  -60.376  8.13704E-16  SWARM-A  4.398  50.360
2023-09-20T08:19:30Z  488.682  52.434  -60.275  8.28876E-16  SWARM-A  4.413  52.273
2023-09-20T08:20:00Z  489.078  54.338  -60.152  8.43214E-16  SWARM-A  4.430  54.186
2023-09-20T08:20:30Z  489.470  56.240  -60.006  8.56918E-16  SWARM-A  4.448  56.099
2023-09-20T08:21:00Z  489.856  58.141  -59.832  8.69983E-16  SWARM-A  4.468  58.012
2023-09-20T08:21:30Z  490.232  60.041  -59.624  8.82437E-16  SWARM-A  4.490  59.925
2023-09-20T08:22:00Z  490.598  61.939  -59.375  8.94443E-16  SWARM-A  4.515  61.838
2023-09-20T08:22:30Z  490.950  63.836  -59.077  9.06091E-16  SWARM-A  4.543  63.751
2023-09-20T08:23:00Z  491.287  65.730  -58.718  9.17545E-16  SWARM-A  4.576  65.665
2023-09-20T08:23:30Z  491.607  67.622  -58.282  9.28933E-16  SWARM-A  4.613  67.578
2023-09-20T08:24:00Z  491.908  69.511  -57.749  9.40343E-16  SWARM-A  4.657  69.491
2023-09-20T08:24:30Z  492.189  71.397  -57.088  9.51885E-16  SWARM-A  4.709  71.405
2023-09-20T08:25:00Z  492.447  73.279  -56.257  9.63704E-16  SWARM-A  4.773  73.318
2023-09-20T08:25:30Z  492.681  75.155  -55.192  9.75833E-16  SWARM-A  4.852  75.231
2023-09-20T08:26:00Z  492.891  77.022  -53.793  9.88472E-16  SWARM-A  4.954  77.145
2023-09-20T08:26:30Z  493.074  78.877  -51.894  1.00161E-15  SWARM-A  5.089  79.058
2023-09-20T08:27:00Z  493.231  80.714  -49.201  1.01543E-15  SWARM-A  5.277  80.972
2023-09-20T08:27:30Z  493.359  82.517  -45.150  1.02990E-15  SWARM-A  5.555  82.885
2023-09-20T08:28:00Z  493.459  84.256  -38.534  1.04516E-15  SWARM-A  6.005  84.799
2023-09-20T08:28:30Z  493.529  85.851  -26.460  1.06118E-15  SWARM-A  6.818  86.713
2023-09-20T08:29:00Z  493.570  87.056  -2.272  1.07795E-15  SWARM-A  8.439  88.626
2023-09-20T08:29:30Z  493.582  87.289  36.645  1.09616E-15  SWARM-A  11.041  90.540
2023-09-20T08:30:00Z  493.563  86.359  67.148  1.11624E-15  SWARM-A  13.083  92.453
2023-09-20T08:30:30Z  493.515  84.863  82.634  1.13730E-15  SWARM-A  14.124  94.367
2023-09-20T08:31:00Z  493.438  83.162  90.760  1.15914E-15  SWARM-A  14.674  96.280
2023-09-20T08:31:30Z  493.331  81.377  95.553  1.18185E-15  SWARM-A  15.002  98.194
2023-09-20T08:32:00Z  493.197  79.551  98.654  1.20522E-15  SWARM-A  15.217  100.107
2023-09-20T08:32:30Z  493.035  77.701  100.799  1.22920E-15  SWARM-A  15.368  102.021
2023-09-20T08:33:00Z  492.847  75.838  102.357  1.25364E-15  SWARM-A  15.481  103.934
2023-09-20T08:33:30Z  492.633  73.965  103.530  1.27844E-15  SWARM-A  15.567  105.847
2023-09-20T08:34:00Z  492.395  72.086  104.437  1.30466E-15  SWARM-A  15.636  107.761
2023-09-20T08:34:30Z  492.134  70.201  105.154  1.33254E-15  SWARM-A  15.692  109.674
2023-09-20T08:35:00Z  491.852  68.313  105.730  1.36057E-15  SWARM-A  15.739  111.587
2023-09-20T08:35:30Z  491.551  66.422  106.199  1.38852E-15  SWARM-A  15.778  113.501
2023-09-20T08:36:00Z  491.231  64.528  106.584  1.41561E-15  SWARM-A  15.812  115.414
2023-09-20T08:36:30Z  490.896  62.633  106.903  1.44182E-15  SWARM-A  15.842  117.327
2023-09-20T08:37:00Z  490.546  60.735  107.169  1.46717E-15  SWARM-A  15.868  119.240
2023-09-20T08:37:30Z  490.185  58.836  107.391  1.49147E-15  SWARM-A  15.891  121.153
2023-09-20T08:38:00Z  489.814  56.936  107.577  1.51399E-15  SWARM-A  15.912  123.066
2023-09-20T08:38:30Z  489.435  55.034  107.733  1.53204E-15  SWARM-A  15.931  124.979
2023-09-20T08:39:00Z  489.051  53.131  107.863  1.54896E-15  SWARM-A  15.948  126.892
2023-09-20T08:39:30Z  488.663  51.226  107.972  1.56461E-15  SWARM-A  15.963  128.804
2023-09-20T08:40:00Z  488.276  49.321  108.062  1.57926E-15  SWARM-A  15.978  130.717
2023-09-20T08:40:30Z  487.890  47.414  108.137  1.59499E-15  SWARM-A  15.991  132.629
2023-09-20T08:41:00Z  487.508  45.507  108.197  1.61141E-15  SWARM-A  16.003  134.542
2023-09-20T08:41:30Z  487.134  43.598  108.245  1.62703E-15  SWARM-A  16.015  136.454
2023-09-20T08:42:00Z  486.768  41.689  108.283  1.64190E-15  SWARM-A  16.026  138.366
2023-09-20T08:42:30Z  486.414  39.779  108.311  1.65613E-15  SWARM-A  16.036  140.278
2023-09-20T08:43:00Z  486.074  37.867  108.331  1.66616E-15  SWARM-A  16.046  142.190
2023-09-20T08:43:30Z  485.750  35.955  108.344  1.67527E-15  SWARM-A  16.055  144.102
2023-09-20T08:44:00Z  485.445  34.042  108.350  1.68386E-15  SWARM-A  16.064  146.014
2023-09-20T08:44:30Z  485.161  32.129  108.351  1.69200E-15  SWARM-A  16.072  147.926
2023-09-20T08:45:00Z  484.900  30.215  108.346  1.69976E-15  SWARM-A  16.080  149.837
2023-09-20T08:45:30Z  484.664  28.300  108.337  1.70626E-15  SWARM-A  16.088  151.749
2023-09-20T08:46:00Z  484.456  26.384  108.323  1.71221E-15  SWARM-A  16.095  153.660
2023-09-20T08:46:30Z  484.276  24.468  108.306  1.71777E-15  SWARM-A  16.102  155.571
2023-09-20T08:47:00Z  484.127  22.551  108.286  1.72287E-15  SWARM-A  16.109  157.482
2023-09-20T08:47:30Z  484.011  20.634  108.263  1.72755E-15  SWARM-A  16.116  159.393
2023-09-20T08:48:00Z  483.929  18.716  108.237  1.73173E-15  SWARM-A  16.123  161.304
2023-09-20T08:48:30Z  483.882  16.798  108.210  1.73541E-15  SWARM-A  16.129  163.214
2023-09-20T08:49:00Z  483.872  14.880  108.180  1.73849E-15  SWARM-A  16.136  165.125
2023-09-20T08:49:30Z  483.899  12.961  108.148  1.74083E-15  SWARM-A  16.142  167.035
2023-09-20T08:50:00Z  483.965  11.042  108.116  1.74246E-15  SWARM-A  16.148  168.945
2023-09-20T08:50:30Z  484.070  9.123  108.082  1.74326E-15  SWARM-A  16.154  170.855
2023-09-20T08:51:00Z  484.215  7.204  108.047  1.74321E-15  SWARM-A  16.160  172.765
2023-09-20T08:51:30Z  484.400  5.285  108.011  1.74225E-15  SWARM-A  16.166  174.674
2023-09-20T08:52:00Z  484.626  3.366  107.974  1.73984E-15  SWARM-A  16.172  176.584
2023-09-20T08:52:30Z  484.892  1.447  107.938  1.73598E-15  SWARM-A  16.178  178.493
2023-09-20T08:53:00Z  485.199  -0.472  107.901  1.73114E-15  SWARM-A  16.184  180.402
2023-09-20T08:53:30Z  485.545  -2.391  107.864  1.72523E-15  SWARM-A  16.190  182.311
2023-09-20T08:54:00Z  485.931  -4.309  107.828  1.71821E-15  SWARM-A  16.195  184.220
2023-09-20T08:54:30Z  486.356  -6.228  107.791  1.70999E-15  SWARM-A  16.201  186.128
2023-09-20T08:55:00Z  486.819  -8.145  107.756  1.70057E-15  SWARM-A  16.207  188.037
2023-09-20T08:55:30Z  487.318  -10.063  107.721  1.68983E-15  SWARM-A  16.213  189.945
2023-09-20T08:56:00Z  487.854  -11.980  107.688  1.67780E-15  SWARM-A  16.219  191.853
2023-09-20T08:56:30Z  488.424  -13.896  107.655  1.66448E-15  SWARM-A  16.226  193.761
2023-09-20T08:57:00Z  489.027  -15.812  107.625  1.64984E-15  SWARM-A  16.232  195.668
2023-09-20T08:57:30Z  489.661  -17.727  107.596  1.63386E-15  SWARM-A  16.238  197.576
2023-09-20T08:58:00Z  490.325  -19.641  107.569  1.61665E-15  SWARM-A  16.245  199.483
2023-09-20T08:58:30Z  491.017  -21.555  107.544  1.59821E-15  SWARM-A  16.252  201.390
2023-09-20T08:59:00Z  491.733  -23.468  107.522  1.57862E-15  SWARM-A  16.258  203.297
2023-09-20T08:59:30Z  492.473  -25.380  107.503  1.55798E-15  SWARM-A  16.265  205.204
2023-09-20T09:00:00Z  493.234  -27.291  107.488  1.53747E-15  SWARM-A  16.273  207.110
2023-09-20T09:00:30Z  494.014  -29.202  107.476  1.51501E-15  SWARM-A  16.280  209.016
2023-09-20T09:01:00Z  494.809  -31.111  107.469  1.49172E-15  SWARM-A  16.288  210.923
2023-09-20T09:01:30Z  495.617  -33.019  107.466  1.46769E-15  SWARM-A  16.296  212.829
2023-09-20T09:02:00Z  496.436  -34.927  107.469  1.44302E-15  SWARM-A  16.305  214.734
2023-09-20T09:02:30Z  497.262  -36.833  107.478  1.41724E-15  SWARM-A  16.314  216.640
2023-09-20T09:03:00Z  498.093  -38.738  107.493  1.39074E-15  SWARM-A  16.323  218.546
2023-09-20T09:03:30Z  498.927  -40.642  107.516  1.36379E-15  SWARM-A  16.333  220.451
2023-09-20T09:04:00Z  499.759  -42.545  107.548  1.33656E-15  SWARM-A  16.343  222.356
2023-09-20T09:04:30Z  500.588  -44.447  107.590  1.30931E-15  SWARM-A  16.355  224.261
2023-09-20T09:05:00Z  501.409  -46.347  107.643  1.28224E-15  SWARM-A  16.366  226.166
2023-09-20T09:05:30Z  502.221  -48.247  107.708  1.25555E-15  SWARM-A  16.379  228.071
2023-09-20T09:06:00Z  503.021  -50.145  107.789  1.22932E-15  SWARM-A  16.393  229.975
2023-09-20T09:06:30Z  503.805  -52.042  107.886  1.20352E-15  SWARM-A  16.408  231.880
2023-09-20T09:07:00Z  504.570  -53.937  108.002  1.17791E-15  SWARM-A  16.424  233.784
2023-09-20T09:07:30Z  505.315  -55.831  108.142  1.15255E-15  SWARM-A  16.441  235.688
2023-09-20T09:08:00Z  506.036  -57.724  108.309  1.12728E-15  SWARM-A  16.461  237.592
2023-09-20T09:08:30Z  506.731  -59.615  108.507  1.10214E-15  SWARM-A  16.482  239.496
2023-09-20T09:09:00Z  507.396  -61.504  108.745  1.07708E-15  SWARM-A  16.507  241.400
2023-09-20T09:09:30Z  508.031  -63.391  109.029  1.05207E-15  SWARM-A  16.534  243.304
2023-09-20T09:10:00Z  508.632  -65.277  109.370  1.02758E-15  SWARM-A  16.565  245.207
2023-09-20T09:10:30Z  509.197  -67.160  109.783  1.00337E-15  SWARM-A  16.601  247.111
2023-09-20T09:11:00Z  509.725  -69.040  110.287  9.78930E-16  SWARM-A  16.643  249.014
2023-09-20T09:11:30Z  510.213  -70.917  110.909  9.54775E-16  SWARM-A  16.693  250.917
2023-09-20T09:12:00Z  510.659  -72.790  111.687  9.30946E-16  SWARM-A  16.753  252.821
2023-09-20T09:12:30Z  511.062  -74.657  112.677  9.07197E-16  SWARM-A  16.827  254.724
2023-09-20T09:13:00Z  511.421  -76.517  113.967  8.83499E-16  SWARM-A  16.921  256.627
2023-09-20T09:13:30Z  511.733  -78.366  115.698  8.59805E-16  SWARM-A  17.045  258.530
2023-09-20T09:14:00Z  511.999  -80.199  118.116  8.34692E-16  SWARM-A  17.215  260.433
2023-09-20T09:14:30Z  512.216  -82.003  121.677  8.09658E-16  SWARM-A  17.460  262.336
2023-09-20T09:15:00Z  512.385  -83.756  127.328  7.84774E-16  SWARM-A  17.846  264.239
2023-09-20T09:15:30Z  512.504  -85.399  137.254  7.60092E-16  SWARM-A  18.516  266.142
2023-09-20T09:16:00Z  512.573  -86.759  156.743  7.35601E-16  SWARM-A  19.823  268.045
2023-09-20T09:16:30Z  512.592  -87.356  -167.674  7.12093E-16  SWARM-A  22.204  269.948
2023-09-20T09:17:00Z  512.561  -86.740  -132.323  6.90232E-16  SWARM-A  0.569  271.851
2023-09-20T09:17:30Z  512.479  -85.373  -113.063  6.69772E-16  SWARM-A  1.861  273.754
2023-09-20T09:18:00Z  512.348  -83.728  -103.240  6.50520E-16  SWARM-A  2.524  275.657
2023-09-20T09:18:30Z  512.167  -81.973  -97.636  6.32457E-16  SWARM-A  2.906  277.560
2023-09-20T09:19:00Z  511.937  -80.168  -94.100  6.14938E-16  SWARM-A  3.150  279.463
2023-09-20T09:19:30Z  511.660  -78.335  -91.696  5.97981E-16  SWARM-A  3.319  281.366
2023-09-20T09:20:00Z  511.335  -76.486  -89.974  5.82451E-16  SWARM-A  3.442  283.269
2023-09-20T09:20:30Z  510.964  -74.626  -88.690  5.68323E-16  SWARM-A  3.536  285.173
2023-09-20T09:21:00Z  510.549  -72.758  -87.704  5.55429E-16  SWARM-A  3.610  287.076
2023-09-20T09:21:30Z  510.091  -70.885  -86.930  5.43456E-16  SWARM-A  3.670  288.979
2023-09-20T09:22:00Z  509.591  -69.008  -86.310  5.32172E-16  SWARM-A  3.720  290.883
2023-09-20T09:22:30Z  509.052  -67.128  -85.808  5.21647E-16  SWARM-A  3.762  292.786
2023-09-20T09:23:00Z  508.476  -65.245  -85.396  5.11926E-16  SWARM-A  3.797  294.690
2023-09-20T09:23:30Z  507.863  -63.359  -85.056  5.02919E-16  SWARM-A  3.828  296.594
2023-09-20T09:24:00Z  507.218  -61.472  -84.772  4.94622E-16  SWARM-A  3.856  298.497
2023-09-20T09:24:30Z  506.541  -59.582  -84.536  4.87237E-16  SWARM-A  3.880  300.401
2023-09-20T09:25:00Z  505.836  -57.691  -84.338  4.80749E-16  SWARM-A  3.901  302.305
2023-09-20T09:25:30Z  505.105  -55.798  -84.172  4.75127E-16  SWARM-A  3.921  304.209
2023-09-20T09:26:00Z  504.350  -53.904  -84.032  4.70319E-16  SWARM-A  3.938  306.114
2023-09-20T09:26:30Z  503.575  -52.009  -83.916  4.66317E-16  SWARM-A  3.954  308.018
2023-09-20T09:27:00Z  502.781  -50.112  -83.819  4.62508E-16  SWARM-A  3.969  309.923
2023-09-20T09:27:30Z  501.972  -48.213  -83.739  4.59352E-16  SWARM-A  3.983  311.827
2023-09-20T09:28:00Z  501.151  -46.314  -83.674  4.56787E-16  SWARM-A  3.995  313.732
2023-09-20T09:28:30Z  500.321  -44.413  -83.621  4.54872E-16  SWARM-A  4.007  315.637
2023-09-20T09:29:00Z  499.484  -42.511  -83.580  4.53603E-16  SWARM-A  4.018  317.542
2023-09-20T09:29:30Z  498.643  -40.608  -83.548  4.53022E-16  SWARM-A  4.029  319.448
2023-09-20T09:30:00Z  497.802  -38.704  -83.525  4.53011E-16  SWARM-A  4.039  321.353
2023-09-20T09:30:30Z  496.963  -36.799  -83.510  4.53675E-16  SWARM-A  4.048  323.259
2023-09-20T09:31:00Z  496.129  -34.892  -83.501  4.54924E-16  SWARM-A  4.057  325.165
2023-09-20T09:31:30Z  495.303  -32.985  -83.498  4.56803E-16  SWARM-A  4.066  327.071
2023-09-20T09:32:00Z  494.488  -31.076  -83.501  4.59321E-16  SWARM-A  4.074  328.977
2023-09-20T09:32:30Z  493.686  -29.167  -83.509  4.62453E-16  SWARM-A  4.081  330.883
2023-09-20T09:33:00Z  492.901  -27.256  -83.520  4.66154E-16  SWARM-A  4.089  332.790
2023-09-20T09:33:30Z  492.134  -25.345  -83.536  4.70443E-16  SWARM-A  4.096  334.696
2023-09-20T09:34:00Z  491.388  -23.432  -83.555  4.75311E-16  SWARM-A  4.103  336.603
2023-09-20T09:34:30Z  490.666  -21.519  -83.577  4.80751E-16  SWARM-A  4.110  338.510
2023-09-20T09:35:00Z  489.969  -19.605  -83.601  4.86727E-16  SWARM-A  4.117  340.418
2023-09-20T09:35:30Z  489.300  -17.691  -83.628  4.93210E-16  SWARM-A  4.124  342.325
2023-09-20T09:36:00Z  488.661  -15.775  -83.657  5.00167E-16  SWARM-A  4.130  344.233
2023-09-20T09:36:30Z  488.054  -13.859  -83.688  5.07565E-16  SWARM-A  4.136  346.141
2023-09-20T09:37:00Z  487.481  -11.943  -83.720  5.15323E-16  SWARM-A  4.142  348.049
2023-09-20T09:37:30Z  486.942  -10.026  -83.754  5.23385E-16  SWARM-A  4.148  349.957
2023-09-20T09:38:00Z  486.439  -8.108  -83.789  5.31715E-16  SWARM-A  4.155  351.865
2023-09-20T09:38:30Z  485.974  -6.190  -83.824  5.40239E-16  SWARM-A  4.160  353.774
2023-09-20T09:39:00Z  485.548  -4.272  -83.860  5.48884E-16  SWARM-A  4.166  355.683
2023-09-20T09:39:30Z  485.161  -2.353  -83.897  5.57595E-16  SWARM-A  4.172  357.592
2023-09-20T09:40:00Z  484.814  -0.434  -83.933  5.66325E-16  SWARM-A  4.178  359.501
2023-09-20T09:40:30Z  484.508  1.485  -83.970  5.74983E-16  SWARM-A  4.184  1.410
2023-09-20T09:41:00Z  484.242  3.405  -84.007  5.83586E-16  SWARM-A  4.190  3.319
2023-09-20T09:41:30Z  484.017  5.324  -84.043  5.92011E-16  SWARM-A  4.196  5.229
2023-09-20T09:42:00Z  483.834  7.243  -84.079  6.00228E-16  SWARM-A  4.202  7.139
2023-09-20T09:42:30Z  483.691  9.163  -84.114  6.08232E-16  SWARM-A  4.208  9.049
2023-09-20T09:43:00Z  483.588  11.082  -84.148  6.15984E-16  SWARM-A  4.214  10.959
2023-09-20T09:43:30Z  483.525  13.001  -84.181  6.23611E-16  SWARM-A  4.220  12.869
2023-09-20T09:44:00Z  483.500  14.920  -84.212  6.31015E-16  SWARM-A  4.226  14.780
2023-09-20T09:44:30Z  483.514  16.838  -84.242  6.38195E-16  SWARM-A  4.233  16.690
2023-09-20T09:45:00Z  483.564  18.757  -84.269  6.45238E-16  SWARM-A  4.239  18.601
2023-09-20T09:45:30Z  483.651  20.675  -84.295  6.52165E-16  SWARM-A  4.246  20.512
2023-09-20T09:46:00Z  483.771  22.592  -84.318  6.59025E-16  SWARM-A  4.253  22.423
2023-09-20T09:46:30Z  483.925  24.509  -84.338  6.65903E-16  SWARM-A  4.260  24.334
2023-09-20T09:47:00Z  484.109  26.425  -84.355  6.72829E-16  SWARM-A  4.267  26.246
2023-09-20T09:47:30Z  484.323  28.341  -84.368  6.79904E-16  SWARM-A  4.274  28.157
2023-09-20T09:48:00Z  484.565  30.256  -84.377  6.87154E-16  SWARM-A  4.282  30.069
2023-09-20T09:48:30Z  484.832  32.171  -84.381  6.94599E-16  SWARM-A  4.290  31.980
2023-09-20T09:49:00Z  485.122  34.084  -84.381  7.02305E-16  SWARM-A  4.298  33.892
2023-09-20T09:49:30Z  485.434  35.997  -84.374  7.10404E-16  SWARM-A  4.307  35.804
2023-09-20T09:50:00Z  485.764  37.909  -84.361  7.19012E-16  SWARM-A  4.316  37.716
2023-09-20T09:50:30Z  486.111  39.821  -84.341  7.28269E-16  SWARM-A  4.326  39.629
2023-09-20T09:51:00Z  486.472  41.731  -84.312  7.38212E-16  SWARM-A  4.336  41.541
2023-09-20T09:51:30Z  486.846  43.641  -84.274  7.48985E-16  SWARM-A  4.347  43.453
2023-09-20T09:52:00Z  487.228  45.550  -84.226  7.60530E-16  SWARM-A  4.359  45.366
2023-09-20T09:52:30Z  487.618  47.457  -84.165  7.72698E-16  SWARM-A  4.371  47.278
2023-09-20T09:53:00Z  488.012  49.364  -84.090  7.85248E-16  SWARM-A  4.384  49.191
2023-09-20T09:53:30Z  488.409  51.269  -83.999  7.98018E-16  SWARM-A  4.399  51.104
2023-09-20T09:54:00Z  488.805  53.174  -83.890  8.09881E-16  SWARM-A  4.414  53.017
2023-09-20T09:54:30Z  489.198  55.077  -83.759  8.21455E-16  SWARM-A  4.432  54.930
2023-09-20T09:55:00Z  489.587  56.979  -83.602  8.33199E-16  SWARM-A  4.450  56.843
2023-09-20T09:55:30Z  489.968  58.880  -83.415  8.45254E-16  SWARM-A  4.471  58.756
2023-09-20T09:56:00Z  490.339  60.779  -83.191  8.57668E-16  SWARM-A  4.494  60.669
2023-09-20T09:56:30Z  490.700  62.676  -82.924  8.70645E-16  SWARM-A  4.521  62.582
2023-09-20T09:57:00Z  491.046  64.572  -82.604  8.84281E-16  SWARM-A  4.550  64.495
2023-09-20T09:57:30Z  491.376  66.466  -82.216  8.98659E-16  SWARM-A  4.584  66.408
2023-09-20T09:58:00Z  491.690  68.357  -81.745  9.13609E-16  SWARM-A  4.624  68.322
2023-09-20T09:58:30Z  491.983  70.245  -81.166  9.29259E-16  SWARM-A  4.671  70.235
2023-09-20T09:59:00Z  492.256  72.129  -80.444  9.45375E-16  SWARM-A  4.728  72.148
2023-09-20T09:59:30Z  492.506  74.009  -79.531  9.61641E-16  SWARM-A  4.797  74.062
2023-09-20T10:00:00Z  492.732  75.881  -78.350  9.78657E-16  SWARM-A  4.884  75.975
2023-09-20T10:00:30Z  492.932  77.745  -76.779  9.96495E-16  SWARM-A  4.997  77.889
2023-09-20T10:01:00Z  493.106  79.594  -74.615  1.01516E-15  SWARM-A  5.150  79.802
2023-09-20T10:01:30Z  493.253  81.419  -71.482  1.03426E-15  SWARM-A  5.367  81.716
2023-09-20T10:02:00Z  493.372  83.203  -66.632  1.05254E-15  SWARM-A  5.698  83.629
2023-09-20T10:02:30Z  493.462  84.900  -58.388  1.07168E-15  SWARM-A  6.256  85.543
2023-09-20T10:03:00Z  493.523  86.388  -42.643  1.09161E-15  SWARM-A  7.314  87.457
2023-09-20T10:03:30Z  493.554  87.297  -11.741  1.11248E-15  SWARM-A  9.383  89.370
2023-09-20T10:04:00Z  493.555  87.034  26.998  1.13557E-15  SWARM-A  11.974  91.284
2023-09-20T10:04:30Z  493.527  85.815  50.795  1.16205E-15  SWARM-A  13.569  93.197
2023-09-20T10:05:00Z  493.469  84.215  62.685  1.18942E-15  SWARM-A  14.370  95.111
2023-09-20T10:05:30Z  493.383  82.474  69.221  1.21760E-15  SWARM-A  14.814  97.024
2023-09-20T10:06:00Z  493.267  80.670  73.232  1.24655E-15  SWARM-A  15.089  98.938
2023-09-20T10:06:30Z  493.124  78.833  75.903  1.27617E-15  SWARM-A  15.276  100.851
2023-09-20T10:07:00Z  492.954  76.978  77.790  1.30394E-15  SWARM-A  15.410  102.765
2023-09-20T10:07:30Z  492.757  75.110  79.181  1.33165E-15  SWARM-A  15.511  104.678
2023-09-20T10:08:00Z  492.536  73.234  80.240  1.35947E-15  SWARM-A  15.590  106.592
2023-09-20T10:08:30Z  492.291  71.353  81.067  1.38723E-15  SWARM-A  15.653  108.505
2023-09-20T10:09:00Z  492.024  69.467  81.724  1.41477E-15  SWARM-A  15.706  110.418
2023-09-20T10:09:30Z  491.737  67.578  82.256  1.44170E-15  SWARM-A  15.749  112.332
2023-09-20T10:10:00Z  491.430  65.685  82.690  1.46727E-15  SWARM-A  15.787  114.245
2023-09-20T10:10:30Z  491.107  63.791  83.048  1.49206E-15  SWARM-A  15.819  116.158
2023-09-20T10:11:00Z  490.768  61.895  83.345  1.51573E-15  SWARM-A  15.847  118.071
2023-09-20T10:11:30Z  490.416  59.997  83.593  1.53807E-15  SWARM-A  15.872  119.984
2023-09-20T10:12:00Z  490.053  58.097  83.801  1.55908E-15  SWARM-A  15.894  121.897
2023-09-20T10:12:30Z  489.680  56.196  83.975  1.57862E-15  SWARM-A  15.914  123.810
2023-09-20T10:13:00Z  489.302  54.294  84.120  1.59686E-15  SWARM-A  15.932  125.723
2023-09-20T10:13:30Z  488.918  52.390  84.242  1.61376E-15  SWARM-A  15.948  127.635
2023-09-20T10:14:00Z  488.533  50.485  84.344  1.62933E-15  SWARM-A  15.963  129.548
2023-09-20T10:14:30Z  488.148  48.579  84.428  1.64373E-15  SWARM-A  15.977  131.461
2023-09-20T10:15:00Z  487.766  46.673  84.496  1.65702E-15  SWARM-A  15.990  133.373
2023-09-20T10:15:30Z  487.390  44.765  84.552  1.66933E-15  SWARM-A  16.002  135.285
2023-09-20T10:16:00Z  487.020  42.856  84.596  1.68073E-15  SWARM-A  16.014  137.198
2023-09-20T10:16:30Z  486.662  40.946  84.630  1.69133E-15  SWARM-A  16.024  139.110
2023-09-20T10:17:00Z  486.315  39.035  84.655  1.70122E-15  SWARM-A  16.034  141.022
2023-09-20T10:17:30Z  485.984  37.124  84.672  1.70976E-15  SWARM-A  16.044  142.934
2023-09-20T10:18:00Z  485.670  35.211  84.682  1.71761E-15  SWARM-A  16.053  144.846
2023-09-20T10:18:30Z  485.375  33.298  84.686  1.72508E-15  SWARM-A  16.061  146.757
2023-09-20T10:19:00Z  485.101  31.385  84.685  1.73219E-15  SWARM-A  16.070  148.669
2023-09-20T10:19:30Z  484.852  29.470  84.678  1.73894E-15  SWARM-A  16.077  150.580
2023-09-20T10:20:00Z  484.628  27.555  84.668  1.74530E-15  SWARM-A  16.085  152.492
2023-09-20T10:20:30Z  484.433  25.639  84.653  1.75141E-15  SWARM-A  16.092  154.403
2023-09-20T10:21:00Z  484.266  23.723  84.635  1.75720E-15  SWARM-A  16.100  156.314
2023-09-20T10:21:30Z  484.132  21.806  84.613  1.76261E-15  SWARM-A  16.106  158.225
2023-09-20T10:22:00Z  484.030  19.888  84.589  1.76763E-15  SWARM-A  16.113  160.136
2023-09-20T10:22:30Z  483.963  17.971  84.563  1.77223E-15  SWARM-A  16.120  162.046
2023-09-20T10:23:00Z  483.932  16.053  84.534  1.77634E-15  SWARM-A  16.126  163.957
2023-09-20T10:23:30Z  483.938  14.134  84.504  1.77981E-15  SWARM-A  16.133  165.867
2023-09-20T10:24:00Z  483.982  12.216  84.472  1.78255E-15  SWARM-A  16.139  167.777
2023-09-20T10:24:30Z  484.065  10.297  84.439  1.78456E-15  SWARM-A  16.145  169.687
2023-09-20T10:25:00Z  484.188  8.378  84.404  1.78568E-15  SWARM-A  16.151  171.597
2023-09-20T10:25:30Z  484.351  6.459  84.369  1.78587E-15  SWARM-A  16.157  173.507
2023-09-20T10:26:00Z  484.555  4.539  84.333  1.78501E-15  SWARM-A  16.163  175.416
2023-09-20T10:26:30Z  484.799  2.620  84.296  1.78308E-15  SWARM-A  16.169  177.325
2023-09-20T10:27:00Z  485.084  0.701  84.260  1.77994E-15  SWARM-A  16.175  179.235
2023-09-20T10:27:30Z  485.410  -1.217  84.223  1.77561E-15  SWARM-A  16.180  181.143
2023-09-20T10:28:00Z  485.776  -3.136  84.186  1.76994E-15  SWARM-A  16.186  183.052
2023-09-20T10:28:30Z  486.181  -5.054  84.150  1.76302E-15  SWARM-A  16.192  184.961
2023-09-20T10:29:00Z  486.625  -6.972  84.114  1.75478E-15  SWARM-A  16.198  186.869
2023-09-20T10:29:30Z  487.106  -8.890  84.079  1.74514E-15  SWARM-A  16.204  188.777
2023-09-20T10:30:00Z  487.625  -10.807  84.045  1.73410E-15  SWARM-A  16.210  190.685
2023-09-20T10:30:30Z  488.178  -12.724  84.012  1.72161E-15  SWARM-A  16.216  192.593
2023-09-20T10:31:00Z  488.766  -14.640  83.980  1.70706E-15  SWARM-A  16.223  194.501
2023-09-20T10:31:30Z  489.386  -16.555  83.950  1.69113E-15  SWARM-A  16.229  196.408
2023-09-20T10:32:00Z  490.037  -18.470  83.922  1.67390E-15  SWARM-A  16.235  198.316
2023-09-20T10:32:30Z  490.716  -20.384  83.896  1.65546E-15  SWARM-A  16.242  200.223
2023-09-20T10:33:00Z  491.422  -22.298  83.872  1.63585E-15  SWARM-A  16.249  202.130
2023-09-20T10:33:30Z  492.152  -24.210  83.851  1.61521E-15  SWARM-A  16.256  204.037
2023-09-20T10:34:00Z  492.904  -26.122  83.834  1.59355E-15  SWARM-A  16.263  205.943
2023-09-20T10:34:30Z  493.676  -28.032  83.820  1.57102E-15  SWARM-A  16.270  207.850
2023-09-20T10:35:00Z  494.465  -29.942  83.810  1.54770E-15  SWARM-A  16.278  209.756
2023-09-20T10:35:30Z  495.269  -31.851  83.804  1.52373E-15  SWARM-A  16.286  211.662
2023-09-20T10:36:00Z  496.084  -33.759  83.803  1.49919E-15  SWARM-A  16.294  213.568
2023-09-20T10:36:30Z  496.909  -35.666  83.808  1.47414E-15  SWARM-A  16.303  215.473
2023-09-20T10:37:00Z  497.739  -37.572  83.820  1.44864E-15  SWARM-A  16.312  217.379
2023-09-20T10:37:30Z  498.574  -39.476  83.838  1.42285E-15  SWARM-A  16.322  219.284
2023-09-20T10:38:00Z  499.409  -41.380  83.865  1.39684E-15  SWARM-A  16.332  221.189
2023-09-20T10:38:30Z  500.241  -43.282  83.900  1.37062E-15  SWARM-A  16.342  223.094
2023-09-20T10:39:00Z  501.068  -45.184  83.946  1.34397E-15  SWARM-A  16.354  224.999
2023-09-20T10:39:30Z  501.887  -47.084  84.004  1.31768E-15  SWARM-A  16.366  226.904
2023-09-20T10:40:00Z  502.695  -48.982  84.075  1.29194E-15  SWARM-A  16.379  228.809
2023-09-20T10:40:30Z  503.489  -50.880  84.161  1.26683E-15  SWARM-A  16.393  230.713
2023-09-20T10:41:00Z  504.266  -52.776  84.266  1.24223E-15  SWARM-A  16.408  232.617
2023-09-20T10:41:30Z  505.023  -54.671  84.391  1.21665E-15  SWARM-A  16.425  234.521
2023-09-20T10:42:00Z  505.758  -56.564  84.540  1.18996E-15  SWARM-A  16.443  236.425
2023-09-20T10:42:30Z  506.468  -58.456  84.719  1.16324E-15  SWARM-A  16.464  238.329
2023-09-20T10:43:00Z  507.151  -60.346  84.932  1.13635E-15  SWARM-A  16.486  240.233
2023-09-20T10:43:30Z  507.803  -62.235  85.186  1.10932E-15  SWARM-A  16.511  242.137
2023-09-20T10:44:00Z  508.423  -64.121  85.491  1.08299E-15  SWARM-A  16.540  244.040
2023-09-20T10:44:30Z  509.009  -66.006  85.858  1.05818E-15  SWARM-A  16.573  245.944
2023-09-20T10:45:00Z  509.558  -67.888  86.304  1.03366E-15  SWARM-A  16.611  247.847
2023-09-20T10:45:30Z  510.068  -69.767  86.850  1.00948E-15  SWARM-A  16.656  249.751
2023-09-20T10:46:00Z  510.537  -71.642  87.527  9.85664E-16  SWARM-A  16.709  251.654
2023-09-20T10:46:30Z  510.964  -73.513  88.379  9.61066E-16  SWARM-A  16.774  253.557
2023-09-20T10:47:00Z  511.347  -75.378  89.473  9.35759E-16  SWARM-A  16.856  255.460
2023-09-20T10:47:30Z  511.684  -77.234  90.913  9.10716E-16  SWARM-A  16.960  257.363
2023-09-20T10:48:00Z  511.975  -79.077  92.873  8.85830E-16  SWARM-A  17.099  259.266
2023-09-20T10:48:30Z  512.218  -80.901  95.661  8.61049E-16  SWARM-A  17.293  261.169
2023-09-20T10:49:00Z  512.413  -82.689  99.876  8.36001E-16  SWARM-A  17.582  263.072
2023-09-20T10:49:30Z  512.558  -84.410  106.809  8.10957E-16  SWARM-A  18.053  264.975
2023-09-20T10:50:00Z  512.653  -85.975  119.552  7.86023E-16  SWARM-A  18.911  266.878
2023-09-20T10:50:30Z  512.698  -87.118  144.993  7.61099E-16  SWARM-A  20.615  268.781
2023-09-20T10:51:00Z  512.693  -87.252  -175.952  7.36606E-16  SWARM-A  23.227  270.684
2023-09-20T10:51:30Z  512.637  -86.265  -146.897  7.13517E-16  SWARM-A  1.173  272.587
2023-09-20T10:52:00Z  512.532  -84.756  -132.201  6.91784E-16  SWARM-A  2.161  274.490
2023-09-20T10:52:30Z  512.376  -83.058  -124.401  6.71311E-16  SWARM-A  2.689  276.393
2023-09-20T10:53:00Z  512.171  -81.280  -119.759  6.52310E-16  SWARM-A  3.007  278.296
2023-09-20T10:53:30Z  511.917  -79.462  -116.735  6.34489E-16  SWARM-A  3.217  280.199
2023-09-20T10:54:00Z  511.616  -77.622  -114.633  6.17782E-16  SWARM-A  3.365  282.102
2023-09-20T10:54:30Z  511.268  -75.768  -113.101  6.02828E-16  SWARM-A  3.476  284.005
2023-09-20T10:55:00Z  510.875  -73.905  -111.945  5.89557E-16  SWARM-A  3.561  285.908
2023-09-20T10:55:30Z  510.437  -72.035  -111.049  5.77914E-16  SWARM-A  3.629  287.811
2023-09-20T10:56:00Z  509.958  -70.161  -110.340  5.67536E-16  SWARM-A  3.685  289.715
2023-09-20T10:56:30Z  509.437  -68.282  -109.769  5.58056E-16  SWARM-A  3.731  291.618
2023-09-20T10:57:00Z  508.878  -66.401  -109.304  5.49474E-16  SWARM-A  3.770  293.522
2023-09-20T10:57:30Z  508.282  -64.517  -108.922  5.41680E-16  SWARM-A  3.804  295.425
2023-09-20T10:58:00Z  507.651  -62.630  -108.605  5.34709E-16  SWARM-A  3.834  297.329
2023-09-20T10:58:30Z  506.988  -60.742  -108.341  5.28335E-16  SWARM-A  3.860  299.233
2023-09-20T10:59:00Z  506.295  -58.852  -108.120  5.22700E-16  SWARM-A  3.883  301.137
2023-09-20T10:59:30Z  505.574  -56.960  -107.935  5.18708E-16  SWARM-A  3.903  303.041
2023-09-20T11:00:00Z  504.827  -55.067  -107.779  5.15643E-16  SWARM-A  3.922  304.945
2023-09-20T11:00:30Z  504.059  -53.172  -107.649  5.13391E-16  SWARM-A  3.939  306.849
2023-09-20T11:01:00Z  503.271  -51.276  -107.541  5.11896E-16  SWARM-A  3.955  308.754
2023-09-20T11:01:30Z  502.466  -49.379  -107.451  5.11102E-16  SWARM-A  3.969  310.658
2023-09-20T11:02:00Z  501.647  -47.480  -107.377  5.10939E-16  SWARM-A  3.982  312.563
2023-09-20T11:02:30Z  500.816  -45.580  -107.317  5.11291E-16  SWARM-A  3.995  314.468
2023-09-20T11:03:00Z  499.978  -43.679  -107.268  5.12071E-16  SWARM-A  4.006  316.373
2023-09-20T11:03:30Z  499.134  -41.776  -107.231  5.13317E-16  SWARM-A  4.017  318.278
2023-09-20T11:04:00Z  498.287  -39.873  -107.202  5.14985E-16  SWARM-A  4.027  320.184
2023-09-20T11:04:30Z  497.441  -37.968  -107.182  5.17005E-16  SWARM-A  4.037  322.089
2023-09-20T11:05:00Z  496.599  -36.062  -107.170  5.19379E-16  SWARM-A  4.046  323.995
2023-09-20T11:05:30Z  495.763  -34.155  -107.163  5.22044E-16  SWARM-A  4.055  325.901
2023-09-20T11:06:00Z  494.936  -32.247  -107.163  5.25013E-16  SWARM-A  4.063  327.807
2023-09-20T11:06:30Z  494.120  -30.338  -107.168  5.28270E-16  SWARM-A  4.071  329.713
2023-09-20T11:07:00Z  493.320  -28.428  -107.177  5.31712E-16  SWARM-A  4.079  331.620
2023-09-20T11:07:30Z  492.536  -26.518  -107.190  5.35401E-16  SWARM-A  4.086  333.526
2023-09-20T11:08:00Z  491.772  -24.606  -107.207  5.39335E-16  SWARM-A  4.094  335.433
2023-09-20T11:08:30Z  491.031  -22.693  -107.227  5.43546E-16  SWARM-A  4.101  337.340
2023-09-20T11:09:00Z  490.314  -20.780  -107.250  5.47965E-16  SWARM-A  4.107  339.247
2023-09-20T11:09:30Z  489.623  -18.865  -107.276  5.52646E-16  SWARM-A  4.114  341.155
2023-09-20T11:10:00Z  488.961  -16.950  -107.303  5.57538E-16  SWARM-A  4.121  343.062
2023-09-20T11:10:30Z  488.330  -15.035  -107.333  5.62674E-16  SWARM-A  4.127  344.970
2023-09-20T11:11:00Z  487.731  -13.119  -107.364  5.67944E-16  SWARM-A  4.133  346.878
2023-09-20T11:11:30Z  487.167  -11.202  -107.397  5.73402E-16  SWARM-A  4.139  348.786
2023-09-20T11:12:00Z  486.638  -9.284  -107.431  5.79021E-16  SWARM-A  4.145  350.695
2023-09-20T11:12:30Z  486.146  -7.366  -107.466  5.84695E-16  SWARM-A  4.151  352.603
2023-09-20T11:13:00Z  485.692  -5.448  -107.502  5.90450E-16  SWARM-A  4.157  354.512
2023-09-20T11:13:30Z  485.277  -3.530  -107.538  5.96271E-16  SWARM-A  4.163  356.421
2023-09-20T11:14:00Z  484.901  -1.611  -107.575  6.02104E-16  SWARM-A  4.169  358.330
2023-09-20T11:14:30Z  484.567  0.308  -107.612  6.07936E-16  SWARM-A  4.175  0.239
2023-09-20T11:15:00Z  484.273  2.228  -107.648  6.13739E-16  SWARM-A  4.181  2.148
2023-09-20T11:15:30Z  484.020  4.147  -107.685  6.19516E-16  SWARM-A  4.187  4.058
2023-09-20T11:16:00Z  483.808  6.067  -107.721  6.25228E-16  SWARM-A  4.193  5.968
2023-09-20T11:16:30Z  483.638  7.986  -107.756  6.30886E-16  SWARM-A  4.199  7.878
2023-09-20T11:17:00Z  483.508  9.905  -107.791  6.36437E-16  SWARM-A  4.205  9.788
2023-09-20T11:17:30Z  483.419  11.825  -107.824  6.41934E-16  SWARM-A  4.211  11.698
2023-09-20T11:18:00Z  483.369  13.744  -107.857  6.47388E-16  SWARM-A  4.217  13.609
2023-09-20T11:18:30Z  483.358  15.663  -107.887  6.52824E-16  SWARM-A  4.223  15.519
2023-09-20T11:19:00Z  483.385  17.581  -107.916  6.58289E-16  SWARM-A  4.230  17.430
2023-09-20T11:19:30Z  483.449  19.499  -107.943  6.63782E-16  SWARM-A  4.236  19.341
2023-09-20T11:20:00Z  483.548  21.417  -107.968  6.69358E-16  SWARM-A  4.243  21.252
2023-09-20T11:20:30Z  483.681  23.334  -107.989  6.75060E-16  SWARM-A  4.250  23.163
2023-09-20T11:21:00Z  483.847  25.251  -108.008  6.80918E-16  SWARM-A  4.257  25.074
2023-09-20T11:21:30Z  484.043  27.167  -108.024  6.87029E-16  SWARM-A  4.264  26.986
2023-09-20T11:22:00Z  484.268  29.083  -108.035  6.93460E-16  SWARM-A  4.272  28.898
2023-09-20T11:22:30Z  484.520  30.998  -108.043  7.00243E-16  SWARM-A  4.280  30.809
2023-09-20T11:23:00Z  484.796  32.912  -108.045  7.07279E-16  SWARM-A  4.288  32.721
2023-09-20T11:23:30Z  485.096  34.826  -108.042  7.13644E-16  SWARM-A  4.296  34.633
2023-09-20T11:24:00Z  485.415  36.738  -108.033  7.20428E-16  SWARM-A  4.305  36.545
2023-09-20T11:24:30Z  485.753  38.650  -108.018  7.27564E-16  SWARM-A  4.315  38.457
2023-09-20T11:25:00Z  486.107  40.561  -107.994  7.35209E-16  SWARM-A  4.325  40.370
2023-09-20T11:25:30Z  486.474  42.472  -107.962  7.43396E-16  SWARM-A  4.335  42.282
2023-09-20T11:26:00Z  486.852  44.381  -107.920  7.52363E-16  SWARM-A  4.346  44.195
2023-09-20T11:26:30Z  487.239  46.289  -107.867  7.62115E-16  SWARM-A  4.358  46.107
2023-09-20T11:27:00Z  487.632  48.197  -107.801  7.72633E-16  SWARM-A  4.371  48.020
2023-09-20T11:27:30Z  488.028  50.103  -107.720  7.83818E-16  SWARM-A  4.385  49.933
2023-09-20T11:28:00Z  488.426  52.008  -107.622  7.95263E-16  SWARM-A  4.399  51.846
2023-09-20T11:28:30Z  488.822  53.912  -107.505  8.06426E-16  SWARM-A  4.416  53.759
2023-09-20T11:29:00Z  489.215  55.815  -107.364  8.17507E-16  SWARM-A  4.433  55.672
2023-09-20T11:29:30Z  489.602  57.717  -107.196  8.28771E-16  SWARM-A  4.453  57.585
2023-09-20T11:30:00Z  489.981  59.617  -106.996  8.40205E-16  SWARM-A  4.474  59.498
2023-09-20T11:30:30Z  490.350  61.515  -106.756  8.50542E-16  SWARM-A  4.499  61.411
2023-09-20T11:31:00Z  490.706  63.412  -106.470  8.60636E-16  SWARM-A  4.526  63.324
2023-09-20T11:31:30Z  491.048  65.307  -106.125  8.71185E-16  SWARM-A  4.558  65.238
2023-09-20T11:32:00Z  491.374  67.200  -105.707  8.82276E-16  SWARM-A  4.594  67.151
2023-09-20T11:32:30Z  491.681  69.090  -105.197  8.94258E-16  SWARM-A  4.636  69.064
2023-09-20T11:33:00Z  491.969  70.977  -104.567  9.08614E-16  SWARM-A  4.686  70.978
2023-09-20T11:33:30Z  492.235  72.860  -103.778  9.23753E-16  SWARM-A  4.747  72.891
2023-09-20T11:34:00Z  492.478  74.737  -102.772  9.39751E-16  SWARM-A  4.823  74.805
2023-09-20T11:34:30Z  492.697  76.606  -101.457  9.56570E-16  SWARM-A  4.919  76.718
2023-09-20T11:35:00Z  492.890  78.465  -99.687  9.73306E-16  SWARM-A  5.045  78.632
2023-09-20T11:35:30Z  493.056  80.306  -97.204  9.89669E-16  SWARM-A  5.219  80.546
2023-09-20T11:36:00Z  493.195  82.118  -93.526  1.00692E-15  SWARM-A  5.473  82.459
2023-09-20T11:36:30Z  493.306  83.876  -87.641  1.02506E-15  SWARM-A  5.873  84.373
2023-09-20T11:37:00Z  493.388  85.515  -77.186  1.04403E-15  SWARM-A  6.578  86.286
2023-09-20T11:37:30Z  493.441  86.844  -56.470  1.06335E-15  SWARM-A  7.968  88.200
2023-09-20T11:38:00Z  493.464  87.349  -19.622  1.08351E-15  SWARM-A  10.433  90.114
2023-09-20T11:38:30Z  493.457  86.634  14.581  1.10561E-15  SWARM-A  12.721  92.027
2023-09-20T11:39:00Z  493.421  85.219  32.695  1.12888E-15  SWARM-A  13.937  93.941
2023-09-20T11:39:30Z  493.356  83.549  41.984  1.15297E-15  SWARM-A  14.565  95.854
2023-09-20T11:40:00Z  493.262  81.778  47.329  1.17795E-15  SWARM-A  14.930  97.768
2023-09-20T11:40:30Z  493.139  79.959  50.726  1.20397E-15  SWARM-A  15.164  99.682
2023-09-20T11:41:00Z  492.989  78.114  53.045  1.23066E-15  SWARM-A  15.327  101.595
2023-09-20T11:41:30Z  492.813  76.253  54.714  1.25785E-15  SWARM-A  15.447  103.509
2023-09-20T11:42:00Z  492.611  74.382  55.961  1.28576E-15  SWARM-A  15.538  105.422
2023-09-20T11:42:30Z  492.384  72.503  56.921  1.31414E-15  SWARM-A  15.611  107.335
2023-09-20T11:43:00Z  492.135  70.620  57.676  1.34283E-15  SWARM-A  15.669  109.249
2023-09-20T11:43:30Z  491.864  68.733  58.280  1.37076E-15  SWARM-A  15.718  111.162
2023-09-20T11:44:00Z  491.573  66.842  58.771  1.39815E-15  SWARM-A  15.759  113.075
2023-09-20T11:44:30Z  491.264  64.949  59.173  1.42513E-15  SWARM-A  15.794  114.989
2023-09-20T11:45:00Z  490.939  63.054  59.506  1.45140E-15  SWARM-A  15.825  116.902
2023-09-20T11:45:30Z  490.599  61.157  59.783  1.47674E-15  SWARM-A  15.851  118.815
2023-09-20T11:46:00Z  490.246  59.258  60.014  1.50072E-15  SWARM-A  15.875  120.728
2023-09-20T11:46:30Z  489.883  57.358  60.208  1.52348E-15  SWARM-A  15.896  122.641
2023-09-20T11:47:00Z  489.513  55.456  60.371  1.54495E-15  SWARM-A  15.916  124.554
2023-09-20T11:47:30Z  489.136  53.553  60.507  1.56514E-15  SWARM-A  15.933  126.466
2023-09-20T11:48:00Z  488.756  51.649  60.620  1.58404E-15  SWARM-A  15.949  128.379
2023-09-20T11:48:30Z  488.374  49.744  60.714  1.60167E-15  SWARM-A  15.964  130.292
2023-09-20T11:49:00Z  487.994  47.838  60.792  1.61840E-15  SWARM-A  15.977  132.204
2023-09-20T11:49:30Z  487.618  45.931  60.856  1.63428E-15  SWARM-A  15.990  134.117
2023-09-20T11:50:00Z  487.248  44.022  60.907  1.64899E-15  SWARM-A  16.001  136.029
2023-09-20T11:50:30Z  486.886  42.113  60.947  1.66293E-15  SWARM-A  16.012  137.941
2023-09-20T11:51:00Z  486.535  40.203  60.977  1.67618E-15  SWARM-A  16.023  139.853
2023-09-20T11:51:30Z  486.198  38.292  60.999  1.68886E-15  SWARM-A  16.033  141.765
2023-09-20T11:52:00Z  485.877  36.380  61.013  1.70106E-15  SWARM-A  16.042  143.677
2023-09-20T11:52:30Z  485.573  34.468  61.021  1.71286E-15  SWARM-A  16.051  145.589
2023-09-20T11:53:00Z  485.290  32.554  61.023  1.72437E-15  SWARM-A  16.059  147.501
2023-09-20T11:53:30Z  485.030  30.640  61.019  1.73561E-15  SWARM-A  16.067  149.412
2023-09-20T11:54:00Z  484.793  28.725  61.011  1.74650E-15  SWARM-A  16.075  151.324
2023-09-20T11:54:30Z  484.584  26.810  60.999  1.75710E-15  SWARM-A  16.083  153.235
2023-09-20T11:55:00Z  484.402  24.894  60.982  1.76742E-15  SWARM-A  16.090  155.146
2023-09-20T11:55:30Z  484.251  22.977  60.963  1.77739E-15  SWARM-A  16.097  157.057
2023-09-20T11:56:00Z  484.132  21.060  60.941  1.78693E-15  SWARM-A  16.104  158.968
2023-09-20T11:56:30Z  484.047  19.143  60.916  1.79597E-15  SWARM-A  16.110  160.879
2023-09-20T11:57:00Z  483.997  17.225  60.888  1.80445E-15  SWARM-A  16.117  162.789
2023-09-20T11:57:30Z  483.982  15.307  60.859  1.81215E-15  SWARM-A  16.123  164.699
2023-09-20T11:58:00Z  484.006  13.388  60.828  1.81888E-15  SWARM-A  16.130  166.610
2023-09-20T11:58:30Z  484.067  11.469  60.795  1.82461E-15  SWARM-A  16.136  168.520
2023-09-20T11:59:00Z  484.168  9.551  60.762  1.82930E-15  SWARM-A  16.142  170.430
2023-09-20T11:59:30Z  484.308  7.632  60.727  1.83273E-15  SWARM-A  16.148  172.339
2023-09-20T12:00:00Z  484.489  5.712  60.691  1.83569E-15  SWARM-A  16.154  174.249
2023-09-20T12:00:30Z  484.710  3.793  60.655  1.83626E-15  SWARM-A  16.160  176.158
2023-09-20T12:01:00Z  484.971  1.874  60.618  1.83523E-15  SWARM-A  16.166  178.067
2023-09-20T12:01:30Z  485.273  -0.045  60.582  1.83254E-15  SWARM-A  16.171  179.976
2023-09-20T12:02:00Z  485.615  -1.963  60.545  1.82811E-15  SWARM-A  16.177  181.885
2023-09-20T12:02:30Z  485.997  -3.882  60.508  1.82190E-15  SWARM-A  16.183  183.794
2023-09-20T12:03:00Z  486.417  -5.800  60.472  1.81318E-15  SWARM-A  16.189  185.702
2023-09-20T12:03:30Z  486.876  -7.718  60.436  1.80222E-15  SWARM-A  16.195  187.611
2023-09-20T12:04:00Z  487.372  -9.635  60.401  1.78951E-15  SWARM-A  16.201  189.519
2023-09-20T12:04:30Z  487.904  -11.552  60.368  1.77505E-15  SWARM-A  16.207  191.427
2023-09-20T12:05:00Z  488.471  -13.468  60.335  1.75892E-15  SWARM-A  16.213  193.335
2023-09-20T12:05:30Z  489.071  -15.384  60.304  1.74113E-15  SWARM-A  16.220  195.242
2023-09-20T12:06:00Z  489.702  -17.299  60.274  1.72177E-15  SWARM-A  16.226  197.149
2023-09-20T12:06:30Z  490.363  -19.214  60.247  1.70081E-15  SWARM-A  16.232  199.057
2023-09-20T12:07:00Z  491.051  -21.128  60.222  1.67849E-15  SWARM-A  16.239  200.964
2023-09-20T12:07:30Z  491.765  -23.041  60.199  1.65496E-15  SWARM-A  16.246  202.871
2023-09-20T12:08:00Z  492.503  -24.953  60.180  1.63026E-15  SWARM-A  16.253  204.777
2023-09-20T12:08:30Z  493.261  -26.864  60.163  1.60446E-15  SWARM-A  16.260  206.684
2023-09-20T12:09:00Z  494.038  -28.775  60.151  1.57775E-15  SWARM-A  16.268  208.590
2023-09-20T12:09:30Z  494.831  -30.684  60.142  1.55023E-15  SWARM-A  16.276  210.496
2023-09-20T12:10:00Z  495.637  -32.592  60.138  1.52203E-15  SWARM-A  16.284  212.402
2023-09-20T12:10:30Z  496.454  -34.500  60.140  1.49253E-15  SWARM-A  16.292  214.308
2023-09-20T12:11:00Z  497.279  -36.406  60.147  1.46254E-15  SWARM-A  16.301  216.213
2023-09-20T12:11:30Z  498.108  -38.312  60.161  1.43226E-15  SWARM-A  16.310  218.119
2023-09-20T12:12:00Z  498.940  -40.216  60.182  1.40187E-15  SWARM-A  16.320  220.024
2023-09-20T12:12:30Z  499.772  -42.119  60.212  1.37136E-15  SWARM-A  16.330  221.929
2023-09-20T12:13:00Z  500.600  -44.021  60.252  1.33964E-15  SWARM-A  16.341  223.834
2023-09-20T12:13:30Z  501.421  -45.922  60.302  1.30647E-15  SWARM-A  16.353  225.739
2023-09-20T12:14:00Z  502.233  -47.821  60.364  1.27366E-15  SWARM-A  16.365  227.644
2023-09-20T12:14:30Z  503.032  -49.719  60.441  1.24131E-15  SWARM-A  16.379  229.548
2023-09-20T12:15:00Z  503.816  -51.616  60.534  1.20953E-15  SWARM-A  16.393  231.452
2023-09-20T12:15:30Z  504.583  -53.512  60.646  1.17965E-15  SWARM-A  16.409  233.357
2023-09-20T12:16:00Z  505.329  -55.406  60.780  1.15183E-15  SWARM-A  16.426  235.261
2023-09-20T12:16:30Z  506.051  -57.299  60.940  1.12468E-15  SWARM-A  16.445  237.165
2023-09-20T12:17:00Z  506.747  -59.190  61.131  1.09819E-15  SWARM-A  16.466  239.069
2023-09-20T12:17:30Z  507.415  -61.080  61.359  1.07229E-15  SWARM-A  16.490  240.972
2023-09-20T12:18:00Z  508.051  -62.968  61.632  1.04467E-15  SWARM-A  16.517  242.876
2023-09-20T12:18:30Z  508.655  -64.854  61.959  1.01703E-15  SWARM-A  16.547  244.780
2023-09-20T12:19:00Z  509.223  -66.737  62.355  9.89886E-16  SWARM-A  16.581  246.683
2023-09-20T12:19:30Z  509.753  -68.618  62.836  9.63245E-16  SWARM-A  16.622  248.586
2023-09-20T12:20:00Z  510.243  -70.496  63.428  9.37001E-16  SWARM-A  16.670  250.490
2023-09-20T12:20:30Z  510.693  -72.370  64.167  9.11052E-16  SWARM-A  16.727  252.393
2023-09-20T12:21:00Z  511.099  -74.238  65.102  8.85822E-16  SWARM-A  16.798  254.296
2023-09-20T12:21:30Z  511.460  -76.100  66.315  8.61161E-16  SWARM-A  16.887  256.199
2023-09-20T12:22:00Z  511.776  -77.952  67.930  8.37121E-16  SWARM-A  17.003  258.102
2023-09-20T12:22:30Z  512.045  -79.789  70.163  8.13748E-16  SWARM-A  17.160  260.005
2023-09-20T12:23:00Z  512.265  -81.601  73.409  7.90987E-16  SWARM-A  17.385  261.908
2023-09-20T12:23:30Z  512.437  -83.369  78.463  7.68866E-16  SWARM-A  17.730  263.811
2023-09-20T12:24:00Z  512.559  -85.045  87.117  7.47283E-16  SWARM-A  18.316  265.714
2023-09-20T12:24:30Z  512.631  -86.496  103.752  7.26423E-16  SWARM-A  19.433  267.617
2023-09-20T12:25:00Z  512.653  -87.325  135.873  7.07132E-16  SWARM-A  21.583  269.520
2023-09-20T12:25:30Z  512.624  -86.970  173.837  6.88824E-16  SWARM-A  0.122  271.423
2023-09-20T12:26:00Z  512.545  -85.715  -163.618  6.71741E-16  SWARM-A  1.633  273.326
2023-09-20T12:26:30Z  512.416  -84.111  -152.288  6.55451E-16  SWARM-A  2.397  275.229
2023-09-20T12:27:00Z  512.237  -82.374  -145.993  6.40046E-16  SWARM-A  2.825  277.132
2023-09-20T12:27:30Z  512.010  -80.577  -142.100  6.25597E-16  SWARM-A  3.093  279.035
2023-09-20T12:28:00Z  511.734  -78.750  -139.492  6.12215E-16  SWARM-A  3.275  280.938
2023-09-20T12:28:30Z  511.411  -76.903  -137.643  5.99971E-16  SWARM-A  3.407  282.841
2023-09-20T12:29:00Z  511.042  -75.045  -136.276  5.88957E-16  SWARM-A  3.506  284.744
2023-09-20T12:29:30Z  510.628  -73.179  -135.232  5.79171E-16  SWARM-A  3.584  286.647
2023-09-20T12:30:00Z  510.171  -71.307  -134.416  5.70560E-16  SWARM-A  3.647  288.551
2023-09-20T12:30:30Z  509.672  -69.431  -133.765  5.63030E-16  SWARM-A  3.698  290.454
2023-09-20T12:31:00Z  509.134  -67.551  -133.239  5.56396E-16  SWARM-A  3.742  292.358
2023-09-20T12:31:30Z  508.557  -65.669  -132.809  5.50462E-16  SWARM-A  3.779  294.261
2023-09-20T12:32:00Z  507.945  -63.784  -132.454  5.45053E-16  SWARM-A  3.811  296.165
2023-09-20T12:32:30Z  507.299  -61.897  -132.159  5.39973E-16  SWARM-A  3.839  298.069
2023-09-20T12:33:00Z  506.621  -60.007  -131.913  5.34969E-16  SWARM-A  3.864  299.973
2023-09-20T12:33:30Z  505.914  -58.117  -131.707  5.30315E-16  SWARM-A  3.886  301.877
2023-09-20T12:34:00Z  505.181  -56.224  -131.534  5.26073E-16  SWARM-A  3.906  303.781
2023-09-20T12:34:30Z  504.424  -54.330  -131.389  5.22241E-16  SWARM-A  3.924  305.685
2023-09-20T12:35:00Z  503.645  -52.435  -131.268  5.18841E-16  SWARM-A  3.940  307.590
2023-09-20T12:35:30Z  502.848  -50.538  -131.167  5.16007E-16  SWARM-A  3.955  309.494
2023-09-20T12:36:00Z  502.036  -48.640  -131.084  5.13557E-16  SWARM-A  3.969  311.399
2023-09-20T12:36:30Z  501.210  -46.741  -131.015  5.11482E-16  SWARM-A  3.982  313.304
2023-09-20T12:37:00Z  500.374  -44.841  -130.960  5.09777E-16  SWARM-A  3.994  315.209
2023-09-20T12:37:30Z  499.532  -42.939  -130.916  5.08454E-16  SWARM-A  4.005  317.114
2023-09-20T12:38:00Z  498.685  -41.036  -130.882  5.07480E-16  SWARM-A  4.016  319.019
2023-09-20T12:38:30Z  497.837  -39.132  -130.857  5.06982E-16  SWARM-A  4.026  320.925
2023-09-20T12:39:00Z  496.991  -37.227  -130.840  5.06868E-16  SWARM-A  4.035  322.831
2023-09-20T12:39:30Z  496.150  -35.320  -130.830  5.07171E-16  SWARM-A  4.044  324.737
2023-09-20T12:40:00Z  495.316  -33.413  -130.826  5.07887E-16  SWARM-A  4.053  326.643
2023-09-20T12:40:30Z  494.492  -31.505  -130.828  5.09042E-16  SWARM-A  4.061  328.549
2023-09-20T12:41:00Z  493.682  -29.595  -130.834  5.10597E-16  SWARM-A  4.069  330.455
2023-09-20T12:41:30Z  492.887  -27.685  -130.845  5.12575E-16  SWARM-A  4.076  332.362
2023-09-20T12:42:00Z  492.110  -25.773  -130.860  5.14982E-16  SWARM-A  4.084  334.269
2023-09-20T12:42:30Z  491.355  -23.861  -130.878  5.17775E-16  SWARM-A  4.091  336.176
2023-09-20T12:43:00Z  490.622  -21.948  -130.900  5.20973E-16  SWARM-A  4.098  338.083
2023-09-20T12:43:30Z  489.915  -20.034  -130.924  5.24527E-16  SWARM-A  4.105  339.990
2023-09-20T12:44:00Z  489.236  -18.120  -130.950  5.28463E-16  SWARM-A  4.111  341.898
2023-09-20T12:44:30Z  488.586  -16.204  -130.979  5.32725E-16  SWARM-A  4.118  343.805
2023-09-20T12:45:00Z  487.968  -14.289  -131.009  5.37298E-16  SWARM-A  4.124  345.713
2023-09-20T12:45:30Z  487.383  -12.372  -131.041  5.42177E-16  SWARM-A  4.130  347.621
2023-09-20T12:46:00Z  486.833  -10.455  -131.074  5.47314E-16  SWARM-A  4.136  349.530
2023-09-20T12:46:30Z  486.319  -8.537  -131.109  5.52614E-16  SWARM-A  4.142  351.438
2023-09-20T12:47:00Z  485.843  -6.619  -131.144  5.58078E-16  SWARM-A  4.148  353.347
2023-09-20T12:47:30Z  485.405  -4.701  -131.180  5.63603E-16  SWARM-A  4.154  355.256
2023-09-20T12:48:00Z  485.007  -2.782  -131.217  5.69180E-16  SWARM-A  4.160  357.165
2023-09-20T12:48:30Z  484.649  -0.863  -131.253  5.74710E-16  SWARM-A  4.166  359.074
2023-09-20T12:49:00Z  484.331  1.057  -131.290  5.80175E-16  SWARM-A  4.172  0.983
2023-09-20T12:49:30Z  484.055  2.976  -131.327  5.85522E-16  SWARM-A  4.178  2.893
2023-09-20T12:50:00Z  483.820  4.895  -131.363  5.90726E-16  SWARM-A  4.184  4.802
2023-09-20T12:50:30Z  483.626  6.815  -131.399  5.95759E-16  SWARM-A  4.190  6.712
2023-09-20T12:51:00Z  483.474  8.734  -131.434  6.00621E-16  SWARM-A  4.196  8.622
2023-09-20T12:51:30Z  483.362  10.654  -131.469  6.05278E-16  SWARM-A  4.202  10.533
2023-09-20T12:52:00Z  483.290  12.573  -131.502  6.09734E-16  SWARM-A  4.208  12.443
2023-09-20T12:52:30Z  483.258  14.492  -131.533  6.14029E-16  SWARM-A  4.214  14.354
2023-09-20T12:53:00Z  483.264  16.411  -131.564  6.18067E-16  SWARM-A  4.220  16.264
2023-09-20T12:53:30Z  483.308  18.329  -131.592  6.21910E-16  SWARM-A  4.227  18.175
2023-09-20T12:54:00Z  483.388  20.247  -131.618  6.25608E-16  SWARM-A  4.233  20.086
2023-09-20T12:54:30Z  483.503  22.165  -131.641  6.29210E-16  SWARM-A  4.240  21.997
2023-09-20T12:55:00Z  483.652  24.082  -131.662  6.32833E-16  SWARM-A  4.247  23.909
2023-09-20T12:55:30Z  483.832  25.999  -131.680  6.36483E-16  SWARM-A  4.254  25.820
2023-09-20T12:56:00Z  484.043  27.915  -131.694  6.40187E-16  SWARM-A  4.262  27.732
2023-09-20T12:56:30Z  484.282  29.830  -131.704  6.44010E-16  SWARM-A  4.269  29.643
2023-09-20T12:57:00Z  484.547  31.745  -131.709  6.48049E-16  SWARM-A  4.277  31.555
2023-09-20T12:57:30Z  484.836  33.659  -131.710  6.52307E-16  SWARM-A  4.286  33.467
2023-09-20T12:58:00Z  485.147  35.572  -131.705  6.56733E-16  SWARM-A  4.294  35.379
2023-09-20T12:58:30Z  485.478  37.485  -131.694  6.61465E-16  SWARM-A  4.303  37.291
2023-09-20T12:59:00Z  485.826  39.396  -131.675  6.66525E-16  SWARM-A  4.313  39.204
2023-09-20T12:59:30Z  486.189  41.307  -131.648  6.71922E-16  SWARM-A  4.323  41.116
2023-09-20T13:00:00Z  486.565  43.217  -131.613  6.77305E-16  SWARM-A  4.334  43.028
2023-09-20T13:00:30Z  486.951  45.126  -131.567  6.82795E-16  SWARM-A  4.345  44.941
2023-09-20T13:01:00Z  487.345  47.034  -131.509  6.88601E-16  SWARM-A  4.357  46.854
2023-09-20T13:01:30Z  487.744  48.941  -131.437  6.94866E-16  SWARM-A  4.370  48.766
2023-09-20T13:02:00Z  488.146  50.847  -131.350  7.01593E-16  SWARM-A  4.385  50.679
2023-09-20T13:02:30Z  488.548  52.752  -131.245  7.08811E-16  SWARM-A  4.400  52.592
2023-09-20T13:03:00Z  488.948  54.655  -131.119  7.16501E-16  SWARM-A  4.417  54.505
2023-09-20T13:03:30Z  489.344  56.558  -130.969  7.24582E-16  SWARM-A  4.435  56.418
2023-09-20T13:04:00Z  489.732  58.459  -130.789  7.32960E-16  SWARM-A  4.455  58.331
2023-09-20T13:04:30Z  490.112  60.358  -130.575  7.41437E-16  SWARM-A  4.478  60.245
2023-09-20T13:05:00Z  490.480  62.256  -130.318  7.50063E-16  SWARM-A  4.503  62.158
2023-09-20T13:05:30Z  490.835  64.153  -130.010  7.58955E-16  SWARM-A  4.532  64.071
2023-09-20T13:06:00Z  491.175  66.047  -129.639  7.68561E-16  SWARM-A  4.565  65.984
2023-09-20T13:06:30Z  491.497  67.938  -129.189  7.78921E-16  SWARM-A  4.604  67.898
2023-09-20T13:07:00Z  491.800  69.827  -128.636  7.89698E-16  SWARM-A  4.649  69.811
2023-09-20T13:07:30Z  492.083  71.713  -127.950  8.01185E-16  SWARM-A  4.703  71.725
2023-09-20T13:08:00Z  492.343  73.593  -127.085  8.13397E-16  SWARM-A  4.769  73.638
2023-09-20T13:08:30Z  492.580  75.468  -125.972  8.26358E-16  SWARM-A  4.851  75.552
2023-09-20T13:09:00Z  492.792  77.334  -124.503  8.40247E-16  SWARM-A  4.958  77.465
2023-09-20T13:09:30Z  492.977  79.186  -122.495  8.54964E-16  SWARM-A  5.100  79.379
2023-09-20T13:10:00Z  493.136  81.018  -119.625  8.70629E-16  SWARM-A  5.300  81.292
2023-09-20T13:10:30Z  493.267  82.814  -115.254  8.87250E-16  SWARM-A  5.599  83.206
2023-09-20T13:11:00Z  493.369  84.537  -107.996  9.04848E-16  SWARM-A  6.092  85.120
2023-09-20T13:11:30Z  493.443  86.091  -94.481  9.23413E-16  SWARM-A  7.001  87.033
2023-09-20T13:12:00Z  493.486  87.181  -67.444  9.42970E-16  SWARM-A  8.812  88.947
2023-09-20T13:12:30Z  493.501  87.200  -27.988  9.64243E-16  SWARM-A  11.450  90.860
2023-09-20T13:13:00Z  493.485  86.132  -0.432  9.87049E-16  SWARM-A  13.296  92.774
2023-09-20T13:13:30Z  493.440  84.586  13.359  1.01074E-15  SWARM-A  14.224  94.688
2023-09-20T13:14:00Z  493.366  82.867  20.740  1.03555E-15  SWARM-A  14.724  96.601
2023-09-20T13:14:30Z  493.263  81.073  25.171  1.06150E-15  SWARM-A  15.028  98.515
2023-09-20T13:15:00Z  493.132  79.242  28.075  1.08860E-15  SWARM-A  15.230  100.428
2023-09-20T13:15:30Z  492.973  77.389  30.102  1.11677E-15  SWARM-A  15.373  102.342
2023-09-20T13:16:00Z  492.788  75.524  31.585  1.14586E-15  SWARM-A  15.480  104.255
2023-09-20T13:16:30Z  492.578  73.650  32.706  1.17582E-15  SWARM-A  15.563  106.168
2023-09-20T13:17:00Z  492.344  71.769  33.578  1.20653E-15  SWARM-A  15.630  108.082
2023-09-20T13:17:30Z  492.088  69.884  34.268  1.23781E-15  SWARM-A  15.684  109.995
2023-09-20T13:18:00Z  491.810  67.996  34.824  1.26952E-15  SWARM-A  15.730  111.908
2023-09-20T13:18:30Z  491.513  66.104  35.277  1.30144E-15  SWARM-A  15.768  113.822
2023-09-20T13:19:00Z  491.199  64.210  35.650  1.33332E-15  SWARM-A  15.801  115.735
2023-09-20T13:19:30Z  490.868  62.314  35.960  1.36481E-15  SWARM-A  15.830  117.648
2023-09-20T13:20:00Z  490.524  60.417  36.218  1.39567E-15  SWARM-A  15.856  119.561
2023-09-20T13:20:30Z  490.168  58.517  36.433  1.42574E-15  SWARM-A  15.879  121.474
2023-09-20T13:21:00Z  489.802  56.616  36.614  1.45491E-15  SWARM-A  15.899  123.387
2023-09-20T13:21:30Z  489.430  54.714  36.765  1.48322E-15  SWARM-A  15.917  125.300
2023-09-20T13:22:00Z  489.052  52.811  36.892  1.51015E-15  SWARM-A  15.934  127.212
2023-09-20T13:22:30Z  488.671  50.907  36.997  1.53590E-15  SWARM-A  15.949  129.125
2023-09-20T13:23:00Z  488.290  49.001  37.085  1.56044E-15  SWARM-A  15.964  131.038
2023-09-20T13:23:30Z  487.911  47.094  37.157  1.58381E-15  SWARM-A  15.977  132.950
2023-09-20T13:24:00Z  487.536  45.187  37.215  1.60605E-15  SWARM-A  15.989  134.862
2023-09-20T13:24:30Z  487.168  43.278  37.261  1.62714E-15  SWARM-A  16.000  136.775
2023-09-20T13:25:00Z  486.810  41.368  37.297  1.64724E-15  SWARM-A  16.011  138.687
2023-09-20T13:25:30Z  486.463  39.458  37.324  1.66633E-15  SWARM-A  16.021  140.599
2023-09-20T13:26:00Z  486.131  37.547  37.343  1.68459E-15  SWARM-A  16.031  142.511
2023-09-20T13:26:30Z  485.814  35.635  37.354  1.70201E-15  SWARM-A  16.040  144.423
2023-09-20T13:27:00Z  485.517  33.722  37.360  1.71869E-15  SWARM-A  16.049  146.334
2023-09-20T13:27:30Z  485.240  31.808  37.359  1.73467E-15  SWARM-A  16.057  148.246
2023-09-20T13:28:00Z  484.987  29.894  37.354  1.74995E-15  SWARM-A  16.065  150.157
2023-09-20T13:28:30Z  484.758  27.979  37.344  1.76457E-15  SWARM-A  16.073  152.069
2023-09-20T13:29:00Z  484.557  26.063  37.330  1.77854E-15  SWARM-A  16.080  153.980
2023-09-20T13:29:30Z  484.385  24.147  37.312  1.79178E-15  SWARM-A  16.087  155.891
2023-09-20T13:30:00Z  484.244  22.230  37.291  1.80430E-15  SWARM-A  16.094  157.802
2023-09-20T13:30:30Z  484.135  20.313  37.268  1.81601E-15  SWARM-A  16.101  159.713
2023-09-20T13:31:00Z  484.060  18.395  37.242  1.82685E-15  SWARM-A  16.107  161.623
2023-09-20T13:31:30Z  484.021  16.477  37.214  1.83675E-15  SWARM-A  16.114  163.534
2023-09-20T13:32:00Z  484.018  14.559  37.184  1.84550E-15  SWARM-A  16.120  165.444
2023-09-20T13:32:30Z  484.052  12.640  37.152  1.85204E-15  SWARM-A  16.127  167.354
2023-09-20T13:33:00Z  484.126  10.722  37.119  1.85730E-15  SWARM-A  16.133  169.264
2023-09-20T13:33:30Z  484.238  8.803  37.084  1.86123E-15  SWARM-A  16.139  171.174
2023-09-20T13:34:00Z  484.390  6.884  37.049  1.86373E-15  SWARM-A  16.145  173.084
2023-09-20T13:34:30Z  484.582  4.964  37.013  1.86477E-15  SWARM-A  16.151  174.993
2023-09-20T13:35:00Z  484.815  3.045  36.977  1.86422E-15  SWARM-A  16.157  176.902
2023-09-20T13:35:30Z  485.087  1.126  36.940  1.86210E-15  SWARM-A  16.162  178.811
2023-09-20T13:36:00Z  485.401  -0.792  36.903  1.85832E-15  SWARM-A  16.168  180.720
2023-09-20T13:36:30Z  485.754  -2.711  36.866  1.85289E-15  SWARM-A  16.174  182.629
2023-09-20T13:37:00Z  486.146  -4.629  36.830  1.84577E-15  SWARM-A  16.180  184.538
2023-09-20T13:37:30Z  486.577  -6.547  36.794  1.83696E-15  SWARM-A  16.186  186.446
2023-09-20T13:38:00Z  487.046  -8.465  36.758  1.82643E-15  SWARM-A  16.192  188.354
2023-09-20T13:38:30Z  487.551  -10.382  36.724  1.81422E-15  SWARM-A  16.198  190.262
2023-09-20T13:39:00Z  488.093  -12.299  36.690  1.80031E-15  SWARM-A  16.204  192.170
2023-09-20T13:39:30Z  488.668  -14.215  36.658  1.78463E-15  SWARM-A  16.210  194.078
2023-09-20T13:40:00Z  489.275  -16.131  36.628  1.76728E-15  SWARM-A  16.217  195.986
2023-09-20T13:40:30Z  489.914  -18.046  36.599  1.74834E-15  SWARM-A  16.223  197.893
2023-09-20T13:41:00Z  490.581  -19.960  36.572  1.72787E-15  SWARM-A  16.230  199.800
2023-09-20T13:41:30Z  491.276  -21.874  36.548  1.70592E-15  SWARM-A  16.236  201.707
2023-09-20T13:42:00Z  491.995  -23.786  36.527  1.68262E-15  SWARM-A  16.243  203.614
2023-09-20T13:42:30Z  492.737  -25.698  36.508  1.65806E-15  SWARM-A  16.250  205.520
2023-09-20T13:43:00Z  493.498  -27.609  36.493  1.63236E-15  SWARM-A  16.258  207.427
2023-09-20T13:43:30Z  494.278  -29.519  36.482  1.60570E-15  SWARM-A  16.265  209.333
2023-09-20T13:44:00Z  495.072  -31.428  36.475  1.57817E-15  SWARM-A  16.273  211.239
2023-09-20T13:44:30Z  495.879  -33.336  36.473  1.54991E-15  SWARM-A  16.281  213.145
2023-09-20T13:45:00Z  496.696  -35.244  36.477  1.52105E-15  SWARM-A  16.290  215.051
2023-09-20T13:45:30Z  497.519  -37.150  36.487  1.49179E-15  SWARM-A  16.299  216.956
2023-09-20T13:46:00Z  498.347  -39.055  36.503  1.46285E-15  SWARM-A  16.308  218.862
2023-09-20T13:46:30Z  499.176  -40.958  36.528  1.43366E-15  SWARM-A  16.318  220.767
2023-09-20T13:47:00Z  500.003  -42.861  36.561  1.40438E-15  SWARM-A  16.329  222.672
2023-09-20T13:47:30Z  500.825  -44.763  36.604  1.37508E-15  SWARM-A  16.340  224.577
2023-09-20T13:48:00Z  501.640  -46.663  36.659  1.34584E-15  SWARM-A  16.352  226.482
2023-09-20T13:48:30Z  502.444  -48.562  36.727  1.31679E-15  SWARM-A  16.365  228.386
2023-09-20T13:49:00Z  503.235  -50.460  36.809  1.28796E-15  SWARM-A  16.379  230.291
2023-09-20T13:49:30Z  504.010  -52.356  36.909  1.25946E-15  SWARM-A  16.394  232.195
2023-09-20T13:50:00Z  504.766  -54.252  37.030  1.23135E-15  SWARM-A  16.410  234.100
2023-09-20T13:50:30Z  505.500  -56.145  37.173  1.20369E-15  SWARM-A  16.428  236.004
2023-09-20T13:51:00Z  506.209  -58.038  37.345  1.17653E-15  SWARM-A  16.448  237.908
2023-09-20T13:51:30Z  506.892  -59.928  37.549  1.14988E-15  SWARM-A  16.470  239.812
2023-09-20T13:52:00Z  507.546  -61.817  37.793  1.12377E-15  SWARM-A  16.494  241.715
2023-09-20T13:52:30Z  508.167  -63.704  38.085  1.09816E-15  SWARM-A  16.522  243.619
2023-09-20T13:53:00Z  508.755  -65.590  38.437  1.07304E-15  SWARM-A  16.554  245.523
2023-09-20T13:53:30Z  509.306  -67.472  38.864  1.04794E-15  SWARM-A  16.591  247.426
2023-09-20T13:54:00Z  509.819  -69.352  39.385  1.02267E-15  SWARM-A  16.634  249.330
2023-09-20T13:54:30Z  510.292  -71.228  40.029  9.97640E-16  SWARM-A  16.685  251.233
2023-09-20T13:55:00Z  510.723  -73.100  40.836  9.72777E-16  SWARM-A  16.747  253.136
2023-09-20T13:55:30Z  511.111  -74.967  41.868  9.48108E-16  SWARM-A  16.824  255.039
2023-09-20T13:56:00Z  511.453  -76.825  43.219  9.23605E-16  SWARM-A  16.923  256.943
2023-09-20T13:56:30Z  511.750  -78.672  45.042  8.99299E-16  SWARM-A  17.053  258.846
2023-09-20T13:57:00Z  511.998  -80.501  47.608  8.75239E-16  SWARM-A  17.232  260.749
2023-09-20T13:57:30Z  512.199  -82.299  51.429  8.51464E-16  SWARM-A  17.495  262.652
2023-09-20T13:58:00Z  512.350  -84.040  57.582  8.28002E-16  SWARM-A  17.914  264.555
2023-09-20T13:58:30Z  512.452  -85.653  68.605  8.04763E-16  SWARM-A  18.657  266.458
2023-09-20T13:59:00Z  512.504  -86.931  90.500  7.81600E-16  SWARM-A  20.125  268.361
2023-09-20T13:59:30Z  512.506  -87.337  128.086  7.58436E-16  SWARM-A  22.639  270.264
2023-09-20T14:00:00Z  512.457  -86.549  160.916  7.36124E-16  SWARM-A  0.836  272.167
2023-09-20T14:00:30Z  512.358  -85.113  178.049  7.14731E-16  SWARM-A  1.986  274.070
2023-09-20T14:01:00Z  512.209  -83.442  -173.077  6.93896E-16  SWARM-A  2.586  275.973
2023-09-20T14:01:30Z  512.012  -81.677  -167.921  6.73602E-16  SWARM-A  2.938  277.876
2023-09-20T14:02:00Z  511.765  -79.866  -164.621  6.53878E-16  SWARM-A  3.167  279.779
2023-09-20T14:02:30Z  511.471  -78.029  -162.356  6.34846E-16  SWARM-A  3.326  281.682
2023-09-20T14:03:00Z  511.131  -76.178  -160.720  6.16669E-16  SWARM-A  3.443  283.586
2023-09-20T14:03:30Z  510.744  -74.316  -159.494  5.99411E-16  SWARM-A  3.534  285.489
2023-09-20T14:04:00Z  510.314  -72.448  -158.549  5.83184E-16  SWARM-A  3.605  287.392
2023-09-20T14:04:30Z  509.842  -70.574  -157.804  5.68127E-16  SWARM-A  3.663  289.296
2023-09-20T14:05:00Z  509.329  -68.696  -157.207  5.54235E-16  SWARM-A  3.711  291.199
2023-09-20T14:05:30Z  508.776  -66.815  -156.722  5.41577E-16  SWARM-A  3.752  293.103
2023-09-20T14:06:00Z  508.187  -64.931  -156.323  5.30101E-16  SWARM-A  3.787  295.006
2023-09-20T14:06:30Z  507.563  -63.045  -155.994  5.19674E-16  SWARM-A  3.817  296.910
2023-09-20T14:07:00Z  506.906  -61.157  -155.719  5.10182E-16  SWARM-A  3.844  298.814
2023-09-20T14:07:30Z  506.218  -59.267  -155.490  5.01342E-16  SWARM-A  3.867  300.718
2023-09-20T14:08:00Z  505.503  -57.376  -155.298  4.93084E-16  SWARM-A  3.888  302.622
2023-09-20T14:08:30Z  504.762  -55.483  -155.136  4.85498E-16  SWARM-A  3.907  304.527
2023-09-20T14:09:00Z  503.999  -53.588  -155.001  4.78524E-16  SWARM-A  3.925  306.431
2023-09-20T14:09:30Z  503.215  -51.692  -154.889  4.72265E-16  SWARM-A  3.941  308.336
2023-09-20T14:10:00Z  502.414  -49.795  -154.795  4.66821E-16  SWARM-A  3.955  310.240
2023-09-20T14:10:30Z  501.599  -47.897  -154.718  4.62195E-16  SWARM-A  3.969  312.145
2023-09-20T14:11:00Z  500.772  -45.997  -154.655  4.58275E-16  SWARM-A  3.981  314.050
2023-09-20T14:11:30Z  499.936  -44.096  -154.604  4.55151E-16  SWARM-A  3.993  315.955
2023-09-20T14:12:00Z  499.095  -42.193  -154.565  4.52804E-16  SWARM-A  4.004  317.861
2023-09-20T14:12:30Z  498.250  -40.290  -154.535  4.51221E-16  SWARM-A  4.014  319.766
2023-09-20T14:13:00Z  497.406  -38.385  -154.513  4.50124E-16  SWARM-A  4.024  321.672
2023-09-20T14:13:30Z  496.564  -36.480  -154.499  4.49728E-16  SWARM-A  4.033  323.578
2023-09-20T14:14:00Z  495.729  -34.573  -154.491  4.50057E-16  SWARM-A  4.042  325.484
2023-09-20T14:14:30Z  494.902  -32.665  -154.490  4.51070E-16  SWARM-A  4.051  327.390
2023-09-20T14:15:00Z  494.087  -30.756  -154.493  4.52725E-16  SWARM-A  4.059  329.296
2023-09-20T14:15:30Z  493.285  -28.846  -154.502  4.55007E-16  SWARM-A  4.066  331.203
2023-09-20T14:16:00Z  492.501  -26.936  -154.514  4.57847E-16  SWARM-A  4.074  333.109
2023-09-20T14:16:30Z  491.736  -25.024  -154.530  4.61180E-16  SWARM-A  4.081  335.016
2023-09-20T14:17:00Z  490.992  -23.111  -154.550  4.65025E-16  SWARM-A  4.088  336.923
2023-09-20T14:17:30Z  490.273  -21.198  -154.573  4.69333E-16  SWARM-A  4.095  338.831
2023-09-20T14:18:00Z  489.581  -19.284  -154.598  4.74081E-16  SWARM-A  4.102  340.738
2023-09-20T14:18:30Z  488.916  -17.369  -154.625  4.79189E-16  SWARM-A  4.108  342.646
2023-09-20T14:19:00Z  488.282  -15.453  -154.654  4.84628E-16  SWARM-A  4.115  344.553
2023-09-20T14:19:30Z  487.681  -13.537  -154.685  4.90300E-16  SWARM-A  4.121  346.462
2023-09-20T14:20:00Z  487.113  -11.620  -154.718  4.96211E-16  SWARM-A  4.127  348.370
2023-09-20T14:20:30Z  486.581  -9.703  -154.752  5.02287E-16  SWARM-A  4.133  350.278
2023-09-20T14:21:00Z  486.086  -7.785  -154.787  5.08454E-16  SWARM-A  4.139  352.187
2023-09-20T14:21:30Z  485.628  -5.867  -154.822  5.14721E-16  SWARM-A  4.145  354.095
2023-09-20T14:22:00Z  485.210  -3.948  -154.859  5.21023E-16  SWARM-A  4.151  356.004
2023-09-20T14:22:30Z  484.831  -2.029  -154.895  5.27346E-16  SWARM-A  4.157  357.913
2023-09-20T14:23:00Z  484.492  -0.110  -154.932  5.33683E-16  SWARM-A  4.163  359.823
2023-09-20T14:23:30Z  484.195  1.810  -154.969  5.40011E-16  SWARM-A  4.169  1.732
2023-09-20T14:24:00Z  483.938  3.729  -155.006  5.46277E-16  SWARM-A  4.175  3.642
2023-09-20T14:24:30Z  483.723  5.649  -155.042  5.52526E-16  SWARM-A  4.180  5.552
2023-09-20T14:25:00Z  483.549  7.568  -155.078  5.58718E-16  SWARM-A  4.186  7.462
2023-09-20T14:25:30Z  483.416  9.488  -155.113  5.64870E-16  SWARM-A  4.192  9.372
2023-09-20T14:26:00Z  483.323  11.407  -155.146  5.71052E-16  SWARM-A  4.199  11.282
2023-09-20T14:26:30Z  483.270  13.326  -155.179  5.77288E-16  SWARM-A  4.205  13.193
2023-09-20T14:27:00Z  483.256  15.245  -155.210  5.83404E-16  SWARM-A  4.211  15.103
2023-09-20T14:27:30Z  483.280  17.164  -155.240  5.89458E-16  SWARM-A  4.217  17.014
2023-09-20T14:28:00Z  483.341  19.082  -155.267  5.95593E-16  SWARM-A  4.224  18.925
2023-09-20T14:28:30Z  483.438  21.000  -155.292  6.01907E-16  SWARM-A  4.230  20.836
2023-09-20T14:29:00Z  483.569  22.917  -155.315  6.08444E-16  SWARM-A  4.237  22.747
2023-09-20T14:29:30Z  483.733  24.834  -155.335  6.15259E-16  SWARM-A  4.244  24.658
2023-09-20T14:30:00Z  483.928  26.751  -155.351  6.22437E-16  SWARM-A  4.252  26.570
2023-09-20T14:30:30Z  484.152  28.666  -155.363  6.29998E-16  SWARM-A  4.259  28.482
2023-09-20T14:31:00Z  484.403  30.582  -155.372  6.37979E-16  SWARM-A  4.267  30.393
2023-09-20T14:31:30Z  484.680  32.496  -155.376  6.46472E-16  SWARM-A  4.275  32.305
2023-09-20T14:32:00Z  484.980  34.410  -155.374  6.55497E-16  SWARM-A  4.283  34.217
2023-09-20T14:32:30Z  485.301  36.323  -155.367  6.65043E-16  SWARM-A  4.292  36.129
2023-09-20T14:33:00Z  485.640  38.235  -155.353  6.75158E-16  SWARM-A  4.301  38.041
2023-09-20T14:33:30Z  485.996  40.146  -155.331  6.85879E-16  SWARM-A  4.311  39.954
2023-09-20T14:34:00Z  486.366  42.057  -155.301  6.97189E-16  SWARM-A  4.322  41.866
2023-09-20T14:34:30Z  486.747  43.966  -155.262  7.09092E-16  SWARM-A  4.333  43.779
2023-09-20T14:35:00Z  487.138  45.875  -155.211  7.21496E-16  SWARM-A  4.344  45.691
2023-09-20T14:35:30Z  487.535  47.782  -155.149  7.34415E-16  SWARM-A  4.357  47.604
2023-09-20T14:36:00Z  487.936  49.689  -155.071  7.47812E-16  SWARM-A  4.370  49.517
2023-09-20T14:36:30Z  488.339  51.594  -154.978  7.61513E-16  SWARM-A  4.385  51.430
2023-09-20T14:37:00Z  488.742  53.499  -154.865  7.75349E-16  SWARM-A  4.401  53.342
2023-09-20T14:37:30Z  489.141  55.402  -154.730  7.89599E-16  SWARM-A  4.418  55.255
2023-09-20T14:38:00Z  489.534  57.304  -154.569  8.04294E-16  SWARM-A  4.437  57.169
2023-09-20T14:38:30Z  489.920  59.204  -154.376  8.19366E-16  SWARM-A  4.458  59.082
2023-09-20T14:39:00Z  490.295  61.103  -154.147  8.34683E-16  SWARM-A  4.482  60.995
2023-09-20T14:39:30Z  490.658  63.000  -153.872  8.50020E-16  SWARM-A  4.509  62.908
2023-09-20T14:40:00Z  491.008  64.896  -153.541  8.65182E-16  SWARM-A  4.539  64.821
2023-09-20T14:40:30Z  491.340  66.789  -153.141  8.79068E-16  SWARM-A  4.574  66.735
2023-09-20T14:41:00Z  491.655  68.680  -152.654  8.92958E-16  SWARM-A  4.615  68.648
2023-09-20T14:41:30Z  491.950  70.567  -152.054  9.06951E-16  SWARM-A  4.663  70.562
2023-09-20T14:42:00Z  492.224  72.451  -151.305  9.21171E-16  SWARM-A  4.721  72.475
2023-09-20T14:42:30Z  492.475  74.330  -150.353  9.35750E-16  SWARM-A  4.793  74.388
2023-09-20T14:43:00Z  492.701  76.201  -149.117  9.50731E-16  SWARM-A  4.884  76.302
2023-09-20T14:43:30Z  492.902  78.062  -147.465  9.66334E-16  SWARM-A  5.002  78.216
2023-09-20T14:44:00Z  493.077  79.908  -145.171  9.83697E-16  SWARM-A  5.164  80.129
2023-09-20T14:44:30Z  493.224  81.729  -141.817  1.00182E-15  SWARM-A  5.396  82.043
2023-09-20T14:45:00Z  493.343  83.502  -136.551  1.02066E-15  SWARM-A  5.755  83.956
2023-09-20T14:45:30Z  493.433  85.177  -127.426  1.04009E-15  SWARM-A  6.372  85.870
2023-09-20T14:46:00Z  493.494  86.604  -109.670  1.06004E-15  SWARM-A  7.564  87.783
2023-09-20T14:46:30Z  493.525  87.348  -75.880  1.08073E-15  SWARM-A  9.825  89.697
2023-09-20T14:47:00Z  493.526  86.876  -38.664  1.10306E-15  SWARM-A  12.314  91.610
2023-09-20T14:47:30Z  493.498  85.560  -17.532  1.12598E-15  SWARM-A  13.731  93.524
2023-09-20T14:48:00Z  493.440  83.926  -6.896  1.14842E-15  SWARM-A  14.449  95.438
2023-09-20T14:48:30Z  493.353  82.170  -0.930  1.17139E-15  SWARM-A  14.855  97.351
2023-09-20T14:49:00Z  493.238  80.359  2.789  1.19495E-15  SWARM-A  15.111  99.265
2023-09-20T14:49:30Z  493.094  78.518  5.294  1.21894E-15  SWARM-A  15.286  101.178
2023-09-20T14:50:00Z  492.924  76.660  7.078  1.24329E-15  SWARM-A  15.414  103.092
2023-09-20T14:50:30Z  492.727  74.791  8.401  1.26789E-15  SWARM-A  15.510  105.005
2023-09-20T14:51:00Z  492.506  72.914  9.414  1.29252E-15  SWARM-A  15.586  106.918
2023-09-20T14:51:30Z  492.261  71.031  10.207  1.31703E-15  SWARM-A  15.647  108.832
2023-09-20T14:52:00Z  491.994  69.145  10.840  1.34119E-15  SWARM-A  15.698  110.745
2023-09-20T14:52:30Z  491.707  67.255  11.352  1.36481E-15  SWARM-A  15.740  112.658
2023-09-20T14:53:00Z  491.400  65.362  11.771  1.38820E-15  SWARM-A  15.776  114.571
2023-09-20T14:53:30Z  491.077  63.467  12.117  1.41118E-15  SWARM-A  15.808  116.485
2023-09-20T14:54:00Z  490.738  61.571  12.405  1.43359E-15  SWARM-A  15.835  118.398
2023-09-20T14:54:30Z  490.387  59.672  12.645  1.45511E-15  SWARM-A  15.860  120.311
2023-09-20T14:55:00Z  490.024  57.773  12.846  1.47570E-15  SWARM-A  15.881  122.224
2023-09-20T14:55:30Z  489.653  55.871  13.014  1.49508E-15  SWARM-A  15.901  124.136
2023-09-20T14:56:00Z  489.275  53.969  13.155  1.51338E-15  SWARM-A  15.919  126.049
2023-09-20T14:56:30Z  488.893  52.065  13.273  1.53055E-15  SWARM-A  15.935  127.962
2023-09-20T14:57:00Z  488.509  50.160  13.371  1.54664E-15  SWARM-A  15.950  129.875
2023-09-20T14:57:30Z  488.125  48.254  13.452  1.56175E-15  SWARM-A  15.964  131.787
2023-09-20T14:58:00Z  487.745  46.347  13.518  1.57601E-15  SWARM-A  15.976  133.700
2023-09-20T14:58:30Z  487.370  44.439  13.571  1.58947E-15  SWARM-A  15.988  135.612
2023-09-20T14:59:00Z  487.002  42.530  13.614  1.60224E-15  SWARM-A  15.999  137.524
2023-09-20T14:59:30Z  486.645  40.620  13.646  1.61440E-15  SWARM-A  16.010  139.436
2023-09-20T15:00:00Z  486.301  38.709  13.669  1.62712E-15  SWARM-A  16.020  141.348
2023-09-20T15:00:30Z  485.971  36.797  13.685  1.63847E-15  SWARM-A  16.029  143.260
2023-09-20T15:01:00Z  485.659  34.885  13.694  1.64955E-15  SWARM-A  16.038  145.172
2023-09-20T15:01:30Z  485.367  32.972  13.697  1.66039E-15  SWARM-A  16.047  147.084
2023-09-20T15:02:00Z  485.096  31.058  13.694  1.67104E-15  SWARM-A  16.055  148.995
2023-09-20T15:02:30Z  484.850  29.143  13.687  1.68152E-15  SWARM-A  16.063  150.907
2023-09-20T15:03:00Z  484.629  27.228  13.675  1.69183E-15  SWARM-A  16.070  152.818
2023-09-20T15:03:30Z  484.437  25.312  13.660  1.70197E-15  SWARM-A  16.077  154.729
2023-09-20T15:04:00Z  484.274  23.395  13.641  1.71184E-15  SWARM-A  16.084  156.640
2023-09-20T15:04:30Z  484.143  21.478  13.619  1.72145E-15  SWARM-A  16.091  158.551
2023-09-20T15:05:00Z  484.045  19.561  13.594  1.73075E-15  SWARM-A  16.098  160.462
2023-09-20T15:05:30Z  483.981  17.643  13.567  1.73964E-15  SWARM-A  16.105  162.372
2023-09-20T15:06:00Z  483.954  15.725  13.538  1.74793E-15  SWARM-A  16.111  164.283
2023-09-20T15:06:30Z  483.963  13.807  13.507  1.75552E-15  SWARM-A  16.117  166.193
2023-09-20T15:07:00Z  484.011  11.888  13.475  1.76230E-15  SWARM-A  16.123  168.103
2023-09-20T15:07:30Z  484.097  9.969  13.441  1.76815E-15  SWARM-A  16.130  170.013
2023-09-20T15:08:00Z  484.223  8.050  13.407  1.77291E-15  SWARM-A  16.136  171.923
2023-09-20T15:08:30Z  484.389  6.131  13.371  1.77649E-15  SWARM-A  16.142  173.832
2023-09-20T15:09:00Z  484.595  4.212  13.335  1.77877E-15  SWARM-A  16.147  175.742
2023-09-20T15:09:30Z  484.841  2.293  13.298  1.77967E-15  SWARM-A  16.153  177.651
2023-09-20T15:10:00Z  485.128  0.374  13.261  1.77913E-15  SWARM-A  16.159  179.560
2023-09-20T15:10:30Z  485.455  -1.545  13.224  1.77706E-15  SWARM-A  16.165  181.469
2023-09-20T15:11:00Z  485.822  -3.464  13.188  1.77342E-15  SWARM-A  16.171  183.378
2023-09-20T15:11:30Z  486.228  -5.382  13.151  1.76817E-15  SWARM-A  16.177  185.287
2023-09-20T15:12:00Z  486.673  -7.300  13.115  1.76126E-15  SWARM-A  16.183  187.195
2023-09-20T15:12:30Z  487.154  -9.218  13.080  1.75273E-15  SWARM-A  16.189  189.103
2023-09-20T15:13:00Z  487.672  -11.135  13.046  1.74255E-15  SWARM-A  16.195  191.011
2023-09-20T15:13:30Z  488.225  -13.051  13.013  1.73063E-15  SWARM-A  16.201  192.919
2023-09-20T15:14:00Z  488.812  -14.967  12.982  1.71702E-15  SWARM-A  16.207  194.827
2023-09-20T15:14:30Z  489.430  -16.883  12.952  1.70171E-15  SWARM-A  16.214  196.734
2023-09-20T15:15:00Z  490.079  -18.798  12.924  1.68474E-15  SWARM-A  16.220  198.642
2023-09-20T15:15:30Z  490.755  -20.712  12.898  1.66613E-15  SWARM-A  16.227  200.549
2023-09-20T15:16:00Z  491.458  -22.625  12.875  1.64565E-15  SWARM-A  16.233  202.456
2023-09-20T15:16:30Z  492.184  -24.537  12.854  1.62354E-15  SWARM-A  16.240  204.362
2023-09-20T15:17:00Z  492.933  -26.449  12.837  1.59987E-15  SWARM-A  16.248  206.269
2023-09-20T15:17:30Z  493.700  -28.359  12.823  1.57481E-15  SWARM-A  16.255  208.175
2023-09-20T15:18:00Z  494.484  -30.269  12.814  1.54843E-15  SWARM-A  16.263  210.082
2023-09-20T15:18:30Z  495.282  -32.178  12.809  1.52089E-15  SWARM-A  16.271  211.988
2023-09-20T15:19:00Z  496.092  -34.086  12.809  1.49228E-15  SWARM-A  16.279  213.894
2023-09-20T15:19:30Z  496.910  -35.993  12.815  1.46282E-15  SWARM-A  16.288  215.799
2023-09-20T15:20:00Z  497.734  -37.898  12.827  1.43262E-15  SWARM-A  16.297  217.705
2023-09-20T15:20:30Z  498.562  -39.803  12.847  1.40189E-15  SWARM-A  16.307  219.610
2023-09-20T15:21:00Z  499.389  -41.706  12.874  1.37030E-15  SWARM-A  16.317  221.516
2023-09-20T15:21:30Z  500.214  -43.609  12.911  1.33729E-15  SWARM-A  16.328  223.421
2023-09-20T15:22:00Z  501.033  -45.510  12.959  1.30433E-15  SWARM-A  16.339  225.326
2023-09-20T15:22:30Z  501.843  -47.410  13.018  1.27158E-15  SWARM-A  16.351  227.230
2023-09-20T15:23:00Z  502.642  -49.308  13.092  1.23914E-15  SWARM-A  16.365  229.135
2023-09-20T15:23:30Z  503.427  -51.206  13.181  1.20720E-15  SWARM-A  16.379  231.040
2023-09-20T15:24:00Z  504.195  -53.102  13.288  1.17587E-15  SWARM-A  16.394  232.944
2023-09-20T15:24:30Z  504.943  -54.996  13.417  1.14526E-15  SWARM-A  16.411  234.848
2023-09-20T15:25:00Z  505.668  -56.890  13.571  1.11599E-15  SWARM-A  16.430  236.752
2023-09-20T15:25:30Z  506.368  -58.781  13.754  1.08855E-15  SWARM-A  16.450  238.656
2023-09-20T15:26:00Z  507.040  -60.672  13.973  1.06196E-15  SWARM-A  16.473  240.560
2023-09-20T15:26:30Z  507.682  -62.560  14.235  1.03627E-15  SWARM-A  16.499  242.464
2023-09-20T15:27:00Z  508.292  -64.446  14.549  1.01147E-15  SWARM-A  16.528  244.368
2023-09-20T15:27:30Z  508.867  -66.331  14.928  9.87610E-16  SWARM-A  16.562  246.271
2023-09-20T15:28:00Z  509.405  -68.212  15.389  9.64654E-16  SWARM-A  16.601  248.175
2023-09-20T15:28:30Z  509.904  -70.091  15.954  9.42027E-16  SWARM-A  16.647  250.078
2023-09-20T15:29:00Z  510.362  -71.966  16.656  9.19238E-16  SWARM-A  16.702  251.982
2023-09-20T15:29:30Z  510.777  -73.836  17.543  8.97242E-16  SWARM-A  16.770  253.885
2023-09-20T15:30:00Z  511.149  -75.699  18.686  8.75948E-16  SWARM-A  16.854  255.788
2023-09-20T15:30:30Z  511.475  -77.554  20.199  8.55327E-16  SWARM-A  16.963  257.691
2023-09-20T15:31:00Z  511.755  -79.395  22.272  8.35273E-16  SWARM-A  17.110  259.595
2023-09-20T15:31:30Z  511.987  -81.214  25.249  8.15736E-16  SWARM-A  17.317  261.498
2023-09-20T15:32:00Z  512.171  -82.994  29.807  7.96404E-16  SWARM-A  17.629  263.401
2023-09-20T15:32:30Z  512.305  -84.697  37.437  7.77477E-16  SWARM-A  18.146  265.304
2023-09-20T15:33:00Z  512.389  -86.218  51.759  7.58962E-16  SWARM-A  19.109  267.207
2023-09-20T15:33:30Z  512.424  -87.235  80.189  7.40719E-16  SWARM-A  21.013  269.110
2023-09-20T15:34:00Z  512.408  -87.149  119.400  7.23045E-16  SWARM-A  23.635  271.013
2023-09-20T15:34:30Z  512.342  -86.029  145.477  7.06649E-16  SWARM-A  1.382  272.916
2023-09-20T15:35:00Z  512.226  -84.473  158.534  6.91111E-16  SWARM-A  2.261  274.819
2023-09-20T15:35:30Z  512.061  -82.755  165.602  6.76190E-16  SWARM-A  2.740  276.722
2023-09-20T15:36:00Z  511.847  -80.968  169.883  6.61736E-16  SWARM-A  3.034  278.625
2023-09-20T15:36:30Z  511.584  -79.145  172.708  6.47686E-16  SWARM-A  3.231  280.529
2023-09-20T15:37:00Z  511.275  -77.302  174.689  6.34024E-16  SWARM-A  3.371  282.432
2023-09-20T15:37:30Z  510.919  -75.446  176.143  6.20707E-16  SWARM-A  3.476  284.335
2023-09-20T15:38:00Z  510.518  -73.581  177.245  6.07779E-16  SWARM-A  3.558  286.238
2023-09-20T15:38:30Z  510.074  -71.710  178.104  5.95172E-16  SWARM-A  3.624  288.142
2023-09-20T15:39:00Z  509.589  -69.835  178.785  5.82710E-16  SWARM-A  3.678  290.045
2023-09-20T15:39:30Z  509.063  -67.955  179.334  5.70789E-16  SWARM-A  3.723  291.949
2023-09-20T15:40:00Z  508.499  -66.073  179.782  5.59511E-16  SWARM-A  3.761  293.853
2023-09-20T15:40:30Z  507.899  -64.189  -179.848  5.48898E-16  SWARM-A  3.794  295.756
2023-09-20T15:41:00Z  507.264  -62.302  -179.542  5.39029E-16  SWARM-A  3.822  297.660
2023-09-20T15:41:30Z  506.599  -60.413  -179.286  5.29727E-16  SWARM-A  3.848  299.564
2023-09-20T15:42:00Z  505.903  -58.522  -179.073  5.21060E-16  SWARM-A  3.870  301.468
2023-09-20T15:42:30Z  505.181  -56.630  -178.893  5.12973E-16  SWARM-A  3.891  303.373
2023-09-20T15:43:00Z  504.435  -54.737  -178.743  5.05326E-16  SWARM-A  3.909  305.277
2023-09-20T15:43:30Z  503.666  -52.842  -178.618  4.98044E-16  SWARM-A  3.926  307.181
2023-09-20T15:44:00Z  502.879  -50.945  -178.513  4.91099E-16  SWARM-A  3.941  309.086
2023-09-20T15:44:30Z  502.076  -49.047  -178.426  4.84503E-16  SWARM-A  3.955  310.991
2023-09-20T15:45:00Z  501.259  -47.148  -178.355  4.78214E-16  SWARM-A  3.968  312.896
2023-09-20T15:45:30Z  500.432  -45.248  -178.297  4.72363E-16  SWARM-A  3.980  314.801
2023-09-20T15:46:00Z  499.598  -43.346  -178.251  4.66940E-16  SWARM-A  3.992  316.706
2023-09-20T15:46:30Z  498.758  -41.444  -178.215  4.62077E-16  SWARM-A  4.003  318.611
2023-09-20T15:47:00Z  497.917  -39.540  -178.189  4.57717E-16  SWARM-A  4.013  320.517
2023-09-20T15:47:30Z  497.077  -37.635  -178.170  4.53855E-16  SWARM-A  4.022  322.423
2023-09-20T15:48:00Z  496.241  -35.728  -178.159  4.50600E-16  SWARM-A  4.031  324.328
2023-09-20T15:48:30Z  495.412  -33.821  -178.154  4.47911E-16  SWARM-A  4.040  326.235
2023-09-20T15:49:00Z  494.593  -31.913  -178.154  4.45835E-16  SWARM-A  4.048  328.141
2023-09-20T15:49:30Z  493.786  -30.004  -178.160  4.44382E-16  SWARM-A  4.056  330.047
2023-09-20T15:50:00Z  492.994  -28.094  -178.170  4.43510E-16  SWARM-A  4.064  331.954
2023-09-20T15:50:30Z  492.219  -26.182  -178.184  4.43224E-16  SWARM-A  4.071  333.861
2023-09-20T15:51:00Z  491.465  -24.270  -178.202  4.43510E-16  SWARM-A  4.078  335.768
2023-09-20T15:51:30Z  490.734  -22.357  -178.223  4.44349E-16  SWARM-A  4.085  337.675
2023-09-20T15:52:00Z  490.027  -20.444  -178.246  4.45724E-16  SWARM-A  4.092  339.582
2023-09-20T15:52:30Z  489.347  -18.529  -178.272  4.47640E-16  SWARM-A  4.099  341.490
2023-09-20T15:53:00Z  488.697  -16.614  -178.301  4.50040E-16  SWARM-A  4.105  343.397
2023-09-20T15:53:30Z  488.077  -14.698  -178.331  4.52890E-16  SWARM-A  4.112  345.305
2023-09-20T15:54:00Z  487.490  -12.782  -178.363  4.56194E-16  SWARM-A  4.118  347.213
2023-09-20T15:54:30Z  486.938  -10.865  -178.396  4.59894E-16  SWARM-A  4.124  349.121
2023-09-20T15:55:00Z  486.421  -8.947  -178.430  4.63970E-16  SWARM-A  4.130  351.030
2023-09-20T15:55:30Z  485.942  -7.029  -178.465  4.68372E-16  SWARM-A  4.136  352.939
2023-09-20T15:56:00Z  485.501  -5.111  -178.501  4.73085E-16  SWARM-A  4.142  354.847
2023-09-20T15:56:30Z  485.099  -3.192  -178.538  4.78124E-16  SWARM-A  4.148  356.756
2023-09-20T15:57:00Z  484.737  -1.273  -178.574  4.83439E-16  SWARM-A  4.154  358.665
2023-09-20T15:57:30Z  484.416  0.646  -178.611  4.88960E-16  SWARM-A  4.160  0.575
2023-09-20T15:58:00Z  484.135  2.566  -178.648  4.94667E-16  SWARM-A  4.165  2.484
2023-09-20T15:58:30Z  483.896  4.485  -178.685  5.00532E-16  SWARM-A  4.171  4.394
2023-09-20T15:59:00Z  483.698  6.405  -178.721  5.06535E-16  SWARM-A  4.177  6.304
2023-09-20T15:59:30Z  483.541  8.324  -178.756  5.12689E-16  SWARM-A  4.183  8.214
2023-09-20T16:00:00Z  483.425  10.243  -178.791  5.18956E-16  SWARM-A  4.189  10.124
2023-09-20T16:00:30Z  483.349  12.163  -178.824  5.25339E-16  SWARM-A  4.195  12.034
2023-09-20T16:01:00Z  483.313  14.082  -178.857  5.31862E-16  SWARM-A  4.202  13.945
2023-09-20T16:01:30Z  483.315  16.001  -178.887  5.38519E-16  SWARM-A  4.208  15.855
2023-09-20T16:02:00Z  483.355  17.919  -178.916  5.45349E-16  SWARM-A  4.214  17.766
2023-09-20T16:02:30Z  483.431  19.837  -178.943  5.52382E-16  SWARM-A  4.221  19.677
2023-09-20T16:03:00Z  483.542  21.755  -178.967  5.59623E-16  SWARM-A  4.228  21.588
2023-09-20T16:03:30Z  483.687  23.672  -178.988  5.67092E-16  SWARM-A  4.234  23.500
2023-09-20T16:04:00Z  483.864  25.589  -179.007  5.74819E-16  SWARM-A  4.242  25.411
2023-09-20T16:04:30Z  484.072  27.505  -179.022  5.82722E-16  SWARM-A  4.249  27.322
2023-09-20T16:05:00Z  484.307  29.420  -179.033  5.90987E-16  SWARM-A  4.256  29.234
2023-09-20T16:05:30Z  484.570  31.335  -179.040  5.99637E-16  SWARM-A  4.264  31.146
2023-09-20T16:06:00Z  484.856  33.249  -179.041  6.08598E-16  SWARM-A  4.273  33.058
2023-09-20T16:06:30Z  485.165  35.163  -179.038  6.17943E-16  SWARM-A  4.281  34.970
2023-09-20T16:07:00Z  485.494  37.075  -179.028  6.27692E-16  SWARM-A  4.290  36.882
2023-09-20T16:07:30Z  485.841  38.987  -179.011  6.37391E-16  SWARM-A  4.300  38.794
2023-09-20T16:08:00Z  486.203  40.898  -178.987  6.47046E-16  SWARM-A  4.310  40.706
2023-09-20T16:08:30Z  486.578  42.808  -178.953  6.56991E-16  SWARM-A  4.320  42.619
2023-09-20T16:09:00Z  486.964  44.717  -178.909  6.67272E-16  SWARM-A  4.331  44.531
2023-09-20T16:09:30Z  487.357  46.626  -178.854  6.77934E-16  SWARM-A  4.343  46.444
2023-09-20T16:10:00Z  487.756  48.533  -178.786  6.88960E-16  SWARM-A  4.356  48.356
2023-09-20T16:10:30Z  488.159  50.439  -178.703  7.00430E-16  SWARM-A  4.370  50.269
2023-09-20T16:11:00Z  488.562  52.344  -178.602  7.12258E-16  SWARM-A  4.385  52.182
2023-09-20T16:11:30Z  488.963  54.248  -178.481  7.24430E-16  SWARM-A  4.402  54.095
2023-09-20T16:12:00Z  489.360  56.150  -178.337  7.37025E-16  SWARM-A  4.420  56.008
2023-09-20T16:12:30Z  489.751  58.052  -178.164  7.50050E-16  SWARM-A  4.439  57.921
2023-09-20T16:13:00Z  490.133  59.951  -177.958  7.62999E-16  SWARM-A  4.462  59.834
2023-09-20T16:13:30Z  490.504  61.850  -177.711  7.76366E-16  SWARM-A  4.486  61.747
2023-09-20T16:14:00Z  490.862  63.746  -177.416  7.90150E-16  SWARM-A  4.514  63.661
2023-09-20T16:14:30Z  491.204  65.641  -177.060  8.04278E-16  SWARM-A  4.546  65.574
2023-09-20T16:15:00Z  491.530  67.533  -176.629  8.18672E-16  SWARM-A  4.583  67.487
2023-09-20T16:15:30Z  491.837  69.423  -176.101  8.31510E-16  SWARM-A  4.627  69.401
2023-09-20T16:16:00Z  492.124  71.309  -175.448  8.44581E-16  SWARM-A  4.679  71.314
2023-09-20T16:16:30Z  492.388  73.191  -174.627  8.58029E-16  SWARM-A  4.742  73.227
2023-09-20T16:17:00Z  492.629  75.067  -173.576  8.71964E-16  SWARM-A  4.820  75.141
2023-09-20T16:17:30Z  492.845  76.935  -172.197  8.86527E-16  SWARM-A  4.921  77.054
2023-09-20T16:18:00Z  493.036  78.791  -170.328  9.03427E-16  SWARM-A  5.054  78.968
2023-09-20T16:18:30Z  493.199  80.628  -167.684  9.21119E-16  SWARM-A  5.238  80.881
2023-09-20T16:19:00Z  493.334  82.433  -163.719  9.39564E-16  SWARM-A  5.511  82.795
2023-09-20T16:19:30Z  493.441  84.177  -157.272  9.58825E-16  SWARM-A  5.949  84.708
2023-09-20T16:20:00Z  493.518  85.783  -145.572  9.78692E-16  SWARM-A  6.737  86.622
2023-09-20T16:20:30Z  493.566  87.017  -122.150  9.97142E-16  SWARM-A  8.307  88.535
2023-09-20T16:21:00Z  493.584  87.310  -83.523  1.01667E-15  SWARM-A  10.891  90.449
2023-09-20T16:21:30Z  493.573  86.422  -52.186  1.03780E-15  SWARM-A  12.988  92.362
2023-09-20T16:22:00Z  493.532  84.940  -36.184  1.05973E-15  SWARM-A  14.063  94.276
2023-09-20T16:22:30Z  493.461  83.246  -27.833  1.08229E-15  SWARM-A  14.628  96.189
2023-09-20T16:23:00Z  493.361  81.463  -22.934  1.10505E-15  SWARM-A  14.963  98.103
2023-09-20T16:23:30Z  493.233  79.638  -19.776  1.12820E-15  SWARM-A  15.182  100.016
2023-09-20T16:24:00Z  493.077  77.790  -17.597  1.15206E-15  SWARM-A  15.336  101.930
2023-09-20T16:24:30Z  492.895  75.927  -16.018  1.17646E-15  SWARM-A  15.449  103.843
2023-09-20T16:25:00Z  492.687  74.054  -14.831  1.20133E-15  SWARM-A  15.537  105.757
2023-09-20T16:25:30Z  492.454  72.175  -13.914  1.22634E-15  SWARM-A  15.606  107.670
2023-09-20T16:26:00Z  492.198  70.291  -13.190  1.25141E-15  SWARM-A  15.663  109.583
2023-09-20T16:26:30Z  491.921  68.403  -12.609  1.27625E-15  SWARM-A  15.710  111.497
2023-09-20T16:27:00Z  491.624  66.512  -12.136  1.30074E-15  SWARM-A  15.750  113.410
2023-09-20T16:27:30Z  491.308  64.618  -11.748  1.32486E-15  SWARM-A  15.784  115.323
2023-09-20T16:28:00Z  490.976  62.723  -11.426  1.34869E-15  SWARM-A  15.814  117.236
2023-09-20T16:28:30Z  490.629  60.825  -11.159  1.37213E-15  SWARM-A  15.840  119.149
2023-09-20T16:29:00Z  490.270  58.926  -10.935  1.39509E-15  SWARM-A  15.863  121.062
2023-09-20T16:29:30Z  489.901  57.026  -10.748  1.41710E-15  SWARM-A  15.884  122.975
2023-09-20T16:30:00Z  489.524  55.124  -10.591  1.43750E-15  SWARM-A  15.903  124.888
2023-09-20T16:30:30Z  489.141  53.221  -10.459  1.45692E-15  SWARM-A  15.920  126.800
2023-09-20T16:31:00Z  488.754  51.317  -10.350  1.47531E-15  SWARM-A  15.935  128.713
2023-09-20T16:31:30Z  488.367  49.411  -10.259  1.49262E-15  SWARM-A  15.950  130.626
2023-09-20T16:32:00Z  487.981  47.505  -10.184  1.50889E-15  SWARM-A  15.963  132.538
2023-09-20T16:32:30Z  487.599  45.597  -10.123  1.52420E-15  SWARM-A  15.976  134.451
2023-09-20T16:33:00Z  487.223  43.689  -10.074  1.53858E-15  SWARM-A  15.987  136.363
2023-09-20T16:33:30Z  486.856  41.780  -10.036  1.55212E-15  SWARM-A  15.998  138.275
2023-09-20T16:34:00Z  486.500  39.869  -10.008  1.56484E-15  SWARM-A  16.008  140.187
2023-09-20T16:34:30Z  486.158  37.958  -9.988  1.57690E-15  SWARM-A  16.018  142.099
2023-09-20T16:35:00Z  485.832  36.046  -9.975  1.58839E-15  SWARM-A  16.027  144.011
2023-09-20T16:35:30Z  485.524  34.133  -9.968  1.59933E-15  SWARM-A  16.036  145.923
2023-09-20T16:36:00Z  485.236  32.220  -9.968  1.60989E-15  SWARM-A  16.044  147.835
2023-09-20T16:36:30Z  484.971  30.306  -9.972  1.62009E-15  SWARM-A  16.052  149.746
2023-09-20T16:37:00Z  484.731  28.391  -9.982  1.62995E-15  SWARM-A  16.060  151.657
2023-09-20T16:37:30Z  484.518  26.475  -9.995  1.63950E-15  SWARM-A  16.067  153.569
2023-09-20T16:38:00Z  484.334  24.559  -10.012  1.64877E-15  SWARM-A  16.075  155.480
2023-09-20T16:38:30Z  484.180  22.642  -10.032  1.65771E-15  SWARM-A  16.082  157.391
2023-09-20T16:39:00Z  484.058  20.725  -10.055  1.66630E-15  SWARM-A  16.088  159.302
2023-09-20T16:39:30Z  483.970  18.808  -10.080  1.67451E-15  SWARM-A  16.095  161.212
2023-09-20T16:40:00Z  483.917  16.890  -10.108  1.68229E-15  SWARM-A  16.102  163.123
2023-09-20T16:40:30Z  483.900  14.971  -10.138  1.68951E-15  SWARM-A  16.108  165.033
2023-09-20T16:41:00Z  483.921  13.053  -10.170  1.69611E-15  SWARM-A  16.114  166.944
2023-09-20T16:41:30Z  483.981  11.134  -10.202  1.70198E-15  SWARM-A  16.120  168.854
2023-09-20T16:42:00Z  484.079  9.215  -10.237  1.70704E-15  SWARM-A  16.126  170.764
2023-09-20T16:42:30Z  484.217  7.296  -10.272  1.71121E-15  SWARM-A  16.132  172.673
2023-09-20T16:43:00Z  484.395  5.377  -10.307  1.71440E-15  SWARM-A  16.138  174.583
2023-09-20T16:43:30Z  484.614  3.457  -10.344  1.71657E-15  SWARM-A  16.144  176.492
2023-09-20T16:44:00Z  484.873  1.538  -10.381  1.71762E-15  SWARM-A  16.150  178.402
2023-09-20T16:44:30Z  485.173  -0.381  -10.418  1.71745E-15  SWARM-A  16.156  180.311
2023-09-20T16:45:00Z  485.512  -2.300  -10.455  1.71609E-15  SWARM-A  16.162  182.220
2023-09-20T16:45:30Z  485.891  -4.218  -10.491  1.71346E-15  SWARM-A  16.168  184.128
2023-09-20T16:46:00Z  486.309  -6.136  -10.527  1.70954E-15  SWARM-A  16.174  186.037
2023-09-20T16:46:30Z  486.765  -8.054  -10.563  1.70424E-15  SWARM-A  16.180  187.945
2023-09-20T16:47:00Z  487.259  -9.972  -10.598  1.69748E-15  SWARM-A  16.186  189.853
2023-09-20T16:47:30Z  487.788  -11.889  -10.632  1.68840E-15  SWARM-A  16.192  191.761
2023-09-20T16:48:00Z  488.351  -13.805  -10.664  1.67758E-15  SWARM-A  16.198  193.669
2023-09-20T16:48:30Z  488.948  -15.721  -10.695  1.66516E-15  SWARM-A  16.204  195.577
2023-09-20T16:49:00Z  489.576  -17.636  -10.724  1.65123E-15  SWARM-A  16.211  197.484
2023-09-20T16:49:30Z  490.233  -19.551  -10.751  1.63571E-15  SWARM-A  16.217  199.392
2023-09-20T16:50:00Z  490.918  -21.464  -10.776  1.61862E-15  SWARM-A  16.224  201.299
2023-09-20T16:50:30Z  491.628  -23.377  -10.798  1.60006E-15  SWARM-A  16.231  203.206
2023-09-20T16:51:00Z  492.362  -25.289  -10.818  1.58004E-15  SWARM-A  16.238  205.113
2023-09-20T16:51:30Z  493.116  -27.201  -10.833  1.55870E-15  SWARM-A  16.245  207.019
2023-09-20T16:52:00Z  493.889  -29.111  -10.845  1.53602E-15  SWARM-A  16.253  208.926
2023-09-20T16:52:30Z  494.678  -31.021  -10.853  1.51209E-15  SWARM-A  16.260  210.832
2023-09-20T16:53:00Z  495.480  -32.929  -10.856  1.48701E-15  SWARM-A  16.268  212.738
2023-09-20T16:53:30Z  496.292  -34.836  -10.854  1.46091E-15  SWARM-A  16.277  214.644
2023-09-20T16:54:00Z  497.112  -36.743  -10.846  1.43374E-15  SWARM-A  16.286  216.549
2023-09-20T16:54:30Z  497.937  -38.648  -10.831  1.40523E-15  SWARM-A  16.295  218.455
2023-09-20T16:55:00Z  498.764  -40.552  -10.808  1.37615E-15  SWARM-A  16.305  220.360
2023-09-20T16:55:30Z  499.591  -42.455  -10.777  1.34668E-15  SWARM-A  16.315  222.266
2023-09-20T16:56:00Z  500.413  -44.357  -10.736  1.31700E-15  SWARM-A  16.326  224.171
2023-09-20T16:56:30Z  501.229  -46.258  -10.684  1.28708E-15  SWARM-A  16.338  226.076
2023-09-20T16:57:00Z  502.035  -48.158  -10.619  1.25443E-15  SWARM-A  16.351  227.980
2023-09-20T16:57:30Z  502.829  -50.056  -10.540  1.22211E-15  SWARM-A  16.365  229.885
2023-09-20T16:58:00Z  503.608  -51.953  -10.444  1.19027E-15  SWARM-A  16.379  231.790
2023-09-20T16:58:30Z  504.368  -53.848  -10.329  1.15894E-15  SWARM-A  16.395  233.694
2023-09-20T16:59:00Z  505.107  -55.743  -10.191  1.12906E-15  SWARM-A  16.413  235.598
2023-09-20T16:59:30Z  505.823  -57.635  -10.026  1.10159E-15  SWARM-A  16.432  237.502
2023-09-20T17:00:00Z  506.513  -59.526  -9.829  1.07457E-15  SWARM-A  16.454  239.407
2023-09-20T17:00:30Z  507.175  -61.416  -9.594  1.04823E-15  SWARM-A  16.478  241.310
2023-09-20T17:01:00Z  507.805  -63.304  -9.313  1.02258E-15  SWARM-A  16.505  243.214
2023-09-20T17:01:30Z  508.402  -65.189  -8.975  9.95523E-16  SWARM-A  16.536  245.118
2023-09-20T17:02:00Z  508.963  -67.073  -8.566  9.68670E-16  SWARM-A  16.571  247.022
2023-09-20T17:02:30Z  509.487  -68.953  -8.068  9.42602E-16  SWARM-A  16.613  248.925
2023-09-20T17:03:00Z  509.972  -70.831  -7.453  9.17266E-16  SWARM-A  16.662  250.829
2023-09-20T17:03:30Z  510.415  -72.704  -6.685  8.92463E-16  SWARM-A  16.722  252.732
2023-09-20T17:04:00Z  510.815  -74.572  -5.708  8.67914E-16  SWARM-A  16.795  254.635
2023-09-20T17:04:30Z  511.171  -76.432  -4.436  8.44040E-16  SWARM-A  16.888  256.539
2023-09-20T17:05:00Z  511.481  -78.282  -2.731  8.20682E-16  SWARM-A  17.010  258.442
2023-09-20T17:05:30Z  511.744  -80.116  -0.356  7.97747E-16  SWARM-A  17.177  260.345
2023-09-20T17:06:00Z  511.959  -81.922  3.135  7.75272E-16  SWARM-A  17.418  262.248
2023-09-20T17:06:30Z  512.125  -83.679  8.651  7.53175E-16  SWARM-A  17.794  264.151
2023-09-20T17:07:00Z  512.243  -85.330  18.293  7.31427E-16  SWARM-A  18.445  266.055
2023-09-20T17:07:30Z  512.310  -86.710  37.163  7.09951E-16  SWARM-A  19.711  267.958
2023-09-20T17:08:00Z  512.327  -87.358  72.134  6.88493E-16  SWARM-A  22.051  269.861
2023-09-20T17:08:30Z  512.295  -86.793  108.144  6.67543E-16  SWARM-A  0.460  271.764
2023-09-20T17:09:00Z  512.212  -85.445  128.035  6.48547E-16  SWARM-A  1.795  273.667
2023-09-20T17:09:30Z  512.079  -83.807  138.136  6.32219E-16  SWARM-A  2.476  275.570
2023-09-20T17:10:00Z  511.898  -82.056  143.865  6.16892E-16  SWARM-A  2.867  277.473
2023-09-20T17:10:30Z  511.667  -80.252  147.467  6.02284E-16  SWARM-A  3.115  279.376
2023-09-20T17:11:00Z  511.389  -78.419  149.907  5.88412E-16  SWARM-A  3.286  281.280
2023-09-20T17:11:30Z  511.064  -76.570  151.652  5.75188E-16  SWARM-A  3.411  283.183
2023-09-20T17:12:00Z  510.694  -74.711  152.950  5.62583E-16  SWARM-A  3.506  285.086
2023-09-20T17:12:30Z  510.280  -72.843  153.946  5.50572E-16  SWARM-A  3.580  286.990
2023-09-20T17:13:00Z  509.822  -70.970  154.728  5.39060E-16  SWARM-A  3.641  288.893
2023-09-20T17:13:30Z  509.324  -69.093  155.352  5.28126E-16  SWARM-A  3.691  290.797
2023-09-20T17:14:00Z  508.787  -67.213  155.858  5.17739E-16  SWARM-A  3.733  292.700
2023-09-20T17:14:30Z  508.212  -65.329  156.273  5.07907E-16  SWARM-A  3.769  294.604
2023-09-20T17:15:00Z  507.601  -63.444  156.616  4.98674E-16  SWARM-A  3.800  296.508
2023-09-20T17:15:30Z  506.958  -61.556  156.901  4.89973E-16  SWARM-A  3.827  298.412
2023-09-20T17:16:00Z  506.284  -59.667  157.139  4.81859E-16  SWARM-A  3.852  300.316
2023-09-20T17:16:30Z  505.581  -57.775  157.338  4.74285E-16  SWARM-A  3.873  302.220
2023-09-20T17:17:00Z  504.852  -55.883  157.505  4.67357E-16  SWARM-A  3.893  304.124
2023-09-20T17:17:30Z  504.100  -53.988  157.645  4.61121E-16  SWARM-A  3.910  306.029
2023-09-20T17:18:00Z  503.328  -52.093  157.762  4.55510E-16  SWARM-A  3.926  307.933
2023-09-20T17:18:30Z  502.538  -50.196  157.860  4.50484E-16  SWARM-A  3.941  309.838
2023-09-20T17:19:00Z  501.732  -48.297  157.940  4.45974E-16  SWARM-A  3.955  311.743
2023-09-20T17:19:30Z  500.915  -46.398  158.006  4.41867E-16  SWARM-A  3.968  313.648
2023-09-20T17:20:00Z  500.088  -44.497  158.059  4.38154E-16  SWARM-A  3.980  315.553
2023-09-20T17:20:30Z  499.254  -42.595  158.100  4.34786E-16  SWARM-A  3.991  317.458
2023-09-20T17:21:00Z  498.418  -40.692  158.132  4.31810E-16  SWARM-A  4.001  319.364
2023-09-20T17:21:30Z  497.580  -38.787  158.155  4.29253E-16  SWARM-A  4.011  321.269
2023-09-20T17:22:00Z  496.746  -36.882  158.171  4.27151E-16  SWARM-A  4.020  323.175
2023-09-20T17:22:30Z  495.916  -34.975  158.180  4.25405E-16  SWARM-A  4.029  325.081
2023-09-20T17:23:00Z  495.094  -33.068  158.182  4.24218E-16  SWARM-A  4.038  326.987
2023-09-20T17:23:30Z  494.283  -31.159  158.180  4.23481E-16  SWARM-A  4.046  328.894
2023-09-20T17:24:00Z  493.486  -29.249  158.172  4.23217E-16  SWARM-A  4.054  330.800
2023-09-20T17:24:30Z  492.705  -27.339  158.161  4.23412E-16  SWARM-A  4.061  332.707
2023-09-20T17:25:00Z  491.942  -25.427  158.145  4.24003E-16  SWARM-A  4.069  334.614
2023-09-20T17:25:30Z  491.201  -23.515  158.126  4.25003E-16  SWARM-A  4.076  336.521
2023-09-20T17:26:00Z  490.483  -21.602  158.104  4.26375E-16  SWARM-A  4.083  338.428
2023-09-20T17:26:30Z  489.791  -19.688  158.079  4.28097E-16  SWARM-A  4.089  340.335
2023-09-20T17:27:00Z  489.126  -17.773  158.053  4.30146E-16  SWARM-A  4.096  342.243
2023-09-20T17:27:30Z  488.492  -15.858  158.023  4.32503E-16  SWARM-A  4.102  344.151
2023-09-20T17:28:00Z  487.889  -13.941  157.993  4.34906E-16  SWARM-A  4.109  346.059
2023-09-20T17:28:30Z  487.320  -12.025  157.960  4.37484E-16  SWARM-A  4.115  347.967
2023-09-20T17:29:00Z  486.785  -10.108  157.927  4.40176E-16  SWARM-A  4.121  349.875
2023-09-20T17:29:30Z  486.287  -8.190  157.892  4.42978E-16  SWARM-A  4.127  351.783
2023-09-20T17:30:00Z  485.826  -6.272  157.856  4.45892E-16  SWARM-A  4.133  353.692
2023-09-20T17:30:30Z  485.404  -4.353  157.820  4.48873E-16  SWARM-A  4.139  355.601
2023-09-20T17:31:00Z  485.021  -2.434  157.784  4.51856E-16  SWARM-A  4.145  357.510
2023-09-20T17:31:30Z  484.678  -0.515  157.747  4.54820E-16  SWARM-A  4.150  359.419
2023-09-20T17:32:00Z  484.376  1.404  157.710  4.57742E-16  SWARM-A  4.156  1.329
2023-09-20T17:32:30Z  484.114  3.323  157.673  4.60533E-16  SWARM-A  4.162  3.238
2023-09-20T17:33:00Z  483.894  5.243  157.637  4.62932E-16  SWARM-A  4.168  5.148
2023-09-20T17:33:30Z  483.715  7.162  157.601  4.65284E-16  SWARM-A  4.174  7.058
2023-09-20T17:34:00Z  483.576  9.082  157.566  4.67619E-16  SWARM-A  4.180  8.968
2023-09-20T17:34:30Z  483.478  11.001  157.531  4.69944E-16  SWARM-A  4.186  10.878
2023-09-20T17:35:00Z  483.419  12.920  157.498  4.72307E-16  SWARM-A  4.192  12.788
2023-09-20T17:35:30Z  483.400  14.839  157.467  4.74732E-16  SWARM-A  4.199  14.699
2023-09-20T17:36:00Z  483.419  16.758  157.437  4.77254E-16  SWARM-A  4.205  16.609
2023-09-20T17:36:30Z  483.475  18.676  157.409  4.79902E-16  SWARM-A  4.211  18.520
2023-09-20T17:37:00Z  483.566  20.594  157.383  4.82721E-16  SWARM-A  4.218  20.431
2023-09-20T17:37:30Z  483.692  22.511  157.360  4.85809E-16  SWARM-A  4.225  22.342
2023-09-20T17:38:00Z  483.851  24.428  157.340  4.89152E-16  SWARM-A  4.232  24.254
2023-09-20T17:38:30Z  484.041  26.345  157.323  4.92846E-16  SWARM-A  4.239  26.165
2023-09-20T17:39:00Z  484.261  28.261  157.309  4.96874E-16  SWARM-A  4.246  28.076
2023-09-20T17:39:30Z  484.508  30.176  157.300  5.01295E-16  SWARM-A  4.254  29.988
2023-09-20T17:40:00Z  484.781  32.090  157.295  5.06214E-16  SWARM-A  4.262  31.900
2023-09-20T17:40:30Z  485.077  34.004  157.295  5.11664E-16  SWARM-A  4.270  33.812
2023-09-20T17:41:00Z  485.394  35.917  157.301  5.17587E-16  SWARM-A  4.279  35.724
2023-09-20T17:41:30Z  485.731  37.829  157.313  5.24023E-16  SWARM-A  4.288  37.636
2023-09-20T17:42:00Z  486.084  39.741  157.333  5.30913E-16  SWARM-A  4.298  39.548
2023-09-20T17:42:30Z  486.451  41.651  157.361  5.38294E-16  SWARM-A  4.308  41.460
2023-09-20T17:43:00Z  486.831  43.561  157.398  5.46192E-16  SWARM-A  4.319  43.373
2023-09-20T17:43:30Z  487.219  45.470  157.446  5.54529E-16  SWARM-A  4.330  45.285
2023-09-20T17:44:00Z  487.615  47.377  157.506  5.63269E-16  SWARM-A  4.343  47.198
2023-09-20T17:44:30Z  488.015  49.284  157.580  5.72460E-16  SWARM-A  4.356  49.110
2023-09-20T17:45:00Z  488.417  51.190  157.670  5.82088E-16  SWARM-A  4.370  51.023
2023-09-20T17:45:30Z  488.818  53.094  157.778  5.92234E-16  SWARM-A  4.386  52.936
2023-09-20T17:46:00Z  489.217  54.998  157.908  6.02775E-16  SWARM-A  4.403  54.849
2023-09-20T17:46:30Z  489.611  56.900  158.063  6.13797E-16  SWARM-A  4.422  56.762
2023-09-20T17:47:00Z  489.996  58.800  158.248  6.25347E-16  SWARM-A  4.442  58.675
2023-09-20T17:47:30Z  490.373  60.699  158.469  6.37455E-16  SWARM-A  4.465  60.588
2023-09-20T17:48:00Z  490.737  62.597  158.733  6.50151E-16  SWARM-A  4.491  62.501
2023-09-20T17:48:30Z  491.087  64.493  159.051  6.63381E-16  SWARM-A  4.521  64.414
2023-09-20T17:49:00Z  491.421  66.387  159.434  6.77031E-16  SWARM-A  4.555  66.327
2023-09-20T17:49:30Z  491.737  68.278  159.901  6.91027E-16  SWARM-A  4.594  68.241
2023-09-20T17:50:00Z  492.034  70.166  160.474  7.05331E-16  SWARM-A  4.641  70.154
2023-09-20T17:50:30Z  492.310  72.050  161.187  7.19998E-16  SWARM-A  4.697  72.067
2023-09-20T17:51:00Z  492.562  73.930  162.089  7.35110E-16  SWARM-A  4.765  73.981
2023-09-20T17:51:30Z  492.791  75.803  163.255  7.50808E-16  SWARM-A  4.851  75.894
2023-09-20T17:52:00Z  492.994  77.667  164.802  7.67120E-16  SWARM-A  4.963  77.808
2023-09-20T17:52:30Z  493.171  79.517  166.932  7.84079E-16  SWARM-A  5.113  79.721
2023-09-20T17:53:00Z  493.320  81.344  170.008  8.01823E-16  SWARM-A  5.326  81.635
2023-09-20T17:53:30Z  493.441  83.130  174.754  8.20359E-16  SWARM-A  5.651  83.548
2023-09-20T17:54:00Z  493.533  84.833  -177.212  8.39635E-16  SWARM-A  6.195  85.462
2023-09-20T17:54:30Z  493.595  86.336  -161.932  8.59560E-16  SWARM-A  7.222  87.375
2023-09-20T17:55:00Z  493.628  87.284  -131.742  8.80216E-16  SWARM-A  9.243  89.289
2023-09-20T17:55:30Z  493.632  87.074  -92.686  9.02216E-16  SWARM-A  11.855  91.202
2023-09-20T17:56:00Z  493.605  85.880  -68.181  9.25415E-16  SWARM-A  13.497  93.116
2023-09-20T17:56:30Z  493.548  84.289  -55.961  9.49241E-16  SWARM-A  14.320  95.029
2023-09-20T17:57:00Z  493.463  82.551  -49.280  9.73631E-16  SWARM-A  14.774  96.943
2023-09-20T17:57:30Z  493.348  80.749  -45.199  9.98653E-16  SWARM-A  15.054  98.856
2023-09-20T17:58:00Z  493.205  78.913  -42.489  1.02428E-15  SWARM-A  15.243  100.769
2023-09-20T17:58:30Z  493.035  77.058  -40.580  1.05051E-15  SWARM-A  15.379  102.683
2023-09-20T17:59:00Z  492.839  75.191  -39.174  1.07724E-15  SWARM-A  15.481  104.596
2023-09-20T17:59:30Z  492.617  73.315  -38.105  1.10438E-15  SWARM-A  15.560  106.510
2023-09-20T18:00:00Z  492.372  71.434  -37.272  1.12952E-15  SWARM-A  15.624  108.423
2023-09-20T18:00:30Z  492.103  69.548  -36.609  1.15789E-15  SWARM-A  15.677  110.336
2023-09-20T18:01:00Z  491.814  67.659  -36.074  1.18609E-15  SWARM-A  15.721  112.249
2023-09-20T18:01:30Z  491.505  65.767  -35.637  1.21374E-15  SWARM-A  15.758  114.163
2023-09-20T18:02:00Z  491.179  63.873  -35.277  1.24045E-15  SWARM-A  15.791  116.076
2023-09-20T18:02:30Z  490.837  61.976  -34.978  1.26607E-15  SWARM-A  15.819  117.989
2023-09-20T18:03:00Z  490.481  60.078  -34.729  1.29067E-15  SWARM-A  15.844  119.902
2023-09-20T18:03:30Z  490.114  58.179  -34.520  1.31459E-15  SWARM-A  15.866  121.815
2023-09-20T18:04:00Z  489.738  56.278  -34.346  1.33848E-15  SWARM-A  15.886  123.728
2023-09-20T18:04:30Z  489.354  54.375  -34.199  1.36223E-15  SWARM-A  15.904  125.640
2023-09-20T18:05:00Z  488.965  52.472  -34.077  1.38579E-15  SWARM-A  15.921  127.553
2023-09-20T18:05:30Z  488.574  50.567  -33.975  1.40887E-15  SWARM-A  15.936  129.466
2023-09-20T18:06:00Z  488.183  48.661  -33.891  1.43119E-15  SWARM-A  15.950  131.378
2023-09-20T18:06:30Z  487.794  46.754  -33.822  1.45259E-15  SWARM-A  15.963  133.291
2023-09-20T18:07:00Z  487.410  44.847  -33.766  1.47317E-15  SWARM-A  15.975  135.203
2023-09-20T18:07:30Z  487.033  42.938  -33.722  1.49333E-15  SWARM-A  15.986  137.115
2023-09-20T18:08:00Z  486.666  41.028  -33.688  1.51262E-15  SWARM-A  15.997  139.028
2023-09-20T18:08:30Z  486.311  39.117  -33.662  1.53111E-15  SWARM-A  16.007  140.940
2023-09-20T18:09:00Z  485.970  37.206  -33.645  1.54882E-15  SWARM-A  16.016  142.852
2023-09-20T18:09:30Z  485.646  35.293  -33.635  1.56581E-15  SWARM-A  16.025  144.764
2023-09-20T18:10:00Z  485.342  33.380  -33.631  1.58212E-15  SWARM-A  16.034  146.675
2023-09-20T18:10:30Z  485.059  31.466  -33.632  1.59776E-15  SWARM-A  16.042  148.587
2023-09-20T18:11:00Z  484.799  29.552  -33.639  1.61275E-15  SWARM-A  16.050  150.498
2023-09-20T18:11:30Z  484.565  27.637  -33.650  1.62715E-15  SWARM-A  16.058  152.410
2023-09-20T18:12:00Z  484.359  25.721  -33.664  1.64093E-15  SWARM-A  16.065  154.321
2023-09-20T18:12:30Z  484.183  23.804  -33.683  1.65394E-15  SWARM-A  16.072  156.232
2023-09-20T18:13:00Z  484.037  21.888  -33.704  1.66559E-15  SWARM-A  16.079  158.143
2023-09-20T18:13:30Z  483.925  19.970  -33.728  1.67653E-15  SWARM-A  16.086  160.054
2023-09-20T18:14:00Z  483.847  18.052  -33.754  1.68674E-15  SWARM-A  16.092  161.965
2023-09-20T18:14:30Z  483.805  16.134  -33.783  1.69610E-15  SWARM-A  16.099  163.875
2023-09-20T18:15:00Z  483.800  14.216  -33.814  1.70461E-15  SWARM-A  16.105  165.786
2023-09-20T18:15:30Z  483.833  12.297  -33.846  1.71217E-15  SWARM-A  16.111  167.696
2023-09-20T18:16:00Z  483.905  10.378  -33.879  1.71872E-15  SWARM-A  16.117  169.606
2023-09-20T18:16:30Z  484.016  8.459  -33.913  1.72410E-15  SWARM-A  16.123  171.516
2023-09-20T18:17:00Z  484.168  6.540  -33.949  1.72834E-15  SWARM-A  16.129  173.426
2023-09-20T18:17:30Z  484.360  4.620  -33.985  1.73202E-15  SWARM-A  16.135  175.335
2023-09-20T18:18:00Z  484.593  2.701  -34.021  1.73429E-15  SWARM-A  16.141  177.245
2023-09-20T18:18:30Z  484.866  0.782  -34.058  1.73509E-15  SWARM-A  16.147  179.154
2023-09-20T18:19:00Z  485.180  -1.137  -34.095  1.73430E-15  SWARM-A  16.153  181.063
2023-09-20T18:19:30Z  485.533  -3.056  -34.132  1.73184E-15  SWARM-A  16.159  182.972
2023-09-20T18:20:00Z  485.927  -4.974  -34.169  1.72771E-15  SWARM-A  16.165  184.880
2023-09-20T18:20:30Z  486.359  -6.892  -34.205  1.72180E-15  SWARM-A  16.171  186.789
2023-09-20T18:21:00Z  486.829  -8.810  -34.240  1.71411E-15  SWARM-A  16.177  188.697
2023-09-20T18:21:30Z  487.336  -10.727  -34.274  1.70460E-15  SWARM-A  16.183  190.606
2023-09-20T18:22:00Z  487.878  -12.644  -34.308  1.69324E-15  SWARM-A  16.189  192.514
2023-09-20T18:22:30Z  488.455  -14.560  -34.339  1.68001E-15  SWARM-A  16.195  194.421
2023-09-20T18:23:00Z  489.064  -16.476  -34.370  1.66492E-15  SWARM-A  16.201  196.329
2023-09-20T18:23:30Z  489.704  -18.391  -34.398  1.64796E-15  SWARM-A  16.208  198.237
2023-09-20T18:24:00Z  490.373  -20.305  -34.424  1.62919E-15  SWARM-A  16.214  200.144
2023-09-20T18:24:30Z  491.068  -22.219  -34.448  1.60860E-15  SWARM-A  16.221  202.051
2023-09-20T18:25:00Z  491.789  -24.132  -34.469  1.58623E-15  SWARM-A  16.228  203.958
2023-09-20T18:25:30Z  492.532  -26.044  -34.487  1.56219E-15  SWARM-A  16.235  205.865
2023-09-20T18:26:00Z  493.295  -27.955  -34.501  1.53655E-15  SWARM-A  16.242  207.771
2023-09-20T18:26:30Z  494.076  -29.865  -34.512  1.50939E-15  SWARM-A  16.250  209.678
2023-09-20T18:27:00Z  494.871  -31.774  -34.518  1.48090E-15  SWARM-A  16.258  211.584
2023-09-20T18:27:30Z  495.679  -33.682  -34.519  1.45120E-15  SWARM-A  16.266  213.490
2023-09-20T18:28:00Z  496.497  -35.589  -34.514  1.42048E-15  SWARM-A  16.275  215.396
2023-09-20T18:28:30Z  497.322  -37.495  -34.503  1.38889E-15  SWARM-A  16.284  217.302
2023-09-20T18:29:00Z  498.150  -39.400  -34.485  1.35665E-15  SWARM-A  16.294  219.207
2023-09-20T18:29:30Z  498.980  -41.304  -34.460  1.32392E-15  SWARM-A  16.304  221.113
2023-09-20T18:30:00Z  499.807  -43.206  -34.425  1.29095E-15  SWARM-A  16.314  223.018
2023-09-20T18:30:30Z  500.630  -45.108  -34.379  1.25791E-15  SWARM-A  16.326  224.923
2023-09-20T18:31:00Z  501.446  -47.008  -34.323  1.22498E-15  SWARM-A  16.338  226.828
2023-09-20T18:31:30Z  502.251  -48.907  -34.252  1.19234E-15  SWARM-A  16.351  228.733
2023-09-20T18:32:00Z  503.042  -50.805  -34.167  1.16011E-15  SWARM-A  16.365  230.637
2023-09-20T18:32:30Z  503.818  -52.702  -34.063  1.12843E-15  SWARM-A  16.380  232.542
2023-09-20T18:33:00Z  504.574  -54.597  -33.939  1.09730E-15  SWARM-A  16.397  234.446
2023-09-20T18:33:30Z  505.309  -56.490  -33.791  1.06680E-15  SWARM-A  16.415  236.350
2023-09-20T18:34:00Z  506.019  -58.383  -33.614  1.03712E-15  SWARM-A  16.435  238.255
2023-09-20T18:34:30Z  506.702  -60.273  -33.403  1.00829E-15  SWARM-A  16.457  240.159
2023-09-20T18:35:00Z  507.355  -62.162  -33.151  9.80345E-16  SWARM-A  16.483  242.063
2023-09-20T18:35:30Z  507.977  -64.049  -32.849  9.53283E-16  SWARM-A  16.511  243.966
2023-09-20T18:36:00Z  508.564  -65.934  -32.485  9.27354E-16  SWARM-A  16.544  245.870
2023-09-20T18:36:30Z  509.115  -67.816  -32.043  9.02533E-16  SWARM-A  16.581  247.774
2023-09-20T18:37:00Z  509.628  -69.695  -31.502  8.78611E-16  SWARM-A  16.626  249.677
2023-09-20T18:37:30Z  510.101  -71.571  -30.832  8.55565E-16  SWARM-A  16.679  251.581
2023-09-20T18:38:00Z  510.532  -73.442  -29.989  8.33504E-16  SWARM-A  16.743  253.484
2023-09-20T18:38:30Z  510.919  -75.308  -28.907  8.12350E-16  SWARM-A  16.824  255.387
2023-09-20T18:39:00Z  511.261  -77.164  -27.485  7.91986E-16  SWARM-A  16.927  257.291
2023-09-20T18:39:30Z  511.558  -79.009  -25.551  7.72292E-16  SWARM-A  17.064  259.194
2023-09-20T18:40:00Z  511.807  -80.834  -22.805  7.53120E-16  SWARM-A  17.256  261.097
2023-09-20T18:40:30Z  512.008  -82.624  -18.664  7.34391E-16  SWARM-A  17.540  263.000
2023-09-20T18:41:00Z  512.160  -84.349  -11.877  7.16075E-16  SWARM-A  18.001  264.904
2023-09-20T18:41:30Z  512.262  -85.924  0.549  6.98184E-16  SWARM-A  18.838  266.807
2023-09-20T18:42:00Z  512.315  -87.093  25.378  6.80539E-16  SWARM-A  20.501  268.710
2023-09-20T18:42:30Z  512.318  -87.273  64.334  6.63578E-16  SWARM-A  23.107  270.613
2023-09-20T18:43:00Z  512.270  -86.316  94.054  6.48037E-16  SWARM-A  1.096  272.516
2023-09-20T18:43:30Z  512.173  -84.818  109.126  6.33710E-16  SWARM-A  2.109  274.419
2023-09-20T18:44:00Z  512.026  -83.123  117.087  6.20410E-16  SWARM-A  2.648  276.322
2023-09-20T18:44:30Z  511.830  -81.347  121.806  6.07961E-16  SWARM-A  2.971  278.225
2023-09-20T18:45:00Z  511.585  -79.530  124.871  5.96429E-16  SWARM-A  3.184  280.129
2023-09-20T18:45:30Z  511.294  -77.690  126.997  5.85599E-16  SWARM-A  3.334  282.032
2023-09-20T18:46:00Z  510.955  -75.836  128.543  5.75183E-16  SWARM-A  3.446  283.935
2023-09-20T18:46:30Z  510.572  -73.973  129.709  5.65424E-16  SWARM-A  3.532  285.839
2023-09-20T18:47:00Z  510.145  -72.103  130.612  5.56229E-16  SWARM-A  3.600  287.742
2023-09-20T18:47:30Z  509.676  -70.229  131.326  5.47543E-16  SWARM-A  3.656  289.645
2023-09-20T18:48:00Z  509.167  -68.350  131.900  5.39314E-16  SWARM-A  3.703  291.549
2023-09-20T18:48:30Z  508.618  -66.469  132.368  5.31526E-16  SWARM-A  3.742  293.453
2023-09-20T18:49:00Z  508.034  -64.584  132.752  5.24099E-16  SWARM-A  3.776  295.356
2023-09-20T18:49:30Z  507.414  -62.698  133.070  5.17071E-16  SWARM-A  3.806  297.260
2023-09-20T18:50:00Z  506.762  -60.810  133.336  5.10417E-16  SWARM-A  3.832  299.164
2023-09-20T18:50:30Z  506.081  -58.920  133.558  5.04149E-16  SWARM-A  3.855  301.068
2023-09-20T18:51:00Z  505.372  -57.028  133.744  4.98303E-16  SWARM-A  3.876  302.972
2023-09-20T18:51:30Z  504.638  -55.134  133.900  4.92873E-16  SWARM-A  3.894  304.877
2023-09-20T18:52:00Z  503.881  -53.240  134.030  4.87814E-16  SWARM-A  3.911  306.781
2023-09-20T18:52:30Z  503.105  -51.343  134.139  4.83256E-16  SWARM-A  3.927  308.686
2023-09-20T18:53:00Z  502.312  -49.446  134.229  4.79388E-16  SWARM-A  3.941  310.590
2023-09-20T18:53:30Z  501.505  -47.547  134.304  4.76091E-16  SWARM-A  3.955  312.495
2023-09-20T18:54:00Z  500.687  -45.647  134.364  4.73476E-16  SWARM-A  3.967  314.400
2023-09-20T18:54:30Z  499.861  -43.746  134.413  4.71246E-16  SWARM-A  3.979  316.305
2023-09-20T18:55:00Z  499.030  -41.843  134.450  4.69221E-16  SWARM-A  3.989  318.211
2023-09-20T18:55:30Z  498.196  -39.940  134.479  4.67128E-16  SWARM-A  4.000  320.116
2023-09-20T18:56:00Z  497.362  -38.035  134.499  4.64981E-16  SWARM-A  4.009  322.022
2023-09-20T18:56:30Z  496.533  -36.129  134.512  4.62722E-16  SWARM-A  4.018  323.928
2023-09-20T18:57:00Z  495.709  -34.222  134.518  4.60600E-16  SWARM-A  4.027  325.834
2023-09-20T18:57:30Z  494.894  -32.314  134.518  4.58795E-16  SWARM-A  4.036  327.740
2023-09-20T18:58:00Z  494.092  -30.406  134.514  4.57224E-16  SWARM-A  4.044  329.646
2023-09-20T18:58:30Z  493.303  -28.496  134.505  4.55998E-16  SWARM-A  4.051  331.552
2023-09-20T18:59:00Z  492.532  -26.585  134.491  4.55089E-16  SWARM-A  4.059  333.459
2023-09-20T18:59:30Z  491.781  -24.673  134.474  4.54495E-16  SWARM-A  4.066  335.366
2023-09-20T19:00:00Z  491.052  -22.760  134.454  4.54201E-16  SWARM-A  4.073  337.273
2023-09-20T19:00:30Z  490.346  -20.847  134.431  4.54169E-16  SWARM-A  4.080  339.180
2023-09-20T19:01:00Z  489.668  -18.933  134.406  4.54386E-16  SWARM-A  4.086  341.088
2023-09-20T19:01:30Z  489.018  -17.018  134.378  4.54821E-16  SWARM-A  4.093  342.995
2023-09-20T19:02:00Z  488.398  -15.102  134.348  4.55427E-16  SWARM-A  4.099  344.903
2023-09-20T19:02:30Z  487.811  -13.186  134.317  4.56179E-16  SWARM-A  4.106  346.811
2023-09-20T19:03:00Z  487.257  -11.269  134.284  4.57037E-16  SWARM-A  4.112  348.719
2023-09-20T19:03:30Z  486.739  -9.352  134.250  4.57976E-16  SWARM-A  4.118  350.627
2023-09-20T19:04:00Z  486.257  -7.434  134.215  4.58941E-16  SWARM-A  4.124  352.536
2023-09-20T19:04:30Z  485.813  -5.516  134.179  4.59932E-16  SWARM-A  4.130  354.444
2023-09-20T19:05:00Z  485.408  -3.597  134.143  4.60909E-16  SWARM-A  4.136  356.353
2023-09-20T19:05:30Z  485.042  -1.678  134.106  4.61876E-16  SWARM-A  4.141  358.262
2023-09-20T19:06:00Z  484.716  0.241  134.069  4.62833E-16  SWARM-A  4.147  0.171
2023-09-20T19:06:30Z  484.431  2.160  134.032  4.63748E-16  SWARM-A  4.153  2.081
2023-09-20T19:07:00Z  484.187  4.079  133.995  4.64644E-16  SWARM-A  4.159  3.990
2023-09-20T19:07:30Z  483.983  5.999  133.959  4.65571E-16  SWARM-A  4.165  5.900
2023-09-20T19:08:00Z  483.820  7.918  133.924  4.66555E-16  SWARM-A  4.171  7.810
2023-09-20T19:08:30Z  483.697  9.837  133.889  4.67610E-16  SWARM-A  4.177  9.720
2023-09-20T19:09:00Z  483.614  11.756  133.855  4.68749E-16  SWARM-A  4.183  11.630
2023-09-20T19:09:30Z  483.570  13.675  133.823  4.70030E-16  SWARM-A  4.189  13.540
2023-09-20T19:10:00Z  483.565  15.594  133.792  4.71494E-16  SWARM-A  4.196  15.451
2023-09-20T19:10:30Z  483.598  17.513  133.763  4.73180E-16  SWARM-A  4.202  17.361
2023-09-20T19:11:00Z  483.667  19.431  133.736  4.75106E-16  SWARM-A  4.208  19.272
2023-09-20T19:11:30Z  483.770  21.348  133.711  4.77290E-16  SWARM-A  4.215  21.183
2023-09-20T19:12:00Z  483.908  23.266  133.689  4.79827E-16  SWARM-A  4.222  23.094
2023-09-20T19:12:30Z  484.077  25.182  133.670  4.82687E-16  SWARM-A  4.229  25.005
2023-09-20T19:13:00Z  484.277  27.098  133.654  4.85891E-16  SWARM-A  4.236  26.917
2023-09-20T19:13:30Z  484.505  29.014  133.642  4.89502E-16  SWARM-A  4.244  28.828
2023-09-20T19:14:00Z  484.760  30.929  133.635  4.93527E-16  SWARM-A  4.252  30.740
2023-09-20T19:14:30Z  485.039  32.843  133.632  4.97964E-16  SWARM-A  4.260  32.651
2023-09-20T19:15:00Z  485.341  34.756  133.634  5.02881E-16  SWARM-A  4.268  34.563
2023-09-20T19:15:30Z  485.663  36.669  133.643  5.08180E-16  SWARM-A  4.277  36.475
2023-09-20T19:16:00Z  486.002  38.581  133.658  5.13924E-16  SWARM-A  4.287  38.387
2023-09-20T19:16:30Z  486.357  40.492  133.681  5.20114E-16  SWARM-A  4.297  40.299
2023-09-20T19:17:00Z  486.725  42.402  133.713  5.26755E-16  SWARM-A  4.307  42.212
2023-09-20T19:17:30Z  487.104  44.311  133.754  5.33826E-16  SWARM-A  4.318  44.124
2023-09-20T19:18:00Z  487.491  46.219  133.806  5.41306E-16  SWARM-A  4.330  46.037
2023-09-20T19:18:30Z  487.883  48.127  133.872  5.49143E-16  SWARM-A  4.343  47.949
2023-09-20T19:19:00Z  488.279  50.033  133.952  5.57420E-16  SWARM-A  4.356  49.862
2023-09-20T19:19:30Z  488.676  51.938  134.049  5.66119E-16  SWARM-A  4.371  51.774
2023-09-20T19:20:00Z  489.072  53.842  134.165  5.75300E-16  SWARM-A  4.387  53.687
2023-09-20T19:20:30Z  489.463  55.745  134.305  5.85021E-16  SWARM-A  4.405  55.600
2023-09-20T19:21:00Z  489.848  57.646  134.471  5.95405E-16  SWARM-A  4.424  57.513
2023-09-20T19:21:30Z  490.225  59.546  134.670  6.06574E-16  SWARM-A  4.446  59.426
2023-09-20T19:22:00Z  490.591  61.445  134.907  6.18597E-16  SWARM-A  4.470  61.339
2023-09-20T19:22:30Z  490.945  63.342  135.191  6.31402E-16  SWARM-A  4.497  63.252
2023-09-20T19:23:00Z  491.283  65.237  135.533  6.44834E-16  SWARM-A  4.528  65.165
2023-09-20T19:23:30Z  491.605  67.129  135.947  6.58669E-16  SWARM-A  4.564  67.079
2023-09-20T19:24:00Z  491.908  69.019  136.452  6.72783E-16  SWARM-A  4.606  68.992
2023-09-20T19:24:30Z  492.191  70.906  137.076  6.87171E-16  SWARM-A  4.656  70.905
2023-09-20T19:25:00Z  492.453  72.789  137.857  7.01943E-16  SWARM-A  4.717  72.819
2023-09-20T19:25:30Z  492.690  74.666  138.853  7.17210E-16  SWARM-A  4.791  74.732
2023-09-20T19:26:00Z  492.904  76.536  140.152  7.33091E-16  SWARM-A  4.886  76.645
2023-09-20T19:26:30Z  493.091  78.395  141.900  7.49677E-16  SWARM-A  5.011  78.559
2023-09-20T19:27:00Z  493.251  80.237  144.345  7.67108E-16  SWARM-A  5.183  80.472
2023-09-20T19:27:30Z  493.384  82.051  147.961  7.85509E-16  SWARM-A  5.432  82.386
2023-09-20T19:28:00Z  493.488  83.812  153.727  8.04840E-16  SWARM-A  5.825  84.299
2023-09-20T19:28:30Z  493.563  85.458  163.925  8.24827E-16  SWARM-A  6.513  86.213
2023-09-20T19:29:00Z  493.609  86.807  -175.911  8.45536E-16  SWARM-A  7.865  88.126
2023-09-20T19:29:30Z  493.625  87.356  -139.510  8.67369E-16  SWARM-A  10.301  90.040
2023-09-20T19:30:00Z  493.611  86.681  -104.695  8.90861E-16  SWARM-A  12.630  91.953
2023-09-20T19:30:30Z  493.567  85.281  -86.083  9.15419E-16  SWARM-A  13.879  93.867
2023-09-20T19:31:00Z  493.494  83.617  -76.579  9.40738E-16  SWARM-A  14.521  95.780
2023-09-20T19:31:30Z  493.392  81.848  -71.135  9.66846E-16  SWARM-A  14.892  97.694
2023-09-20T19:32:00Z  493.261  80.030  -67.687  9.93781E-16  SWARM-A  15.130  99.607
2023-09-20T19:32:30Z  493.102  78.186  -65.338  1.02155E-15  SWARM-A  15.295  101.521
2023-09-20T19:33:00Z  492.917  76.325  -63.651  1.05017E-15  SWARM-A  15.416  103.434
2023-09-20T19:33:30Z  492.706  74.455  -62.392  1.07960E-15  SWARM-A  15.508  105.348
2023-09-20T19:34:00Z  492.470  72.577  -61.424  1.10982E-15  SWARM-A  15.581  107.261
2023-09-20T19:34:30Z  492.211  70.693  -60.663  1.14071E-15  SWARM-A  15.640  109.174
2023-09-20T19:35:00Z  491.930  68.806  -60.055  1.17219E-15  SWARM-A  15.689  111.088
2023-09-20T19:35:30Z  491.629  66.916  -59.561  1.20395E-15  SWARM-A  15.730  113.001
2023-09-20T19:36:00Z  491.309  65.023  -59.156  1.23580E-15  SWARM-A  15.766  114.914
2023-09-20T19:36:30Z  490.973  63.128  -58.821  1.26734E-15  SWARM-A  15.796  116.827
2023-09-20T19:37:00Z  490.622  61.231  -58.543  1.29822E-15  SWARM-A  15.823  118.740
2023-09-20T19:37:30Z  490.259  59.332  -58.310  1.32813E-15  SWARM-A  15.847  120.653
2023-09-20T19:38:00Z  489.885  57.432  -58.115  1.35695E-15  SWARM-A  15.869  122.566
2023-09-20T19:38:30Z  489.502  55.530  -57.952  1.38472E-15  SWARM-A  15.888  124.479
2023-09-20T19:39:00Z  489.114  53.627  -57.815  1.41167E-15  SWARM-A  15.905  126.392
2023-09-20T19:39:30Z  488.722  51.723  -57.701  1.43802E-15  SWARM-A  15.921  128.305
2023-09-20T19:40:00Z  488.329  49.818  -57.606  1.46372E-15  SWARM-A  15.936  130.217
2023-09-20T19:40:30Z  487.937  47.912  -57.528  1.48866E-15  SWARM-A  15.949  132.130
2023-09-20T19:41:00Z  487.549  46.005  -57.464  1.51257E-15  SWARM-A  15.962  134.042
2023-09-20T19:41:30Z  487.167  44.096  -57.413  1.53518E-15  SWARM-A  15.974  135.955
2023-09-20T19:42:00Z  486.793  42.187  -57.373  1.55631E-15  SWARM-A  15.985  137.867
2023-09-20T19:42:30Z  486.430  40.277  -57.342  1.57586E-15  SWARM-A  15.995  139.779
2023-09-20T19:43:00Z  486.081  38.366  -57.320  1.59414E-15  SWARM-A  16.005  141.691
2023-09-20T19:43:30Z  485.748  36.454  -57.305  1.61095E-15  SWARM-A  16.014  143.603
2023-09-20T19:44:00Z  485.432  34.541  -57.298  1.62625E-15  SWARM-A  16.023  145.515
2023-09-20T19:44:30Z  485.137  32.628  -57.296  1.64013E-15  SWARM-A  16.032  147.427
2023-09-20T19:45:00Z  484.865  30.714  -57.299  1.65263E-15  SWARM-A  16.040  149.338
2023-09-20T19:45:30Z  484.617  28.799  -57.307  1.66383E-15  SWARM-A  16.047  151.250
2023-09-20T19:46:00Z  484.396  26.883  -57.320  1.67388E-15  SWARM-A  16.055  153.161
2023-09-20T19:46:30Z  484.204  24.967  -57.336  1.68267E-15  SWARM-A  16.062  155.073
2023-09-20T19:47:00Z  484.042  23.051  -57.355  1.69035E-15  SWARM-A  16.069  156.984
2023-09-20T19:47:30Z  483.913  21.133  -57.377  1.69694E-15  SWARM-A  16.076  158.895
2023-09-20T19:48:00Z  483.818  19.216  -57.402  1.70253E-15  SWARM-A  16.083  160.805
2023-09-20T19:48:30Z  483.757  17.298  -57.430  1.70707E-15  SWARM-A  16.089  162.716
2023-09-20T19:49:00Z  483.734  15.380  -57.459  1.71054E-15  SWARM-A  16.096  164.627
2023-09-20T19:49:30Z  483.748  13.461  -57.490  1.71298E-15  SWARM-A  16.102  166.537
2023-09-20T19:50:00Z  483.800  11.542  -57.522  1.71433E-15  SWARM-A  16.108  168.447
2023-09-20T19:50:30Z  483.892  9.623  -57.556  1.71459E-15  SWARM-A  16.114  170.357
2023-09-20T19:51:00Z  484.024  7.704  -57.591  1.71369E-15  SWARM-A  16.120  172.267
2023-09-20T19:51:30Z  484.197  5.785  -57.627  1.71172E-15  SWARM-A  16.126  174.177
2023-09-20T19:52:00Z  484.410  3.865  -57.663  1.70855E-15  SWARM-A  16.132  176.086
2023-09-20T19:52:30Z  484.664  1.946  -57.700  1.70418E-15  SWARM-A  16.138  177.996
2023-09-20T19:53:00Z  484.959  0.027  -57.736  1.69860E-15  SWARM-A  16.144  179.905
2023-09-20T19:53:30Z  485.294  -1.892  -57.773  1.69178E-15  SWARM-A  16.150  181.814
2023-09-20T19:54:00Z  485.669  -3.811  -57.810  1.68373E-15  SWARM-A  16.156  183.723
2023-09-20T19:54:30Z  486.083  -5.729  -57.846  1.67436E-15  SWARM-A  16.162  185.631
2023-09-20T19:55:00Z  486.536  -7.647  -57.882  1.66375E-15  SWARM-A  16.167  187.540
2023-09-20T19:55:30Z  487.026  -9.565  -57.917  1.65184E-15  SWARM-A  16.174  189.448
2023-09-20T19:56:00Z  487.553  -11.482  -57.951  1.63868E-15  SWARM-A  16.180  191.356
2023-09-20T19:56:30Z  488.115  -13.398  -57.983  1.62423E-15  SWARM-A  16.186  193.264
2023-09-20T19:57:00Z  488.710  -15.314  -58.015  1.60838E-15  SWARM-A  16.192  195.172
2023-09-20T19:57:30Z  489.337  -17.230  -58.044  1.59128E-15  SWARM-A  16.198  197.080
2023-09-20T19:58:00Z  489.994  -19.144  -58.072  1.57285E-15  SWARM-A  16.205  198.987
2023-09-20T19:58:30Z  490.679  -21.058  -58.097  1.55311E-15  SWARM-A  16.212  200.894
2023-09-20T19:59:00Z  491.390  -22.972  -58.120  1.53207E-15  SWARM-A  16.218  202.801
2023-09-20T19:59:30Z  492.125  -24.884  -58.139  1.50985E-15  SWARM-A  16.225  204.708
2023-09-20T20:00:00Z  492.881  -26.796  -58.156  1.48641E-15  SWARM-A  16.233  206.615
2023-09-20T20:00:30Z  493.656  -28.706  -58.169  1.46189E-15  SWARM-A  16.240  208.521
2023-09-20T20:01:00Z  494.448  -30.616  -58.177  1.43635E-15  SWARM-A  16.248  210.428
2023-09-20T20:01:30Z  495.253  -32.525  -58.181  1.40991E-15  SWARM-A  16.256  212.334
2023-09-20T20:02:00Z  496.070  -34.432  -58.180  1.38265E-15  SWARM-A  16.264  214.240
2023-09-20T20:02:30Z  496.895  -36.339  -58.173  1.35474E-15  SWARM-A  16.273  216.145
2023-09-20T20:03:00Z  497.725  -38.244  -58.160  1.32632E-15  SWARM-A  16.282  218.051
2023-09-20T20:03:30Z  498.559  -40.149  -58.139  1.29753E-15  SWARM-A  16.292  219.956
2023-09-20T20:04:00Z  499.392  -42.052  -58.109  1.26855E-15  SWARM-A  16.302  221.862
2023-09-20T20:04:30Z  500.222  -43.954  -58.070  1.23956E-15  SWARM-A  16.313  223.767
2023-09-20T20:05:00Z  501.046  -45.855  -58.021  1.21069E-15  SWARM-A  16.325  225.672
2023-09-20T20:05:30Z  501.861  -47.755  -57.959  1.18207E-15  SWARM-A  16.337  227.577
2023-09-20T20:06:00Z  502.665  -49.654  -57.883  1.15385E-15  SWARM-A  16.351  229.481
2023-09-20T20:06:30Z  503.453  -51.551  -57.790  1.12614E-15  SWARM-A  16.365  231.386
2023-09-20T20:07:00Z  504.225  -53.447  -57.679  1.09888E-15  SWARM-A  16.381  233.290
2023-09-20T20:07:30Z  504.976  -55.341  -57.546  1.07219E-15  SWARM-A  16.398  235.195
2023-09-20T20:08:00Z  505.704  -57.234  -57.387  1.04618E-15  SWARM-A  16.417  237.099
2023-09-20T20:08:30Z  506.407  -59.126  -57.197  1.02093E-15  SWARM-A  16.438  239.003
2023-09-20T20:09:00Z  507.081  -61.016  -56.971  9.96506E-16  SWARM-A  16.462  240.907
2023-09-20T20:09:30Z  507.725  -62.904  -56.700  9.73128E-16  SWARM-A  16.488  242.811
2023-09-20T20:10:00Z  508.335  -64.790  -56.375  9.50434E-16  SWARM-A  16.518  244.714
2023-09-20T20:10:30Z  508.911  -66.673  -55.982  9.28401E-16  SWARM-A  16.553  246.618
2023-09-20T20:11:00Z  509.449  -68.555  -55.504  9.06987E-16  SWARM-A  16.593  248.521
2023-09-20T20:11:30Z  509.948  -70.433  -54.917  8.86115E-16  SWARM-A  16.640  250.425
2023-09-20T20:12:00Z  510.406  -72.307  -54.184  8.65778E-16  SWARM-A  16.697  252.328
2023-09-20T20:12:30Z  510.822  -74.176  -53.257  8.45924E-16  SWARM-A  16.768  254.232
2023-09-20T20:13:00Z  511.193  -76.038  -52.056  8.26427E-16  SWARM-A  16.856  256.135
2023-09-20T20:13:30Z  511.519  -77.890  -50.458  8.07200E-16  SWARM-A  16.971  258.038
2023-09-20T20:14:00Z  511.798  -79.728  -48.251  7.88338E-16  SWARM-A  17.126  259.941
2023-09-20T20:14:30Z  512.029  -81.541  -45.050  7.69848E-16  SWARM-A  17.348  261.844
2023-09-20T20:15:00Z  512.212  -83.312  -40.079  7.51826E-16  SWARM-A  17.688  263.747
2023-09-20T20:15:30Z  512.345  -84.993  -31.595  7.34353E-16  SWARM-A  18.262  265.650
2023-09-20T20:16:00Z  512.429  -86.455  -15.344  7.17413E-16  SWARM-A  19.353  267.553
2023-09-20T20:16:30Z  512.462  -87.316  16.231  7.00823E-16  SWARM-A  21.467  269.457
2023-09-20T20:17:00Z  512.446  -87.001  54.491  6.85117E-16  SWARM-A  0.026  271.360
2023-09-20T20:17:30Z  512.379  -85.765  77.559  6.70704E-16  SWARM-A  1.572  273.263
2023-09-20T20:18:00Z  512.262  -84.167  89.133  6.57154E-16  SWARM-A  2.352  275.166
2023-09-20T20:18:30Z  512.096  -82.433  95.536  6.44223E-16  SWARM-A  2.787  277.069
2023-09-20T20:19:00Z  511.880  -80.637  99.485  6.31794E-16  SWARM-A  3.059  278.972
2023-09-20T20:19:30Z  511.617  -78.810  102.123  6.19627E-16  SWARM-A  3.243  280.875
2023-09-20T20:20:00Z  511.306  -76.964  103.991  6.07819E-16  SWARM-A  3.376  282.778
2023-09-20T20:20:30Z  510.949  -75.107  105.371  5.96514E-16  SWARM-A  3.476  284.681
2023-09-20T20:21:00Z  510.547  -73.241  106.423  5.85760E-16  SWARM-A  3.555  286.585
2023-09-20T20:21:30Z  510.102  -71.369  107.245  5.75532E-16  SWARM-A  3.618  288.488
2023-09-20T20:22:00Z  509.615  -69.493  107.900  5.65855E-16  SWARM-A  3.670  290.392
2023-09-20T20:22:30Z  509.088  -67.613  108.429  5.56763E-16  SWARM-A  3.713  292.295
2023-09-20T20:23:00Z  508.523  -65.730  108.861  5.48208E-16  SWARM-A  3.750  294.199
2023-09-20T20:23:30Z  507.922  -63.845  109.218  5.40228E-16  SWARM-A  3.783  296.102
2023-09-20T20:24:00Z  507.288  -61.958  109.515  5.32736E-16  SWARM-A  3.811  298.006
2023-09-20T20:24:30Z  506.621  -60.069  109.762  5.25708E-16  SWARM-A  3.836  299.910
2023-09-20T20:25:00Z  505.926  -58.178  109.969  5.19066E-16  SWARM-A  3.858  301.814
2023-09-20T20:25:30Z  505.204  -56.286  110.143  5.12775E-16  SWARM-A  3.878  303.718
2023-09-20T20:26:00Z  504.458  -54.392  110.289  5.06673E-16  SWARM-A  3.896  305.623
2023-09-20T20:26:30Z  503.690  -52.497  110.410  5.00762E-16  SWARM-A  3.912  307.527
2023-09-20T20:27:00Z  502.904  -50.600  110.512  4.95285E-16  SWARM-A  3.927  309.432
2023-09-20T20:27:30Z  502.101  -48.702  110.596  4.90250E-16  SWARM-A  3.941  311.336
2023-09-20T20:28:00Z  501.286  -46.803  110.664  4.85794E-16  SWARM-A  3.954  313.241
2023-09-20T20:28:30Z  500.461  -44.903  110.720  4.81927E-16  SWARM-A  3.966  315.146
2023-09-20T20:29:00Z  499.629  -43.001  110.764  4.78606E-16  SWARM-A  3.977  317.051
2023-09-20T20:29:30Z  498.792  -41.098  110.798  4.75655E-16  SWARM-A  3.988  318.957
2023-09-20T20:30:00Z  497.954  -39.194  110.823  4.72829E-16  SWARM-A  3.998  320.862
2023-09-20T20:30:30Z  497.117  -37.289  110.840  4.70029E-16  SWARM-A  4.007  322.768
2023-09-20T20:31:00Z  496.286  -35.383  110.850  4.67275E-16  SWARM-A  4.016  324.674
2023-09-20T20:31:30Z  495.461  -33.476  110.854  4.64654E-16  SWARM-A  4.025  326.580
2023-09-20T20:32:00Z  494.647  -31.567  110.853  4.62304E-16  SWARM-A  4.033  328.486
2023-09-20T20:32:30Z  493.845  -29.658  110.846  4.60230E-16  SWARM-A  4.041  330.392
2023-09-20T20:33:00Z  493.059  -27.748  110.836  4.58571E-16  SWARM-A  4.049  332.299
2023-09-20T20:33:30Z  492.291  -25.837  110.821  4.57357E-16  SWARM-A  4.056  334.205
2023-09-20T20:34:00Z  491.544  -23.925  110.803  4.56620E-16  SWARM-A  4.063  336.112
2023-09-20T20:34:30Z  490.820  -22.012  110.781  4.56265E-16  SWARM-A  4.070  338.019
2023-09-20T20:35:00Z  490.121  -20.098  110.757  4.56366E-16  SWARM-A  4.077  339.926
2023-09-20T20:35:30Z  489.449  -18.183  110.731  4.56845E-16  SWARM-A  4.084  341.834
2023-09-20T20:36:00Z  488.807  -16.268  110.702  4.57656E-16  SWARM-A  4.090  343.741
2023-09-20T20:36:30Z  488.196  -14.352  110.672  4.58790E-16  SWARM-A  4.096  345.649
2023-09-20T20:37:00Z  487.618  -12.436  110.640  4.60208E-16  SWARM-A  4.102  347.557
2023-09-20T20:37:30Z  487.075  -10.519  110.607  4.61863E-16  SWARM-A  4.109  349.465
2023-09-20T20:38:00Z  486.567  -8.602  110.572  4.63724E-16  SWARM-A  4.115  351.374
2023-09-20T20:38:30Z  486.096  -6.684  110.537  4.65762E-16  SWARM-A  4.121  353.282
2023-09-20T20:39:00Z  485.664  -4.765  110.501  4.67959E-16  SWARM-A  4.127  355.191
2023-09-20T20:39:30Z  485.271  -2.847  110.464  4.70251E-16  SWARM-A  4.132  357.100
2023-09-20T20:40:00Z  484.917  -0.928  110.427  4.72628E-16  SWARM-A  4.138  359.009
2023-09-20T20:40:30Z  484.603  0.991  110.391  4.75110E-16  SWARM-A  4.144  0.918
2023-09-20T20:41:00Z  484.330  2.911  110.354  4.77643E-16  SWARM-A  4.150  2.827
2023-09-20T20:41:30Z  484.098  4.830  110.317  4.80269E-16  SWARM-A  4.156  4.737
2023-09-20T20:42:00Z  483.907  6.749  110.281  4.82982E-16  SWARM-A  4.162  6.647
2023-09-20T20:42:30Z  483.756  8.669  110.246  4.85820E-16  SWARM-A  4.168  8.557
2023-09-20T20:43:00Z  483.646  10.588  110.212  4.88835E-16  SWARM-A  4.174  10.467
2023-09-20T20:43:30Z  483.575  12.507  110.179  4.92000E-16  SWARM-A  4.180  12.377
2023-09-20T20:44:00Z  483.544  14.426  110.147  4.95410E-16  SWARM-A  4.186  14.287
2023-09-20T20:44:30Z  483.550  16.345  110.117  4.99133E-16  SWARM-A  4.193  16.198
2023-09-20T20:45:00Z  483.594  18.263  110.088  5.03198E-16  SWARM-A  4.199  18.109
2023-09-20T20:45:30Z  483.674  20.181  110.062  5.07603E-16  SWARM-A  4.206  20.019
2023-09-20T20:46:00Z  483.789  22.098  110.039  5.12408E-16  SWARM-A  4.212  21.930
2023-09-20T20:46:30Z  483.936  24.015  110.018  5.17651E-16  SWARM-A  4.219  23.842
2023-09-20T20:47:00Z  484.116  25.932  110.000  5.23320E-16  SWARM-A  4.227  25.753
2023-09-20T20:47:30Z  484.325  27.848  109.986  5.29425E-16  SWARM-A  4.234  27.664
2023-09-20T20:48:00Z  484.562  29.763  109.976  5.35926E-16  SWARM-A  4.242  29.576
2023-09-20T20:48:30Z  484.825  31.678  109.970  5.42860E-16  SWARM-A  4.249  31.487
2023-09-20T20:49:00Z  485.111  33.591  109.969  5.50174E-16  SWARM-A  4.258  33.399
2023-09-20T20:49:30Z  485.420  35.505  109.974  5.57843E-16  SWARM-A  4.266  35.311
2023-09-20T20:50:00Z  485.748  37.417  109.985  5.65810E-16  SWARM-A  4.276  37.223
2023-09-20T20:50:30Z  486.093  39.328  110.003  5.73999E-16  SWARM-A  4.285  39.135
2023-09-20T20:51:00Z  486.453  41.239  110.030  5.82426E-16  SWARM-A  4.295  41.048
2023-09-20T20:51:30Z  486.825  43.149  110.065  5.90969E-16  SWARM-A  4.306  42.960
2023-09-20T20:52:00Z  487.208  45.058  110.111  5.99624E-16  SWARM-A  4.317  44.872
2023-09-20T20:52:30Z  487.597  46.966  110.168  6.08342E-16  SWARM-A  4.329  46.785
2023-09-20T20:53:00Z  487.992  48.873  110.239  6.17033E-16  SWARM-A  4.342  48.697
2023-09-20T20:53:30Z  488.390  50.778  110.325  6.25822E-16  SWARM-A  4.357  50.610
2023-09-20T20:54:00Z  488.788  52.683  110.430  6.34737E-16  SWARM-A  4.372  52.523
2023-09-20T20:54:30Z  489.183  54.587  110.555  6.43887E-16  SWARM-A  4.389  54.436
2023-09-20T20:55:00Z  489.574  56.489  110.705  6.53380E-16  SWARM-A  4.407  56.349
2023-09-20T20:55:30Z  489.958  58.390  110.883  6.63390E-16  SWARM-A  4.427  58.262
2023-09-20T20:56:00Z  490.333  60.289  111.096  6.74007E-16  SWARM-A  4.450  60.175
2023-09-20T20:56:30Z  490.696  62.187  111.351  6.85260E-16  SWARM-A  4.475  62.088
2023-09-20T20:57:00Z  491.046  64.083  111.657  6.96982E-16  SWARM-A  4.504  64.001
2023-09-20T20:57:30Z  491.381  65.977  112.025  7.09043E-16  SWARM-A  4.537  65.914
2023-09-20T20:58:00Z  491.698  67.869  112.473  7.21255E-16  SWARM-A  4.575  67.827
2023-09-20T20:58:30Z  491.997  69.758  113.021  7.33700E-16  SWARM-A  4.620  69.741
2023-09-20T20:59:00Z  492.274  71.643  113.702  7.46412E-16  SWARM-A  4.673  71.654
2023-09-20T20:59:30Z  492.529  73.524  114.559  7.59400E-16  SWARM-A  4.739  73.567
2023-09-20T21:00:00Z  492.760  75.399  115.662  7.70568E-16  SWARM-A  4.821  75.481
2023-09-20T21:00:30Z  492.966  77.265  117.116  7.84405E-16  SWARM-A  4.926  77.394
2023-09-20T21:01:00Z  493.146  79.118  119.099  7.98940E-16  SWARM-A  5.066  79.308
2023-09-20T21:01:30Z  493.299  80.951  121.930  8.14267E-16  SWARM-A  5.264  81.221
2023-09-20T21:02:00Z  493.423  82.748  126.227  8.30468E-16  SWARM-A  5.558  83.135
2023-09-20T21:02:30Z  493.519  84.475  133.338  8.47526E-16  SWARM-A  6.041  85.048
2023-09-20T21:03:00Z  493.586  86.038  146.516  8.65351E-16  SWARM-A  6.928  86.962
2023-09-20T21:03:30Z  493.623  87.155  172.906  8.83894E-16  SWARM-A  8.695  88.875
2023-09-20T21:04:00Z  493.631  87.222  -147.689  9.03768E-16  SWARM-A  11.331  90.789
2023-09-20T21:04:30Z  493.608  86.183  -119.484  9.25075E-16  SWARM-A  13.219  92.702
2023-09-20T21:05:00Z  493.556  84.648  -105.336  9.47143E-16  SWARM-A  14.171  94.616
2023-09-20T21:05:30Z  493.475  82.932  -97.796  9.69815E-16  SWARM-A  14.682  96.529
2023-09-20T21:06:00Z  493.364  81.140  -93.287  9.93149E-16  SWARM-A  14.991  98.443
2023-09-20T21:06:30Z  493.226  79.310  -90.340  1.01713E-15  SWARM-A  15.196  100.356
2023-09-20T21:07:00Z  493.060  77.459  -88.287  1.04175E-15  SWARM-A  15.341  102.270
2023-09-20T21:07:30Z  492.868  75.594  -86.787  1.06702E-15  SWARM-A  15.449  104.183
2023-09-20T21:08:00Z  492.651  73.720  -85.654  1.09288E-15  SWARM-A  15.533  106.096
2023-09-20T21:08:30Z  492.409  71.840  -84.775  1.11936E-15  SWARM-A  15.600  108.010
2023-09-20T21:09:00Z  492.145  69.955  -84.078  1.14638E-15  SWARM-A  15.655  109.923
2023-09-20T21:09:30Z  491.860  68.067  -83.518  1.17385E-15  SWARM-A  15.700  111.836
2023-09-20T21:10:00Z  491.555  66.175  -83.061  1.20166E-15  SWARM-A  15.739  113.749
2023-09-20T21:10:30Z  491.233  64.281  -82.685  1.22972E-15  SWARM-A  15.773  115.663
2023-09-20T21:11:00Z  490.895  62.386  -82.374  1.25782E-15  SWARM-A  15.802  117.576
2023-09-20T21:11:30Z  490.543  60.488  -82.114  1.28585E-15  SWARM-A  15.827  119.489
2023-09-20T21:12:00Z  490.180  58.589  -81.897  1.31365E-15  SWARM-A  15.850  121.402
2023-09-20T21:12:30Z  489.807  56.688  -81.715  1.34110E-15  SWARM-A  15.871  123.314
2023-09-20T21:13:00Z  489.427  54.786  -81.562  1.36814E-15  SWARM-A  15.889  125.227
2023-09-20T21:13:30Z  489.042  52.883  -81.435  1.39469E-15  SWARM-A  15.906  127.140
2023-09-20T21:14:00Z  488.655  50.978  -81.328  1.42067E-15  SWARM-A  15.921  129.053
2023-09-20T21:14:30Z  488.267  49.073  -81.240  1.44590E-15  SWARM-A  15.936  130.965
2023-09-20T21:15:00Z  487.881  47.166  -81.168  1.47006E-15  SWARM-A  15.949  132.878
2023-09-20T21:15:30Z  487.500  45.258  -81.109  1.49286E-15  SWARM-A  15.961  134.790
2023-09-20T21:16:00Z  487.125  43.350  -81.062  1.51400E-15  SWARM-A  15.972  136.702
2023-09-20T21:16:30Z  486.760  41.440  -81.026  1.53339E-15  SWARM-A  15.983  138.615
2023-09-20T21:17:00Z  486.407  39.530  -80.998  1.55099E-15  SWARM-A  15.993  140.527
2023-09-20T21:17:30Z  486.069  37.619  -80.979  1.56679E-15  SWARM-A  16.003  142.439
2023-09-20T21:18:00Z  485.746  35.706  -80.967  1.58090E-15  SWARM-A  16.012  144.350
2023-09-20T21:18:30Z  485.443  33.794  -80.962  1.59342E-15  SWARM-A  16.021  146.262
2023-09-20T21:19:00Z  485.161  31.880  -80.962  1.60455E-15  SWARM-A  16.029  148.174
2023-09-20T21:19:30Z  484.902  29.965  -80.967  1.61429E-15  SWARM-A  16.037  150.085
2023-09-20T21:20:00Z  484.668  28.050  -80.977  1.62286E-15  SWARM-A  16.045  151.997
2023-09-20T21:20:30Z  484.462  26.135  -80.991  1.63027E-15  SWARM-A  16.052  153.908
2023-09-20T21:21:00Z  484.285  24.219  -81.008  1.63671E-15  SWARM-A  16.059  155.819
2023-09-20T21:21:30Z  484.138  22.302  -81.029  1.64221E-15  SWARM-A  16.066  157.730
2023-09-20T21:22:00Z  484.025  20.385  -81.052  1.64696E-15  SWARM-A  16.073  159.641
2023-09-20T21:22:30Z  483.945  18.467  -81.078  1.65084E-15  SWARM-A  16.080  161.552
2023-09-20T21:23:00Z  483.901  16.549  -81.106  1.65391E-15  SWARM-A  16.086  163.462
2023-09-20T21:23:30Z  483.894  14.630  -81.136  1.65623E-15  SWARM-A  16.093  165.372
2023-09-20T21:24:00Z  483.924  12.712  -81.168  1.65783E-15  SWARM-A  16.099  167.283
2023-09-20T21:24:30Z  483.993  10.793  -81.201  1.65864E-15  SWARM-A  16.105  169.193
2023-09-20T21:25:00Z  484.101  8.874  -81.235  1.65866E-15  SWARM-A  16.111  171.103
2023-09-20T21:25:30Z  484.249  6.955  -81.270  1.65787E-15  SWARM-A  16.117  173.012
2023-09-20T21:26:00Z  484.437  5.036  -81.306  1.65620E-15  SWARM-A  16.123  174.922
2023-09-20T21:26:30Z  484.665  3.116  -81.342  1.65357E-15  SWARM-A  16.129  176.831
2023-09-20T21:27:00Z  484.934  1.197  -81.379  1.64993E-15  SWARM-A  16.135  178.740
2023-09-20T21:27:30Z  485.243  -0.722  -81.416  1.64521E-15  SWARM-A  16.141  180.650
2023-09-20T21:28:00Z  485.593  -2.640  -81.453  1.63939E-15  SWARM-A  16.146  182.558
2023-09-20T21:28:30Z  485.981  -4.559  -81.489  1.63235E-15  SWARM-A  16.152  184.467
2023-09-20T21:29:00Z  486.409  -6.477  -81.525  1.62405E-15  SWARM-A  16.158  186.376
2023-09-20T21:29:30Z  486.874  -8.395  -81.561  1.61450E-15  SWARM-A  16.164  188.284
2023-09-20T21:30:00Z  487.377  -10.312  -81.595  1.60363E-15  SWARM-A  16.170  190.192
2023-09-20T21:30:30Z  487.915  -12.229  -81.629  1.59144E-15  SWARM-A  16.176  192.100
2023-09-20T21:31:00Z  488.487  -14.145  -81.661  1.57790E-15  SWARM-A  16.183  194.008
2023-09-20T21:31:30Z  489.092  -16.061  -81.691  1.56305E-15  SWARM-A  16.189  195.916
2023-09-20T21:32:00Z  489.728  -17.976  -81.720  1.54686E-15  SWARM-A  16.195  197.823
2023-09-20T21:32:30Z  490.393  -19.890  -81.747  1.52933E-15  SWARM-A  16.202  199.730
2023-09-20T21:33:00Z  491.086  -21.804  -81.771  1.51051E-15  SWARM-A  16.209  201.637
2023-09-20T21:33:30Z  491.803  -23.717  -81.792  1.49053E-15  SWARM-A  16.216  203.544
2023-09-20T21:34:00Z  492.543  -25.629  -81.811  1.46923E-15  SWARM-A  16.223  205.451
2023-09-20T21:34:30Z  493.304  -27.540  -81.826  1.44655E-15  SWARM-A  16.230  207.357
2023-09-20T21:35:00Z  494.083  -29.450  -81.837  1.42287E-15  SWARM-A  16.238  209.264
2023-09-20T21:35:30Z  494.877  -31.359  -81.844  1.39822E-15  SWARM-A  16.245  211.170
2023-09-20T21:36:00Z  495.683  -33.268  -81.846  1.37266E-15  SWARM-A  16.254  213.076
2023-09-20T21:36:30Z  496.500  -35.175  -81.842  1.34632E-15  SWARM-A  16.262  214.982
2023-09-20T21:37:00Z  497.324  -37.081  -81.833  1.31929E-15  SWARM-A  16.271  216.887
2023-09-20T21:37:30Z  498.152  -38.986  -81.816  1.29175E-15  SWARM-A  16.281  218.793
2023-09-20T21:38:00Z  498.982  -40.890  -81.792  1.26376E-15  SWARM-A  16.291  220.698
2023-09-20T21:38:30Z  499.811  -42.793  -81.759  1.23549E-15  SWARM-A  16.301  222.603
2023-09-20T21:39:00Z  500.635  -44.694  -81.716  1.20705E-15  SWARM-A  16.312  224.508
2023-09-20T21:39:30Z  501.452  -46.595  -81.662  1.17854E-15  SWARM-A  16.324  226.413
2023-09-20T21:40:00Z  502.259  -48.494  -81.594  1.15011E-15  SWARM-A  16.337  228.318
2023-09-20T21:40:30Z  503.053  -50.392  -81.512  1.12185E-15  SWARM-A  16.351  230.223
2023-09-20T21:41:00Z  503.831  -52.289  -81.412  1.09384E-15  SWARM-A  16.366  232.127
2023-09-20T21:41:30Z  504.591  -54.184  -81.293  1.06622E-15  SWARM-A  16.382  234.031
2023-09-20T21:42:00Z  505.329  -56.078  -81.150  1.03882E-15  SWARM-A  16.400  235.936
2023-09-20T21:42:30Z  506.044  -57.970  -80.979  1.01195E-15  SWARM-A  16.420  237.840
2023-09-20T21:43:00Z  506.732  -59.861  -80.776  9.85615E-16  SWARM-A  16.442  239.744
2023-09-20T21:43:30Z  507.390  -61.750  -80.533  9.59873E-16  SWARM-A  16.466  241.648
2023-09-20T21:44:00Z  508.017  -63.637  -80.242  9.34758E-16  SWARM-A  16.494  243.551
2023-09-20T21:44:30Z  508.611  -65.523  -79.892  9.10206E-16  SWARM-A  16.526  245.455
2023-09-20T21:45:00Z  509.168  -67.405  -79.468  8.86122E-16  SWARM-A  16.562  247.359
2023-09-20T21:45:30Z  509.688  -69.285  -78.951  8.62375E-16  SWARM-A  16.605  249.262
2023-09-20T21:46:00Z  510.167  -71.162  -78.311  8.38836E-16  SWARM-A  16.656  251.165
2023-09-20T21:46:30Z  510.605  -73.034  -77.509  8.15406E-16  SWARM-A  16.718  253.069
2023-09-20T21:47:00Z  511.000  -74.901  -76.486  7.92163E-16  SWARM-A  16.794  254.972
2023-09-20T21:47:30Z  511.350  -76.759  -75.147  7.69431E-16  SWARM-A  16.892  256.875
2023-09-20T21:48:00Z  511.654  -78.607  -73.343  7.47539E-16  SWARM-A  17.021  258.778
2023-09-20T21:48:30Z  511.910  -80.436  -70.808  7.26854E-16  SWARM-A  17.198  260.681
2023-09-20T21:49:00Z  512.119  -82.236  -67.042  7.07539E-16  SWARM-A  17.457  262.585
2023-09-20T21:49:30Z  512.279  -83.979  -60.997  6.89507E-16  SWARM-A  17.869  264.488
2023-09-20T21:50:00Z  512.389  -85.599  -50.216  6.72616E-16  SWARM-A  18.596  266.391
2023-09-20T21:50:30Z  512.450  -86.895  -28.851  6.56572E-16  SWARM-A  20.028  268.294
2023-09-20T21:51:00Z  512.460  -87.342  8.344  6.41026E-16  SWARM-A  22.516  270.197
2023-09-20T21:51:30Z  512.421  -86.589  41.722  6.26789E-16  SWARM-A  0.750  272.100
2023-09-20T21:52:00Z  512.331  -85.168  59.285  6.13564E-16  SWARM-A  1.929  274.003
2023-09-20T21:52:30Z  512.191  -83.502  68.352  6.01090E-16  SWARM-A  2.542  275.906
2023-09-20T21:53:00Z  512.002  -81.739  73.601  5.89224E-16  SWARM-A  2.900  277.809
2023-09-20T21:53:30Z  511.764  -79.929  76.952  5.77898E-16  SWARM-A  3.132  279.712
2023-09-20T21:54:00Z  511.479  -78.093  79.246  5.67115E-16  SWARM-A  3.293  281.615
2023-09-20T21:54:30Z  511.146  -76.242  80.901  5.56998E-16  SWARM-A  3.412  283.519
2023-09-20T21:55:00Z  510.768  -74.381  82.139  5.47605E-16  SWARM-A  3.503  285.422
2023-09-20T21:55:30Z  510.346  -72.513  83.093  5.38921E-16  SWARM-A  3.575  287.325
2023-09-20T21:56:00Z  509.881  -70.639  83.845  5.30960E-16  SWARM-A  3.633  289.229
2023-09-20T21:56:30Z  509.375  -68.761  84.447  5.23735E-16  SWARM-A  3.682  291.132
2023-09-20T21:57:00Z  508.829  -66.880  84.936  5.17209E-16  SWARM-A  3.723  293.036
2023-09-20T21:57:30Z  508.247  -64.997  85.338  5.11354E-16  SWARM-A  3.758  294.940
2023-09-20T21:58:00Z  507.629  -63.111  85.670  5.06104E-16  SWARM-A  3.788  296.843
2023-09-20T21:58:30Z  506.978  -61.223  85.947  5.01392E-16  SWARM-A  3.815  298.747
2023-09-20T21:59:00Z  506.297  -59.333  86.178  4.97084E-16  SWARM-A  3.839  300.651
2023-09-20T21:59:30Z  505.587  -57.442  86.371  4.93119E-16  SWARM-A  3.860  302.555
2023-09-20T22:00:00Z  504.852  -55.549  86.534  4.89458E-16  SWARM-A  3.879  304.460
2023-09-20T22:00:30Z  504.093  -53.655  86.670  4.85955E-16  SWARM-A  3.896  306.364
2023-09-20T22:01:00Z  503.315  -51.759  86.783  4.82625E-16  SWARM-A  3.912  308.269
2023-09-20T22:01:30Z  502.518  -49.861  86.878  4.79467E-16  SWARM-A  3.927  310.173
2023-09-20T22:02:00Z  501.707  -47.963  86.956  4.76617E-16  SWARM-A  3.941  312.078
2023-09-20T22:02:30Z  500.885  -46.063  87.019  4.73968E-16  SWARM-A  3.953  313.983
2023-09-20T22:03:00Z  500.053  -44.162  87.071  4.71578E-16  SWARM-A  3.965  315.888
2023-09-20T22:03:30Z  499.215  -42.260  87.111  4.69326E-16  SWARM-A  3.976  317.793
2023-09-20T22:04:00Z  498.374  -40.357  87.141  4.67045E-16  SWARM-A  3.986  319.699
2023-09-20T22:04:30Z  497.533  -38.452  87.163  4.64580E-16  SWARM-A  3.996  321.604
2023-09-20T22:05:00Z  496.695  -36.547  87.178  4.61894E-16  SWARM-A  4.005  323.510
2023-09-20T22:05:30Z  495.862  -34.640  87.185  4.59030E-16  SWARM-A  4.014  325.416
2023-09-20T22:06:00Z  495.038  -32.732  87.187  4.56162E-16  SWARM-A  4.023  327.322
2023-09-20T22:06:30Z  494.225  -30.823  87.184  4.53395E-16  SWARM-A  4.031  329.229
2023-09-20T22:07:00Z  493.426  -28.914  87.176  4.50802E-16  SWARM-A  4.039  331.135
2023-09-20T22:07:30Z  492.643  -27.003  87.163  4.48372E-16  SWARM-A  4.046  333.042
2023-09-20T22:08:00Z  491.880  -25.091  87.147  4.46262E-16  SWARM-A  4.053  334.948
2023-09-20T22:08:30Z  491.139  -23.179  87.128  4.44436E-16  SWARM-A  4.060  336.855
2023-09-20T22:09:00Z  490.421  -21.266  87.106  4.42828E-16  SWARM-A  4.067  338.763
2023-09-20T22:09:30Z  489.730  -19.352  87.081  4.41459E-16  SWARM-A  4.074  340.670
2023-09-20T22:10:00Z  489.067  -17.437  87.054  4.40378E-16  SWARM-A  4.080  342.578
2023-09-20T22:10:30Z  488.434  -15.521  87.024  4.39610E-16  SWARM-A  4.087  344.485
2023-09-20T22:11:00Z  487.834  -13.605  86.993  4.39097E-16  SWARM-A  4.093  346.393
2023-09-20T22:11:30Z  487.267  -11.688  86.961  4.38859E-16  SWARM-A  4.099  348.301
2023-09-20T22:12:00Z  486.736  -9.771  86.927  4.38808E-16  SWARM-A  4.105  350.210
2023-09-20T22:12:30Z  486.242  -7.853  86.892  4.39008E-16  SWARM-A  4.111  352.118
2023-09-20T22:13:00Z  485.785  -5.935  86.857  4.39462E-16  SWARM-A  4.117  354.027
2023-09-20T22:13:30Z  485.368  -4.017  86.821  4.40170E-16  SWARM-A  4.123  355.936
2023-09-20T22:14:00Z  484.990  -2.098  86.784  4.41271E-16  SWARM-A  4.129  357.845
2023-09-20T22:14:30Z  484.652  -0.179  86.747  4.42631E-16  SWARM-A  4.135  359.754
2023-09-20T22:15:00Z  484.356  1.740  86.710  4.44240E-16  SWARM-A  4.141  1.663
2023-09-20T22:15:30Z  484.101  3.660  86.674  4.46079E-16  SWARM-A  4.147  3.573
2023-09-20T22:16:00Z  483.887  5.579  86.638  4.48183E-16  SWARM-A  4.153  5.482
2023-09-20T22:16:30Z  483.714  7.499  86.602  4.50576E-16  SWARM-A  4.159  7.392
2023-09-20T22:17:00Z  483.582  9.418  86.567  4.53203E-16  SWARM-A  4.165  9.302
2023-09-20T22:17:30Z  483.491  11.337  86.533  4.56164E-16  SWARM-A  4.171  11.212
2023-09-20T22:18:00Z  483.440  13.256  86.501  4.59396E-16  SWARM-A  4.177  13.123
2023-09-20T22:18:30Z  483.427  15.175  86.470  4.63030E-16  SWARM-A  4.183  15.033
2023-09-20T22:19:00Z  483.453  17.094  86.440  4.66976E-16  SWARM-A  4.190  16.944
2023-09-20T22:19:30Z  483.516  19.012  86.413  4.71225E-16  SWARM-A  4.196  18.855
2023-09-20T22:20:00Z  483.615  20.930  86.388  4.75831E-16  SWARM-A  4.203  20.766
2023-09-20T22:20:30Z  483.747  22.847  86.365  4.80788E-16  SWARM-A  4.210  22.677
2023-09-20T22:21:00Z  483.913  24.764  86.345  4.86120E-16  SWARM-A  4.217  24.588
2023-09-20T22:21:30Z  484.109  26.680  86.329  4.91807E-16  SWARM-A  4.224  26.499
2023-09-20T22:22:00Z  484.335  28.596  86.316  4.97849E-16  SWARM-A  4.231  28.411
2023-09-20T22:22:30Z  484.588  30.511  86.308  5.04247E-16  SWARM-A  4.239  30.322
2023-09-20T22:23:00Z  484.866  32.425  86.304  5.10966E-16  SWARM-A  4.247  32.234
2023-09-20T22:23:30Z  485.167  34.339  86.305  5.18004E-16  SWARM-A  4.256  34.146
2023-09-20T22:24:00Z  485.489  36.252  86.313  5.25367E-16  SWARM-A  4.264  36.058
2023-09-20T22:24:30Z  485.829  38.164  86.327  5.33038E-16  SWARM-A  4.274  37.970
2023-09-20T22:25:00Z  486.186  40.075  86.348  5.41026E-16  SWARM-A  4.283  39.882
2023-09-20T22:25:30Z  486.557  41.985  86.378  5.49285E-16  SWARM-A  4.294  41.795
2023-09-20T22:26:00Z  486.939  43.895  86.417  5.57749E-16  SWARM-A  4.305  43.707
2023-09-20T22:26:30Z  487.331  45.803  86.467  5.66438E-16  SWARM-A  4.316  45.619
2023-09-20T22:27:00Z  487.729  47.711  86.530  5.75336E-16  SWARM-A  4.329  47.532
2023-09-20T22:27:30Z  488.131  49.617  86.607  5.84338E-16  SWARM-A  4.342  49.445
2023-09-20T22:28:00Z  488.535  51.523  86.700  5.93657E-16  SWARM-A  4.357  51.357
2023-09-20T22:28:30Z  488.939  53.427  86.812  6.03393E-16  SWARM-A  4.373  53.270
2023-09-20T22:29:00Z  489.339  55.330  86.946  6.13660E-16  SWARM-A  4.390  55.183
2023-09-20T22:29:30Z  489.734  57.232  87.107  6.24603E-16  SWARM-A  4.409  57.096
2023-09-20T22:30:00Z  490.121  59.132  87.298  6.36391E-16  SWARM-A  4.430  59.009
2023-09-20T22:30:30Z  490.498  61.031  87.527  6.49088E-16  SWARM-A  4.454  60.922
2023-09-20T22:31:00Z  490.862  62.928  87.800  6.62579E-16  SWARM-A  4.480  62.835
2023-09-20T22:31:30Z  491.213  64.823  88.129  6.76752E-16  SWARM-A  4.511  64.748
2023-09-20T22:32:00Z  491.547  66.717  88.526  6.91447E-16  SWARM-A  4.545  66.662
2023-09-20T22:32:30Z  491.863  68.607  89.010  7.06602E-16  SWARM-A  4.586  68.575
2023-09-20T22:33:00Z  492.160  70.495  89.606  7.22226E-16  SWARM-A  4.634  70.488
2023-09-20T22:33:30Z  492.435  72.379  90.350  7.38255E-16  SWARM-A  4.692  72.401
2023-09-20T22:34:00Z  492.687  74.257  91.294  7.54983E-16  SWARM-A  4.763  74.315
2023-09-20T22:34:30Z  492.914  76.129  92.518  7.72464E-16  SWARM-A  4.853  76.228
2023-09-20T22:35:00Z  493.116  77.990  94.152  7.90792E-16  SWARM-A  4.970  78.142
2023-09-20T22:35:30Z  493.291  79.837  96.418  8.10039E-16  SWARM-A  5.130  80.055
2023-09-20T22:36:00Z  493.439  81.658  99.722  8.30217E-16  SWARM-A  5.358  81.968
2023-09-20T22:36:30Z  493.558  83.433  104.893  8.51288E-16  SWARM-A  5.711  83.882
2023-09-20T22:37:00Z  493.648  85.113  113.812  8.73172E-16  SWARM-A  6.314  85.795
2023-09-20T22:37:30Z  493.709  86.555  131.089  8.95775E-16  SWARM-A  7.475  87.709
2023-09-20T22:38:00Z  493.740  87.337  164.224  9.19171E-16  SWARM-A  9.692  89.622
2023-09-20T22:38:30Z  493.741  86.912  -158.172  9.44041E-16  SWARM-A  12.207  91.536
2023-09-20T22:39:00Z  493.712  85.618  -136.458  9.69917E-16  SWARM-A  13.663  93.449
2023-09-20T22:39:30Z  493.654  83.991  -125.548  9.96289E-16  SWARM-A  14.399  95.363
2023-09-20T22:40:00Z  493.566  82.239  -119.454  1.02310E-15  SWARM-A  14.813  97.276
2023-09-20T22:40:30Z  493.449  80.429  -115.669  1.05038E-15  SWARM-A  15.074  99.189
2023-09-20T22:41:00Z  493.305  78.590  -113.125  1.07811E-15  SWARM-A  15.252  101.103
2023-09-20T22:41:30Z  493.133  76.732  -111.317  1.10625E-15  SWARM-A  15.381  103.016
2023-09-20T22:42:00Z  492.936  74.864  -109.977  1.13483E-15  SWARM-A  15.478  104.929
2023-09-20T22:42:30Z  492.713  72.987  -108.953  1.16385E-15  SWARM-A  15.555  106.843
2023-09-20T22:43:00Z  492.467  71.105  -108.152  1.19330E-15  SWARM-A  15.617  108.756
2023-09-20T22:43:30Z  492.198  69.219  -107.513  1.22314E-15  SWARM-A  15.668  110.669
2023-09-20T22:44:00Z  491.909  67.329  -106.996  1.25338E-15  SWARM-A  15.711  112.582
2023-09-20T22:44:30Z  491.601  65.437  -106.573  1.28405E-15  SWARM-A  15.747  114.495
2023-09-20T22:45:00Z  491.276  63.542  -106.224  1.31512E-15  SWARM-A  15.779  116.408
2023-09-20T22:45:30Z  490.936  61.646  -105.933  1.34652E-15  SWARM-A  15.806  118.321
2023-09-20T22:46:00Z  490.583  59.748  -105.691  1.37945E-15  SWARM-A  15.831  120.234
2023-09-20T22:46:30Z  490.218  57.848  -105.489  1.41332E-15  SWARM-A  15.853  122.147
2023-09-20T22:47:00Z  489.845  55.947  -105.319  1.44693E-15  SWARM-A  15.872  124.060
2023-09-20T22:47:30Z  489.465  54.045  -105.176  1.47975E-15  SWARM-A  15.890  125.972
2023-09-20T22:48:00Z  489.080  52.141  -105.057  1.51118E-15  SWARM-A  15.907  127.885
2023-09-20T22:48:30Z  488.694  50.236  -104.958  1.54044E-15  SWARM-A  15.921  129.798
2023-09-20T22:49:00Z  488.308  48.330  -104.877  1.56407E-15  SWARM-A  15.935  131.710
2023-09-20T22:49:30Z  487.924  46.423  -104.810  1.58522E-15  SWARM-A  15.948  133.622
2023-09-20T22:50:00Z  487.546  44.515  -104.756  1.60397E-15  SWARM-A  15.960  135.535
2023-09-20T22:50:30Z  487.176  42.607  -104.713  1.62048E-15  SWARM-A  15.971  137.447
2023-09-20T22:51:00Z  486.815  40.697  -104.680  1.63510E-15  SWARM-A  15.982  139.359
2023-09-20T22:51:30Z  486.467  38.786  -104.656  1.65096E-15  SWARM-A  15.992  141.271
2023-09-20T22:52:00Z  486.134  36.875  -104.640  1.66509E-15  SWARM-A  16.001  143.183
2023-09-20T22:52:30Z  485.818  34.962  -104.631  1.67770E-15  SWARM-A  16.010  145.094
2023-09-20T22:53:00Z  485.521  33.049  -104.628  1.68886E-15  SWARM-A  16.019  147.006
2023-09-20T22:53:30Z  485.246  31.135  -104.630  1.69878E-15  SWARM-A  16.027  148.917
2023-09-20T22:54:00Z  484.995  29.221  -104.637  1.70462E-15  SWARM-A  16.035  150.829
2023-09-20T22:54:30Z  484.770  27.306  -104.648  1.70888E-15  SWARM-A  16.042  152.740
2023-09-20T22:55:00Z  484.572  25.390  -104.663  1.71231E-15  SWARM-A  16.049  154.651
2023-09-20T22:55:30Z  484.405  23.474  -104.682  1.71506E-15  SWARM-A  16.057  156.562
2023-09-20T22:56:00Z  484.268  21.557  -104.704  1.71721E-15  SWARM-A  16.063  158.473
2023-09-20T22:56:30Z  484.165  19.639  -104.728  1.71879E-15  SWARM-A  16.070  160.383
2023-09-20T22:57:00Z  484.096  17.722  -104.755  1.71917E-15  SWARM-A  16.077  162.294
2023-09-20T22:57:30Z  484.063  15.804  -104.784  1.71909E-15  SWARM-A  16.083  164.204
2023-09-20T22:58:00Z  484.067  13.885  -104.814  1.71853E-15  SWARM-A  16.089  166.114
2023-09-20T22:58:30Z  484.108  11.967  -104.846  1.71742E-15  SWARM-A  16.096  168.024
2023-09-20T22:59:00Z  484.189  10.048  -104.880  1.71575E-15  SWARM-A  16.102  169.934
2023-09-20T22:59:30Z  484.309  8.129  -104.914  1.71340E-15  SWARM-A  16.108  171.844
2023-09-20T23:00:00Z  484.469  6.210  -104.950  1.71027E-15  SWARM-A  16.114  173.754
2023-09-20T23:00:30Z  484.669  4.291  -104.986  1.70636E-15  SWARM-A  16.120  175.663
2023-09-20T23:01:00Z  484.909  2.372  -105.022  1.70155E-15  SWARM-A  16.126  177.572
2023-09-20T23:01:30Z  485.190  0.453  -105.059  1.69572E-15  SWARM-A  16.131  179.481
2023-09-20T23:02:00Z  485.511  -1.466  -105.096  1.68882E-15  SWARM-A  16.137  181.390
2023-09-20T23:02:30Z  485.872  -3.385  -105.133  1.68083E-15  SWARM-A  16.143  183.299
2023-09-20T23:03:00Z  486.272  -5.303  -105.169  1.67164E-15  SWARM-A  16.149  185.208
2023-09-20T23:03:30Z  486.710  -7.221  -105.205  1.66128E-15  SWARM-A  16.155  187.116
2023-09-20T23:04:00Z  487.186  -9.139  -105.240  1.64971E-15  SWARM-A  16.161  189.024
2023-09-20T23:04:30Z  487.698  -11.056  -105.274  1.63698E-15  SWARM-A  16.167  190.932
2023-09-20T23:05:00Z  488.245  -12.972  -105.307  1.62310E-15  SWARM-A  16.173  192.840
2023-09-20T23:05:30Z  488.826  -14.888  -105.338  1.60814E-15  SWARM-A  16.180  194.748
2023-09-20T23:06:00Z  489.438  -16.804  -105.368  1.59217E-15  SWARM-A  16.186  196.655
2023-09-20T23:06:30Z  490.081  -18.718  -105.396  1.57525E-15  SWARM-A  16.192  198.562
2023-09-20T23:07:00Z  490.752  -20.632  -105.422  1.55743E-15  SWARM-A  16.199  200.470
2023-09-20T23:07:30Z  491.450  -22.546  -105.445  1.53883E-15  SWARM-A  16.206  202.377
2023-09-20T23:08:00Z  492.171  -24.458  -105.465  1.51946E-15  SWARM-A  16.213  204.283
2023-09-20T23:08:30Z  492.915  -26.370  -105.483  1.49948E-15  SWARM-A  16.220  206.190
2023-09-20T23:09:00Z  493.677  -28.280  -105.496  1.47891E-15  SWARM-A  16.227  208.096
2023-09-20T23:09:30Z  494.457  -30.190  -105.506  1.45784E-15  SWARM-A  16.235  210.003
2023-09-20T23:10:00Z  495.251  -32.099  -105.511  1.43634E-15  SWARM-A  16.243  211.909
2023-09-20T23:10:30Z  496.056  -34.007  -105.511  1.41445E-15  SWARM-A  16.251  213.815
2023-09-20T23:11:00Z  496.870  -35.914  -105.505  1.39225E-15  SWARM-A  16.260  215.720
2023-09-20T23:11:30Z  497.691  -37.819  -105.493  1.36982E-15  SWARM-A  16.269  217.626
2023-09-20T23:12:00Z  498.515  -39.724  -105.473  1.34720E-15  SWARM-A  16.279  219.531
2023-09-20T23:12:30Z  499.339  -41.627  -105.446  1.32445E-15  SWARM-A  16.289  221.437
2023-09-20T23:13:00Z  500.161  -43.530  -105.409  1.30164E-15  SWARM-A  16.300  223.342
2023-09-20T23:13:30Z  500.977  -45.431  -105.362  1.27886E-15  SWARM-A  16.311  225.247
2023-09-20T23:14:00Z  501.785  -47.331  -105.302  1.25619E-15  SWARM-A  16.324  227.151
2023-09-20T23:14:30Z  502.582  -49.230  -105.229  1.23365E-15  SWARM-A  16.337  229.056
2023-09-20T23:15:00Z  503.364  -51.127  -105.141  1.21138E-15  SWARM-A  16.351  230.961
2023-09-20T23:15:30Z  504.130  -53.023  -105.034  1.18937E-15  SWARM-A  16.367  232.865
2023-09-20T23:16:00Z  504.877  -54.918  -104.906  1.16775E-15  SWARM-A  16.383  234.769
2023-09-20T23:16:30Z  505.600  -56.811  -104.752  1.14657E-15  SWARM-A  16.402  236.673
2023-09-20T23:17:00Z  506.299  -58.703  -104.570  1.12583E-15  SWARM-A  16.422  238.577
2023-09-20T23:17:30Z  506.971  -60.593  -104.352  1.10531E-15  SWARM-A  16.445  240.481
2023-09-20T23:18:00Z  507.612  -62.482  -104.091  1.08497E-15  SWARM-A  16.471  242.385
2023-09-20T23:18:30Z  508.221  -64.368  -103.779  1.06461E-15  SWARM-A  16.500  244.289
2023-09-20T23:19:00Z  508.796  -66.252  -103.402  1.04390E-15  SWARM-A  16.534  246.193
2023-09-20T23:19:30Z  509.334  -68.134  -102.945  1.02249E-15  SWARM-A  16.572  248.096
2023-09-20T23:20:00Z  509.833  -70.013  -102.384  1.00022E-15  SWARM-A  16.618  250.000
2023-09-20T23:20:30Z  510.292  -71.888  -101.687  9.77316E-16  SWARM-A  16.673  251.903
2023-09-20T23:21:00Z  510.709  -73.758  -100.807  9.54270E-16  SWARM-A  16.740  253.806
2023-09-20T23:21:30Z  511.082  -75.622  -99.675  9.31519E-16  SWARM-A  16.824  255.710
2023-09-20T23:22:00Z  511.409  -77.477  -98.178  9.09960E-16  SWARM-A  16.932  257.613
2023-09-20T23:22:30Z  511.691  -79.318  -96.131  8.89736E-16  SWARM-A  17.077  259.516
2023-09-20T23:23:00Z  511.925  -81.138  -93.197  8.70786E-16  SWARM-A  17.281  261.419
2023-09-20T23:23:30Z  512.110  -82.921  -88.720  8.52725E-16  SWARM-A  17.587  263.322
2023-09-20T23:24:00Z  512.247  -84.628  -81.259  8.35206E-16  SWARM-A  18.093  265.225
2023-09-20T23:24:30Z  512.334  -86.159  -67.329  8.17784E-16  SWARM-A  19.030  267.128
2023-09-20T23:25:00Z  512.371  -87.208  -39.630  7.99996E-16  SWARM-A  20.885  269.032
2023-09-20T23:25:30Z  512.358  -87.173  -0.406  7.80975E-16  SWARM-A  23.508  270.935
2023-09-20T23:26:00Z  512.295  -86.084  26.362  7.62411E-16  SWARM-A  1.301  272.838
2023-09-20T23:26:30Z  512.182  -84.539  39.792  7.44037E-16  SWARM-A  2.205  274.741
2023-09-20T23:27:00Z  512.020  -82.826  47.030  7.25651E-16  SWARM-A  2.696  276.644
2023-09-20T23:27:30Z  511.809  -81.041  51.397  7.07338E-16  SWARM-A  2.995  278.547
2023-09-20T23:28:00Z  511.549  -79.219  54.270  6.89209E-16  SWARM-A  3.195  280.450
2023-09-20T23:28:30Z  511.242  -77.377  56.281  6.71415E-16  SWARM-A  3.338  282.354
2023-09-20T23:29:00Z  510.889  -75.521  57.754  6.54054E-16  SWARM-A  3.444  284.257
2023-09-20T23:29:30Z  510.491  -73.657  58.871  6.38044E-16  SWARM-A  3.527  286.160
2023-09-20T23:30:00Z  510.049  -71.786  59.739  6.22579E-16  SWARM-A  3.593  288.064
2023-09-20T23:30:30Z  509.565  -69.911  60.427  6.07726E-16  SWARM-A  3.647  289.967
2023-09-20T23:31:00Z  509.041  -68.032  60.982  5.93495E-16  SWARM-A  3.693  291.871
2023-09-20T23:31:30Z  508.479  -66.150  61.435  5.79876E-16  SWARM-A  3.731  293.775
2023-09-20T23:32:00Z  507.880  -64.265  61.808  5.66814E-16  SWARM-A  3.764  295.679
2023-09-20T23:32:30Z  507.247  -62.378  62.117  5.54288E-16  SWARM-A  3.793  297.582
2023-09-20T23:33:00Z  506.582  -60.490  62.375  5.42265E-16  SWARM-A  3.819  299.486
2023-09-20T23:33:30Z  505.887  -58.599  62.591  5.30181E-16  SWARM-A  3.842  301.391
2023-09-20T23:34:00Z  505.165  -56.707  62.772  5.18419E-16  SWARM-A  3.862  303.295
2023-09-20T23:34:30Z  504.419  -54.813  62.923  5.07205E-16  SWARM-A  3.880  305.199
2023-09-20T23:35:00Z  503.651  -52.918  63.050  4.96553E-16  SWARM-A  3.897  307.104
2023-09-20T23:35:30Z  502.864  -51.022  63.156  4.86538E-16  SWARM-A  3.913  309.008
2023-09-20T23:36:00Z  502.061  -49.124  63.244  4.77170E-16  SWARM-A  3.927  310.913
2023-09-20T23:36:30Z  501.244  -47.225  63.316  4.68419E-16  SWARM-A  3.940  312.818
2023-09-20T23:37:00Z  500.417  -45.325  63.375  4.60274E-16  SWARM-A  3.952  314.723
2023-09-20T23:37:30Z  499.582  -43.423  63.422  4.52684E-16  SWARM-A  3.964  316.629
2023-09-20T23:38:00Z  498.742  -41.520  63.458  4.45538E-16  SWARM-A  3.974  318.534
2023-09-20T23:38:30Z  497.900  -39.617  63.485  4.38748E-16  SWARM-A  3.985  320.440
2023-09-20T23:39:00Z  497.059  -37.711  63.504  4.32440E-16  SWARM-A  3.994  322.345
2023-09-20T23:39:30Z  496.223  -35.805  63.516  4.26638E-16  SWARM-A  4.003  324.251
2023-09-20T23:40:00Z  495.393  -33.898  63.521  4.21497E-16  SWARM-A  4.012  326.157
2023-09-20T23:40:30Z  494.573  -31.990  63.521  4.16995E-16  SWARM-A  4.020  328.064
2023-09-20T23:41:00Z  493.765  -30.081  63.516  4.13193E-16  SWARM-A  4.028  329.970
2023-09-20T23:41:30Z  492.973  -28.171  63.506  4.10056E-16  SWARM-A  4.036  331.877
2023-09-20T23:42:00Z  492.198  -26.259  63.492  4.07665E-16  SWARM-A  4.043  333.783
2023-09-20T23:42:30Z  491.443  -24.347  63.475  4.06003E-16  SWARM-A  4.051  335.690
2023-09-20T23:43:00Z  490.711  -22.435  63.454  4.05018E-16  SWARM-A  4.058  337.598
2023-09-20T23:43:30Z  490.004  -20.521  63.431  4.04680E-16  SWARM-A  4.064  339.505
2023-09-20T23:44:00Z  489.324  -18.606  63.405  4.04959E-16  SWARM-A  4.071  341.412
2023-09-20T23:44:30Z  488.673  -16.691  63.377  4.05776E-16  SWARM-A  4.077  343.320
2023-09-20T23:45:00Z  488.054  -14.775  63.347  4.07144E-16  SWARM-A  4.084  345.228
2023-09-20T23:45:30Z  487.467  -12.859  63.316  4.08971E-16  SWARM-A  4.090  347.136
2023-09-20T23:46:00Z  486.915  -10.942  63.283  4.11171E-16  SWARM-A  4.096  349.044
2023-09-20T23:46:30Z  486.399  -9.024  63.249  4.13753E-16  SWARM-A  4.102  350.953
2023-09-20T23:47:00Z  485.920  -7.106  63.213  4.16679E-16  SWARM-A  4.108  352.861
2023-09-20T23:47:30Z  485.480  -5.188  63.178  4.19865E-16  SWARM-A  4.114  354.770
2023-09-20T23:48:00Z  485.079  -3.269  63.141  4.23288E-16  SWARM-A  4.120  356.679
2023-09-20T23:48:30Z  484.718  -1.350  63.105  4.26898E-16  SWARM-A  4.126  358.588
2023-09-20T23:49:00Z  484.398  0.569  63.068  4.30663E-16  SWARM-A  4.132  0.498
2023-09-20T23:49:30Z  484.119  2.488  63.031  4.34574E-16  SWARM-A  4.138  2.407
2023-09-20T23:50:00Z  483.881  4.408  62.995  4.38590E-16  SWARM-A  4.144  4.317
2023-09-20T23:50:30Z  483.685  6.327  62.959  4.42732E-16  SWARM-A  4.149  6.227
2023-09-20T23:51:00Z  483.530  8.247  62.923  4.46969E-16  SWARM-A  4.155  8.137
2023-09-20T23:51:30Z  483.415  10.166  62.889  4.51333E-16  SWARM-A  4.162  10.047
2023-09-20T23:52:00Z  483.342  12.085  62.855  4.55836E-16  SWARM-A  4.168  11.957
2023-09-20T23:52:30Z  483.308  14.004  62.823  4.60524E-16  SWARM-A  4.174  13.868
2023-09-20T23:53:00Z  483.312  15.923  62.793  4.65411E-16  SWARM-A  4.180  15.778
2023-09-20T23:53:30Z  483.355  17.842  62.764  4.70550E-16  SWARM-A  4.187  17.689
2023-09-20T23:54:00Z  483.434  19.760  62.737  4.75921E-16  SWARM-A  4.193  19.600
2023-09-20T23:54:30Z  483.548  21.678  62.713  4.81561E-16  SWARM-A  4.200  21.511
2023-09-20T23:55:00Z  483.696  23.595  62.692  4.87503E-16  SWARM-A  4.207  23.422
2023-09-20T23:55:30Z  483.876  25.511  62.673  4.93777E-16  SWARM-A  4.214  25.334
2023-09-20T23:56:00Z  484.087  27.428  62.658  5.00376E-16  SWARM-A  4.221  27.245
2023-09-20T23:56:30Z  484.326  29.343  62.647  5.07347E-16  SWARM-A  4.229  29.157
2023-09-20T23:57:00Z  484.591  31.258  62.640  5.14671E-16  SWARM-A  4.237  31.069
2023-09-20T23:57:30Z  484.881  33.172  62.639  5.22338E-16  SWARM-A  4.245  32.980
2023-09-20T23:58:00Z  485.193  35.086  62.642  5.30349E-16  SWARM-A  4.253  34.892
2023-09-20T23:58:30Z  485.525  36.998  62.652  5.38750E-16  SWARM-A  4.262  36.804
2023-09-20T23:59:00Z  485.875  38.910  62.669  5.47266E-16  SWARM-A  4.272  38.717
2023-09-20T23:59:30Z  486.241  40.821  62.693  5.56254E-16  SWARM-A  4.282  40.629
2023-09-21T00:00:00Z  486.620  42.731  62.726  5.59334E-16  SWARM-A  4.292  42.541
2023-09-21T00:00:30Z  487.009  44.640  62.770  5.61556E-16  SWARM-A  4.304  44.454
2023-09-21T00:01:00Z  487.407  46.548  62.824  5.71349E-16  SWARM-A  4.316  46.366
2023-09-21T00:01:30Z  487.810  48.455  62.892  5.81378E-16  SWARM-A  4.328  48.279
2023-09-21T00:02:00Z  488.216  50.361  62.975  5.91686E-16  SWARM-A  4.342  50.192
2023-09-21T00:02:30Z  488.623  52.266  63.075  6.02300E-16  SWARM-A  4.357  52.104
2023-09-21T00:03:00Z  489.028  54.170  63.196  6.13304E-16  SWARM-A  4.374  54.017
2023-09-21T00:03:30Z  489.430  56.073  63.340  6.24748E-16  SWARM-A  4.392  55.930
2023-09-21T00:04:00Z  489.825  57.974  63.511  6.36662E-16  SWARM-A  4.411  57.843
2023-09-21T00:04:30Z  490.211  59.874  63.716  6.49231E-16  SWARM-A  4.433  59.756
2023-09-21T00:05:00Z  490.586  61.772  63.961  6.62443E-16  SWARM-A  4.458  61.669
2023-09-21T00:05:30Z  490.948  63.669  64.255  6.76169E-16  SWARM-A  4.486  63.583
2023-09-21T00:06:00Z  491.296  65.563  64.608  6.90291E-16  SWARM-A  4.518  65.496
2023-09-21T00:06:30Z  491.626  67.456  65.037  7.04724E-16  SWARM-A  4.555  67.409
2023-09-21T00:07:00Z  491.938  69.345  65.561  7.19512E-16  SWARM-A  4.598  69.322
2023-09-21T00:07:30Z  492.229  71.231  66.209  7.34775E-16  SWARM-A  4.650  71.236
2023-09-21T00:08:00Z  492.498  73.113  67.023  7.50538E-16  SWARM-A  4.712  73.149
2023-09-21T00:08:30Z  492.743  74.990  68.064  7.66990E-16  SWARM-A  4.790  75.062
2023-09-21T00:09:00Z  492.964  76.858  69.429  7.84192E-16  SWARM-A  4.889  76.976
2023-09-21T00:09:30Z  493.159  78.714  71.276  8.02032E-16  SWARM-A  5.021  78.889
2023-09-21T00:10:00Z  493.326  80.552  73.882  8.20653E-16  SWARM-A  5.203  80.803
2023-09-21T00:10:30Z  493.466  82.359  77.779  8.39740E-16  SWARM-A  5.471  82.716
2023-09-21T00:11:00Z  493.577  84.106  84.091  8.59012E-16  SWARM-A  5.900  84.630
2023-09-21T00:11:30Z  493.659  85.720  95.486  8.78727E-16  SWARM-A  6.668  86.543
2023-09-21T00:12:00Z  493.711  86.977  118.246  8.98755E-16  SWARM-A  8.194  88.456
2023-09-21T00:12:30Z  493.733  87.321  156.504  9.19451E-16  SWARM-A  10.753  90.370
2023-09-21T00:13:00Z  493.725  86.472  -171.476  9.41318E-16  SWARM-A  12.896  92.283
2023-09-21T00:13:30Z  493.688  85.006  -155.000  9.63541E-16  SWARM-A  14.002  94.197
2023-09-21T00:14:00Z  493.621  83.317  -146.437  9.86019E-16  SWARM-A  14.582  96.110
2023-09-21T00:14:30Z  493.525  81.537  -141.435  1.00888E-15  SWARM-A  14.923  98.024
2023-09-21T00:15:00Z  493.400  79.714  -138.221  1.03218E-15  SWARM-A  15.146  99.937
2023-09-21T00:15:30Z  493.248  77.866  -136.008  1.05614E-15  SWARM-A  15.302  101.850
2023-09-21T00:16:00Z  493.069  76.004  -134.408  1.08089E-15  SWARM-A  15.417  103.764
2023-09-21T00:16:30Z  492.864  74.131  -133.206  1.10656E-15  SWARM-A  15.505  105.677
2023-09-21T00:17:00Z  492.635  72.253  -132.278  1.13332E-15  SWARM-A  15.575  107.590
2023-09-21T00:17:30Z  492.382  70.369  -131.547  1.16141E-15  SWARM-A  15.633  109.503
2023-09-21T00:18:00Z  492.108  68.481  -130.960  1.19116E-15  SWARM-A  15.680  111.417
2023-09-21T00:18:30Z  491.814  66.590  -130.482  1.22182E-15  SWARM-A  15.720  113.330
2023-09-21T00:19:00Z  491.501  64.697  -130.090  1.25308E-15  SWARM-A  15.755  115.243
2023-09-21T00:19:30Z  491.172  62.802  -129.766  1.28441E-15  SWARM-A  15.785  117.156
2023-09-21T00:20:00Z  490.828  60.905  -129.496  1.31534E-15  SWARM-A  15.811  119.069
2023-09-21T00:20:30Z  490.472  59.006  -129.270  1.34556E-15  SWARM-A  15.834  120.981
2023-09-21T00:21:00Z  490.105  57.106  -129.081  1.37486E-15  SWARM-A  15.855  122.894
2023-09-21T00:21:30Z  489.730  55.204  -128.923  1.40315E-15  SWARM-A  15.874  124.807
2023-09-21T00:22:00Z  489.349  53.301  -128.790  1.43042E-15  SWARM-A  15.891  126.720
2023-09-21T00:22:30Z  488.964  51.397  -128.679  1.45669E-15  SWARM-A  15.907  128.632
2023-09-21T00:23:00Z  488.578  49.492  -128.587  1.48195E-15  SWARM-A  15.922  130.545
2023-09-21T00:23:30Z  488.194  47.586  -128.512  1.50605E-15  SWARM-A  15.935  132.457
2023-09-21T00:24:00Z  487.813  45.678  -128.450  1.52898E-15  SWARM-A  15.947  134.369
2023-09-21T00:24:30Z  487.438  43.770  -128.401  1.55067E-15  SWARM-A  15.959  136.281
2023-09-21T00:25:00Z  487.072  41.861  -128.362  1.57111E-15  SWARM-A  15.970  138.194
2023-09-21T00:25:30Z  486.717  39.951  -128.333  1.59026E-15  SWARM-A  15.980  140.106
2023-09-21T00:26:00Z  486.375  38.040  -128.313  1.60815E-15  SWARM-A  15.990  142.017
2023-09-21T00:26:30Z  486.050  36.128  -128.299  1.62482E-15  SWARM-A  15.999  143.929
2023-09-21T00:27:00Z  485.742  34.215  -128.292  1.64038E-15  SWARM-A  16.008  145.841
2023-09-21T00:27:30Z  485.454  32.302  -128.291  1.65491E-15  SWARM-A  16.016  147.752
2023-09-21T00:28:00Z  485.190  30.388  -128.296  1.66850E-15  SWARM-A  16.024  149.664
2023-09-21T00:28:30Z  484.950  28.473  -128.305  1.68126E-15  SWARM-A  16.032  151.575
2023-09-21T00:29:00Z  484.736  26.558  -128.318  1.69325E-15  SWARM-A  16.040  153.486
2023-09-21T00:29:30Z  484.551  24.642  -128.334  1.70454E-15  SWARM-A  16.047  155.397
2023-09-21T00:30:00Z  484.397  22.725  -128.354  1.71524E-15  SWARM-A  16.054  157.308
2023-09-21T00:30:30Z  484.274  20.808  -128.377  1.72536E-15  SWARM-A  16.061  159.219
2023-09-21T00:31:00Z  484.186  18.891  -128.402  1.73487E-15  SWARM-A  16.067  161.129
2023-09-21T00:31:30Z  484.132  16.973  -128.430  1.74385E-15  SWARM-A  16.074  163.040
2023-09-21T00:32:00Z  484.114  15.055  -128.460  1.75218E-15  SWARM-A  16.080  164.950
2023-09-21T00:32:30Z  484.134  13.136  -128.491  1.75981E-15  SWARM-A  16.086  166.860
2023-09-21T00:33:00Z  484.192  11.218  -128.524  1.76660E-15  SWARM-A  16.093  168.770
2023-09-21T00:33:30Z  484.289  9.299  -128.558  1.77249E-15  SWARM-A  16.099  170.680
2023-09-21T00:34:00Z  484.426  7.380  -128.592  1.77738E-15  SWARM-A  16.105  172.589
2023-09-21T00:34:30Z  484.602  5.461  -128.628  1.78115E-15  SWARM-A  16.111  174.499
2023-09-21T00:35:00Z  484.819  3.542  -128.665  1.78363E-15  SWARM-A  16.116  176.408
2023-09-21T00:35:30Z  485.076  1.623  -128.701  1.78473E-15  SWARM-A  16.122  178.317
2023-09-21T00:36:00Z  485.374  -0.296  -128.738  1.78438E-15  SWARM-A  16.128  180.226
2023-09-21T00:36:30Z  485.711  -2.215  -128.775  1.78245E-15  SWARM-A  16.134  182.135
2023-09-21T00:37:00Z  486.088  -4.133  -128.812  1.77894E-15  SWARM-A  16.140  184.044
2023-09-21T00:37:30Z  486.503  -6.051  -128.848  1.77373E-15  SWARM-A  16.146  185.952
2023-09-21T00:38:00Z  486.957  -7.969  -128.883  1.76691E-15  SWARM-A  16.152  187.860
2023-09-21T00:38:30Z  487.447  -9.886  -128.918  1.75838E-15  SWARM-A  16.158  189.769
2023-09-21T00:39:00Z  487.973  -11.803  -128.952  1.74825E-15  SWARM-A  16.164  191.676
2023-09-21T00:39:30Z  488.534  -13.720  -128.984  1.73645E-15  SWARM-A  16.170  193.584
2023-09-21T00:40:00Z  489.127  -15.635  -129.015  1.72305E-15  SWARM-A  16.176  195.492
2023-09-21T00:40:30Z  489.752  -17.550  -129.044  1.70816E-15  SWARM-A  16.183  197.399
2023-09-21T00:41:00Z  490.406  -19.465  -129.072  1.69179E-15  SWARM-A  16.189  199.306
2023-09-21T00:41:30Z  491.087  -21.379  -129.096  1.67389E-15  SWARM-A  16.196  201.213
2023-09-21T00:42:00Z  491.794  -23.292  -129.119  1.65458E-15  SWARM-A  16.203  203.120
2023-09-21T00:42:30Z  492.524  -25.204  -129.138  1.63385E-15  SWARM-A  16.210  205.027
2023-09-21T00:43:00Z  493.274  -27.115  -129.154  1.61191E-15  SWARM-A  16.217  206.933
2023-09-21T00:43:30Z  494.043  -29.025  -129.166  1.58865E-15  SWARM-A  16.225  208.840
2023-09-21T00:44:00Z  494.828  -30.934  -129.174  1.56434E-15  SWARM-A  16.233  210.746
2023-09-21T00:44:30Z  495.626  -32.843  -129.177  1.53908E-15  SWARM-A  16.241  212.652
2023-09-21T00:45:00Z  496.435  -34.750  -129.175  1.51292E-15  SWARM-A  16.249  214.557
2023-09-21T00:45:30Z  497.251  -36.657  -129.167  1.48597E-15  SWARM-A  16.258  216.463
2023-09-21T00:46:00Z  498.072  -38.562  -129.152  1.45834E-15  SWARM-A  16.267  218.369
2023-09-21T00:46:30Z  498.895  -40.466  -129.130  1.43014E-15  SWARM-A  16.277  220.274
2023-09-21T00:47:00Z  499.718  -42.369  -129.099  1.40140E-15  SWARM-A  16.288  222.179
2023-09-21T00:47:30Z  500.536  -44.271  -129.058  1.37232E-15  SWARM-A  16.299  224.084
2023-09-21T00:48:00Z  501.348  -46.172  -129.006  1.34290E-15  SWARM-A  16.310  225.989
2023-09-21T00:48:30Z  502.151  -48.071  -128.942  1.31333E-15  SWARM-A  16.323  227.894
2023-09-21T00:49:00Z  502.941  -49.969  -128.863  1.28364E-15  SWARM-A  16.337  229.798
2023-09-21T00:49:30Z  503.716  -51.866  -128.768  1.25399E-15  SWARM-A  16.351  231.703
2023-09-21T00:50:00Z  504.473  -53.762  -128.653  1.22443E-15  SWARM-A  16.367  233.607
2023-09-21T00:50:30Z  505.209  -55.656  -128.516  1.19503E-15  SWARM-A  16.385  235.511
2023-09-21T00:51:00Z  505.921  -57.549  -128.352  1.16583E-15  SWARM-A  16.404  237.415
2023-09-21T00:51:30Z  506.608  -59.440  -128.157  1.13677E-15  SWARM-A  16.425  239.319
2023-09-21T00:52:00Z  507.266  -61.329  -127.924  1.10779E-15  SWARM-A  16.449  241.223
2023-09-21T00:52:30Z  507.893  -63.217  -127.644  1.07865E-15  SWARM-A  16.476  243.127
2023-09-21T00:53:00Z  508.486  -65.103  -127.309  1.04919E-15  SWARM-A  16.507  245.030
2023-09-21T00:53:30Z  509.045  -66.986  -126.903  1.01924E-15  SWARM-A  16.542  246.934
2023-09-21T00:54:00Z  509.566  -68.867  -126.409  9.88961E-16  SWARM-A  16.584  248.838
2023-09-21T00:54:30Z  510.047  -70.744  -125.800  9.58671E-16  SWARM-A  16.633  250.741
2023-09-21T00:55:00Z  510.487  -72.617  -125.039  9.29412E-16  SWARM-A  16.692  252.644
2023-09-21T00:55:30Z  510.885  -74.485  -124.072  9.01238E-16  SWARM-A  16.764  254.548
2023-09-21T00:56:00Z  511.238  -76.346  -122.815  8.74468E-16  SWARM-A  16.857  256.451
2023-09-21T00:56:30Z  511.545  -78.196  -121.133  8.49104E-16  SWARM-A  16.977  258.354
2023-09-21T00:57:00Z  511.805  -80.031  -118.794  8.24929E-16  SWARM-A  17.141  260.257
2023-09-21T00:57:30Z  512.018  -81.839  -115.367  8.01681E-16  SWARM-A  17.378  262.160
2023-09-21T00:58:00Z  512.182  -83.599  -109.973  7.79094E-16  SWARM-A  17.746  264.063
2023-09-21T00:58:30Z  512.297  -85.256  -100.597  7.56926E-16  SWARM-A  18.379  265.966
2023-09-21T00:59:00Z  512.362  -86.656  -82.332  7.34902E-16  SWARM-A  19.605  267.870
2023-09-21T00:59:30Z  512.377  -87.352  -48.074  7.12815E-16  SWARM-A  21.898  269.773
2023-09-21T01:00:00Z  512.342  -86.839  -11.505  6.91557E-16  SWARM-A  0.344  271.676
2023-09-21T01:00:30Z  512.257  -85.515  9.043  6.71381E-16  SWARM-A  1.722  273.579
2023-09-21T01:01:00Z  512.122  -83.885  19.447  6.51997E-16  SWARM-A  2.424  275.482
2023-09-21T01:01:30Z  511.937  -82.137  25.318  6.33406E-16  SWARM-A  2.824  277.385
2023-09-21T01:02:00Z  511.704  -80.335  28.994  6.15696E-16  SWARM-A  3.077  279.288
2023-09-21T01:02:30Z  511.424  -78.504  31.477  5.98939E-16  SWARM-A  3.251  281.192
2023-09-21T01:03:00Z  511.096  -76.656  33.249  5.83234E-16  SWARM-A  3.378  283.095
2023-09-21T01:03:30Z  510.722  -74.796  34.566  5.68618E-16  SWARM-A  3.474  284.998
2023-09-21T01:04:00Z  510.304  -72.929  35.575  5.55111E-16  SWARM-A  3.549  286.902
2023-09-21T01:04:30Z  509.843  -71.057  36.366  5.42713E-16  SWARM-A  3.610  288.805
2023-09-21T01:05:00Z  509.340  -69.180  36.997  5.31379E-16  SWARM-A  3.661  290.709
2023-09-21T01:05:30Z  508.798  -67.299  37.509  5.21097E-16  SWARM-A  3.703  292.612
2023-09-21T01:06:00Z  508.219  -65.416  37.928  5.11888E-16  SWARM-A  3.739  294.516
2023-09-21T01:06:30Z  507.604  -63.531  38.274  5.03646E-16  SWARM-A  3.771  296.420
2023-09-21T01:07:00Z  506.955  -61.643  38.562  4.96361E-16  SWARM-A  3.798  298.324
2023-09-21T01:07:30Z  506.276  -59.754  38.802  4.90000E-16  SWARM-A  3.823  300.228
2023-09-21T01:08:00Z  505.568  -57.862  39.004  4.84545E-16  SWARM-A  3.844  302.132
2023-09-21T01:08:30Z  504.834  -55.970  39.172  4.79918E-16  SWARM-A  3.864  304.037
2023-09-21T01:09:00Z  504.077  -54.076  39.314  4.76088E-16  SWARM-A  3.882  305.941
2023-09-21T01:09:30Z  503.298  -52.180  39.432  4.72967E-16  SWARM-A  3.898  307.846
2023-09-21T01:10:00Z  502.502  -50.283  39.530  4.70515E-16  SWARM-A  3.913  309.750
2023-09-21T01:10:30Z  501.691  -48.385  39.612  4.68612E-16  SWARM-A  3.927  311.655
2023-09-21T01:11:00Z  500.867  -46.485  39.678  4.67151E-16  SWARM-A  3.939  313.560
2023-09-21T01:11:30Z  500.034  -44.584  39.732  4.66068E-16  SWARM-A  3.951  315.466
2023-09-21T01:12:00Z  499.194  -42.682  39.774  4.65247E-16  SWARM-A  3.963  317.371
2023-09-21T01:12:30Z  498.351  -40.779  39.807  4.64695E-16  SWARM-A  3.973  319.276
2023-09-21T01:13:00Z  497.506  -38.875  39.830  4.64380E-16  SWARM-A  3.983  321.182
2023-09-21T01:13:30Z  496.665  -36.969  39.846  4.64249E-16  SWARM-A  3.992  323.088
2023-09-21T01:14:00Z  495.828  -35.062  39.856  4.64313E-16  SWARM-A  4.001  324.994
2023-09-21T01:14:30Z  495.000  -33.155  39.859  4.64519E-16  SWARM-A  4.010  326.900
2023-09-21T01:15:00Z  494.182  -31.246  39.856  4.64779E-16  SWARM-A  4.018  328.806
2023-09-21T01:15:30Z  493.378  -29.337  39.849  4.65281E-16  SWARM-A  4.026  330.713
2023-09-21T01:16:00Z  492.590  -27.426  39.838  4.66089E-16  SWARM-A  4.033  332.620
2023-09-21T01:16:30Z  491.821  -25.514  39.823  4.67135E-16  SWARM-A  4.041  334.527
2023-09-21T01:17:00Z  491.073  -23.602  39.804  4.68474E-16  SWARM-A  4.048  336.434
2023-09-21T01:17:30Z  490.349  -21.689  39.782  4.70064E-16  SWARM-A  4.055  338.341
2023-09-21T01:18:00Z  489.651  -19.775  39.758  4.71911E-16  SWARM-A  4.061  340.249
2023-09-21T01:18:30Z  488.981  -17.860  39.731  4.74043E-16  SWARM-A  4.068  342.156
2023-09-21T01:19:00Z  488.341  -15.944  39.702  4.76717E-16  SWARM-A  4.074  344.064
2023-09-21T01:19:30Z  487.733  -14.028  39.671  4.79577E-16  SWARM-A  4.081  345.972
2023-09-21T01:20:00Z  487.159  -12.111  39.639  4.82590E-16  SWARM-A  4.087  347.880
2023-09-21T01:20:30Z  486.620  -10.194  39.606  4.85832E-16  SWARM-A  4.093  349.789
2023-09-21T01:21:00Z  486.118  -8.276  39.571  4.89196E-16  SWARM-A  4.099  351.697
2023-09-21T01:21:30Z  485.653  -6.358  39.536  4.92670E-16  SWARM-A  4.105  353.606
2023-09-21T01:22:00Z  485.228  -4.440  39.500  4.96265E-16  SWARM-A  4.111  355.515
2023-09-21T01:22:30Z  484.842  -2.521  39.463  4.99975E-16  SWARM-A  4.117  357.424
2023-09-21T01:23:00Z  484.497  -0.602  39.426  5.03767E-16  SWARM-A  4.123  359.333
2023-09-21T01:23:30Z  484.192  1.318  39.389  5.07585E-16  SWARM-A  4.129  1.243
2023-09-21T01:24:00Z  483.929  3.237  39.353  5.11428E-16  SWARM-A  4.134  3.152
2023-09-21T01:24:30Z  483.707  5.157  39.316  5.15221E-16  SWARM-A  4.140  5.062
2023-09-21T01:25:00Z  483.527  7.076  39.281  5.18662E-16  SWARM-A  4.146  6.972
2023-09-21T01:25:30Z  483.387  8.996  39.245  5.22180E-16  SWARM-A  4.152  8.882
2023-09-21T01:26:00Z  483.288  10.915  39.211  5.25785E-16  SWARM-A  4.158  10.792
2023-09-21T01:26:30Z  483.230  12.834  39.178  5.29535E-16  SWARM-A  4.165  12.703
2023-09-21T01:27:00Z  483.210  14.754  39.147  5.33441E-16  SWARM-A  4.171  14.614
2023-09-21T01:27:30Z  483.229  16.672  39.117  5.37538E-16  SWARM-A  4.177  16.524
2023-09-21T01:28:00Z  483.285  18.591  39.089  5.41850E-16  SWARM-A  4.184  18.435
2023-09-21T01:28:30Z  483.378  20.509  39.063  5.46404E-16  SWARM-A  4.190  20.346
2023-09-21T01:29:00Z  483.505  22.426  39.040  5.51202E-16  SWARM-A  4.197  22.257
2023-09-21T01:29:30Z  483.665  24.343  39.020  5.56303E-16  SWARM-A  4.204  24.169
2023-09-21T01:30:00Z  483.856  26.260  39.002  5.61684E-16  SWARM-A  4.211  26.080
2023-09-21T01:30:30Z  484.077  28.176  38.989  5.67366E-16  SWARM-A  4.219  27.992
2023-09-21T01:31:00Z  484.326  30.091  38.979  5.73319E-16  SWARM-A  4.226  29.904
2023-09-21T01:31:30Z  484.601  32.006  38.974  5.79603E-16  SWARM-A  4.234  31.815
2023-09-21T01:32:00Z  484.899  33.920  38.974  5.86160E-16  SWARM-A  4.243  33.727
2023-09-21T01:32:30Z  485.219  35.833  38.980  5.93011E-16  SWARM-A  4.251  35.639
2023-09-21T01:33:00Z  485.558  37.745  38.993  6.00124E-16  SWARM-A  4.261  37.552
2023-09-21T01:33:30Z  485.913  39.657  39.012  6.07467E-16  SWARM-A  4.270  39.464
2023-09-21T01:34:00Z  486.283  41.568  39.040  6.15012E-16  SWARM-A  4.280  41.376
2023-09-21T01:34:30Z  486.666  43.477  39.077  6.22654E-16  SWARM-A  4.291  43.289
2023-09-21T01:35:00Z  487.057  45.386  39.124  6.30503E-16  SWARM-A  4.303  45.201
2023-09-21T01:35:30Z  487.456  47.294  39.184  6.38493E-16  SWARM-A  4.315  47.114
2023-09-21T01:36:00Z  487.860  49.201  39.257  6.46667E-16  SWARM-A  4.328  49.027
2023-09-21T01:36:30Z  488.266  51.107  39.347  6.55013E-16  SWARM-A  4.342  50.939
2023-09-21T01:37:00Z  488.672  53.011  39.454  6.63627E-16  SWARM-A  4.358  52.852
2023-09-21T01:37:30Z  489.075  54.915  39.583  6.72620E-16  SWARM-A  4.375  54.765
2023-09-21T01:38:00Z  489.474  56.817  39.737  6.82056E-16  SWARM-A  4.394  56.678
2023-09-21T01:38:30Z  489.865  58.717  39.921  6.92065E-16  SWARM-A  4.414  58.591
2023-09-21T01:39:00Z  490.246  60.617  40.141  7.02663E-16  SWARM-A  4.437  60.505
2023-09-21T01:39:30Z  490.616  62.515  40.404  7.13734E-16  SWARM-A  4.463  62.418
2023-09-21T01:40:00Z  490.973  64.410  40.719  7.25149E-16  SWARM-A  4.492  64.331
2023-09-21T01:40:30Z  491.313  66.304  41.099  7.36834E-16  SWARM-A  4.526  66.244
2023-09-21T01:41:00Z  491.636  68.196  41.562  7.48732E-16  SWARM-A  4.565  68.158
2023-09-21T01:41:30Z  491.940  70.084  42.131  7.60968E-16  SWARM-A  4.611  70.071
2023-09-21T01:42:00Z  492.222  71.969  42.838  7.73688E-16  SWARM-A  4.667  71.984
2023-09-21T01:42:30Z  492.482  73.849  43.731  7.87014E-16  SWARM-A  4.735  73.898
2023-09-21T01:43:00Z  492.718  75.722  44.884  8.01025E-16  SWARM-A  4.820  75.811
2023-09-21T01:43:30Z  492.929  77.586  46.414  8.15717E-16  SWARM-A  4.930  77.725
2023-09-21T01:44:00Z  493.113  79.437  48.514  8.31082E-16  SWARM-A  5.079  79.638
2023-09-21T01:44:30Z  493.270  81.265  51.540  8.47121E-16  SWARM-A  5.289  81.552
2023-09-21T01:45:00Z  493.399  83.054  56.193  8.63750E-16  SWARM-A  5.607  83.465
2023-09-21T01:45:30Z  493.499  84.762  64.032  8.80840E-16  SWARM-A  6.138  85.379
2023-09-21T01:46:00Z  493.569  86.278  78.864  8.98265E-16  SWARM-A  7.135  87.292
2023-09-21T01:46:30Z  493.610  87.261  108.284  9.15900E-16  SWARM-A  9.105  89.206
2023-09-21T01:47:00Z  493.621  87.106  147.514  9.34518E-16  SWARM-A  11.729  91.119
2023-09-21T01:47:30Z  493.603  85.941  172.737  9.54085E-16  SWARM-A  13.419  93.033
2023-09-21T01:48:00Z  493.555  84.361  -174.682  9.74020E-16  SWARM-A  14.266  94.946
2023-09-21T01:48:30Z  493.477  82.627  -167.839  9.94442E-16  SWARM-A  14.730  96.860
2023-09-21T01:49:00Z  493.371  80.827  -163.675  1.01560E-15  SWARM-A  15.016  98.773
2023-09-21T01:49:30Z  493.236  78.992  -160.919  1.03768E-15  SWARM-A  15.208  100.687
2023-09-21T01:50:00Z  493.075  77.138  -158.981  1.06083E-15  SWARM-A  15.346  102.600
2023-09-21T01:50:30Z  492.887  75.271  -157.557  1.08521E-15  SWARM-A  15.449  104.514
2023-09-21T01:51:00Z  492.674  73.396  -156.475  1.11080E-15  SWARM-A  15.529  106.427
2023-09-21T01:51:30Z  492.436  71.515  -155.632  1.13742E-15  SWARM-A  15.594  108.340
2023-09-21T01:52:00Z  492.177  69.629  -154.962  1.16475E-15  SWARM-A  15.647  110.253
2023-09-21T01:52:30Z  491.896  67.740  -154.422  1.19231E-15  SWARM-A  15.691  112.167
2023-09-21T01:53:00Z  491.596  65.849  -153.980  1.21968E-15  SWARM-A  15.729  114.080
2023-09-21T01:53:30Z  491.278  63.954  -153.617  1.24645E-15  SWARM-A  15.762  115.993
2023-09-21T01:54:00Z  490.945  62.058  -153.316  1.27252E-15  SWARM-A  15.790  117.906
2023-09-21T01:54:30Z  490.598  60.160  -153.064  1.29784E-15  SWARM-A  15.815  119.819
2023-09-21T01:55:00Z  490.239  58.261  -152.854  1.32246E-15  SWARM-A  15.838  121.732
2023-09-21T01:55:30Z  489.870  56.360  -152.677  1.34640E-15  SWARM-A  15.858  123.644
2023-09-21T01:56:00Z  489.495  54.458  -152.530  1.37019E-15  SWARM-A  15.876  125.557
2023-09-21T01:56:30Z  489.114  52.554  -152.406  1.39394E-15  SWARM-A  15.892  127.470
2023-09-21T01:57:00Z  488.731  50.650  -152.303  1.41674E-15  SWARM-A  15.908  129.382
2023-09-21T01:57:30Z  488.347  48.744  -152.218  1.43851E-15  SWARM-A  15.922  131.295
2023-09-21T01:58:00Z  487.966  46.837  -152.148  1.45918E-15  SWARM-A  15.935  133.207
2023-09-21T01:58:30Z  487.589  44.930  -152.092  1.47614E-15  SWARM-A  15.947  135.120
2023-09-21T01:59:00Z  487.219  43.021  -152.047  1.49152E-15  SWARM-A  15.958  137.032
2023-09-21T01:59:30Z  486.859  41.111  -152.012  1.50577E-15  SWARM-A  15.969  138.944
2023-09-21T02:00:00Z  486.511  39.201  -151.987  1.51888E-15  SWARM-A  15.979  140.856
2023-09-21T02:00:30Z  486.177  37.290  -151.969  1.53095E-15  SWARM-A  15.988  142.768
2023-09-21T02:01:00Z  485.861  35.377  -151.958  1.54208E-15  SWARM-A  15.997  144.679
2023-09-21T02:01:30Z  485.563  33.465  -151.954  1.55389E-15  SWARM-A  16.006  146.591
2023-09-21T02:02:00Z  485.286  31.551  -151.955  1.56600E-15  SWARM-A  16.014  148.503
2023-09-21T02:02:30Z  485.033  29.636  -151.962  1.57751E-15  SWARM-A  16.022  150.414
2023-09-21T02:03:00Z  484.805  27.721  -151.972  1.58855E-15  SWARM-A  16.030  152.325
2023-09-21T02:03:30Z  484.605  25.806  -151.987  1.59911E-15  SWARM-A  16.037  154.236
2023-09-21T02:04:00Z  484.433  23.890  -152.005  1.60931E-15  SWARM-A  16.044  156.147
2023-09-21T02:04:30Z  484.293  21.973  -152.026  1.61919E-15  SWARM-A  16.051  158.058
2023-09-21T02:05:00Z  484.186  20.056  -152.050  1.62707E-15  SWARM-A  16.058  159.969
2023-09-21T02:05:30Z  484.112  18.138  -152.076  1.63376E-15  SWARM-A  16.064  161.879
2023-09-21T02:06:00Z  484.074  16.220  -152.105  1.64008E-15  SWARM-A  16.071  163.790
2023-09-21T02:06:30Z  484.073  14.302  -152.135  1.64600E-15  SWARM-A  16.077  165.700
2023-09-21T02:07:00Z  484.109  12.383  -152.167  1.65137E-15  SWARM-A  16.083  167.610
2023-09-21T02:07:30Z  484.183  10.464  -152.200  1.65620E-15  SWARM-A  16.089  169.520
2023-09-21T02:08:00Z  484.297  8.545  -152.235  1.66027E-15  SWARM-A  16.096  171.430
2023-09-21T02:08:30Z  484.451  6.626  -152.270  1.66359E-15  SWARM-A  16.101  173.339
2023-09-21T02:09:00Z  484.645  4.707  -152.306  1.66594E-15  SWARM-A  16.107  175.249
2023-09-21T02:09:30Z  484.879  2.788  -152.342  1.66697E-15  SWARM-A  16.113  177.158
2023-09-21T02:10:00Z  485.153  0.869  -152.379  1.66671E-15  SWARM-A  16.119  179.067
2023-09-21T02:10:30Z  485.467  -1.050  -152.416  1.66529E-15  SWARM-A  16.125  180.976
2023-09-21T02:11:00Z  485.821  -2.968  -152.453  1.66262E-15  SWARM-A  16.131  182.885
2023-09-21T02:11:30Z  486.214  -4.887  -152.490  1.65869E-15  SWARM-A  16.137  184.793
2023-09-21T02:12:00Z  486.646  -6.805  -152.526  1.65340E-15  SWARM-A  16.143  186.702
2023-09-21T02:12:30Z  487.115  -8.722  -152.561  1.64688E-15  SWARM-A  16.149  188.610
2023-09-21T02:13:00Z  487.620  -10.639  -152.595  1.63904E-15  SWARM-A  16.155  190.518
2023-09-21T02:13:30Z  488.161  -12.556  -152.629  1.62995E-15  SWARM-A  16.161  192.426
2023-09-21T02:14:00Z  488.736  -14.472  -152.661  1.61958E-15  SWARM-A  16.167  194.334
2023-09-21T02:14:30Z  489.343  -16.388  -152.691  1.60798E-15  SWARM-A  16.173  196.241
2023-09-21T02:15:00Z  489.980  -18.303  -152.719  1.59519E-15  SWARM-A  16.180  198.148
2023-09-21T02:15:30Z  490.646  -20.217  -152.746  1.58134E-15  SWARM-A  16.186  200.055
2023-09-21T02:16:00Z  491.339  -22.130  -152.770  1.56638E-15  SWARM-A  16.193  201.962
2023-09-21T02:16:30Z  492.056  -24.043  -152.791  1.55041E-15  SWARM-A  16.200  203.869
2023-09-21T02:17:00Z  492.795  -25.955  -152.809  1.53336E-15  SWARM-A  16.207  205.776
2023-09-21T02:17:30Z  493.554  -27.865  -152.823  1.51531E-15  SWARM-A  16.215  207.682
2023-09-21T02:18:00Z  494.331  -29.775  -152.834  1.49622E-15  SWARM-A  16.222  209.588
2023-09-21T02:18:30Z  495.122  -31.684  -152.840  1.47617E-15  SWARM-A  16.230  211.495
2023-09-21T02:19:00Z  495.925  -33.592  -152.841  1.45514E-15  SWARM-A  16.238  213.400
2023-09-21T02:19:30Z  496.738  -35.499  -152.837  1.43316E-15  SWARM-A  16.247  215.306
2023-09-21T02:20:00Z  497.558  -37.405  -152.826  1.41033E-15  SWARM-A  16.256  217.212
2023-09-21T02:20:30Z  498.381  -39.310  -152.809  1.38664E-15  SWARM-A  16.266  219.117
2023-09-21T02:21:00Z  499.205  -41.214  -152.783  1.36215E-15  SWARM-A  16.276  221.022
2023-09-21T02:21:30Z  500.027  -43.116  -152.749  1.33697E-15  SWARM-A  16.286  222.928
2023-09-21T02:22:00Z  500.844  -45.018  -152.704  1.31116E-15  SWARM-A  16.298  224.833
2023-09-21T02:22:30Z  501.653  -46.918  -152.648  1.28483E-15  SWARM-A  16.310  226.737
2023-09-21T02:23:00Z  502.452  -48.817  -152.578  1.25806E-15  SWARM-A  16.323  228.642
2023-09-21T02:23:30Z  503.237  -50.715  -152.493  1.23096E-15  SWARM-A  16.337  230.547
2023-09-21T02:24:00Z  504.006  -52.611  -152.391  1.20357E-15  SWARM-A  16.352  232.451
2023-09-21T02:24:30Z  504.756  -54.506  -152.268  1.17589E-15  SWARM-A  16.368  234.355
2023-09-21T02:25:00Z  505.484  -56.400  -152.121  1.14786E-15  SWARM-A  16.386  236.259
2023-09-21T02:25:30Z  506.187  -58.292  -151.946  1.11928E-15  SWARM-A  16.407  238.163
2023-09-21T02:26:00Z  506.863  -60.182  -151.736  1.09003E-15  SWARM-A  16.429  240.067
2023-09-21T02:26:30Z  507.510  -62.071  -151.486  1.06012E-15  SWARM-A  16.454  241.971
2023-09-21T02:27:00Z  508.125  -63.958  -151.187  1.02993E-15  SWARM-A  16.482  243.875
2023-09-21T02:27:30Z  508.706  -65.843  -150.826  1.00004E-15  SWARM-A  16.515  245.778
2023-09-21T02:28:00Z  509.250  -67.725  -150.388  9.70799E-16  SWARM-A  16.552  247.682
2023-09-21T02:28:30Z  509.756  -69.605  -149.853  9.43404E-16  SWARM-A  16.596  249.585
2023-09-21T02:29:00Z  510.223  -71.481  -149.190  9.17292E-16  SWARM-A  16.649  251.489
2023-09-21T02:29:30Z  510.647  -73.352  -148.356  8.92525E-16  SWARM-A  16.713  253.392
2023-09-21T02:30:00Z  511.028  -75.218  -147.288  8.68594E-16  SWARM-A  16.792  255.295
2023-09-21T02:30:30Z  511.364  -77.075  -145.885  8.45581E-16  SWARM-A  16.894  257.199
2023-09-21T02:31:00Z  511.654  -78.920  -143.981  8.23001E-16  SWARM-A  17.029  259.102
2023-09-21T02:31:30Z  511.897  -80.746  -141.285  8.00699E-16  SWARM-A  17.217  261.005
2023-09-21T02:32:00Z  512.091  -82.538  -137.232  7.78718E-16  SWARM-A  17.496  262.908
2023-09-21T02:32:30Z  512.237  -84.268  -130.622  7.56867E-16  SWARM-A  17.945  264.811
2023-09-21T02:33:00Z  512.333  -85.853  -118.589  7.35180E-16  SWARM-A  18.755  266.714
2023-09-21T02:33:30Z  512.379  -87.053  -94.562  7.13528E-16  SWARM-A  20.365  268.617
2023-09-21T02:34:00Z  512.375  -87.294  -55.873  6.92182E-16  SWARM-A  22.953  270.520
2023-09-21T02:34:30Z  512.321  -86.380  -25.312  6.71926E-16  SWARM-A  0.999  272.423
2023-09-21T02:35:00Z  512.217  -84.897  -9.722  6.52698E-16  SWARM-A  2.046  274.326
2023-09-21T02:35:30Z  512.064  -83.208  -1.532  6.34306E-16  SWARM-A  2.601  276.230
2023-09-21T02:36:00Z  511.861  -81.434  3.298  6.16714E-16  SWARM-A  2.931  278.133
2023-09-21T02:36:30Z  511.610  -79.619  6.423  5.99430E-16  SWARM-A  3.148  280.036
2023-09-21T02:37:00Z  511.311  -77.780  8.585  5.82775E-16  SWARM-A  3.300  281.939
2023-09-21T02:37:30Z  510.966  -75.927  10.154  5.66944E-16  SWARM-A  3.413  283.842
2023-09-21T02:38:00Z  510.575  -74.064  11.335  5.51901E-16  SWARM-A  3.500  285.746
2023-09-21T02:38:30Z  510.141  -72.195  12.249  5.37650E-16  SWARM-A  3.570  287.649
2023-09-21T02:39:00Z  509.664  -70.320  12.972  5.24129E-16  SWARM-A  3.626  289.553
2023-09-21T02:39:30Z  509.146  -68.442  13.552  5.11351E-16  SWARM-A  3.673  291.456
2023-09-21T02:40:00Z  508.590  -66.560  14.024  4.99305E-16  SWARM-A  3.713  293.360
2023-09-21T02:40:30Z  507.996  -64.676  14.412  4.87968E-16  SWARM-A  3.747  295.264
2023-09-21T02:41:00Z  507.369  -62.790  14.733  4.77343E-16  SWARM-A  3.777  297.168
2023-09-21T02:41:30Z  506.708  -60.901  15.001  4.67381E-16  SWARM-A  3.803  299.072
2023-09-21T02:42:00Z  506.018  -59.011  15.225  4.58117E-16  SWARM-A  3.826  300.976
2023-09-21T02:42:30Z  505.300  -57.119  15.413  4.49752E-16  SWARM-A  3.847  302.880
2023-09-21T02:43:00Z  504.557  -55.226  15.570  4.42083E-16  SWARM-A  3.866  304.785
2023-09-21T02:43:30Z  503.792  -53.331  15.702  4.35036E-16  SWARM-A  3.883  306.689
2023-09-21T02:44:00Z  503.007  -51.435  15.811  4.28498E-16  SWARM-A  3.899  308.594
2023-09-21T02:44:30Z  502.205  -49.538  15.903  4.22600E-16  SWARM-A  3.913  310.498
2023-09-21T02:45:00Z  501.389  -47.639  15.978  4.17246E-16  SWARM-A  3.926  312.403
2023-09-21T02:45:30Z  500.561  -45.739  16.039  4.12486E-16  SWARM-A  3.939  314.308
2023-09-21T02:46:00Z  499.726  -43.837  16.088  4.08263E-16  SWARM-A  3.951  316.214
2023-09-21T02:46:30Z  498.885  -41.935  16.126  4.04587E-16  SWARM-A  3.961  318.119
2023-09-21T02:47:00Z  498.042  -40.031  16.155  4.01631E-16  SWARM-A  3.972  320.025
2023-09-21T02:47:30Z  497.199  -38.126  16.176  3.99335E-16  SWARM-A  3.981  321.930
2023-09-21T02:48:00Z  496.360  -36.221  16.189  3.97712E-16  SWARM-A  3.991  323.836
2023-09-21T02:48:30Z  495.526  -34.314  16.195  3.96819E-16  SWARM-A  3.999  325.742
2023-09-21T02:49:00Z  494.702  -32.406  16.196  3.96596E-16  SWARM-A  4.008  327.649
2023-09-21T02:49:30Z  493.890  -30.497  16.192  3.96973E-16  SWARM-A  4.016  329.555
2023-09-21T02:50:00Z  493.093  -28.587  16.183  3.97900E-16  SWARM-A  4.024  331.462
2023-09-21T02:50:30Z  492.312  -26.676  16.170  3.99824E-16  SWARM-A  4.031  333.368
2023-09-21T02:51:00Z  491.551  -24.764  16.153  4.02180E-16  SWARM-A  4.038  335.275
2023-09-21T02:51:30Z  490.813  -22.851  16.133  4.05131E-16  SWARM-A  4.045  337.183
2023-09-21T02:52:00Z  490.098  -20.937  16.110  4.09042E-16  SWARM-A  4.052  339.090
2023-09-21T02:52:30Z  489.411  -19.023  16.085  4.13399E-16  SWARM-A  4.059  340.997
2023-09-21T02:53:00Z  488.752  -17.108  16.057  4.18454E-16  SWARM-A  4.065  342.905
2023-09-21T02:53:30Z  488.124  -15.192  16.027  4.23908E-16  SWARM-A  4.072  344.813
2023-09-21T02:54:00Z  487.528  -13.276  15.996  4.30080E-16  SWARM-A  4.078  346.721
2023-09-21T02:54:30Z  486.967  -11.359  15.963  4.36420E-16  SWARM-A  4.084  348.629
2023-09-21T02:55:00Z  486.441  -9.441  15.929  4.43072E-16  SWARM-A  4.090  350.538
2023-09-21T02:55:30Z  485.952  -7.523  15.894  4.50089E-16  SWARM-A  4.096  352.446
2023-09-21T02:56:00Z  485.501  -5.605  15.859  4.57278E-16  SWARM-A  4.102  354.355
2023-09-21T02:56:30Z  485.089  -3.686  15.822  4.64637E-16  SWARM-A  4.108  356.264
2023-09-21T02:57:00Z  484.718  -1.767  15.786  4.72103E-16  SWARM-A  4.114  358.173
2023-09-21T02:57:30Z  484.387  0.152  15.749  4.79552E-16  SWARM-A  4.120  0.083
2023-09-21T02:58:00Z  484.097  2.071  15.712  4.87050E-16  SWARM-A  4.125  1.992
2023-09-21T02:58:30Z  483.848  3.991  15.675  4.94569E-16  SWARM-A  4.131  3.902
2023-09-21T02:59:00Z  483.641  5.910  15.639  5.02057E-16  SWARM-A  4.137  5.812
2023-09-21T02:59:30Z  483.475  7.830  15.603  5.09332E-16  SWARM-A  4.143  7.722
2023-09-21T03:00:00Z  483.349  9.749  15.568  5.16730E-16  SWARM-A  4.149  9.632
2023-09-21T03:00:30Z  483.264  11.669  15.535  5.23886E-16  SWARM-A  4.155  11.542
2023-09-21T03:01:00Z  483.219  13.588  15.502  5.30960E-16  SWARM-A  4.162  13.453
2023-09-21T03:01:30Z  483.213  15.507  15.471  5.37912E-16  SWARM-A  4.168  15.364
2023-09-21T03:02:00Z  483.245  17.425  15.442  5.44785E-16  SWARM-A  4.174  17.274
2023-09-21T03:02:30Z  483.314  19.344  15.415  5.51569E-16  SWARM-A  4.181  19.185
2023-09-21T03:03:00Z  483.418  21.262  15.390  5.58305E-16  SWARM-A  4.187  21.096
2023-09-21T03:03:30Z  483.556  23.179  15.368  5.64998E-16  SWARM-A  4.194  23.008
2023-09-21T03:04:00Z  483.727  25.096  15.349  5.71636E-16  SWARM-A  4.201  24.919
2023-09-21T03:04:30Z  483.929  27.012  15.333  5.78188E-16  SWARM-A  4.209  26.831
2023-09-21T03:05:00Z  484.159  28.928  15.321  5.84772E-16  SWARM-A  4.216  28.742
2023-09-21T03:05:30Z  484.417  30.843  15.313  5.91304E-16  SWARM-A  4.224  30.654
2023-09-21T03:06:00Z  484.699  32.757  15.310  5.97844E-16  SWARM-A  4.232  32.566
2023-09-21T03:06:30Z  485.005  34.671  15.312  6.04432E-16  SWARM-A  4.241  34.478
2023-09-21T03:07:00Z  485.331  36.584  15.320  6.11069E-16  SWARM-A  4.249  36.390
2023-09-21T03:07:30Z  485.675  38.496  15.335  6.17775E-16  SWARM-A  4.259  38.302
2023-09-21T03:08:00Z  486.035  40.407  15.358  6.24574E-16  SWARM-A  4.269  40.215
2023-09-21T03:08:30Z  486.409  42.318  15.389  6.31352E-16  SWARM-A  4.279  42.127
2023-09-21T03:09:00Z  486.793  44.227  15.430  6.38251E-16  SWARM-A  4.290  44.040
2023-09-21T03:09:30Z  487.187  46.135  15.482  6.45292E-16  SWARM-A  4.302  45.952
2023-09-21T03:10:00Z  487.586  48.043  15.546  6.52488E-16  SWARM-A  4.314  47.865
2023-09-21T03:10:30Z  487.990  49.949  15.626  6.59922E-16  SWARM-A  4.328  49.778
2023-09-21T03:11:00Z  488.394  51.855  15.722  6.67618E-16  SWARM-A  4.343  51.691
2023-09-21T03:11:30Z  488.798  53.759  15.837  6.75750E-16  SWARM-A  4.359  53.604
2023-09-21T03:12:00Z  489.198  55.662  15.975  6.84396E-16  SWARM-A  4.376  55.517
2023-09-21T03:12:30Z  489.592  57.563  16.140  6.93698E-16  SWARM-A  4.396  57.430
2023-09-21T03:13:00Z  489.978  59.464  16.338  7.03672E-16  SWARM-A  4.417  59.343
2023-09-21T03:13:30Z  490.354  61.362  16.573  7.14227E-16  SWARM-A  4.441  61.256
2023-09-21T03:14:00Z  490.717  63.259  16.855  7.25163E-16  SWARM-A  4.468  63.169
2023-09-21T03:14:30Z  491.066  65.155  17.194  7.36360E-16  SWARM-A  4.499  65.082
2023-09-21T03:15:00Z  491.398  67.048  17.604  7.47770E-16  SWARM-A  4.535  66.996
2023-09-21T03:15:30Z  491.712  68.938  18.105  7.59401E-16  SWARM-A  4.577  68.909
2023-09-21T03:16:00Z  492.006  70.825  18.723  7.71393E-16  SWARM-A  4.626  70.823
2023-09-21T03:16:30Z  492.278  72.708  19.496  7.83834E-16  SWARM-A  4.686  72.736
2023-09-21T03:17:00Z  492.527  74.586  20.480  7.96848E-16  SWARM-A  4.760  74.650
2023-09-21T03:17:30Z  492.751  76.456  21.763  8.10419E-16  SWARM-A  4.854  76.563
2023-09-21T03:18:00Z  492.950  78.316  23.487  8.24626E-16  SWARM-A  4.977  78.477
2023-09-21T03:18:30Z  493.122  80.159  25.894  8.39341E-16  SWARM-A  5.146  80.390
2023-09-21T03:19:00Z  493.266  81.974  29.444  8.54611E-16  SWARM-A  5.391  82.304
2023-09-21T03:19:30Z  493.382  83.738  35.082  8.70337E-16  SWARM-A  5.775  84.217
2023-09-21T03:20:00Z  493.468  85.392  45.008  8.86479E-16  SWARM-A  6.445  86.131
2023-09-21T03:20:30Z  493.526  86.761  64.569  9.02967E-16  SWARM-A  7.758  88.044
2023-09-21T03:21:00Z  493.553  87.359  100.409  9.20135E-16  SWARM-A  10.155  89.958
2023-09-21T03:21:30Z  493.551  86.731  135.865  9.38831E-16  SWARM-A  12.527  91.871
2023-09-21T03:22:00Z  493.519  85.349  155.050  9.58564E-16  SWARM-A  13.815  93.785
2023-09-21T03:22:30Z  493.458  83.691  164.808  9.79095E-16  SWARM-A  14.474  95.698
2023-09-21T03:23:00Z  493.367  81.925  170.369  1.00044E-15  SWARM-A  14.853  97.612
2023-09-21T03:23:30Z  493.248  80.109  173.878  1.02294E-15  SWARM-A  15.095  99.525
2023-09-21T03:24:00Z  493.102  78.265  176.262  1.04664E-15  SWARM-A  15.262  101.439
2023-09-21T03:24:30Z  492.928  76.405  177.971  1.07151E-15  SWARM-A  15.385  103.352
2023-09-21T03:25:00Z  492.729  74.535  179.244  1.09731E-15  SWARM-A  15.478  105.266
2023-09-21T03:25:30Z  492.505  72.657  -179.778  1.12388E-15  SWARM-A  15.551  107.179
2023-09-21T03:26:00Z  492.258  70.774  -179.010  1.15069E-15  SWARM-A  15.611  109.092
2023-09-21T03:26:30Z  491.988  68.887  -178.396  1.17743E-15  SWARM-A  15.660  111.006
2023-09-21T03:27:00Z  491.699  66.997  -177.898  1.20388E-15  SWARM-A  15.702  112.919
2023-09-21T03:27:30Z  491.391  65.104  -177.490  1.22996E-15  SWARM-A  15.737  114.832
2023-09-21T03:28:00Z  491.066  63.209  -177.153  1.25556E-15  SWARM-A  15.768  116.745
2023-09-21T03:28:30Z  490.726  61.312  -176.872  1.28069E-15  SWARM-A  15.795  118.658
2023-09-21T03:29:00Z  490.373  59.414  -176.638  1.30526E-15  SWARM-A  15.819  120.571
2023-09-21T03:29:30Z  490.010  57.514  -176.442  1.32912E-15  SWARM-A  15.840  122.484
2023-09-21T03:30:00Z  489.638  55.612  -176.278  1.35219E-15  SWARM-A  15.860  124.397
2023-09-21T03:30:30Z  489.260  53.709  -176.140  1.37432E-15  SWARM-A  15.877  126.310
2023-09-21T03:31:00Z  488.878  51.805  -176.025  1.39543E-15  SWARM-A  15.893  128.222
2023-09-21T03:31:30Z  488.494  49.900  -175.930  1.41537E-15  SWARM-A  15.908  130.135
2023-09-21T03:32:00Z  488.112  47.994  -175.851  1.43415E-15  SWARM-A  15.921  132.047
2023-09-21T03:32:30Z  487.732  46.087  -175.787  1.45170E-15  SWARM-A  15.934  133.960
2023-09-21T03:33:00Z  487.358  44.179  -175.735  1.46803E-15  SWARM-A  15.946  135.872
2023-09-21T03:33:30Z  486.993  42.270  -175.694  1.48320E-15  SWARM-A  15.957  137.784
2023-09-21T03:34:00Z  486.638  40.360  -175.663  1.49720E-15  SWARM-A  15.967  139.696
2023-09-21T03:34:30Z  486.296  38.449  -175.641  1.51018E-15  SWARM-A  15.977  141.608
2023-09-21T03:35:00Z  485.969  36.537  -175.626  1.52216E-15  SWARM-A  15.986  143.520
2023-09-21T03:35:30Z  485.660  34.625  -175.618  1.53332E-15  SWARM-A  15.995  145.432
2023-09-21T03:36:00Z  485.372  32.711  -175.616  1.54374E-15  SWARM-A  16.004  147.343
2023-09-21T03:36:30Z  485.105  30.797  -175.620  1.55351E-15  SWARM-A  16.012  149.255
2023-09-21T03:37:00Z  484.863  28.883  -175.628  1.56275E-15  SWARM-A  16.020  151.166
2023-09-21T03:37:30Z  484.647  26.967  -175.640  1.57150E-15  SWARM-A  16.027  153.077
2023-09-21T03:38:00Z  484.459  25.051  -175.656  1.57980E-15  SWARM-A  16.034  154.989
2023-09-21T03:38:30Z  484.301  23.135  -175.675  1.58769E-15  SWARM-A  16.042  156.900
2023-09-21T03:39:00Z  484.175  21.218  -175.697  1.59522E-15  SWARM-A  16.048  158.810
2023-09-21T03:39:30Z  484.082  19.301  -175.722  1.60233E-15  SWARM-A  16.055  160.721
2023-09-21T03:40:00Z  484.024  17.383  -175.750  1.60896E-15  SWARM-A  16.062  162.632
2023-09-21T03:40:30Z  484.002  15.464  -175.779  1.61507E-15  SWARM-A  16.068  164.542
2023-09-21T03:41:00Z  484.017  13.546  -175.810  1.62057E-15  SWARM-A  16.074  166.452
2023-09-21T03:41:30Z  484.070  11.627  -175.843  1.62533E-15  SWARM-A  16.080  168.362
2023-09-21T03:42:00Z  484.162  9.708  -175.876  1.62926E-15  SWARM-A  16.086  170.272
2023-09-21T03:42:30Z  484.294  7.789  -175.911  1.63230E-15  SWARM-A  16.092  172.182
2023-09-21T03:43:00Z  484.466  5.870  -175.947  1.63431E-15  SWARM-A  16.098  174.091
2023-09-21T03:43:30Z  484.677  3.951  -175.983  1.63523E-15  SWARM-A  16.104  176.001
2023-09-21T03:44:00Z  484.930  2.032  -176.020  1.63498E-15  SWARM-A  16.110  177.910
2023-09-21T03:44:30Z  485.222  0.113  -176.057  1.63348E-15  SWARM-A  16.116  179.819
2023-09-21T03:45:00Z  485.555  -1.806  -176.094  1.63069E-15  SWARM-A  16.122  181.728
2023-09-21T03:45:30Z  485.927  -3.724  -176.130  1.62660E-15  SWARM-A  16.128  183.637
2023-09-21T03:46:00Z  486.338  -5.642  -176.167  1.62120E-15  SWARM-A  16.134  185.545
2023-09-21T03:46:30Z  486.788  -7.560  -176.203  1.61446E-15  SWARM-A  16.140  187.454
2023-09-21T03:47:00Z  487.274  -9.478  -176.238  1.60644E-15  SWARM-A  16.146  189.362
2023-09-21T03:47:30Z  487.797  -11.395  -176.272  1.59730E-15  SWARM-A  16.152  191.270
2023-09-21T03:48:00Z  488.354  -13.311  -176.304  1.58671E-15  SWARM-A  16.158  193.178
2023-09-21T03:48:30Z  488.944  -15.227  -176.336  1.57492E-15  SWARM-A  16.164  195.085
2023-09-21T03:49:00Z  489.566  -17.142  -176.365  1.56201E-15  SWARM-A  16.171  196.993
2023-09-21T03:49:30Z  490.218  -19.057  -176.393  1.54805E-15  SWARM-A  16.177  198.900
2023-09-21T03:50:00Z  490.897  -20.971  -176.419  1.53304E-15  SWARM-A  16.184  200.807
2023-09-21T03:50:30Z  491.602  -22.884  -176.442  1.51703E-15  SWARM-A  16.190  202.714
2023-09-21T03:51:00Z  492.331  -24.796  -176.462  1.50005E-15  SWARM-A  16.197  204.621
2023-09-21T03:51:30Z  493.080  -26.708  -176.478  1.48208E-15  SWARM-A  16.205  206.527
2023-09-21T03:52:00Z  493.849  -28.618  -176.491  1.46315E-15  SWARM-A  16.212  208.434
2023-09-21T03:52:30Z  494.633  -30.528  -176.500  1.44366E-15  SWARM-A  16.220  210.340
2023-09-21T03:53:00Z  495.432  -32.437  -176.505  1.42352E-15  SWARM-A  16.228  212.246
2023-09-21T03:53:30Z  496.241  -34.344  -176.504  1.40241E-15  SWARM-A  16.236  214.152
2023-09-21T03:54:00Z  497.058  -36.251  -176.497  1.38037E-15  SWARM-A  16.245  216.057
2023-09-21T03:54:30Z  497.881  -38.156  -176.484  1.35741E-15  SWARM-A  16.254  217.963
2023-09-21T03:55:00Z  498.707  -40.061  -176.463  1.33353E-15  SWARM-A  16.264  219.868
2023-09-21T03:55:30Z  499.532  -41.964  -176.435  1.30894E-15  SWARM-A  16.274  221.773
2023-09-21T03:56:00Z  500.354  -43.866  -176.396  1.28364E-15  SWARM-A  16.285  223.678
2023-09-21T03:56:30Z  501.170  -45.767  -176.347  1.25772E-15  SWARM-A  16.297  225.583
2023-09-21T03:57:00Z  501.977  -47.667  -176.286  1.23117E-15  SWARM-A  16.309  227.488
2023-09-21T03:57:30Z  502.772  -49.565  -176.211  1.20399E-15  SWARM-A  16.323  229.393
2023-09-21T03:58:00Z  503.552  -51.462  -176.119  1.17610E-15  SWARM-A  16.337  231.297
2023-09-21T03:58:30Z  504.315  -53.358  -176.009  1.14732E-15  SWARM-A  16.353  233.201
2023-09-21T03:59:00Z  505.058  -55.253  -175.877  1.11764E-15  SWARM-A  16.370  235.106
2023-09-21T03:59:30Z  505.778  -57.146  -175.720  1.08715E-15  SWARM-A  16.389  237.010
2023-09-21T04:00:00Z  506.472  -59.037  -175.532  1.05646E-15  SWARM-A  16.409  238.914
2023-09-21T04:00:30Z  507.139  -60.927  -175.308  1.02629E-15  SWARM-A  16.433  240.817
2023-09-21T04:01:00Z  507.775  -62.815  -175.040  9.97283E-16  SWARM-A  16.459  242.721
2023-09-21T04:01:30Z  508.378  -64.701  -174.718  9.69809E-16  SWARM-A  16.489  244.625
2023-09-21T04:02:00Z  508.946  -66.585  -174.329  9.43773E-16  SWARM-A  16.523  246.528
2023-09-21T04:02:30Z  509.477  -68.466  -173.856  9.19049E-16  SWARM-A  16.563  248.432
2023-09-21T04:03:00Z  509.969  -70.345  -173.275  8.95212E-16  SWARM-A  16.610  250.335
2023-09-21T04:03:30Z  510.421  -72.219  -172.551  8.72009E-16  SWARM-A  16.667  252.239
2023-09-21T04:04:00Z  510.830  -74.088  -171.634  8.49031E-16  SWARM-A  16.736  254.142
2023-09-21T04:04:30Z  511.194  -75.951  -170.450  8.26053E-16  SWARM-A  16.823  256.045
2023-09-21T04:05:00Z  511.514  -77.804  -168.875  8.03262E-16  SWARM-A  16.937  257.948
2023-09-21T04:05:30Z  511.787  -79.642  -166.705  7.80615E-16  SWARM-A  17.090  259.852
2023-09-21T04:06:00Z  512.012  -81.457  -163.566  7.58201E-16  SWARM-A  17.307  261.755
2023-09-21T04:06:30Z  512.188  -83.230  -158.709  7.36102E-16  SWARM-A  17.639  263.658
2023-09-21T04:07:00Z  512.316  -84.918  -150.461  7.14365E-16  SWARM-A  18.198  265.561
2023-09-21T04:07:30Z  512.393  -86.397  -134.737  6.93018E-16  SWARM-A  19.254  267.464
2023-09-21T04:08:00Z  512.421  -87.300  -103.955  6.71949E-16  SWARM-A  21.315  269.367
2023-09-21T04:08:30Z  512.398  -87.044  -65.330  6.51645E-16  SWARM-A  23.898  271.270
2023-09-21T04:09:00Z  512.326  -85.836  -41.503  6.32657E-16  SWARM-A  1.495  273.173
2023-09-21T04:09:30Z  512.203  -84.247  -29.570  6.14639E-16  SWARM-A  2.299  275.076
2023-09-21T04:10:00Z  512.031  -82.517  -23.006  5.97426E-16  SWARM-A  2.745  276.979
2023-09-21T04:10:30Z  511.809  -80.723  -18.977  5.81018E-16  SWARM-A  3.022  278.882
2023-09-21T04:11:00Z  511.540  -78.897  -16.293  5.65368E-16  SWARM-A  3.209  280.785
2023-09-21T04:11:30Z  511.224  -77.052  -14.398  5.50490E-16  SWARM-A  3.343  282.689
2023-09-21T04:12:00Z  510.861  -75.194  -13.001  5.36311E-16  SWARM-A  3.445  284.592
2023-09-21T04:12:30Z  510.453  -73.329  -11.936  5.22832E-16  SWARM-A  3.524  286.495
2023-09-21T04:13:00Z  510.003  -71.457  -11.106  5.10164E-16  SWARM-A  3.588  288.399
2023-09-21T04:13:30Z  509.510  -69.581  -10.445  4.98510E-16  SWARM-A  3.640  290.302
2023-09-21T04:14:00Z  508.977  -67.701  -9.911  4.87607E-16  SWARM-A  3.684  292.206
2023-09-21T04:14:30Z  508.407  -65.819  -9.474  4.77519E-16  SWARM-A  3.722  294.110
2023-09-21T04:15:00Z  507.800  -63.934  -9.115  4.68290E-16  SWARM-A  3.754  296.013
2023-09-21T04:15:30Z  507.159  -62.047  -8.816  4.59890E-16  SWARM-A  3.782  297.917
2023-09-21T04:16:00Z  506.487  -60.158  -8.567  4.52250E-16  SWARM-A  3.807  299.821
2023-09-21T04:16:30Z  505.786  -58.267  -8.358  4.45293E-16  SWARM-A  3.829  301.726
2023-09-21T04:17:00Z  505.058  -56.374  -8.183  4.39027E-16  SWARM-A  3.849  303.630
2023-09-21T04:17:30Z  504.306  -54.480  -8.036  4.33341E-16  SWARM-A  3.868  305.534
2023-09-21T04:18:00Z  503.533  -52.585  -7.914  4.28238E-16  SWARM-A  3.884  307.439
2023-09-21T04:18:30Z  502.740  -50.688  -7.812  4.23647E-16  SWARM-A  3.899  309.343
2023-09-21T04:19:00Z  501.932  -48.790  -7.727  4.19549E-16  SWARM-A  3.913  311.248
2023-09-21T04:19:30Z  501.111  -46.891  -7.658  4.15942E-16  SWARM-A  3.926  313.153
2023-09-21T04:20:00Z  500.280  -44.991  -7.602  4.12829E-16  SWARM-A  3.938  315.058
2023-09-21T04:20:30Z  499.442  -43.089  -7.557  4.10233E-16  SWARM-A  3.950  316.964
2023-09-21T04:21:00Z  498.599  -41.186  -7.523  4.08326E-16  SWARM-A  3.960  318.869
2023-09-21T04:21:30Z  497.755  -39.282  -7.498  4.06493E-16  SWARM-A  3.970  320.775
2023-09-21T04:22:00Z  496.913  -37.377  -7.480  4.04997E-16  SWARM-A  3.980  322.680
2023-09-21T04:22:30Z  496.075  -35.470  -7.470  4.03991E-16  SWARM-A  3.989  324.586
2023-09-21T04:23:00Z  495.244  -33.563  -7.465  4.03487E-16  SWARM-A  3.997  326.492
2023-09-21T04:23:30Z  494.423  -31.655  -7.467  4.03481E-16  SWARM-A  4.006  328.399
2023-09-21T04:24:00Z  493.616  -29.745  -7.473  4.03994E-16  SWARM-A  4.014  330.305
2023-09-21T04:24:30Z  492.824  -27.835  -7.484  4.05006E-16  SWARM-A  4.021  332.212
2023-09-21T04:25:00Z  492.050  -25.924  -7.498  4.06537E-16  SWARM-A  4.028  334.119
2023-09-21T04:25:30Z  491.297  -24.011  -7.517  4.08579E-16  SWARM-A  4.036  336.026
2023-09-21T04:26:00Z  490.566  -22.098  -7.538  4.11167E-16  SWARM-A  4.043  337.933
2023-09-21T04:26:30Z  489.862  -20.184  -7.562  4.14523E-16  SWARM-A  4.049  339.840
2023-09-21T04:27:00Z  489.184  -18.270  -7.588  4.18353E-16  SWARM-A  4.056  341.748
2023-09-21T04:27:30Z  488.537  -16.355  -7.617  4.22588E-16  SWARM-A  4.062  343.656
2023-09-21T04:28:00Z  487.920  -14.439  -7.647  4.27177E-16  SWARM-A  4.069  345.563
2023-09-21T04:28:30Z  487.337  -12.522  -7.679  4.32106E-16  SWARM-A  4.075  347.472
2023-09-21T04:29:00Z  486.788  -10.605  -7.712  4.37277E-16  SWARM-A  4.081  349.380
2023-09-21T04:29:30Z  486.276  -8.687  -7.747  4.42693E-16  SWARM-A  4.087  351.288
2023-09-21T04:30:00Z  485.801  -6.769  -7.782  4.48244E-16  SWARM-A  4.093  353.197
2023-09-21T04:30:30Z  485.365  -4.851  -7.818  4.53879E-16  SWARM-A  4.099  355.106
2023-09-21T04:31:00Z  484.968  -2.932  -7.855  4.59582E-16  SWARM-A  4.105  357.015
2023-09-21T04:31:30Z  484.611  -1.013  -7.892  4.65014E-16  SWARM-A  4.111  358.924
2023-09-21T04:32:00Z  484.295  0.907  -7.928  4.70234E-16  SWARM-A  4.117  0.834
2023-09-21T04:32:30Z  484.019  2.826  -7.965  4.75390E-16  SWARM-A  4.122  2.743
2023-09-21T04:33:00Z  483.785  4.746  -8.002  4.80445E-16  SWARM-A  4.128  4.653
2023-09-21T04:33:30Z  483.593  6.665  -8.038  4.85427E-16  SWARM-A  4.134  6.563
2023-09-21T04:34:00Z  483.441  8.585  -8.073  4.90264E-16  SWARM-A  4.140  8.473
2023-09-21T04:34:30Z  483.330  10.504  -8.108  4.94992E-16  SWARM-A  4.146  10.383
2023-09-21T04:35:00Z  483.258  12.423  -8.141  4.99595E-16  SWARM-A  4.152  12.294
2023-09-21T04:35:30Z  483.227  14.342  -8.173  5.04056E-16  SWARM-A  4.159  14.204
2023-09-21T04:36:00Z  483.234  16.261  -8.203  5.08427E-16  SWARM-A  4.165  16.115
2023-09-21T04:36:30Z  483.278  18.180  -8.232  5.12697E-16  SWARM-A  4.171  18.026
2023-09-21T04:37:00Z  483.359  20.098  -8.258  5.16967E-16  SWARM-A  4.178  19.937
2023-09-21T04:37:30Z  483.474  22.015  -8.282  5.21142E-16  SWARM-A  4.185  21.848
2023-09-21T04:38:00Z  483.623  23.933  -8.303  5.25318E-16  SWARM-A  4.192  23.759
2023-09-21T04:38:30Z  483.804  25.849  -8.321  5.29544E-16  SWARM-A  4.199  25.671
2023-09-21T04:39:00Z  484.015  27.765  -8.335  5.33827E-16  SWARM-A  4.206  27.582
2023-09-21T04:39:30Z  484.254  29.681  -8.346  5.38195E-16  SWARM-A  4.214  29.494
2023-09-21T04:40:00Z  484.520  31.596  -8.352  5.42678E-16  SWARM-A  4.222  31.406
2023-09-21T04:40:30Z  484.809  33.510  -8.353  5.47289E-16  SWARM-A  4.230  33.318
2023-09-21T04:41:00Z  485.120  35.423  -8.349  5.52015E-16  SWARM-A  4.239  35.230
2023-09-21T04:41:30Z  485.451  37.336  -8.338  5.56905E-16  SWARM-A  4.248  37.142
2023-09-21T04:42:00Z  485.799  39.248  -8.320  5.61973E-16  SWARM-A  4.257  39.054
2023-09-21T04:42:30Z  486.163  41.158  -8.294  5.67148E-16  SWARM-A  4.267  40.967
2023-09-21T04:43:00Z  486.539  43.068  -8.260  5.72549E-16  SWARM-A  4.278  42.879
2023-09-21T04:43:30Z  486.925  44.978  -8.215  5.78207E-16  SWARM-A  4.289  44.792
2023-09-21T04:44:00Z  487.318  46.886  -8.158  5.84145E-16  SWARM-A  4.301  46.704
2023-09-21T04:44:30Z  487.717  48.793  -8.088  5.90455E-16  SWARM-A  4.314  48.617
2023-09-21T04:45:00Z  488.119  50.699  -8.002  5.97240E-16  SWARM-A  4.328  50.530
2023-09-21T04:45:30Z  488.521  52.604  -7.899  6.04574E-16  SWARM-A  4.344  52.443
2023-09-21T04:46:00Z  488.921  54.507  -7.775  6.12615E-16  SWARM-A  4.360  54.356
2023-09-21T04:46:30Z  489.317  56.410  -7.627  6.21459E-16  SWARM-A  4.378  56.269
2023-09-21T04:47:00Z  489.705  58.311  -7.450  6.31119E-16  SWARM-A  4.398  58.182
2023-09-21T04:47:30Z  490.085  60.211  -7.239  6.41477E-16  SWARM-A  4.421  60.095
2023-09-21T04:48:00Z  490.454  62.109  -6.986  6.52373E-16  SWARM-A  4.446  62.008
2023-09-21T04:48:30Z  490.809  64.005  -6.683  6.63709E-16  SWARM-A  4.475  63.922
2023-09-21T04:49:00Z  491.148  65.900  -6.318  6.75443E-16  SWARM-A  4.507  65.835
2023-09-21T04:49:30Z  491.471  67.792  -5.875  6.87656E-16  SWARM-A  4.545  67.749
2023-09-21T04:50:00Z  491.774  69.681  -5.332  7.00423E-16  SWARM-A  4.590  69.662
2023-09-21T04:50:30Z  492.057  71.566  -4.659  7.13865E-16  SWARM-A  4.643  71.575
2023-09-21T04:51:00Z  492.317  73.448  -3.811  7.27966E-16  SWARM-A  4.708  73.489
2023-09-21T04:51:30Z  492.554  75.323  -2.722  7.42761E-16  SWARM-A  4.789  75.402
2023-09-21T04:52:00Z  492.766  77.189  -1.287  7.58230E-16  SWARM-A  4.893  77.316
2023-09-21T04:52:30Z  492.951  79.044  0.668  7.74356E-16  SWARM-A  5.031  79.230
2023-09-21T04:53:00Z  493.109  80.878  3.452  7.91137E-16  SWARM-A  5.225  81.143
2023-09-21T04:53:30Z  493.239  82.677  7.666  8.08561E-16  SWARM-A  5.515  83.057
2023-09-21T04:54:00Z  493.341  84.408  14.612  8.26579E-16  SWARM-A  5.986  84.970
2023-09-21T04:54:30Z  493.414  85.982  27.429  8.45223E-16  SWARM-A  6.849  86.884
2023-09-21T04:55:00Z  493.457  87.129  53.132  8.64490E-16  SWARM-A  8.571  88.797
2023-09-21T04:55:30Z  493.470  87.248  92.487  8.85071E-16  SWARM-A  11.203  90.711
2023-09-21T04:56:00Z  493.454  86.241  121.423  9.07287E-16  SWARM-A  13.140  92.625
2023-09-21T04:56:30Z  493.408  84.716  135.968  9.30526E-16  SWARM-A  14.118  94.538
2023-09-21T04:57:00Z  493.333  83.005  143.678  9.54749E-16  SWARM-A  14.640  96.452
2023-09-21T04:57:30Z  493.229  81.215  148.268  9.79916E-16  SWARM-A  14.955  98.365
2023-09-21T04:58:00Z  493.097  79.386  151.259  1.00598E-15  SWARM-A  15.162  100.279
2023-09-21T04:58:30Z  492.938  77.535  153.338  1.03277E-15  SWARM-A  15.309  102.192
2023-09-21T04:59:00Z  492.752  75.670  154.854  1.05986E-15  SWARM-A  15.419  104.106
2023-09-21T04:59:30Z  492.541  73.796  155.998  1.08707E-15  SWARM-A  15.503  106.019
2023-09-21T05:00:00Z  492.306  71.916  156.884  1.11422E-15  SWARM-A  15.571  107.933
2023-09-21T05:00:30Z  492.048  70.031  157.586  1.14106E-15  SWARM-A  15.626  109.846
2023-09-21T05:01:00Z  491.769  68.143  158.151  1.16754E-15  SWARM-A  15.672  111.759
2023-09-21T05:01:30Z  491.471  66.252  158.611  1.19360E-15  SWARM-A  15.711  113.673
2023-09-21T05:02:00Z  491.154  64.358  158.989  1.21915E-15  SWARM-A  15.744  115.586
2023-09-21T05:02:30Z  490.822  62.462  159.302  1.24402E-15  SWARM-A  15.774  117.499
2023-09-21T05:03:00Z  490.476  60.564  159.563  1.26814E-15  SWARM-A  15.799  119.412
2023-09-21T05:03:30Z  490.118  58.665  159.781  1.29147E-15  SWARM-A  15.822  121.325
2023-09-21T05:04:00Z  489.750  56.764  159.964  1.31494E-15  SWARM-A  15.843  123.238
2023-09-21T05:04:30Z  489.374  54.862  160.117  1.33776E-15  SWARM-A  15.861  125.151
2023-09-21T05:05:00Z  488.993  52.959  160.246  1.35952E-15  SWARM-A  15.878  127.063
2023-09-21T05:05:30Z  488.609  51.055  160.352  1.38026E-15  SWARM-A  15.894  128.976
2023-09-21T05:06:00Z  488.225  49.149  160.441  1.39996E-15  SWARM-A  15.908  130.889
2023-09-21T05:06:30Z  487.843  47.242  160.514  1.41709E-15  SWARM-A  15.921  132.801
2023-09-21T05:07:00Z  487.465  45.335  160.573  1.43181E-15  SWARM-A  15.933  134.714
2023-09-21T05:07:30Z  487.093  43.426  160.620  1.44550E-15  SWARM-A  15.945  136.626
2023-09-21T05:08:00Z  486.731  41.517  160.657  1.45826E-15  SWARM-A  15.956  138.538
2023-09-21T05:08:30Z  486.381  39.606  160.684  1.47013E-15  SWARM-A  15.966  140.450
2023-09-21T05:09:00Z  486.045  37.695  160.703  1.48117E-15  SWARM-A  15.975  142.362
2023-09-21T05:09:30Z  485.725  35.783  160.715  1.49332E-15  SWARM-A  15.985  144.274
2023-09-21T05:10:00Z  485.424  33.870  160.721  1.50556E-15  SWARM-A  15.993  146.186
2023-09-21T05:10:30Z  485.144  31.956  160.720  1.51729E-15  SWARM-A  16.002  148.098
2023-09-21T05:11:00Z  484.887  30.042  160.715  1.52850E-15  SWARM-A  16.010  150.009
2023-09-21T05:11:30Z  484.656  28.127  160.705  1.53922E-15  SWARM-A  16.017  151.921
2023-09-21T05:12:00Z  484.451  26.211  160.692  1.54950E-15  SWARM-A  16.025  153.832
2023-09-21T05:12:30Z  484.276  24.295  160.674  1.55781E-15  SWARM-A  16.032  155.743
2023-09-21T05:13:00Z  484.132  22.378  160.654  1.56447E-15  SWARM-A  16.039  157.654
2023-09-21T05:13:30Z  484.020  20.461  160.630  1.57069E-15  SWARM-A  16.046  159.565
2023-09-21T05:14:00Z  483.942  18.543  160.604  1.57652E-15  SWARM-A  16.052  161.475
2023-09-21T05:14:30Z  483.899  16.625  160.576  1.58186E-15  SWARM-A  16.059  163.386
2023-09-21T05:15:00Z  483.893  14.707  160.546  1.58663E-15  SWARM-A  16.065  165.296
2023-09-21T05:15:30Z  483.925  12.788  160.514  1.59080E-15  SWARM-A  16.071  167.207
2023-09-21T05:16:00Z  483.995  10.869  160.481  1.59401E-15  SWARM-A  16.077  169.117
2023-09-21T05:16:30Z  484.104  8.950  160.447  1.59620E-15  SWARM-A  16.083  171.027
2023-09-21T05:17:00Z  484.254  7.031  160.412  1.59760E-15  SWARM-A  16.089  172.936
2023-09-21T05:17:30Z  484.443  5.112  160.376  1.59810E-15  SWARM-A  16.095  174.846
2023-09-21T05:18:00Z  484.673  3.193  160.339  1.59782E-15  SWARM-A  16.101  176.755
2023-09-21T05:18:30Z  484.943  1.274  160.303  1.59655E-15  SWARM-A  16.107  178.664
2023-09-21T05:19:00Z  485.253  -0.645  160.266  1.59433E-15  SWARM-A  16.113  180.573
2023-09-21T05:19:30Z  485.603  -2.564  160.229  1.59110E-15  SWARM-A  16.119  182.482
2023-09-21T05:20:00Z  485.993  -4.482  160.192  1.58690E-15  SWARM-A  16.125  184.391
2023-09-21T05:20:30Z  486.421  -6.400  160.156  1.58164E-15  SWARM-A  16.131  186.300
2023-09-21T05:21:00Z  486.887  -8.318  160.120  1.57530E-15  SWARM-A  16.137  188.208
2023-09-21T05:21:30Z  487.390  -10.236  160.086  1.56797E-15  SWARM-A  16.143  190.116
2023-09-21T05:22:00Z  487.929  -12.152  160.052  1.55959E-15  SWARM-A  16.149  192.024
2023-09-21T05:22:30Z  488.501  -14.069  160.020  1.55021E-15  SWARM-A  16.155  193.932
2023-09-21T05:23:00Z  489.106  -15.985  159.989  1.53977E-15  SWARM-A  16.161  195.839
2023-09-21T05:23:30Z  489.742  -17.900  159.960  1.52829E-15  SWARM-A  16.168  197.747
2023-09-21T05:24:00Z  490.407  -19.814  159.933  1.51585E-15  SWARM-A  16.174  199.654
2023-09-21T05:24:30Z  491.099  -21.728  159.909  1.50230E-15  SWARM-A  16.181  201.561
2023-09-21T05:25:00Z  491.816  -23.640  159.887  1.48778E-15  SWARM-A  16.188  203.468
2023-09-21T05:25:30Z  492.555  -25.552  159.868  1.47222E-15  SWARM-A  16.195  205.375
2023-09-21T05:26:00Z  493.315  -27.464  159.853  1.45557E-15  SWARM-A  16.202  207.281
2023-09-21T05:26:30Z  494.093  -29.374  159.841  1.43789E-15  SWARM-A  16.210  209.187
2023-09-21T05:27:00Z  494.886  -31.283  159.834  1.41921E-15  SWARM-A  16.218  211.094
2023-09-21T05:27:30Z  495.692  -33.191  159.831  1.39957E-15  SWARM-A  16.226  213.000
2023-09-21T05:28:00Z  496.508  -35.099  159.834  1.37899E-15  SWARM-A  16.234  214.905
2023-09-21T05:28:30Z  497.331  -37.005  159.844  1.35749E-15  SWARM-A  16.243  216.811
2023-09-21T05:29:00Z  498.158  -38.910  159.859  1.33520E-15  SWARM-A  16.253  218.717
2023-09-21T05:29:30Z  498.987  -40.814  159.883  1.31213E-15  SWARM-A  16.263  220.622
2023-09-21T05:30:00Z  499.814  -42.717  159.916  1.28837E-15  SWARM-A  16.273  222.527
2023-09-21T05:30:30Z  500.638  -44.618  159.958  1.26398E-15  SWARM-A  16.284  224.432
2023-09-21T05:31:00Z  501.454  -46.519  160.012  1.23880E-15  SWARM-A  16.296  226.337
2023-09-21T05:31:30Z  502.260  -48.418  160.078  1.21284E-15  SWARM-A  16.309  228.242
2023-09-21T05:32:00Z  503.053  -50.316  160.159  1.18596E-15  SWARM-A  16.323  230.146
2023-09-21T05:32:30Z  503.831  -52.213  160.258  1.15829E-15  SWARM-A  16.338  232.051
2023-09-21T05:33:00Z  504.589  -54.108  160.376  1.13032E-15  SWARM-A  16.354  233.955
2023-09-21T05:33:30Z  505.327  -56.002  160.518  1.10274E-15  SWARM-A  16.371  235.859
2023-09-21T05:34:00Z  506.041  -57.894  160.686  1.07618E-15  SWARM-A  16.391  237.763
2023-09-21T05:34:30Z  506.728  -59.785  160.888  1.05102E-15  SWARM-A  16.413  239.667
2023-09-21T05:35:00Z  507.386  -61.674  161.128  1.02721E-15  SWARM-A  16.437  241.571
2023-09-21T05:35:30Z  508.012  -63.562  161.416  1.00453E-15  SWARM-A  16.465  243.475
2023-09-21T05:36:00Z  508.605  -65.447  161.763  9.82627E-16  SWARM-A  16.496  245.378
2023-09-21T05:36:30Z  509.162  -67.330  162.183  9.61169E-16  SWARM-A  16.533  247.282
2023-09-21T05:37:00Z  509.681  -69.210  162.695  9.39926E-16  SWARM-A  16.575  249.185
2023-09-21T05:37:30Z  510.161  -71.087  163.328  9.18710E-16  SWARM-A  16.626  251.089
2023-09-21T05:38:00Z  510.599  -72.959  164.121  8.97478E-16  SWARM-A  16.687  252.992
2023-09-21T05:38:30Z  510.993  -74.826  165.132  8.76229E-16  SWARM-A  16.762  254.895
2023-09-21T05:39:00Z  511.343  -76.685  166.453  8.54966E-16  SWARM-A  16.859  256.798
2023-09-21T05:39:30Z  511.647  -78.533  168.231  8.33640E-16  SWARM-A  16.986  258.701
2023-09-21T05:40:00Z  511.904  -80.364  170.725  8.12513E-16  SWARM-A  17.160  260.605
2023-09-21T05:40:30Z  512.113  -82.166  174.421  7.91790E-16  SWARM-A  17.415  262.508
2023-09-21T05:41:00Z  512.273  -83.913  -179.667  7.71512E-16  SWARM-A  17.818  264.411
2023-09-21T05:41:30Z  512.384  -85.540  -169.168  7.51591E-16  SWARM-A  18.526  266.314
2023-09-21T05:42:00Z  512.445  -86.858  -148.398  7.31971E-16  SWARM-A  19.919  268.217
2023-09-21T05:42:30Z  512.455  -87.353  -111.611  7.12552E-16  SWARM-A  22.380  270.120
2023-09-21T05:43:00Z  512.415  -86.641  -77.556  6.94115E-16  SWARM-A  0.658  272.023
2023-09-21T05:43:30Z  512.325  -85.234  -59.488  6.77005E-16  SWARM-A  1.871  273.926
2023-09-21T05:44:00Z  512.185  -83.574  -50.204  6.59716E-16  SWARM-A  2.498  275.829
2023-09-21T05:44:30Z  511.996  -81.813  -44.856  6.43025E-16  SWARM-A  2.863  277.732
2023-09-21T05:45:00Z  511.758  -80.004  -41.454  6.26935E-16  SWARM-A  3.098  279.635
2023-09-21T05:45:30Z  511.473  -78.169  -39.130  6.11661E-16  SWARM-A  3.262  281.538
2023-09-21T05:46:00Z  511.140  -76.318  -37.458  5.97178E-16  SWARM-A  3.382  283.442
2023-09-21T05:46:30Z  510.762  -74.457  -36.208  5.83561E-16  SWARM-A  3.473  285.345
2023-09-21T05:47:00Z  510.339  -72.589  -35.246  5.70701E-16  SWARM-A  3.546  287.248
2023-09-21T05:47:30Z  509.874  -70.716  -34.488  5.58602E-16  SWARM-A  3.604  289.152
2023-09-21T05:48:00Z  509.367  -68.838  -33.882  5.47778E-16  SWARM-A  3.653  291.055
2023-09-21T05:48:30Z  508.822  -66.957  -33.390  5.38018E-16  SWARM-A  3.694  292.959
2023-09-21T05:49:00Z  508.238  -65.074  -32.986  5.28930E-16  SWARM-A  3.730  294.862
2023-09-21T05:49:30Z  507.620  -63.188  -32.652  5.20489E-16  SWARM-A  3.760  296.766
2023-09-21T05:50:00Z  506.968  -61.300  -32.374  5.12639E-16  SWARM-A  3.787  298.670
2023-09-21T05:50:30Z  506.286  -59.410  -32.142  5.05376E-16  SWARM-A  3.811  300.574
2023-09-21T05:51:00Z  505.575  -57.519  -31.947  4.98662E-16  SWARM-A  3.832  302.478
2023-09-21T05:51:30Z  504.839  -55.626  -31.784  4.92479E-16  SWARM-A  3.851  304.383
2023-09-21T05:52:00Z  504.079  -53.731  -31.648  4.86242E-16  SWARM-A  3.869  306.287
2023-09-21T05:52:30Z  503.299  -51.836  -31.534  4.80351E-16  SWARM-A  3.885  308.192
2023-09-21T05:53:00Z  502.501  -49.939  -31.439  4.75037E-16  SWARM-A  3.899  310.096
2023-09-21T05:53:30Z  501.689  -48.040  -31.361  4.70250E-16  SWARM-A  3.913  312.001
2023-09-21T05:54:00Z  500.864  -46.140  -31.297  4.66003E-16  SWARM-A  3.926  313.906
2023-09-21T05:54:30Z  500.031  -44.239  -31.246  4.62231E-16  SWARM-A  3.937  315.811
2023-09-21T05:55:00Z  499.191  -42.337  -31.205  4.59008E-16  SWARM-A  3.948  317.716
2023-09-21T05:55:30Z  498.348  -40.434  -31.175  4.56291E-16  SWARM-A  3.959  319.622
2023-09-21T05:56:00Z  497.505  -38.529  -31.153  4.53915E-16  SWARM-A  3.969  321.527
2023-09-21T05:56:30Z  496.665  -36.624  -31.138  4.52051E-16  SWARM-A  3.978  323.433
2023-09-21T05:57:00Z  495.830  -34.717  -31.130  4.50727E-16  SWARM-A  3.987  325.339
2023-09-21T05:57:30Z  495.004  -32.809  -31.128  4.49986E-16  SWARM-A  3.995  327.245
2023-09-21T05:58:00Z  494.189  -30.901  -31.132  4.49834E-16  SWARM-A  4.003  329.152
2023-09-21T05:58:30Z  493.387  -28.991  -31.140  4.50244E-16  SWARM-A  4.011  331.058
2023-09-21T05:59:00Z  492.603  -27.080  -31.152  4.51241E-16  SWARM-A  4.019  332.965
2023-09-21T05:59:30Z  491.837  -25.169  -31.168  4.52779E-16  SWARM-A  4.026  334.872
2023-09-21T06:00:00Z  491.093  -23.256  -31.187  4.55196E-16  SWARM-A  4.033  336.779
2023-09-21T06:00:30Z  490.372  -21.343  -31.210  4.57796E-16  SWARM-A  4.040  338.686
2023-09-21T06:01:00Z  489.678  -19.429  -31.235  4.60902E-16  SWARM-A  4.046  340.593
2023-09-21T06:01:30Z  489.012  -17.514  -31.262  4.64474E-16  SWARM-A  4.053  342.501
2023-09-21T06:02:00Z  488.376  -15.598  -31.291  4.68403E-16  SWARM-A  4.059  344.409
2023-09-21T06:02:30Z  487.773  -13.682  -31.322  4.72661E-16  SWARM-A  4.066  346.317
2023-09-21T06:03:00Z  487.203  -11.765  -31.355  4.77178E-16  SWARM-A  4.072  348.225
2023-09-21T06:03:30Z  486.668  -9.848  -31.389  4.81855E-16  SWARM-A  4.078  350.133
2023-09-21T06:04:00Z  486.170  -7.930  -31.424  4.86630E-16  SWARM-A  4.084  352.042
2023-09-21T06:04:30Z  485.710  -6.012  -31.459  4.91431E-16  SWARM-A  4.090  353.950
2023-09-21T06:05:00Z  485.288  -4.094  -31.496  4.96239E-16  SWARM-A  4.096  355.859
2023-09-21T06:05:30Z  484.906  -2.175  -31.532  5.00957E-16  SWARM-A  4.102  357.768
2023-09-21T06:06:00Z  484.565  -0.256  -31.569  5.05524E-16  SWARM-A  4.108  359.677
2023-09-21T06:06:30Z  484.264  1.664  -31.606  5.09917E-16  SWARM-A  4.113  1.587
2023-09-21T06:07:00Z  484.004  3.583  -31.643  5.14148E-16  SWARM-A  4.119  3.496
2023-09-21T06:07:30Z  483.786  5.503  -31.679  5.18166E-16  SWARM-A  4.125  5.406
2023-09-21T06:08:00Z  483.608  7.422  -31.715  5.21973E-16  SWARM-A  4.131  7.316
2023-09-21T06:08:30Z  483.472  9.342  -31.750  5.25565E-16  SWARM-A  4.137  9.226
2023-09-21T06:09:00Z  483.375  11.261  -31.784  5.28961E-16  SWARM-A  4.143  11.137
2023-09-21T06:09:30Z  483.319  13.180  -31.817  5.32187E-16  SWARM-A  4.149  13.047
2023-09-21T06:10:00Z  483.302  15.099  -31.848  5.35240E-16  SWARM-A  4.156  14.958
2023-09-21T06:10:30Z  483.322  17.018  -31.878  5.38161E-16  SWARM-A  4.162  16.868
2023-09-21T06:11:00Z  483.380  18.936  -31.906  5.40961E-16  SWARM-A  4.168  18.779
2023-09-21T06:11:30Z  483.474  20.854  -31.931  5.43679E-16  SWARM-A  4.175  20.690
2023-09-21T06:12:00Z  483.601  22.771  -31.954  5.46358E-16  SWARM-A  4.182  22.601
2023-09-21T06:12:30Z  483.762  24.688  -31.974  5.49087E-16  SWARM-A  4.189  24.513
2023-09-21T06:13:00Z  483.953  26.605  -31.990  5.51876E-16  SWARM-A  4.196  26.424
2023-09-21T06:13:30Z  484.174  28.521  -32.003  5.54787E-16  SWARM-A  4.204  28.336
2023-09-21T06:14:00Z  484.422  30.436  -32.012  5.57850E-16  SWARM-A  4.211  30.247
2023-09-21T06:14:30Z  484.696  32.350  -32.016  5.61079E-16  SWARM-A  4.219  32.159
2023-09-21T06:15:00Z  484.992  34.264  -32.015  5.64484E-16  SWARM-A  4.228  34.071
2023-09-21T06:15:30Z  485.310  36.177  -32.009  5.68131E-16  SWARM-A  4.237  35.983
2023-09-21T06:16:00Z  485.646  38.089  -31.995  5.71980E-16  SWARM-A  4.246  37.895
2023-09-21T06:16:30Z  485.998  40.001  -31.974  5.76084E-16  SWARM-A  4.256  39.808
2023-09-21T06:17:00Z  486.365  41.911  -31.945  5.80381E-16  SWARM-A  4.266  41.720
2023-09-21T06:17:30Z  486.742  43.821  -31.906  5.84945E-16  SWARM-A  4.277  43.633
2023-09-21T06:18:00Z  487.129  45.729  -31.857  5.89840E-16  SWARM-A  4.288  45.545
2023-09-21T06:18:30Z  487.523  47.637  -31.795  5.95119E-16  SWARM-A  4.301  47.458
2023-09-21T06:19:00Z  487.920  49.544  -31.719  6.00881E-16  SWARM-A  4.314  49.371
2023-09-21T06:19:30Z  488.319  51.449  -31.627  6.07177E-16  SWARM-A  4.329  51.283
2023-09-21T06:20:00Z  488.718  53.354  -31.516  6.14081E-16  SWARM-A  4.344  53.196
2023-09-21T06:20:30Z  489.113  55.257  -31.383  6.21568E-16  SWARM-A  4.362  55.109
2023-09-21T06:21:00Z  489.503  57.159  -31.224  6.29534E-16  SWARM-A  4.381  57.022
2023-09-21T06:21:30Z  489.885  59.059  -31.034  6.37860E-16  SWARM-A  4.402  58.936
2023-09-21T06:22:00Z  490.258  60.959  -30.807  6.46473E-16  SWARM-A  4.425  60.849
2023-09-21T06:22:30Z  490.618  62.856  -30.536  6.55315E-16  SWARM-A  4.451  62.762
2023-09-21T06:23:00Z  490.963  64.752  -30.211  6.64523E-16  SWARM-A  4.482  64.675
2023-09-21T06:23:30Z  491.293  66.645  -29.817  6.74116E-16  SWARM-A  4.516  66.589
2023-09-21T06:24:00Z  491.604  68.536  -29.337  6.84240E-16  SWARM-A  4.556  68.502
2023-09-21T06:24:30Z  491.896  70.424  -28.747  6.94948E-16  SWARM-A  4.604  70.416
2023-09-21T06:25:00Z  492.167  72.308  -28.011  7.06231E-16  SWARM-A  4.661  72.329
2023-09-21T06:25:30Z  492.414  74.187  -27.077  7.18140E-16  SWARM-A  4.732  74.243
2023-09-21T06:26:00Z  492.637  76.059  -25.867  7.30576E-16  SWARM-A  4.821  76.156
2023-09-21T06:26:30Z  492.835  77.921  -24.253  7.43597E-16  SWARM-A  4.937  78.070
2023-09-21T06:27:00Z  493.006  79.769  -22.020  7.57384E-16  SWARM-A  5.094  79.983
2023-09-21T06:27:30Z  493.149  81.592  -18.769  7.71940E-16  SWARM-A  5.319  81.897
2023-09-21T06:28:00Z  493.265  83.370  -13.697  7.87328E-16  SWARM-A  5.666  83.810
2023-09-21T06:28:30Z  493.351  85.055  -4.982  8.03535E-16  SWARM-A  6.255  85.724
2023-09-21T06:29:00Z  493.409  86.511  11.845  8.20610E-16  SWARM-A  7.385  87.638
2023-09-21T06:29:30Z  493.437  87.332  44.396  8.38730E-16  SWARM-A  9.564  89.551
2023-09-21T06:30:00Z  493.435  86.951  82.415  8.58667E-16  SWARM-A  12.107  91.465
2023-09-21T06:30:30Z  493.403  85.676  104.703  8.80070E-16  SWARM-A  13.601  93.378
2023-09-21T06:31:00Z  493.342  84.056  115.871  9.02542E-16  SWARM-A  14.354  95.292
2023-09-21T06:31:30Z  493.252  82.306  122.078  9.26006E-16  SWARM-A  14.776  97.206
2023-09-21T06:32:00Z  493.134  80.497  125.921  9.50326E-16  SWARM-A  15.040  99.119
2023-09-21T06:32:30Z  492.988  78.658  128.496  9.75402E-16  SWARM-A  15.220  101.033
2023-09-21T06:33:00Z  492.815  76.801  130.323  1.00102E-15  SWARM-A  15.350  102.946
2023-09-21T06:33:30Z  492.616  74.932  131.675  1.02630E-15  SWARM-A  15.449  104.860
2023-09-21T06:34:00Z  492.392  73.056  132.707  1.05158E-15  SWARM-A  15.526  106.773
2023-09-21T06:34:30Z  492.145  71.174  133.514  1.07677E-15  SWARM-A  15.588  108.687
2023-09-21T06:35:00Z  491.876  69.288  134.157  1.10200E-15  SWARM-A  15.639  110.600
2023-09-21T06:35:30Z  491.586  67.398  134.678  1.12724E-15  SWARM-A  15.682  112.513
2023-09-21T06:36:00Z  491.277  65.505  135.103  1.15238E-15  SWARM-A  15.719  114.426
2023-09-21T06:36:30Z  490.952  63.611  135.454  1.17731E-15  SWARM-A  15.751  116.340
2023-09-21T06:37:00Z  490.612  61.714  135.745  1.20183E-15  SWARM-A  15.779  118.253
2023-09-21T06:37:30Z  490.258  59.816  135.989  1.22584E-15  SWARM-A  15.803  120.166
2023-09-21T06:38:00Z  489.893  57.916  136.192  1.24922E-15  SWARM-A  15.825  122.079
2023-09-21T06:38:30Z  489.520  56.015  136.363  1.27190E-15  SWARM-A  15.845  123.992
2023-09-21T06:39:00Z  489.140  54.112  136.506  1.29380E-15  SWARM-A  15.863  125.905
2023-09-21T06:39:30Z  488.756  52.208  136.625  1.31488E-15  SWARM-A  15.879  127.818
2023-09-21T06:40:00Z  488.370  50.303  136.725  1.33517E-15  SWARM-A  15.894  129.730
2023-09-21T06:40:30Z  487.984  48.397  136.807  1.35466E-15  SWARM-A  15.908  131.643
2023-09-21T06:41:00Z  487.601  46.490  136.874  1.37380E-15  SWARM-A  15.921  133.555
2023-09-21T06:41:30Z  487.224  44.582  136.928  1.39242E-15  SWARM-A  15.932  135.468
2023-09-21T06:42:00Z  486.854  42.673  136.971  1.41027E-15  SWARM-A  15.944  137.380
2023-09-21T06:42:30Z  486.495  40.763  137.004  1.42750E-15  SWARM-A  15.954  139.292
2023-09-21T06:43:00Z  486.148  38.852  137.028  1.44409E-15  SWARM-A  15.964  141.205
2023-09-21T06:43:30Z  485.816  36.941  137.044  1.46012E-15  SWARM-A  15.974  143.117
2023-09-21T06:44:00Z  485.502  35.028  137.054  1.47566E-15  SWARM-A  15.983  145.028
2023-09-21T06:44:30Z  485.207  33.115  137.057  1.49076E-15  SWARM-A  15.991  146.940
2023-09-21T06:45:00Z  484.934  31.201  137.055  1.50546E-15  SWARM-A  15.999  148.852
2023-09-21T06:45:30Z  484.684  29.286  137.048  1.51976E-15  SWARM-A  16.007  150.763
2023-09-21T06:46:00Z  484.461  27.371  137.036  1.53370E-15  SWARM-A  16.015  152.675
2023-09-21T06:46:30Z  484.266  25.455  137.021  1.54723E-15  SWARM-A  16.022  154.586
2023-09-21T06:47:00Z  484.101  23.538  137.002  1.56037E-15  SWARM-A  16.029  156.497
2023-09-21T06:47:30Z  483.967  21.621  136.981  1.57305E-15  SWARM-A  16.036  158.408
2023-09-21T06:48:00Z  483.866  19.704  136.956  1.58521E-15  SWARM-A  16.043  160.319
2023-09-21T06:48:30Z  483.800  17.786  136.930  1.59680E-15  SWARM-A  16.049  162.230
2023-09-21T06:49:00Z  483.770  15.868  136.901  1.60772E-15  SWARM-A  16.056  164.140
2023-09-21T06:49:30Z  483.777  13.949  136.870  1.61786E-15  SWARM-A  16.062  166.051
2023-09-21T06:50:00Z  483.822  12.030  136.838  1.62710E-15  SWARM-A  16.068  167.961
2023-09-21T06:50:30Z  483.906  10.111  136.804  1.63536E-15  SWARM-A  16.074  169.871
2023-09-21T06:51:00Z  484.029  8.192  136.770  1.64251E-15  SWARM-A  16.080  171.781
2023-09-21T06:51:30Z  484.193  6.273  136.734  1.64849E-15  SWARM-A  16.086  173.691
2023-09-21T06:52:00Z  484.397  4.354  136.698  1.65319E-15  SWARM-A  16.092  175.600
2023-09-21T06:52:30Z  484.641  2.435  136.661  1.65652E-15  SWARM-A  16.098  177.510
2023-09-21T06:53:00Z  484.926  0.515  136.625  1.65839E-15  SWARM-A  16.104  179.419
2023-09-21T06:53:30Z  485.251  -1.404  136.588  1.65851E-15  SWARM-A  16.110  181.328
2023-09-21T06:54:00Z  485.616  -3.322  136.551  1.65689E-15  SWARM-A  16.116  183.237
2023-09-21T06:54:30Z  486.020  -5.241  136.514  1.65364E-15  SWARM-A  16.122  185.146
2023-09-21T06:55:00Z  486.462  -7.159  136.478  1.64880E-15  SWARM-A  16.128  187.054
2023-09-21T06:55:30Z  486.942  -9.076  136.443  1.64226E-15  SWARM-A  16.134  188.962
2023-09-21T06:56:00Z  487.459  -10.994  136.409  1.63416E-15  SWARM-A  16.140  190.871
2023-09-21T06:56:30Z  488.010  -12.910  136.376  1.62458E-15  SWARM-A  16.146  192.779
2023-09-21T06:57:00Z  488.596  -14.827  136.344  1.61327E-15  SWARM-A  16.152  194.686
2023-09-21T06:57:30Z  489.213  -16.742  136.314  1.60038E-15  SWARM-A  16.158  196.594
2023-09-21T06:58:00Z  489.861  -18.657  136.286  1.58605E-15  SWARM-A  16.165  198.501
2023-09-21T06:58:30Z  490.537  -20.571  136.260  1.57024E-15  SWARM-A  16.171  200.409
2023-09-21T06:59:00Z  491.239  -22.485  136.237  1.55302E-15  SWARM-A  16.178  202.316
2023-09-21T06:59:30Z  491.966  -24.397  136.216  1.53447E-15  SWARM-A  16.185  204.223
2023-09-21T07:00:00Z  492.715  -26.309  136.199  1.51462E-15  SWARM-A  16.192  206.129
2023-09-21T07:00:30Z  493.484  -28.220  136.185  1.49357E-15  SWARM-A  16.200  208.036
2023-09-21T07:01:00Z  494.270  -30.130  136.175  1.47133E-15  SWARM-A  16.207  209.942
2023-09-21T07:01:30Z  495.070  -32.039  136.170  1.44804E-15  SWARM-A  16.215  211.848
2023-09-21T07:02:00Z  495.882  -33.947  136.170  1.42373E-15  SWARM-A  16.224  213.754
2023-09-21T07:02:30Z  496.703  -35.853  136.175  1.39855E-15  SWARM-A  16.232  215.660
2023-09-21T07:03:00Z  497.531  -37.759  136.187  1.37257E-15  SWARM-A  16.241  217.566
2023-09-21T07:03:30Z  498.362  -39.664  136.206  1.34588E-15  SWARM-A  16.251  219.471
2023-09-21T07:04:00Z  499.193  -41.568  136.233  1.31861E-15  SWARM-A  16.261  221.377
2023-09-21T07:04:30Z  500.023  -43.470  136.269  1.29077E-15  SWARM-A  16.272  223.282
2023-09-21T07:05:00Z  500.847  -45.371  136.316  1.26242E-15  SWARM-A  16.283  225.187
2023-09-21T07:05:30Z  501.663  -47.271  136.375  1.23360E-15  SWARM-A  16.296  227.092
2023-09-21T07:06:00Z  502.468  -49.170  136.447  1.20447E-15  SWARM-A  16.309  228.996
2023-09-21T07:06:30Z  503.259  -51.068  136.535  1.17526E-15  SWARM-A  16.323  230.901
2023-09-21T07:07:00Z  504.034  -52.964  136.641  1.14622E-15  SWARM-A  16.338  232.805
2023-09-21T07:07:30Z  504.789  -54.859  136.768  1.11786E-15  SWARM-A  16.355  234.710
2023-09-21T07:08:00Z  505.521  -56.752  136.920  1.09040E-15  SWARM-A  16.374  236.614
2023-09-21T07:08:30Z  506.229  -58.644  137.102  1.06352E-15  SWARM-A  16.394  238.518
2023-09-21T07:09:00Z  506.910  -60.534  137.318  1.03723E-15  SWARM-A  16.417  240.422
2023-09-21T07:09:30Z  507.560  -62.423  137.576  1.01168E-15  SWARM-A  16.442  242.326
2023-09-21T07:10:00Z  508.179  -64.309  137.887  9.86582E-16  SWARM-A  16.471  244.229
2023-09-21T07:10:30Z  508.762  -66.194  138.260  9.61859E-16  SWARM-A  16.505  246.133
2023-09-21T07:11:00Z  509.310  -68.076  138.714  9.37435E-16  SWARM-A  16.543  248.036
2023-09-21T07:11:30Z  509.818  -69.955  139.271  9.13286E-16  SWARM-A  16.589  249.940
2023-09-21T07:12:00Z  510.287  -71.830  139.963  8.89416E-16  SWARM-A  16.643  251.843
2023-09-21T07:12:30Z  510.713  -73.700  140.834  8.65905E-16  SWARM-A  16.710  253.747
2023-09-21T07:13:00Z  511.095  -75.564  141.956  8.42807E-16  SWARM-A  16.793  255.650
2023-09-21T07:13:30Z  511.432  -77.419  143.437  8.20200E-16  SWARM-A  16.900  257.553
2023-09-21T07:14:00Z  511.723  -79.262  145.461  7.98150E-16  SWARM-A  17.043  259.456
2023-09-21T07:14:30Z  511.967  -81.083  148.356  7.76666E-16  SWARM-A  17.244  261.359
2023-09-21T07:15:00Z  512.162  -82.867  152.764  7.55805E-16  SWARM-A  17.547  263.262
2023-09-21T07:15:30Z  512.308  -84.578  160.088  7.35570E-16  SWARM-A  18.043  265.165
2023-09-21T07:16:00Z  512.404  -86.118  173.719  7.15851E-16  SWARM-A  18.960  267.068
2023-09-21T07:16:30Z  512.451  -87.191  -159.115  6.96475E-16  SWARM-A  20.780  268.972
2023-09-21T07:17:00Z  512.447  -87.197  -119.837  6.77727E-16  SWARM-A  23.407  270.875
2023-09-21T07:17:30Z  512.393  -86.130  -92.514  6.60525E-16  SWARM-A  1.236  272.778
2023-09-21T07:18:00Z  512.289  -84.593  -78.800  6.44558E-16  SWARM-A  2.159  274.681
2023-09-21T07:18:30Z  512.135  -82.883  -71.438  6.29335E-16  SWARM-A  2.658  276.584
2023-09-21T07:19:00Z  511.932  -81.099  -67.011  6.14883E-16  SWARM-A  2.962  278.487
2023-09-21T07:19:30Z  511.681  -79.278  -64.106  6.01230E-16  SWARM-A  3.164  280.390
2023-09-21T07:20:00Z  511.382  -77.436  -62.076  5.88366E-16  SWARM-A  3.307  282.293
2023-09-21T07:20:30Z  511.037  -75.581  -60.591  5.76196E-16  SWARM-A  3.415  284.196
2023-09-21T07:21:00Z  510.647  -73.717  -59.467  5.64783E-16  SWARM-A  3.498  286.100
2023-09-21T07:21:30Z  510.213  -71.846  -58.593  5.53742E-16  SWARM-A  3.565  288.003
2023-09-21T07:22:00Z  509.737  -69.971  -57.900  5.43246E-16  SWARM-A  3.619  289.906
2023-09-21T07:22:30Z  509.220  -68.092  -57.343  5.33212E-16  SWARM-A  3.665  291.810
2023-09-21T07:23:00Z  508.665  -66.210  -56.888  5.23535E-16  SWARM-A  3.703  293.714
2023-09-21T07:23:30Z  508.072  -64.326  -56.513  5.14210E-16  SWARM-A  3.737  295.617
2023-09-21T07:24:00Z  507.446  -62.439  -56.203  5.04968E-16  SWARM-A  3.766  297.521
2023-09-21T07:24:30Z  506.787  -60.551  -55.944  4.95945E-16  SWARM-A  3.791  299.425
2023-09-21T07:25:00Z  506.098  -58.660  -55.727  4.87323E-16  SWARM-A  3.814  301.329
2023-09-21T07:25:30Z  505.382  -56.768  -55.545  4.79065E-16  SWARM-A  3.834  303.233
2023-09-21T07:26:00Z  504.640  -54.875  -55.393  4.71094E-16  SWARM-A  3.853  305.137
2023-09-21T07:26:30Z  503.877  -52.980  -55.266  4.63547E-16  SWARM-A  3.870  307.042
2023-09-21T07:27:00Z  503.094  -51.084  -55.159  4.56413E-16  SWARM-A  3.885  308.946
2023-09-21T07:27:30Z  502.295  -49.186  -55.071  4.49710E-16  SWARM-A  3.899  310.851
2023-09-21T07:28:00Z  501.482  -47.287  -54.999  4.43432E-16  SWARM-A  3.913  312.756
2023-09-21T07:28:30Z  500.658  -45.387  -54.940  4.37619E-16  SWARM-A  3.925  314.661
2023-09-21T07:29:00Z  499.826  -43.486  -54.893  4.32251E-16  SWARM-A  3.936  316.566
2023-09-21T07:29:30Z  498.989  -41.583  -54.857  4.27384E-16  SWARM-A  3.947  318.471
2023-09-21T07:30:00Z  498.150  -39.679  -54.830  4.23063E-16  SWARM-A  3.957  320.377
2023-09-21T07:30:30Z  497.312  -37.775  -54.811  4.19171E-16  SWARM-A  3.967  322.282
2023-09-21T07:31:00Z  496.477  -35.869  -54.799  4.15827E-16  SWARM-A  3.976  324.188
2023-09-21T07:31:30Z  495.649  -33.962  -54.793  4.13181E-16  SWARM-A  3.985  326.094
2023-09-21T07:32:00Z  494.830  -32.054  -54.793  4.11181E-16  SWARM-A  3.993  328.000
2023-09-21T07:32:30Z  494.023  -30.145  -54.799  4.09833E-16  SWARM-A  4.001  329.906
2023-09-21T07:33:00Z  493.231  -28.235  -54.808  4.09170E-16  SWARM-A  4.009  331.813
2023-09-21T07:33:30Z  492.456  -26.324  -54.822  4.09206E-16  SWARM-A  4.016  333.720
2023-09-21T07:34:00Z  491.701  -24.412  -54.840  4.09943E-16  SWARM-A  4.023  335.626
2023-09-21T07:34:30Z  490.968  -22.499  -54.860  4.11384E-16  SWARM-A  4.030  337.533
2023-09-21T07:35:00Z  490.260  -20.585  -54.884  4.13486E-16  SWARM-A  4.037  339.441
2023-09-21T07:35:30Z  489.579  -18.671  -54.909  4.16244E-16  SWARM-A  4.044  341.348
2023-09-21T07:36:00Z  488.926  -16.756  -54.938  4.19609E-16  SWARM-A  4.050  343.256
2023-09-21T07:36:30Z  488.305  -14.840  -54.968  4.23540E-16  SWARM-A  4.056  345.163
2023-09-21T07:37:00Z  487.716  -12.924  -54.999  4.28009E-16  SWARM-A  4.063  347.071
2023-09-21T07:37:30Z  487.161  -11.007  -55.032  4.32909E-16  SWARM-A  4.069  348.979
2023-09-21T07:38:00Z  486.641  -9.090  -55.066  4.38229E-16  SWARM-A  4.075  350.888
2023-09-21T07:38:30Z  486.159  -7.172  -55.102  4.43820E-16  SWARM-A  4.081  352.796
2023-09-21T07:39:00Z  485.714  -5.254  -55.138  4.49700E-16  SWARM-A  4.087  354.705
2023-09-21T07:39:30Z  485.309  -3.335  -55.174  4.55706E-16  SWARM-A  4.093  356.614
2023-09-21T07:40:00Z  484.943  -1.416  -55.211  4.61783E-16  SWARM-A  4.098  358.523
2023-09-21T07:40:30Z  484.618  0.503  -55.248  4.67873E-16  SWARM-A  4.104  0.432
2023-09-21T07:41:00Z  484.333  2.422  -55.285  4.73853E-16  SWARM-A  4.110  2.341
2023-09-21T07:41:30Z  484.090  4.342  -55.321  4.79719E-16  SWARM-A  4.116  4.251
2023-09-21T07:42:00Z  483.887  6.261  -55.357  4.85346E-16  SWARM-A  4.122  6.161
2023-09-21T07:42:30Z  483.726  8.180  -55.393  4.90636E-16  SWARM-A  4.128  8.071
2023-09-21T07:43:00Z  483.605  10.100  -55.427  4.95650E-16  SWARM-A  4.134  9.981
2023-09-21T07:43:30Z  483.524  12.019  -55.461  5.00341E-16  SWARM-A  4.140  11.891
2023-09-21T07:44:00Z  483.483  13.938  -55.493  5.04744E-16  SWARM-A  4.146  13.801
2023-09-21T07:44:30Z  483.480  15.856  -55.524  5.08826E-16  SWARM-A  4.153  15.712
2023-09-21T07:45:00Z  483.515  17.775  -55.553  5.12669E-16  SWARM-A  4.159  17.622
2023-09-21T07:45:30Z  483.587  19.693  -55.579  5.16251E-16  SWARM-A  4.166  19.533
2023-09-21T07:46:00Z  483.694  21.610  -55.604  5.19652E-16  SWARM-A  4.172  21.444
2023-09-21T07:46:30Z  483.834  23.528  -55.626  5.22898E-16  SWARM-A  4.179  23.355
2023-09-21T07:47:00Z  484.006  25.444  -55.644  5.26071E-16  SWARM-A  4.186  25.267
2023-09-21T07:47:30Z  484.209  27.360  -55.659  5.29168E-16  SWARM-A  4.194  27.178
2023-09-21T07:48:00Z  484.440  29.276  -55.671  5.32290E-16  SWARM-A  4.201  29.089
2023-09-21T07:48:30Z  484.698  31.191  -55.678  5.35420E-16  SWARM-A  4.209  31.001
2023-09-21T07:49:00Z  484.980  33.105  -55.680  5.38643E-16  SWARM-A  4.217  32.913
2023-09-21T07:49:30Z  485.284  35.018  -55.677  5.41946E-16  SWARM-A  4.226  34.825
2023-09-21T07:50:00Z  485.609  36.931  -55.667  5.45374E-16  SWARM-A  4.235  36.737
2023-09-21T07:50:30Z  485.951  38.843  -55.651  5.48982E-16  SWARM-A  4.244  38.649
2023-09-21T07:51:00Z  486.308  40.753  -55.627  5.52763E-16  SWARM-A  4.254  40.561
2023-09-21T07:51:30Z  486.679  42.663  -55.594  5.56783E-16  SWARM-A  4.265  42.473
2023-09-21T07:52:00Z  487.060  44.573  -55.551  5.61166E-16  SWARM-A  4.276  44.386
2023-09-21T07:52:30Z  487.449  46.481  -55.497  5.66015E-16  SWARM-A  4.288  46.298
2023-09-21T07:53:00Z  487.844  48.388  -55.430  5.71320E-16  SWARM-A  4.301  48.211
2023-09-21T07:53:30Z  488.242  50.294  -55.348  5.77060E-16  SWARM-A  4.314  50.124
2023-09-21T07:54:00Z  488.640  52.199  -55.249  5.83130E-16  SWARM-A  4.329  52.037
2023-09-21T07:54:30Z  489.037  54.103  -55.129  5.89383E-16  SWARM-A  4.346  53.949
2023-09-21T07:55:00Z  489.430  56.006  -54.986  5.95801E-16  SWARM-A  4.363  55.862
2023-09-21T07:55:30Z  489.817  57.907  -54.816  6.02363E-16  SWARM-A  4.383  57.775
2023-09-21T07:56:00Z  490.194  59.807  -54.612  6.09190E-16  SWARM-A  4.405  59.688
2023-09-21T07:56:30Z  490.561  61.705  -54.369  6.16372E-16  SWARM-A  4.430  61.602
2023-09-21T07:57:00Z  490.915  63.602  -54.078  6.24016E-16  SWARM-A  4.457  63.515
2023-09-21T07:57:30Z  491.254  65.496  -53.727  6.32223E-16  SWARM-A  4.489  65.428
2023-09-21T07:58:00Z  491.575  67.389  -53.301  6.41038E-16  SWARM-A  4.526  67.341
2023-09-21T07:58:30Z  491.878  69.279  -52.782  6.50549E-16  SWARM-A  4.569  69.255
2023-09-21T07:59:00Z  492.161  71.165  -52.139  6.60774E-16  SWARM-A  4.620  71.168
2023-09-21T07:59:30Z  492.421  73.047  -51.332  6.71755E-16  SWARM-A  4.682  73.081
2023-09-21T08:00:00Z  492.658  74.924  -50.301  6.83534E-16  SWARM-A  4.759  74.995
2023-09-21T08:00:30Z  492.869  76.792  -48.950  6.96186E-16  SWARM-A  4.858  76.908
2023-09-21T08:01:00Z  493.055  78.649  -47.125  7.09725E-16  SWARM-A  4.988  78.822
2023-09-21T08:01:30Z  493.214  80.488  -44.554  7.24246E-16  SWARM-A  5.167  80.735
2023-09-21T08:02:00Z  493.345  82.297  -40.718  7.39783E-16  SWARM-A  5.431  82.649
2023-09-21T08:02:30Z  493.447  84.047  -34.524  7.56377E-16  SWARM-A  5.853  84.562
2023-09-21T08:03:00Z  493.520  85.668  -23.389  7.74031E-16  SWARM-A  6.603  86.476
2023-09-21T08:03:30Z  493.563  86.946  -1.176  7.92767E-16  SWARM-A  8.093  88.389
2023-09-21T08:04:00Z  493.577  87.332  36.781  8.13204E-16  SWARM-A  10.631  90.303
2023-09-21T08:04:30Z  493.561  86.517  69.403  8.35420E-16  SWARM-A  12.815  92.216
2023-09-21T08:05:00Z  493.515  85.063  86.289  8.59024E-16  SWARM-A  13.949  94.130
2023-09-21T08:05:30Z  493.440  83.378  95.031  8.83698E-16  SWARM-A  14.540  96.043
2023-09-21T08:06:00Z  493.336  81.600  100.117  9.09461E-16  SWARM-A  14.887  97.957
2023-09-21T08:06:30Z  493.203  79.778  103.376  9.36158E-16  SWARM-A  15.113  99.870
2023-09-21T08:07:00Z  493.043  77.931  105.614  9.63675E-16  SWARM-A  15.270  101.784
2023-09-21T08:07:30Z  492.856  76.069  107.231  9.91813E-16  SWARM-A  15.386  103.697
2023-09-21T08:08:00Z  492.644  74.197  108.443  1.02039E-15  SWARM-A  15.476  105.611
2023-09-21T08:08:30Z  492.407  72.318  109.378  1.04926E-15  SWARM-A  15.546  107.524
2023-09-21T08:09:00Z  492.148  70.434  110.116  1.07820E-15  SWARM-A  15.604  109.437
2023-09-21T08:09:30Z  491.867  68.546  110.707  1.10729E-15  SWARM-A  15.651  111.351
2023-09-21T08:10:00Z  491.566  66.655  111.187  1.13645E-15  SWARM-A  15.692  113.264
2023-09-21T08:10:30Z  491.247  64.762  111.581  1.16533E-15  SWARM-A  15.726  115.177
2023-09-21T08:11:00Z  490.911  62.867  111.908  1.19394E-15  SWARM-A  15.756  117.090
2023-09-21T08:11:30Z  490.562  60.970  112.179  1.22206E-15  SWARM-A  15.783  119.003
2023-09-21T08:12:00Z  490.200  59.071  112.406  1.24954E-15  SWARM-A  15.806  120.916
2023-09-21T08:12:30Z  489.828  57.170  112.596  1.27629E-15  SWARM-A  15.827  122.829
2023-09-21T08:13:00Z  489.448  55.269  112.756  1.30248E-15  SWARM-A  15.846  124.742
2023-09-21T08:13:30Z  489.062  53.366  112.889  1.32856E-15  SWARM-A  15.864  126.655
2023-09-21T08:14:00Z  488.673  51.461  113.000  1.35374E-15  SWARM-A  15.879  128.568
2023-09-21T08:14:30Z  488.284  49.556  113.093  1.37790E-15  SWARM-A  15.894  130.480
2023-09-21T08:15:00Z  487.895  47.650  113.169  1.40120E-15  SWARM-A  15.907  132.393
2023-09-21T08:15:30Z  487.511  45.742  113.231  1.42292E-15  SWARM-A  15.920  134.305
2023-09-21T08:16:00Z  487.133  43.834  113.280  1.44191E-15  SWARM-A  15.931  136.218
2023-09-21T08:16:30Z  486.764  41.924  113.319  1.46004E-15  SWARM-A  15.942  138.130
2023-09-21T08:17:00Z  486.406  40.014  113.349  1.47736E-15  SWARM-A  15.953  140.042
2023-09-21T08:17:30Z  486.062  38.103  113.370  1.49389E-15  SWARM-A  15.962  141.954
2023-09-21T08:18:00Z  485.734  36.191  113.383  1.50970E-15  SWARM-A  15.972  143.866
2023-09-21T08:18:30Z  485.424  34.278  113.390  1.52481E-15  SWARM-A  15.980  145.778
2023-09-21T08:19:00Z  485.135  32.365  113.391  1.54074E-15  SWARM-A  15.989  147.690
2023-09-21T08:19:30Z  484.869  30.451  113.387  1.55687E-15  SWARM-A  15.997  149.601
2023-09-21T08:20:00Z  484.627  28.536  113.378  1.57238E-15  SWARM-A  16.005  151.513
2023-09-21T08:20:30Z  484.413  26.620  113.366  1.58725E-15  SWARM-A  16.012  153.424
2023-09-21T08:21:00Z  484.227  24.704  113.349  1.60144E-15  SWARM-A  16.019  155.335
2023-09-21T08:21:30Z  484.072  22.787  113.329  1.61496E-15  SWARM-A  16.026  157.246
2023-09-21T08:22:00Z  483.949  20.870  113.306  1.62781E-15  SWARM-A  16.033  159.157
2023-09-21T08:22:30Z  483.860  18.952  113.281  1.63860E-15  SWARM-A  16.040  161.068
2023-09-21T08:23:00Z  483.806  17.034  113.254  1.64745E-15  SWARM-A  16.046  162.978
2023-09-21T08:23:30Z  483.789  15.116  113.224  1.65551E-15  SWARM-A  16.053  164.889
2023-09-21T08:24:00Z  483.809  13.197  113.193  1.66274E-15  SWARM-A  16.059  166.799
2023-09-21T08:24:30Z  483.868  11.278  113.160  1.66905E-15  SWARM-A  16.065  168.709
2023-09-21T08:25:00Z  483.965  9.359  113.126  1.67445E-15  SWARM-A  16.071  170.619
2023-09-21T08:25:30Z  484.103  7.440  113.091  1.67881E-15  SWARM-A  16.077  172.529
2023-09-21T08:26:00Z  484.281  5.521  113.056  1.68212E-15  SWARM-A  16.083  174.439
2023-09-21T08:26:30Z  484.499  3.602  113.019  1.68426E-15  SWARM-A  16.089  176.348
2023-09-21T08:27:00Z  484.758  1.683  112.983  1.68484E-15  SWARM-A  16.095  178.258
2023-09-21T08:27:30Z  485.057  -0.236  112.946  1.68412E-15  SWARM-A  16.101  180.167
2023-09-21T08:28:00Z  485.397  -2.155  112.909  1.68211E-15  SWARM-A  16.107  182.076
2023-09-21T08:28:30Z  485.775  -4.074  112.872  1.67877E-15  SWARM-A  16.113  183.985
2023-09-21T08:29:00Z  486.193  -5.992  112.836  1.67406E-15  SWARM-A  16.118  185.893
2023-09-21T08:29:30Z  486.649  -7.910  112.801  1.66785E-15  SWARM-A  16.124  187.802
2023-09-21T08:30:00Z  487.142  -9.828  112.766  1.66013E-15  SWARM-A  16.130  189.710
2023-09-21T08:30:30Z  487.671  -11.745  112.732  1.65084E-15  SWARM-A  16.137  191.618
2023-09-21T08:31:00Z  488.235  -13.661  112.700  1.63997E-15  SWARM-A  16.143  193.526
2023-09-21T08:31:30Z  488.832  -15.577  112.669  1.62744E-15  SWARM-A  16.149  195.434
2023-09-21T08:32:00Z  489.461  -17.492  112.639  1.61335E-15  SWARM-A  16.155  197.341
2023-09-21T08:32:30Z  490.119  -19.407  112.612  1.59765E-15  SWARM-A  16.162  199.248
2023-09-21T08:33:00Z  490.806  -21.321  112.587  1.58045E-15  SWARM-A  16.169  201.156
2023-09-21T08:33:30Z  491.518  -23.234  112.565  1.56181E-15  SWARM-A  16.175  203.063
2023-09-21T08:34:00Z  492.254  -25.146  112.546  1.54178E-15  SWARM-A  16.182  204.969
2023-09-21T08:34:30Z  493.010  -27.058  112.530  1.52051E-15  SWARM-A  16.190  206.876
2023-09-21T08:35:00Z  493.786  -28.968  112.518  1.49803E-15  SWARM-A  16.197  208.782
2023-09-21T08:35:30Z  494.578  -30.878  112.510  1.47446E-15  SWARM-A  16.205  210.689
2023-09-21T08:36:00Z  495.383  -32.786  112.506  1.44991E-15  SWARM-A  16.213  212.595
2023-09-21T08:36:30Z  496.200  -34.694  112.508  1.42449E-15  SWARM-A  16.222  214.501
2023-09-21T08:37:00Z  497.024  -36.600  112.516  1.39828E-15  SWARM-A  16.231  216.407
2023-09-21T08:37:30Z  497.854  -38.505  112.531  1.37146E-15  SWARM-A  16.240  218.312
2023-09-21T08:38:00Z  498.687  -40.410  112.553  1.34413E-15  SWARM-A  16.250  220.218
2023-09-21T08:38:30Z  499.519  -42.313  112.584  1.31638E-15  SWARM-A  16.260  222.123
2023-09-21T08:39:00Z  500.347  -44.215  112.624  1.28842E-15  SWARM-A  16.271  224.028
2023-09-21T08:39:30Z  501.169  -46.116  112.676  1.26036E-15  SWARM-A  16.283  225.933
2023-09-21T08:40:00Z  501.982  -48.015  112.740  1.23236E-15  SWARM-A  16.295  227.838
2023-09-21T08:40:30Z  502.783  -49.913  112.818  1.20460E-15  SWARM-A  16.309  229.742
2023-09-21T08:41:00Z  503.569  -51.811  112.913  1.17715E-15  SWARM-A  16.324  231.647
2023-09-21T08:41:30Z  504.337  -53.706  113.027  1.15008E-15  SWARM-A  16.340  233.551
2023-09-21T08:42:00Z  505.085  -55.600  113.164  1.12334E-15  SWARM-A  16.357  235.455
2023-09-21T08:42:30Z  505.809  -57.493  113.327  1.09698E-15  SWARM-A  16.376  237.360
2023-09-21T08:43:00Z  506.507  -59.385  113.521  1.07092E-15  SWARM-A  16.398  239.264
2023-09-21T08:43:30Z  507.177  -61.274  113.753  1.04516E-15  SWARM-A  16.421  241.167
2023-09-21T08:44:00Z  507.816  -63.162  114.031  1.01969E-15  SWARM-A  16.448  243.071
2023-09-21T08:44:30Z  508.422  -65.048  114.365  9.94327E-16  SWARM-A  16.479  244.975
2023-09-21T08:45:00Z  508.993  -66.931  114.769  9.69046E-16  SWARM-A  16.514  246.879
2023-09-21T08:45:30Z  509.526  -68.812  115.260  9.43874E-16  SWARM-A  16.555  248.782
2023-09-21T08:46:00Z  510.020  -70.689  115.866  9.18853E-16  SWARM-A  16.604  250.685
2023-09-21T08:46:30Z  510.473  -72.563  116.622  8.93975E-16  SWARM-A  16.663  252.589
2023-09-21T08:47:00Z  510.883  -74.431  117.582  8.68997E-16  SWARM-A  16.735  254.492
2023-09-21T08:47:30Z  511.248  -76.292  118.830  8.44113E-16  SWARM-A  16.826  256.395
2023-09-21T08:48:00Z  511.568  -78.143  120.497  8.19119E-16  SWARM-A  16.946  258.299
2023-09-21T08:48:30Z  511.841  -79.978  122.813  7.94283E-16  SWARM-A  17.109  260.202
2023-09-21T08:49:00Z  512.066  -81.787  126.199  7.69612E-16  SWARM-A  17.343  262.105
2023-09-21T08:49:30Z  512.243  -83.548  131.516  7.45065E-16  SWARM-A  17.706  264.008
2023-09-21T08:50:00Z  512.370  -85.210  140.729  7.19908E-16  SWARM-A  18.328  265.911
2023-09-21T08:50:30Z  512.447  -86.621  158.622  6.94979E-16  SWARM-A  19.529  267.814
2023-09-21T08:51:00Z  512.475  -87.347  -167.577  6.70260E-16  SWARM-A  21.791  269.717
2023-09-21T08:51:30Z  512.452  -86.869  -130.671  6.46506E-16  SWARM-A  0.260  271.620
2023-09-21T08:52:00Z  512.379  -85.559  -109.698  6.24114E-16  SWARM-A  1.666  273.523
2023-09-21T08:52:30Z  512.256  -83.935  -99.098  6.02811E-16  SWARM-A  2.381  275.426
2023-09-21T08:53:00Z  512.083  -82.189  -93.136  5.82550E-16  SWARM-A  2.787  277.329
2023-09-21T08:53:30Z  511.862  -80.388  -89.413  5.63396E-16  SWARM-A  3.044  279.232
2023-09-21T08:54:00Z  511.593  -78.558  -86.903  5.46007E-16  SWARM-A  3.219  281.135
2023-09-21T08:54:30Z  511.276  -76.710  -85.114  5.29945E-16  SWARM-A  3.347  283.039
2023-09-21T08:55:00Z  510.914  -74.851  -83.786  5.15087E-16  SWARM-A  3.444  284.942
2023-09-21T08:55:30Z  510.507  -72.985  -82.770  5.01375E-16  SWARM-A  3.520  286.845
2023-09-21T08:56:00Z  510.057  -71.112  -81.973  4.88579E-16  SWARM-A  3.581  288.748
2023-09-21T08:56:30Z  509.565  -69.236  -81.337  4.76626E-16  SWARM-A  3.632  290.652
2023-09-21T08:57:00Z  509.034  -67.355  -80.822  4.65593E-16  SWARM-A  3.675  292.555
2023-09-21T08:57:30Z  508.465  -65.472  -80.401  4.55195E-16  SWARM-A  3.711  294.459
2023-09-21T08:58:00Z  507.860  -63.587  -80.053  4.45269E-16  SWARM-A  3.743  296.363
2023-09-21T08:58:30Z  507.221  -61.700  -79.763  4.36302E-16  SWARM-A  3.770  298.267
2023-09-21T08:59:00Z  506.551  -59.811  -79.522  4.28240E-16  SWARM-A  3.795  300.171
2023-09-21T08:59:30Z  505.852  -57.920  -79.319  4.21074E-16  SWARM-A  3.817  302.075
2023-09-21T09:00:00Z  505.127  -56.027  -79.149  4.14827E-16  SWARM-A  3.836  303.979
2023-09-21T09:00:30Z  504.378  -54.133  -79.007  4.09300E-16  SWARM-A  3.854  305.883
2023-09-21T09:01:00Z  503.608  -52.238  -78.888  4.04533E-16  SWARM-A  3.870  307.788
2023-09-21T09:01:30Z  502.820  -50.341  -78.789  4.00251E-16  SWARM-A  3.885  309.692
2023-09-21T09:02:00Z  502.016  -48.443  -78.707  3.96688E-16  SWARM-A  3.899  311.597
2023-09-21T09:02:30Z  501.200  -46.543  -78.640  3.93807E-16  SWARM-A  3.912  313.502
2023-09-21T09:03:00Z  500.374  -44.643  -78.586  3.91519E-16  SWARM-A  3.924  315.407
2023-09-21T09:03:30Z  499.540  -42.741  -78.544  3.89774E-16  SWARM-A  3.935  317.312
2023-09-21T09:04:00Z  498.703  -40.838  -78.511  3.88596E-16  SWARM-A  3.945  319.217
2023-09-21T09:04:30Z  497.865  -38.934  -78.487  3.87955E-16  SWARM-A  3.955  321.123
2023-09-21T09:05:00Z  497.029  -37.028  -78.470  3.87864E-16  SWARM-A  3.965  323.028
2023-09-21T09:05:30Z  496.197  -35.122  -78.461  3.88281E-16  SWARM-A  3.974  324.934
2023-09-21T09:06:00Z  495.373  -33.215  -78.458  3.89184E-16  SWARM-A  3.982  326.840
2023-09-21T09:06:30Z  494.559  -31.306  -78.460  3.90536E-16  SWARM-A  3.991  328.746
2023-09-21T09:07:00Z  493.759  -29.397  -78.467  3.92365E-16  SWARM-A  3.998  330.653
2023-09-21T09:07:30Z  492.974  -27.487  -78.478  3.94580E-16  SWARM-A  4.006  332.559
2023-09-21T09:08:00Z  492.208  -25.575  -78.493  3.97195E-16  SWARM-A  4.013  334.466
2023-09-21T09:08:30Z  491.462  -23.663  -78.512  4.00178E-16  SWARM-A  4.020  336.373
2023-09-21T09:09:00Z  490.739  -21.750  -78.533  4.03508E-16  SWARM-A  4.027  338.280
2023-09-21T09:09:30Z  490.042  -19.836  -78.558  4.07072E-16  SWARM-A  4.034  340.187
2023-09-21T09:10:00Z  489.373  -17.922  -78.584  4.10706E-16  SWARM-A  4.041  342.095
2023-09-21T09:10:30Z  488.733  -16.006  -78.613  4.14619E-16  SWARM-A  4.047  344.002
2023-09-21T09:11:00Z  488.124  -14.090  -78.644  4.18794E-16  SWARM-A  4.053  345.910
2023-09-21T09:11:30Z  487.549  -12.174  -78.676  4.23167E-16  SWARM-A  4.060  347.818
2023-09-21T09:12:00Z  487.008  -10.257  -78.709  4.27709E-16  SWARM-A  4.066  349.726
2023-09-21T09:12:30Z  486.504  -8.339  -78.744  4.32365E-16  SWARM-A  4.072  351.634
2023-09-21T09:13:00Z  486.036  -6.421  -78.779  4.37126E-16  SWARM-A  4.078  353.543
2023-09-21T09:13:30Z  485.607  -4.503  -78.815  4.41862E-16  SWARM-A  4.084  355.452
2023-09-21T09:14:00Z  485.217  -2.584  -78.852  4.46585E-16  SWARM-A  4.089  357.361
2023-09-21T09:14:30Z  484.867  -0.665  -78.888  4.51296E-16  SWARM-A  4.095  359.270
2023-09-21T09:15:00Z  484.558  1.254  -78.925  4.55909E-16  SWARM-A  4.101  1.179
2023-09-21T09:15:30Z  484.289  3.173  -78.962  4.60375E-16  SWARM-A  4.107  3.088
2023-09-21T09:16:00Z  484.060  5.092  -78.998  4.64676E-16  SWARM-A  4.113  4.998
2023-09-21T09:16:30Z  483.873  7.012  -79.034  4.68831E-16  SWARM-A  4.119  6.908
2023-09-21T09:17:00Z  483.726  8.931  -79.069  4.72798E-16  SWARM-A  4.125  8.818
2023-09-21T09:17:30Z  483.620  10.850  -79.103  4.76583E-16  SWARM-A  4.131  10.728
2023-09-21T09:18:00Z  483.553  12.769  -79.136  4.80220E-16  SWARM-A  4.137  12.638
2023-09-21T09:18:30Z  483.525  14.688  -79.168  4.83732E-16  SWARM-A  4.143  14.549
2023-09-21T09:19:00Z  483.535  16.607  -79.198  4.87151E-16  SWARM-A  4.150  16.459
2023-09-21T09:19:30Z  483.582  18.525  -79.226  4.90511E-16  SWARM-A  4.156  18.370
2023-09-21T09:20:00Z  483.665  20.443  -79.251  4.93872E-16  SWARM-A  4.163  20.281
2023-09-21T09:20:30Z  483.782  22.360  -79.275  4.97197E-16  SWARM-A  4.170  22.192
2023-09-21T09:21:00Z  483.933  24.277  -79.295  5.00622E-16  SWARM-A  4.177  24.103
2023-09-21T09:21:30Z  484.115  26.194  -79.312  5.04117E-16  SWARM-A  4.184  26.014
2023-09-21T09:22:00Z  484.326  28.110  -79.326  5.07701E-16  SWARM-A  4.191  27.926
2023-09-21T09:22:30Z  484.565  30.025  -79.336  5.11462E-16  SWARM-A  4.199  29.837
2023-09-21T09:23:00Z  484.829  31.939  -79.341  5.15436E-16  SWARM-A  4.207  31.749
2023-09-21T09:23:30Z  485.117  33.853  -79.341  5.19682E-16  SWARM-A  4.215  33.661
2023-09-21T09:24:00Z  485.427  35.766  -79.335  5.24235E-16  SWARM-A  4.224  35.573
2023-09-21T09:24:30Z  485.756  37.679  -79.323  5.29162E-16  SWARM-A  4.233  37.485
2023-09-21T09:25:00Z  486.101  39.590  -79.303  5.34516E-16  SWARM-A  4.243  39.397
2023-09-21T09:25:30Z  486.461  41.501  -79.276  5.40096E-16  SWARM-A  4.253  41.309
2023-09-21T09:26:00Z  486.833  43.410  -79.239  5.46022E-16  SWARM-A  4.264  43.221
2023-09-21T09:26:30Z  487.215  45.319  -79.192  5.52451E-16  SWARM-A  4.275  45.134
2023-09-21T09:27:00Z  487.604  47.227  -79.133  5.59404E-16  SWARM-A  4.287  47.046
2023-09-21T09:27:30Z  487.998  49.133  -79.060  5.66882E-16  SWARM-A  4.301  48.959
2023-09-21T09:28:00Z  488.394  51.039  -78.971  5.74783E-16  SWARM-A  4.315  50.872
2023-09-21T09:28:30Z  488.790  52.944  -78.864  5.83122E-16  SWARM-A  4.330  52.785
2023-09-21T09:29:00Z  489.183  54.847  -78.736  5.91875E-16  SWARM-A  4.347  54.698
2023-09-21T09:29:30Z  489.572  56.749  -78.582  6.00887E-16  SWARM-A  4.366  56.610
2023-09-21T09:30:00Z  489.954  58.650  -78.399  6.10675E-16  SWARM-A  4.386  58.523
2023-09-21T09:30:30Z  490.326  60.549  -78.181  6.21051E-16  SWARM-A  4.409  60.437
2023-09-21T09:31:00Z  490.687  62.447  -77.919  6.32066E-16  SWARM-A  4.435  62.350
2023-09-21T09:31:30Z  491.035  64.343  -77.606  6.43813E-16  SWARM-A  4.464  64.263
2023-09-21T09:32:00Z  491.366  66.237  -77.227  6.56268E-16  SWARM-A  4.498  66.176
2023-09-21T09:32:30Z  491.681  68.128  -76.767  6.69495E-16  SWARM-A  4.537  68.089
2023-09-21T09:33:00Z  491.976  70.017  -76.203  6.83514E-16  SWARM-A  4.583  70.003
2023-09-21T09:33:30Z  492.250  71.901  -75.501  6.98393E-16  SWARM-A  4.638  71.916
2023-09-21T09:34:00Z  492.501  73.781  -74.614  7.14101E-16  SWARM-A  4.705  73.830
2023-09-21T09:34:30Z  492.729  75.655  -73.471  7.30705E-16  SWARM-A  4.790  75.743
2023-09-21T09:35:00Z  492.931  77.520  -71.956  7.48300E-16  SWARM-A  4.899  77.657
2023-09-21T09:35:30Z  493.107  79.371  -69.880  7.66889E-16  SWARM-A  5.046  79.570
2023-09-21T09:36:00Z  493.255  81.200  -66.894  7.86262E-16  SWARM-A  5.253  81.484
2023-09-21T09:36:30Z  493.376  82.990  -62.314  8.06661E-16  SWARM-A  5.567  83.397
2023-09-21T09:37:00Z  493.468  84.702  -54.629  8.28133E-16  SWARM-A  6.088  85.311
2023-09-21T09:37:30Z  493.530  86.228  -40.154  8.50665E-16  SWARM-A  7.061  87.224
2023-09-21T09:38:00Z  493.563  87.240  -11.372  8.74296E-16  SWARM-A  8.988  89.138
2023-09-21T09:38:30Z  493.566  87.131  27.948  8.99714E-16  SWARM-A  11.618  91.051
2023-09-21T09:39:00Z  493.539  85.991  53.769  9.26870E-16  SWARM-A  13.348  92.965
2023-09-21T09:39:30Z  493.483  84.419  66.658  9.55117E-16  SWARM-A  14.215  94.878
2023-09-21T09:40:00Z  493.398  82.689  73.640  9.84125E-16  SWARM-A  14.689  96.792
2023-09-21T09:40:30Z  493.284  80.891  77.875  1.01291E-15  SWARM-A  14.980  98.705
2023-09-21T09:41:00Z  493.142  79.057  80.670  1.04235E-15  SWARM-A  15.174  100.619
2023-09-21T09:41:30Z  492.972  77.203  82.633  1.07233E-15  SWARM-A  15.314  102.532
2023-09-21T09:42:00Z  492.777  75.337  84.073  1.10269E-15  SWARM-A  15.418  104.446
2023-09-21T09:42:30Z  492.556  73.462  85.166  1.13326E-15  SWARM-A  15.499  106.359
2023-09-21T09:43:00Z  492.312  71.581  86.017  1.16385E-15  SWARM-A  15.564  108.272
2023-09-21T09:43:30Z  492.045  69.696  86.693  1.19431E-15  SWARM-A  15.618  110.186
2023-09-21T09:44:00Z  491.758  67.807  87.238  1.22430E-15  SWARM-A  15.662  112.099
2023-09-21T09:44:30Z  491.451  65.915  87.683  1.25413E-15  SWARM-A  15.700  114.012
2023-09-21T09:45:00Z  491.127  64.021  88.049  1.28440E-15  SWARM-A  15.733  115.925
2023-09-21T09:45:30Z  490.787  62.125  88.353  1.31396E-15  SWARM-A  15.762  117.839
2023-09-21T09:46:00Z  490.434  60.227  88.606  1.34260E-15  SWARM-A  15.787  119.752
2023-09-21T09:46:30Z  490.069  58.327  88.818  1.37022E-15  SWARM-A  15.809  121.665
2023-09-21T09:47:00Z  489.696  56.426  88.996  1.39674E-15  SWARM-A  15.829  123.577
2023-09-21T09:47:30Z  489.315  54.524  89.145  1.42205E-15  SWARM-A  15.848  125.490
2023-09-21T09:48:00Z  488.930  52.621  89.269  1.44618E-15  SWARM-A  15.864  127.403
2023-09-21T09:48:30Z  488.542  50.716  89.373  1.46914E-15  SWARM-A  15.880  129.316
2023-09-21T09:49:00Z  488.154  48.810  89.459  1.49094E-15  SWARM-A  15.894  131.228
2023-09-21T09:49:30Z  487.769  46.903  89.529  1.51153E-15  SWARM-A  15.907  133.141
2023-09-21T09:50:00Z  487.389  44.996  89.586  1.52962E-15  SWARM-A  15.919  135.053
2023-09-21T09:50:30Z  487.017  43.087  89.632  1.54660E-15  SWARM-A  15.930  136.966
2023-09-21T09:51:00Z  486.654  41.177  89.667  1.56262E-15  SWARM-A  15.941  138.878
2023-09-21T09:51:30Z  486.303  39.267  89.693  1.57768E-15  SWARM-A  15.951  140.790
2023-09-21T09:52:00Z  485.968  37.355  89.711  1.59192E-15  SWARM-A  15.960  142.702
2023-09-21T09:52:30Z  485.649  35.443  89.722  1.60538E-15  SWARM-A  15.970  144.614
2023-09-21T09:53:00Z  485.349  33.530  89.727  1.61809E-15  SWARM-A  15.978  146.525
2023-09-21T09:53:30Z  485.071  31.616  89.726  1.63011E-15  SWARM-A  15.986  148.437
2023-09-21T09:54:00Z  484.816  29.702  89.720  1.64144E-15  SWARM-A  15.994  150.349
2023-09-21T09:54:30Z  484.587  27.787  89.710  1.65211E-15  SWARM-A  16.002  152.260
2023-09-21T09:55:00Z  484.385  25.871  89.695  1.66214E-15  SWARM-A  16.009  154.171
2023-09-21T09:55:30Z  484.213  23.954  89.677  1.67143E-15  SWARM-A  16.017  156.082
2023-09-21T09:56:00Z  484.073  22.038  89.657  1.68007E-15  SWARM-A  16.024  157.993
2023-09-21T09:56:30Z  483.965  20.120  89.633  1.68806E-15  SWARM-A  16.030  159.904
2023-09-21T09:57:00Z  483.892  18.203  89.607  1.69532E-15  SWARM-A  16.037  161.815
2023-09-21T09:57:30Z  483.854  16.284  89.578  1.70179E-15  SWARM-A  16.043  163.725
2023-09-21T09:58:00Z  483.853  14.366  89.548  1.70738E-15  SWARM-A  16.050  165.636
2023-09-21T09:58:30Z  483.891  12.447  89.516  1.71193E-15  SWARM-A  16.056  167.546
2023-09-21T09:59:00Z  483.967  10.528  89.483  1.71550E-15  SWARM-A  16.062  169.456
2023-09-21T09:59:30Z  484.083  8.609  89.449  1.71805E-15  SWARM-A  16.068  171.366
2023-09-21T10:00:00Z  484.239  6.690  89.414  1.71956E-15  SWARM-A  16.074  173.275
2023-09-21T10:00:30Z  484.436  4.771  89.378  1.71993E-15  SWARM-A  16.080  175.185
2023-09-21T10:01:00Z  484.673  2.852  89.341  1.71909E-15  SWARM-A  16.086  177.094
2023-09-21T10:01:30Z  484.951  0.933  89.305  1.71704E-15  SWARM-A  16.092  179.004
2023-09-21T10:02:00Z  485.269  -0.986  89.268  1.71363E-15  SWARM-A  16.098  180.913
2023-09-21T10:02:30Z  485.628  -2.905  89.231  1.70894E-15  SWARM-A  16.104  182.821
2023-09-21T10:03:00Z  486.026  -4.823  89.195  1.70286E-15  SWARM-A  16.109  184.730
2023-09-21T10:03:30Z  486.463  -6.741  89.159  1.69534E-15  SWARM-A  16.115  186.639
2023-09-21T10:04:00Z  486.938  -8.659  89.124  1.68642E-15  SWARM-A  16.121  188.547
2023-09-21T10:04:30Z  487.449  -10.576  89.089  1.67604E-15  SWARM-A  16.127  190.455
2023-09-21T10:05:00Z  487.997  -12.493  89.056  1.66424E-15  SWARM-A  16.134  192.363
2023-09-21T10:05:30Z  488.578  -14.409  89.024  1.65091E-15  SWARM-A  16.140  194.271
2023-09-21T10:06:00Z  489.193  -16.325  88.994  1.63606E-15  SWARM-A  16.146  196.178
2023-09-21T10:06:30Z  489.838  -18.240  88.966  1.61987E-15  SWARM-A  16.152  198.086
2023-09-21T10:07:00Z  490.512  -20.154  88.939  1.60227E-15  SWARM-A  16.159  199.993
2023-09-21T10:07:30Z  491.213  -22.067  88.916  1.58336E-15  SWARM-A  16.166  201.900
2023-09-21T10:08:00Z  491.939  -23.980  88.894  1.56314E-15  SWARM-A  16.173  203.807
2023-09-21T10:08:30Z  492.687  -25.892  88.876  1.54151E-15  SWARM-A  16.180  205.713
2023-09-21T10:09:00Z  493.455  -27.803  88.862  1.51870E-15  SWARM-A  16.187  207.620
2023-09-21T10:09:30Z  494.241  -29.713  88.851  1.49477E-15  SWARM-A  16.195  209.526
2023-09-21T10:10:00Z  495.042  -31.622  88.845  1.46981E-15  SWARM-A  16.203  211.432
2023-09-21T10:10:30Z  495.855  -33.530  88.844  1.44394E-15  SWARM-A  16.211  213.338
2023-09-21T10:11:00Z  496.678  -35.437  88.848  1.41723E-15  SWARM-A  16.220  215.244
2023-09-21T10:11:30Z  497.508  -37.343  88.859  1.38975E-15  SWARM-A  16.229  217.149
2023-09-21T10:12:00Z  498.341  -39.248  88.876  1.36165E-15  SWARM-A  16.238  219.055
2023-09-21T10:12:30Z  499.176  -41.152  88.902  1.33300E-15  SWARM-A  16.248  220.960
2023-09-21T10:13:00Z  500.009  -43.054  88.936  1.30393E-15  SWARM-A  16.259  222.865
2023-09-21T10:13:30Z  500.837  -44.956  88.981  1.27456E-15  SWARM-A  16.270  224.770
2023-09-21T10:14:00Z  501.657  -46.856  89.037  1.24500E-15  SWARM-A  16.282  226.675
2023-09-21T10:14:30Z  502.466  -48.755  89.106  1.21537E-15  SWARM-A  16.295  228.580
2023-09-21T10:15:00Z  503.262  -50.653  89.191  1.18576E-15  SWARM-A  16.309  230.484
2023-09-21T10:15:30Z  504.042  -52.549  89.293  1.15627E-15  SWARM-A  16.324  232.389
2023-09-21T10:16:00Z  504.802  -54.444  89.416  1.12659E-15  SWARM-A  16.341  234.293
2023-09-21T10:16:30Z  505.541  -56.338  89.562  1.09630E-15  SWARM-A  16.359  236.197
2023-09-21T10:17:00Z  506.255  -58.230  89.737  1.06618E-15  SWARM-A  16.379  238.101
2023-09-21T10:17:30Z  506.942  -60.120  89.945  1.03629E-15  SWARM-A  16.401  240.005
2023-09-21T10:18:00Z  507.599  -62.009  90.194  1.00667E-15  SWARM-A  16.426  241.909
2023-09-21T10:18:30Z  508.224  -63.896  90.493  9.77358E-16  SWARM-A  16.454  243.812
2023-09-21T10:19:00Z  508.815  -65.781  90.852  9.48427E-16  SWARM-A  16.487  245.716
2023-09-21T10:19:30Z  509.370  -67.663  91.287  9.19931E-16  SWARM-A  16.524  247.619
2023-09-21T10:20:00Z  509.886  -69.543  91.820  8.91936E-16  SWARM-A  16.568  249.523
2023-09-21T10:20:30Z  510.362  -71.419  92.479  8.64404E-16  SWARM-A  16.620  251.426
2023-09-21T10:21:00Z  510.796  -73.290  93.308  8.38030E-16  SWARM-A  16.684  253.329
2023-09-21T10:21:30Z  511.186  -75.156  94.368  8.12392E-16  SWARM-A  16.763  255.232
2023-09-21T10:22:00Z  511.531  -77.013  95.760  7.87071E-16  SWARM-A  16.864  257.136
2023-09-21T10:22:30Z  511.829  -78.858  97.645  7.62219E-16  SWARM-A  16.998  259.039
2023-09-21T10:23:00Z  512.080  -80.685  100.312  7.37802E-16  SWARM-A  17.184  260.942
2023-09-21T10:23:30Z  512.283  -82.479  104.309  7.13776E-16  SWARM-A  17.459  262.845
2023-09-21T10:24:00Z  512.436  -84.210  110.808  6.90268E-16  SWARM-A  17.900  264.748
2023-09-21T10:24:30Z  512.540  -85.802  122.586  6.67249E-16  SWARM-A  18.694  266.651
2023-09-21T10:25:00Z  512.594  -87.022  146.067  6.44191E-16  SWARM-A  20.268  268.554
2023-09-21T10:25:30Z  512.597  -87.304  -175.510  6.21348E-16  SWARM-A  22.837  270.457
2023-09-21T10:26:00Z  512.550  -86.420  -144.399  6.00030E-16  SWARM-A  0.920  272.360
2023-09-21T10:26:30Z  512.453  -84.949  -128.439  5.80153E-16  SWARM-A  1.992  274.262
2023-09-21T10:27:00Z  512.306  -83.265  -120.080  5.61508E-16  SWARM-A  2.558  276.165
2023-09-21T10:27:30Z  512.110  -81.494  -115.168  5.44133E-16  SWARM-A  2.894  278.069
2023-09-21T10:28:00Z  511.865  -79.680  -111.997  5.28036E-16  SWARM-A  3.113  279.972
2023-09-21T10:28:30Z  511.572  -77.842  -109.808  5.13262E-16  SWARM-A  3.268  281.875
2023-09-21T10:29:00Z  511.233  -75.989  -108.221  4.99590E-16  SWARM-A  3.382  283.778
2023-09-21T10:29:30Z  510.848  -74.127  -107.027  4.87155E-16  SWARM-A  3.470  285.681
2023-09-21T10:30:00Z  510.419  -72.258  -106.105  4.75698E-16  SWARM-A  3.540  287.584
2023-09-21T10:30:30Z  509.947  -70.384  -105.376  4.65300E-16  SWARM-A  3.596  289.488
2023-09-21T10:31:00Z  509.434  -68.506  -104.791  4.55976E-16  SWARM-A  3.644  291.391
2023-09-21T10:31:30Z  508.883  -66.624  -104.315  4.47565E-16  SWARM-A  3.684  293.295
2023-09-21T10:32:00Z  508.294  -64.740  -103.923  4.40085E-16  SWARM-A  3.718  295.198
2023-09-21T10:32:30Z  507.671  -62.854  -103.599  4.33462E-16  SWARM-A  3.748  297.102
2023-09-21T10:33:00Z  507.014  -60.966  -103.329  4.27712E-16  SWARM-A  3.775  299.006
2023-09-21T10:33:30Z  506.328  -59.076  -103.104  4.22735E-16  SWARM-A  3.798  300.910
2023-09-21T10:34:00Z  505.613  -57.185  -102.915  4.18503E-16  SWARM-A  3.819  302.814
2023-09-21T10:34:30Z  504.873  -55.292  -102.756  4.14879E-16  SWARM-A  3.838  304.718
2023-09-21T10:35:00Z  504.111  -53.397  -102.623  4.11848E-16  SWARM-A  3.855  306.622
2023-09-21T10:35:30Z  503.328  -51.501  -102.512  4.09362E-16  SWARM-A  3.871  308.527
2023-09-21T10:36:00Z  502.528  -49.604  -102.420  4.07466E-16  SWARM-A  3.885  310.432
2023-09-21T10:36:30Z  501.714  -47.705  -102.344  4.06058E-16  SWARM-A  3.899  312.336
2023-09-21T10:37:00Z  500.888  -45.805  -102.282  4.04910E-16  SWARM-A  3.911  314.241
2023-09-21T10:37:30Z  500.053  -43.904  -102.233  4.03952E-16  SWARM-A  3.923  316.146
2023-09-21T10:38:00Z  499.213  -42.002  -102.194  4.03340E-16  SWARM-A  3.934  318.051
2023-09-21T10:38:30Z  498.370  -40.099  -102.165  4.03091E-16  SWARM-A  3.944  319.957
2023-09-21T10:39:00Z  497.528  -38.194  -102.144  4.03153E-16  SWARM-A  3.954  321.862
2023-09-21T10:39:30Z  496.688  -36.288  -102.130  4.03472E-16  SWARM-A  3.963  323.768
2023-09-21T10:40:00Z  495.854  -34.382  -102.123  4.04093E-16  SWARM-A  3.972  325.674
2023-09-21T10:40:30Z  495.029  -32.474  -102.122  4.04967E-16  SWARM-A  3.980  327.580
2023-09-21T10:41:00Z  494.215  -30.565  -102.126  4.06079E-16  SWARM-A  3.988  329.486
2023-09-21T10:41:30Z  493.416  -28.655  -102.135  4.07466E-16  SWARM-A  3.996  331.393
2023-09-21T10:42:00Z  492.633  -26.744  -102.148  4.09067E-16  SWARM-A  4.003  333.299
2023-09-21T10:42:30Z  491.870  -24.833  -102.164  4.10879E-16  SWARM-A  4.011  335.206
2023-09-21T10:43:00Z  491.129  -22.920  -102.184  4.12926E-16  SWARM-A  4.018  337.113
2023-09-21T10:43:30Z  490.411  -21.007  -102.206  4.15199E-16  SWARM-A  4.025  339.020
2023-09-21T10:44:00Z  489.721  -19.093  -102.232  4.17721E-16  SWARM-A  4.031  340.928
2023-09-21T10:44:30Z  489.058  -17.178  -102.259  4.20465E-16  SWARM-A  4.038  342.835
2023-09-21T10:45:00Z  488.426  -15.262  -102.289  4.23448E-16  SWARM-A  4.044  344.743
2023-09-21T10:45:30Z  487.826  -13.346  -102.320  4.26605E-16  SWARM-A  4.050  346.651
2023-09-21T10:46:00Z  487.260  -11.429  -102.352  4.29953E-16  SWARM-A  4.056  348.559
2023-09-21T10:46:30Z  486.730  -9.512  -102.386  4.33429E-16  SWARM-A  4.063  350.467
2023-09-21T10:47:00Z  486.236  -7.594  -102.421  4.37045E-16  SWARM-A  4.069  352.376
2023-09-21T10:47:30Z  485.780  -5.676  -102.457  4.40806E-16  SWARM-A  4.075  354.284
2023-09-21T10:48:00Z  485.362  -3.758  -102.493  4.44666E-16  SWARM-A  4.080  356.193
2023-09-21T10:48:30Z  484.985  -1.839  -102.530  4.48611E-16  SWARM-A  4.086  358.102
2023-09-21T10:49:00Z  484.648  0.080  -102.566  4.52644E-16  SWARM-A  4.092  0.011
2023-09-21T10:49:30Z  484.351  2.000  -102.603  4.56709E-16  SWARM-A  4.098  1.921
2023-09-21T10:50:00Z  484.096  3.919  -102.640  4.60848E-16  SWARM-A  4.104  3.830
2023-09-21T10:50:30Z  483.881  5.838  -102.676  4.64997E-16  SWARM-A  4.110  5.740
2023-09-21T10:51:00Z  483.708  7.758  -102.711  4.69186E-16  SWARM-A  4.116  7.650
2023-09-21T10:51:30Z  483.575  9.677  -102.746  4.73434E-16  SWARM-A  4.122  9.560
2023-09-21T10:52:00Z  483.483  11.596  -102.780  4.77724E-16  SWARM-A  4.128  11.470
2023-09-21T10:52:30Z  483.430  13.515  -102.812  4.82116E-16  SWARM-A  4.134  13.381
2023-09-21T10:53:00Z  483.416  15.434  -102.843  4.86645E-16  SWARM-A  4.140  15.291
2023-09-21T10:53:30Z  483.440  17.353  -102.872  4.91296E-16  SWARM-A  4.147  17.202
2023-09-21T10:54:00Z  483.500  19.271  -102.899  4.96189E-16  SWARM-A  4.153  19.113
2023-09-21T10:54:30Z  483.596  21.189  -102.924  5.01232E-16  SWARM-A  4.160  21.024
2023-09-21T10:55:00Z  483.726  23.106  -102.946  5.06520E-16  SWARM-A  4.167  22.935
2023-09-21T10:55:30Z  483.888  25.023  -102.965  5.12029E-16  SWARM-A  4.174  24.846
2023-09-21T10:56:00Z  484.081  26.939  -102.981  5.18039E-16  SWARM-A  4.181  26.758
2023-09-21T10:56:30Z  484.303  28.855  -102.993  5.24463E-16  SWARM-A  4.189  28.669
2023-09-21T10:57:00Z  484.552  30.770  -103.001  5.31355E-16  SWARM-A  4.197  30.581
2023-09-21T10:57:30Z  484.826  32.684  -103.004  5.38752E-16  SWARM-A  4.205  32.493
2023-09-21T10:58:00Z  485.122  34.598  -103.002  5.46668E-16  SWARM-A  4.213  34.405
2023-09-21T10:58:30Z  485.439  36.510  -102.994  5.54777E-16  SWARM-A  4.222  36.317
2023-09-21T10:59:00Z  485.775  38.422  -102.979  5.63136E-16  SWARM-A  4.231  38.229
2023-09-21T10:59:30Z  486.127  40.334  -102.957  5.72058E-16  SWARM-A  4.241  40.141
2023-09-21T11:00:00Z  486.492  42.244  -102.926  5.81534E-16  SWARM-A  4.252  42.053
2023-09-21T11:00:30Z  486.868  44.153  -102.885  5.91495E-16  SWARM-A  4.263  43.966
2023-09-21T11:01:00Z  487.253  46.062  -102.833  6.02035E-16  SWARM-A  4.274  45.878
2023-09-21T11:01:30Z  487.645  47.969  -102.769  6.13136E-16  SWARM-A  4.287  47.791
2023-09-21T11:02:00Z  488.040  49.876  -102.690  6.24796E-16  SWARM-A  4.301  49.704
2023-09-21T11:02:30Z  488.437  51.781  -102.594  6.36909E-16  SWARM-A  4.315  51.617
2023-09-21T11:03:00Z  488.833  53.685  -102.479  6.49372E-16  SWARM-A  4.331  53.530
2023-09-21T11:03:30Z  489.225  55.588  -102.341  6.62127E-16  SWARM-A  4.349  55.442
2023-09-21T11:04:00Z  489.612  57.490  -102.177  6.75177E-16  SWARM-A  4.368  57.356
2023-09-21T11:04:30Z  489.991  59.390  -101.980  6.88582E-16  SWARM-A  4.390  59.269
2023-09-21T11:05:00Z  490.359  61.289  -101.746  7.02067E-16  SWARM-A  4.414  61.182
2023-09-21T11:05:30Z  490.716  63.186  -101.466  7.15663E-16  SWARM-A  4.441  63.095
2023-09-21T11:06:00Z  491.058  65.081  -101.128  7.29699E-16  SWARM-A  4.471  65.008
2023-09-21T11:06:30Z  491.385  66.974  -100.720  7.44197E-16  SWARM-A  4.507  66.922
2023-09-21T11:07:00Z  491.693  68.864  -100.223  7.59181E-16  SWARM-A  4.549  68.835
2023-09-21T11:07:30Z  491.981  70.752  -99.609  7.74690E-16  SWARM-A  4.598  70.748
2023-09-21T11:08:00Z  492.248  72.635  -98.841  7.89866E-16  SWARM-A  4.657  72.662
2023-09-21T11:08:30Z  492.492  74.513  -97.865  8.04984E-16  SWARM-A  4.731  74.575
2023-09-21T11:09:00Z  492.712  76.383  -96.593  8.20678E-16  SWARM-A  4.824  76.489
2023-09-21T11:09:30Z  492.906  78.243  -94.888  8.36982E-16  SWARM-A  4.946  78.402
2023-09-21T11:10:00Z  493.074  80.087  -92.510  8.53960E-16  SWARM-A  5.113  80.316
2023-09-21T11:10:30Z  493.214  81.904  -89.012  8.71627E-16  SWARM-A  5.354  82.230
2023-09-21T11:11:00Z  493.326  83.670  -83.476  8.90990E-16  SWARM-A  5.732  84.143
2023-09-21T11:11:30Z  493.409  85.329  -73.778  9.11538E-16  SWARM-A  6.387  86.057
2023-09-21T11:12:00Z  493.463  86.715  -54.743  9.32860E-16  SWARM-A  7.664  87.970
2023-09-21T11:12:30Z  493.487  87.354  -19.491  9.55154E-16  SWARM-A  10.022  89.884
2023-09-21T11:13:00Z  493.481  86.770  16.458  9.79262E-16  SWARM-A  12.427  91.798
2023-09-21T11:13:30Z  493.446  85.407  36.175  1.00456E-15  SWARM-A  13.750  93.711
2023-09-21T11:14:00Z  493.382  83.756  46.178  1.02978E-15  SWARM-A  14.425  95.625
2023-09-21T11:14:30Z  493.288  81.993  51.856  1.05493E-15  SWARM-A  14.812  97.538
2023-09-21T11:15:00Z  493.167  80.178  55.427  1.08068E-15  SWARM-A  15.059  99.452
2023-09-21T11:15:30Z  493.017  78.335  57.848  1.10702E-15  SWARM-A  15.228  101.365
2023-09-21T11:16:00Z  492.841  76.476  59.580  1.13383E-15  SWARM-A  15.352  103.279
2023-09-21T11:16:30Z  492.639  74.606  60.869  1.16094E-15  SWARM-A  15.446  105.192
2023-09-21T11:17:00Z  492.413  72.729  61.858  1.18828E-15  SWARM-A  15.521  107.106
2023-09-21T11:17:30Z  492.163  70.846  62.634  1.21517E-15  SWARM-A  15.581  109.019
2023-09-21T11:18:00Z  491.891  68.959  63.255  1.24154E-15  SWARM-A  15.630  110.932
2023-09-21T11:18:30Z  491.600  67.069  63.757  1.26750E-15  SWARM-A  15.672  112.846
2023-09-21T11:19:00Z  491.290  65.176  64.169  1.29301E-15  SWARM-A  15.708  114.759
2023-09-21T11:19:30Z  490.963  63.281  64.510  1.31781E-15  SWARM-A  15.739  116.672
2023-09-21T11:20:00Z  490.622  61.384  64.793  1.34183E-15  SWARM-A  15.766  118.585
2023-09-21T11:20:30Z  490.268  59.485  65.029  1.36493E-15  SWARM-A  15.790  120.498
2023-09-21T11:21:00Z  489.903  57.585  65.227  1.38701E-15  SWARM-A  15.812  122.411
2023-09-21T11:21:30Z  489.530  55.684  65.393  1.40806E-15  SWARM-A  15.831  124.324
2023-09-21T11:22:00Z  489.151  53.781  65.532  1.42811E-15  SWARM-A  15.849  126.237
2023-09-21T11:22:30Z  488.768  51.877  65.648  1.44711E-15  SWARM-A  15.865  128.150
2023-09-21T11:23:00Z  488.384  49.972  65.745  1.46508E-15  SWARM-A  15.880  130.062
2023-09-21T11:23:30Z  488.000  48.066  65.824  1.48199E-15  SWARM-A  15.893  131.975
2023-09-21T11:24:00Z  487.620  46.159  65.889  1.49799E-15  SWARM-A  15.906  133.887
2023-09-21T11:24:30Z  487.246  44.251  65.942  1.51309E-15  SWARM-A  15.918  135.800
2023-09-21T11:25:00Z  486.881  42.342  65.983  1.52741E-15  SWARM-A  15.929  137.712
2023-09-21T11:25:30Z  486.526  40.432  66.014  1.54103E-15  SWARM-A  15.939  139.624
2023-09-21T11:26:00Z  486.184  38.521  66.037  1.55401E-15  SWARM-A  15.949  141.536
2023-09-21T11:26:30Z  485.858  36.609  66.053  1.56639E-15  SWARM-A  15.959  143.448
2023-09-21T11:27:00Z  485.549  34.696  66.061  1.57832E-15  SWARM-A  15.968  145.360
2023-09-21T11:27:30Z  485.261  32.783  66.063  1.58982E-15  SWARM-A  15.976  147.271
2023-09-21T11:28:00Z  484.995  30.869  66.061  1.60090E-15  SWARM-A  15.984  149.183
2023-09-21T11:28:30Z  484.753  28.954  66.053  1.61160E-15  SWARM-A  15.992  151.095
2023-09-21T11:29:00Z  484.537  27.039  66.041  1.62193E-15  SWARM-A  16.000  153.006
2023-09-21T11:29:30Z  484.350  25.123  66.025  1.63189E-15  SWARM-A  16.007  154.917
2023-09-21T11:30:00Z  484.193  23.206  66.006  1.64147E-15  SWARM-A  16.014  156.828
2023-09-21T11:30:30Z  484.068  21.289  65.984  1.65056E-15  SWARM-A  16.021  158.739
2023-09-21T11:31:00Z  483.976  19.372  65.959  1.65928E-15  SWARM-A  16.027  160.650
2023-09-21T11:31:30Z  483.919  17.454  65.932  1.66750E-15  SWARM-A  16.034  162.560
2023-09-21T11:32:00Z  483.898  15.536  65.903  1.67513E-15  SWARM-A  16.040  164.471
2023-09-21T11:32:30Z  483.915  13.617  65.872  1.68210E-15  SWARM-A  16.047  166.381
2023-09-21T11:33:00Z  483.970  11.699  65.840  1.68833E-15  SWARM-A  16.053  168.291
2023-09-21T11:33:30Z  484.064  9.780  65.806  1.69371E-15  SWARM-A  16.059  170.201
2023-09-21T11:34:00Z  484.198  7.861  65.772  1.69817E-15  SWARM-A  16.065  172.111
2023-09-21T11:34:30Z  484.372  5.941  65.736  1.70160E-15  SWARM-A  16.071  174.020
2023-09-21T11:35:00Z  484.587  4.022  65.700  1.70390E-15  SWARM-A  16.077  175.930
2023-09-21T11:35:30Z  484.842  2.103  65.664  1.70496E-15  SWARM-A  16.083  177.839
2023-09-21T11:36:00Z  485.138  0.184  65.627  1.70469E-15  SWARM-A  16.089  179.748
2023-09-21T11:36:30Z  485.475  -1.734  65.590  1.70302E-15  SWARM-A  16.094  181.657
2023-09-21T11:37:00Z  485.851  -3.653  65.553  1.69988E-15  SWARM-A  16.100  183.566
2023-09-21T11:37:30Z  486.266  -5.571  65.517  1.69522E-15  SWARM-A  16.106  185.474
2023-09-21T11:38:00Z  486.720  -7.489  65.481  1.68898E-15  SWARM-A  16.112  187.383
2023-09-21T11:38:30Z  487.211  -9.407  65.446  1.68118E-15  SWARM-A  16.118  189.291
2023-09-21T11:39:00Z  487.738  -11.324  65.412  1.67174E-15  SWARM-A  16.124  191.199
2023-09-21T11:39:30Z  488.300  -13.240  65.380  1.66063E-15  SWARM-A  16.130  193.107
2023-09-21T11:40:00Z  488.896  -15.156  65.348  1.64796E-15  SWARM-A  16.137  195.014
2023-09-21T11:40:30Z  489.523  -17.071  65.319  1.63364E-15  SWARM-A  16.143  196.922
2023-09-21T11:41:00Z  490.180  -18.986  65.291  1.61773E-15  SWARM-A  16.150  198.829
2023-09-21T11:41:30Z  490.866  -20.900  65.266  1.60038E-15  SWARM-A  16.156  200.736
2023-09-21T11:42:00Z  491.577  -22.813  65.243  1.58168E-15  SWARM-A  16.163  202.643
2023-09-21T11:42:30Z  492.311  -24.725  65.223  1.56162E-15  SWARM-A  16.170  204.550
2023-09-21T11:43:00Z  493.067  -26.637  65.206  1.54039E-15  SWARM-A  16.177  206.456
2023-09-21T11:43:30Z  493.842  -28.547  65.193  1.51809E-15  SWARM-A  16.185  208.363
2023-09-21T11:44:00Z  494.633  -30.457  65.184  1.49487E-15  SWARM-A  16.192  210.269
2023-09-21T11:44:30Z  495.439  -32.366  65.180  1.47076E-15  SWARM-A  16.201  212.175
2023-09-21T11:45:00Z  496.255  -34.273  65.181  1.44543E-15  SWARM-A  16.209  214.081
2023-09-21T11:45:30Z  497.079  -36.180  65.187  1.41955E-15  SWARM-A  16.218  215.986
2023-09-21T11:46:00Z  497.909  -38.085  65.200  1.39327E-15  SWARM-A  16.227  217.892
2023-09-21T11:46:30Z  498.741  -39.990  65.221  1.36677E-15  SWARM-A  16.237  219.797
2023-09-21T11:47:00Z  499.574  -41.893  65.249  1.34010E-15  SWARM-A  16.247  221.702
2023-09-21T11:47:30Z  500.403  -43.795  65.288  1.31341E-15  SWARM-A  16.258  223.607
2023-09-21T11:48:00Z  501.226  -45.696  65.336  1.28685E-15  SWARM-A  16.269  225.512
2023-09-21T11:48:30Z  502.040  -47.596  65.397  1.25863E-15  SWARM-A  16.282  227.417
2023-09-21T11:49:00Z  502.842  -49.494  65.472  1.23034E-15  SWARM-A  16.295  229.321
2023-09-21T11:49:30Z  503.629  -51.392  65.563  1.20239E-15  SWARM-A  16.309  231.226
2023-09-21T11:50:00Z  504.399  -53.287  65.673  1.17486E-15  SWARM-A  16.325  233.130
2023-09-21T11:50:30Z  505.148  -55.182  65.804  1.14776E-15  SWARM-A  16.342  235.034
2023-09-21T11:51:00Z  505.874  -57.075  65.961  1.12114E-15  SWARM-A  16.361  236.938
2023-09-21T11:51:30Z  506.575  -58.966  66.148  1.09611E-15  SWARM-A  16.382  238.842
2023-09-21T11:52:00Z  507.247  -60.856  66.371  1.07211E-15  SWARM-A  16.405  240.746
2023-09-21T11:52:30Z  507.889  -62.744  66.638  1.04833E-15  SWARM-A  16.431  242.650
2023-09-21T11:53:00Z  508.498  -64.630  66.959  1.02473E-15  SWARM-A  16.461  244.553
2023-09-21T11:53:30Z  509.072  -66.514  67.345  1.00127E-15  SWARM-A  16.495  246.457
2023-09-21T11:54:00Z  509.608  -68.396  67.815  9.77943E-16  SWARM-A  16.535  248.360
2023-09-21T11:54:30Z  510.105  -70.274  68.393  9.52806E-16  SWARM-A  16.581  250.264
2023-09-21T11:55:00Z  510.561  -72.148  69.112  9.27717E-16  SWARM-A  16.638  252.167
2023-09-21T11:55:30Z  510.974  -74.017  70.021  9.02897E-16  SWARM-A  16.707  254.070
2023-09-21T11:56:00Z  511.343  -75.880  71.195  8.78223E-16  SWARM-A  16.793  255.973
2023-09-21T11:56:30Z  511.666  -77.733  72.754  8.53763E-16  SWARM-A  16.906  257.876
2023-09-21T11:57:00Z  511.942  -79.572  74.899  8.29310E-16  SWARM-A  17.057  259.780
2023-09-21T11:57:30Z  512.170  -81.388  77.995  8.04903E-16  SWARM-A  17.272  261.683
2023-09-21T11:58:00Z  512.349  -83.163  82.770  7.80698E-16  SWARM-A  17.598  263.586
2023-09-21T11:58:30Z  512.479  -84.855  90.844  7.56694E-16  SWARM-A  18.145  265.489
2023-09-21T11:59:00Z  512.559  -86.345  106.163  7.32795E-16  SWARM-A  19.174  267.392
2023-09-21T11:59:30Z  512.589  -87.281  136.269  7.08883E-16  SWARM-A  21.190  269.294
2023-09-21T12:00:00Z  512.568  -87.072  175.072  6.87498E-16  SWARM-A  23.785  271.197
2023-09-21T12:00:30Z  512.497  -85.889  -160.488  6.64821E-16  SWARM-A  1.423  273.100
2023-09-21T12:01:00Z  512.376  -84.310  -148.247  6.43007E-16  SWARM-A  2.247  275.003
2023-09-21T12:01:30Z  512.206  -82.583  -141.540  6.22011E-16  SWARM-A  2.703  276.906
2023-09-21T12:02:00Z  511.986  -80.791  -137.438  6.01944E-16  SWARM-A  2.984  278.809
2023-09-21T12:02:30Z  511.718  -78.966  -134.713  5.82568E-16  SWARM-A  3.174  280.713
2023-09-21T12:03:00Z  511.403  -77.122  -132.792  5.64222E-16  SWARM-A  3.311  282.616
2023-09-21T12:03:30Z  511.041  -75.265  -131.378  5.47100E-16  SWARM-A  3.413  284.519
2023-09-21T12:04:00Z  510.635  -73.400  -130.301  5.31279E-16  SWARM-A  3.494  286.422
2023-09-21T12:04:30Z  510.185  -71.529  -129.462  5.16401E-16  SWARM-A  3.558  288.325
2023-09-21T12:05:00Z  509.694  -69.653  -128.794  5.02580E-16  SWARM-A  3.611  290.229
2023-09-21T12:05:30Z  509.162  -67.773  -128.255  4.89467E-16  SWARM-A  3.655  292.132
2023-09-21T12:06:00Z  508.592  -65.891  -127.815  4.77161E-16  SWARM-A  3.693  294.036
2023-09-21T12:06:30Z  507.986  -64.006  -127.452  4.65530E-16  SWARM-A  3.725  295.940
2023-09-21T12:07:00Z  507.345  -62.119  -127.150  4.54544E-16  SWARM-A  3.754  297.844
2023-09-21T12:07:30Z  506.674  -60.230  -126.899  4.44171E-16  SWARM-A  3.779  299.747
2023-09-21T12:08:00Z  505.972  -58.340  -126.688  4.34443E-16  SWARM-A  3.801  301.651
2023-09-21T12:08:30Z  505.244  -56.448  -126.512  4.25308E-16  SWARM-A  3.821  303.556
2023-09-21T12:09:00Z  504.492  -54.554  -126.364  4.16807E-16  SWARM-A  3.839  305.460
2023-09-21T12:09:30Z  503.718  -52.659  -126.240  4.09088E-16  SWARM-A  3.856  307.364
2023-09-21T12:10:00Z  502.925  -50.762  -126.137  4.01963E-16  SWARM-A  3.871  309.269
2023-09-21T12:10:30Z  502.116  -48.864  -126.052  3.95508E-16  SWARM-A  3.885  311.174
2023-09-21T12:11:00Z  501.293  -46.965  -125.982  3.89692E-16  SWARM-A  3.898  313.079
2023-09-21T12:11:30Z  500.461  -45.065  -125.925  3.84523E-16  SWARM-A  3.910  314.984
2023-09-21T12:12:00Z  499.621  -43.163  -125.880  3.79977E-16  SWARM-A  3.922  316.889
2023-09-21T12:12:30Z  498.776  -41.260  -125.845  3.75980E-16  SWARM-A  3.932  318.794
2023-09-21T12:13:00Z  497.931  -39.356  -125.819  3.72775E-16  SWARM-A  3.942  320.700
2023-09-21T12:13:30Z  497.086  -37.451  -125.801  3.70165E-16  SWARM-A  3.952  322.605
2023-09-21T12:14:00Z  496.246  -35.545  -125.790  3.68115E-16  SWARM-A  3.961  324.511
2023-09-21T12:14:30Z  495.412  -33.638  -125.785  3.66595E-16  SWARM-A  3.970  326.417
2023-09-21T12:15:00Z  494.589  -31.730  -125.786  3.65635E-16  SWARM-A  3.978  328.323
2023-09-21T12:15:30Z  493.779  -29.820  -125.792  3.65212E-16  SWARM-A  3.986  330.230
2023-09-21T12:16:00Z  492.983  -27.910  -125.803  3.65300E-16  SWARM-A  3.993  332.136
2023-09-21T12:16:30Z  492.206  -25.999  -125.817  3.65920E-16  SWARM-A  4.001  334.043
2023-09-21T12:17:00Z  491.449  -24.087  -125.835  3.67072E-16  SWARM-A  4.008  335.950
2023-09-21T12:17:30Z  490.716  -22.174  -125.856  3.68736E-16  SWARM-A  4.015  337.857
2023-09-21T12:18:00Z  490.007  -20.260  -125.880  3.70885E-16  SWARM-A  4.022  339.764
2023-09-21T12:18:30Z  489.325  -18.346  -125.906  3.73504E-16  SWARM-A  4.028  341.672
2023-09-21T12:19:00Z  488.673  -16.430  -125.934  3.76611E-16  SWARM-A  4.035  343.580
2023-09-21T12:19:30Z  488.053  -14.515  -125.964  3.80177E-16  SWARM-A  4.041  345.487
2023-09-21T12:20:00Z  487.465  -12.598  -125.996  3.84197E-16  SWARM-A  4.047  347.396
2023-09-21T12:20:30Z  486.912  -10.681  -126.029  3.88601E-16  SWARM-A  4.053  349.304
2023-09-21T12:21:00Z  486.395  -8.763  -126.064  3.93409E-16  SWARM-A  4.059  351.212
2023-09-21T12:21:30Z  485.915  -6.845  -126.099  3.98543E-16  SWARM-A  4.065  353.121
2023-09-21T12:22:00Z  485.473  -4.927  -126.135  4.04042E-16  SWARM-A  4.071  355.030
2023-09-21T12:22:30Z  485.071  -3.008  -126.171  4.09838E-16  SWARM-A  4.077  356.939
2023-09-21T12:23:00Z  484.709  -1.089  -126.208  4.15942E-16  SWARM-A  4.083  358.848
2023-09-21T12:23:30Z  484.388  0.830  -126.245  4.22291E-16  SWARM-A  4.089  0.757
2023-09-21T12:24:00Z  484.107  2.749  -126.281  4.28843E-16  SWARM-A  4.095  2.667
2023-09-21T12:24:30Z  483.868  4.669  -126.318  4.35576E-16  SWARM-A  4.101  4.576
2023-09-21T12:25:00Z  483.670  6.588  -126.354  4.42387E-16  SWARM-A  4.107  6.486
2023-09-21T12:25:30Z  483.513  8.508  -126.389  4.49309E-16  SWARM-A  4.113  8.396
2023-09-21T12:26:00Z  483.397  10.427  -126.423  4.56313E-16  SWARM-A  4.119  10.306
2023-09-21T12:26:30Z  483.321  12.346  -126.457  4.63445E-16  SWARM-A  4.125  12.217
2023-09-21T12:27:00Z  483.285  14.265  -126.489  4.70714E-16  SWARM-A  4.131  14.127
2023-09-21T12:27:30Z  483.287  16.184  -126.519  4.78087E-16  SWARM-A  4.137  16.038
2023-09-21T12:28:00Z  483.327  18.103  -126.547  4.85656E-16  SWARM-A  4.144  17.949
2023-09-21T12:28:30Z  483.403  20.021  -126.574  4.93418E-16  SWARM-A  4.150  19.860
2023-09-21T12:29:00Z  483.514  21.938  -126.597  5.01412E-16  SWARM-A  4.157  21.771
2023-09-21T12:29:30Z  483.660  23.856  -126.619  5.09693E-16  SWARM-A  4.164  23.682
2023-09-21T12:30:00Z  483.837  25.772  -126.637  5.18295E-16  SWARM-A  4.171  25.593
2023-09-21T12:30:30Z  484.044  27.688  -126.651  5.27281E-16  SWARM-A  4.179  27.505
2023-09-21T12:31:00Z  484.280  29.604  -126.662  5.36698E-16  SWARM-A  4.186  29.417
2023-09-21T12:31:30Z  484.542  31.519  -126.668  5.46524E-16  SWARM-A  4.194  31.328
2023-09-21T12:32:00Z  484.828  33.433  -126.669  5.56805E-16  SWARM-A  4.202  33.240
2023-09-21T12:32:30Z  485.137  35.346  -126.665  5.67621E-16  SWARM-A  4.211  35.152
2023-09-21T12:33:00Z  485.465  37.259  -126.654  5.79013E-16  SWARM-A  4.220  37.065
2023-09-21T12:33:30Z  485.812  39.170  -126.636  5.90973E-16  SWARM-A  4.230  38.977
2023-09-21T12:34:00Z  486.173  41.081  -126.611  6.02640E-16  SWARM-A  4.240  40.889
2023-09-21T12:34:30Z  486.547  42.991  -126.576  6.14627E-16  SWARM-A  4.250  42.802
2023-09-21T12:35:00Z  486.932  44.900  -126.531  6.27041E-16  SWARM-A  4.262  44.714
2023-09-21T12:35:30Z  487.324  46.808  -126.475  6.40024E-16  SWARM-A  4.274  46.627
2023-09-21T12:36:00Z  487.722  48.715  -126.405  6.53629E-16  SWARM-A  4.287  48.540
2023-09-21T12:36:30Z  488.123  50.621  -126.320  6.67895E-16  SWARM-A  4.301  50.452
2023-09-21T12:37:00Z  488.525  52.526  -126.217  6.82803E-16  SWARM-A  4.316  52.365
2023-09-21T12:37:30Z  488.924  54.430  -126.094  6.98243E-16  SWARM-A  4.332  54.278
2023-09-21T12:38:00Z  489.319  56.333  -125.946  7.13816E-16  SWARM-A  4.351  56.191
2023-09-21T12:38:30Z  489.708  58.234  -125.770  7.29235E-16  SWARM-A  4.371  58.104
2023-09-21T12:39:00Z  490.088  60.134  -125.560  7.44810E-16  SWARM-A  4.393  60.017
2023-09-21T12:39:30Z  490.457  62.032  -125.309  7.60568E-16  SWARM-A  4.418  61.931
2023-09-21T12:40:00Z  490.812  63.928  -125.008  7.75602E-16  SWARM-A  4.447  63.844
2023-09-21T12:40:30Z  491.153  65.823  -124.645  7.89443E-16  SWARM-A  4.479  65.757
2023-09-21T12:41:00Z  491.476  67.715  -124.205  8.03462E-16  SWARM-A  4.517  67.671
2023-09-21T12:41:30Z  491.781  69.604  -123.666  8.17852E-16  SWARM-A  4.561  69.584
2023-09-21T12:42:00Z  492.065  71.490  -122.998  8.33458E-16  SWARM-A  4.614  71.498
2023-09-21T12:42:30Z  492.327  73.371  -122.157  8.50718E-16  SWARM-A  4.678  73.411
2023-09-21T12:43:00Z  492.565  75.246  -121.078  8.68523E-16  SWARM-A  4.759  75.324
2023-09-21T12:43:30Z  492.779  77.113  -119.658  8.86915E-16  SWARM-A  4.862  77.238
2023-09-21T12:44:00Z  492.967  78.968  -117.727  9.04926E-16  SWARM-A  4.999  79.152
2023-09-21T12:44:30Z  493.127  80.803  -114.983  9.22049E-16  SWARM-A  5.190  81.065
2023-09-21T12:45:00Z  493.260  82.604  -110.841  9.39731E-16  SWARM-A  5.474  82.979
2023-09-21T12:45:30Z  493.365  84.339  -104.042  9.57801E-16  SWARM-A  5.936  84.892
2023-09-21T12:46:00Z  493.440  85.922  -91.564  9.76320E-16  SWARM-A  6.776  86.806
2023-09-21T12:46:30Z  493.486  87.095  -66.558  9.94809E-16  SWARM-A  8.452  88.719
2023-09-21T12:47:00Z  493.502  87.266  -27.399  1.01450E-15  SWARM-A  11.071  90.633
2023-09-21T12:47:30Z  493.488  86.293  2.236  1.03584E-15  SWARM-A  13.054  92.547
2023-09-21T12:48:00Z  493.445  84.782  17.200  1.05804E-15  SWARM-A  14.060  94.460
2023-09-21T12:48:30Z  493.373  83.075  25.099  1.08112E-15  SWARM-A  14.595  96.374
2023-09-21T12:49:00Z  493.271  81.287  29.782  1.10499E-15  SWARM-A  14.916  98.287
2023-09-21T12:49:30Z  493.142  79.460  32.824  1.12964E-15  SWARM-A  15.127  100.201
2023-09-21T12:50:00Z  492.985  77.609  34.934  1.15502E-15  SWARM-A  15.276  102.114
2023-09-21T12:50:30Z  492.802  75.745  36.470  1.18106E-15  SWARM-A  15.387  104.028
2023-09-21T12:51:00Z  492.593  73.872  37.628  1.20643E-15  SWARM-A  15.472  105.941
2023-09-21T12:51:30Z  492.360  71.992  38.525  1.23171E-15  SWARM-A  15.540  107.854
2023-09-21T12:52:00Z  492.104  70.108  39.234  1.25728E-15  SWARM-A  15.596  109.768
2023-09-21T12:52:30Z  491.827  68.219  39.804  1.28301E-15  SWARM-A  15.642  111.681
2023-09-21T12:53:00Z  491.531  66.328  40.268  1.30877E-15  SWARM-A  15.682  113.594
2023-09-21T12:53:30Z  491.217  64.435  40.650  1.33432E-15  SWARM-A  15.715  115.507
2023-09-21T12:54:00Z  490.886  62.539  40.966  1.35918E-15  SWARM-A  15.745  117.421
2023-09-21T12:54:30Z  490.542  60.641  41.230  1.38356E-15  SWARM-A  15.771  119.334
2023-09-21T12:55:00Z  490.185  58.742  41.450  1.40706E-15  SWARM-A  15.794  121.247
2023-09-21T12:55:30Z  489.819  56.842  41.634  1.42956E-15  SWARM-A  15.814  123.160
2023-09-21T12:56:00Z  489.445  54.940  41.789  1.45108E-15  SWARM-A  15.833  125.072
2023-09-21T12:56:30Z  489.065  53.037  41.918  1.47153E-15  SWARM-A  15.850  126.985
2023-09-21T12:57:00Z  488.683  51.132  42.026  1.49100E-15  SWARM-A  15.866  128.898
2023-09-21T12:57:30Z  488.300  49.227  42.116  1.50947E-15  SWARM-A  15.880  130.810
2023-09-21T12:58:00Z  487.919  47.320  42.189  1.52698E-15  SWARM-A  15.893  132.723
2023-09-21T12:58:30Z  487.542  45.413  42.249  1.54351E-15  SWARM-A  15.905  134.635
2023-09-21T12:59:00Z  487.171  43.504  42.297  1.55924E-15  SWARM-A  15.917  136.548
2023-09-21T12:59:30Z  486.810  41.595  42.334  1.57424E-15  SWARM-A  15.928  138.460
2023-09-21T13:00:00Z  486.460  39.684  42.362  1.58852E-15  SWARM-A  15.938  140.372
2023-09-21T13:00:30Z  486.124  37.773  42.382  1.60217E-15  SWARM-A  15.948  142.284
2023-09-21T13:01:00Z  485.804  35.861  42.394  1.61530E-15  SWARM-A  15.957  144.196
2023-09-21T13:01:30Z  485.502  33.948  42.400  1.62802E-15  SWARM-A  15.966  146.107
2023-09-21T13:02:00Z  485.221  32.035  42.400  1.64031E-15  SWARM-A  15.974  148.019
2023-09-21T13:02:30Z  484.963  30.120  42.395  1.65221E-15  SWARM-A  15.982  149.931
2023-09-21T13:03:00Z  484.731  28.205  42.386  1.66373E-15  SWARM-A  15.990  151.842
2023-09-21T13:03:30Z  484.525  26.290  42.372  1.67491E-15  SWARM-A  15.997  153.753
2023-09-21T13:04:00Z  484.348  24.374  42.355  1.68567E-15  SWARM-A  16.004  155.664
2023-09-21T13:04:30Z  484.201  22.457  42.335  1.69605E-15  SWARM-A  16.011  157.575
2023-09-21T13:05:00Z  484.087  20.540  42.312  1.70594E-15  SWARM-A  16.018  159.486
2023-09-21T13:05:30Z  484.007  18.622  42.286  1.71529E-15  SWARM-A  16.025  161.397
2023-09-21T13:06:00Z  483.962  16.704  42.258  1.72413E-15  SWARM-A  16.031  163.307
2023-09-21T13:06:30Z  483.953  14.786  42.228  1.73232E-15  SWARM-A  16.037  165.217
2023-09-21T13:07:00Z  483.982  12.867  42.197  1.73964E-15  SWARM-A  16.044  167.128
2023-09-21T13:07:30Z  484.049  10.948  42.164  1.74604E-15  SWARM-A  16.050  169.038
2023-09-21T13:08:00Z  484.155  9.029  42.129  1.75143E-15  SWARM-A  16.056  170.948
2023-09-21T13:08:30Z  484.301  7.110  42.094  1.75576E-15  SWARM-A  16.062  172.857
2023-09-21T13:09:00Z  484.487  5.191  42.059  1.75893E-15  SWARM-A  16.068  174.767
2023-09-21T13:09:30Z  484.714  3.272  42.022  1.76074E-15  SWARM-A  16.074  176.676
2023-09-21T13:10:00Z  484.981  1.353  41.985  1.76113E-15  SWARM-A  16.080  178.585
2023-09-21T13:10:30Z  485.289  -0.566  41.949  1.76002E-15  SWARM-A  16.085  180.494
2023-09-21T13:11:00Z  485.636  -2.485  41.912  1.75737E-15  SWARM-A  16.091  182.403
2023-09-21T13:11:30Z  486.023  -4.403  41.875  1.75313E-15  SWARM-A  16.097  184.312
2023-09-21T13:12:00Z  486.449  -6.321  41.839  1.74710E-15  SWARM-A  16.103  186.220
2023-09-21T13:12:30Z  486.913  -8.239  41.803  1.73941E-15  SWARM-A  16.109  188.129
2023-09-21T13:13:00Z  487.414  -10.156  41.769  1.73016E-15  SWARM-A  16.115  190.037
2023-09-21T13:13:30Z  487.950  -12.073  41.735  1.71939E-15  SWARM-A  16.121  191.945
2023-09-21T13:14:00Z  488.521  -13.989  41.703  1.70712E-15  SWARM-A  16.127  193.852
2023-09-21T13:14:30Z  489.125  -15.905  41.672  1.69341E-15  SWARM-A  16.134  195.760
2023-09-21T13:15:00Z  489.759  -17.820  41.643  1.67831E-15  SWARM-A  16.140  197.667
2023-09-21T13:15:30Z  490.423  -19.734  41.617  1.66114E-15  SWARM-A  16.147  199.575
2023-09-21T13:16:00Z  491.115  -21.648  41.592  1.64181E-15  SWARM-A  16.153  201.482
2023-09-21T13:16:30Z  491.831  -23.561  41.570  1.62130E-15  SWARM-A  16.160  203.388
2023-09-21T13:17:00Z  492.570  -25.473  41.551  1.59971E-15  SWARM-A  16.167  205.295
2023-09-21T13:17:30Z  493.329  -27.384  41.536  1.57719E-15  SWARM-A  16.175  207.202
2023-09-21T13:18:00Z  494.107  -29.294  41.524  1.55382E-15  SWARM-A  16.182  209.108
2023-09-21T13:18:30Z  494.900  -31.204  41.517  1.52984E-15  SWARM-A  16.190  211.014
2023-09-21T13:19:00Z  495.706  -33.112  41.515  1.50525E-15  SWARM-A  16.198  212.920
2023-09-21T13:19:30Z  496.521  -35.019  41.517  1.48015E-15  SWARM-A  16.207  214.826
2023-09-21T13:20:00Z  497.344  -36.925  41.526  1.45464E-15  SWARM-A  16.216  216.731
2023-09-21T13:20:30Z  498.172  -38.830  41.542  1.42881E-15  SWARM-A  16.225  218.637
2023-09-21T13:21:00Z  499.001  -40.734  41.566  1.40179E-15  SWARM-A  16.235  220.542
2023-09-21T13:21:30Z  499.828  -42.637  41.598  1.37470E-15  SWARM-A  16.245  222.447
2023-09-21T13:22:00Z  500.652  -44.539  41.640  1.34763E-15  SWARM-A  16.257  224.352
2023-09-21T13:22:30Z  501.468  -46.439  41.693  1.32067E-15  SWARM-A  16.268  226.257
2023-09-21T13:23:00Z  502.274  -48.339  41.759  1.29175E-15  SWARM-A  16.281  228.162
2023-09-21T13:23:30Z  503.067  -50.237  41.840  1.26168E-15  SWARM-A  16.295  230.066
2023-09-21T13:24:00Z  503.844  -52.133  41.938  1.23199E-15  SWARM-A  16.310  231.971
2023-09-21T13:24:30Z  504.603  -54.029  42.056  1.20273E-15  SWARM-A  16.326  233.875
2023-09-21T13:25:00Z  505.340  -55.923  42.196  1.17534E-15  SWARM-A  16.344  235.779
2023-09-21T13:25:30Z  506.053  -57.815  42.364  1.15015E-15  SWARM-A  16.363  237.683
2023-09-21T13:26:00Z  506.740  -59.706  42.564  1.12539E-15  SWARM-A  16.385  239.587
2023-09-21T13:26:30Z  507.398  -61.595  42.804  1.10106E-15  SWARM-A  16.409  241.491
2023-09-21T13:27:00Z  508.024  -63.483  43.090  1.07549E-15  SWARM-A  16.437  243.395
2023-09-21T13:27:30Z  508.616  -65.368  43.434  1.04844E-15  SWARM-A  16.468  245.298
2023-09-21T13:28:00Z  509.172  -67.251  43.851  1.02166E-15  SWARM-A  16.504  247.202
2023-09-21T13:28:30Z  509.691  -69.131  44.360  9.94961E-16  SWARM-A  16.546  249.105
2023-09-21T13:29:00Z  510.169  -71.008  44.987  9.68249E-16  SWARM-A  16.596  251.009
2023-09-21T13:29:30Z  510.606  -72.881  45.773  9.41592E-16  SWARM-A  16.657  252.912
2023-09-21T13:30:00Z  510.999  -74.748  46.775  9.15161E-16  SWARM-A  16.732  254.815
2023-09-21T13:30:30Z  511.348  -76.608  48.082  8.89027E-16  SWARM-A  16.828  256.719
2023-09-21T13:31:00Z  511.651  -78.456  49.839  8.62984E-16  SWARM-A  16.953  258.622
2023-09-21T13:31:30Z  511.906  -80.288  52.298  8.37212E-16  SWARM-A  17.125  260.525
2023-09-21T13:32:00Z  512.113  -82.091  55.931  8.11786E-16  SWARM-A  17.376  262.428
2023-09-21T13:32:30Z  512.271  -83.840  61.722  7.88062E-16  SWARM-A  17.770  264.331
2023-09-21T13:33:00Z  512.380  -85.475  71.953  7.65652E-16  SWARM-A  18.461  266.234
2023-09-21T13:33:30Z  512.438  -86.812  92.123  7.43341E-16  SWARM-A  19.814  268.137
2023-09-21T13:34:00Z  512.447  -87.355  128.368  7.21007E-16  SWARM-A  22.239  270.040
2023-09-21T13:34:30Z  512.405  -86.687  163.031  6.99495E-16  SWARM-A  0.558  271.943
2023-09-21T13:35:00Z  512.313  -85.298  -178.360  6.78866E-16  SWARM-A  1.807  273.846
2023-09-21T13:35:30Z  512.172  -83.644  -168.832  6.58855E-16  SWARM-A  2.450  275.749
2023-09-21T13:36:00Z  511.981  -81.886  -163.367  6.39404E-16  SWARM-A  2.823  277.652
2023-09-21T13:36:30Z  511.741  -80.079  -159.903  6.20622E-16  SWARM-A  3.062  279.556
2023-09-21T13:37:00Z  511.454  -78.245  -157.543  6.02608E-16  SWARM-A  3.228  281.459
2023-09-21T13:37:30Z  511.120  -76.395  -155.847  5.85513E-16  SWARM-A  3.349  283.362
2023-09-21T13:38:00Z  510.740  -74.535  -154.581  5.69420E-16  SWARM-A  3.442  285.265
2023-09-21T13:38:30Z  510.316  -72.667  -153.608  5.54421E-16  SWARM-A  3.515  287.169
2023-09-21T13:39:00Z  509.850  -70.793  -152.843  5.40564E-16  SWARM-A  3.574  289.072
2023-09-21T13:39:30Z  509.343  -68.916  -152.230  5.27745E-16  SWARM-A  3.624  290.976
2023-09-21T13:40:00Z  508.796  -67.035  -151.733  5.16066E-16  SWARM-A  3.665  292.879
2023-09-21T13:40:30Z  508.212  -65.152  -151.326  5.05427E-16  SWARM-A  3.701  294.783
2023-09-21T13:41:00Z  507.593  -63.266  -150.989  4.95721E-16  SWARM-A  3.731  296.687
2023-09-21T13:41:30Z  506.941  -61.378  -150.708  4.86689E-16  SWARM-A  3.758  298.591
2023-09-21T13:42:00Z  506.259  -59.489  -150.474  4.78157E-16  SWARM-A  3.782  300.495
2023-09-21T13:42:30Z  505.548  -57.597  -150.278  4.70145E-16  SWARM-A  3.804  302.399
2023-09-21T13:43:00Z  504.811  -55.704  -150.113  4.62615E-16  SWARM-A  3.823  304.303
2023-09-21T13:43:30Z  504.051  -53.810  -149.975  4.55566E-16  SWARM-A  3.841  306.208
2023-09-21T13:44:00Z  503.271  -51.914  -149.860  4.49010E-16  SWARM-A  3.857  308.112
2023-09-21T13:44:30Z  502.473  -50.017  -149.764  4.42953E-16  SWARM-A  3.871  310.017
2023-09-21T13:45:00Z  501.661  -48.119  -149.685  4.37436E-16  SWARM-A  3.885  311.922
2023-09-21T13:45:30Z  500.836  -46.219  -149.621  4.32347E-16  SWARM-A  3.898  313.827
2023-09-21T13:46:00Z  500.003  -44.318  -149.569  4.27724E-16  SWARM-A  3.909  315.732
2023-09-21T13:46:30Z  499.163  -42.416  -149.528  4.23565E-16  SWARM-A  3.921  317.637
2023-09-21T13:47:00Z  498.320  -40.513  -149.497  4.19902E-16  SWARM-A  3.931  319.543
2023-09-21T13:47:30Z  497.477  -38.608  -149.474  4.16675E-16  SWARM-A  3.941  321.448
2023-09-21T13:48:00Z  496.636  -36.703  -149.459  4.13875E-16  SWARM-A  3.950  323.354
2023-09-21T13:48:30Z  495.801  -34.796  -149.451  4.11405E-16  SWARM-A  3.959  325.260
2023-09-21T13:49:00Z  494.974  -32.888  -149.449  4.09394E-16  SWARM-A  3.967  327.166
2023-09-21T13:49:30Z  494.158  -30.979  -149.452  4.07735E-16  SWARM-A  3.976  329.073
2023-09-21T13:50:00Z  493.357  -29.070  -149.459  4.06454E-16  SWARM-A  3.983  330.979
2023-09-21T13:50:30Z  492.571  -27.159  -149.472  4.05520E-16  SWARM-A  3.991  332.886
2023-09-21T13:51:00Z  491.805  -25.247  -149.487  4.04929E-16  SWARM-A  3.998  334.793
2023-09-21T13:51:30Z  491.060  -23.335  -149.507  4.04702E-16  SWARM-A  4.005  336.700
2023-09-21T13:52:00Z  490.339  -21.422  -149.529  4.04790E-16  SWARM-A  4.012  338.607
2023-09-21T13:52:30Z  489.645  -19.507  -149.553  4.05098E-16  SWARM-A  4.019  340.514
2023-09-21T13:53:00Z  488.978  -17.593  -149.581  4.05742E-16  SWARM-A  4.025  342.422
2023-09-21T13:53:30Z  488.342  -15.677  -149.610  4.06747E-16  SWARM-A  4.032  344.330
2023-09-21T13:54:00Z  487.737  -13.761  -149.641  4.08069E-16  SWARM-A  4.038  346.238
2023-09-21T13:54:30Z  487.167  -11.844  -149.673  4.09759E-16  SWARM-A  4.044  348.146
2023-09-21T13:55:00Z  486.631  -9.927  -149.707  4.11715E-16  SWARM-A  4.050  350.054
2023-09-21T13:55:30Z  486.133  -8.009  -149.741  4.14026E-16  SWARM-A  4.056  351.963
2023-09-21T13:56:00Z  485.672  -6.091  -149.777  4.16675E-16  SWARM-A  4.062  353.872
2023-09-21T13:56:30Z  485.249  -4.172  -149.813  4.19613E-16  SWARM-A  4.068  355.781
2023-09-21T13:57:00Z  484.867  -2.253  -149.850  4.22922E-16  SWARM-A  4.074  357.690
2023-09-21T13:57:30Z  484.525  -0.334  -149.887  4.26571E-16  SWARM-A  4.080  359.599
2023-09-21T13:58:00Z  484.223  1.585  -149.924  4.30492E-16  SWARM-A  4.086  1.508
2023-09-21T13:58:30Z  483.963  3.505  -149.960  4.34779E-16  SWARM-A  4.092  3.418
2023-09-21T13:59:00Z  483.743  5.424  -149.997  4.39420E-16  SWARM-A  4.098  5.328
2023-09-21T13:59:30Z  483.565  7.344  -150.032  4.44278E-16  SWARM-A  4.104  7.238
2023-09-21T14:00:00Z  483.428  9.263  -150.067  4.49398E-16  SWARM-A  4.110  9.148
2023-09-21T14:00:30Z  483.331  11.182  -150.101  4.54853E-16  SWARM-A  4.116  11.058
2023-09-21T14:01:00Z  483.274  13.102  -150.134  4.60687E-16  SWARM-A  4.122  12.969
2023-09-21T14:01:30Z  483.256  15.021  -150.165  4.66921E-16  SWARM-A  4.128  14.879
2023-09-21T14:02:00Z  483.277  16.939  -150.195  4.73529E-16  SWARM-A  4.134  16.790
2023-09-21T14:02:30Z  483.334  18.858  -150.223  4.80546E-16  SWARM-A  4.141  18.701
2023-09-21T14:03:00Z  483.427  20.776  -150.248  4.87966E-16  SWARM-A  4.148  20.612
2023-09-21T14:03:30Z  483.555  22.693  -150.271  4.95813E-16  SWARM-A  4.154  22.523
2023-09-21T14:04:00Z  483.716  24.610  -150.291  5.04123E-16  SWARM-A  4.161  24.434
2023-09-21T14:04:30Z  483.907  26.527  -150.308  5.12848E-16  SWARM-A  4.169  26.346
2023-09-21T14:05:00Z  484.129  28.442  -150.321  5.22064E-16  SWARM-A  4.176  28.257
2023-09-21T14:05:30Z  484.377  30.358  -150.330  5.31785E-16  SWARM-A  4.184  30.169
2023-09-21T14:06:00Z  484.652  32.272  -150.334  5.41937E-16  SWARM-A  4.192  32.081
2023-09-21T14:06:30Z  484.949  34.186  -150.333  5.52608E-16  SWARM-A  4.200  33.993
2023-09-21T14:07:00Z  485.268  36.099  -150.327  5.63779E-16  SWARM-A  4.209  35.905
2023-09-21T14:07:30Z  485.606  38.011  -150.314  5.75502E-16  SWARM-A  4.218  37.817
2023-09-21T14:08:00Z  485.960  39.923  -150.293  5.87745E-16  SWARM-A  4.228  39.729
2023-09-21T14:08:30Z  486.329  41.833  -150.264  6.00522E-16  SWARM-A  4.238  41.642
2023-09-21T14:09:00Z  486.709  43.743  -150.226  6.13751E-16  SWARM-A  4.249  43.554
2023-09-21T14:09:30Z  487.099  45.652  -150.177  6.27414E-16  SWARM-A  4.261  45.467
2023-09-21T14:10:00Z  487.496  47.559  -150.115  6.41428E-16  SWARM-A  4.273  47.379
2023-09-21T14:10:30Z  487.897  49.466  -150.040  6.55834E-16  SWARM-A  4.286  49.292
2023-09-21T14:11:00Z  488.300  51.371  -149.948  6.70615E-16  SWARM-A  4.301  51.205
2023-09-21T14:11:30Z  488.702  53.276  -149.838  6.85726E-16  SWARM-A  4.317  53.118
2023-09-21T14:12:00Z  489.102  55.179  -149.706  7.01264E-16  SWARM-A  4.334  55.031
2023-09-21T14:12:30Z  489.496  57.081  -149.548  7.17075E-16  SWARM-A  4.353  56.944
2023-09-21T14:13:00Z  489.882  58.982  -149.359  7.33118E-16  SWARM-A  4.374  58.857
2023-09-21T14:13:30Z  490.259  60.881  -149.134  7.49394E-16  SWARM-A  4.397  60.770
2023-09-21T14:14:00Z  490.624  62.778  -148.865  7.65725E-16  SWARM-A  4.423  62.684
2023-09-21T14:14:30Z  490.974  64.674  -148.541  7.81994E-16  SWARM-A  4.453  64.597
2023-09-21T14:15:00Z  491.309  66.568  -148.151  7.98083E-16  SWARM-A  4.487  66.510
2023-09-21T14:15:30Z  491.625  68.459  -147.675  8.14083E-16  SWARM-A  4.527  68.423
2023-09-21T14:16:00Z  491.922  70.347  -147.090  8.30112E-16  SWARM-A  4.575  70.337
2023-09-21T14:16:30Z  492.198  72.231  -146.360  8.46188E-16  SWARM-A  4.632  72.250
2023-09-21T14:17:00Z  492.451  74.110  -145.436  8.62472E-16  SWARM-A  4.702  74.164
2023-09-21T14:17:30Z  492.680  75.982  -144.239  8.79071E-16  SWARM-A  4.790  76.077
2023-09-21T14:18:00Z  492.883  77.845  -142.644  8.96058E-16  SWARM-A  4.905  77.991
2023-09-21T14:18:30Z  493.061  79.693  -140.442  9.13499E-16  SWARM-A  5.060  79.904
2023-09-21T14:19:00Z  493.210  81.517  -137.244  9.31407E-16  SWARM-A  5.281  81.818
2023-09-21T14:19:30Z  493.332  83.298  -132.271  9.49805E-16  SWARM-A  5.621  83.731
2023-09-21T14:20:00Z  493.424  84.989  -123.766  9.68723E-16  SWARM-A  6.196  85.645
2023-09-21T14:20:30Z  493.488  86.459  -107.419  9.87991E-16  SWARM-A  7.295  87.559
2023-09-21T14:21:00Z  493.522  87.319  -75.571  1.00781E-15  SWARM-A  9.426  89.472
2023-09-21T14:21:30Z  493.525  86.989  -37.197  1.02904E-15  SWARM-A  11.993  91.386
2023-09-21T14:22:00Z  493.500  85.737  -14.262  1.05139E-15  SWARM-A  13.530  93.299
2023-09-21T14:22:30Z  493.444  84.125  -2.789  1.07427E-15  SWARM-A  14.303  95.213
2023-09-21T14:23:00Z  493.360  82.379  3.557  1.09765E-15  SWARM-A  14.735  97.126
2023-09-21T14:23:30Z  493.247  80.572  7.470  1.12156E-15  SWARM-A  15.004  99.040
2023-09-21T14:24:00Z  493.106  78.734  10.085  1.14578E-15  SWARM-A  15.187  100.953
2023-09-21T14:24:30Z  492.937  76.878  11.937  1.17035E-15  SWARM-A  15.318  102.867
2023-09-21T14:25:00Z  492.743  75.010  13.305  1.19510E-15  SWARM-A  15.418  104.780
2023-09-21T14:25:30Z  492.523  73.134  14.349  1.21988E-15  SWARM-A  15.496  106.694
2023-09-21T14:26:00Z  492.280  71.252  15.164  1.24450E-15  SWARM-A  15.558  108.607
2023-09-21T14:26:30Z  492.014  69.366  15.813  1.26893E-15  SWARM-A  15.610  110.520
2023-09-21T14:27:00Z  491.727  67.476  16.338  1.29310E-15  SWARM-A  15.653  112.433
2023-09-21T14:27:30Z  491.422  65.584  16.767  1.31693E-15  SWARM-A  15.690  114.347
2023-09-21T14:28:00Z  491.099  63.689  17.121  1.34025E-15  SWARM-A  15.722  116.260
2023-09-21T14:28:30Z  490.761  61.793  17.415  1.36291E-15  SWARM-A  15.750  118.173
2023-09-21T14:29:00Z  490.410  59.895  17.660  1.38472E-15  SWARM-A  15.775  120.086
2023-09-21T14:29:30Z  490.047  57.995  17.865  1.40552E-15  SWARM-A  15.797  121.999
2023-09-21T14:30:00Z  489.676  56.094  18.037  1.42497E-15  SWARM-A  15.817  123.912
2023-09-21T14:30:30Z  489.298  54.191  18.181  1.44323E-15  SWARM-A  15.835  125.825
2023-09-21T14:31:00Z  488.915  52.288  18.301  1.46030E-15  SWARM-A  15.851  127.737
2023-09-21T14:31:30Z  488.530  50.383  18.402  1.47624E-15  SWARM-A  15.866  129.650
2023-09-21T14:32:00Z  488.145  48.477  18.484  1.49108E-15  SWARM-A  15.880  131.562
2023-09-21T14:32:30Z  487.763  46.570  18.552  1.50499E-15  SWARM-A  15.893  133.475
2023-09-21T14:33:00Z  487.386  44.662  18.607  1.51805E-15  SWARM-A  15.905  135.387
2023-09-21T14:33:30Z  487.016  42.753  18.650  1.53036E-15  SWARM-A  15.916  137.300
2023-09-21T14:34:00Z  486.657  40.843  18.683  1.54206E-15  SWARM-A  15.926  139.212
2023-09-21T14:34:30Z  486.310  38.933  18.708  1.55325E-15  SWARM-A  15.936  141.124
2023-09-21T14:35:00Z  485.977  37.021  18.724  1.56398E-15  SWARM-A  15.946  143.036
2023-09-21T14:35:30Z  485.662  35.109  18.734  1.57441E-15  SWARM-A  15.955  144.948
2023-09-21T14:36:00Z  485.366  33.196  18.738  1.58461E-15  SWARM-A  15.963  146.859
2023-09-21T14:36:30Z  485.091  31.282  18.736  1.59529E-15  SWARM-A  15.972  148.771
2023-09-21T14:37:00Z  484.841  29.367  18.729  1.60584E-15  SWARM-A  15.979  150.682
2023-09-21T14:37:30Z  484.616  27.452  18.718  1.61632E-15  SWARM-A  15.987  152.594
2023-09-21T14:38:00Z  484.419  25.536  18.703  1.62668E-15  SWARM-A  15.994  154.505
2023-09-21T14:38:30Z  484.252  23.620  18.684  1.63689E-15  SWARM-A  16.002  156.416
2023-09-21T14:39:00Z  484.116  21.703  18.663  1.64694E-15  SWARM-A  16.008  158.327
2023-09-21T14:39:30Z  484.013  19.785  18.638  1.65673E-15  SWARM-A  16.015  160.238
2023-09-21T14:40:00Z  483.944  17.868  18.612  1.66617E-15  SWARM-A  16.022  162.148
2023-09-21T14:40:30Z  483.911  15.949  18.583  1.67515E-15  SWARM-A  16.028  164.059
2023-09-21T14:41:00Z  483.915  14.031  18.552  1.68360E-15  SWARM-A  16.034  165.969
2023-09-21T14:41:30Z  483.957  12.112  18.520  1.69134E-15  SWARM-A  16.041  167.879
2023-09-21T14:42:00Z  484.037  10.193  18.487  1.69826E-15  SWARM-A  16.047  169.789
2023-09-21T14:42:30Z  484.158  8.274  18.452  1.70421E-15  SWARM-A  16.053  171.699
2023-09-21T14:43:00Z  484.318  6.355  18.416  1.70914E-15  SWARM-A  16.059  173.609
2023-09-21T14:43:30Z  484.518  4.436  18.380  1.71285E-15  SWARM-A  16.065  175.518
2023-09-21T14:44:00Z  484.759  2.517  18.344  1.71514E-15  SWARM-A  16.071  177.427
2023-09-21T14:44:30Z  485.041  0.598  18.307  1.71626E-15  SWARM-A  16.076  179.337
2023-09-21T14:45:00Z  485.363  -1.321  18.270  1.71597E-15  SWARM-A  16.082  181.245
2023-09-21T14:45:30Z  485.724  -3.240  18.233  1.71394E-15  SWARM-A  16.088  183.154
2023-09-21T14:46:00Z  486.125  -5.158  18.197  1.71057E-15  SWARM-A  16.094  185.063
2023-09-21T14:46:30Z  486.565  -7.076  18.161  1.70543E-15  SWARM-A  16.100  186.971
2023-09-21T14:47:00Z  487.042  -8.994  18.125  1.69859E-15  SWARM-A  16.106  188.880
2023-09-21T14:47:30Z  487.556  -10.911  18.091  1.69007E-15  SWARM-A  16.112  190.788
2023-09-21T14:48:00Z  488.104  -12.828  18.058  1.67980E-15  SWARM-A  16.118  192.696
2023-09-21T14:48:30Z  488.687  -14.744  18.026  1.66782E-15  SWARM-A  16.124  194.603
2023-09-21T14:49:00Z  489.301  -16.659  17.996  1.65415E-15  SWARM-A  16.131  196.511
2023-09-21T14:49:30Z  489.946  -18.574  17.968  1.63892E-15  SWARM-A  16.137  198.418
2023-09-21T14:50:00Z  490.619  -20.488  17.942  1.62204E-15  SWARM-A  16.144  200.325
2023-09-21T14:50:30Z  491.318  -22.402  17.918  1.60374E-15  SWARM-A  16.151  202.232
2023-09-21T14:51:00Z  492.042  -24.314  17.898  1.58401E-15  SWARM-A  16.157  204.139
2023-09-21T14:51:30Z  492.788  -26.226  17.880  1.56287E-15  SWARM-A  16.165  206.046
2023-09-21T14:52:00Z  493.553  -28.137  17.866  1.54045E-15  SWARM-A  16.172  207.952
2023-09-21T14:52:30Z  494.335  -30.046  17.856  1.51696E-15  SWARM-A  16.180  209.859
2023-09-21T14:53:00Z  495.131  -31.955  17.850  1.49242E-15  SWARM-A  16.188  211.765
2023-09-21T14:53:30Z  495.939  -33.863  17.850  1.46700E-15  SWARM-A  16.196  213.671
2023-09-21T14:54:00Z  496.757  -35.770  17.855  1.44081E-15  SWARM-A  16.205  215.576
2023-09-21T14:54:30Z  497.580  -37.676  17.867  1.41397E-15  SWARM-A  16.214  217.482
2023-09-21T14:55:00Z  498.407  -39.581  17.885  1.38669E-15  SWARM-A  16.223  219.388
2023-09-21T14:55:30Z  499.234  -41.484  17.912  1.35903E-15  SWARM-A  16.233  221.293
2023-09-21T14:56:00Z  500.059  -43.387  17.948  1.33120E-15  SWARM-A  16.244  223.198
2023-09-21T14:56:30Z  500.879  -45.288  17.994  1.30332E-15  SWARM-A  16.256  225.103
2023-09-21T14:57:00Z  501.691  -47.188  18.052  1.27546E-15  SWARM-A  16.268  227.008
2023-09-21T14:57:30Z  502.491  -49.087  18.124  1.24782E-15  SWARM-A  16.281  228.912
2023-09-21T14:58:00Z  503.278  -50.985  18.211  1.22047E-15  SWARM-A  16.295  230.817
2023-09-21T14:58:30Z  504.047  -52.881  18.316  1.19337E-15  SWARM-A  16.310  232.721
2023-09-21T14:59:00Z  504.797  -54.776  18.442  1.16673E-15  SWARM-A  16.327  234.626
2023-09-21T14:59:30Z  505.525  -56.669  18.593  1.14051E-15  SWARM-A  16.346  236.530
2023-09-21T15:00:00Z  506.228  -58.561  18.773  1.11355E-15  SWARM-A  16.366  238.434
2023-09-21T15:00:30Z  506.904  -60.452  18.987  1.08830E-15  SWARM-A  16.388  240.338
2023-09-21T15:01:00Z  507.550  -62.340  19.243  1.06368E-15  SWARM-A  16.414  242.242
2023-09-21T15:01:30Z  508.163  -64.227  19.551  1.03966E-15  SWARM-A  16.443  244.145
2023-09-21T15:02:00Z  508.742  -66.111  19.922  1.01601E-15  SWARM-A  16.476  246.049
2023-09-21T15:02:30Z  509.284  -67.993  20.372  9.92886E-16  SWARM-A  16.514  247.953
2023-09-21T15:03:00Z  509.787  -69.872  20.923  9.70168E-16  SWARM-A  16.559  249.856
2023-09-21T15:03:30Z  510.251  -71.748  21.607  9.47776E-16  SWARM-A  16.613  251.760
2023-09-21T15:04:00Z  510.671  -73.618  22.470  9.25623E-16  SWARM-A  16.679  253.663
2023-09-21T15:04:30Z  511.048  -75.483  23.578  9.03555E-16  SWARM-A  16.761  255.566
2023-09-21T15:05:00Z  511.380  -77.339  25.040  8.81515E-16  SWARM-A  16.867  257.469
2023-09-21T15:05:30Z  511.665  -79.182  27.034  8.59417E-16  SWARM-A  17.008  259.373
2023-09-21T15:06:00Z  511.903  -81.004  29.880  8.37355E-16  SWARM-A  17.206  261.276
2023-09-21T15:06:30Z  512.092  -82.790  34.200  8.15376E-16  SWARM-A  17.503  263.179
2023-09-21T15:07:00Z  512.232  -84.506  41.347  7.93517E-16  SWARM-A  17.987  265.082
2023-09-21T15:07:30Z  512.323  -86.057  54.580  7.71697E-16  SWARM-A  18.878  266.985
2023-09-21T15:08:00Z  512.363  -87.163  80.998  7.49633E-16  SWARM-A  20.648  268.888
2023-09-21T15:08:30Z  512.354  -87.224  120.248  7.27824E-16  SWARM-A  23.273  270.791
2023-09-21T15:09:00Z  512.294  -86.191  148.332  7.07078E-16  SWARM-A  1.153  272.694
2023-09-21T15:09:30Z  512.184  -84.665  162.460  6.86972E-16  SWARM-A  2.103  274.597
2023-09-21T15:10:00Z  512.025  -82.959  170.003  6.67626E-16  SWARM-A  2.615  276.500
2023-09-21T15:10:30Z  511.816  -81.178  174.519  6.48391E-16  SWARM-A  2.924  278.404
2023-09-21T15:11:00Z  511.560  -79.358  177.473  6.29481E-16  SWARM-A  3.129  280.307
2023-09-21T15:11:30Z  511.256  -77.517  179.532  6.11078E-16  SWARM-A  3.275  282.210
2023-09-21T15:12:00Z  510.906  -75.662  -178.964  5.93200E-16  SWARM-A  3.383  284.113
2023-09-21T15:12:30Z  510.511  -73.798  -177.827  5.75885E-16  SWARM-A  3.468  286.017
2023-09-21T15:13:00Z  510.072  -71.928  -176.944  5.59283E-16  SWARM-A  3.535  287.920
2023-09-21T15:13:30Z  509.591  -70.053  -176.245  5.43536E-16  SWARM-A  3.590  289.824
2023-09-21T15:14:00Z  509.071  -68.174  -175.682  5.28770E-16  SWARM-A  3.636  291.727
2023-09-21T15:14:30Z  508.511  -66.292  -175.224  5.14972E-16  SWARM-A  3.674  293.631
2023-09-21T15:15:00Z  507.916  -64.407  -174.846  5.02270E-16  SWARM-A  3.708  295.535
2023-09-21T15:15:30Z  507.286  -62.521  -174.533  4.90758E-16  SWARM-A  3.737  297.439
2023-09-21T15:16:00Z  506.624  -60.632  -174.272  4.80395E-16  SWARM-A  3.763  299.343
2023-09-21T15:16:30Z  505.932  -58.742  -174.054  4.71124E-16  SWARM-A  3.786  301.247
2023-09-21T15:17:00Z  505.214  -56.850  -173.871  4.62766E-16  SWARM-A  3.806  303.151
2023-09-21T15:17:30Z  504.470  -54.956  -173.718  4.55193E-16  SWARM-A  3.825  305.055
2023-09-21T15:18:00Z  503.705  -53.061  -173.590  4.48231E-16  SWARM-A  3.842  306.960
2023-09-21T15:18:30Z  502.921  -51.165  -173.482  4.41779E-16  SWARM-A  3.857  308.864
2023-09-21T15:19:00Z  502.120  -49.267  -173.394  4.35796E-16  SWARM-A  3.871  310.769
2023-09-21T15:19:30Z  501.305  -47.368  -173.321  4.30403E-16  SWARM-A  3.885  312.674
2023-09-21T15:20:00Z  500.480  -45.468  -173.261  4.25641E-16  SWARM-A  3.897  314.579
2023-09-21T15:20:30Z  499.646  -43.567  -173.214  4.21446E-16  SWARM-A  3.908  316.484
2023-09-21T15:21:00Z  498.808  -41.664  -173.177  4.17913E-16  SWARM-A  3.919  318.390
2023-09-21T15:21:30Z  497.968  -39.760  -173.150  4.15061E-16  SWARM-A  3.929  320.295
2023-09-21T15:22:00Z  497.128  -37.855  -173.130  4.12930E-16  SWARM-A  3.939  322.201
2023-09-21T15:22:30Z  496.292  -35.949  -173.118  4.11545E-16  SWARM-A  3.948  324.107
2023-09-21T15:23:00Z  495.463  -34.042  -173.113  4.10862E-16  SWARM-A  3.957  326.013
2023-09-21T15:23:30Z  494.643  -32.134  -173.113  4.10895E-16  SWARM-A  3.965  327.919
2023-09-21T15:24:00Z  493.835  -30.225  -173.118  4.11595E-16  SWARM-A  3.973  329.826
2023-09-21T15:24:30Z  493.042  -28.315  -173.127  4.12957E-16  SWARM-A  3.981  331.732
2023-09-21T15:25:00Z  492.267  -26.404  -173.141  4.14939E-16  SWARM-A  3.988  333.639
2023-09-21T15:25:30Z  491.511  -24.492  -173.158  4.17541E-16  SWARM-A  3.996  335.546
2023-09-21T15:26:00Z  490.778  -22.579  -173.179  4.20707E-16  SWARM-A  4.003  337.453
2023-09-21T15:26:30Z  490.069  -20.665  -173.202  4.24383E-16  SWARM-A  4.009  339.360
2023-09-21T15:27:00Z  489.387  -18.751  -173.228  4.28575E-16  SWARM-A  4.016  341.268
2023-09-21T15:27:30Z  488.734  -16.836  -173.256  4.33236E-16  SWARM-A  4.022  343.176
2023-09-21T15:28:00Z  488.112  -14.920  -173.286  4.38312E-16  SWARM-A  4.029  345.084
2023-09-21T15:28:30Z  487.523  -13.004  -173.317  4.43754E-16  SWARM-A  4.035  346.992
2023-09-21T15:29:00Z  486.968  -11.087  -173.350  4.49511E-16  SWARM-A  4.041  348.900
2023-09-21T15:29:30Z  486.448  -9.169  -173.384  4.55562E-16  SWARM-A  4.047  350.808
2023-09-21T15:30:00Z  485.966  -7.251  -173.420  4.61826E-16  SWARM-A  4.053  352.717
