2022-03-12T14:30:00Z  426.319  6.543  -127.581  8.50692E-16  SWARM-A  5.832  6.533
2022-03-12T14:30:30Z  426.148  8.487  -127.616  8.52019E-16  SWARM-A  5.838  8.467
2022-03-12T14:31:00Z  426.019  10.431  -127.649  8.53464E-16  SWARM-A  5.845  10.402
2022-03-12T14:31:30Z  425.930  12.375  -127.682  8.55118E-16  SWARM-A  5.851  12.336
2022-03-12T14:32:00Z  425.882  14.318  -127.713  8.56955E-16  SWARM-A  5.857  14.271
2022-03-12T14:32:30Z  425.874  16.261  -127.742  8.59129E-16  SWARM-A  5.863  16.206
2022-03-12T14:33:00Z  425.905  18.204  -127.770  8.61531E-16  SWARM-A  5.870  18.141
2022-03-12T14:33:30Z  425.973  20.147  -127.795  8.64246E-16  SWARM-A  5.876  20.076
2022-03-12T14:34:00Z  426.077  22.089  -127.818  8.67258E-16  SWARM-A  5.883  22.012
2022-03-12T14:34:30Z  426.216  24.031  -127.838  8.70572E-16  SWARM-A  5.890  23.947
2022-03-12T14:35:00Z  426.387  25.972  -127.855  8.74298E-16  SWARM-A  5.898  25.883
2022-03-12T14:35:30Z  426.589  27.912  -127.868  8.78407E-16  SWARM-A  5.905  27.819
2022-03-12T14:36:00Z  426.821  29.852  -127.877  8.82893E-16  SWARM-A  5.913  29.755
2022-03-12T14:36:30Z  427.079  31.791  -127.882  8.87968E-16  SWARM-A  5.921  31.691
2022-03-12T14:37:00Z  427.362  33.729  -127.881  8.93596E-16  SWARM-A  5.929  33.627
2022-03-12T14:37:30Z  427.668  35.667  -127.875  8.99754E-16  SWARM-A  5.938  35.564
2022-03-12T14:38:00Z  427.994  37.604  -127.862  9.06523E-16  SWARM-A  5.947  37.500
2022-03-12T14:38:30Z  428.338  39.540  -127.842  9.13661E-16  SWARM-A  5.957  39.437
2022-03-12T14:39:00Z  428.697  41.475  -127.813  9.21062E-16  SWARM-A  5.967  41.373
2022-03-12T14:39:30Z  429.069  43.409  -127.775  9.29110E-16  SWARM-A  5.978  43.310
2022-03-12T14:40:00Z  429.452  45.342  -127.726  9.37805E-16  SWARM-A  5.989  45.247
2022-03-12T14:40:30Z  429.843  47.275  -127.665  9.47164E-16  SWARM-A  6.002  47.184
2022-03-12T14:41:00Z  430.238  49.206  -127.590  9.57209E-16  SWARM-A  6.015  49.121
2022-03-12T14:41:30Z  430.637  51.136  -127.499  9.67911E-16  SWARM-A  6.030  51.059
2022-03-12T14:42:00Z  431.036  53.065  -127.389  9.79235E-16  SWARM-A  6.045  52.996
2022-03-12T14:42:30Z  431.432  54.993  -127.257  9.91133E-16  SWARM-A  6.062  54.933
2022-03-12T14:43:00Z  431.824  56.919  -127.099  1.00363E-15  SWARM-A  6.081  56.871
2022-03-12T14:43:30Z  432.208  58.844  -126.911  1.01619E-15  SWARM-A  6.102  58.808
2022-03-12T14:44:00Z  432.583  60.767  -126.685  1.02865E-15  SWARM-A  6.126  60.746
2022-03-12T14:44:30Z  432.947  62.689  -126.415  1.04162E-15  SWARM-A  6.152  62.684
2022-03-12T14:45:00Z  433.296  64.609  -126.090  1.05504E-15  SWARM-A  6.182  64.621
2022-03-12T14:45:30Z  433.630  66.527  -125.697  1.06889E-15  SWARM-A  6.216  66.559
2022-03-12T14:46:00Z  433.946  68.442  -125.217  1.08305E-15  SWARM-A  6.257  68.497
2022-03-12T14:46:30Z  434.242  70.355  -124.626  1.09756E-15  SWARM-A  6.304  70.435
2022-03-12T14:47:00Z  434.517  72.263  -123.887  1.11260E-15  SWARM-A  6.362  72.373
2022-03-12T14:47:30Z  434.769  74.166  -122.948  1.12784E-15  SWARM-A  6.433  74.311
2022-03-12T14:48:00Z  434.997  76.062  -121.727  1.14339E-15  SWARM-A  6.523  76.249
2022-03-12T14:48:30Z  435.199  77.948  -120.093  1.15982E-15  SWARM-A  6.640  78.187
2022-03-12T14:49:00Z  435.375  79.819  -117.821  1.17707E-15  SWARM-A  6.800  80.125
2022-03-12T14:49:30Z  435.523  81.665  -114.493  1.19463E-15  SWARM-A  7.030  82.063
2022-03-12T14:50:00Z  435.643  83.464  -109.252  1.21264E-15  SWARM-A  7.388  84.001
2022-03-12T14:50:30Z  435.733  85.164  -100.125  1.23112E-15  SWARM-A  8.005  85.939
2022-03-12T14:51:00Z  435.794  86.613  -82.205  1.25014E-15  SWARM-A  9.208  87.877
2022-03-12T14:51:30Z  435.825  87.360  -47.785  1.26935E-15  SWARM-A  11.511  89.815
2022-03-12T14:52:00Z  435.827  86.857  -10.240  1.28779E-15  SWARM-A  14.022  91.753
2022-03-12T14:52:30Z  435.798  85.506  10.685  1.30626E-15  SWARM-A  15.425  93.691
2022-03-12T14:53:00Z  435.739  83.841  21.137  1.32528E-15  SWARM-A  16.130  95.629
2022-03-12T14:53:30Z  435.651  82.057  26.986  1.34460E-15  SWARM-A  16.529  97.567
2022-03-12T14:54:00Z  435.534  80.220  30.630  1.36415E-15  SWARM-A  16.780  99.505
2022-03-12T14:54:30Z  435.389  78.353  33.085  1.38276E-15  SWARM-A  16.952  101.443
2022-03-12T14:55:00Z  435.217  76.470  34.832  1.40147E-15  SWARM-A  17.077  103.381
2022-03-12T14:55:30Z  435.019  74.575  36.129  1.42023E-15  SWARM-A  17.171  105.319
2022-03-12T14:56:00Z  434.796  72.674  37.120  1.43903E-15  SWARM-A  17.246  107.256
2022-03-12T14:56:30Z  434.550  70.766  37.897  1.45783E-15  SWARM-A  17.306  109.194
2022-03-12T14:57:00Z  434.282  68.855  38.517  1.47650E-15  SWARM-A  17.356  111.132
2022-03-12T14:57:30Z  433.994  66.941  39.018  1.49490E-15  SWARM-A  17.397  113.070
2022-03-12T14:58:00Z  433.687  65.024  39.428  1.51288E-15  SWARM-A  17.433  115.007
2022-03-12T14:58:30Z  433.363  63.104  39.766  1.53043E-15  SWARM-A  17.464  116.945
2022-03-12T14:59:00Z  433.025  61.183  40.047  1.54746E-15  SWARM-A  17.491  118.882
2022-03-12T14:59:30Z  432.674  59.260  40.282  1.56388E-15  SWARM-A  17.515  120.820
2022-03-12T15:00:00Z  432.313  57.335  40.478  1.58302E-15  SWARM-A  17.536  122.757
2022-03-12T15:00:30Z  431.943  55.410  40.642  1.59835E-15  SWARM-A  17.556  124.694
2022-03-12T15:01:00Z  431.568  53.482  40.779  1.61323E-15  SWARM-A  17.573  126.631
2022-03-12T15:01:30Z  431.190  51.554  40.893  1.62787E-15  SWARM-A  17.589  128.569
2022-03-12T15:02:00Z  430.811  49.624  40.988  1.64231E-15  SWARM-A  17.604  130.506
2022-03-12T15:02:30Z  430.433  47.694  41.067  1.65655E-15  SWARM-A  17.617  132.442
2022-03-12T15:03:00Z  430.060  45.762  41.130  1.67082E-15  SWARM-A  17.630  134.379
2022-03-12T15:03:30Z  429.693  43.829  41.182  1.68517E-15  SWARM-A  17.642  136.316
2022-03-12T15:04:00Z  429.335  41.896  41.222  1.69958E-15  SWARM-A  17.653  138.252
2022-03-12T15:04:30Z  428.989  39.961  41.252  1.71410E-15  SWARM-A  17.663  140.189
2022-03-12T15:05:00Z  428.656  38.026  41.274  1.72877E-15  SWARM-A  17.673  142.125
2022-03-12T15:05:30Z  428.341  36.089  41.288  1.74350E-15  SWARM-A  17.682  144.061
2022-03-12T15:06:00Z  428.044  34.152  41.296  1.75830E-15  SWARM-A  17.691  145.998
2022-03-12T15:06:30Z  427.768  32.214  41.298  1.77304E-15  SWARM-A  17.699  147.933
2022-03-12T15:07:00Z  427.516  30.276  41.294  1.78761E-15  SWARM-A  17.708  149.869
2022-03-12T15:07:30Z  427.289  28.336  41.286  1.80187E-15  SWARM-A  17.715  151.805
2022-03-12T15:08:00Z  427.090  26.396  41.274  1.81570E-15  SWARM-A  17.723  153.740
2022-03-12T15:08:30Z  426.921  24.456  41.258  1.82896E-15  SWARM-A  17.730  155.676
2022-03-12T15:09:00Z  426.783  22.515  41.238  1.84147E-15  SWARM-A  17.737  157.611
2022-03-12T15:09:30Z  426.678  20.573  41.216  1.85309E-15  SWARM-A  17.744  159.546
2022-03-12T15:10:00Z  426.608  18.631  41.191  1.86366E-15  SWARM-A  17.751  161.481
2022-03-12T15:10:30Z  426.574  16.688  41.164  1.87307E-15  SWARM-A  17.757  163.416
2022-03-12T15:11:00Z  426.578  14.746  41.135  1.88125E-15  SWARM-A  17.764  165.350
2022-03-12T15:11:30Z  426.619  12.803  41.104  1.88815E-15  SWARM-A  17.770  167.285
2022-03-12T15:12:00Z  426.701  10.859  41.072  1.89371E-15  SWARM-A  17.776  169.219
2022-03-12T15:12:30Z  426.823  8.916  41.038  1.89794E-15  SWARM-A  17.782  171.153
2022-03-12T15:13:00Z  426.985  6.972  41.004  1.90090E-15  SWARM-A  17.788  173.087
2022-03-12T15:13:30Z  427.188  5.029  40.969  1.90254E-15  SWARM-A  17.794  175.021
2022-03-12T15:14:00Z  427.433  3.085  40.933  1.90300E-15  SWARM-A  17.800  176.954
2022-03-12T15:14:30Z  427.720  1.142  40.897  1.90231E-15  SWARM-A  17.806  178.888
2022-03-12T15:15:00Z  428.048  -0.801  40.861  1.90052E-15  SWARM-A  17.812  180.821
2022-03-12T15:15:30Z  428.416  -2.744  40.825  1.89764E-15  SWARM-A  17.818  182.754
2022-03-12T15:16:00Z  428.825  -4.687  40.789  1.89382E-15  SWARM-A  17.824  184.686
2022-03-12T15:16:30Z  429.274  -6.630  40.754  1.88900E-15  SWARM-A  17.830  186.619
2022-03-12T15:17:00Z  429.761  -8.572  40.719  1.88251E-15  SWARM-A  17.836  188.551
2022-03-12T15:17:30Z  430.286  -10.513  40.685  1.87497E-15  SWARM-A  17.842  190.484
2022-03-12T15:18:00Z  430.847  -12.454  40.653  1.86629E-15  SWARM-A  17.848  192.416
2022-03-12T15:18:30Z  431.442  -14.395  40.621  1.85641E-15  SWARM-A  17.854  194.347
2022-03-12T15:19:00Z  432.071  -16.335  40.592  1.84519E-15  SWARM-A  17.861  196.279
2022-03-12T15:19:30Z  432.731  -18.274  40.564  1.83251E-15  SWARM-A  17.867  198.210
2022-03-12T15:20:00Z  433.421  -20.212  40.538  1.81828E-15  SWARM-A  17.874  200.142
2022-03-12T15:20:30Z  434.137  -22.150  40.515  1.80240E-15  SWARM-A  17.881  202.073
2022-03-12T15:21:00Z  434.879  -24.087  40.495  1.78478E-15  SWARM-A  17.888  204.003
2022-03-12T15:21:30Z  435.643  -26.023  40.478  1.76537E-15  SWARM-A  17.895  205.934
2022-03-12T15:22:00Z  436.427  -27.958  40.465  1.74419E-15  SWARM-A  17.902  207.865
2022-03-12T15:22:30Z  437.229  -29.892  40.455  1.72125E-15  SWARM-A  17.910  209.795
2022-03-12T15:23:00Z  438.045  -31.825  40.450  1.69666E-15  SWARM-A  17.918  211.725
2022-03-12T15:23:30Z  438.874  -33.757  40.451  1.67053E-15  SWARM-A  17.926  213.655
2022-03-12T15:24:00Z  439.711  -35.688  40.457  1.64308E-15  SWARM-A  17.935  215.585
2022-03-12T15:24:30Z  440.555  -37.618  40.469  1.61451E-15  SWARM-A  17.944  217.514
2022-03-12T15:25:00Z  441.402  -39.546  40.489  1.58506E-15  SWARM-A  17.954  219.443
2022-03-12T15:25:30Z  442.248  -41.474  40.517  1.55502E-15  SWARM-A  17.964  221.373
2022-03-12T15:26:00Z  443.093  -43.400  40.554  1.52469E-15  SWARM-A  17.975  223.302
2022-03-12T15:26:30Z  443.931  -45.325  40.602  1.49433E-15  SWARM-A  17.986  225.231
2022-03-12T15:27:00Z  444.760  -47.249  40.661  1.46491E-15  SWARM-A  17.999  227.159
2022-03-12T15:27:30Z  445.578  -49.172  40.735  1.43629E-15  SWARM-A  18.012  229.088
2022-03-12T15:28:00Z  446.380  -51.093  40.825  1.40832E-15  SWARM-A  18.026  231.016
2022-03-12T15:28:30Z  447.165  -53.013  40.933  1.38118E-15  SWARM-A  18.042  232.944
2022-03-12T15:29:00Z  447.929  -54.932  41.063  1.35487E-15  SWARM-A  18.059  234.873
2022-03-12T15:29:30Z  448.669  -56.849  41.219  1.32965E-15  SWARM-A  18.078  236.801
2022-03-12T15:30:00Z  449.384  -58.764  41.404  1.30544E-15  SWARM-A  18.098  238.728
2022-03-12T15:30:30Z  450.069  -60.678  41.626  1.28238E-15  SWARM-A  18.121  240.656
2022-03-12T15:31:00Z  450.723  -62.590  41.892  1.26036E-15  SWARM-A  18.147  242.584
2022-03-12T15:31:30Z  451.343  -64.500  42.211  1.23926E-15  SWARM-A  18.177  244.511
2022-03-12T15:32:00Z  451.927  -66.408  42.597  1.21905E-15  SWARM-A  18.211  246.439
2022-03-12T15:32:30Z  452.473  -68.313  43.067  1.19884E-15  SWARM-A  18.251  248.366
2022-03-12T15:33:00Z  452.978  -70.215  43.645  1.17857E-15  SWARM-A  18.298  250.293
2022-03-12T15:33:30Z  453.441  -72.113  44.366  1.15872E-15  SWARM-A  18.354  252.221
2022-03-12T15:34:00Z  453.860  -74.006  45.280  1.13912E-15  SWARM-A  18.423  254.148
2022-03-12T15:34:30Z  454.233  -75.893  46.464  1.11967E-15  SWARM-A  18.511  256.075
2022-03-12T15:35:00Z  454.559  -77.769  48.042  1.10023E-15  SWARM-A  18.624  258.002
2022-03-12T15:35:30Z  454.836  -79.631  50.222  1.08070E-15  SWARM-A  18.778  259.929
2022-03-12T15:36:00Z  455.065  -81.470  53.391  1.06108E-15  SWARM-A  18.997  261.856
2022-03-12T15:36:30Z  455.243  -83.265  58.324  1.04134E-15  SWARM-A  19.335  263.783
2022-03-12T15:37:00Z  455.370  -84.971  66.780  1.02139E-15  SWARM-A  19.907  265.710
2022-03-12T15:37:30Z  455.445  -86.458  83.108  1.00133E-15  SWARM-A  21.004  267.636
2022-03-12T15:38:00Z  455.469  -87.330  115.187  9.81688E-16  SWARM-A  23.150  269.563
2022-03-12T15:38:30Z  455.441  -86.993  153.931  9.61827E-16  SWARM-A  1.742  271.490
2022-03-12T15:39:00Z  455.362  -85.724  176.889  9.41375E-16  SWARM-A  3.281  273.417
2022-03-12T15:39:30Z  455.231  -84.096  -171.701  9.21105E-16  SWARM-A  4.050  275.344
2022-03-12T15:40:00Z  455.048  -82.334  -165.409  9.01275E-16  SWARM-A  4.477  277.271
2022-03-12T15:40:30Z  454.816  -80.513  -161.533  8.82105E-16  SWARM-A  4.744  279.198
2022-03-12T15:41:00Z  454.534  -78.661  -158.945  8.63673E-16  SWARM-A  4.925  281.125
2022-03-12T15:41:30Z  454.203  -76.790  -157.113  8.46076E-16  SWARM-A  5.055  283.052
2022-03-12T15:42:00Z  453.826  -74.908  -155.760  8.29497E-16  SWARM-A  5.154  284.979
2022-03-12T15:42:30Z  453.402  -73.018  -154.729  8.14054E-16  SWARM-A  5.231  286.906
2022-03-12T15:43:00Z  452.934  -71.122  -153.924  7.99745E-16  SWARM-A  5.293  288.834
2022-03-12T15:43:30Z  452.423  -69.221  -153.282  7.86672E-16  SWARM-A  5.344  290.761
2022-03-12T15:44:00Z  451.872  -67.317  -152.764  7.74806E-16  SWARM-A  5.387  292.688
2022-03-12T15:44:30Z  451.282  -65.411  -152.341  7.64151E-16  SWARM-A  5.424  294.616
2022-03-12T15:45:00Z  450.655  -63.501  -151.992  7.54713E-16  SWARM-A  5.455  296.544
2022-03-12T15:45:30Z  449.993  -61.590  -151.702  7.46466E-16  SWARM-A  5.483  298.472
2022-03-12T15:46:00Z  449.300  -59.677  -151.460  7.39380E-16  SWARM-A  5.507  300.399
2022-03-12T15:46:30Z  448.577  -57.762  -151.258  7.32878E-16  SWARM-A  5.529  302.327
2022-03-12T15:47:00Z  447.828  -55.845  -151.089  7.27333E-16  SWARM-A  5.549  304.256
2022-03-12T15:47:30Z  447.054  -53.927  -150.947  7.22744E-16  SWARM-A  5.567  306.184
2022-03-12T15:48:00Z  446.258  -52.008  -150.829  7.19135E-16  SWARM-A  5.583  308.112
2022-03-12T15:48:30Z  445.444  -50.087  -150.731  7.16382E-16  SWARM-A  5.598  310.041
2022-03-12T15:49:00Z  444.615  -48.165  -150.650  7.14430E-16  SWARM-A  5.611  311.970
2022-03-12T15:49:30Z  443.773  -46.241  -150.583  7.13216E-16  SWARM-A  5.624  313.899
2022-03-12T15:50:00Z  442.922  -44.316  -150.530  7.12757E-16  SWARM-A  5.636  315.828
2022-03-12T15:50:30Z  442.063  -42.390  -150.488  7.12982E-16  SWARM-A  5.647  317.757
2022-03-12T15:51:00Z  441.202  -40.463  -150.456  7.13795E-16  SWARM-A  5.658  319.687
2022-03-12T15:51:30Z  440.340  -38.534  -150.432  7.15139E-16  SWARM-A  5.668  321.616
2022-03-12T15:52:00Z  439.480  -36.605  -150.416  7.17080E-16  SWARM-A  5.677  323.546
2022-03-12T15:52:30Z  438.626  -34.674  -150.407  7.19599E-16  SWARM-A  5.686  325.476
2022-03-12T15:53:00Z  437.781  -32.742  -150.404  7.22652E-16  SWARM-A  5.694  327.406
2022-03-12T15:53:30Z  436.946  -30.809  -150.407  7.26253E-16  SWARM-A  5.703  329.337
2022-03-12T15:54:00Z  436.126  -28.875  -150.414  7.30336E-16  SWARM-A  5.710  331.267
2022-03-12T15:54:30Z  435.324  -26.940  -150.426  7.34895E-16  SWARM-A  5.718  333.198
2022-03-12T15:55:00Z  434.540  -25.004  -150.441  7.39856E-16  SWARM-A  5.725  335.129
2022-03-12T15:55:30Z  433.779  -23.067  -150.460  7.45232E-16  SWARM-A  5.732  337.060
2022-03-12T15:56:00Z  433.043  -21.130  -150.482  7.50946E-16  SWARM-A  5.739  338.991
2022-03-12T15:56:30Z  432.333  -19.191  -150.506  7.56912E-16  SWARM-A  5.746  340.923
2022-03-12T15:57:00Z  431.653  -17.252  -150.533  7.63149E-16  SWARM-A  5.753  342.855
2022-03-12T15:57:30Z  431.003  -15.312  -150.562  7.69510E-16  SWARM-A  5.759  344.786
2022-03-12T15:58:00Z  430.387  -13.371  -150.592  7.75972E-16  SWARM-A  5.765  346.719
2022-03-12T15:58:30Z  429.806  -11.430  -150.624  7.82428E-16  SWARM-A  5.772  348.651
2022-03-12T15:59:00Z  429.261  -9.488  -150.657  7.88839E-16  SWARM-A  5.778  350.583
2022-03-12T15:59:30Z  428.753  -7.546  -150.691  7.95182E-16  SWARM-A  5.784  352.516
2022-03-12T16:00:00Z  428.285  -5.603  -150.726  8.01355E-16  SWARM-A  5.790  354.449
2022-03-12T16:00:30Z  427.856  -3.660  -150.762  8.07348E-16  SWARM-A  5.796  356.382
2022-03-12T16:01:00Z  427.468  -1.717  -150.798  8.13120E-16  SWARM-A  5.802  358.315
2022-03-12T16:01:30Z  427.122  0.227  -150.834  8.18685E-16  SWARM-A  5.807  0.249
2022-03-12T16:02:00Z  426.817  2.170  -150.870  8.23968E-16  SWARM-A  5.813  2.183
2022-03-12T16:02:30Z  426.555  4.114  -150.906  8.29017E-16  SWARM-A  5.819  4.117
2022-03-12T16:03:00Z  426.334  6.058  -150.942  8.33861E-16  SWARM-A  5.825  6.051
2022-03-12T16:03:30Z  426.156  8.002  -150.976  8.38457E-16  SWARM-A  5.831  7.985
2022-03-12T16:04:00Z  426.020  9.946  -151.010  8.42839E-16  SWARM-A  5.837  9.919
2022-03-12T16:04:30Z  425.925  11.890  -151.043  8.47055E-16  SWARM-A  5.844  11.854
2022-03-12T16:05:00Z  425.871  13.834  -151.075  8.51145E-16  SWARM-A  5.850  13.789
2022-03-12T16:05:30Z  425.856  15.777  -151.105  8.55087E-16  SWARM-A  5.856  15.723
2022-03-12T16:06:00Z  425.881  17.720  -151.133  8.59003E-16  SWARM-A  5.863  17.658
2022-03-12T16:06:30Z  425.942  19.663  -151.159  8.62848E-16  SWARM-A  5.869  19.594
2022-03-12T16:07:00Z  426.041  21.605  -151.182  8.66653E-16  SWARM-A  5.876  21.529
2022-03-12T16:07:30Z  426.174  23.547  -151.203  8.70479E-16  SWARM-A  5.883  23.465
2022-03-12T16:08:00Z  426.340  25.488  -151.221  8.74344E-16  SWARM-A  5.890  25.400
2022-03-12T16:08:30Z  426.537  27.428  -151.235  8.78318E-16  SWARM-A  5.897  27.336
2022-03-12T16:09:00Z  426.764  29.368  -151.245  8.82452E-16  SWARM-A  5.905  29.272
2022-03-12T16:09:30Z  427.018  31.308  -151.251  8.86760E-16  SWARM-A  5.913  31.208
2022-03-12T16:10:00Z  427.297  33.246  -151.252  8.91311E-16  SWARM-A  5.921  33.144
2022-03-12T16:10:30Z  427.600  35.184  -151.247  8.96170E-16  SWARM-A  5.930  35.081
2022-03-12T16:11:00Z  427.923  37.121  -151.236  9.00772E-16  SWARM-A  5.939  37.017
2022-03-12T16:11:30Z  428.265  39.057  -151.218  9.05158E-16  SWARM-A  5.949  38.954
2022-03-12T16:12:00Z  428.622  40.993  -151.192  9.09933E-16  SWARM-A  5.959  40.891
2022-03-12T16:12:30Z  428.993  42.927  -151.156  9.15196E-16  SWARM-A  5.969  42.827
2022-03-12T16:13:00Z  429.375  44.861  -151.110  9.20969E-16  SWARM-A  5.981  44.764
2022-03-12T16:13:30Z  429.766  46.793  -151.053  9.27308E-16  SWARM-A  5.993  46.701
2022-03-12T16:14:00Z  430.162  48.725  -150.982  9.34298E-16  SWARM-A  6.006  48.638
2022-03-12T16:14:30Z  430.561  50.655  -150.895  9.41799E-16  SWARM-A  6.020  50.576
2022-03-12T16:15:00Z  430.962  52.584  -150.790  9.50018E-16  SWARM-A  6.035  52.513
2022-03-12T16:15:30Z  431.360  54.512  -150.664  9.58898E-16  SWARM-A  6.052  54.450
2022-03-12T16:16:00Z  431.754  56.439  -150.513  9.68414E-16  SWARM-A  6.071  56.388
2022-03-12T16:16:30Z  432.141  58.364  -150.333  9.78597E-16  SWARM-A  6.091  58.325
2022-03-12T16:17:00Z  432.520  60.288  -150.117  9.89440E-16  SWARM-A  6.114  60.263
2022-03-12T16:17:30Z  432.887  62.210  -149.859  1.00064E-15  SWARM-A  6.139  62.200
2022-03-12T16:18:00Z  433.241  64.131  -149.550  1.01197E-15  SWARM-A  6.168  64.138
2022-03-12T16:18:30Z  433.579  66.049  -149.175  1.02390E-15  SWARM-A  6.201  66.076
2022-03-12T16:19:00Z  433.900  67.965  -148.720  1.03643E-15  SWARM-A  6.240  68.014
2022-03-12T16:19:30Z  434.201  69.878  -148.159  1.04952E-15  SWARM-A  6.286  69.951
2022-03-12T16:20:00Z  434.482  71.787  -147.462  1.06319E-15  SWARM-A  6.341  71.889
2022-03-12T16:20:30Z  434.740  73.692  -146.580  1.07649E-15  SWARM-A  6.408  73.827
2022-03-12T16:21:00Z  434.973  75.590  -145.440  1.08924E-15  SWARM-A  6.492  75.765
2022-03-12T16:21:30Z  435.182  77.479  -143.926  1.10253E-15  SWARM-A  6.601  77.703
2022-03-12T16:22:00Z  435.364  79.355  -141.844  1.11638E-15  SWARM-A  6.749  79.641
2022-03-12T16:22:30Z  435.519  81.208  -138.838  1.13077E-15  SWARM-A  6.957  81.579
2022-03-12T16:23:00Z  435.645  83.022  -134.199  1.14576E-15  SWARM-A  7.275  83.517
2022-03-12T16:23:30Z  435.743  84.755  -126.343  1.16240E-15  SWARM-A  7.807  85.455
2022-03-12T16:24:00Z  435.811  86.293  -111.346  1.18061E-15  SWARM-A  8.815  87.393
2022-03-12T16:24:30Z  435.849  87.282  -81.282  1.19956E-15  SWARM-A  10.828  89.331
2022-03-12T16:25:00Z  435.856  87.094  -41.522  1.21826E-15  SWARM-A  13.487  91.269
2022-03-12T16:25:30Z  435.834  85.887  -16.562  1.23707E-15  SWARM-A  15.159  93.207
2022-03-12T16:26:00Z  435.782  84.273  -4.247  1.25681E-15  SWARM-A  15.988  95.145
2022-03-12T16:26:30Z  435.701  82.510  2.435  1.27663E-15  SWARM-A  16.442  97.083
2022-03-12T16:27:00Z  435.590  80.682  6.500  1.29578E-15  SWARM-A  16.722  99.021
2022-03-12T16:27:30Z  435.451  78.821  9.192  1.31559E-15  SWARM-A  16.909  100.959
2022-03-12T16:28:00Z  435.285  76.941  11.084  1.33592E-15  SWARM-A  17.044  102.897
2022-03-12T16:28:30Z  435.092  75.049  12.476  1.35672E-15  SWARM-A  17.145  104.835
2022-03-12T16:29:00Z  434.873  73.149  13.533  1.37784E-15  SWARM-A  17.224  106.773
2022-03-12T16:29:30Z  434.631  71.243  14.356  1.39919E-15  SWARM-A  17.287  108.710
2022-03-12T16:30:00Z  434.367  69.333  15.010  1.42040E-15  SWARM-A  17.339  110.648
2022-03-12T16:30:30Z  434.081  67.419  15.537  1.44108E-15  SWARM-A  17.382  112.586
2022-03-12T16:31:00Z  433.777  65.503  15.968  1.46164E-15  SWARM-A  17.419  114.524
2022-03-12T16:31:30Z  433.455  63.584  16.322  1.48200E-15  SWARM-A  17.451  116.461
2022-03-12T16:32:00Z  433.118  61.663  16.616  1.50203E-15  SWARM-A  17.479  118.399
2022-03-12T16:32:30Z  432.768  59.740  16.861  1.52164E-15  SWARM-A  17.504  120.336
2022-03-12T16:33:00Z  432.407  57.816  17.066  1.54080E-15  SWARM-A  17.526  122.273
2022-03-12T16:33:30Z  432.037  55.891  17.237  1.55954E-15  SWARM-A  17.546  124.211
2022-03-12T16:34:00Z  431.661  53.964  17.380  1.57766E-15  SWARM-A  17.564  126.148
2022-03-12T16:34:30Z  431.281  52.036  17.500  1.59523E-15  SWARM-A  17.580  128.085
2022-03-12T16:35:00Z  430.900  50.106  17.599  1.61239E-15  SWARM-A  17.595  130.022
2022-03-12T16:35:30Z  430.519  48.176  17.681  1.62899E-15  SWARM-A  17.609  131.959
2022-03-12T16:36:00Z  430.142  46.244  17.748  1.64508E-15  SWARM-A  17.621  133.896
2022-03-12T16:36:30Z  429.771  44.312  17.802  1.66072E-15  SWARM-A  17.633  135.832
2022-03-12T16:37:00Z  429.408  42.379  17.845  1.67587E-15  SWARM-A  17.645  137.769
2022-03-12T16:37:30Z  429.056  40.444  17.878  1.69055E-15  SWARM-A  17.655  139.706
2022-03-12T16:38:00Z  428.717  38.509  17.902  1.70479E-15  SWARM-A  17.665  141.642
2022-03-12T16:38:30Z  428.394  36.573  17.918  1.71856E-15  SWARM-A  17.674  143.578
2022-03-12T16:39:00Z  428.090  34.636  17.927  1.73189E-15  SWARM-A  17.683  145.514
2022-03-12T16:39:30Z  427.806  32.698  17.930  1.74469E-15  SWARM-A  17.692  147.450
2022-03-12T16:40:00Z  427.545  30.760  17.928  1.75693E-15  SWARM-A  17.700  149.386
2022-03-12T16:40:30Z  427.310  28.820  17.920  1.76848E-15  SWARM-A  17.708  151.322
2022-03-12T16:41:00Z  427.101  26.880  17.909  1.77926E-15  SWARM-A  17.716  153.257
2022-03-12T16:41:30Z  426.922  24.940  17.894  1.78915E-15  SWARM-A  17.723  155.193
2022-03-12T16:42:00Z  426.774  22.999  17.875  1.79803E-15  SWARM-A  17.730  157.128
2022-03-12T16:42:30Z  426.659  21.057  17.853  1.80581E-15  SWARM-A  17.737  159.063
2022-03-12T16:43:00Z  426.578  19.116  17.829  1.81244E-15  SWARM-A  17.744  160.998
2022-03-12T16:43:30Z  426.533  17.173  17.802  1.81773E-15  SWARM-A  17.750  162.933
2022-03-12T16:44:00Z  426.525  15.230  17.774  1.82169E-15  SWARM-A  17.756  164.868
2022-03-12T16:44:30Z  426.555  13.287  17.743  1.82425E-15  SWARM-A  17.763  166.802
2022-03-12T16:45:00Z  426.625  11.344  17.711  1.82537E-15  SWARM-A  17.769  168.737
2022-03-12T16:45:30Z  426.734  9.401  17.678  1.82511E-15  SWARM-A  17.775  170.671
2022-03-12T16:46:00Z  426.885  7.457  17.644  1.82348E-15  SWARM-A  17.781  172.605
2022-03-12T16:46:30Z  427.076  5.514  17.609  1.82050E-15  SWARM-A  17.787  174.538
2022-03-12T16:47:00Z  427.310  3.570  17.573  1.81631E-15  SWARM-A  17.793  176.472
2022-03-12T16:47:30Z  427.584  1.627  17.537  1.81095E-15  SWARM-A  17.799  178.405
2022-03-12T16:48:00Z  427.900  -0.317  17.501  1.80450E-15  SWARM-A  17.805  180.339
2022-03-12T16:48:30Z  428.257  -2.260  17.465  1.79708E-15  SWARM-A  17.811  182.272
2022-03-12T16:49:00Z  428.655  -4.203  17.429  1.78880E-15  SWARM-A  17.817  184.205
2022-03-12T16:49:30Z  429.092  -6.146  17.393  1.77968E-15  SWARM-A  17.823  186.137
2022-03-12T16:50:00Z  429.568  -8.088  17.358  1.76984E-15  SWARM-A  17.829  188.070
2022-03-12T16:50:30Z  430.083  -10.029  17.324  1.75923E-15  SWARM-A  17.835  190.002
2022-03-12T16:51:00Z  430.633  -11.971  17.291  1.74781E-15  SWARM-A  17.841  191.934
2022-03-12T16:51:30Z  431.219  -13.911  17.260  1.73575E-15  SWARM-A  17.847  193.866
2022-03-12T16:52:00Z  431.838  -15.851  17.230  1.72294E-15  SWARM-A  17.854  195.798
2022-03-12T16:52:30Z  432.489  -17.791  17.201  1.70922E-15  SWARM-A  17.860  197.729
2022-03-12T16:53:00Z  433.170  -19.730  17.175  1.69461E-15  SWARM-A  17.867  199.661
2022-03-12T16:53:30Z  433.878  -21.667  17.151  1.67895E-15  SWARM-A  17.873  201.592
2022-03-12T16:54:00Z  434.612  -23.604  17.130  1.66221E-15  SWARM-A  17.880  203.523
2022-03-12T16:54:30Z  435.369  -25.541  17.112  1.64432E-15  SWARM-A  17.887  205.453
2022-03-12T16:55:00Z  436.146  -27.476  17.098  1.62530E-15  SWARM-A  17.895  207.384
2022-03-12T16:55:30Z  436.942  -29.410  17.087  1.60507E-15  SWARM-A  17.902  209.314
2022-03-12T16:56:00Z  437.753  -31.344  17.081  1.58372E-15  SWARM-A  17.910  211.244
2022-03-12T16:56:30Z  438.576  -33.276  17.080  1.56068E-15  SWARM-A  17.919  213.174
2022-03-12T16:57:00Z  439.410  -35.207  17.085  1.53663E-15  SWARM-A  17.927  215.104
2022-03-12T16:57:30Z  440.251  -37.137  17.095  1.51177E-15  SWARM-A  17.936  217.034
2022-03-12T16:58:00Z  441.095  -39.067  17.113  1.48632E-15  SWARM-A  17.946  218.963
2022-03-12T16:58:30Z  441.941  -40.994  17.139  1.46045E-15  SWARM-A  17.956  220.893
2022-03-12T16:59:00Z  442.785  -42.921  17.173  1.43440E-15  SWARM-A  17.967  222.822
2022-03-12T16:59:30Z  443.624  -44.847  17.218  1.40841E-15  SWARM-A  17.978  224.751
2022-03-12T17:00:00Z  444.454  -46.771  17.275  1.38183E-15  SWARM-A  17.990  226.679
2022-03-12T17:00:30Z  445.274  -48.694  17.345  1.35417E-15  SWARM-A  18.003  228.608
2022-03-12T17:01:00Z  446.080  -50.616  17.430  1.32705E-15  SWARM-A  18.017  230.537
2022-03-12T17:01:30Z  446.869  -52.536  17.534  1.30060E-15  SWARM-A  18.032  232.465
2022-03-12T17:02:00Z  447.638  -54.455  17.658  1.27505E-15  SWARM-A  18.049  234.393
2022-03-12T17:02:30Z  448.384  -56.372  17.807  1.25040E-15  SWARM-A  18.067  236.321
2022-03-12T17:03:00Z  449.105  -58.288  17.984  1.22669E-15  SWARM-A  18.087  238.249
2022-03-12T17:03:30Z  449.798  -60.203  18.196  1.20569E-15  SWARM-A  18.110  240.177
2022-03-12T17:04:00Z  450.460  -62.115  18.450  1.18558E-15  SWARM-A  18.135  242.105
2022-03-12T17:04:30Z  451.090  -64.026  18.754  1.16623E-15  SWARM-A  18.164  244.032
2022-03-12T17:05:00Z  451.683  -65.934  19.122  1.14751E-15  SWARM-A  18.196  245.960
2022-03-12T17:05:30Z  452.239  -67.840  19.568  1.12931E-15  SWARM-A  18.235  247.887
2022-03-12T17:06:00Z  452.755  -69.743  20.117  1.11110E-15  SWARM-A  18.279  249.815
2022-03-12T17:06:30Z  453.230  -71.642  20.798  1.09127E-15  SWARM-A  18.333  251.742
2022-03-12T17:07:00Z  453.661  -73.537  21.658  1.07158E-15  SWARM-A  18.399  253.669
2022-03-12T17:07:30Z  454.046  -75.425  22.765  1.05186E-15  SWARM-A  18.481  255.596
2022-03-12T17:08:00Z  454.386  -77.305  24.229  1.03210E-15  SWARM-A  18.587  257.523
2022-03-12T17:08:30Z  454.677  -79.171  26.232  1.01215E-15  SWARM-A  18.729  259.450
2022-03-12T17:09:00Z  454.919  -81.017  29.103  9.91583E-16  SWARM-A  18.928  261.377
2022-03-12T17:09:30Z  455.111  -82.826  33.486  9.70625E-16  SWARM-A  19.229  263.304
2022-03-12T17:10:00Z  455.252  -84.562  40.802  9.49607E-16  SWARM-A  19.725  265.231
2022-03-12T17:10:30Z  455.342  -86.125  54.524  9.28731E-16  SWARM-A  20.648  267.158
2022-03-12T17:11:00Z  455.381  -87.211  82.178  9.08324E-16  SWARM-A  22.500  269.085
2022-03-12T17:11:30Z  455.368  -87.193  122.086  8.88057E-16  SWARM-A  1.169  271.012
2022-03-12T17:12:00Z  455.303  -86.088  149.276  8.67303E-16  SWARM-A  2.990  272.939
2022-03-12T17:12:30Z  455.186  -84.518  162.754  8.46768E-16  SWARM-A  3.897  274.866
2022-03-12T17:13:00Z  455.019  -82.779  169.963  8.26813E-16  SWARM-A  4.386  276.793
2022-03-12T17:13:30Z  454.801  -80.969  174.295  8.07634E-16  SWARM-A  4.683  278.720
2022-03-12T17:14:00Z  454.533  -79.123  177.136  7.89416E-16  SWARM-A  4.881  280.647
2022-03-12T17:14:30Z  454.216  -77.256  179.122  7.71662E-16  SWARM-A  5.021  282.574
2022-03-12T17:15:00Z  453.852  -75.376  -179.425  7.54810E-16  SWARM-A  5.127  284.501
2022-03-12T17:15:30Z  453.442  -73.487  -178.325  7.39317E-16  SWARM-A  5.208  286.428
2022-03-12T17:16:00Z  452.987  -71.592  -177.471  7.25240E-16  SWARM-A  5.274  288.356
2022-03-12T17:16:30Z  452.490  -69.693  -176.794  7.12635E-16  SWARM-A  5.327  290.283
2022-03-12T17:17:00Z  451.951  -67.790  -176.249  7.01527E-16  SWARM-A  5.372  292.211
2022-03-12T17:17:30Z  451.372  -65.884  -175.804  6.91811E-16  SWARM-A  5.410  294.138
2022-03-12T17:18:00Z  450.757  -63.975  -175.438  6.83554E-16  SWARM-A  5.442  296.066
2022-03-12T17:18:30Z  450.106  -62.064  -175.135  6.76751E-16  SWARM-A  5.471  297.994
2022-03-12T17:19:00Z  449.423  -60.151  -174.883  6.71400E-16  SWARM-A  5.496  299.922
2022-03-12T17:19:30Z  448.711  -58.237  -174.672  6.67372E-16  SWARM-A  5.519  301.850
2022-03-12T17:20:00Z  447.970  -56.321  -174.495  6.64648E-16  SWARM-A  5.539  303.778
2022-03-12T17:20:30Z  447.205  -54.403  -174.347  6.63038E-16  SWARM-A  5.557  305.706
2022-03-12T17:21:00Z  446.418  -52.484  -174.224  6.62539E-16  SWARM-A  5.573  307.635
2022-03-12T17:21:30Z  445.611  -50.563  -174.121  6.63093E-16  SWARM-A  5.589  309.563
2022-03-12T17:22:00Z  444.789  -48.641  -174.036  6.64577E-16  SWARM-A  5.603  311.492
2022-03-12T17:22:30Z  443.953  -46.718  -173.966  6.66915E-16  SWARM-A  5.616  313.421
2022-03-12T17:23:00Z  443.107  -44.793  -173.910  6.70036E-16  SWARM-A  5.628  315.350
2022-03-12T17:23:30Z  442.253  -42.867  -173.865  6.73853E-16  SWARM-A  5.639  317.279
2022-03-12T17:24:00Z  441.396  -40.940  -173.831  6.78156E-16  SWARM-A  5.650  319.209
2022-03-12T17:24:30Z  440.537  -39.012  -173.805  6.83144E-16  SWARM-A  5.660  321.138
2022-03-12T17:25:00Z  439.679  -37.083  -173.788  6.88490E-16  SWARM-A  5.669  323.068
2022-03-12T17:25:30Z  438.827  -35.152  -173.777  6.94016E-16  SWARM-A  5.678  324.998
2022-03-12T17:26:00Z  437.982  -33.221  -173.773  6.99727E-16  SWARM-A  5.687  326.928
2022-03-12T17:26:30Z  437.148  -31.288  -173.774  7.05656E-16  SWARM-A  5.695  328.858
2022-03-12T17:27:00Z  436.327  -29.354  -173.780  7.11701E-16  SWARM-A  5.703  330.789
2022-03-12T17:27:30Z  435.522  -27.420  -173.791  7.17856E-16  SWARM-A  5.711  332.719
2022-03-12T17:28:00Z  434.736  -25.484  -173.806  7.23978E-16  SWARM-A  5.718  334.650
2022-03-12T17:28:30Z  433.972  -23.547  -173.824  7.30068E-16  SWARM-A  5.725  336.581
2022-03-12T17:29:00Z  433.232  -21.610  -173.845  7.36086E-16  SWARM-A  5.732  338.513
2022-03-12T17:29:30Z  432.517  -19.672  -173.869  7.41945E-16  SWARM-A  5.739  340.444
2022-03-12T17:30:00Z  431.832  -17.732  -173.895  7.47646E-16  SWARM-A  5.745  342.376
2022-03-12T17:30:30Z  431.176  -15.793  -173.923  7.53114E-16  SWARM-A  5.752  344.308
2022-03-12T17:31:00Z  430.554  -13.852  -173.953  7.58360E-16  SWARM-A  5.758  346.240
2022-03-12T17:31:30Z  429.965  -11.911  -173.985  7.63318E-16  SWARM-A  5.764  348.172
2022-03-12T17:32:00Z  429.413  -9.970  -174.018  7.68022E-16  SWARM-A  5.771  350.105
2022-03-12T17:32:30Z  428.897  -8.027  -174.052  7.72400E-16  SWARM-A  5.777  352.037
2022-03-12T17:33:00Z  428.421  -6.085  -174.087  7.76469E-16  SWARM-A  5.783  353.970
2022-03-12T17:33:30Z  427.984  -4.142  -174.122  7.80213E-16  SWARM-A  5.789  355.903
2022-03-12T17:34:00Z  427.587  -2.199  -174.158  7.83631E-16  SWARM-A  5.795  357.836
2022-03-12T17:34:30Z  427.232  -0.255  -174.195  7.86758E-16  SWARM-A  5.800  359.770
2022-03-12T17:35:00Z  426.919  1.689  -174.231  7.89521E-16  SWARM-A  5.806  1.703
2022-03-12T17:35:30Z  426.647  3.633  -174.267  7.91928E-16  SWARM-A  5.812  3.637
2022-03-12T17:36:00Z  426.418  5.577  -174.302  7.94075E-16  SWARM-A  5.818  5.571
2022-03-12T17:36:30Z  426.231  7.521  -174.337  7.95907E-16  SWARM-A  5.824  7.505
2022-03-12T17:37:00Z  426.086  9.464  -174.372  7.97483E-16  SWARM-A  5.830  9.440
2022-03-12T17:37:30Z  425.983  11.408  -174.405  7.98864E-16  SWARM-A  5.836  11.374
2022-03-12T17:38:00Z  425.920  13.352  -174.437  8.00081E-16  SWARM-A  5.843  13.309
2022-03-12T17:38:30Z  425.897  15.295  -174.467  8.01094E-16  SWARM-A  5.849  15.244
2022-03-12T17:39:00Z  425.913  17.238  -174.496  8.01809E-16  SWARM-A  5.855  17.179
2022-03-12T17:39:30Z  425.967  19.181  -174.523  8.02452E-16  SWARM-A  5.862  19.114
2022-03-12T17:40:00Z  426.058  21.123  -174.547  8.03077E-16  SWARM-A  5.869  21.049
2022-03-12T17:40:30Z  426.184  23.065  -174.568  8.03701E-16  SWARM-A  5.876  22.985
2022-03-12T17:41:00Z  426.343  25.007  -174.587  8.04340E-16  SWARM-A  5.883  24.920
2022-03-12T17:41:30Z  426.534  26.947  -174.602  8.05211E-16  SWARM-A  5.890  26.856
2022-03-12T17:42:00Z  426.754  28.887  -174.613  8.06362E-16  SWARM-A  5.898  28.792
2022-03-12T17:42:30Z  427.003  30.827  -174.621  8.07857E-16  SWARM-A  5.905  30.728
2022-03-12T17:43:00Z  427.277  32.766  -174.623  8.09793E-16  SWARM-A  5.914  32.664
2022-03-12T17:43:30Z  427.575  34.704  -174.619  8.12258E-16  SWARM-A  5.922  34.601
2022-03-12T17:44:00Z  427.894  36.641  -174.610  8.15301E-16  SWARM-A  5.931  36.537
2022-03-12T17:44:30Z  428.232  38.577  -174.594  8.19031E-16  SWARM-A  5.941  38.474
2022-03-12T17:45:00Z  428.586  40.513  -174.570  8.23528E-16  SWARM-A  5.950  40.410
2022-03-12T17:45:30Z  428.954  42.447  -174.537  8.28868E-16  SWARM-A  5.961  42.347
2022-03-12T17:46:00Z  429.334  44.381  -174.494  8.35124E-16  SWARM-A  5.972  44.284
2022-03-12T17:46:30Z  429.723  46.314  -174.439  8.42315E-16  SWARM-A  5.984  46.221
2022-03-12T17:47:00Z  430.119  48.245  -174.372  8.50509E-16  SWARM-A  5.997  48.158
2022-03-12T17:47:30Z  430.518  50.176  -174.289  8.58133E-16  SWARM-A  6.011  50.095
2022-03-12T17:48:00Z  430.918  52.105  -174.189  8.66596E-16  SWARM-A  6.026  52.032
2022-03-12T17:48:30Z  431.317  54.034  -174.069  8.75948E-16  SWARM-A  6.042  53.969
2022-03-12T17:49:00Z  431.713  55.961  -173.925  8.86311E-16  SWARM-A  6.060  55.907
2022-03-12T17:49:30Z  432.102  57.886  -173.752  8.97830E-16  SWARM-A  6.080  57.844
2022-03-12T17:50:00Z  432.483  59.811  -173.546  9.10500E-16  SWARM-A  6.102  59.782
2022-03-12T17:50:30Z  432.853  61.733  -173.300  9.24208E-16  SWARM-A  6.127  61.719
2022-03-12T17:51:00Z  433.210  63.654  -173.004  9.38921E-16  SWARM-A  6.155  63.657
2022-03-12T17:51:30Z  433.552  65.573  -172.648  9.54312E-16  SWARM-A  6.187  65.595
2022-03-12T17:52:00Z  433.878  67.490  -172.214  9.69866E-16  SWARM-A  6.224  67.532
2022-03-12T17:52:30Z  434.184  69.404  -171.683  9.86269E-16  SWARM-A  6.268  69.470
2022-03-12T17:53:00Z  434.470  71.314  -171.024  1.00352E-15  SWARM-A  6.320  71.408
2022-03-12T17:53:30Z  434.733  73.220  -170.194  1.02109E-15  SWARM-A  6.384  73.346
2022-03-12T17:54:00Z  434.973  75.120  -169.127  1.03716E-15  SWARM-A  6.463  75.284
2022-03-12T17:54:30Z  435.187  77.011  -167.721  1.05392E-15  SWARM-A  6.565  77.222
2022-03-12T17:55:00Z  435.376  78.891  -165.806  1.07135E-15  SWARM-A  6.701  79.160
2022-03-12T17:55:30Z  435.537  80.751  -163.078  1.08960E-15  SWARM-A  6.892  81.098
2022-03-12T17:56:00Z  435.669  82.577  -158.946  1.11067E-15  SWARM-A  7.175  83.036
2022-03-12T17:56:30Z  435.773  84.336  -152.128  1.13256E-15  SWARM-A  7.638  84.974
2022-03-12T17:57:00Z  435.847  85.942  -139.502  1.15533E-15  SWARM-A  8.488  86.912
2022-03-12T17:57:30Z  435.892  87.124  -113.897  1.17897E-15  SWARM-A  10.204  88.850
2022-03-12T17:58:00Z  435.906  87.264  -73.961  1.20001E-15  SWARM-A  12.874  90.788
2022-03-12T17:58:30Z  435.890  86.243  -44.563  1.22050E-15  SWARM-A  14.843  92.726
2022-03-12T17:59:00Z  435.844  84.694  -29.954  1.24177E-15  SWARM-A  15.825  94.664
2022-03-12T17:59:30Z  435.768  82.956  -22.268  1.26390E-15  SWARM-A  16.346  96.602
2022-03-12T18:00:00Z  435.664  81.141  -17.711  1.28734E-15  SWARM-A  16.658  98.539
2022-03-12T18:00:30Z  435.530  79.286  -14.750  1.30937E-15  SWARM-A  16.863  100.477
2022-03-12T18:01:00Z  435.369  77.410  -12.695  1.33179E-15  SWARM-A  17.009  102.415
2022-03-12T18:01:30Z  435.181  75.521  -11.199  1.35454E-15  SWARM-A  17.117  104.353
2022-03-12T18:02:00Z  434.967  73.622  -10.071  1.37754E-15  SWARM-A  17.200  106.291
2022-03-12T18:02:30Z  434.729  71.718  -9.197  1.40090E-15  SWARM-A  17.267  108.229
2022-03-12T18:03:00Z  434.468  69.808  -8.506  1.42437E-15  SWARM-A  17.321  110.166
2022-03-12T18:03:30Z  434.185  67.895  -7.950  1.44785E-15  SWARM-A  17.367  112.104
2022-03-12T18:04:00Z  433.883  65.980  -7.498  1.47113E-15  SWARM-A  17.405  114.042
2022-03-12T18:04:30Z  433.563  64.061  -7.127  1.49410E-15  SWARM-A  17.438  115.979
2022-03-12T18:05:00Z  433.227  62.141  -6.819  1.51613E-15  SWARM-A  17.467  117.917
2022-03-12T18:05:30Z  432.878  60.219  -6.563  1.53582E-15  SWARM-A  17.493  119.854
2022-03-12T18:06:00Z  432.517  58.295  -6.349  1.55489E-15  SWARM-A  17.515  121.792
2022-03-12T18:06:30Z  432.146  56.370  -6.171  1.57327E-15  SWARM-A  17.535  123.729
2022-03-12T18:07:00Z  431.768  54.443  -6.021  1.59088E-15  SWARM-A  17.554  125.666
2022-03-12T18:07:30Z  431.386  52.515  -5.896  1.60772E-15  SWARM-A  17.570  127.603
2022-03-12T18:08:00Z  431.001  50.586  -5.792  1.62372E-15  SWARM-A  17.586  129.540
2022-03-12T18:08:30Z  430.616  48.656  -5.706  1.63898E-15  SWARM-A  17.600  131.477
2022-03-12T18:09:00Z  430.235  46.725  -5.635  1.65346E-15  SWARM-A  17.613  133.414
2022-03-12T18:09:30Z  429.858  44.793  -5.578  1.66731E-15  SWARM-A  17.625  135.351
2022-03-12T18:10:00Z  429.490  42.860  -5.533  1.68067E-15  SWARM-A  17.636  137.287
2022-03-12T18:10:30Z  429.131  40.925  -5.498  1.69357E-15  SWARM-A  17.647  139.224
2022-03-12T18:11:00Z  428.786  38.990  -5.472  1.70609E-15  SWARM-A  17.657  141.160
2022-03-12T18:11:30Z  428.456  37.054  -5.454  1.71813E-15  SWARM-A  17.667  143.097
2022-03-12T18:12:00Z  428.143  35.118  -5.443  1.72983E-15  SWARM-A  17.676  145.033
2022-03-12T18:12:30Z  427.850  33.180  -5.439  1.74107E-15  SWARM-A  17.684  146.969
2022-03-12T18:13:00Z  427.580  31.242  -5.440  1.75183E-15  SWARM-A  17.693  148.905
2022-03-12T18:13:30Z  427.334  29.303  -5.446  1.76207E-15  SWARM-A  17.700  150.841
2022-03-12T18:14:00Z  427.115  27.363  -5.457  1.77171E-15  SWARM-A  17.708  152.776
2022-03-12T18:14:30Z  426.925  25.423  -5.471  1.78070E-15  SWARM-A  17.715  154.712
2022-03-12T18:15:00Z  426.766  23.482  -5.489  1.78894E-15  SWARM-A  17.723  156.647
2022-03-12T18:15:30Z  426.638  21.540  -5.510  1.79631E-15  SWARM-A  17.730  158.582
2022-03-12T18:16:00Z  426.545  19.598  -5.534  1.80274E-15  SWARM-A  17.736  160.517
2022-03-12T18:16:30Z  426.488  17.656  -5.560  1.80819E-15  SWARM-A  17.743  162.452
2022-03-12T18:17:00Z  426.467  15.713  -5.588  1.81260E-15  SWARM-A  17.749  164.387
2022-03-12T18:17:30Z  426.485  13.770  -5.618  1.81592E-15  SWARM-A  17.756  166.321
2022-03-12T18:18:00Z  426.541  11.827  -5.650  1.81812E-15  SWARM-A  17.762  168.256
2022-03-12T18:18:30Z  426.637  9.884  -5.683  1.81919E-15  SWARM-A  17.768  170.190
2022-03-12T18:19:00Z  426.774  7.940  -5.717  1.81917E-15  SWARM-A  17.774  172.124
2022-03-12T18:19:30Z  426.953  5.997  -5.752  1.81809E-15  SWARM-A  17.780  174.058
2022-03-12T18:20:00Z  427.172  4.053  -5.787  1.81596E-15  SWARM-A  17.786  175.992
2022-03-12T18:20:30Z  427.433  2.109  -5.823  1.81290E-15  SWARM-A  17.792  177.925
2022-03-12T18:21:00Z  427.735  0.166  -5.859  1.80891E-15  SWARM-A  17.798  179.859
2022-03-12T18:21:30Z  428.079  -1.777  -5.896  1.80407E-15  SWARM-A  17.804  181.792
2022-03-12T18:22:00Z  428.463  -3.720  -5.932  1.79845E-15  SWARM-A  17.810  183.725
2022-03-12T18:22:30Z  428.887  -5.663  -5.967  1.79208E-15  SWARM-A  17.816  185.657
2022-03-12T18:23:00Z  429.350  -7.606  -6.002  1.78490E-15  SWARM-A  17.822  187.590
2022-03-12T18:23:30Z  429.852  -9.547  -6.037  1.77679E-15  SWARM-A  17.828  189.522
2022-03-12T18:24:00Z  430.390  -11.489  -6.070  1.76772E-15  SWARM-A  17.834  191.455
2022-03-12T18:24:30Z  430.965  -13.430  -6.102  1.75778E-15  SWARM-A  17.840  193.387
2022-03-12T18:25:00Z  431.573  -15.370  -6.133  1.74688E-15  SWARM-A  17.846  195.318
2022-03-12T18:25:30Z  432.213  -17.310  -6.161  1.73492E-15  SWARM-A  17.853  197.250
2022-03-12T18:26:00Z  432.884  -19.249  -6.188  1.72175E-15  SWARM-A  17.859  199.181
2022-03-12T18:26:30Z  433.583  -21.187  -6.212  1.70734E-15  SWARM-A  17.866  201.113
2022-03-12T18:27:00Z  434.309  -23.124  -6.234  1.68948E-15  SWARM-A  17.873  203.044
2022-03-12T18:27:30Z  435.058  -25.061  -6.253  1.67020E-15  SWARM-A  17.880  204.975
2022-03-12T18:28:00Z  435.829  -26.996  -6.268  1.64951E-15  SWARM-A  17.887  206.905
2022-03-12T18:28:30Z  436.619  -28.931  -6.280  1.62739E-15  SWARM-A  17.895  208.836
2022-03-12T18:29:00Z  437.425  -30.865  -6.287  1.60392E-15  SWARM-A  17.903  210.766
2022-03-12T18:29:30Z  438.245  -32.797  -6.290  1.57933E-15  SWARM-A  17.911  212.696
2022-03-12T18:30:00Z  439.075  -34.729  -6.287  1.55374E-15  SWARM-A  17.919  214.626
2022-03-12T18:30:30Z  439.914  -36.659  -6.278  1.52714E-15  SWARM-A  17.928  216.556
2022-03-12T18:31:00Z  440.757  -38.589  -6.262  1.49983E-15  SWARM-A  17.938  218.485
2022-03-12T18:31:30Z  441.602  -40.517  -6.238  1.47195E-15  SWARM-A  17.948  220.415
2022-03-12T18:32:00Z  442.447  -42.444  -6.206  1.44267E-15  SWARM-A  17.958  222.344
2022-03-12T18:32:30Z  443.287  -44.370  -6.164  1.41319E-15  SWARM-A  17.969  224.273
2022-03-12T18:33:00Z  444.120  -46.295  -6.110  1.38388E-15  SWARM-A  17.981  226.202
2022-03-12T18:33:30Z  444.943  -48.218  -6.044  1.35492E-15  SWARM-A  17.994  228.131
2022-03-12T18:34:00Z  445.753  -50.140  -5.962  1.32396E-15  SWARM-A  18.008  230.059
2022-03-12T18:34:30Z  446.546  -52.061  -5.864  1.29238E-15  SWARM-A  18.023  231.988
2022-03-12T18:35:00Z  447.321  -53.980  -5.745  1.26171E-15  SWARM-A  18.039  233.916
2022-03-12T18:35:30Z  448.074  -55.898  -5.603  1.23211E-15  SWARM-A  18.057  235.844
2022-03-12T18:36:00Z  448.802  -57.815  -5.433  1.20518E-15  SWARM-A  18.076  237.772
2022-03-12T18:36:30Z  449.503  -59.729  -5.230  1.18035E-15  SWARM-A  18.098  239.700
2022-03-12T18:37:00Z  450.174  -61.642  -4.988  1.15646E-15  SWARM-A  18.123  241.628
2022-03-12T18:37:30Z  450.813  -63.554  -4.697  1.13351E-15  SWARM-A  18.150  243.556
2022-03-12T18:38:00Z  451.417  -65.463  -4.346  1.10890E-15  SWARM-A  18.182  245.483
2022-03-12T18:38:30Z  451.984  -67.369  -3.921  1.08412E-15  SWARM-A  18.219  247.411
2022-03-12T18:39:00Z  452.512  -69.273  -3.401  1.06007E-15  SWARM-A  18.262  249.338
2022-03-12T18:39:30Z  452.999  -71.173  -2.756  1.03669E-15  SWARM-A  18.313  251.266
2022-03-12T18:40:00Z  453.442  -73.069  -1.946  1.01296E-15  SWARM-A  18.376  253.193
2022-03-12T18:40:30Z  453.841  -74.959  -0.908  9.89617E-16  SWARM-A  18.453  255.120
2022-03-12T18:41:00Z  454.194  -76.841  0.454  9.66677E-16  SWARM-A  18.552  257.047
2022-03-12T18:41:30Z  454.500  -78.712  2.300  9.44112E-16  SWARM-A  18.684  258.974
2022-03-12T18:42:00Z  454.756  -80.564  4.913  9.21832E-16  SWARM-A  18.866  260.901
2022-03-12T18:42:30Z  454.963  -82.384  8.833  8.99838E-16  SWARM-A  19.136  262.828
2022-03-12T18:43:00Z  455.120  -84.143  15.215  8.78045E-16  SWARM-A  19.570  264.755
2022-03-12T18:43:30Z  455.226  -85.766  26.828  8.56977E-16  SWARM-A  20.352  266.682
2022-03-12T18:44:00Z  455.280  -87.020  50.233  8.38602E-16  SWARM-A  21.921  268.609
2022-03-12T18:44:30Z  455.283  -87.323  89.228  8.21616E-16  SWARM-A  0.529  270.536
2022-03-12T18:45:00Z  455.234  -86.425  120.842  8.04249E-16  SWARM-A  2.645  272.463
2022-03-12T18:45:30Z  455.133  -84.928  136.855  7.86987E-16  SWARM-A  3.721  274.390
2022-03-12T18:46:00Z  454.981  -83.217  145.169  7.70319E-16  SWARM-A  4.283  276.317
2022-03-12T18:46:30Z  454.779  -81.420  150.034  7.54449E-16  SWARM-A  4.616  278.244
2022-03-12T18:47:00Z  454.527  -79.581  153.166  7.39521E-16  SWARM-A  4.833  280.172
2022-03-12T18:47:30Z  454.226  -77.718  155.325  7.25627E-16  SWARM-A  4.985  282.099
2022-03-12T18:48:00Z  453.877  -75.840  156.888  7.12813E-16  SWARM-A  5.098  284.026
2022-03-12T18:48:30Z  453.482  -73.954  158.062  7.01190E-16  SWARM-A  5.184  285.953
2022-03-12T18:49:00Z  453.042  -72.060  158.970  6.90731E-16  SWARM-A  5.253  287.880
2022-03-12T18:49:30Z  452.558  -70.162  159.685  6.81569E-16  SWARM-A  5.309  289.808
2022-03-12T18:50:00Z  452.033  -68.259  160.260  6.73599E-16  SWARM-A  5.356  291.735
2022-03-12T18:50:30Z  451.468  -66.354  160.727  6.66898E-16  SWARM-A  5.395  293.663
2022-03-12T18:51:00Z  450.865  -64.446  161.110  6.61437E-16  SWARM-A  5.429  295.591
2022-03-12T18:51:30Z  450.227  -62.536  161.427  6.57163E-16  SWARM-A  5.459  297.518
2022-03-12T18:52:00Z  449.556  -60.623  161.691  6.54172E-16  SWARM-A  5.485  299.446
2022-03-12T18:52:30Z  448.854  -58.709  161.911  6.52398E-16  SWARM-A  5.508  301.374
2022-03-12T18:53:00Z  448.124  -56.793  162.096  6.51784E-16  SWARM-A  5.528  303.302
2022-03-12T18:53:30Z  447.368  -54.876  162.250  6.52322E-16  SWARM-A  5.547  305.231
2022-03-12T18:54:00Z  446.590  -52.957  162.379  6.53643E-16  SWARM-A  5.564  307.159
2022-03-12T18:54:30Z  445.792  -51.037  162.487  6.55635E-16  SWARM-A  5.579  309.088
2022-03-12T18:55:00Z  444.976  -49.115  162.576  6.58345E-16  SWARM-A  5.594  311.016
2022-03-12T18:55:30Z  444.147  -47.192  162.649  6.61592E-16  SWARM-A  5.607  312.945
2022-03-12T18:56:00Z  443.307  -45.268  162.709  6.65394E-16  SWARM-A  5.619  314.874
2022-03-12T18:56:30Z  442.459  -43.342  162.756  6.69607E-16  SWARM-A  5.631  316.804
2022-03-12T18:57:00Z  441.605  -41.416  162.793  6.74197E-16  SWARM-A  5.642  318.733
2022-03-12T18:57:30Z  440.750  -39.488  162.821  6.79016E-16  SWARM-A  5.652  320.662
2022-03-12T18:58:00Z  439.896  -37.559  162.840  6.84033E-16  SWARM-A  5.661  322.592
2022-03-12T18:58:30Z  439.046  -35.628  162.852  6.88707E-16  SWARM-A  5.670  324.522
2022-03-12T18:59:00Z  438.202  -33.697  162.858  6.93040E-16  SWARM-A  5.679  326.452
2022-03-12T18:59:30Z  437.369  -31.765  162.858  6.97171E-16  SWARM-A  5.688  328.382
2022-03-12T19:00:00Z  436.548  -29.831  162.853  7.01174E-16  SWARM-A  5.696  330.313
2022-03-12T19:00:30Z  435.743  -27.897  162.843  7.05009E-16  SWARM-A  5.703  332.243
2022-03-12T19:01:00Z  434.956  -25.961  162.829  7.08645E-16  SWARM-A  5.711  334.174
2022-03-12T19:01:30Z  434.190  -24.025  162.812  7.12038E-16  SWARM-A  5.718  336.105
2022-03-12T19:02:00Z  433.447  -22.088  162.792  7.15193E-16  SWARM-A  5.725  338.037
2022-03-12T19:02:30Z  432.730  -20.150  162.769  7.18074E-16  SWARM-A  5.732  339.968
2022-03-12T19:03:00Z  432.041  -18.211  162.743  7.20735E-16  SWARM-A  5.738  341.900
2022-03-12T19:03:30Z  431.381  -16.271  162.715  7.23519E-16  SWARM-A  5.745  343.831
2022-03-12T19:04:00Z  430.754  -14.331  162.685  7.26051E-16  SWARM-A  5.751  345.763
2022-03-12T19:04:30Z  430.160  -12.390  162.654  7.28281E-16  SWARM-A  5.757  347.696
2022-03-12T19:05:00Z  429.601  -10.448  162.621  7.30270E-16  SWARM-A  5.763  349.628
2022-03-12T19:05:30Z  429.080  -8.506  162.588  7.31803E-16  SWARM-A  5.770  351.561
2022-03-12T19:06:00Z  428.596  -6.564  162.553  7.33026E-16  SWARM-A  5.776  353.493
2022-03-12T19:06:30Z  428.152  -4.621  162.517  7.34015E-16  SWARM-A  5.782  355.426
2022-03-12T19:07:00Z  427.748  -2.678  162.481  7.34833E-16  SWARM-A  5.787  357.360
2022-03-12T19:07:30Z  427.385  -0.734  162.445  7.35487E-16  SWARM-A  5.793  359.293
2022-03-12T19:08:00Z  427.063  1.209  162.409  7.35974E-16  SWARM-A  5.799  1.226
2022-03-12T19:08:30Z  426.784  3.153  162.373  7.36305E-16  SWARM-A  5.805  3.160
2022-03-12T19:09:00Z  426.546  5.097  162.337  7.36520E-16  SWARM-A  5.811  5.094
2022-03-12T19:09:30Z  426.350  7.041  162.302  7.36676E-16  SWARM-A  5.817  7.028
2022-03-12T19:10:00Z  426.197  8.985  162.268  7.36742E-16  SWARM-A  5.823  8.962
2022-03-12T19:10:30Z  426.084  10.929  162.234  7.36781E-16  SWARM-A  5.829  10.897
2022-03-12T19:11:00Z  426.013  12.872  162.202  7.36777E-16  SWARM-A  5.835  12.831
2022-03-12T19:11:30Z  425.982  14.816  162.171  7.36738E-16  SWARM-A  5.842  14.766
2022-03-12T19:12:00Z  425.990  16.759  162.142  7.36741E-16  SWARM-A  5.848  16.701
2022-03-12T19:12:30Z  426.036  18.701  162.115  7.36836E-16  SWARM-A  5.855  18.636
2022-03-12T19:13:00Z  426.118  20.644  162.090  7.37024E-16  SWARM-A  5.861  20.571
2022-03-12T19:13:30Z  426.236  22.586  162.068  7.37289E-16  SWARM-A  5.868  22.507
2022-03-12T19:14:00Z  426.388  24.527  162.048  7.37799E-16  SWARM-A  5.875  24.442
2022-03-12T19:14:30Z  426.572  26.468  162.032  7.38538E-16  SWARM-A  5.883  26.378
2022-03-12T19:15:00Z  426.786  28.408  162.020  7.39541E-16  SWARM-A  5.890  28.314
2022-03-12T19:15:30Z  427.029  30.348  162.012  7.40868E-16  SWARM-A  5.898  30.250
2022-03-12T19:16:00Z  427.297  32.287  162.008  7.42524E-16  SWARM-A  5.906  32.186
2022-03-12T19:16:30Z  427.590  34.225  162.010  7.44616E-16  SWARM-A  5.914  34.122
2022-03-12T19:17:00Z  427.904  36.162  162.018  7.47230E-16  SWARM-A  5.923  36.058
2022-03-12T19:17:30Z  428.238  38.099  162.032  7.50415E-16  SWARM-A  5.933  37.995
2022-03-12T19:18:00Z  428.588  40.034  162.054  7.54041E-16  SWARM-A  5.942  39.931
2022-03-12T19:18:30Z  428.954  41.969  162.085  7.58125E-16  SWARM-A  5.953  41.868
2022-03-12T19:19:00Z  429.331  43.903  162.125  7.62754E-16  SWARM-A  5.964  43.805
2022-03-12T19:19:30Z  429.718  45.836  162.177  7.67892E-16  SWARM-A  5.976  45.742
2022-03-12T19:20:00Z  430.111  47.768  162.241  7.73480E-16  SWARM-A  5.988  47.679
2022-03-12T19:20:30Z  430.509  49.699  162.319  7.79749E-16  SWARM-A  6.002  49.616
2022-03-12T19:21:00Z  430.909  51.628  162.415  7.86353E-16  SWARM-A  6.016  51.553
2022-03-12T19:21:30Z  431.308  53.557  162.530  7.93445E-16  SWARM-A  6.032  53.490
2022-03-12T19:22:00Z  431.704  55.484  162.668  8.01008E-16  SWARM-A  6.050  55.428
2022-03-12T19:22:30Z  432.094  57.410  162.832  8.09068E-16  SWARM-A  6.069  57.365
2022-03-12T19:23:00Z  432.476  59.335  163.029  8.17512E-16  SWARM-A  6.091  59.302
2022-03-12T19:23:30Z  432.848  61.258  163.265  8.26416E-16  SWARM-A  6.115  61.240
2022-03-12T19:24:00Z  433.208  63.179  163.547  8.35862E-16  SWARM-A  6.142  63.177
2022-03-12T19:24:30Z  433.552  65.098  163.887  8.45801E-16  SWARM-A  6.173  65.115
2022-03-12T19:25:00Z  433.880  67.016  164.300  8.56309E-16  SWARM-A  6.209  67.053
2022-03-12T19:25:30Z  434.190  68.930  164.804  8.67328E-16  SWARM-A  6.251  68.991
2022-03-12T19:26:00Z  434.479  70.841  165.428  8.79083E-16  SWARM-A  6.301  70.928
2022-03-12T19:26:30Z  434.746  72.748  166.211  8.90913E-16  SWARM-A  6.361  72.866
2022-03-12T19:27:00Z  434.990  74.650  167.211  9.03412E-16  SWARM-A  6.436  74.804
2022-03-12T19:27:30Z  435.208  76.544  168.520  9.16640E-16  SWARM-A  6.532  76.742
2022-03-12T19:28:00Z  435.401  78.427  170.287  9.30650E-16  SWARM-A  6.658  78.680
2022-03-12T19:28:30Z  435.567  80.293  172.773  9.45503E-16  SWARM-A  6.832  80.618
2022-03-12T19:29:00Z  435.704  82.129  176.474  9.61229E-16  SWARM-A  7.087  82.556
2022-03-12T19:29:30Z  435.812  83.910  -177.562  9.77953E-16  SWARM-A  7.493  84.493
2022-03-12T19:30:00Z  435.891  85.568  -166.853  9.95726E-16  SWARM-A  8.215  86.431
2022-03-12T19:30:30Z  435.940  86.901  -145.335  1.01468E-15  SWARM-A  9.658  88.369
2022-03-12T19:31:00Z  435.959  87.357  -107.289  1.03432E-15  SWARM-A  12.203  90.307
2022-03-12T19:31:30Z  435.948  86.568  -73.483  1.05412E-15  SWARM-A  14.465  92.245
2022-03-12T19:32:00Z  435.907  85.103  -56.059  1.07485E-15  SWARM-A  15.635  94.183
2022-03-12T19:32:30Z  435.835  83.397  -47.153  1.09668E-15  SWARM-A  16.237  96.121
2022-03-12T19:33:00Z  435.735  81.595  -42.017  1.11952E-15  SWARM-A  16.588  98.059
2022-03-12T19:33:30Z  435.605  79.749  -38.746  1.14321E-15  SWARM-A  16.814  99.997
2022-03-12T19:34:00Z  435.448  77.877  -36.508  1.16763E-15  SWARM-A  16.972  101.935
2022-03-12T19:34:30Z  435.263  75.990  -34.896  1.19260E-15  SWARM-A  17.087  103.873
2022-03-12T19:35:00Z  435.052  74.094  -33.690  1.21783E-15  SWARM-A  17.176  105.810
2022-03-12T19:35:30Z  434.817  72.191  -32.761  1.24343E-15  SWARM-A  17.246  107.748
2022-03-12T19:36:00Z  434.558  70.282  -32.030  1.26932E-15  SWARM-A  17.303  109.686
2022-03-12T19:36:30Z  434.277  68.370  -31.444  1.29532E-15  SWARM-A  17.351  111.624
2022-03-12T19:37:00Z  433.976  66.455  -30.969  1.32135E-15  SWARM-A  17.391  113.561
2022-03-12T19:37:30Z  433.657  64.537  -30.580  1.34719E-15  SWARM-A  17.425  115.499
2022-03-12T19:38:00Z  433.321  62.617  -30.258  1.37417E-15  SWARM-A  17.455  117.436
2022-03-12T19:38:30Z  432.971  60.696  -29.990  1.40342E-15  SWARM-A  17.481  119.374
2022-03-12T19:39:00Z  432.608  58.772  -29.767  1.43143E-15  SWARM-A  17.504  121.311
2022-03-12T19:39:30Z  432.236  56.847  -29.580  1.45877E-15  SWARM-A  17.525  123.248
2022-03-12T19:40:00Z  431.856  54.921  -29.423  1.48561E-15  SWARM-A  17.544  125.186
2022-03-12T19:40:30Z  431.470  52.994  -29.292  1.51194E-15  SWARM-A  17.561  127.123
2022-03-12T19:41:00Z  431.082  51.065  -29.184  1.53477E-15  SWARM-A  17.577  129.060
2022-03-12T19:41:30Z  430.693  49.135  -29.093  1.55565E-15  SWARM-A  17.591  130.997
2022-03-12T19:42:00Z  430.306  47.204  -29.019  1.57584E-15  SWARM-A  17.604  132.934
2022-03-12T19:42:30Z  429.923  45.272  -28.959  1.59534E-15  SWARM-A  17.617  134.871
2022-03-12T19:43:00Z  429.548  43.339  -28.911  1.61634E-15  SWARM-A  17.628  136.807
2022-03-12T19:43:30Z  429.182  41.405  -28.874  1.63819E-15  SWARM-A  17.639  138.744
2022-03-12T19:44:00Z  428.829  39.470  -28.846  1.65943E-15  SWARM-A  17.649  140.680
2022-03-12T19:44:30Z  428.490  37.534  -28.826  1.68002E-15  SWARM-A  17.659  142.617
2022-03-12T19:45:00Z  428.168  35.598  -28.813  1.69821E-15  SWARM-A  17.668  144.553
2022-03-12T19:45:30Z  427.866  33.660  -28.807  1.71271E-15  SWARM-A  17.677  146.489
2022-03-12T19:46:00Z  427.585  31.722  -28.807  1.72637E-15  SWARM-A  17.685  148.425
2022-03-12T19:46:30Z  427.329  29.783  -28.812  1.73916E-15  SWARM-A  17.693  150.361
2022-03-12T19:47:00Z  427.098  27.844  -28.822  1.75104E-15  SWARM-A  17.701  152.296
2022-03-12T19:47:30Z  426.896  25.904  -28.835  1.76060E-15  SWARM-A  17.708  154.232
2022-03-12T19:48:00Z  426.725  23.963  -28.852  1.76914E-15  SWARM-A  17.715  156.167
2022-03-12T19:48:30Z  426.585  22.021  -28.872  1.77671E-15  SWARM-A  17.722  158.103
2022-03-12T19:49:00Z  426.479  20.080  -28.895  1.78324E-15  SWARM-A  17.729  160.038
2022-03-12T19:49:30Z  426.409  18.137  -28.921  1.78888E-15  SWARM-A  17.736  161.973
2022-03-12T19:50:00Z  426.375  16.195  -28.949  1.79366E-15  SWARM-A  17.742  163.908
2022-03-12T19:50:30Z  426.379  14.252  -28.978  1.79742E-15  SWARM-A  17.749  165.842
2022-03-12T19:51:00Z  426.422  12.308  -29.010  1.80025E-15  SWARM-A  17.755  167.777
2022-03-12T19:51:30Z  426.505  10.365  -29.042  1.80213E-15  SWARM-A  17.761  169.711
2022-03-12T19:52:00Z  426.628  8.421  -29.076  1.80312E-15  SWARM-A  17.767  171.645
2022-03-12T19:52:30Z  426.793  6.478  -29.111  1.80315E-15  SWARM-A  17.773  173.579
2022-03-12T19:53:00Z  426.999  4.534  -29.146  1.80115E-15  SWARM-A  17.779  175.513
2022-03-12T19:53:30Z  427.246  2.590  -29.182  1.79859E-15  SWARM-A  17.785  177.447
2022-03-12T19:54:00Z  427.536  0.647  -29.218  1.79503E-15  SWARM-A  17.791  179.380
2022-03-12T19:54:30Z  427.866  -1.297  -29.255  1.79088E-15  SWARM-A  17.797  181.313
2022-03-12T19:55:00Z  428.238  -3.240  -29.291  1.78622E-15  SWARM-A  17.803  183.246
2022-03-12T19:55:30Z  428.650  -5.183  -29.327  1.78110E-15  SWARM-A  17.809  185.179
2022-03-12T19:56:00Z  429.102  -7.125  -29.362  1.77540E-15  SWARM-A  17.815  187.112
2022-03-12T19:56:30Z  429.592  -9.067  -29.396  1.76911E-15  SWARM-A  17.821  189.044
2022-03-12T19:57:00Z  430.120  -11.009  -29.430  1.76214E-15  SWARM-A  17.827  190.977
2022-03-12T19:57:30Z  430.684  -12.950  -29.462  1.75442E-15  SWARM-A  17.833  192.909
2022-03-12T19:58:00Z  431.282  -14.890  -29.493  1.74588E-15  SWARM-A  17.839  194.841
2022-03-12T19:58:30Z  431.914  -16.830  -29.522  1.73644E-15  SWARM-A  17.846  196.773
2022-03-12T19:59:00Z  432.576  -18.769  -29.549  1.72604E-15  SWARM-A  17.852  198.704
2022-03-12T19:59:30Z  433.268  -20.708  -29.574  1.71457E-15  SWARM-A  17.859  200.635
2022-03-12T20:00:00Z  433.987  -22.646  -29.597  1.70192E-15  SWARM-A  17.866  202.567
2022-03-12T20:00:30Z  434.731  -24.582  -29.616  1.68807E-15  SWARM-A  17.873  204.498
2022-03-12T20:01:00Z  435.496  -26.518  -29.633  1.67303E-15  SWARM-A  17.880  206.428
2022-03-12T20:01:30Z  436.282  -28.453  -29.645  1.65675E-15  SWARM-A  17.888  208.359
2022-03-12T20:02:00Z  437.085  -30.387  -29.654  1.63913E-15  SWARM-A  17.895  210.289
2022-03-12T20:02:30Z  437.902  -32.320  -29.657  1.62025E-15  SWARM-A  17.903  212.220
2022-03-12T20:03:00Z  438.731  -34.252  -29.656  1.60024E-15  SWARM-A  17.912  214.150
2022-03-12T20:03:30Z  439.568  -36.183  -29.648  1.57887E-15  SWARM-A  17.921  216.079
2022-03-12T20:04:00Z  440.411  -38.113  -29.634  1.55596E-15  SWARM-A  17.930  218.009
2022-03-12T20:04:30Z  441.258  -40.041  -29.613  1.53243E-15  SWARM-A  17.940  219.939
2022-03-12T20:05:00Z  442.104  -41.969  -29.582  1.50826E-15  SWARM-A  17.950  221.868
2022-03-12T20:05:30Z  442.947  -43.895  -29.543  1.48367E-15  SWARM-A  17.961  223.797
2022-03-12T20:06:00Z  443.784  -45.820  -29.492  1.45879E-15  SWARM-A  17.973  225.726
2022-03-12T20:06:30Z  444.611  -47.744  -29.429  1.43379E-15  SWARM-A  17.985  227.655
2022-03-12T20:07:00Z  445.427  -49.666  -29.351  1.40866E-15  SWARM-A  17.999  229.584
2022-03-12T20:07:30Z  446.227  -51.588  -29.257  1.38351E-15  SWARM-A  18.013  231.512
2022-03-12T20:08:00Z  447.009  -53.507  -29.144  1.35867E-15  SWARM-A  18.029  233.441
2022-03-12T20:08:30Z  447.771  -55.426  -29.008  1.33418E-15  SWARM-A  18.047  235.369
2022-03-12T20:09:00Z  448.508  -57.342  -28.845  1.30996E-15  SWARM-A  18.066  237.297
2022-03-12T20:09:30Z  449.219  -59.258  -28.651  1.28611E-15  SWARM-A  18.087  239.225
2022-03-12T20:10:00Z  449.901  -61.171  -28.419  1.26248E-15  SWARM-A  18.111  241.153
2022-03-12T20:10:30Z  450.551  -63.083  -28.141  1.23874E-15  SWARM-A  18.138  243.081
2022-03-12T20:11:00Z  451.167  -64.993  -27.806  1.21533E-15  SWARM-A  18.168  245.009
2022-03-12T20:11:30Z  451.747  -66.900  -27.401  1.19224E-15  SWARM-A  18.204  246.936
2022-03-12T20:12:00Z  452.288  -68.805  -26.906  1.16940E-15  SWARM-A  18.245  248.864
2022-03-12T20:12:30Z  452.788  -70.706  -26.295  1.14601E-15  SWARM-A  18.294  250.791
2022-03-12T20:13:00Z  453.246  -72.603  -25.530  1.12073E-15  SWARM-A  18.354  252.719
2022-03-12T20:13:30Z  453.661  -74.495  -24.556  1.09560E-15  SWARM-A  18.427  254.646
2022-03-12T20:14:00Z  454.029  -76.379  -23.285  1.07059E-15  SWARM-A  18.520  256.573
2022-03-12T20:14:30Z  454.350  -78.253  -21.577  1.04563E-15  SWARM-A  18.642  258.500
2022-03-12T20:15:00Z  454.623  -80.110  -19.190  1.02171E-15  SWARM-A  18.810  260.427
2022-03-12T20:15:30Z  454.847  -81.940  -15.665  9.98671E-16  SWARM-A  19.053  262.354
2022-03-12T20:16:00Z  455.021  -83.719  -10.055  9.75682E-16  SWARM-A  19.435  264.281
2022-03-12T20:16:30Z  455.144  -85.388  -0.147  9.52834E-16  SWARM-A  20.104  266.208
2022-03-12T20:17:00Z  455.215  -86.771  19.504  9.30408E-16  SWARM-A  21.422  268.135
2022-03-12T20:17:30Z  455.236  -87.371  55.757  9.06497E-16  SWARM-A  23.848  270.062
2022-03-12T20:18:00Z  455.204  -86.725  91.427  8.82339E-16  SWARM-A  2.234  271.989
2022-03-12T20:18:30Z  455.121  -85.324  110.516  8.58293E-16  SWARM-A  3.515  273.916
2022-03-12T20:19:00Z  454.987  -83.649  120.176  8.34897E-16  SWARM-A  4.167  275.844
2022-03-12T20:19:30Z  454.802  -81.867  125.671  8.12106E-16  SWARM-A  4.542  277.771
2022-03-12T20:20:00Z  454.567  -80.035  129.137  7.89929E-16  SWARM-A  4.781  279.698
2022-03-12T20:20:30Z  454.283  -78.177  131.490  7.68968E-16  SWARM-A  4.947  281.625
2022-03-12T20:21:00Z  453.950  -76.303  133.176  7.49312E-16  SWARM-A  5.067  283.552
2022-03-12T20:21:30Z  453.571  -74.418  134.433  7.31071E-16  SWARM-A  5.159  285.479
2022-03-12T20:22:00Z  453.147  -72.526  135.398  7.14424E-16  SWARM-A  5.232  287.407
2022-03-12T20:22:30Z  452.679  -70.629  136.155  6.99246E-16  SWARM-A  5.291  289.334
2022-03-12T20:23:00Z  452.168  -68.727  136.761  6.85561E-16  SWARM-A  5.340  291.261
2022-03-12T20:23:30Z  451.618  -66.823  137.251  6.73308E-16  SWARM-A  5.381  293.189
2022-03-12T20:24:00Z  451.029  -64.915  137.654  6.62510E-16  SWARM-A  5.416  295.117
2022-03-12T20:24:30Z  450.404  -63.005  137.986  6.51888E-16  SWARM-A  5.446  297.044
2022-03-12T20:25:00Z  449.746  -61.094  138.262  6.42696E-16  SWARM-A  5.473  298.972
2022-03-12T20:25:30Z  449.056  -59.180  138.492  6.35000E-16  SWARM-A  5.497  300.900
2022-03-12T20:26:00Z  448.337  -57.264  138.685  6.28736E-16  SWARM-A  5.518  302.828
2022-03-12T20:26:30Z  447.592  -55.347  138.846  6.23894E-16  SWARM-A  5.537  304.757
2022-03-12T20:27:00Z  446.824  -53.429  138.981  6.20488E-16  SWARM-A  5.554  306.685
2022-03-12T20:27:30Z  446.035  -51.509  139.094  6.18415E-16  SWARM-A  5.570  308.613
2022-03-12T20:28:00Z  445.228  -49.588  139.187  6.17648E-16  SWARM-A  5.585  310.542
2022-03-12T20:28:30Z  444.407  -47.665  139.264  6.17966E-16  SWARM-A  5.598  312.471
2022-03-12T20:29:00Z  443.573  -45.741  139.327  6.19248E-16  SWARM-A  5.611  314.400
2022-03-12T20:29:30Z  442.731  -43.816  139.377  6.21423E-16  SWARM-A  5.622  316.329
2022-03-12T20:30:00Z  441.883  -41.890  139.417  6.24442E-16  SWARM-A  5.633  318.258
2022-03-12T20:30:30Z  441.032  -39.962  139.446  6.28171E-16  SWARM-A  5.644  320.188
2022-03-12T20:31:00Z  440.182  -38.033  139.468  6.32564E-16  SWARM-A  5.653  322.117
2022-03-12T20:31:30Z  439.335  -36.103  139.481  6.37596E-16  SWARM-A  5.663  324.047
2022-03-12T20:32:00Z  438.494  -34.172  139.489  6.43132E-16  SWARM-A  5.672  325.977
2022-03-12T20:32:30Z  437.662  -32.240  139.490  6.49102E-16  SWARM-A  5.680  327.907
2022-03-12T20:33:00Z  436.842  -30.307  139.486  6.55332E-16  SWARM-A  5.688  329.838
2022-03-12T20:33:30Z  436.037  -28.373  139.477  6.61796E-16  SWARM-A  5.696  331.768
2022-03-12T20:34:00Z  435.250  -26.438  139.465  6.68371E-16  SWARM-A  5.703  333.699
2022-03-12T20:34:30Z  434.482  -24.502  139.448  6.75102E-16  SWARM-A  5.711  335.630
2022-03-12T20:35:00Z  433.737  -22.565  139.429  6.81942E-16  SWARM-A  5.718  337.561
2022-03-12T20:35:30Z  433.017  -20.627  139.406  6.88813E-16  SWARM-A  5.724  339.492
2022-03-12T20:36:00Z  432.325  -18.688  139.381  6.95656E-16  SWARM-A  5.731  341.424
2022-03-12T20:36:30Z  431.662  -16.749  139.354  7.02429E-16  SWARM-A  5.738  343.355
2022-03-12T20:37:00Z  431.030  -14.809  139.325  7.09099E-16  SWARM-A  5.744  345.287
2022-03-12T20:37:30Z  430.431  -12.868  139.294  7.15598E-16  SWARM-A  5.750  347.219
2022-03-12T20:38:00Z  429.867  -10.927  139.261  7.21926E-16  SWARM-A  5.756  349.152
2022-03-12T20:38:30Z  429.339  -8.985  139.228  7.28004E-16  SWARM-A  5.762  351.084
2022-03-12T20:39:00Z  428.849  -7.043  139.193  7.33779E-16  SWARM-A  5.769  353.017
2022-03-12T20:39:30Z  428.398  -5.100  139.158  7.39272E-16  SWARM-A  5.775  354.950
2022-03-12T20:40:00Z  427.986  -3.157  139.122  7.44416E-16  SWARM-A  5.780  356.883
2022-03-12T20:40:30Z  427.615  -1.214  139.086  7.49162E-16  SWARM-A  5.786  358.816
2022-03-12T20:41:00Z  427.285  0.730  139.050  7.53456E-16  SWARM-A  5.792  0.749
2022-03-12T20:41:30Z  426.997  2.673  139.014  7.57308E-16  SWARM-A  5.798  2.683
2022-03-12T20:42:00Z  426.750  4.617  138.978  7.60649E-16  SWARM-A  5.804  4.617
2022-03-12T20:42:30Z  426.546  6.561  138.943  7.63496E-16  SWARM-A  5.810  6.551
2022-03-12T20:43:00Z  426.382  8.505  138.908  7.65788E-16  SWARM-A  5.816  8.485
2022-03-12T20:43:30Z  426.261  10.449  138.874  7.67574E-16  SWARM-A  5.822  10.419
2022-03-12T20:44:00Z  426.180  12.392  138.842  7.68837E-16  SWARM-A  5.828  12.354
2022-03-12T20:44:30Z  426.139  14.335  138.811  7.69567E-16  SWARM-A  5.835  14.288
2022-03-12T20:45:00Z  426.137  16.279  138.781  7.69784E-16  SWARM-A  5.841  16.223
2022-03-12T20:45:30Z  426.173  18.221  138.753  7.69545E-16  SWARM-A  5.848  18.158
2022-03-12T20:46:00Z  426.246  20.164  138.728  7.68856E-16  SWARM-A  5.854  20.093
2022-03-12T20:46:30Z  426.355  22.106  138.705  7.67768E-16  SWARM-A  5.861  22.028
2022-03-12T20:47:00Z  426.498  24.047  138.685  7.66340E-16  SWARM-A  5.868  23.964
2022-03-12T20:47:30Z  426.672  25.988  138.668  7.64432E-16  SWARM-A  5.875  25.899
2022-03-12T20:48:00Z  426.877  27.928  138.655  7.62338E-16  SWARM-A  5.883  27.835
2022-03-12T20:48:30Z  427.111  29.868  138.646  7.60092E-16  SWARM-A  5.890  29.771
2022-03-12T20:49:00Z  427.371  31.807  138.641  7.57865E-16  SWARM-A  5.898  31.707
2022-03-12T20:49:30Z  427.655  33.745  138.642  7.55791E-16  SWARM-A  5.907  33.643
2022-03-12T20:50:00Z  427.961  35.683  138.648  7.53915E-16  SWARM-A  5.916  35.579
2022-03-12T20:50:30Z  428.287  37.620  138.661  7.52379E-16  SWARM-A  5.925  37.516
2022-03-12T20:51:00Z  428.630  39.555  138.681  7.51409E-16  SWARM-A  5.934  39.452
2022-03-12T20:51:30Z  428.988  41.490  138.709  7.51019E-16  SWARM-A  5.945  41.389
2022-03-12T20:52:00Z  429.358  43.424  138.747  7.51235E-16  SWARM-A  5.955  43.325
2022-03-12T20:52:30Z  429.738  45.357  138.796  7.52192E-16  SWARM-A  5.967  45.262
2022-03-12T20:53:00Z  430.125  47.290  138.857  7.53950E-16  SWARM-A  5.979  47.199
2022-03-12T20:53:30Z  430.517  49.221  138.932  7.56598E-16  SWARM-A  5.993  49.136
2022-03-12T20:54:00Z  430.912  51.150  139.023  7.60267E-16  SWARM-A  6.007  51.073
2022-03-12T20:54:30Z  431.306  53.079  139.133  7.64963E-16  SWARM-A  6.023  53.010
2022-03-12T20:55:00Z  431.697  55.007  139.265  7.70714E-16  SWARM-A  6.040  54.948
2022-03-12T20:55:30Z  432.083  56.933  139.422  7.77615E-16  SWARM-A  6.059  56.885
2022-03-12T20:56:00Z  432.462  58.858  139.611  7.85071E-16  SWARM-A  6.080  58.822
2022-03-12T20:56:30Z  432.831  60.781  139.836  7.92450E-16  SWARM-A  6.103  60.760
2022-03-12T20:57:00Z  433.187  62.703  140.107  8.00884E-16  SWARM-A  6.129  62.697
2022-03-12T20:57:30Z  433.530  64.623  140.431  8.10517E-16  SWARM-A  6.159  64.635
2022-03-12T20:58:00Z  433.856  66.541  140.825  8.21391E-16  SWARM-A  6.194  66.573
2022-03-12T20:58:30Z  434.165  68.456  141.304  8.33714E-16  SWARM-A  6.234  68.510
2022-03-12T20:59:00Z  434.453  70.368  141.896  8.47421E-16  SWARM-A  6.282  70.448
2022-03-12T20:59:30Z  434.720  72.276  142.635  8.62464E-16  SWARM-A  6.340  72.386
2022-03-12T21:00:00Z  434.963  74.179  143.575  8.75586E-16  SWARM-A  6.411  74.324
2022-03-12T21:00:30Z  435.182  76.075  144.797  8.92867E-16  SWARM-A  6.500  76.261
2022-03-12T21:01:00Z  435.376  77.961  146.432  9.10659E-16  SWARM-A  6.618  78.199
2022-03-12T21:01:30Z  435.542  79.832  148.708  9.29778E-16  SWARM-A  6.778  80.137
2022-03-12T21:02:00Z  435.680  81.677  152.042  9.50308E-16  SWARM-A  7.008  82.075
2022-03-12T21:02:30Z  435.790  83.476  157.296  9.72218E-16  SWARM-A  7.367  84.013
2022-03-12T21:03:00Z  435.870  85.175  166.453  9.93667E-16  SWARM-A  7.986  85.951
2022-03-12T21:03:30Z  435.921  86.622  -175.548  1.01622E-15  SWARM-A  9.194  87.889
2022-03-12T21:04:00Z  435.941  87.363  -141.007  1.03984E-15  SWARM-A  11.505  89.827
2022-03-12T21:04:30Z  435.932  86.853  -103.513  1.06373E-15  SWARM-A  14.013  91.765
2022-03-12T21:05:00Z  435.892  85.497  -82.680  1.08945E-15  SWARM-A  15.410  93.703
2022-03-12T21:05:30Z  435.822  83.831  -72.275  1.11769E-15  SWARM-A  16.112  95.641
2022-03-12T21:06:00Z  435.723  82.047  -66.448  1.14705E-15  SWARM-A  16.509  97.579
2022-03-12T21:06:30Z  435.595  80.209  -62.815  1.17727E-15  SWARM-A  16.760  99.517
2022-03-12T21:07:00Z  435.439  78.342  -60.368  1.20810E-15  SWARM-A  16.931  101.455
2022-03-12T21:07:30Z  435.255  76.459  -58.626  1.23679E-15  SWARM-A  17.056  103.392
2022-03-12T21:08:00Z  435.046  74.564  -57.333  1.26515E-15  SWARM-A  17.150  105.330
2022-03-12T21:08:30Z  434.811  72.663  -56.343  1.29331E-15  SWARM-A  17.225  107.268
2022-03-12T21:09:00Z  434.553  70.755  -55.568  1.32107E-15  SWARM-A  17.285  109.206
2022-03-12T21:09:30Z  434.273  68.844  -54.950  1.34826E-15  SWARM-A  17.334  111.144
2022-03-12T21:10:00Z  433.972  66.929  -54.450  1.37362E-15  SWARM-A  17.376  113.081
2022-03-12T21:10:30Z  433.653  65.012  -54.041  1.39830E-15  SWARM-A  17.411  115.019
2022-03-12T21:11:00Z  433.317  63.093  -53.703  1.42236E-15  SWARM-A  17.442  116.956
2022-03-12T21:11:30Z  432.967  61.172  -53.423  1.44573E-15  SWARM-A  17.469  118.894
2022-03-12T21:12:00Z  432.603  59.249  -53.189  1.46840E-15  SWARM-A  17.493  120.831
2022-03-12T21:12:30Z  432.230  57.324  -52.994  1.49051E-15  SWARM-A  17.515  122.769
2022-03-12T21:13:00Z  431.848  55.398  -52.830  1.51174E-15  SWARM-A  17.534  124.706
2022-03-12T21:13:30Z  431.461  53.471  -52.693  1.53187E-15  SWARM-A  17.551  126.643
2022-03-12T21:14:00Z  431.070  51.542  -52.579  1.55101E-15  SWARM-A  17.567  128.580
2022-03-12T21:14:30Z  430.679  49.613  -52.484  1.56909E-15  SWARM-A  17.582  130.517
2022-03-12T21:15:00Z  430.289  47.682  -52.406  1.58647E-15  SWARM-A  17.595  132.454
2022-03-12T21:15:30Z  429.904  45.750  -52.342  1.60233E-15  SWARM-A  17.608  134.391
2022-03-12T21:16:00Z  429.525  43.817  -52.291  1.61679E-15  SWARM-A  17.620  136.328
2022-03-12T21:16:30Z  429.156  41.884  -52.251  1.63074E-15  SWARM-A  17.631  138.265
2022-03-12T21:17:00Z  428.798  39.949  -52.221  1.64424E-15  SWARM-A  17.641  140.201
2022-03-12T21:17:30Z  428.455  38.013  -52.199  1.65724E-15  SWARM-A  17.651  142.138
2022-03-12T21:18:00Z  428.129  36.077  -52.185  1.66977E-15  SWARM-A  17.660  144.074
2022-03-12T21:18:30Z  427.822  34.140  -52.177  1.68180E-15  SWARM-A  17.669  146.010
2022-03-12T21:19:00Z  427.536  32.201  -52.176  1.69333E-15  SWARM-A  17.677  147.946
2022-03-12T21:19:30Z  427.274  30.263  -52.179  1.70431E-15  SWARM-A  17.685  149.882
2022-03-12T21:20:00Z  427.039  28.323  -52.188  1.71459E-15  SWARM-A  17.693  151.818
2022-03-12T21:20:30Z  426.831  26.383  -52.200  1.72430E-15  SWARM-A  17.701  153.754
2022-03-12T21:21:00Z  426.654  24.442  -52.216  1.73338E-15  SWARM-A  17.708  155.689
2022-03-12T21:21:30Z  426.508  22.501  -52.236  1.74186E-15  SWARM-A  17.715  157.624
2022-03-12T21:22:00Z  426.396  20.559  -52.258  1.74974E-15  SWARM-A  17.722  159.560
2022-03-12T21:22:30Z  426.319  18.617  -52.283  1.75701E-15  SWARM-A  17.729  161.495
2022-03-12T21:23:00Z  426.279  16.675  -52.310  1.76364E-15  SWARM-A  17.735  163.430
2022-03-12T21:23:30Z  426.277  14.732  -52.339  1.76963E-15  SWARM-A  17.741  165.364
2022-03-12T21:24:00Z  426.314  12.788  -52.370  1.77496E-15  SWARM-A  17.748  167.299
2022-03-12T21:24:30Z  426.391  10.845  -52.402  1.77963E-15  SWARM-A  17.754  169.233
2022-03-12T21:25:00Z  426.509  8.901  -52.436  1.78363E-15  SWARM-A  17.760  171.168
2022-03-12T21:25:30Z  426.668  6.958  -52.470  1.78690E-15  SWARM-A  17.766  173.102
2022-03-12T21:26:00Z  426.868  5.014  -52.505  1.78945E-15  SWARM-A  17.772  175.036
2022-03-12T21:26:30Z  427.111  3.070  -52.541  1.79126E-15  SWARM-A  17.778  176.969
2022-03-12T21:27:00Z  427.395  1.127  -52.577  1.79237E-15  SWARM-A  17.784  178.903
2022-03-12T21:27:30Z  427.721  -0.817  -52.613  1.79263E-15  SWARM-A  17.790  180.836
2022-03-12T21:28:00Z  428.088  -2.760  -52.649  1.79203E-15  SWARM-A  17.796  182.769
2022-03-12T21:28:30Z  428.496  -4.703  -52.685  1.79054E-15  SWARM-A  17.802  184.702
2022-03-12T21:29:00Z  428.944  -6.646  -52.721  1.78806E-15  SWARM-A  17.808  186.635
2022-03-12T21:29:30Z  429.431  -8.588  -52.755  1.78451E-15  SWARM-A  17.814  188.568
2022-03-12T21:30:00Z  429.956  -10.530  -52.789  1.77982E-15  SWARM-A  17.820  190.500
2022-03-12T21:30:30Z  430.517  -12.471  -52.822  1.77380E-15  SWARM-A  17.826  192.432
2022-03-12T21:31:00Z  431.113  -14.412  -52.853  1.76619E-15  SWARM-A  17.832  194.364
2022-03-12T21:31:30Z  431.743  -16.352  -52.882  1.75728E-15  SWARM-A  17.839  196.296
2022-03-12T21:32:00Z  432.405  -18.291  -52.910  1.74666E-15  SWARM-A  17.845  198.227
2022-03-12T21:32:30Z  433.096  -20.230  -52.936  1.73449E-15  SWARM-A  17.852  200.159
2022-03-12T21:33:00Z  433.815  -22.167  -52.959  1.72082E-15  SWARM-A  17.859  202.090
2022-03-12T21:33:30Z  434.558  -24.104  -52.979  1.70565E-15  SWARM-A  17.866  204.021
2022-03-12T21:34:00Z  435.325  -26.041  -52.996  1.68900E-15  SWARM-A  17.873  205.952
2022-03-12T21:34:30Z  436.112  -27.976  -53.009  1.67094E-15  SWARM-A  17.880  207.883
2022-03-12T21:35:00Z  436.917  -29.910  -53.019  1.65149E-15  SWARM-A  17.888  209.813
2022-03-12T21:35:30Z  437.737  -31.843  -53.023  1.63025E-15  SWARM-A  17.896  211.743
2022-03-12T21:36:00Z  438.570  -33.775  -53.023  1.60732E-15  SWARM-A  17.904  213.673
2022-03-12T21:36:30Z  439.411  -35.706  -53.017  1.58333E-15  SWARM-A  17.913  215.603
2022-03-12T21:37:00Z  440.260  -37.636  -53.005  1.55842E-15  SWARM-A  17.922  217.533
2022-03-12T21:37:30Z  441.111  -39.565  -52.985  1.53274E-15  SWARM-A  17.932  219.462
2022-03-12T21:38:00Z  441.964  -41.493  -52.957  1.50629E-15  SWARM-A  17.942  221.392
2022-03-12T21:38:30Z  442.814  -43.420  -52.920  1.47903E-15  SWARM-A  17.953  223.321
2022-03-12T21:39:00Z  443.658  -45.345  -52.872  1.45138E-15  SWARM-A  17.964  225.250
2022-03-12T21:39:30Z  444.494  -47.269  -52.812  1.42358E-15  SWARM-A  17.977  227.179
2022-03-12T21:40:00Z  445.319  -49.192  -52.738  1.39568E-15  SWARM-A  17.990  229.108
2022-03-12T21:40:30Z  446.129  -51.113  -52.648  1.36700E-15  SWARM-A  18.004  231.036
2022-03-12T21:41:00Z  446.921  -53.033  -52.539  1.33828E-15  SWARM-A  18.020  232.964
2022-03-12T21:41:30Z  447.694  -54.952  -52.409  1.30983E-15  SWARM-A  18.037  234.893
2022-03-12T21:42:00Z  448.443  -56.869  -52.254  1.28166E-15  SWARM-A  18.056  236.821
2022-03-12T21:42:30Z  449.165  -58.785  -52.068  1.25067E-15  SWARM-A  18.076  238.749
2022-03-12T21:43:00Z  449.860  -60.698  -51.845  1.21941E-15  SWARM-A  18.099  240.677
2022-03-12T21:43:30Z  450.523  -62.611  -51.579  1.18847E-15  SWARM-A  18.126  242.604
2022-03-12T21:44:00Z  451.152  -64.521  -51.260  1.15826E-15  SWARM-A  18.155  244.532
2022-03-12T21:44:30Z  451.746  -66.428  -50.873  1.13103E-15  SWARM-A  18.189  246.460
2022-03-12T21:45:00Z  452.301  -68.334  -50.402  1.10463E-15  SWARM-A  18.229  248.387
2022-03-12T21:45:30Z  452.816  -70.236  -49.823  1.07879E-15  SWARM-A  18.276  250.315
2022-03-12T21:46:00Z  453.289  -72.134  -49.100  1.05330E-15  SWARM-A  18.332  252.242
2022-03-12T21:46:30Z  453.718  -74.027  -48.184  1.02534E-15  SWARM-A  18.402  254.169
2022-03-12T21:47:00Z  454.101  -75.913  -46.997  9.98060E-16  SWARM-A  18.489  256.096
2022-03-12T21:47:30Z  454.438  -77.790  -45.414  9.71385E-16  SWARM-A  18.603  258.023
2022-03-12T21:48:00Z  454.726  -79.652  -43.225  9.45183E-16  SWARM-A  18.758  259.950
2022-03-12T21:48:30Z  454.965  -81.490  -40.043  9.18951E-16  SWARM-A  18.978  261.877
2022-03-12T21:49:00Z  455.155  -83.285  -35.083  8.93555E-16  SWARM-A  19.317  263.804
2022-03-12T21:49:30Z  455.293  -84.990  -26.573  8.69157E-16  SWARM-A  19.893  265.731
2022-03-12T21:50:00Z  455.380  -86.473  -10.115  8.46010E-16  SWARM-A  20.998  267.658
2022-03-12T21:50:30Z  455.416  -87.334  22.164  8.24366E-16  SWARM-A  23.158  269.585
2022-03-12T21:51:00Z  455.399  -86.983  60.818  8.03291E-16  SWARM-A  1.744  271.512
2022-03-12T21:51:30Z  455.331  -85.707  83.596  7.82447E-16  SWARM-A  3.271  273.439
2022-03-12T21:52:00Z  455.211  -84.077  94.921  7.61584E-16  SWARM-A  4.034  275.366
2022-03-12T21:52:30Z  455.041  -82.314  101.176  7.40375E-16  SWARM-A  4.459  277.293
2022-03-12T21:53:00Z  454.819  -80.493  105.031  7.20223E-16  SWARM-A  4.725  279.220
2022-03-12T21:53:30Z  454.549  -78.640  107.608  7.01180E-16  SWARM-A  4.905  281.147
2022-03-12T21:54:00Z  454.229  -76.769  109.433  6.83671E-16  SWARM-A  5.035  283.074
2022-03-12T21:54:30Z  453.862  -74.887  110.781  6.69719E-16  SWARM-A  5.133  285.001
2022-03-12T21:55:00Z  453.449  -72.996  111.809  6.57748E-16  SWARM-A  5.210  286.928
2022-03-12T21:55:30Z  452.992  -71.100  112.612  6.46949E-16  SWARM-A  5.272  288.855
2022-03-12T21:56:00Z  452.491  -69.200  113.252  6.37307E-16  SWARM-A  5.323  290.783
2022-03-12T21:56:30Z  451.950  -67.296  113.768  6.28799E-16  SWARM-A  5.365  292.710
2022-03-12T21:57:00Z  451.370  -65.389  114.191  6.21365E-16  SWARM-A  5.402  294.638
2022-03-12T21:57:30Z  450.753  -63.480  114.539  6.14963E-16  SWARM-A  5.433  296.565
2022-03-12T21:58:00Z  450.101  -61.569  114.828  6.09533E-16  SWARM-A  5.461  298.493
2022-03-12T21:58:30Z  449.417  -59.656  115.069  6.05143E-16  SWARM-A  5.485  300.421
2022-03-12T21:59:00Z  448.704  -57.741  115.271  6.01736E-16  SWARM-A  5.507  302.349
2022-03-12T21:59:30Z  447.963  -55.824  115.439  5.99385E-16  SWARM-A  5.527  304.277
2022-03-12T22:00:00Z  447.198  -53.906  115.581  5.98116E-16  SWARM-A  5.545  306.205
2022-03-12T22:00:30Z  446.412  -51.987  115.699  5.98067E-16  SWARM-A  5.561  308.133
2022-03-12T22:01:00Z  445.607  -50.066  115.797  5.99313E-16  SWARM-A  5.576  310.062
2022-03-12T22:01:30Z  444.786  -48.144  115.878  6.01230E-16  SWARM-A  5.589  311.991
2022-03-12T22:02:00Z  443.952  -46.220  115.944  6.04162E-16  SWARM-A  5.602  313.919
2022-03-12T22:02:30Z  443.109  -44.296  115.997  6.08047E-16  SWARM-A  5.614  315.848
2022-03-12T22:03:00Z  442.259  -42.370  116.039  6.12651E-16  SWARM-A  5.625  317.778
2022-03-12T22:03:30Z  441.405  -40.442  116.071  6.17871E-16  SWARM-A  5.636  319.707
2022-03-12T22:04:00Z  440.551  -38.514  116.094  6.23740E-16  SWARM-A  5.646  321.636
2022-03-12T22:04:30Z  439.699  -36.585  116.110  6.30277E-16  SWARM-A  5.655  323.566
2022-03-12T22:05:00Z  438.853  -34.654  116.119  6.37532E-16  SWARM-A  5.664  325.496
2022-03-12T22:05:30Z  438.015  -32.722  116.122  6.45456E-16  SWARM-A  5.672  327.426
2022-03-12T22:06:00Z  437.188  -30.789  116.119  6.54146E-16  SWARM-A  5.681  329.356
2022-03-12T22:06:30Z  436.375  -28.856  116.112  6.63358E-16  SWARM-A  5.688  331.287
2022-03-12T22:07:00Z  435.579  -26.921  116.100  6.72985E-16  SWARM-A  5.696  333.217
2022-03-12T22:07:30Z  434.802  -24.985  116.084  6.83073E-16  SWARM-A  5.703  335.148
2022-03-12T22:08:00Z  434.047  -23.048  116.066  6.93513E-16  SWARM-A  5.710  337.079
2022-03-12T22:08:30Z  433.317  -21.111  116.044  7.04313E-16  SWARM-A  5.717  339.010
2022-03-12T22:09:00Z  432.613  -19.172  116.019  7.15384E-16  SWARM-A  5.724  340.942
2022-03-12T22:09:30Z  431.938  -17.233  115.993  7.26683E-16  SWARM-A  5.730  342.873
2022-03-12T22:10:00Z  431.294  -15.294  115.964  7.37722E-16  SWARM-A  5.737  344.805
2022-03-12T22:10:30Z  430.683  -13.353  115.933  7.48862E-16  SWARM-A  5.743  346.737
2022-03-12T22:11:00Z  430.106  -11.412  115.901  7.60166E-16  SWARM-A  5.749  348.669
2022-03-12T22:11:30Z  429.565  -9.470  115.868  7.71422E-16  SWARM-A  5.755  350.601
2022-03-12T22:12:00Z  429.061  -7.528  115.834  7.82633E-16  SWARM-A  5.762  352.534
2022-03-12T22:12:30Z  428.596  -5.586  115.799  7.93806E-16  SWARM-A  5.768  354.467
2022-03-12T22:13:00Z  428.170  -3.643  115.763  8.04785E-16  SWARM-A  5.773  356.400
2022-03-12T22:13:30Z  427.784  -1.700  115.727  8.14979E-16  SWARM-A  5.779  358.333
2022-03-12T22:14:00Z  427.439  0.244  115.691  8.24287E-16  SWARM-A  5.785  0.266
2022-03-12T22:14:30Z  427.136  2.187  115.655  8.33236E-16  SWARM-A  5.791  2.199
2022-03-12T22:15:00Z  426.874  4.131  115.619  8.41742E-16  SWARM-A  5.797  4.133
2022-03-12T22:15:30Z  426.654  6.075  115.584  8.49742E-16  SWARM-A  5.803  6.067
2022-03-12T22:16:00Z  426.475  8.019  115.549  8.57238E-16  SWARM-A  5.809  8.001
2022-03-12T22:16:30Z  426.338  9.962  115.515  8.64161E-16  SWARM-A  5.815  9.935
2022-03-12T22:17:00Z  426.242  11.906  115.482  8.70434E-16  SWARM-A  5.821  11.870
2022-03-12T22:17:30Z  426.186  13.849  115.451  8.76021E-16  SWARM-A  5.828  13.804
2022-03-12T22:18:00Z  426.169  15.793  115.421  8.80916E-16  SWARM-A  5.834  15.739
2022-03-12T22:18:30Z  426.190  17.735  115.393  8.85453E-16  SWARM-A  5.840  17.674
2022-03-12T22:19:00Z  426.249  19.678  115.367  8.89287E-16  SWARM-A  5.847  19.609
2022-03-12T22:19:30Z  426.344  21.620  115.343  8.92422E-16  SWARM-A  5.854  21.544
2022-03-12T22:20:00Z  426.473  23.561  115.322  8.94890E-16  SWARM-A  5.861  23.480
2022-03-12T22:20:30Z  426.635  25.502  115.305  8.96729E-16  SWARM-A  5.868  25.415
2022-03-12T22:21:00Z  426.828  27.443  115.290  8.97997E-16  SWARM-A  5.875  27.351
2022-03-12T22:21:30Z  427.050  29.383  115.280  8.98797E-16  SWARM-A  5.883  29.287
2022-03-12T22:22:00Z  427.299  31.322  115.275  8.99179E-16  SWARM-A  5.891  31.223
2022-03-12T22:22:30Z  427.573  33.260  115.274  8.99233E-16  SWARM-A  5.899  33.159
2022-03-12T22:23:00Z  427.870  35.198  115.279  8.99100E-16  SWARM-A  5.908  35.095
2022-03-12T22:23:30Z  428.187  37.135  115.290  8.98803E-16  SWARM-A  5.917  37.031
2022-03-12T22:24:00Z  428.522  39.071  115.308  8.98424E-16  SWARM-A  5.927  38.968
2022-03-12T22:24:30Z  428.873  41.006  115.335  8.98062E-16  SWARM-A  5.937  40.904
2022-03-12T22:25:00Z  429.237  42.940  115.370  8.97767E-16  SWARM-A  5.947  42.841
2022-03-12T22:25:30Z  429.612  44.874  115.416  8.97624E-16  SWARM-A  5.959  44.778
2022-03-12T22:26:00Z  429.995  46.806  115.474  8.97664E-16  SWARM-A  5.971  46.715
2022-03-12T22:26:30Z  430.383  48.737  115.545  8.97975E-16  SWARM-A  5.984  48.652
2022-03-12T22:27:00Z  430.775  50.668  115.632  8.98583E-16  SWARM-A  5.998  50.589
2022-03-12T22:27:30Z  431.167  52.597  115.737  8.99561E-16  SWARM-A  6.013  52.526
2022-03-12T22:28:00Z  431.557  54.525  115.864  9.00926E-16  SWARM-A  6.030  54.463
2022-03-12T22:28:30Z  431.943  56.451  116.015  9.02738E-16  SWARM-A  6.049  56.400
2022-03-12T22:29:00Z  432.322  58.376  116.196  9.04945E-16  SWARM-A  6.069  58.338
2022-03-12T22:29:30Z  432.692  60.300  116.411  9.07575E-16  SWARM-A  6.092  60.275
2022-03-12T22:30:00Z  433.050  62.222  116.670  9.10750E-16  SWARM-A  6.117  62.213
2022-03-12T22:30:30Z  433.396  64.143  116.980  9.14479E-16  SWARM-A  6.146  64.150
2022-03-12T22:31:00Z  433.725  66.061  117.356  9.18786E-16  SWARM-A  6.180  66.088
2022-03-12T22:31:30Z  434.038  67.977  117.812  9.23744E-16  SWARM-A  6.218  68.026
2022-03-12T22:32:00Z  434.331  69.890  118.373  9.29437E-16  SWARM-A  6.264  69.963
2022-03-12T22:32:30Z  434.603  71.799  119.072  9.35913E-16  SWARM-A  6.319  71.901
2022-03-12T22:33:00Z  434.852  73.703  119.956  9.43222E-16  SWARM-A  6.386  73.839
2022-03-12T22:33:30Z  435.077  75.601  121.099  9.51425E-16  SWARM-A  6.471  75.777
2022-03-12T22:34:00Z  435.277  77.490  122.616  9.60542E-16  SWARM-A  6.580  77.715
2022-03-12T22:34:30Z  435.450  79.366  124.704  9.70655E-16  SWARM-A  6.728  79.653
2022-03-12T22:35:00Z  435.595  81.219  127.719  9.81741E-16  SWARM-A  6.937  81.591
2022-03-12T22:35:30Z  435.713  83.032  132.374  9.93934E-16  SWARM-A  7.256  83.529
2022-03-12T22:36:00Z  435.801  84.764  140.260  1.00729E-15  SWARM-A  7.790  85.467
2022-03-12T22:36:30Z  435.859  86.300  155.322  1.02190E-15  SWARM-A  8.802  87.405
2022-03-12T22:37:00Z  435.888  87.283  -174.516  1.03766E-15  SWARM-A  10.822  89.343
2022-03-12T22:37:30Z  435.886  87.087  -134.812  1.05377E-15  SWARM-A  13.477  91.281
2022-03-12T22:38:00Z  435.855  85.877  -109.957  1.07047E-15  SWARM-A  15.142  93.219
2022-03-12T22:38:30Z  435.794  84.262  -97.688  1.08855E-15  SWARM-A  15.969  95.157
2022-03-12T22:39:00Z  435.703  82.498  -91.024  1.10811E-15  SWARM-A  16.421  97.095
2022-03-12T22:39:30Z  435.583  80.671  -86.967  1.12869E-15  SWARM-A  16.700  99.033
2022-03-12T22:40:00Z  435.435  78.810  -84.280  1.15010E-15  SWARM-A  16.887  100.971
2022-03-12T22:40:30Z  435.259  76.930  -82.390  1.17223E-15  SWARM-A  17.022  102.908
2022-03-12T22:41:00Z  435.058  75.038  -81.000  1.19479E-15  SWARM-A  17.123  104.846
2022-03-12T22:41:30Z  434.831  73.138  -79.944  1.21776E-15  SWARM-A  17.201  106.784
2022-03-12T22:42:00Z  434.580  71.232  -79.121  1.24082E-15  SWARM-A  17.265  108.722
2022-03-12T22:42:30Z  434.308  69.321  -78.467  1.26391E-15  SWARM-A  17.317  110.660
2022-03-12T22:43:00Z  434.014  67.408  -77.940  1.28692E-15  SWARM-A  17.360  112.597
2022-03-12T22:43:30Z  433.702  65.491  -77.510  1.30969E-15  SWARM-A  17.397  114.535
2022-03-12T22:44:00Z  433.373  63.572  -77.155  1.33229E-15  SWARM-A  17.429  116.473
2022-03-12T22:44:30Z  433.029  61.651  -76.861  1.35462E-15  SWARM-A  17.457  118.410
2022-03-12T22:45:00Z  432.672  59.729  -76.616  1.37692E-15  SWARM-A  17.482  120.348
2022-03-12T22:45:30Z  432.305  57.804  -76.412  1.39916E-15  SWARM-A  17.504  122.285
2022-03-12T22:46:00Z  431.929  55.879  -76.240  1.42151E-15  SWARM-A  17.523  124.222
2022-03-12T22:46:30Z  431.547  53.952  -76.097  1.44385E-15  SWARM-A  17.541  126.160
2022-03-12T22:47:00Z  431.162  52.024  -75.977  1.46610E-15  SWARM-A  17.558  128.097
2022-03-12T22:47:30Z  430.775  50.094  -75.878  1.48807E-15  SWARM-A  17.573  130.034
2022-03-12T22:48:00Z  430.390  48.164  -75.795  1.50951E-15  SWARM-A  17.586  131.971
2022-03-12T22:48:30Z  430.008  46.232  -75.728  1.53025E-15  SWARM-A  17.599  133.908
2022-03-12T22:49:00Z  429.633  44.300  -75.674  1.54943E-15  SWARM-A  17.611  135.844
2022-03-12T22:49:30Z  429.266  42.366  -75.631  1.56773E-15  SWARM-A  17.622  137.781
2022-03-12T22:50:00Z  428.911  40.432  -75.599  1.58518E-15  SWARM-A  17.633  139.718
2022-03-12T22:50:30Z  428.569  38.497  -75.575  1.60335E-15  SWARM-A  17.643  141.654
2022-03-12T22:51:00Z  428.244  36.560  -75.559  1.62064E-15  SWARM-A  17.652  143.590
2022-03-12T22:51:30Z  427.937  34.623  -75.549  1.63522E-15  SWARM-A  17.661  145.527
2022-03-12T22:52:00Z  427.652  32.686  -75.546  1.64861E-15  SWARM-A  17.670  147.463
2022-03-12T22:52:30Z  427.389  30.747  -75.548  1.66086E-15  SWARM-A  17.678  149.399
2022-03-12T22:53:00Z  427.153  28.808  -75.555  1.67184E-15  SWARM-A  17.686  151.334
2022-03-12T22:53:30Z  426.943  26.868  -75.567  1.68154E-15  SWARM-A  17.693  153.270
2022-03-12T22:54:00Z  426.764  24.927  -75.582  1.68993E-15  SWARM-A  17.701  155.206
2022-03-12T22:54:30Z  426.615  22.986  -75.601  1.69928E-15  SWARM-A  17.708  157.141
2022-03-12T22:55:00Z  426.500  21.045  -75.622  1.70744E-15  SWARM-A  17.715  159.076
2022-03-12T22:55:30Z  426.420  19.103  -75.646  1.71433E-15  SWARM-A  17.721  161.011
2022-03-12T22:56:00Z  426.376  17.160  -75.673  1.71998E-15  SWARM-A  17.728  162.946
2022-03-12T22:56:30Z  426.369  15.217  -75.702  1.72450E-15  SWARM-A  17.734  164.881
2022-03-12T22:57:00Z  426.400  13.274  -75.732  1.72795E-15  SWARM-A  17.741  166.816
2022-03-12T22:57:30Z  426.471  11.331  -75.764  1.73035E-15  SWARM-A  17.747  168.750
2022-03-12T22:58:00Z  426.583  9.387  -75.797  1.72916E-15  SWARM-A  17.753  170.684
2022-03-12T22:58:30Z  426.735  7.444  -75.831  1.72723E-15  SWARM-A  17.759  172.618
2022-03-12T22:59:00Z  426.929  5.500  -75.866  1.72461E-15  SWARM-A  17.765  174.552
2022-03-12T22:59:30Z  427.164  3.556  -75.902  1.72139E-15  SWARM-A  17.771  176.486
2022-03-12T23:00:00Z  427.440  1.613  -75.938  1.71764E-15  SWARM-A  17.777  178.419
2022-03-12T23:00:30Z  427.758  -0.331  -75.974  1.71339E-15  SWARM-A  17.783  180.353
2022-03-12T23:01:00Z  428.117  -2.274  -76.010  1.70861E-15  SWARM-A  17.789  182.286
2022-03-12T23:01:30Z  428.516  -4.217  -76.046  1.70317E-15  SWARM-A  17.795  184.219
2022-03-12T23:02:00Z  428.955  -6.160  -76.081  1.69661E-15  SWARM-A  17.801  186.151
2022-03-12T23:02:30Z  429.433  -8.102  -76.116  1.68945E-15  SWARM-A  17.807  188.084
2022-03-12T23:03:00Z  429.950  -10.044  -76.150  1.68161E-15  SWARM-A  17.813  190.016
2022-03-12T23:03:30Z  430.502  -11.985  -76.183  1.67297E-15  SWARM-A  17.819  191.948
2022-03-12T23:04:00Z  431.090  -13.926  -76.214  1.66343E-15  SWARM-A  17.825  193.880
2022-03-12T23:04:30Z  431.712  -15.866  -76.244  1.65302E-15  SWARM-A  17.831  195.812
2022-03-12T23:05:00Z  432.365  -17.805  -76.272  1.64150E-15  SWARM-A  17.838  197.744
2022-03-12T23:05:30Z  433.048  -19.744  -76.298  1.62891E-15  SWARM-A  17.845  199.675
2022-03-12T23:06:00Z  433.759  -21.682  -76.322  1.61515E-15  SWARM-A  17.851  201.606
2022-03-12T23:06:30Z  434.496  -23.619  -76.343  1.60018E-15  SWARM-A  17.858  203.537
2022-03-12T23:07:00Z  435.256  -25.555  -76.361  1.58400E-15  SWARM-A  17.865  205.468
2022-03-12T23:07:30Z  436.037  -27.491  -76.375  1.56660E-15  SWARM-A  17.873  207.399
2022-03-12T23:08:00Z  436.837  -29.425  -76.385  1.54795E-15  SWARM-A  17.880  209.329
2022-03-12T23:08:30Z  437.652  -31.359  -76.391  1.52827E-15  SWARM-A  17.888  211.259
2022-03-12T23:09:00Z  438.480  -33.291  -76.392  1.50744E-15  SWARM-A  17.897  213.190
2022-03-12T23:09:30Z  439.317  -35.222  -76.388  1.48574E-15  SWARM-A  17.905  215.119
2022-03-12T23:10:00Z  440.162  -37.153  -76.377  1.46333E-15  SWARM-A  17.914  217.049
2022-03-12T23:10:30Z  441.011  -39.082  -76.359  1.44029E-15  SWARM-A  17.924  218.979
2022-03-12T23:11:00Z  441.862  -41.010  -76.333  1.41674E-15  SWARM-A  17.934  220.908
2022-03-12T23:11:30Z  442.710  -42.936  -76.298  1.39289E-15  SWARM-A  17.945  222.837
2022-03-12T23:12:00Z  443.554  -44.862  -76.253  1.36879E-15  SWARM-A  17.956  224.766
2022-03-12T23:12:30Z  444.390  -46.786  -76.196  1.34460E-15  SWARM-A  17.968  226.695
2022-03-12T23:13:00Z  445.215  -48.709  -76.126  1.32039E-15  SWARM-A  17.981  228.624
2022-03-12T23:13:30Z  446.025  -50.631  -76.040  1.29622E-15  SWARM-A  17.995  230.552
2022-03-12T23:14:00Z  446.820  -52.551  -75.936  1.27208E-15  SWARM-A  18.010  232.481
2022-03-12T23:14:30Z  447.594  -54.470  -75.811  1.24805E-15  SWARM-A  18.027  234.409
2022-03-12T23:15:00Z  448.346  -56.388  -75.662  1.22418E-15  SWARM-A  18.045  236.337
2022-03-12T23:15:30Z  449.072  -58.304  -75.484  1.20053E-15  SWARM-A  18.066  238.265
2022-03-12T23:16:00Z  449.770  -60.218  -75.271  1.17710E-15  SWARM-A  18.088  240.193
2022-03-12T23:16:30Z  450.438  -62.130  -75.017  1.15396E-15  SWARM-A  18.113  242.120
2022-03-12T23:17:00Z  451.073  -64.041  -74.711  1.13113E-15  SWARM-A  18.142  244.048
2022-03-12T23:17:30Z  451.672  -65.949  -74.343  1.10858E-15  SWARM-A  18.175  245.976
2022-03-12T23:18:00Z  452.234  -67.855  -73.895  1.08628E-15  SWARM-A  18.213  247.903
2022-03-12T23:18:30Z  452.756  -69.758  -73.345  1.06392E-15  SWARM-A  18.258  249.830
2022-03-12T23:19:00Z  453.236  -71.657  -72.661  1.04155E-15  SWARM-A  18.312  251.758
2022-03-12T23:19:30Z  453.673  -73.552  -71.799  1.01921E-15  SWARM-A  18.378  253.685
2022-03-12T23:20:00Z  454.064  -75.440  -70.688  9.96862E-16  SWARM-A  18.460  255.612
2022-03-12T23:20:30Z  454.409  -77.319  -69.219  9.74663E-16  SWARM-A  18.567  257.539
2022-03-12T23:21:00Z  454.706  -79.185  -67.208  9.52857E-16  SWARM-A  18.709  259.466
2022-03-12T23:21:30Z  454.955  -81.031  -64.325  9.31751E-16  SWARM-A  18.909  261.393
2022-03-12T23:22:00Z  455.153  -82.839  -59.921  9.11581E-16  SWARM-A  19.211  263.320
2022-03-12T23:22:30Z  455.300  -84.574  -52.566  8.92362E-16  SWARM-A  19.710  265.247
2022-03-12T23:23:00Z  455.397  -86.134  -38.763  8.74294E-16  SWARM-A  20.639  267.174
2022-03-12T23:23:30Z  455.442  -87.213  -10.978  8.57427E-16  SWARM-A  22.499  269.101
2022-03-12T23:24:00Z  455.435  -87.185  28.881  8.40744E-16  SWARM-A  1.165  271.028
2022-03-12T23:24:30Z  455.376  -86.075  55.917  8.23713E-16  SWARM-A  2.976  272.955
2022-03-12T23:25:00Z  455.266  -84.503  69.327  8.07179E-16  SWARM-A  3.878  274.881
2022-03-12T23:25:30Z  455.104  -82.764  76.509  7.91362E-16  SWARM-A  4.365  276.808
2022-03-12T23:26:00Z  454.892  -80.953  80.828  7.76422E-16  SWARM-A  4.661  278.735
2022-03-12T23:26:30Z  454.630  -79.107  83.664  7.62492E-16  SWARM-A  4.859  280.662
2022-03-12T23:27:00Z  454.319  -77.240  85.647  7.49546E-16  SWARM-A  4.999  282.589
2022-03-12T23:27:30Z  453.960  -75.360  87.098  7.37673E-16  SWARM-A  5.104  284.517
2022-03-12T23:28:00Z  453.555  -73.472  88.197  7.26907E-16  SWARM-A  5.186  286.444
2022-03-12T23:28:30Z  453.104  -71.577  89.051  7.17266E-16  SWARM-A  5.251  288.371
2022-03-12T23:29:00Z  452.610  -69.678  89.728  7.09427E-16  SWARM-A  5.305  290.298
2022-03-12T23:29:30Z  452.075  -67.775  90.273  7.02735E-16  SWARM-A  5.349  292.226
2022-03-12T23:30:00Z  451.500  -65.868  90.717  6.97122E-16  SWARM-A  5.387  294.153
2022-03-12T23:30:30Z  450.888  -63.960  91.083  6.92452E-16  SWARM-A  5.420  296.081
2022-03-12T23:31:00Z  450.241  -62.049  91.386  6.88777E-16  SWARM-A  5.449  298.009
2022-03-12T23:31:30Z  449.560  -60.136  91.638  6.85988E-16  SWARM-A  5.474  299.936
2022-03-12T23:32:00Z  448.850  -58.222  91.849  6.84039E-16  SWARM-A  5.496  301.864
2022-03-12T23:32:30Z  448.112  -56.306  92.026  6.82872E-16  SWARM-A  5.516  303.793
2022-03-12T23:33:00Z  447.348  -54.388  92.174  6.82535E-16  SWARM-A  5.534  305.721
2022-03-12T23:33:30Z  446.563  -52.469  92.298  6.82804E-16  SWARM-A  5.551  307.649
2022-03-12T23:34:00Z  445.758  -50.549  92.401  6.83534E-16  SWARM-A  5.566  309.578
2022-03-12T23:34:30Z  444.937  -48.627  92.486  6.85168E-16  SWARM-A  5.580  311.506
2022-03-12T23:35:00Z  444.102  -46.703  92.556  6.87728E-16  SWARM-A  5.593  313.435
2022-03-12T23:35:30Z  443.256  -44.779  92.612  6.90982E-16  SWARM-A  5.605  315.364
2022-03-12T23:36:00Z  442.404  -42.853  92.657  6.94829E-16  SWARM-A  5.617  317.293
2022-03-12T23:36:30Z  441.546  -40.926  92.692  6.99040E-16  SWARM-A  5.627  319.223
2022-03-12T23:37:00Z  440.688  -38.998  92.717  7.03597E-16  SWARM-A  5.637  321.152
2022-03-12T23:37:30Z  439.831  -37.069  92.735  7.08500E-16  SWARM-A  5.647  323.082
2022-03-12T23:38:00Z  438.978  -35.138  92.745  7.13688E-16  SWARM-A  5.656  325.012
2022-03-12T23:38:30Z  438.134  -33.207  92.750  7.19149E-16  SWARM-A  5.665  326.942
2022-03-12T23:39:00Z  437.300  -31.274  92.748  7.24608E-16  SWARM-A  5.673  328.872
2022-03-12T23:39:30Z  436.479  -29.341  92.742  7.30084E-16  SWARM-A  5.681  330.802
2022-03-12T23:40:00Z  435.675  -27.406  92.732  7.35454E-16  SWARM-A  5.688  332.733
2022-03-12T23:40:30Z  434.889  -25.470  92.717  7.40866E-16  SWARM-A  5.696  334.664
2022-03-12T23:41:00Z  434.125  -23.534  92.699  7.46189E-16  SWARM-A  5.703  336.595
2022-03-12T23:41:30Z  433.385  -21.597  92.678  7.51392E-16  SWARM-A  5.710  338.526
2022-03-12T23:42:00Z  432.671  -19.658  92.655  7.56433E-16  SWARM-A  5.717  340.457
2022-03-12T23:42:30Z  431.986  -17.719  92.628  7.61326E-16  SWARM-A  5.723  342.389
2022-03-12T23:43:00Z  431.331  -15.780  92.600  7.66013E-16  SWARM-A  5.730  344.321
2022-03-12T23:43:30Z  430.709  -13.839  92.570  7.70503E-16  SWARM-A  5.736  346.253
2022-03-12T23:44:00Z  430.121  -11.899  92.539  7.74725E-16  SWARM-A  5.742  348.185
2022-03-12T23:44:30Z  429.569  -9.957  92.506  7.78701E-16  SWARM-A  5.748  350.117
2022-03-12T23:45:00Z  429.054  -8.015  92.472  7.82415E-16  SWARM-A  5.754  352.050
2022-03-12T23:45:30Z  428.578  -6.072  92.437  7.85868E-16  SWARM-A  5.760  353.983
2022-03-12T23:46:00Z  428.142  -4.130  92.402  7.89087E-16  SWARM-A  5.766  355.915
2022-03-12T23:46:30Z  427.746  -2.186  92.366  7.91998E-16  SWARM-A  5.772  357.849
2022-03-12T23:47:00Z  427.391  -0.243  92.330  7.94602E-16  SWARM-A  5.778  359.782
2022-03-12T23:47:30Z  427.078  1.701  92.293  7.96899E-16  SWARM-A  5.784  1.715
2022-03-12T23:48:00Z  426.806  3.644  92.258  7.98887E-16  SWARM-A  5.790  3.649
2022-03-12T23:48:30Z  426.577  5.588  92.222  8.00537E-16  SWARM-A  5.796  5.583
2022-03-12T23:49:00Z  426.390  7.532  92.187  8.01873E-16  SWARM-A  5.802  7.517
2022-03-12T23:49:30Z  426.245  9.476  92.153  8.02898E-16  SWARM-A  5.808  9.451
2022-03-12T23:50:00Z  426.141  11.420  92.120  8.03625E-16  SWARM-A  5.814  11.386
2022-03-12T23:50:30Z  426.079  13.363  92.088  8.04076E-16  SWARM-A  5.820  13.320
2022-03-12T23:51:00Z  426.055  15.306  92.058  8.04275E-16  SWARM-A  5.827  15.255
2022-03-12T23:51:30Z  426.071  17.249  92.029  8.04276E-16  SWARM-A  5.833  17.190
2022-03-12T23:52:00Z  426.125  19.192  92.003  8.04166E-16  SWARM-A  5.840  19.125
2022-03-12T23:52:30Z  426.216  21.134  91.979  8.03895E-16  SWARM-A  5.847  21.060
2022-03-12T23:53:00Z  426.341  23.076  91.958  8.03643E-16  SWARM-A  5.853  22.996
2022-03-12T23:53:30Z  426.500  25.017  91.939  8.03401E-16  SWARM-A  5.861  24.931
2022-03-12T23:54:00Z  426.690  26.958  91.924  8.03218E-16  SWARM-A  5.868  26.867
2022-03-12T23:54:30Z  426.910  28.898  91.913  8.03191E-16  SWARM-A  5.875  28.803
2022-03-12T23:55:00Z  427.158  30.837  91.906  8.03348E-16  SWARM-A  5.883  30.739
2022-03-12T23:55:30Z  427.431  32.776  91.904  8.03809E-16  SWARM-A  5.892  32.675
2022-03-12T23:56:00Z  427.727  34.714  91.908  8.04547E-16  SWARM-A  5.900  34.611
2022-03-12T23:56:30Z  428.045  36.651  91.917  8.05621E-16  SWARM-A  5.909  36.547
2022-03-12T23:57:00Z  428.382  38.587  91.934  8.07078E-16  SWARM-A  5.919  38.484
2022-03-12T23:57:30Z  428.734  40.523  91.958  8.08965E-16  SWARM-A  5.928  40.420
2022-03-12T23:58:00Z  429.101  42.457  91.992  8.11208E-16  SWARM-A  5.939  42.357
2022-03-12T23:58:30Z  429.480  44.391  92.035  8.13947E-16  SWARM-A  5.950  44.294
2022-03-12T23:59:00Z  429.867  46.323  92.090  8.17073E-16  SWARM-A  5.962  46.231
2022-03-12T23:59:30Z  430.261  48.255  92.157  8.20591E-16  SWARM-A  5.975  48.167
2022-03-13T00:00:00Z  430.659  50.185  92.240  8.27340E-16  SWARM-A  5.989  50.105
2022-03-13T00:00:30Z  431.058  52.115  92.341  8.34269E-16  SWARM-A  6.004  52.042
2022-03-13T00:01:00Z  431.455  54.043  92.462  8.38360E-16  SWARM-A  6.020  53.979
2022-03-13T00:01:30Z  431.849  55.970  92.607  8.42789E-16  SWARM-A  6.038  55.916
2022-03-13T00:02:00Z  432.237  57.895  92.779  8.47798E-16  SWARM-A  6.058  57.854
2022-03-13T00:02:30Z  432.617  59.819  92.986  8.53453E-16  SWARM-A  6.080  59.791
2022-03-13T00:03:00Z  432.986  61.742  93.233  8.59755E-16  SWARM-A  6.105  61.729
2022-03-13T00:03:30Z  433.342  63.663  93.530  8.66825E-16  SWARM-A  6.133  63.666
2022-03-13T00:04:00Z  433.682  65.582  93.888  8.74735E-16  SWARM-A  6.165  65.604
2022-03-13T00:04:30Z  434.006  67.498  94.322  8.83587E-16  SWARM-A  6.203  67.541
2022-03-13T00:05:00Z  434.311  69.412  94.855  8.93511E-16  SWARM-A  6.247  69.479
2022-03-13T00:05:30Z  434.595  71.322  95.516  9.04632E-16  SWARM-A  6.299  71.417
2022-03-13T00:06:00Z  434.857  73.228  96.348  9.16977E-16  SWARM-A  6.363  73.355
2022-03-13T00:06:30Z  435.096  75.127  97.418  9.30610E-16  SWARM-A  6.443  75.293
2022-03-13T00:07:00Z  435.309  77.019  98.828  9.45485E-16  SWARM-A  6.545  77.230
2022-03-13T00:07:30Z  435.495  78.898  100.749  9.61559E-16  SWARM-A  6.681  79.168
2022-03-13T00:08:00Z  435.654  80.758  103.485  9.78838E-16  SWARM-A  6.872  81.106
2022-03-13T00:08:30Z  435.785  82.583  107.631  9.97281E-16  SWARM-A  7.157  83.044
2022-03-13T00:09:00Z  435.887  84.342  114.472  1.01690E-15  SWARM-A  7.621  84.982
2022-03-13T00:09:30Z  435.960  85.946  127.141  1.03735E-15  SWARM-A  8.474  86.920
2022-03-13T00:10:00Z  436.002  87.124  152.808  1.05894E-15  SWARM-A  10.194  88.858
2022-03-13T00:10:30Z  436.014  87.258  -167.300  1.08079E-15  SWARM-A  12.861  90.796
2022-03-13T00:11:00Z  435.996  86.234  -138.000  1.10273E-15  SWARM-A  14.823  92.734
2022-03-13T00:11:30Z  435.948  84.685  -123.427  1.12563E-15  SWARM-A  15.803  94.672
2022-03-13T00:12:00Z  435.870  82.947  -115.752  1.14942E-15  SWARM-A  16.323  96.610
2022-03-13T00:12:30Z  435.764  81.132  -111.198  1.17385E-15  SWARM-A  16.635  98.547
2022-03-13T00:13:00Z  435.628  79.278  -108.238  1.19875E-15  SWARM-A  16.840  100.485
2022-03-13T00:13:30Z  435.465  77.402  -106.182  1.22394E-15  SWARM-A  16.986  102.423
2022-03-13T00:14:00Z  435.275  75.513  -104.686  1.24921E-15  SWARM-A  17.094  104.361
2022-03-13T00:14:30Z  435.059  73.614  -103.557  1.27438E-15  SWARM-A  17.178  106.299
2022-03-13T00:15:00Z  434.820  71.710  -102.682  1.29929E-15  SWARM-A  17.244  108.236
2022-03-13T00:15:30Z  434.557  69.800  -101.990  1.32370E-15  SWARM-A  17.299  110.174
2022-03-13T00:16:00Z  434.274  67.888  -101.434  1.34748E-15  SWARM-A  17.344  112.112
2022-03-13T00:16:30Z  433.971  65.972  -100.982  1.36971E-15  SWARM-A  17.383  114.049
2022-03-13T00:17:00Z  433.650  64.054  -100.610  1.39116E-15  SWARM-A  17.416  115.987
2022-03-13T00:17:30Z  433.314  62.133  -100.302  1.41201E-15  SWARM-A  17.445  117.924
2022-03-13T00:18:00Z  432.964  60.211  -100.046  1.43249E-15  SWARM-A  17.470  119.862
2022-03-13T00:18:30Z  432.603  58.288  -99.831  1.45280E-15  SWARM-A  17.493  121.799
2022-03-13T00:19:00Z  432.233  56.362  -99.652  1.47305E-15  SWARM-A  17.513  123.736
2022-03-13T00:19:30Z  431.856  54.436  -99.502  1.49320E-15  SWARM-A  17.531  125.673
2022-03-13T00:20:00Z  431.474  52.508  -99.377  1.51302E-15  SWARM-A  17.548  127.610
2022-03-13T00:20:30Z  431.090  50.579  -99.272  1.53224E-15  SWARM-A  17.563  129.547
2022-03-13T00:21:00Z  430.706  48.649  -99.186  1.55068E-15  SWARM-A  17.577  131.484
2022-03-13T00:21:30Z  430.326  46.718  -99.115  1.56827E-15  SWARM-A  17.590  133.421
2022-03-13T00:22:00Z  429.950  44.786  -99.058  1.58503E-15  SWARM-A  17.602  135.358
2022-03-13T00:22:30Z  429.582  42.853  -99.012  1.60105E-15  SWARM-A  17.614  137.294
2022-03-13T00:23:00Z  429.225  40.919  -98.977  1.61642E-15  SWARM-A  17.625  139.231
2022-03-13T00:23:30Z  428.881  38.984  -98.951  1.63119E-15  SWARM-A  17.635  141.167
2022-03-13T00:24:00Z  428.551  37.048  -98.933  1.64549E-15  SWARM-A  17.644  143.103
2022-03-13T00:24:30Z  428.240  35.111  -98.922  1.65992E-15  SWARM-A  17.653  145.039
2022-03-13T00:25:00Z  427.949  33.174  -98.917  1.67368E-15  SWARM-A  17.662  146.975
2022-03-13T00:25:30Z  427.680  31.235  -98.918  1.68669E-15  SWARM-A  17.670  148.911
2022-03-13T00:26:00Z  427.436  29.296  -98.924  1.69886E-15  SWARM-A  17.678  150.847
2022-03-13T00:26:30Z  427.218  27.357  -98.935  1.71012E-15  SWARM-A  17.686  152.782
2022-03-13T00:27:00Z  427.029  25.416  -98.949  1.72040E-15  SWARM-A  17.693  154.718
2022-03-13T00:27:30Z  426.871  23.476  -98.967  1.72963E-15  SWARM-A  17.700  156.653
2022-03-13T00:28:00Z  426.745  21.534  -98.987  1.73783E-15  SWARM-A  17.707  158.588
2022-03-13T00:28:30Z  426.653  19.592  -99.011  1.74493E-15  SWARM-A  17.714  160.523
2022-03-13T00:29:00Z  426.596  17.650  -99.037  1.75096E-15  SWARM-A  17.721  162.458
2022-03-13T00:29:30Z  426.577  15.708  -99.065  1.75597E-15  SWARM-A  17.727  164.393
2022-03-13T00:30:00Z  426.595  13.765  -99.095  1.75999E-15  SWARM-A  17.733  166.327
2022-03-13T00:30:30Z  426.652  11.822  -99.127  1.76304E-15  SWARM-A  17.740  168.261
2022-03-13T00:31:00Z  426.749  9.878  -99.159  1.76524E-15  SWARM-A  17.746  170.196
2022-03-13T00:31:30Z  426.887  7.935  -99.193  1.76657E-15  SWARM-A  17.752  172.130
2022-03-13T00:32:00Z  427.065  5.991  -99.228  1.76714E-15  SWARM-A  17.758  174.063
2022-03-13T00:32:30Z  427.285  4.048  -99.263  1.76698E-15  SWARM-A  17.764  175.997
2022-03-13T00:33:00Z  427.547  2.104  -99.299  1.76609E-15  SWARM-A  17.770  177.931
2022-03-13T00:33:30Z  427.850  0.161  -99.335  1.76453E-15  SWARM-A  17.776  179.864
2022-03-13T00:34:00Z  428.193  -1.782  -99.371  1.76215E-15  SWARM-A  17.782  181.797
2022-03-13T00:34:30Z  428.578  -3.725  -99.407  1.75904E-15  SWARM-A  17.788  183.730
2022-03-13T00:35:00Z  429.003  -5.668  -99.443  1.75509E-15  SWARM-A  17.794  185.662
2022-03-13T00:35:30Z  429.466  -7.610  -99.478  1.75021E-15  SWARM-A  17.800  187.595
2022-03-13T00:36:00Z  429.968  -9.552  -99.512  1.74435E-15  SWARM-A  17.806  189.527
2022-03-13T00:36:30Z  430.507  -11.494  -99.545  1.73741E-15  SWARM-A  17.812  191.459
2022-03-13T00:37:00Z  431.081  -13.434  -99.577  1.72931E-15  SWARM-A  17.818  193.391
2022-03-13T00:37:30Z  431.690  -15.375  -99.607  1.71992E-15  SWARM-A  17.824  195.323
2022-03-13T00:38:00Z  432.330  -17.314  -99.636  1.70914E-15  SWARM-A  17.831  197.255
2022-03-13T00:38:30Z  433.001  -19.253  -99.662  1.69687E-15  SWARM-A  17.837  199.186
2022-03-13T00:39:00Z  433.700  -21.191  -99.687  1.68305E-15  SWARM-A  17.844  201.117
2022-03-13T00:39:30Z  434.426  -23.128  -99.708  1.66766E-15  SWARM-A  17.851  203.048
2022-03-13T00:40:00Z  435.175  -25.065  -99.727  1.65060E-15  SWARM-A  17.858  204.979
2022-03-13T00:40:30Z  435.945  -27.000  -99.742  1.63202E-15  SWARM-A  17.865  206.910
2022-03-13T00:41:00Z  436.735  -28.935  -99.753  1.61182E-15  SWARM-A  17.873  208.840
2022-03-13T00:41:30Z  437.540  -30.868  -99.760  1.58995E-15  SWARM-A  17.881  210.770
2022-03-13T00:42:00Z  438.360  -32.801  -99.763  1.56675E-15  SWARM-A  17.889  212.700
2022-03-13T00:42:30Z  439.189  -34.733  -99.760  1.54237E-15  SWARM-A  17.897  214.630
2022-03-13T00:43:00Z  440.027  -36.663  -99.750  1.51694E-15  SWARM-A  17.906  216.560
2022-03-13T00:43:30Z  440.870  -38.592  -99.734  1.49067E-15  SWARM-A  17.916  218.489
2022-03-13T00:44:00Z  441.714  -40.521  -99.710  1.46368E-15  SWARM-A  17.926  220.419
2022-03-13T00:44:30Z  442.558  -42.448  -99.678  1.43619E-15  SWARM-A  17.936  222.348
2022-03-13T00:45:00Z  443.397  -44.373  -99.635  1.40834E-15  SWARM-A  17.947  224.277
2022-03-13T00:45:30Z  444.229  -46.298  -99.581  1.38027E-15  SWARM-A  17.959  226.206
2022-03-13T00:46:00Z  445.051  -48.221  -99.515  1.35212E-15  SWARM-A  17.972  228.134
2022-03-13T00:46:30Z  445.860  -50.143  -99.433  1.32400E-15  SWARM-A  17.986  230.063
2022-03-13T00:47:00Z  446.653  -52.064  -99.334  1.29599E-15  SWARM-A  18.001  231.991
2022-03-13T00:47:30Z  447.427  -53.983  -99.215  1.26815E-15  SWARM-A  18.017  233.919
2022-03-13T00:48:00Z  448.179  -55.901  -99.072  1.24054E-15  SWARM-A  18.035  235.848
2022-03-13T00:48:30Z  448.906  -57.817  -98.902  1.21315E-15  SWARM-A  18.055  237.776
2022-03-13T00:49:00Z  449.606  -59.732  -98.698  1.18604E-15  SWARM-A  18.077  239.703
2022-03-13T00:49:30Z  450.276  -61.645  -98.455  1.15925E-15  SWARM-A  18.101  241.631
2022-03-13T00:50:00Z  450.914  -63.556  -98.163  1.13281E-15  SWARM-A  18.129  243.559
2022-03-13T00:50:30Z  451.517  -65.465  -97.812  1.10660E-15  SWARM-A  18.161  245.486
2022-03-13T00:51:00Z  452.083  -67.372  -97.386  1.08058E-15  SWARM-A  18.197  247.414
2022-03-13T00:51:30Z  452.610  -69.275  -96.864  1.05462E-15  SWARM-A  18.240  249.341
2022-03-13T00:52:00Z  453.096  -71.175  -96.218  1.02878E-15  SWARM-A  18.292  251.269
2022-03-13T00:52:30Z  453.539  -73.071  -95.406  1.00311E-15  SWARM-A  18.354  253.196
2022-03-13T00:53:00Z  453.937  -74.961  -94.366  9.77942E-16  SWARM-A  18.432  255.123
2022-03-13T00:53:30Z  454.289  -76.843  -93.001  9.53662E-16  SWARM-A  18.531  257.050
2022-03-13T00:54:00Z  454.593  -78.713  -91.151  9.30591E-16  SWARM-A  18.663  258.977
2022-03-13T00:54:30Z  454.849  -80.565  -88.533  9.08938E-16  SWARM-A  18.846  260.904
2022-03-13T00:55:00Z  455.056  -82.385  -84.605  8.88777E-16  SWARM-A  19.116  262.831
2022-03-13T00:55:30Z  455.212  -84.144  -78.211  8.69968E-16  SWARM-A  19.551  264.758
2022-03-13T00:56:00Z  455.316  -85.765  -66.580  8.52481E-16  SWARM-A  20.334  266.685
2022-03-13T00:56:30Z  455.370  -87.017  -43.162  8.36466E-16  SWARM-A  21.904  268.612
2022-03-13T00:57:00Z  455.372  -87.318  -4.217  8.21658E-16  SWARM-A  0.509  270.539
2022-03-13T00:57:30Z  455.322  -86.420  27.344  8.07148E-16  SWARM-A  2.621  272.466
2022-03-13T00:58:00Z  455.220  -84.923  43.348  7.93258E-16  SWARM-A  3.696  274.393
2022-03-13T00:58:30Z  455.067  -83.213  51.665  7.80298E-16  SWARM-A  4.259  276.320
2022-03-13T00:59:00Z  454.864  -81.417  56.534  7.68366E-16  SWARM-A  4.592  278.247
2022-03-13T00:59:30Z  454.611  -79.577  59.669  7.57458E-16  SWARM-A  4.809  280.174
2022-03-13T01:00:00Z  454.308  -77.715  61.830  7.47591E-16  SWARM-A  4.962  282.101
2022-03-13T01:00:30Z  453.957  -75.838  63.396  7.38791E-16  SWARM-A  5.075  284.028
2022-03-13T01:01:00Z  453.560  -73.951  64.572  7.30935E-16  SWARM-A  5.161  285.955
2022-03-13T01:01:30Z  453.118  -72.058  65.480  7.24088E-16  SWARM-A  5.230  287.883
2022-03-13T01:02:00Z  452.631  -70.159  66.197  7.18090E-16  SWARM-A  5.286  289.810
2022-03-13T01:02:30Z  452.103  -68.257  66.773  7.12888E-16  SWARM-A  5.333  291.737
2022-03-13T01:03:00Z  451.535  -66.351  67.241  7.08420E-16  SWARM-A  5.373  293.665
2022-03-13T01:03:30Z  450.929  -64.443  67.625  7.04514E-16  SWARM-A  5.406  295.593
2022-03-13T01:04:00Z  450.288  -62.533  67.942  7.01237E-16  SWARM-A  5.436  297.520
2022-03-13T01:04:30Z  449.613  -60.621  68.207  6.98411E-16  SWARM-A  5.462  299.448
2022-03-13T01:05:00Z  448.907  -58.707  68.428  6.96154E-16  SWARM-A  5.485  301.376
2022-03-13T01:05:30Z  448.173  -56.791  68.613  6.94398E-16  SWARM-A  5.506  303.305
2022-03-13T01:06:00Z  447.414  -54.874  68.768  6.93156E-16  SWARM-A  5.524  305.233
2022-03-13T01:06:30Z  446.631  -52.955  68.897  6.92480E-16  SWARM-A  5.541  307.161
2022-03-13T01:07:00Z  445.829  -51.035  69.005  6.92364E-16  SWARM-A  5.557  309.090
2022-03-13T01:07:30Z  445.009  -49.113  69.095  6.92771E-16  SWARM-A  5.571  311.019
2022-03-13T01:08:00Z  444.175  -47.190  69.168  6.93677E-16  SWARM-A  5.584  312.947
2022-03-13T01:08:30Z  443.331  -45.266  69.228  6.94982E-16  SWARM-A  5.597  314.876
2022-03-13T01:09:00Z  442.478  -43.340  69.276  6.96643E-16  SWARM-A  5.608  316.806
2022-03-13T01:09:30Z  441.619  -41.413  69.313  6.98611E-16  SWARM-A  5.619  318.735
2022-03-13T01:10:00Z  440.759  -39.486  69.341  7.00905E-16  SWARM-A  5.629  320.665
2022-03-13T01:10:30Z  439.900  -37.556  69.360  7.03532E-16  SWARM-A  5.639  322.594
2022-03-13T01:11:00Z  439.045  -35.626  69.372  7.06521E-16  SWARM-A  5.648  324.524
2022-03-13T01:11:30Z  438.197  -33.695  69.378  7.09851E-16  SWARM-A  5.657  326.454
2022-03-13T01:12:00Z  437.359  -31.762  69.379  7.13522E-16  SWARM-A  5.665  328.385
2022-03-13T01:12:30Z  436.533  -29.829  69.374  7.17358E-16  SWARM-A  5.673  330.315
2022-03-13T01:13:00Z  435.723  -27.894  69.364  7.21316E-16  SWARM-A  5.681  332.246
2022-03-13T01:13:30Z  434.932  -25.959  69.351  7.25544E-16  SWARM-A  5.688  334.177
2022-03-13T01:14:00Z  434.161  -24.023  69.334  7.29917E-16  SWARM-A  5.695  336.108
2022-03-13T01:14:30Z  433.414  -22.085  69.313  7.34505E-16  SWARM-A  5.702  338.039
2022-03-13T01:15:00Z  432.692  -20.147  69.290  7.39193E-16  SWARM-A  5.709  339.970
2022-03-13T01:15:30Z  431.999  -18.209  69.265  7.43984E-16  SWARM-A  5.716  341.902
2022-03-13T01:16:00Z  431.335  -16.269  69.237  7.48835E-16  SWARM-A  5.722  343.834
2022-03-13T01:16:30Z  430.704  -14.329  69.208  7.53757E-16  SWARM-A  5.729  345.766
2022-03-13T01:17:00Z  430.106  -12.388  69.177  7.58674E-16  SWARM-A  5.735  347.698
2022-03-13T01:17:30Z  429.545  -10.446  69.144  7.63505E-16  SWARM-A  5.741  349.630
2022-03-13T01:18:00Z  429.020  -8.504  69.110  7.68264E-16  SWARM-A  5.747  351.563
2022-03-13T01:18:30Z  428.534  -6.562  69.076  7.72898E-16  SWARM-A  5.753  353.496
2022-03-13T01:19:00Z  428.088  -4.619  69.040  7.77407E-16  SWARM-A  5.759  355.429
2022-03-13T01:19:30Z  427.682  -2.676  69.005  7.81748E-16  SWARM-A  5.765  357.362
2022-03-13T01:20:00Z  427.317  -0.732  68.969  7.85889E-16  SWARM-A  5.771  359.295
2022-03-13T01:20:30Z  426.994  1.211  68.933  7.89668E-16  SWARM-A  5.777  1.229
2022-03-13T01:21:00Z  426.714  3.155  68.897  7.93426E-16  SWARM-A  5.783  3.162
2022-03-13T01:21:30Z  426.476  5.099  68.861  7.96892E-16  SWARM-A  5.789  5.096
2022-03-13T01:22:00Z  426.280  7.043  68.826  8.00068E-16  SWARM-A  5.795  7.030
2022-03-13T01:22:30Z  426.126  8.987  68.792  8.03011E-16  SWARM-A  5.801  8.965
2022-03-13T01:23:00Z  426.015  10.931  68.758  8.05610E-16  SWARM-A  5.807  10.899
2022-03-13T01:23:30Z  425.944  12.874  68.726  8.07907E-16  SWARM-A  5.813  12.834
2022-03-13T01:24:00Z  425.914  14.818  68.695  8.09853E-16  SWARM-A  5.820  14.769
2022-03-13T01:24:30Z  425.923  16.761  68.666  8.11482E-16  SWARM-A  5.826  16.704
2022-03-13T01:25:00Z  425.971  18.704  68.639  8.12828E-16  SWARM-A  5.832  18.639
2022-03-13T01:25:30Z  426.055  20.646  68.615  8.13777E-16  SWARM-A  5.839  20.574
2022-03-13T01:26:00Z  426.176  22.588  68.593  8.14434E-16  SWARM-A  5.846  22.509
2022-03-13T01:26:30Z  426.330  24.529  68.573  8.14733E-16  SWARM-A  5.853  24.445
2022-03-13T01:27:00Z  426.516  26.470  68.557  8.14705E-16  SWARM-A  5.860  26.381
2022-03-13T01:27:30Z  426.732  28.411  68.545  8.14380E-16  SWARM-A  5.868  28.316
2022-03-13T01:28:00Z  426.977  30.350  68.537  8.13777E-16  SWARM-A  5.876  30.252
2022-03-13T01:28:30Z  427.248  32.289  68.534  8.13062E-16  SWARM-A  5.884  32.189
2022-03-13T01:29:00Z  427.543  34.227  68.536  8.12095E-16  SWARM-A  5.892  34.125
2022-03-13T01:29:30Z  427.860  36.165  68.544  8.10923E-16  SWARM-A  5.901  36.061
2022-03-13T01:30:00Z  428.197  38.101  68.559  8.09240E-16  SWARM-A  5.910  37.998
2022-03-13T01:30:30Z  428.550  40.037  68.581  8.07534E-16  SWARM-A  5.920  39.934
2022-03-13T01:31:00Z  428.918  41.972  68.612  8.05913E-16  SWARM-A  5.931  41.871
2022-03-13T01:31:30Z  429.298  43.906  68.652  8.04417E-16  SWARM-A  5.942  43.808
2022-03-13T01:32:00Z  429.688  45.838  68.704  8.03113E-16  SWARM-A  5.954  45.745
2022-03-13T01:32:30Z  430.084  47.770  68.768  8.02102E-16  SWARM-A  5.966  47.682
2022-03-13T01:33:00Z  430.486  49.701  68.847  8.01470E-16  SWARM-A  5.980  49.619
2022-03-13T01:33:30Z  430.889  51.631  68.943  8.01277E-16  SWARM-A  5.994  51.556
2022-03-13T01:34:00Z  431.292  53.559  69.059  8.01449E-16  SWARM-A  6.010  53.493
2022-03-13T01:34:30Z  431.691  55.487  69.197  8.02183E-16  SWARM-A  6.028  55.430
2022-03-13T01:35:00Z  432.085  57.413  69.362  8.03537E-16  SWARM-A  6.047  57.368
2022-03-13T01:35:30Z  432.472  59.337  69.559  8.05583E-16  SWARM-A  6.069  59.305
2022-03-13T01:36:00Z  432.848  61.260  69.796  8.08329E-16  SWARM-A  6.093  61.243
2022-03-13T01:36:30Z  433.212  63.181  70.079  8.11864E-16  SWARM-A  6.120  63.180
2022-03-13T01:37:00Z  433.561  65.101  70.420  8.16203E-16  SWARM-A  6.151  65.118
2022-03-13T01:37:30Z  433.894  67.018  70.833  8.21449E-16  SWARM-A  6.187  67.056
2022-03-13T01:38:00Z  434.208  68.932  71.338  8.27747E-16  SWARM-A  6.229  68.993
2022-03-13T01:38:30Z  434.502  70.843  71.964  8.34976E-16  SWARM-A  6.279  70.931
2022-03-13T01:39:00Z  434.774  72.750  72.748  8.43440E-16  SWARM-A  6.340  72.869
2022-03-13T01:39:30Z  435.023  74.652  73.750  8.53172E-16  SWARM-A  6.415  74.807
2022-03-13T01:40:00Z  435.247  76.546  75.061  8.64207E-16  SWARM-A  6.511  76.745
2022-03-13T01:40:30Z  435.444  78.429  76.831  8.76490E-16  SWARM-A  6.637  78.682
2022-03-13T01:41:00Z  435.615  80.294  79.322  8.90030E-16  SWARM-A  6.811  80.620
2022-03-13T01:41:30Z  435.757  82.130  83.030  9.04906E-16  SWARM-A  7.067  82.558
2022-03-13T01:42:00Z  435.871  83.911  89.004  9.21031E-16  SWARM-A  7.474  84.496
2022-03-13T01:42:30Z  435.955  85.568  99.729  9.38567E-16  SWARM-A  8.197  86.434
2022-03-13T01:43:00Z  436.009  86.899  121.264  9.57512E-16  SWARM-A  9.641  88.372
2022-03-13T01:43:30Z  436.033  87.353  159.278  9.77381E-16  SWARM-A  12.183  90.310
2022-03-13T01:44:00Z  436.027  86.564  -166.968  9.97637E-16  SWARM-A  14.442  92.248
2022-03-13T01:44:30Z  435.991  85.099  -149.557  1.01915E-15  SWARM-A  15.611  94.186
2022-03-13T01:45:00Z  435.925  83.393  -140.651  1.04203E-15  SWARM-A  16.213  96.124
2022-03-13T01:45:30Z  435.829  81.592  -135.513  1.06615E-15  SWARM-A  16.564  98.062
2022-03-13T01:46:00Z  435.705  79.746  -132.239  1.09134E-15  SWARM-A  16.791  99.999
2022-03-13T01:46:30Z  435.552  77.874  -129.999  1.11748E-15  SWARM-A  16.948  101.937
2022-03-13T01:47:00Z  435.373  75.988  -128.385  1.14450E-15  SWARM-A  17.064  103.875
2022-03-13T01:47:30Z  435.168  74.091  -127.178  1.17222E-15  SWARM-A  17.153  105.813
2022-03-13T01:48:00Z  434.937  72.188  -126.248  1.20069E-15  SWARM-A  17.223  107.750
2022-03-13T01:48:30Z  434.684  70.280  -125.516  1.23203E-15  SWARM-A  17.281  109.688
2022-03-13T01:49:00Z  434.409  68.368  -124.930  1.26524E-15  SWARM-A  17.328  111.626
2022-03-13T01:49:30Z  434.114  66.453  -124.454  1.29889E-15  SWARM-A  17.368  113.563
2022-03-13T01:50:00Z  433.801  64.535  -124.064  1.33266E-15  SWARM-A  17.402  115.501
2022-03-13T01:50:30Z  433.471  62.615  -123.741  1.36558E-15  SWARM-A  17.432  117.438
2022-03-13T01:51:00Z  433.127  60.694  -123.473  1.39868E-15  SWARM-A  17.458  119.375
2022-03-13T01:51:30Z  432.770  58.771  -123.249  1.43165E-15  SWARM-A  17.482  121.313
2022-03-13T01:52:00Z  432.404  56.846  -123.062  1.46377E-15  SWARM-A  17.503  123.250
2022-03-13T01:52:30Z  432.030  54.920  -122.905  1.49144E-15  SWARM-A  17.521  125.187
2022-03-13T01:53:00Z  431.650  52.992  -122.774  1.51799E-15  SWARM-A  17.538  127.124
2022-03-13T01:53:30Z  431.268  51.064  -122.665  1.54351E-15  SWARM-A  17.554  129.061
2022-03-13T01:54:00Z  430.885  49.134  -122.574  1.56803E-15  SWARM-A  17.568  130.998
2022-03-13T01:54:30Z  430.504  47.203  -122.500  1.59505E-15  SWARM-A  17.582  132.935
2022-03-13T01:55:00Z  430.128  45.271  -122.439  1.62150E-15  SWARM-A  17.594  134.871
2022-03-13T01:55:30Z  429.758  43.338  -122.391  1.64731E-15  SWARM-A  17.606  136.808
2022-03-13T01:56:00Z  429.399  41.405  -122.354  1.67241E-15  SWARM-A  17.616  138.744
2022-03-13T01:56:30Z  429.051  39.470  -122.325  1.69409E-15  SWARM-A  17.627  140.681
2022-03-13T01:57:00Z  428.718  37.534  -122.305  1.71334E-15  SWARM-A  17.636  142.617
2022-03-13T01:57:30Z  428.402  35.598  -122.293  1.73165E-15  SWARM-A  17.645  144.553
2022-03-13T01:58:00Z  428.106  33.661  -122.287  1.74904E-15  SWARM-A  17.654  146.489
2022-03-13T01:58:30Z  427.831  31.723  -122.286  1.76524E-15  SWARM-A  17.663  148.425
2022-03-13T01:59:00Z  427.581  29.784  -122.291  1.77880E-15  SWARM-A  17.671  150.360
2022-03-13T01:59:30Z  427.356  27.844  -122.300  1.79099E-15  SWARM-A  17.678  152.296
2022-03-13T02:00:00Z  427.160  25.904  -122.314  1.80172E-15  SWARM-A  17.686  154.231
2022-03-13T02:00:30Z  426.994  23.964  -122.331  1.81096E-15  SWARM-A  17.693  156.167
2022-03-13T02:01:00Z  426.860  22.023  -122.351  1.81861E-15  SWARM-A  17.700  158.102
2022-03-13T02:01:30Z  426.759  20.081  -122.374  1.82480E-15  SWARM-A  17.707  160.037
2022-03-13T02:02:00Z  426.694  18.139  -122.399  1.82949E-15  SWARM-A  17.713  161.971
2022-03-13T02:02:30Z  426.665  16.196  -122.427  1.83265E-15  SWARM-A  17.720  163.906
2022-03-13T02:03:00Z  426.673  14.254  -122.456  1.83438E-15  SWARM-A  17.726  165.841
2022-03-13T02:03:30Z  426.721  12.311  -122.488  1.83468E-15  SWARM-A  17.732  167.775
2022-03-13T02:04:00Z  426.808  10.367  -122.520  1.83370E-15  SWARM-A  17.739  169.709
2022-03-13T02:04:30Z  426.936  8.424  -122.554  1.83148E-15  SWARM-A  17.745  171.643
2022-03-13T02:05:00Z  427.105  6.480  -122.589  1.82659E-15  SWARM-A  17.751  173.577
2022-03-13T02:05:30Z  427.314  4.537  -122.624  1.82083E-15  SWARM-A  17.757  175.510
2022-03-13T02:06:00Z  427.566  2.593  -122.660  1.81439E-15  SWARM-A  17.763  177.444
2022-03-13T02:06:30Z  427.858  0.650  -122.696  1.80733E-15  SWARM-A  17.769  179.377
2022-03-13T02:07:00Z  428.192  -1.293  -122.732  1.79969E-15  SWARM-A  17.775  181.310
2022-03-13T02:07:30Z  428.566  -3.236  -122.768  1.79149E-15  SWARM-A  17.780  183.243
2022-03-13T02:08:00Z  428.980  -5.179  -122.804  1.78283E-15  SWARM-A  17.786  185.176
2022-03-13T02:08:30Z  429.434  -7.121  -122.839  1.77357E-15  SWARM-A  17.792  187.108
2022-03-13T02:09:00Z  429.926  -9.063  -122.873  1.76371E-15  SWARM-A  17.798  189.041
2022-03-13T02:09:30Z  430.455  -11.004  -122.907  1.75315E-15  SWARM-A  17.805  190.973
2022-03-13T02:10:00Z  431.019  -12.945  -122.939  1.74179E-15  SWARM-A  17.811  192.905
2022-03-13T02:10:30Z  431.618  -14.886  -122.970  1.72948E-15  SWARM-A  17.817  194.836
2022-03-13T02:11:00Z  432.250  -16.825  -122.999  1.71619E-15  SWARM-A  17.823  196.768
2022-03-13T02:11:30Z  432.912  -18.764  -123.026  1.70177E-15  SWARM-A  17.830  198.699
2022-03-13T02:12:00Z  433.603  -20.703  -123.051  1.68612E-15  SWARM-A  17.837  200.630
2022-03-13T02:12:30Z  434.320  -22.640  -123.073  1.66925E-15  SWARM-A  17.843  202.561
2022-03-13T02:13:00Z  435.062  -24.577  -123.093  1.65106E-15  SWARM-A  17.851  204.492
2022-03-13T02:13:30Z  435.825  -26.512  -123.109  1.63169E-15  SWARM-A  17.858  206.423
2022-03-13T02:14:00Z  436.609  -28.447  -123.121  1.61117E-15  SWARM-A  17.865  208.353
2022-03-13T02:14:30Z  437.408  -30.381  -123.129  1.58959E-15  SWARM-A  17.873  210.283
2022-03-13T02:15:00Z  438.223  -32.314  -123.133  1.56710E-15  SWARM-A  17.881  212.213
2022-03-13T02:15:30Z  439.048  -34.245  -123.131  1.54387E-15  SWARM-A  17.890  214.143
2022-03-13T02:16:00Z  439.882  -36.176  -123.124  1.52002E-15  SWARM-A  17.898  216.073
2022-03-13T02:16:30Z  440.721  -38.106  -123.110  1.49571E-15  SWARM-A  17.908  218.002
2022-03-13T02:17:00Z  441.563  -40.034  -123.088  1.47117E-15  SWARM-A  17.918  219.932
2022-03-13T02:17:30Z  442.404  -41.961  -123.058  1.44655E-15  SWARM-A  17.928  221.861
2022-03-13T02:18:00Z  443.242  -43.888  -123.018  1.42104E-15  SWARM-A  17.939  223.790
2022-03-13T02:18:30Z  444.074  -45.812  -122.967  1.39531E-15  SWARM-A  17.951  225.719
2022-03-13T02:19:00Z  444.896  -47.736  -122.904  1.36994E-15  SWARM-A  17.963  227.648
2022-03-13T02:19:30Z  445.706  -49.658  -122.826  1.34494E-15  SWARM-A  17.977  229.576
2022-03-13T02:20:00Z  446.500  -51.579  -122.732  1.32036E-15  SWARM-A  17.991  231.504
2022-03-13T02:20:30Z  447.276  -53.499  -122.618  1.29625E-15  SWARM-A  18.007  233.433
2022-03-13T02:21:00Z  448.030  -55.417  -122.482  1.27261E-15  SWARM-A  18.025  235.361
2022-03-13T02:21:30Z  448.761  -57.334  -122.319  1.24940E-15  SWARM-A  18.044  237.289
2022-03-13T02:22:00Z  449.465  -59.249  -122.125  1.22655E-15  SWARM-A  18.065  239.217
2022-03-13T02:22:30Z  450.139  -61.162  -121.893  1.20403E-15  SWARM-A  18.089  241.145
2022-03-13T02:23:00Z  450.782  -63.074  -121.614  1.18151E-15  SWARM-A  18.116  243.072
2022-03-13T02:23:30Z  451.391  -64.983  -121.280  1.15882E-15  SWARM-A  18.146  245.000
2022-03-13T02:24:00Z  451.963  -66.891  -120.874  1.13583E-15  SWARM-A  18.182  246.927
2022-03-13T02:24:30Z  452.496  -68.795  -120.379  1.11261E-15  SWARM-A  18.223  248.855
2022-03-13T02:25:00Z  452.989  -70.696  -119.768  1.08941E-15  SWARM-A  18.272  250.782
2022-03-13T02:25:30Z  453.439  -72.593  -119.004  1.06640E-15  SWARM-A  18.331  252.709
2022-03-13T02:26:00Z  453.845  -74.485  -118.029  1.04362E-15  SWARM-A  18.405  254.636
2022-03-13T02:26:30Z  454.205  -76.369  -116.759  1.02167E-15  SWARM-A  18.498  256.563
2022-03-13T02:27:00Z  454.518  -78.243  -115.053  1.00058E-15  SWARM-A  18.620  258.490
2022-03-13T02:27:30Z  454.783  -80.100  -112.667  9.80243E-16  SWARM-A  18.787  260.417
2022-03-13T02:28:00Z  454.998  -81.930  -109.147  9.60582E-16  SWARM-A  19.030  262.344
2022-03-13T02:28:30Z  455.163  -83.709  -103.548  9.41507E-16  SWARM-A  19.412  264.271
2022-03-13T02:29:00Z  455.278  -85.378  -93.668  9.21441E-16  SWARM-A  20.079  266.198
2022-03-13T02:29:30Z  455.340  -86.762  -74.094  9.02356E-16  SWARM-A  21.392  268.125
2022-03-13T02:30:00Z  455.352  -87.368  -37.946  8.84405E-16  SWARM-A  23.810  270.052
2022-03-13T02:30:30Z  455.311  -86.729  -2.226  8.66840E-16  SWARM-A  2.200  271.979
2022-03-13T02:31:00Z  455.219  -85.331  16.939  8.49736E-16  SWARM-A  3.486  273.906
2022-03-13T02:31:30Z  455.076  -83.657  26.637  8.33657E-16  SWARM-A  4.141  275.833
2022-03-13T02:32:00Z  454.881  -81.876  32.152  8.19893E-16  SWARM-A  4.517  277.760
2022-03-13T02:32:30Z  454.637  -80.045  35.628  8.07339E-16  SWARM-A  4.757  279.687
2022-03-13T02:33:00Z  454.343  -78.187  37.989  7.95996E-16  SWARM-A  4.923  281.614
2022-03-13T02:33:30Z  454.001  -76.313  39.680  7.85793E-16  SWARM-A  5.044  283.541
2022-03-13T02:34:00Z  453.612  -74.428  40.940  7.76709E-16  SWARM-A  5.136  285.469
2022-03-13T02:34:30Z  453.178  -72.536  41.907  7.68678E-16  SWARM-A  5.209  287.396
2022-03-13T02:35:00Z  452.699  -70.639  42.666  7.60453E-16  SWARM-A  5.268  289.323
2022-03-13T02:35:30Z  452.178  -68.738  43.273  7.52951E-16  SWARM-A  5.317  291.251
2022-03-13T02:36:00Z  451.616  -66.833  43.765  7.46299E-16  SWARM-A  5.358  293.178
2022-03-13T02:36:30Z  451.017  -64.925  44.168  7.40409E-16  SWARM-A  5.393  295.106
2022-03-13T02:37:00Z  450.381  -63.016  44.501  7.35304E-16  SWARM-A  5.424  297.034
2022-03-13T02:37:30Z  449.711  -61.104  44.778  7.30975E-16  SWARM-A  5.450  298.962
2022-03-13T02:38:00Z  449.010  -59.190  45.009  7.27111E-16  SWARM-A  5.474  300.890
2022-03-13T02:38:30Z  448.280  -57.275  45.202  7.23663E-16  SWARM-A  5.495  302.818
2022-03-13T02:39:00Z  447.523  -55.358  45.364  7.20886E-16  SWARM-A  5.514  304.746
2022-03-13T02:39:30Z  446.744  -53.439  45.499  7.18790E-16  SWARM-A  5.532  306.675
2022-03-13T02:40:00Z  445.943  -51.519  45.612  7.17294E-16  SWARM-A  5.548  308.603
2022-03-13T02:40:30Z  445.125  -49.598  45.706  7.16381E-16  SWARM-A  5.562  310.532
2022-03-13T02:41:00Z  444.292  -47.675  45.784  7.15971E-16  SWARM-A  5.576  312.461
2022-03-13T02:41:30Z  443.447  -45.751  45.846  7.16055E-16  SWARM-A  5.588  314.390
2022-03-13T02:42:00Z  442.594  -43.826  45.897  7.16709E-16  SWARM-A  5.600  316.319
2022-03-13T02:42:30Z  441.734  -41.899  45.936  7.17836E-16  SWARM-A  5.611  318.249
2022-03-13T02:43:00Z  440.872  -39.972  45.966  7.19360E-16  SWARM-A  5.621  320.178
2022-03-13T02:43:30Z  440.010  -38.043  45.988  7.21353E-16  SWARM-A  5.631  322.108
2022-03-13T02:44:00Z  439.151  -36.113  46.002  7.23736E-16  SWARM-A  5.640  324.038
2022-03-13T02:44:30Z  438.299  -34.182  46.009  7.26509E-16  SWARM-A  5.649  325.968
2022-03-13T02:45:00Z  437.456  -32.249  46.011  7.29544E-16  SWARM-A  5.658  327.898
2022-03-13T02:45:30Z  436.625  -30.316  46.007  7.32758E-16  SWARM-A  5.666  329.829
2022-03-13T02:46:00Z  435.809  -28.382  45.999  7.36112E-16  SWARM-A  5.673  331.759
2022-03-13T02:46:30Z  435.011  -26.447  45.986  7.38935E-16  SWARM-A  5.681  333.690
2022-03-13T02:47:00Z  434.234  -24.510  45.970  7.41837E-16  SWARM-A  5.688  335.621
2022-03-13T02:47:30Z  433.479  -22.573  45.950  7.44785E-16  SWARM-A  5.695  337.553
2022-03-13T02:48:00Z  432.749  -20.635  45.928  7.47711E-16  SWARM-A  5.702  339.484
2022-03-13T02:48:30Z  432.047  -18.697  45.903  7.50583E-16  SWARM-A  5.709  341.416
2022-03-13T02:49:00Z  431.375  -16.757  45.876  7.53314E-16  SWARM-A  5.715  343.347
2022-03-13T02:49:30Z  430.735  -14.817  45.847  7.55867E-16  SWARM-A  5.722  345.280
2022-03-13T02:50:00Z  430.128  -12.876  45.816  7.58244E-16  SWARM-A  5.728  347.212
2022-03-13T02:50:30Z  429.557  -10.935  45.784  7.60401E-16  SWARM-A  5.734  349.144
2022-03-13T02:51:00Z  429.022  -8.993  45.750  7.62322E-16  SWARM-A  5.740  351.077
2022-03-13T02:51:30Z  428.526  -7.050  45.716  7.63993E-16  SWARM-A  5.746  353.010
2022-03-13T02:52:00Z  428.069  -5.108  45.681  7.65418E-16  SWARM-A  5.752  354.943
2022-03-13T02:52:30Z  427.653  -3.164  45.645  7.66659E-16  SWARM-A  5.758  356.876
2022-03-13T02:53:00Z  427.278  -1.221  45.609  7.67616E-16  SWARM-A  5.764  358.809
2022-03-13T02:53:30Z  426.945  0.723  45.573  7.68455E-16  SWARM-A  5.770  0.743
2022-03-13T02:54:00Z  426.654  2.667  45.537  7.69106E-16  SWARM-A  5.776  2.677
2022-03-13T02:54:30Z  426.405  4.611  45.501  7.69831E-16  SWARM-A  5.782  4.611
2022-03-13T02:55:00Z  426.199  6.555  45.466  7.70341E-16  SWARM-A  5.788  6.545
2022-03-13T02:55:30Z  426.035  8.499  45.431  7.70790E-16  SWARM-A  5.794  8.479
2022-03-13T02:56:00Z  425.913  10.443  45.398  7.71221E-16  SWARM-A  5.800  10.413
2022-03-13T02:56:30Z  425.832  12.386  45.365  7.71642E-16  SWARM-A  5.806  12.348
2022-03-13T02:57:00Z  425.792  14.330  45.334  7.72046E-16  SWARM-A  5.812  14.283
2022-03-13T02:57:30Z  425.791  16.273  45.305  7.72488E-16  SWARM-A  5.819  16.218
2022-03-13T02:58:00Z  425.829  18.216  45.277  7.72968E-16  SWARM-A  5.825  18.153
2022-03-13T02:58:30Z  425.904  20.159  45.252  7.73441E-16  SWARM-A  5.832  20.088
2022-03-13T02:59:00Z  426.015  22.101  45.229  7.73960E-16  SWARM-A  5.839  22.024
2022-03-13T02:59:30Z  426.161  24.043  45.209  7.74568E-16  SWARM-A  5.846  23.959
2022-03-13T03:00:00Z  426.339  25.984  45.192  7.75442E-16  SWARM-A  5.853  25.895
2022-03-13T03:00:30Z  426.548  27.924  45.179  7.76331E-16  SWARM-A  5.860  27.831
2022-03-13T03:01:00Z  426.786  29.864  45.170  7.77414E-16  SWARM-A  5.868  29.767
2022-03-13T03:01:30Z  427.051  31.803  45.165  7.78719E-16  SWARM-A  5.876  31.703
2022-03-13T03:02:00Z  427.340  33.742  45.166  7.80247E-16  SWARM-A  5.885  33.640
2022-03-13T03:02:30Z  427.652  35.679  45.172  7.82068E-16  SWARM-A  5.893  35.576
2022-03-13T03:03:00Z  427.984  37.616  45.185  7.84206E-16  SWARM-A  5.903  37.513
2022-03-13T03:03:30Z  428.334  39.552  45.205  7.86721E-16  SWARM-A  5.912  39.449
2022-03-13T03:04:00Z  428.698  41.487  45.234  7.88934E-16  SWARM-A  5.922  41.386
2022-03-13T03:04:30Z  429.076  43.421  45.272  7.91462E-16  SWARM-A  5.933  43.323
2022-03-13T03:05:00Z  429.464  45.355  45.320  7.94448E-16  SWARM-A  5.945  45.260
2022-03-13T03:05:30Z  429.859  47.287  45.381  7.97944E-16  SWARM-A  5.957  47.197
2022-03-13T03:06:00Z  430.260  49.218  45.456  8.01996E-16  SWARM-A  5.971  49.134
2022-03-13T03:06:30Z  430.663  51.148  45.548  8.06472E-16  SWARM-A  5.985  51.071
2022-03-13T03:07:00Z  431.067  53.077  45.658  8.11513E-16  SWARM-A  6.001  53.008
2022-03-13T03:07:30Z  431.468  55.005  45.790  8.17100E-16  SWARM-A  6.018  54.946
2022-03-13T03:08:00Z  431.864  56.931  45.948  8.23276E-16  SWARM-A  6.037  56.883
2022-03-13T03:08:30Z  432.253  58.856  46.136  8.30061E-16  SWARM-A  6.058  58.821
2022-03-13T03:09:00Z  432.632  60.780  46.362  8.37525E-16  SWARM-A  6.081  60.758
2022-03-13T03:09:30Z  433.000  62.701  46.632  8.45580E-16  SWARM-A  6.107  62.696
2022-03-13T03:10:00Z  433.354  64.621  46.957  8.54178E-16  SWARM-A  6.137  64.634
2022-03-13T03:10:30Z  433.692  66.539  47.351  8.63357E-16  SWARM-A  6.172  66.571
2022-03-13T03:11:00Z  434.011  68.454  47.831  8.73146E-16  SWARM-A  6.212  68.509
2022-03-13T03:11:30Z  434.312  70.366  48.422  8.83617E-16  SWARM-A  6.260  70.447
2022-03-13T03:12:00Z  434.590  72.275  49.162  8.94760E-16  SWARM-A  6.318  72.385
2022-03-13T03:12:30Z  434.846  74.178  50.102  9.06599E-16  SWARM-A  6.389  74.323
2022-03-13T03:13:00Z  435.077  76.074  51.324  9.18663E-16  SWARM-A  6.478  76.261
2022-03-13T03:13:30Z  435.283  77.960  52.960  9.31491E-16  SWARM-A  6.596  78.199
2022-03-13T03:14:00Z  435.462  79.831  55.236  9.45097E-16  SWARM-A  6.756  80.137
2022-03-13T03:14:30Z  435.613  81.676  58.571  9.59572E-16  SWARM-A  6.987  82.075
2022-03-13T03:15:00Z  435.735  83.475  63.825  9.74935E-16  SWARM-A  7.345  84.012
2022-03-13T03:15:30Z  435.828  85.174  72.983  9.91273E-16  SWARM-A  7.964  85.950
2022-03-13T03:16:00Z  435.892  86.621  90.978  1.00870E-15  SWARM-A  9.172  87.888
2022-03-13T03:16:30Z  435.925  87.362  125.504  1.02633E-15  SWARM-A  11.482  89.826
2022-03-13T03:17:00Z  435.928  86.852  162.990  1.04317E-15  SWARM-A  13.990  91.764
2022-03-13T03:17:30Z  435.901  85.497  -176.172  1.06075E-15  SWARM-A  15.387  93.702
2022-03-13T03:18:00Z  435.844  83.831  -165.762  1.07944E-15  SWARM-A  16.089  95.640
2022-03-13T03:18:30Z  435.758  82.047  -159.932  1.09914E-15  SWARM-A  16.486  97.578
2022-03-13T03:19:00Z  435.643  80.209  -156.298  1.11970E-15  SWARM-A  16.737  99.516
2022-03-13T03:19:30Z  435.500  78.343  -153.850  1.14100E-15  SWARM-A  16.909  101.454
2022-03-13T03:20:00Z  435.329  76.459  -152.106  1.16296E-15  SWARM-A  17.033  103.392
2022-03-13T03:20:30Z  435.133  74.565  -150.813  1.18635E-15  SWARM-A  17.128  105.330
2022-03-13T03:21:00Z  434.911  72.663  -149.823  1.21053E-15  SWARM-A  17.202  107.267
2022-03-13T03:21:30Z  434.666  70.756  -149.048  1.23499E-15  SWARM-A  17.262  109.205
2022-03-13T03:22:00Z  434.399  68.845  -148.429  1.25962E-15  SWARM-A  17.312  111.143
2022-03-13T03:22:30Z  434.111  66.931  -147.929  1.28424E-15  SWARM-A  17.353  113.080
2022-03-13T03:23:00Z  433.805  65.013  -147.519  1.30875E-15  SWARM-A  17.389  115.018
2022-03-13T03:23:30Z  433.481  63.094  -147.182  1.33293E-15  SWARM-A  17.420  116.955
2022-03-13T03:24:00Z  433.143  61.173  -146.901  1.35674E-15  SWARM-A  17.447  118.893
2022-03-13T03:24:30Z  432.792  59.250  -146.667  1.38007E-15  SWARM-A  17.471  120.830
2022-03-13T03:25:00Z  432.430  57.326  -146.472  1.40138E-15  SWARM-A  17.492  122.767
2022-03-13T03:25:30Z  432.060  55.400  -146.308  1.42210E-15  SWARM-A  17.511  124.705
2022-03-13T03:26:00Z  431.684  53.473  -146.171  1.44242E-15  SWARM-A  17.529  126.642
2022-03-13T03:26:30Z  431.305  51.544  -146.057  1.46233E-15  SWARM-A  17.545  128.579
2022-03-13T03:27:00Z  430.924  49.615  -145.962  1.48185E-15  SWARM-A  17.559  130.516
2022-03-13T03:27:30Z  430.545  47.684  -145.884  1.50108E-15  SWARM-A  17.573  132.452
2022-03-13T03:28:00Z  430.170  45.753  -145.820  1.52002E-15  SWARM-A  17.586  134.389
2022-03-13T03:28:30Z  429.801  43.820  -145.769  1.53870E-15  SWARM-A  17.597  136.326
2022-03-13T03:29:00Z  429.441  41.886  -145.729  1.55711E-15  SWARM-A  17.608  138.262
2022-03-13T03:29:30Z  429.093  39.952  -145.699  1.57521E-15  SWARM-A  17.619  140.199
2022-03-13T03:30:00Z  428.759  38.016  -145.677  1.59293E-15  SWARM-A  17.628  142.135
2022-03-13T03:30:30Z  428.442  36.080  -145.663  1.61025E-15  SWARM-A  17.638  144.071
2022-03-13T03:31:00Z  428.143  34.143  -145.655  1.62690E-15  SWARM-A  17.647  146.007
2022-03-13T03:31:30Z  427.865  32.205  -145.653  1.64278E-15  SWARM-A  17.655  147.943
2022-03-13T03:32:00Z  427.611  30.267  -145.657  1.65796E-15  SWARM-A  17.663  149.879
2022-03-13T03:32:30Z  427.383  28.327  -145.665  1.67230E-15  SWARM-A  17.671  151.814
2022-03-13T03:33:00Z  427.182  26.387  -145.678  1.68575E-15  SWARM-A  17.678  153.750
2022-03-13T03:33:30Z  427.011  24.447  -145.694  1.69817E-15  SWARM-A  17.686  155.685
2022-03-13T03:34:00Z  426.871  22.506  -145.713  1.70948E-15  SWARM-A  17.693  157.620
2022-03-13T03:34:30Z  426.764  20.564  -145.736  1.71955E-15  SWARM-A  17.700  159.555
2022-03-13T03:35:00Z  426.692  18.622  -145.761  1.72838E-15  SWARM-A  17.706  161.490
2022-03-13T03:35:30Z  426.656  16.680  -145.788  1.73594E-15  SWARM-A  17.713  163.425
2022-03-13T03:36:00Z  426.657  14.737  -145.817  1.74224E-15  SWARM-A  17.719  165.359
2022-03-13T03:36:30Z  426.697  12.794  -145.848  1.74732E-15  SWARM-A  17.725  167.294
2022-03-13T03:37:00Z  426.776  10.851  -145.880  1.75127E-15  SWARM-A  17.732  169.228
2022-03-13T03:37:30Z  426.895  8.908  -145.913  1.75418E-15  SWARM-A  17.738  171.162
2022-03-13T03:38:00Z  427.055  6.964  -145.948  1.75610E-15  SWARM-A  17.744  173.096
2022-03-13T03:38:30Z  427.256  5.021  -145.983  1.75715E-15  SWARM-A  17.750  175.029
2022-03-13T03:39:00Z  427.498  3.077  -146.019  1.75747E-15  SWARM-A  17.756  176.963
2022-03-13T03:39:30Z  427.781  1.134  -146.055  1.75713E-15  SWARM-A  17.762  178.896
2022-03-13T03:40:00Z  428.105  -0.810  -146.091  1.75617E-15  SWARM-A  17.768  180.829
2022-03-13T03:40:30Z  428.470  -2.753  -146.127  1.75465E-15  SWARM-A  17.773  182.762
2022-03-13T03:41:00Z  428.875  -4.695  -146.163  1.75255E-15  SWARM-A  17.779  184.695
2022-03-13T03:41:30Z  429.320  -6.638  -146.199  1.74985E-15  SWARM-A  17.785  186.627
2022-03-13T03:42:00Z  429.803  -8.580  -146.233  1.74636E-15  SWARM-A  17.791  188.560
2022-03-13T03:42:30Z  430.323  -10.521  -146.267  1.74196E-15  SWARM-A  17.798  190.492
2022-03-13T03:43:00Z  430.879  -12.462  -146.300  1.73660E-15  SWARM-A  17.804  192.424
2022-03-13T03:43:30Z  431.470  -14.403  -146.331  1.73018E-15  SWARM-A  17.810  194.356
2022-03-13T03:44:00Z  432.094  -16.343  -146.360  1.72262E-15  SWARM-A  17.816  196.287
2022-03-13T03:44:30Z  432.750  -18.282  -146.388  1.71367E-15  SWARM-A  17.823  198.219
2022-03-13T03:45:00Z  433.434  -20.220  -146.414  1.70330E-15  SWARM-A  17.829  200.150
2022-03-13T03:45:30Z  434.145  -22.158  -146.437  1.69131E-15  SWARM-A  17.836  202.081
2022-03-13T03:46:00Z  434.882  -24.095  -146.457  1.67774E-15  SWARM-A  17.843  204.012
2022-03-13T03:46:30Z  435.640  -26.031  -146.474  1.66262E-15  SWARM-A  17.850  205.942
2022-03-13T03:47:00Z  436.419  -27.966  -146.488  1.64590E-15  SWARM-A  17.858  207.873
2022-03-13T03:47:30Z  437.216  -29.900  -146.497  1.62767E-15  SWARM-A  17.866  209.803
2022-03-13T03:48:00Z  438.027  -31.833  -146.502  1.60798E-15  SWARM-A  17.874  211.733
2022-03-13T03:48:30Z  438.850  -33.765  -146.502  1.58697E-15  SWARM-A  17.882  213.663
2022-03-13T03:49:00Z  439.682  -35.696  -146.496  1.56482E-15  SWARM-A  17.891  215.593
2022-03-13T03:49:30Z  440.520  -37.626  -146.483  1.54169E-15  SWARM-A  17.900  217.522
2022-03-13T03:50:00Z  441.362  -39.554  -146.464  1.51771E-15  SWARM-A  17.909  219.452
2022-03-13T03:50:30Z  442.204  -41.482  -146.436  1.49312E-15  SWARM-A  17.920  221.381
2022-03-13T03:51:00Z  443.043  -43.408  -146.399  1.46805E-15  SWARM-A  17.930  223.310
2022-03-13T03:51:30Z  443.876  -45.333  -146.351  1.44267E-15  SWARM-A  17.942  225.239
2022-03-13T03:52:00Z  444.701  -47.257  -146.291  1.41715E-15  SWARM-A  17.954  227.168
2022-03-13T03:52:30Z  445.514  -49.180  -146.217  1.39155E-15  SWARM-A  17.968  229.096
2022-03-13T03:53:00Z  446.312  -51.101  -146.127  1.36597E-15  SWARM-A  17.982  231.025
2022-03-13T03:53:30Z  447.092  -53.021  -146.019  1.34043E-15  SWARM-A  17.997  232.953
2022-03-13T03:54:00Z  447.852  -54.940  -145.889  1.31496E-15  SWARM-A  18.014  234.881
2022-03-13T03:54:30Z  448.589  -56.857  -145.734  1.28953E-15  SWARM-A  18.033  236.809
2022-03-13T03:55:00Z  449.299  -58.772  -145.548  1.26412E-15  SWARM-A  18.054  238.737
2022-03-13T03:55:30Z  449.981  -60.686  -145.326  1.23866E-15  SWARM-A  18.077  240.665
2022-03-13T03:56:00Z  450.632  -62.598  -145.060  1.21306E-15  SWARM-A  18.103  242.592
2022-03-13T03:56:30Z  451.249  -64.508  -144.741  1.18712E-15  SWARM-A  18.133  244.520
2022-03-13T03:57:00Z  451.830  -66.416  -144.355  1.16061E-15  SWARM-A  18.167  246.447
2022-03-13T03:57:30Z  452.373  -68.321  -143.885  1.13409E-15  SWARM-A  18.206  248.375
2022-03-13T03:58:00Z  452.875  -70.223  -143.307  1.10766E-15  SWARM-A  18.253  250.302
2022-03-13T03:58:30Z  453.336  -72.121  -142.585  1.08131E-15  SWARM-A  18.310  252.229
2022-03-13T03:59:00Z  453.753  -74.015  -141.670  1.05507E-15  SWARM-A  18.379  254.157
2022-03-13T03:59:30Z  454.124  -75.901  -140.485  1.02901E-15  SWARM-A  18.466  256.084
2022-03-13T04:00:00Z  454.449  -77.778  -138.906  1.00317E-15  SWARM-A  18.580  258.011
2022-03-13T04:00:30Z  454.726  -79.640  -136.723  9.77601E-16  SWARM-A  18.734  259.938
2022-03-13T04:01:00Z  454.953  -81.478  -133.549  9.52383E-16  SWARM-A  18.954  261.865
2022-03-13T04:01:30Z  455.130  -83.273  -128.606  9.27745E-16  SWARM-A  19.292  263.792
2022-03-13T04:02:00Z  455.257  -84.979  -120.130  9.03805E-16  SWARM-A  19.865  265.719
2022-03-13T04:02:30Z  455.332  -86.465  -103.749  8.80858E-16  SWARM-A  20.965  267.646
2022-03-13T04:03:00Z  455.356  -87.332  -71.584  8.59228E-16  SWARM-A  23.118  269.572
2022-03-13T04:03:30Z  455.328  -86.989  -32.867  8.38311E-16  SWARM-A  1.708  271.499
2022-03-13T04:04:00Z  455.249  -85.717  -9.981  8.17809E-16  SWARM-A  3.242  273.426
2022-03-13T04:04:30Z  455.118  -84.088  1.392  7.98283E-16  SWARM-A  4.008  275.353
2022-03-13T04:05:00Z  454.936  -82.326  7.668  7.79974E-16  SWARM-A  4.435  277.280
2022-03-13T04:05:30Z  454.703  -80.505  11.535  7.62911E-16  SWARM-A  4.701  279.207
2022-03-13T04:06:00Z  454.421  -78.652  14.118  7.47408E-16  SWARM-A  4.882  281.134
2022-03-13T04:06:30Z  454.091  -76.781  15.946  7.33148E-16  SWARM-A  5.012  283.062
2022-03-13T04:07:00Z  453.713  -74.899  17.296  7.19937E-16  SWARM-A  5.110  284.989
2022-03-13T04:07:30Z  453.289  -73.008  18.326  7.07819E-16  SWARM-A  5.187  286.916
2022-03-13T04:08:00Z  452.821  -71.112  19.130  6.96737E-16  SWARM-A  5.249  288.843
2022-03-13T04:08:30Z  452.309  -69.212  19.771  6.86612E-16  SWARM-A  5.300  290.771
2022-03-13T04:09:00Z  451.757  -67.308  20.288  6.77456E-16  SWARM-A  5.343  292.698
2022-03-13T04:09:30Z  451.167  -65.401  20.711  6.69232E-16  SWARM-A  5.379  294.626
2022-03-13T04:10:00Z  450.539  -63.492  21.060  6.61827E-16  SWARM-A  5.411  296.554
2022-03-13T04:10:30Z  449.877  -61.580  21.349  6.55221E-16  SWARM-A  5.439  298.482
2022-03-13T04:11:00Z  449.183  -59.667  21.590  6.49368E-16  SWARM-A  5.463  300.410
2022-03-13T04:11:30Z  448.460  -57.752  21.792  6.44230E-16  SWARM-A  5.485  302.338
2022-03-13T04:12:00Z  447.709  -55.835  21.961  6.39807E-16  SWARM-A  5.504  304.266
2022-03-13T04:12:30Z  446.935  -53.917  22.103  6.36016E-16  SWARM-A  5.522  306.194
2022-03-13T04:13:00Z  446.139  -51.998  22.221  6.32927E-16  SWARM-A  5.538  308.123
2022-03-13T04:13:30Z  445.325  -50.077  22.319  6.30564E-16  SWARM-A  5.553  310.052
2022-03-13T04:14:00Z  444.495  -48.154  22.400  6.28847E-16  SWARM-A  5.567  311.981
2022-03-13T04:14:30Z  443.653  -46.231  22.466  6.27848E-16  SWARM-A  5.580  313.910
2022-03-13T04:15:00Z  442.801  -44.306  22.519  6.27411E-16  SWARM-A  5.592  315.839
2022-03-13T04:15:30Z  441.942  -42.379  22.561  6.27486E-16  SWARM-A  5.603  317.768
2022-03-13T04:16:00Z  441.081  -40.452  22.593  6.28308E-16  SWARM-A  5.613  319.698
2022-03-13T04:16:30Z  440.218  -38.524  22.617  6.29861E-16  SWARM-A  5.623  321.627
2022-03-13T04:17:00Z  439.359  -36.594  22.633  6.32041E-16  SWARM-A  5.633  323.557
2022-03-13T04:17:30Z  438.505  -34.663  22.641  6.34930E-16  SWARM-A  5.642  325.487
2022-03-13T04:18:00Z  437.659  -32.731  22.644  6.38536E-16  SWARM-A  5.650  327.417
2022-03-13T04:18:30Z  436.825  -30.798  22.642  6.42726E-16  SWARM-A  5.658  329.348
2022-03-13T04:19:00Z  436.006  -28.864  22.634  6.47655E-16  SWARM-A  5.666  331.279
2022-03-13T04:19:30Z  435.203  -26.929  22.623  6.53382E-16  SWARM-A  5.674  333.209
2022-03-13T04:20:00Z  434.420  -24.993  22.607  6.59559E-16  SWARM-A  5.681  335.140
2022-03-13T04:20:30Z  433.659  -23.056  22.588  6.66276E-16  SWARM-A  5.688  337.072
2022-03-13T04:21:00Z  432.923  -21.118  22.567  6.73434E-16  SWARM-A  5.695  339.003
2022-03-13T04:21:30Z  432.213  -19.180  22.542  6.80980E-16  SWARM-A  5.702  340.935
2022-03-13T04:22:00Z  431.533  -17.240  22.516  6.88824E-16  SWARM-A  5.708  342.866
2022-03-13T04:22:30Z  430.885  -15.300  22.487  6.96904E-16  SWARM-A  5.715  344.798
2022-03-13T04:23:00Z  430.269  -13.360  22.456  7.05178E-16  SWARM-A  5.721  346.731
2022-03-13T04:23:30Z  429.688  -11.418  22.424  7.13510E-16  SWARM-A  5.727  348.663
2022-03-13T04:24:00Z  429.144  -9.477  22.391  7.21903E-16  SWARM-A  5.733  350.596
2022-03-13T04:24:30Z  428.637  -7.534  22.357  7.30294E-16  SWARM-A  5.739  352.528
2022-03-13T04:25:00Z  428.170  -5.591  22.322  7.38660E-16  SWARM-A  5.745  354.461
2022-03-13T04:25:30Z  427.743  -3.648  22.286  7.46958E-16  SWARM-A  5.751  356.394
2022-03-13T04:26:00Z  427.357  -1.705  22.250  7.55160E-16  SWARM-A  5.757  358.328
2022-03-13T04:26:30Z  427.012  0.239  22.214  7.63274E-16  SWARM-A  5.763  0.261
2022-03-13T04:27:00Z  426.710  2.183  22.178  7.71242E-16  SWARM-A  5.769  2.195
2022-03-13T04:27:30Z  426.450  4.127  22.142  7.79039E-16  SWARM-A  5.775  4.129
2022-03-13T04:28:00Z  426.232  6.071  22.106  7.86693E-16  SWARM-A  5.781  6.063
2022-03-13T04:28:30Z  426.057  8.015  22.072  7.94111E-16  SWARM-A  5.787  7.997
2022-03-13T04:29:00Z  425.923  9.959  22.038  8.01354E-16  SWARM-A  5.793  9.932
2022-03-13T04:29:30Z  425.831  11.902  22.005  8.08344E-16  SWARM-A  5.799  11.866
2022-03-13T04:30:00Z  425.780  13.846  21.973  8.15060E-16  SWARM-A  5.805  13.801
2022-03-13T04:30:30Z  425.769  15.789  21.943  8.21469E-16  SWARM-A  5.812  15.736
2022-03-13T04:31:00Z  425.797  17.732  21.915  8.27491E-16  SWARM-A  5.818  17.671
2022-03-13T04:31:30Z  425.862  19.675  21.889  8.33126E-16  SWARM-A  5.825  19.607
2022-03-13T04:32:00Z  425.964  21.617  21.866  8.38273E-16  SWARM-A  5.831  21.542
2022-03-13T04:32:30Z  426.100  23.559  21.845  8.42853E-16  SWARM-A  5.838  23.478
2022-03-13T04:33:00Z  426.270  25.500  21.827  8.46922E-16  SWARM-A  5.846  25.413
2022-03-13T04:33:30Z  426.470  27.441  21.813  8.50473E-16  SWARM-A  5.853  27.349
2022-03-13T04:34:00Z  426.701  29.381  21.802  8.53503E-16  SWARM-A  5.861  29.285
2022-03-13T04:34:30Z  426.958  31.321  21.797  8.56104E-16  SWARM-A  5.869  31.221
2022-03-13T04:35:00Z  427.241  33.259  21.796  8.58322E-16  SWARM-A  5.877  33.158
2022-03-13T04:35:30Z  427.547  35.197  21.801  8.60218E-16  SWARM-A  5.886  35.094
2022-03-13T04:36:00Z  427.874  37.134  21.812  8.61909E-16  SWARM-A  5.895  37.031
2022-03-13T04:36:30Z  428.219  39.070  21.830  8.63474E-16  SWARM-A  5.904  38.967
2022-03-13T04:37:00Z  428.579  41.006  21.856  8.64982E-16  SWARM-A  5.914  40.904
2022-03-13T04:37:30Z  428.953  42.940  21.892  8.66589E-16  SWARM-A  5.925  42.841
2022-03-13T04:38:00Z  429.338  44.874  21.938  8.68330E-16  SWARM-A  5.936  44.778
2022-03-13T04:38:30Z  429.732  46.806  21.995  8.70319E-16  SWARM-A  5.948  46.715
2022-03-13T04:39:00Z  430.130  48.738  22.066  8.72486E-16  SWARM-A  5.962  48.652
2022-03-13T04:39:30Z  430.532  50.668  22.153  8.75035E-16  SWARM-A  5.976  50.589
2022-03-13T04:40:00Z  430.935  52.597  22.258  8.78044E-16  SWARM-A  5.991  52.526
2022-03-13T04:40:30Z  431.336  54.525  22.384  8.81552E-16  SWARM-A  6.008  54.464
2022-03-13T04:41:00Z  431.733  56.452  22.535  8.85604E-16  SWARM-A  6.026  56.401
2022-03-13T04:41:30Z  432.123  58.377  22.716  8.90237E-16  SWARM-A  6.047  58.339
2022-03-13T04:42:00Z  432.504  60.301  22.931  8.95452E-16  SWARM-A  6.069  60.276
2022-03-13T04:42:30Z  432.874  62.224  23.189  9.01265E-16  SWARM-A  6.095  62.214
2022-03-13T04:43:00Z  433.231  64.144  23.500  9.07717E-16  SWARM-A  6.124  64.152
2022-03-13T04:43:30Z  433.572  66.062  23.874  9.14795E-16  SWARM-A  6.157  66.089
2022-03-13T04:44:00Z  433.896  67.978  24.330  9.22537E-16  SWARM-A  6.196  68.027
2022-03-13T04:44:30Z  434.201  69.891  24.891  9.30996E-16  SWARM-A  6.242  69.965
2022-03-13T04:45:00Z  434.484  71.801  25.589  9.40138E-16  SWARM-A  6.296  71.903
2022-03-13T04:45:30Z  434.745  73.705  26.473  9.50022E-16  SWARM-A  6.364  73.841
2022-03-13T04:46:00Z  434.982  75.603  27.614  9.60637E-16  SWARM-A  6.448  75.779
2022-03-13T04:46:30Z  435.193  77.492  29.130  9.72039E-16  SWARM-A  6.558  77.717
2022-03-13T04:47:00Z  435.378  79.368  31.217  9.84257E-16  SWARM-A  6.705  79.655
2022-03-13T04:47:30Z  435.535  81.221  34.230  9.97347E-16  SWARM-A  6.914  81.593
2022-03-13T04:48:00Z  435.664  83.034  38.883  1.01145E-15  SWARM-A  7.233  83.531
2022-03-13T04:48:30Z  435.764  84.767  46.768  1.02665E-15  SWARM-A  7.767  85.469
2022-03-13T04:49:00Z  435.834  86.303  61.836  1.04310E-15  SWARM-A  8.780  87.407
2022-03-13T04:49:30Z  435.873  87.286  92.029  1.06082E-15  SWARM-A  10.801  89.345
2022-03-13T04:50:00Z  435.883  87.089  131.766  1.07889E-15  SWARM-A  13.458  91.283
2022-03-13T04:50:30Z  435.863  85.877  156.612  1.09776E-15  SWARM-A  15.123  93.221
2022-03-13T04:51:00Z  435.813  84.261  168.869  1.11812E-15  SWARM-A  15.948  95.159
2022-03-13T04:51:30Z  435.733  82.498  175.525  1.13982E-15  SWARM-A  16.401  97.097
2022-03-13T04:52:00Z  435.625  80.670  179.576  1.16271E-15  SWARM-A  16.679  99.035
2022-03-13T04:52:30Z  435.488  78.809  -177.740  1.18666E-15  SWARM-A  16.866  100.972
2022-03-13T04:53:00Z  435.323  76.929  -175.852  1.21151E-15  SWARM-A  17.000  102.910
2022-03-13T04:53:30Z  435.132  75.037  -174.464  1.23709E-15  SWARM-A  17.101  104.848
2022-03-13T04:54:00Z  434.916  73.137  -173.409  1.26320E-15  SWARM-A  17.180  106.786
2022-03-13T04:54:30Z  434.676  71.231  -172.588  1.28964E-15  SWARM-A  17.243  108.724
2022-03-13T04:55:00Z  434.413  69.320  -171.935  1.31619E-15  SWARM-A  17.295  110.661
2022-03-13T04:55:30Z  434.130  67.407  -171.408  1.34243E-15  SWARM-A  17.338  112.599
2022-03-13T04:56:00Z  433.828  65.490  -170.979  1.36824E-15  SWARM-A  17.375  114.537
2022-03-13T04:56:30Z  433.508  63.571  -170.625  1.39361E-15  SWARM-A  17.407  116.474
2022-03-13T04:57:00Z  433.173  61.650  -170.332  1.41826E-15  SWARM-A  17.435  118.412
2022-03-13T04:57:30Z  432.825  59.728  -170.087  1.44214E-15  SWARM-A  17.460  120.349
2022-03-13T04:58:00Z  432.465  57.804  -169.883  1.46514E-15  SWARM-A  17.482  122.286
2022-03-13T04:58:30Z  432.097  55.878  -169.712  1.48725E-15  SWARM-A  17.501  124.223
2022-03-13T04:59:00Z  431.722  53.951  -169.569  1.50844E-15  SWARM-A  17.519  126.161
2022-03-13T04:59:30Z  431.344  52.023  -169.449  1.52875E-15  SWARM-A  17.536  128.098
2022-03-13T05:00:00Z  430.963  50.094  -169.350  1.54818E-15  SWARM-A  17.551  130.035
2022-03-13T05:00:30Z  430.584  48.164  -169.268  1.56680E-15  SWARM-A  17.564  131.972
2022-03-13T05:01:00Z  430.207  46.232  -169.201  1.58469E-15  SWARM-A  17.577  133.908
2022-03-13T05:01:30Z  429.837  44.300  -169.147  1.60183E-15  SWARM-A  17.589  135.845
2022-03-13T05:02:00Z  429.475  42.366  -169.105  1.61840E-15  SWARM-A  17.600  137.781
2022-03-13T05:02:30Z  429.124  40.432  -169.072  1.63438E-15  SWARM-A  17.611  139.718
2022-03-13T05:03:00Z  428.787  38.497  -169.048  1.64970E-15  SWARM-A  17.621  141.654
2022-03-13T05:03:30Z  428.465  36.561  -169.032  1.66433E-15  SWARM-A  17.630  143.590
2022-03-13T05:04:00Z  428.162  34.624  -169.023  1.67809E-15  SWARM-A  17.639  145.527
2022-03-13T05:04:30Z  427.879  32.686  -169.020  1.69111E-15  SWARM-A  17.648  147.462
2022-03-13T05:05:00Z  427.619  30.748  -169.023  1.70340E-15  SWARM-A  17.656  149.398
2022-03-13T05:05:30Z  427.385  28.809  -169.030  1.71487E-15  SWARM-A  17.664  151.334
2022-03-13T05:06:00Z  427.177  26.869  -169.041  1.72544E-15  SWARM-A  17.671  153.269
2022-03-13T05:06:30Z  426.999  24.928  -169.057  1.73502E-15  SWARM-A  17.678  155.205
2022-03-13T05:07:00Z  426.851  22.987  -169.075  1.74345E-15  SWARM-A  17.686  157.140
2022-03-13T05:07:30Z  426.737  21.046  -169.097  1.75072E-15  SWARM-A  17.692  159.075
2022-03-13T05:08:00Z  426.656  19.104  -169.121  1.75671E-15  SWARM-A  17.699  161.010
2022-03-13T05:08:30Z  426.611  17.162  -169.148  1.76145E-15  SWARM-A  17.706  162.945
2022-03-13T05:09:00Z  426.604  15.219  -169.177  1.76485E-15  SWARM-A  17.712  164.879
2022-03-13T05:09:30Z  426.634  13.276  -169.207  1.76705E-15  SWARM-A  17.718  166.814
2022-03-13T05:10:00Z  426.704  11.333  -169.239  1.76803E-15  SWARM-A  17.725  168.748
2022-03-13T05:10:30Z  426.814  9.389  -169.273  1.76786E-15  SWARM-A  17.731  170.682
2022-03-13T05:11:00Z  426.964  7.446  -169.307  1.76653E-15  SWARM-A  17.737  172.616
2022-03-13T05:11:30Z  427.155  5.502  -169.342  1.76422E-15  SWARM-A  17.743  174.550
2022-03-13T05:12:00Z  427.387  3.559  -169.378  1.76100E-15  SWARM-A  17.749  176.483
2022-03-13T05:12:30Z  427.661  1.615  -169.414  1.75691E-15  SWARM-A  17.755  178.417
2022-03-13T05:13:00Z  427.976  -0.328  -169.450  1.75200E-15  SWARM-A  17.761  180.350
2022-03-13T05:13:30Z  428.332  -2.271  -169.486  1.74637E-15  SWARM-A  17.767  182.283
2022-03-13T05:14:00Z  428.729  -4.214  -169.522  1.73998E-15  SWARM-A  17.772  184.216
2022-03-13T05:14:30Z  429.165  -6.156  -169.558  1.73284E-15  SWARM-A  17.778  186.148
2022-03-13T05:15:00Z  429.639  -8.099  -169.592  1.72499E-15  SWARM-A  17.784  188.081
2022-03-13T05:15:30Z  430.152  -10.040  -169.627  1.71631E-15  SWARM-A  17.790  190.013
2022-03-13T05:16:00Z  430.701  -11.981  -169.659  1.70674E-15  SWARM-A  17.797  191.945
2022-03-13T05:16:30Z  431.284  -13.922  -169.691  1.69621E-15  SWARM-A  17.803  193.877
2022-03-13T05:17:00Z  431.902  -15.862  -169.721  1.68469E-15  SWARM-A  17.809  195.809
2022-03-13T05:17:30Z  432.551  -17.801  -169.749  1.67233E-15  SWARM-A  17.816  197.740
2022-03-13T05:18:00Z  433.229  -19.740  -169.776  1.65939E-15  SWARM-A  17.822  199.671
2022-03-13T05:18:30Z  433.935  -21.678  -169.799  1.64517E-15  SWARM-A  17.829  201.603
2022-03-13T05:19:00Z  434.667  -23.615  -169.820  1.62975E-15  SWARM-A  17.836  203.533
2022-03-13T05:19:30Z  435.421  -25.551  -169.838  1.61306E-15  SWARM-A  17.843  205.464
2022-03-13T05:20:00Z  436.197  -27.486  -169.853  1.59510E-15  SWARM-A  17.850  207.395
2022-03-13T05:20:30Z  436.990  -29.421  -169.863  1.57597E-15  SWARM-A  17.858  209.325
2022-03-13T05:21:00Z  437.799  -31.354  -169.869  1.55577E-15  SWARM-A  17.866  211.255
2022-03-13T05:21:30Z  438.620  -33.286  -169.871  1.53452E-15  SWARM-A  17.874  213.185
2022-03-13T05:22:00Z  439.451  -35.218  -169.866  1.51237E-15  SWARM-A  17.883  215.115
2022-03-13T05:22:30Z  440.289  -37.148  -169.856  1.48945E-15  SWARM-A  17.892  217.044
2022-03-13T05:23:00Z  441.131  -39.077  -169.838  1.46592E-15  SWARM-A  17.901  218.974
2022-03-13T05:23:30Z  441.974  -41.005  -169.812  1.44195E-15  SWARM-A  17.911  220.903
2022-03-13T05:24:00Z  442.815  -42.931  -169.777  1.41764E-15  SWARM-A  17.922  222.832
2022-03-13T05:24:30Z  443.650  -44.857  -169.732  1.39315E-15  SWARM-A  17.933  224.761
2022-03-13T05:25:00Z  444.478  -46.781  -169.676  1.36852E-15  SWARM-A  17.946  226.690
2022-03-13T05:25:30Z  445.295  -48.704  -169.606  1.34392E-15  SWARM-A  17.959  228.619
2022-03-13T05:26:00Z  446.098  -50.626  -169.520  1.31937E-15  SWARM-A  17.973  230.547
2022-03-13T05:26:30Z  446.884  -52.546  -169.417  1.29414E-15  SWARM-A  17.988  232.475
2022-03-13T05:27:00Z  447.650  -54.465  -169.293  1.26883E-15  SWARM-A  18.004  234.404
2022-03-13T05:27:30Z  448.394  -56.382  -169.144  1.24362E-15  SWARM-A  18.023  236.332
2022-03-13T05:28:00Z  449.112  -58.298  -168.966  1.21845E-15  SWARM-A  18.043  238.260
2022-03-13T05:28:30Z  449.803  -60.213  -168.754  1.19331E-15  SWARM-A  18.065  240.187
2022-03-13T05:29:00Z  450.462  -62.125  -168.500  1.16832E-15  SWARM-A  18.091  242.115
2022-03-13T05:29:30Z  451.089  -64.036  -168.196  1.14352E-15  SWARM-A  18.119  244.043
2022-03-13T05:30:00Z  451.680  -65.944  -167.828  1.11894E-15  SWARM-A  18.152  245.970
2022-03-13T05:30:30Z  452.234  -67.850  -167.381  1.09449E-15  SWARM-A  18.190  247.898
2022-03-13T05:31:00Z  452.748  -69.753  -166.832  1.07015E-15  SWARM-A  18.235  249.825
2022-03-13T05:31:30Z  453.220  -71.652  -166.151  1.04583E-15  SWARM-A  18.289  251.752
2022-03-13T05:32:00Z  453.650  -73.546  -165.290  1.02156E-15  SWARM-A  18.355  253.679
2022-03-13T05:32:30Z  454.034  -75.435  -164.182  9.97350E-16  SWARM-A  18.437  255.606
2022-03-13T05:33:00Z  454.371  -77.314  -162.716  9.73250E-16  SWARM-A  18.543  257.534
2022-03-13T05:33:30Z  454.661  -79.181  -160.710  9.49359E-16  SWARM-A  18.685  259.461
2022-03-13T05:34:00Z  454.902  -81.026  -157.834  9.25780E-16  SWARM-A  18.885  261.388
2022-03-13T05:34:30Z  455.094  -82.835  -153.441  9.02660E-16  SWARM-A  19.186  263.315
2022-03-13T05:35:00Z  455.234  -84.570  -146.105  8.80138E-16  SWARM-A  19.684  265.241
2022-03-13T05:35:30Z  455.324  -86.133  -132.337  8.58406E-16  SWARM-A  20.610  267.168
2022-03-13T05:36:00Z  455.362  -87.214  -104.590  8.37754E-16  SWARM-A  22.468  269.095
2022-03-13T05:36:30Z  455.348  -87.191  -64.675  8.17879E-16  SWARM-A  1.137  271.022
2022-03-13T05:37:00Z  455.282  -86.082  -37.572  7.98116E-16  SWARM-A  2.953  272.949
2022-03-13T05:37:30Z  455.165  -84.510  -24.142  7.78993E-16  SWARM-A  3.856  274.876
2022-03-13T05:38:00Z  454.997  -82.770  -16.955  7.60746E-16  SWARM-A  4.344  276.803
2022-03-13T05:38:30Z  454.778  -80.960  -12.634  7.43455E-16  SWARM-A  4.640  278.730
2022-03-13T05:39:00Z  454.509  -79.113  -9.799  7.27071E-16  SWARM-A  4.837  280.657
2022-03-13T05:39:30Z  454.192  -77.246  -7.817  7.11747E-16  SWARM-A  4.978  282.584
2022-03-13T05:40:00Z  453.827  -75.366  -6.366  6.97309E-16  SWARM-A  5.083  284.512
2022-03-13T05:40:30Z  453.415  -73.477  -5.268  6.83722E-16  SWARM-A  5.164  286.439
2022-03-13T05:41:00Z  452.959  -71.583  -4.415  6.70996E-16  SWARM-A  5.230  288.366
2022-03-13T05:41:30Z  452.459  -69.683  -3.739  6.59124E-16  SWARM-A  5.283  290.293
2022-03-13T05:42:00Z  451.918  -67.780  -3.195  6.48180E-16  SWARM-A  5.328  292.221
2022-03-13T05:42:30Z  451.338  -65.874  -2.751  6.38055E-16  SWARM-A  5.366  294.149
2022-03-13T05:43:00Z  450.720  -63.965  -2.385  6.28793E-16  SWARM-A  5.398  296.076
2022-03-13T05:43:30Z  450.068  -62.054  -2.083  6.20300E-16  SWARM-A  5.427  298.004
2022-03-13T05:44:00Z  449.382  -60.141  -1.831  6.12562E-16  SWARM-A  5.452  299.932
2022-03-13T05:44:30Z  448.667  -58.227  -1.620  6.05594E-16  SWARM-A  5.474  301.860
2022-03-13T05:45:00Z  447.924  -56.311  -1.443  5.99458E-16  SWARM-A  5.494  303.788
2022-03-13T05:45:30Z  447.156  -54.393  -1.296  5.94095E-16  SWARM-A  5.513  305.717
2022-03-13T05:46:00Z  446.366  -52.474  -1.172  5.89546E-16  SWARM-A  5.529  307.645
2022-03-13T05:46:30Z  445.557  -50.553  -1.070  5.86002E-16  SWARM-A  5.544  309.574
2022-03-13T05:47:00Z  444.731  -48.631  -0.985  5.83627E-16  SWARM-A  5.558  311.503
2022-03-13T05:47:30Z  443.893  -46.708  -0.915  5.82114E-16  SWARM-A  5.571  313.432
2022-03-13T05:48:00Z  443.044  -44.783  -0.859  5.81418E-16  SWARM-A  5.583  315.361
2022-03-13T05:48:30Z  442.187  -42.857  -0.814  5.81563E-16  SWARM-A  5.595  317.290
2022-03-13T05:49:00Z  441.327  -40.930  -0.780  5.82200E-16  SWARM-A  5.605  319.219
2022-03-13T05:49:30Z  440.465  -39.002  -0.755  5.83246E-16  SWARM-A  5.615  321.149
2022-03-13T05:50:00Z  439.605  -37.072  -0.737  5.85130E-16  SWARM-A  5.625  323.079
2022-03-13T05:50:30Z  438.750  -35.142  -0.727  5.87910E-16  SWARM-A  5.634  325.009
2022-03-13T05:51:00Z  437.903  -33.210  -0.722  5.91455E-16  SWARM-A  5.643  326.939
2022-03-13T05:51:30Z  437.066  -31.277  -0.724  5.95686E-16  SWARM-A  5.651  328.869
2022-03-13T05:52:00Z  436.243  -29.344  -0.730  6.00558E-16  SWARM-A  5.659  330.800
2022-03-13T05:52:30Z  435.437  -27.409  -0.741  6.06033E-16  SWARM-A  5.666  332.731
2022-03-13T05:53:00Z  434.649  -25.473  -0.755  6.12368E-16  SWARM-A  5.674  334.662
2022-03-13T05:53:30Z  433.883  -23.536  -0.773  6.19362E-16  SWARM-A  5.681  336.593
2022-03-13T05:54:00Z  433.141  -21.599  -0.794  6.26717E-16  SWARM-A  5.688  338.524
2022-03-13T05:54:30Z  432.425  -19.661  -0.818  6.34402E-16  SWARM-A  5.694  340.456
2022-03-13T05:55:00Z  431.738  -17.722  -0.845  6.42360E-16  SWARM-A  5.701  342.387
2022-03-13T05:55:30Z  431.082  -15.782  -0.873  6.50501E-16  SWARM-A  5.708  344.319
2022-03-13T05:56:00Z  430.459  -13.841  -0.903  6.58754E-16  SWARM-A  5.714  346.251
2022-03-13T05:56:30Z  429.869  -11.900  -0.935  6.67099E-16  SWARM-A  5.720  348.184
2022-03-13T05:57:00Z  429.316  -9.958  -0.968  6.74521E-16  SWARM-A  5.726  350.116
2022-03-13T05:57:30Z  428.800  -8.016  -1.002  6.81897E-16  SWARM-A  5.732  352.049
2022-03-13T05:58:00Z  428.323  -6.074  -1.037  6.89228E-16  SWARM-A  5.738  353.982
2022-03-13T05:58:30Z  427.886  -4.131  -1.072  6.96432E-16  SWARM-A  5.744  355.915
2022-03-13T05:59:00Z  427.489  -2.187  -1.108  7.03514E-16  SWARM-A  5.750  357.848
2022-03-13T05:59:30Z  427.134  -0.244  -1.144  7.10485E-16  SWARM-A  5.756  359.782
2022-03-13T06:00:00Z  426.820  1.700  -1.181  7.18408E-16  SWARM-A  5.762  1.715
2022-03-13T06:00:30Z  426.549  3.644  -1.217  7.24962E-16  SWARM-A  5.768  3.649
2022-03-13T06:01:00Z  426.320  5.588  -1.252  7.31003E-16  SWARM-A  5.774  5.583
2022-03-13T06:01:30Z  426.133  7.532  -1.287  7.36721E-16  SWARM-A  5.780  7.517
2022-03-13T06:02:00Z  425.988  9.476  -1.321  7.42240E-16  SWARM-A  5.786  9.452
2022-03-13T06:02:30Z  425.884  11.420  -1.355  7.47437E-16  SWARM-A  5.792  11.386
2022-03-13T06:03:00Z  425.822  13.364  -1.387  7.52415E-16  SWARM-A  5.798  13.321
2022-03-13T06:03:30Z  425.799  15.307  -1.417  7.57093E-16  SWARM-A  5.805  15.256
2022-03-13T06:04:00Z  425.816  17.250  -1.446  7.61474E-16  SWARM-A  5.811  17.191
2022-03-13T06:04:30Z  425.870  19.193  -1.472  7.65531E-16  SWARM-A  5.818  19.126
2022-03-13T06:05:00Z  425.961  21.135  -1.496  7.69292E-16  SWARM-A  5.824  21.062
2022-03-13T06:05:30Z  426.087  23.077  -1.518  7.72727E-16  SWARM-A  5.831  22.997
2022-03-13T06:06:00Z  426.247  25.019  -1.537  7.75873E-16  SWARM-A  5.838  24.933
2022-03-13T06:06:30Z  426.438  26.959  -1.552  7.78673E-16  SWARM-A  5.846  26.869
2022-03-13T06:07:00Z  426.659  28.900  -1.563  7.81194E-16  SWARM-A  5.853  28.805
2022-03-13T06:07:30Z  426.908  30.839  -1.570  7.83429E-16  SWARM-A  5.861  30.741
2022-03-13T06:08:00Z  427.183  32.778  -1.572  7.85475E-16  SWARM-A  5.869  32.677
2022-03-13T06:08:30Z  427.481  34.716  -1.569  7.87382E-16  SWARM-A  5.878  34.613
2022-03-13T06:09:00Z  427.801  36.653  -1.559  7.89210E-16  SWARM-A  5.887  36.550
2022-03-13T06:09:30Z  428.139  38.590  -1.543  7.91031E-16  SWARM-A  5.896  38.486
2022-03-13T06:10:00Z  428.494  40.525  -1.519  7.92895E-16  SWARM-A  5.906  40.423
2022-03-13T06:10:30Z  428.863  42.460  -1.486  7.94871E-16  SWARM-A  5.917  42.360
2022-03-13T06:11:00Z  429.243  44.394  -1.443  7.97081E-16  SWARM-A  5.928  44.297
2022-03-13T06:11:30Z  429.632  46.327  -1.388  7.99572E-16  SWARM-A  5.940  46.234
2022-03-13T06:12:00Z  430.027  48.258  -1.321  8.02444E-16  SWARM-A  5.953  48.171
2022-03-13T06:12:30Z  430.426  50.189  -1.238  8.05730E-16  SWARM-A  5.967  50.108
2022-03-13T06:13:00Z  430.827  52.118  -1.138  8.09450E-16  SWARM-A  5.982  52.046
2022-03-13T06:13:30Z  431.226  54.047  -1.017  8.13602E-16  SWARM-A  5.998  53.983
2022-03-13T06:14:00Z  431.622  55.974  -0.873  8.18361E-16  SWARM-A  6.016  55.920
2022-03-13T06:14:30Z  432.012  57.900  -0.701  8.23676E-16  SWARM-A  6.036  57.858
2022-03-13T06:15:00Z  432.393  59.824  -0.494  8.29646E-16  SWARM-A  6.058  59.795
2022-03-13T06:15:30Z  432.763  61.747  -0.248  8.36225E-16  SWARM-A  6.083  61.733
2022-03-13T06:16:00Z  433.121  63.668  0.048  8.43447E-16  SWARM-A  6.111  63.671
2022-03-13T06:16:30Z  433.463  65.586  0.405  8.51292E-16  SWARM-A  6.143  65.609
2022-03-13T06:17:00Z  433.789  67.503  0.839  8.59813E-16  SWARM-A  6.180  67.546
2022-03-13T06:17:30Z  434.095  69.417  1.371  8.69000E-16  SWARM-A  6.224  69.484
2022-03-13T06:18:00Z  434.381  71.327  2.031  8.78862E-16  SWARM-A  6.276  71.422
2022-03-13T06:18:30Z  434.645  73.233  2.863  8.89426E-16  SWARM-A  6.340  73.360
2022-03-13T06:19:00Z  434.884  75.133  3.932  9.00820E-16  SWARM-A  6.420  75.298
2022-03-13T06:19:30Z  435.099  77.025  5.340  9.13011E-16  SWARM-A  6.522  77.236
2022-03-13T06:20:00Z  435.287  78.904  7.260  9.26010E-16  SWARM-A  6.658  79.174
2022-03-13T06:20:30Z  435.448  80.764  9.995  9.39980E-16  SWARM-A  6.849  81.112
2022-03-13T06:21:00Z  435.581  82.590  14.140  9.54937E-16  SWARM-A  7.133  83.050
2022-03-13T06:21:30Z  435.684  84.349  20.985  9.70939E-16  SWARM-A  7.598  84.988
2022-03-13T06:22:00Z  435.758  85.953  33.672  9.88245E-16  SWARM-A  8.452  86.926
2022-03-13T06:22:30Z  435.802  87.130  59.406  1.00688E-15  SWARM-A  10.176  88.864
2022-03-13T06:23:00Z  435.817  87.260  99.372  1.02615E-15  SWARM-A  12.849  90.802
2022-03-13T06:23:30Z  435.801  86.233  128.640  1.04596E-15  SWARM-A  14.808  92.740
2022-03-13T06:24:00Z  435.755  84.682  143.174  1.06713E-15  SWARM-A  15.786  94.678
2022-03-13T06:24:30Z  435.680  82.943  150.828  1.08969E-15  SWARM-A  16.304  96.616
2022-03-13T06:25:00Z  435.575  81.127  155.368  1.11345E-15  SWARM-A  16.615  98.554
2022-03-13T06:25:30Z  435.442  79.273  158.320  1.13827E-15  SWARM-A  16.821  100.492
2022-03-13T06:26:00Z  435.282  77.396  160.370  1.16410E-15  SWARM-A  16.965  102.430
2022-03-13T06:26:30Z  435.095  75.507  161.863  1.19083E-15  SWARM-A  17.073  104.368
2022-03-13T06:27:00Z  434.882  73.608  162.989  1.21824E-15  SWARM-A  17.157  106.306
2022-03-13T06:27:30Z  434.646  71.704  163.861  1.24620E-15  SWARM-A  17.223  108.244
2022-03-13T06:28:00Z  434.386  69.794  164.551  1.27456E-15  SWARM-A  17.278  110.181
2022-03-13T06:28:30Z  434.105  67.881  165.105  1.30308E-15  SWARM-A  17.323  112.119
2022-03-13T06:29:00Z  433.805  65.965  165.557  1.33279E-15  SWARM-A  17.361  114.057
2022-03-13T06:29:30Z  433.488  64.047  165.927  1.36329E-15  SWARM-A  17.394  115.994
2022-03-13T06:30:00Z  433.154  62.126  166.234  1.39354E-15  SWARM-A  17.423  117.932
2022-03-13T06:30:30Z  432.807  60.204  166.490  1.42248E-15  SWARM-A  17.449  119.869
2022-03-13T06:31:00Z  432.448  58.280  166.704  1.45069E-15  SWARM-A  17.471  121.807
2022-03-13T06:31:30Z  432.080  56.355  166.882  1.47831E-15  SWARM-A  17.491  123.744
2022-03-13T06:32:00Z  431.705  54.429  167.032  1.50531E-15  SWARM-A  17.510  125.681
2022-03-13T06:32:30Z  431.326  52.501  167.157  1.53188E-15  SWARM-A  17.526  127.618
2022-03-13T06:33:00Z  430.944  50.572  167.260  1.55691E-15  SWARM-A  17.542  129.555
2022-03-13T06:33:30Z  430.563  48.642  167.346  1.57871E-15  SWARM-A  17.556  131.492
2022-03-13T06:34:00Z  430.185  46.710  167.417  1.59982E-15  SWARM-A  17.569  133.429
2022-03-13T06:34:30Z  429.812  44.778  167.474  1.62022E-15  SWARM-A  17.581  135.366
2022-03-13T06:35:00Z  429.447  42.845  167.519  1.64003E-15  SWARM-A  17.592  137.303
2022-03-13T06:35:30Z  429.093  40.911  167.554  1.65921E-15  SWARM-A  17.603  139.239
2022-03-13T06:36:00Z  428.752  38.976  167.580  1.67895E-15  SWARM-A  17.613  141.176
2022-03-13T06:36:30Z  428.426  37.040  167.597  1.69945E-15  SWARM-A  17.622  143.112
2022-03-13T06:37:00Z  428.118  35.103  167.608  1.71926E-15  SWARM-A  17.631  145.048
2022-03-13T06:37:30Z  427.830  33.165  167.612  1.73823E-15  SWARM-A  17.640  146.984
2022-03-13T06:38:00Z  427.565  31.227  167.611  1.75626E-15  SWARM-A  17.648  148.920
2022-03-13T06:38:30Z  427.324  29.288  167.605  1.77322E-15  SWARM-A  17.656  150.856
2022-03-13T06:39:00Z  427.111  27.348  167.595  1.78788E-15  SWARM-A  17.664  152.791
2022-03-13T06:39:30Z  426.926  25.408  167.580  1.79912E-15  SWARM-A  17.671  154.727
2022-03-13T06:40:00Z  426.772  23.467  167.562  1.80897E-15  SWARM-A  17.678  156.662
2022-03-13T06:40:30Z  426.650  21.526  167.541  1.81733E-15  SWARM-A  17.685  158.597
2022-03-13T06:41:00Z  426.563  19.584  167.517  1.82412E-15  SWARM-A  17.692  160.532
2022-03-13T06:41:30Z  426.511  17.641  167.491  1.82933E-15  SWARM-A  17.699  162.467
2022-03-13T06:42:00Z  426.496  15.699  167.463  1.83292E-15  SWARM-A  17.705  164.402
2022-03-13T06:42:30Z  426.519  13.756  167.433  1.83487E-15  SWARM-A  17.711  166.336
2022-03-13T06:43:00Z  426.581  11.813  167.401  1.83451E-15  SWARM-A  17.718  168.271
2022-03-13T06:43:30Z  426.683  9.869  167.368  1.83271E-15  SWARM-A  17.724  170.205
2022-03-13T06:44:00Z  426.825  7.926  167.334  1.82956E-15  SWARM-A  17.730  172.139
2022-03-13T06:44:30Z  427.009  5.982  167.299  1.82516E-15  SWARM-A  17.736  174.073
2022-03-13T06:45:00Z  427.233  4.038  167.264  1.81961E-15  SWARM-A  17.742  176.007
2022-03-13T06:45:30Z  427.500  2.095  167.228  1.81299E-15  SWARM-A  17.748  177.940
2022-03-13T06:46:00Z  427.807  0.151  167.191  1.80543E-15  SWARM-A  17.754  179.873
2022-03-13T06:46:30Z  428.156  -1.792  167.155  1.79696E-15  SWARM-A  17.760  181.806
2022-03-13T06:47:00Z  428.545  -3.735  167.119  1.78760E-15  SWARM-A  17.765  183.739
2022-03-13T06:47:30Z  428.974  -5.677  167.083  1.77739E-15  SWARM-A  17.771  185.672
2022-03-13T06:48:00Z  429.442  -7.620  167.048  1.76632E-15  SWARM-A  17.777  187.605
2022-03-13T06:48:30Z  429.948  -9.562  167.014  1.75439E-15  SWARM-A  17.783  189.537
2022-03-13T06:49:00Z  430.491  -11.503  166.981  1.74138E-15  SWARM-A  17.790  191.469
2022-03-13T06:49:30Z  431.069  -13.444  166.949  1.72742E-15  SWARM-A  17.796  193.401
2022-03-13T06:50:00Z  431.681  -15.384  166.918  1.71239E-15  SWARM-A  17.802  195.333
2022-03-13T06:50:30Z  432.325  -17.324  166.889  1.69622E-15  SWARM-A  17.809  197.264
2022-03-13T06:51:00Z  432.999  -19.262  166.863  1.67887E-15  SWARM-A  17.815  199.196
2022-03-13T06:51:30Z  433.702  -21.201  166.838  1.66025E-15  SWARM-A  17.822  201.127
2022-03-13T06:52:00Z  434.430  -23.138  166.816  1.64042E-15  SWARM-A  17.829  203.058
2022-03-13T06:52:30Z  435.182  -25.074  166.798  1.61932E-15  SWARM-A  17.836  204.989
2022-03-13T06:53:00Z  435.955  -27.010  166.782  1.59704E-15  SWARM-A  17.843  206.919
2022-03-13T06:53:30Z  436.746  -28.944  166.771  1.57370E-15  SWARM-A  17.851  208.850
2022-03-13T06:54:00Z  437.554  -30.878  166.763  1.54933E-15  SWARM-A  17.858  210.780
2022-03-13T06:54:30Z  438.375  -32.811  166.761  1.52411E-15  SWARM-A  17.867  212.710
2022-03-13T06:55:00Z  439.206  -34.742  166.764  1.49815E-15  SWARM-A  17.875  214.640
2022-03-13T06:55:30Z  440.045  -36.673  166.773  1.47160E-15  SWARM-A  17.884  216.569
2022-03-13T06:56:00Z  440.889  -38.602  166.789  1.44466E-15  SWARM-A  17.893  218.499
2022-03-13T06:56:30Z  441.735  -40.530  166.812  1.41739E-15  SWARM-A  17.903  220.428
2022-03-13T06:57:00Z  442.579  -42.457  166.845  1.39004E-15  SWARM-A  17.914  222.357
2022-03-13T06:57:30Z  443.419  -44.383  166.887  1.36273E-15  SWARM-A  17.925  224.286
2022-03-13T06:58:00Z  444.252  -46.307  166.941  1.33557E-15  SWARM-A  17.937  226.215
2022-03-13T06:58:30Z  445.074  -48.231  167.007  1.30861E-15  SWARM-A  17.950  228.144
2022-03-13T06:59:00Z  445.884  -50.153  167.089  1.28195E-15  SWARM-A  17.963  230.072
2022-03-13T06:59:30Z  446.677  -52.073  167.187  1.25563E-15  SWARM-A  17.978  232.001
2022-03-13T07:00:00Z  447.451  -53.993  167.306  1.22970E-15  SWARM-A  17.995  233.929
2022-03-13T07:00:30Z  448.203  -55.910  167.448  1.20415E-15  SWARM-A  18.012  235.857
2022-03-13T07:01:00Z  448.930  -57.827  167.618  1.17901E-15  SWARM-A  18.032  237.785
2022-03-13T07:01:30Z  449.630  -59.741  167.821  1.15420E-15  SWARM-A  18.054  239.713
2022-03-13T07:02:00Z  450.300  -61.654  168.064  1.12978E-15  SWARM-A  18.079  241.641
2022-03-13T07:02:30Z  450.937  -63.566  168.355  1.10571E-15  SWARM-A  18.106  243.568
2022-03-13T07:03:00Z  451.540  -65.474  168.706  1.08197E-15  SWARM-A  18.138  245.496
2022-03-13T07:03:30Z  452.106  -67.381  169.131  1.05857E-15  SWARM-A  18.175  247.423
2022-03-13T07:04:00Z  452.632  -69.285  169.652  1.03543E-15  SWARM-A  18.218  249.351
2022-03-13T07:04:30Z  453.117  -71.185  170.297  1.01263E-15  SWARM-A  18.269  251.278
2022-03-13T07:05:00Z  453.560  -73.081  171.108  9.90178E-16  SWARM-A  18.332  253.205
2022-03-13T07:05:30Z  453.957  -74.971  172.147  9.67829E-16  SWARM-A  18.409  255.132
2022-03-13T07:06:00Z  454.309  -76.853  173.512  9.45842E-16  SWARM-A  18.508  257.059
2022-03-13T07:06:30Z  454.613  -78.723  175.361  9.24349E-16  SWARM-A  18.640  258.986
2022-03-13T07:07:00Z  454.868  -80.575  177.979  9.03332E-16  SWARM-A  18.823  260.913
2022-03-13T07:07:30Z  455.074  -82.395  -178.092  8.82871E-16  SWARM-A  19.093  262.840
2022-03-13T07:08:00Z  455.229  -84.154  -171.692  8.63115E-16  SWARM-A  19.528  264.767
2022-03-13T07:08:30Z  455.333  -85.775  -160.036  8.44098E-16  SWARM-A  20.314  266.694
2022-03-13T07:09:00Z  455.386  -87.025  -136.538  8.26156E-16  SWARM-A  21.888  268.621
2022-03-13T07:09:30Z  455.386  -87.321  -97.491  8.09134E-16  SWARM-A  0.500  270.548
2022-03-13T07:10:00Z  455.335  -86.418  -65.973  7.92025E-16  SWARM-A  2.609  272.475
2022-03-13T07:10:30Z  455.233  -84.919  -50.026  7.74531E-16  SWARM-A  3.681  274.402
2022-03-13T07:11:00Z  455.079  -83.208  -41.740  7.57852E-16  SWARM-A  4.242  276.329
2022-03-13T07:11:30Z  454.874  -81.410  -36.889  7.42090E-16  SWARM-A  4.573  278.256
2022-03-13T07:12:00Z  454.619  -79.571  -33.765  7.27209E-16  SWARM-A  4.790  280.183
2022-03-13T07:12:30Z  454.316  -77.708  -31.611  7.13115E-16  SWARM-A  4.942  282.110
2022-03-13T07:13:00Z  453.964  -75.830  -30.051  6.99802E-16  SWARM-A  5.054  284.037
2022-03-13T07:13:30Z  453.565  -73.944  -28.878  6.87344E-16  SWARM-A  5.141  285.964
2022-03-13T07:14:00Z  453.121  -72.050  -27.973  6.75792E-16  SWARM-A  5.209  287.891
2022-03-13T07:14:30Z  452.634  -70.152  -27.258  6.65722E-16  SWARM-A  5.265  289.819
2022-03-13T07:15:00Z  452.104  -68.249  -26.684  6.56525E-16  SWARM-A  5.312  291.746
2022-03-13T07:15:30Z  451.535  -66.344  -26.218  6.48111E-16  SWARM-A  5.351  293.674
2022-03-13T07:16:00Z  450.928  -64.436  -25.835  6.40479E-16  SWARM-A  5.385  295.601
2022-03-13T07:16:30Z  450.285  -62.525  -25.519  6.33624E-16  SWARM-A  5.415  297.529
2022-03-13T07:17:00Z  449.608  -60.613  -25.255  6.27567E-16  SWARM-A  5.441  299.457
2022-03-13T07:17:30Z  448.901  -58.699  -25.035  6.22263E-16  SWARM-A  5.464  301.385
2022-03-13T07:18:00Z  448.166  -56.783  -24.851  6.17522E-16  SWARM-A  5.484  303.313
2022-03-13T07:18:30Z  447.405  -54.866  -24.696  6.12903E-16  SWARM-A  5.503  305.241
2022-03-13T07:19:00Z  446.621  -52.947  -24.567  6.09137E-16  SWARM-A  5.520  307.170
2022-03-13T07:19:30Z  445.817  -51.027  -24.460  6.06186E-16  SWARM-A  5.535  309.098
2022-03-13T07:20:00Z  444.996  -49.105  -24.371  6.04082E-16  SWARM-A  5.550  311.027
2022-03-13T07:20:30Z  444.161  -47.182  -24.298  6.02772E-16  SWARM-A  5.563  312.956
2022-03-13T07:21:00Z  443.314  -45.258  -24.239  6.02297E-16  SWARM-A  5.575  314.885
2022-03-13T07:21:30Z  442.460  -43.332  -24.191  6.02534E-16  SWARM-A  5.587  316.814
2022-03-13T07:22:00Z  441.601  -41.406  -24.155  6.03491E-16  SWARM-A  5.597  318.743
2022-03-13T07:22:30Z  440.739  -39.478  -24.127  6.04833E-16  SWARM-A  5.608  320.673
2022-03-13T07:23:00Z  439.878  -37.548  -24.108  6.06893E-16  SWARM-A  5.617  322.603
2022-03-13T07:23:30Z  439.022  -35.618  -24.096  6.09585E-16  SWARM-A  5.626  324.533
2022-03-13T07:24:00Z  438.172  -33.687  -24.090  6.12783E-16  SWARM-A  5.635  326.463
2022-03-13T07:24:30Z  437.333  -31.754  -24.090  6.16543E-16  SWARM-A  5.643  328.393
2022-03-13T07:25:00Z  436.506  -29.821  -24.095  6.20735E-16  SWARM-A  5.651  330.323
2022-03-13T07:25:30Z  435.695  -27.886  -24.105  6.25325E-16  SWARM-A  5.659  332.254
2022-03-13T07:26:00Z  434.902  -25.951  -24.119  6.30268E-16  SWARM-A  5.666  334.185
2022-03-13T07:26:30Z  434.130  -24.015  -24.136  6.35462E-16  SWARM-A  5.674  336.116
2022-03-13T07:27:00Z  433.381  -22.077  -24.156  6.40927E-16  SWARM-A  5.681  338.047
2022-03-13T07:27:30Z  432.658  -20.139  -24.180  6.46596E-16  SWARM-A  5.687  339.979
2022-03-13T07:28:00Z  431.963  -18.200  -24.205  6.52357E-16  SWARM-A  5.694  341.910
2022-03-13T07:28:30Z  431.299  -16.261  -24.233  6.58187E-16  SWARM-A  5.700  343.842
2022-03-13T07:29:00Z  430.666  -14.321  -24.263  6.64006E-16  SWARM-A  5.707  345.774
2022-03-13T07:29:30Z  430.068  -12.380  -24.294  6.69886E-16  SWARM-A  5.713  347.706
2022-03-13T07:30:00Z  429.505  -10.438  -24.327  6.75719E-16  SWARM-A  5.719  349.639
2022-03-13T07:30:30Z  428.979  -8.496  -24.361  6.81484E-16  SWARM-A  5.725  351.571
2022-03-13T07:31:00Z  428.492  -6.554  -24.395  6.87202E-16  SWARM-A  5.731  353.504
2022-03-13T07:31:30Z  428.044  -4.611  -24.431  6.92856E-16  SWARM-A  5.737  355.437
2022-03-13T07:32:00Z  427.636  -2.667  -24.467  6.98362E-16  SWARM-A  5.743  357.371
2022-03-13T07:32:30Z  427.270  -0.724  -24.503  7.03756E-16  SWARM-A  5.749  359.304
2022-03-13T07:33:00Z  426.945  1.220  -24.539  7.09012E-16  SWARM-A  5.755  1.238
2022-03-13T07:33:30Z  426.662  3.164  -24.575  7.14182E-16  SWARM-A  5.761  3.171
2022-03-13T07:34:00Z  426.422  5.108  -24.611  7.19083E-16  SWARM-A  5.767  5.105
2022-03-13T07:34:30Z  426.223  7.052  -24.646  7.23880E-16  SWARM-A  5.773  7.039
2022-03-13T07:35:00Z  426.067  8.996  -24.681  7.28437E-16  SWARM-A  5.779  8.974
2022-03-13T07:35:30Z  425.952  10.939  -24.714  7.32811E-16  SWARM-A  5.785  10.908
2022-03-13T07:36:00Z  425.878  12.883  -24.746  7.36923E-16  SWARM-A  5.791  12.843
2022-03-13T07:36:30Z  425.844  14.827  -24.777  7.40869E-16  SWARM-A  5.798  14.778
2022-03-13T07:37:00Z  425.850  16.770  -24.806  7.44474E-16  SWARM-A  5.804  16.713
2022-03-13T07:37:30Z  425.894  18.713  -24.834  7.47909E-16  SWARM-A  5.810  18.648
2022-03-13T07:38:00Z  425.974  20.655  -24.858  7.51127E-16  SWARM-A  5.817  20.583
2022-03-13T07:38:30Z  426.090  22.597  -24.881  7.54061E-16  SWARM-A  5.824  22.519
2022-03-13T07:39:00Z  426.240  24.539  -24.900  7.56824E-16  SWARM-A  5.831  24.454
2022-03-13T07:39:30Z  426.422  26.480  -24.916  7.59415E-16  SWARM-A  5.838  26.390
2022-03-13T07:40:00Z  426.634  28.420  -24.928  7.61931E-16  SWARM-A  5.846  28.326
2022-03-13T07:40:30Z  426.875  30.360  -24.936  7.64377E-16  SWARM-A  5.854  30.262
2022-03-13T07:41:00Z  427.142  32.299  -24.940  7.66808E-16  SWARM-A  5.862  32.198
2022-03-13T07:41:30Z  427.433  34.237  -24.938  7.69380E-16  SWARM-A  5.870  34.135
2022-03-13T07:42:00Z  427.745  36.174  -24.930  7.72009E-16  SWARM-A  5.879  36.071
2022-03-13T07:42:30Z  428.077  38.111  -24.916  7.74930E-16  SWARM-A  5.888  38.008
2022-03-13T07:43:00Z  428.426  40.047  -24.893  7.78107E-16  SWARM-A  5.898  39.944
2022-03-13T07:43:30Z  428.790  41.982  -24.863  7.81595E-16  SWARM-A  5.909  41.881
2022-03-13T07:44:00Z  429.165  43.916  -24.822  7.85477E-16  SWARM-A  5.920  43.818
2022-03-13T07:44:30Z  429.550  45.849  -24.771  7.89781E-16  SWARM-A  5.931  45.755
2022-03-13T07:45:00Z  429.942  47.780  -24.706  7.94561E-16  SWARM-A  5.944  47.692
2022-03-13T07:45:30Z  430.338  49.711  -24.628  7.99789E-16  SWARM-A  5.958  49.629
2022-03-13T07:46:00Z  430.735  51.641  -24.532  8.05506E-16  SWARM-A  5.972  51.566
2022-03-13T07:46:30Z  431.133  53.570  -24.417  8.11764E-16  SWARM-A  5.988  53.504
2022-03-13T07:47:00Z  431.527  55.497  -24.279  8.18607E-16  SWARM-A  6.006  55.441
2022-03-13T07:47:30Z  431.915  57.423  -24.114  8.25979E-16  SWARM-A  6.025  57.379
2022-03-13T07:48:00Z  432.296  59.348  -23.916  8.33923E-16  SWARM-A  6.047  59.316
2022-03-13T07:48:30Z  432.666  61.271  -23.681  8.42404E-16  SWARM-A  6.071  61.254
2022-03-13T07:49:00Z  433.024  63.193  -23.398  8.51526E-16  SWARM-A  6.098  63.192
2022-03-13T07:49:30Z  433.367  65.112  -23.057  8.61193E-16  SWARM-A  6.129  65.129
2022-03-13T07:50:00Z  433.694  67.029  -22.644  8.71470E-16  SWARM-A  6.165  67.067
2022-03-13T07:50:30Z  434.002  68.944  -22.138  8.82384E-16  SWARM-A  6.207  69.005
2022-03-13T07:51:00Z  434.289  70.855  -21.513  8.93956E-16  SWARM-A  6.257  70.943
2022-03-13T07:51:30Z  434.555  72.762  -20.729  9.06176E-16  SWARM-A  6.317  72.881
2022-03-13T07:52:00Z  434.798  74.664  -19.726  9.19182E-16  SWARM-A  6.393  74.819
2022-03-13T07:52:30Z  435.015  76.558  -18.414  9.32998E-16  SWARM-A  6.488  76.757
2022-03-13T07:53:00Z  435.207  78.441  -16.643  9.47707E-16  SWARM-A  6.615  78.695
2022-03-13T07:53:30Z  435.371  80.307  -14.149  9.63440E-16  SWARM-A  6.790  80.633
2022-03-13T07:54:00Z  435.508  82.143  -10.434  9.80213E-16  SWARM-A  7.046  82.571
2022-03-13T07:54:30Z  435.615  83.923  -4.445  9.98226E-16  SWARM-A  7.453  84.509
2022-03-13T07:55:00Z  435.694  85.580  6.321  1.01761E-15  SWARM-A  8.179  86.447
2022-03-13T07:55:30Z  435.742  86.908  27.959  1.03840E-15  SWARM-A  9.630  88.385
2022-03-13T07:56:00Z  435.761  87.355  66.086  1.05985E-15  SWARM-A  12.180  90.323
2022-03-13T07:56:30Z  435.750  86.558  99.755  1.08171E-15  SWARM-A  14.433  92.261
2022-03-13T07:57:00Z  435.708  85.090  117.081  1.10488E-15  SWARM-A  15.597  94.199
2022-03-13T07:57:30Z  435.637  83.382  125.946  1.12946E-15  SWARM-A  16.196  96.137
2022-03-13T07:58:00Z  435.537  81.580  131.062  1.15527E-15  SWARM-A  16.545  98.075
2022-03-13T07:58:30Z  435.409  79.733  134.323  1.18214E-15  SWARM-A  16.771  100.013
2022-03-13T07:59:00Z  435.253  77.861  136.556  1.20994E-15  SWARM-A  16.928  101.951
2022-03-13T07:59:30Z  435.070  75.975  138.164  1.23851E-15  SWARM-A  17.044  103.889
2022-03-13T08:00:00Z  434.861  74.078  139.368  1.26761E-15  SWARM-A  17.132  105.827
2022-03-13T08:00:30Z  434.628  72.175  140.295  1.29707E-15  SWARM-A  17.202  107.765
2022-03-13T08:01:00Z  434.372  70.266  141.025  1.32665E-15  SWARM-A  17.259  109.703
2022-03-13T08:01:30Z  434.094  68.354  141.610  1.35626E-15  SWARM-A  17.307  111.641
2022-03-13T08:02:00Z  433.796  66.439  142.084  1.38443E-15  SWARM-A  17.347  113.578
2022-03-13T08:02:30Z  433.481  64.521  142.473  1.41217E-15  SWARM-A  17.381  115.516
2022-03-13T08:03:00Z  433.149  62.601  142.795  1.43938E-15  SWARM-A  17.411  117.453
2022-03-13T08:03:30Z  432.804  60.679  143.062  1.46586E-15  SWARM-A  17.437  119.391
2022-03-13T08:04:00Z  432.446  58.755  143.286  1.49164E-15  SWARM-A  17.460  121.328
2022-03-13T08:04:30Z  432.079  56.831  143.472  1.51663E-15  SWARM-A  17.481  123.266
2022-03-13T08:05:00Z  431.704  54.904  143.629  1.54087E-15  SWARM-A  17.500  125.203
2022-03-13T08:05:30Z  431.324  52.977  143.759  1.56435E-15  SWARM-A  17.517  127.140
2022-03-13T08:06:00Z  430.942  51.048  143.868  1.58708E-15  SWARM-A  17.532  129.077
2022-03-13T08:06:30Z  430.559  49.118  143.958  1.60905E-15  SWARM-A  17.547  131.015
2022-03-13T08:07:00Z  430.179  47.187  144.032  1.63030E-15  SWARM-A  17.560  132.951
2022-03-13T08:07:30Z  429.803  45.255  144.092  1.65087E-15  SWARM-A  17.572  134.888
2022-03-13T08:08:00Z  429.435  43.322  144.140  1.67100E-15  SWARM-A  17.584  136.825
2022-03-13T08:08:30Z  429.076  41.388  144.178  1.69129E-15  SWARM-A  17.595  138.762
2022-03-13T08:09:00Z  428.730  39.453  144.206  1.71092E-15  SWARM-A  17.605  140.698
2022-03-13T08:09:30Z  428.399  37.517  144.225  1.72979E-15  SWARM-A  17.614  142.635
2022-03-13T08:10:00Z  428.085  35.580  144.238  1.74782E-15  SWARM-A  17.624  144.571
2022-03-13T08:10:30Z  427.791  33.643  144.244  1.76494E-15  SWARM-A  17.632  146.507
2022-03-13T08:11:00Z  427.519  31.705  144.244  1.78112E-15  SWARM-A  17.641  148.443
2022-03-13T08:11:30Z  427.271  29.766  144.239  1.79623E-15  SWARM-A  17.649  150.379
2022-03-13T08:12:00Z  427.049  27.826  144.229  1.81018E-15  SWARM-A  17.656  152.315
2022-03-13T08:12:30Z  426.856  25.886  144.216  1.82288E-15  SWARM-A  17.664  154.250
2022-03-13T08:13:00Z  426.692  23.945  144.199  1.83426E-15  SWARM-A  17.671  156.186
2022-03-13T08:13:30Z  426.561  22.004  144.179  1.84421E-15  SWARM-A  17.678  158.121
2022-03-13T08:14:00Z  426.464  20.062  144.155  1.85269E-15  SWARM-A  17.685  160.056
2022-03-13T08:14:30Z  426.402  18.120  144.130  1.85969E-15  SWARM-A  17.691  161.991
2022-03-13T08:15:00Z  426.377  16.177  144.102  1.86518E-15  SWARM-A  17.698  163.926
2022-03-13T08:15:30Z  426.389  14.234  144.072  1.86916E-15  SWARM-A  17.704  165.861
2022-03-13T08:16:00Z  426.440  12.291  144.041  1.87173E-15  SWARM-A  17.711  167.795
2022-03-13T08:16:30Z  426.531  10.347  144.008  1.87290E-15  SWARM-A  17.717  169.729
2022-03-13T08:17:00Z  426.663  8.404  143.975  1.87276E-15  SWARM-A  17.723  171.663
2022-03-13T08:17:30Z  426.836  6.460  143.940  1.87081E-15  SWARM-A  17.729  173.597
2022-03-13T08:18:00Z  427.050  4.516  143.905  1.86757E-15  SWARM-A  17.735  175.531
2022-03-13T08:18:30Z  427.305  2.573  143.869  1.86335E-15  SWARM-A  17.741  177.465
2022-03-13T08:19:00Z  427.602  0.629  143.832  1.85815E-15  SWARM-A  17.747  179.398
2022-03-13T08:19:30Z  427.940  -1.314  143.796  1.85198E-15  SWARM-A  17.753  181.331
2022-03-13T08:20:00Z  428.318  -3.257  143.760  1.84486E-15  SWARM-A  17.759  183.265
2022-03-13T08:20:30Z  428.737  -5.200  143.724  1.83683E-15  SWARM-A  17.764  185.197
2022-03-13T08:21:00Z  429.195  -7.143  143.689  1.82784E-15  SWARM-A  17.770  187.130
2022-03-13T08:21:30Z  429.692  -9.085  143.655  1.81785E-15  SWARM-A  17.776  189.062
2022-03-13T08:22:00Z  430.225  -11.026  143.621  1.80679E-15  SWARM-A  17.783  190.995
2022-03-13T08:22:30Z  430.794  -12.967  143.589  1.79459E-15  SWARM-A  17.789  192.927
2022-03-13T08:23:00Z  431.398  -14.908  143.558  1.78118E-15  SWARM-A  17.795  194.859
2022-03-13T08:23:30Z  432.034  -16.848  143.529  1.76650E-15  SWARM-A  17.801  196.790
2022-03-13T08:24:00Z  432.701  -18.787  143.501  1.75049E-15  SWARM-A  17.808  198.722
2022-03-13T08:24:30Z  433.397  -20.725  143.476  1.73310E-15  SWARM-A  17.815  200.653
2022-03-13T08:25:00Z  434.119  -22.663  143.454  1.71426E-15  SWARM-A  17.821  202.584
2022-03-13T08:25:30Z  434.866  -24.599  143.434  1.69401E-15  SWARM-A  17.828  204.515
2022-03-13T08:26:00Z  435.635  -26.535  143.418  1.67235E-15  SWARM-A  17.836  206.446
2022-03-13T08:26:30Z  436.423  -28.470  143.406  1.64940E-15  SWARM-A  17.843  208.376
2022-03-13T08:27:00Z  437.228  -30.404  143.397  1.62511E-15  SWARM-A  17.851  210.307
2022-03-13T08:27:30Z  438.048  -32.337  143.394  1.59970E-15  SWARM-A  17.859  212.237
2022-03-13T08:28:00Z  438.879  -34.269  143.395  1.57323E-15  SWARM-A  17.868  214.167
2022-03-13T08:28:30Z  439.718  -36.200  143.403  1.54584E-15  SWARM-A  17.876  216.097
2022-03-13T08:29:00Z  440.563  -38.129  143.417  1.51767E-15  SWARM-A  17.886  218.026
2022-03-13T08:29:30Z  441.411  -40.058  143.439  1.48889E-15  SWARM-A  17.895  219.956
2022-03-13T08:30:00Z  442.258  -41.985  143.469  1.45965E-15  SWARM-A  17.906  221.885
2022-03-13T08:30:30Z  443.102  -43.911  143.509  1.43009E-15  SWARM-A  17.917  223.814
2022-03-13T08:31:00Z  443.940  -45.836  143.559  1.40035E-15  SWARM-A  17.928  225.743
2022-03-13T08:31:30Z  444.768  -47.760  143.623  1.37061E-15  SWARM-A  17.941  227.672
2022-03-13T08:32:00Z  445.584  -49.682  143.700  1.34095E-15  SWARM-A  17.955  229.600
2022-03-13T08:32:30Z  446.385  -51.603  143.795  1.31148E-15  SWARM-A  17.969  231.529
2022-03-13T08:33:00Z  447.167  -53.523  143.908  1.28227E-15  SWARM-A  17.985  233.457
2022-03-13T08:33:30Z  447.929  -55.441  144.044  1.25340E-15  SWARM-A  18.003  235.385
2022-03-13T08:34:00Z  448.666  -57.358  144.207  1.22491E-15  SWARM-A  18.022  237.313
2022-03-13T08:34:30Z  449.376  -59.273  144.402  1.19686E-15  SWARM-A  18.043  239.241
2022-03-13T08:35:00Z  450.058  -61.186  144.634  1.16919E-15  SWARM-A  18.067  241.169
2022-03-13T08:35:30Z  450.707  -63.098  144.913  1.14202E-15  SWARM-A  18.094  243.097
2022-03-13T08:36:00Z  451.323  -65.008  145.248  1.11529E-15  SWARM-A  18.124  245.024
2022-03-13T08:36:30Z  451.902  -66.915  145.653  1.08905E-15  SWARM-A  18.160  246.952
2022-03-13T08:37:00Z  452.442  -68.819  146.149  1.06271E-15  SWARM-A  18.201  248.879
2022-03-13T08:37:30Z  452.942  -70.720  146.761  1.03676E-15  SWARM-A  18.250  250.807
2022-03-13T08:38:00Z  453.399  -72.617  147.527  1.01126E-15  SWARM-A  18.310  252.734
2022-03-13T08:38:30Z  453.812  -74.509  148.503  9.86270E-16  SWARM-A  18.383  254.661
2022-03-13T08:39:00Z  454.179  -76.393  149.777  9.61731E-16  SWARM-A  18.476  256.588
2022-03-13T08:39:30Z  454.499  -78.267  151.488  9.37658E-16  SWARM-A  18.599  258.515
2022-03-13T08:40:00Z  454.771  -80.124  153.882  9.14137E-16  SWARM-A  18.767  260.442
2022-03-13T08:40:30Z  454.994  -81.953  157.418  8.91128E-16  SWARM-A  19.011  262.369
2022-03-13T08:41:00Z  455.166  -83.732  163.048  8.68684E-16  SWARM-A  19.394  264.296
2022-03-13T08:41:30Z  455.287  -85.399  173.001  8.46927E-16  SWARM-A  20.066  266.223
2022-03-13T08:42:00Z  455.357  -86.779  -167.247  8.26108E-16  SWARM-A  21.391  268.150
2022-03-13T08:42:30Z  455.376  -87.371  -130.893  8.06260E-16  SWARM-A  23.823  270.077
2022-03-13T08:43:00Z  455.342  -86.717  -95.330  7.86634E-16  SWARM-A  2.203  272.004
2022-03-13T08:43:30Z  455.257  -85.313  -76.339  7.67199E-16  SWARM-A  3.477  273.931
2022-03-13T08:44:00Z  455.120  -83.636  -66.722  7.48473E-16  SWARM-A  4.126  275.858
2022-03-13T08:44:30Z  454.933  -81.854  -61.246  7.30842E-16  SWARM-A  4.500  277.785
2022-03-13T08:45:00Z  454.695  -80.023  -57.791  7.14235E-16  SWARM-A  4.738  279.712
2022-03-13T08:45:30Z  454.408  -78.164  -55.444  6.98497E-16  SWARM-A  4.903  281.639
2022-03-13T08:46:00Z  454.073  -76.290  -53.761  6.83454E-16  SWARM-A  5.024  283.566
2022-03-13T08:46:30Z  453.690  -74.405  -52.507  6.69244E-16  SWARM-A  5.116  285.493
2022-03-13T08:47:00Z  453.262  -72.513  -51.545  6.55865E-16  SWARM-A  5.188  287.420
2022-03-13T08:47:30Z  452.790  -70.616  -50.788  6.43470E-16  SWARM-A  5.247  289.348
2022-03-13T08:48:00Z  452.276  -68.715  -50.184  6.31972E-16  SWARM-A  5.296  291.275
2022-03-13T08:48:30Z  451.721  -66.810  -49.693  6.21404E-16  SWARM-A  5.337  293.202
2022-03-13T08:49:00Z  451.127  -64.902  -49.292  6.11720E-16  SWARM-A  5.372  295.130
2022-03-13T08:49:30Z  450.497  -62.993  -48.960  6.03004E-16  SWARM-A  5.402  297.058
2022-03-13T08:50:00Z  449.833  -61.081  -48.685  5.95186E-16  SWARM-A  5.429  298.986
2022-03-13T08:50:30Z  449.138  -59.167  -48.454  5.87618E-16  SWARM-A  5.453  300.914
2022-03-13T08:51:00Z  448.413  -57.252  -48.262  5.80901E-16  SWARM-A  5.474  302.842
2022-03-13T08:51:30Z  447.662  -55.335  -48.101  5.75111E-16  SWARM-A  5.493  304.770
2022-03-13T08:52:00Z  446.888  -53.416  -47.966  5.70200E-16  SWARM-A  5.510  306.698
2022-03-13T08:52:30Z  446.092  -51.496  -47.853  5.66152E-16  SWARM-A  5.526  308.627
2022-03-13T08:53:00Z  445.279  -49.575  -47.760  5.62967E-16  SWARM-A  5.541  310.555
2022-03-13T08:53:30Z  444.451  -47.653  -47.683  5.60620E-16  SWARM-A  5.554  312.484
2022-03-13T08:54:00Z  443.611  -45.729  -47.621  5.59082E-16  SWARM-A  5.567  314.413
2022-03-13T08:54:30Z  442.762  -43.804  -47.571  5.58344E-16  SWARM-A  5.578  316.342
2022-03-13T08:55:00Z  441.908  -41.877  -47.531  5.58321E-16  SWARM-A  5.589  318.271
2022-03-13T08:55:30Z  441.050  -39.950  -47.502  5.59045E-16  SWARM-A  5.600  320.201
2022-03-13T08:56:00Z  440.193  -38.021  -47.480  5.60340E-16  SWARM-A  5.609  322.130
2022-03-13T08:56:30Z  439.339  -36.091  -47.467  5.62194E-16  SWARM-A  5.619  324.060
2022-03-13T08:57:00Z  438.491  -34.160  -47.459  5.64617E-16  SWARM-A  5.627  325.990
2022-03-13T08:57:30Z  437.653  -32.228  -47.458  5.67664E-16  SWARM-A  5.636  327.920
2022-03-13T08:58:00Z  436.826  -30.295  -47.462  5.71253E-16  SWARM-A  5.644  329.851
2022-03-13T08:58:30Z  436.015  -28.360  -47.471  5.75356E-16  SWARM-A  5.652  331.781
2022-03-13T08:59:00Z  435.220  -26.425  -47.483  5.79914E-16  SWARM-A  5.659  333.712
2022-03-13T08:59:30Z  434.446  -24.489  -47.500  5.84886E-16  SWARM-A  5.666  335.643
2022-03-13T09:00:00Z  433.695  -22.552  -47.519  5.88812E-16  SWARM-A  5.673  337.574
2022-03-13T09:00:30Z  432.969  -20.614  -47.542  5.94370E-16  SWARM-A  5.680  339.505
2022-03-13T09:01:00Z  432.270  -18.676  -47.567  6.00223E-16  SWARM-A  5.687  341.437
2022-03-13T09:01:30Z  431.600  -16.736  -47.594  6.06371E-16  SWARM-A  5.693  343.369
2022-03-13T09:02:00Z  430.962  -14.796  -47.624  6.12787E-16  SWARM-A  5.700  345.300
2022-03-13T09:02:30Z  430.358  -12.856  -47.655  6.19452E-16  SWARM-A  5.706  347.233
2022-03-13T09:03:00Z  429.788  -10.914  -47.687  6.26298E-16  SWARM-A  5.712  349.165
2022-03-13T09:03:30Z  429.256  -8.973  -47.721  6.33309E-16  SWARM-A  5.718  351.097
2022-03-13T09:04:00Z  428.761  -7.030  -47.755  6.40460E-16  SWARM-A  5.724  353.030
2022-03-13T09:04:30Z  428.305  -5.088  -47.790  6.47733E-16  SWARM-A  5.730  354.963
2022-03-13T09:05:00Z  427.889  -3.145  -47.826  6.55006E-16  SWARM-A  5.736  356.896
2022-03-13T09:05:30Z  427.514  -1.201  -47.862  6.62267E-16  SWARM-A  5.742  358.829
2022-03-13T09:06:00Z  427.180  0.742  -47.899  6.69467E-16  SWARM-A  5.748  0.763
2022-03-13T09:06:30Z  426.889  2.686  -47.935  6.76573E-16  SWARM-A  5.754  2.696
2022-03-13T09:07:00Z  426.639  4.630  -47.971  6.83550E-16  SWARM-A  5.760  4.630
2022-03-13T09:07:30Z  426.432  6.574  -48.006  6.90243E-16  SWARM-A  5.766  6.564
2022-03-13T09:08:00Z  426.267  8.518  -48.041  6.96739E-16  SWARM-A  5.772  8.498
2022-03-13T09:08:30Z  426.143  10.462  -48.074  7.02905E-16  SWARM-A  5.778  10.433
2022-03-13T09:09:00Z  426.060  12.405  -48.107  7.08729E-16  SWARM-A  5.784  12.367
2022-03-13T09:09:30Z  426.018  14.349  -48.138  7.14175E-16  SWARM-A  5.790  14.302
2022-03-13T09:10:00Z  426.015  16.292  -48.168  7.19264E-16  SWARM-A  5.797  16.237
2022-03-13T09:10:30Z  426.051  18.235  -48.195  7.23961E-16  SWARM-A  5.803  18.172
2022-03-13T09:11:00Z  426.123  20.177  -48.221  7.28338E-16  SWARM-A  5.810  20.107
2022-03-13T09:11:30Z  426.232  22.119  -48.244  7.32379E-16  SWARM-A  5.817  22.042
2022-03-13T09:12:00Z  426.374  24.060  -48.264  7.36129E-16  SWARM-A  5.824  23.978
2022-03-13T09:12:30Z  426.550  26.001  -48.281  7.39652E-16  SWARM-A  5.831  25.913
2022-03-13T09:13:00Z  426.755  27.942  -48.294  7.43030E-16  SWARM-A  5.838  27.849
2022-03-13T09:13:30Z  426.990  29.882  -48.303  7.46322E-16  SWARM-A  5.846  29.785
2022-03-13T09:14:00Z  427.251  31.821  -48.308  7.49614E-16  SWARM-A  5.854  31.721
2022-03-13T09:14:30Z  427.536  33.759  -48.307  7.52985E-16  SWARM-A  5.863  33.657
2022-03-13T09:15:00Z  427.844  35.696  -48.301  7.56565E-16  SWARM-A  5.871  35.593
2022-03-13T09:15:30Z  428.171  37.633  -48.288  7.60393E-16  SWARM-A  5.880  37.530
2022-03-13T09:16:00Z  428.516  39.569  -48.268  7.64512E-16  SWARM-A  5.890  39.466
2022-03-13T09:16:30Z  428.876  41.504  -48.239  7.68988E-16  SWARM-A  5.900  41.403
2022-03-13T09:17:00Z  429.249  43.438  -48.201  7.73943E-16  SWARM-A  5.911  43.340
2022-03-13T09:17:30Z  429.631  45.371  -48.152  7.79469E-16  SWARM-A  5.923  45.277
2022-03-13T09:18:00Z  430.021  47.303  -48.091  7.85614E-16  SWARM-A  5.935  47.214
2022-03-13T09:18:30Z  430.416  49.234  -48.016  7.92490E-16  SWARM-A  5.949  49.151
2022-03-13T09:19:00Z  430.813  51.164  -47.925  8.00172E-16  SWARM-A  5.963  51.088
2022-03-13T09:19:30Z  431.210  53.093  -47.815  8.08772E-16  SWARM-A  5.979  53.025
2022-03-13T09:20:00Z  431.604  55.021  -47.683  8.18270E-16  SWARM-A  5.996  54.962
2022-03-13T09:20:30Z  431.993  56.947  -47.525  8.28560E-16  SWARM-A  6.015  56.900
2022-03-13T09:21:00Z  432.375  58.872  -47.336  8.39450E-16  SWARM-A  6.036  58.837
2022-03-13T09:21:30Z  432.747  60.795  -47.110  8.50650E-16  SWARM-A  6.059  60.775
2022-03-13T09:22:00Z  433.107  62.717  -46.840  8.61992E-16  SWARM-A  6.085  62.712
2022-03-13T09:22:30Z  433.452  64.637  -46.514  8.73402E-16  SWARM-A  6.115  64.650
2022-03-13T09:23:00Z  433.782  66.555  -46.120  8.84882E-16  SWARM-A  6.150  66.588
2022-03-13T09:23:30Z  434.093  68.470  -45.640  8.96600E-16  SWARM-A  6.190  68.525
2022-03-13T09:24:00Z  434.384  70.382  -45.047  9.08791E-16  SWARM-A  6.238  70.463
2022-03-13T09:24:30Z  434.653  72.290  -44.307  9.21650E-16  SWARM-A  6.296  72.401
2022-03-13T09:25:00Z  434.900  74.193  -43.365  9.35373E-16  SWARM-A  6.367  74.339
2022-03-13T09:25:30Z  435.121  76.089  -42.140  9.50195E-16  SWARM-A  6.457  76.277
2022-03-13T09:26:00Z  435.317  77.975  -40.500  9.66250E-16  SWARM-A  6.575  78.215
2022-03-13T09:26:30Z  435.486  79.846  -38.219  9.83753E-16  SWARM-A  6.735  80.153
2022-03-13T09:27:00Z  435.627  81.691  -34.873  1.00270E-15  SWARM-A  6.966  82.091
2022-03-13T09:27:30Z  435.739  83.489  -29.599  1.02316E-15  SWARM-A  7.326  84.029
2022-03-13T09:28:00Z  435.821  85.187  -20.396  1.04505E-15  SWARM-A  7.948  85.967
2022-03-13T09:28:30Z  435.874  86.631  -2.297  1.06835E-15  SWARM-A  9.163  87.905
2022-03-13T09:29:00Z  435.897  87.364  32.367  1.09261E-15  SWARM-A  11.483  89.842
2022-03-13T09:29:30Z  435.890  86.844  69.759  1.11657E-15  SWARM-A  13.984  91.780
2022-03-13T09:30:00Z  435.852  85.485  90.477  1.14084E-15  SWARM-A  15.373  93.718
2022-03-13T09:30:30Z  435.785  83.818  100.831  1.16566E-15  SWARM-A  16.072  95.656
2022-03-13T09:31:00Z  435.688  82.033  106.635  1.19080E-15  SWARM-A  16.467  97.594
2022-03-13T09:31:30Z  435.563  80.194  110.256  1.21604E-15  SWARM-A  16.717  99.532
2022-03-13T09:32:00Z  435.409  78.328  112.696  1.24141E-15  SWARM-A  16.888  101.470
2022-03-13T09:32:30Z  435.229  76.444  114.435  1.26699E-15  SWARM-A  17.012  103.408
2022-03-13T09:33:00Z  435.022  74.550  115.725  1.29297E-15  SWARM-A  17.106  105.346
2022-03-13T09:33:30Z  434.790  72.648  116.713  1.31956E-15  SWARM-A  17.181  107.284
2022-03-13T09:34:00Z  434.535  70.740  117.486  1.34690E-15  SWARM-A  17.240  109.222
2022-03-13T09:34:30Z  434.258  68.829  118.104  1.37500E-15  SWARM-A  17.290  111.159
2022-03-13T09:35:00Z  433.961  66.914  118.603  1.40357E-15  SWARM-A  17.332  113.097
2022-03-13T09:35:30Z  433.645  64.997  119.012  1.43360E-15  SWARM-A  17.367  115.035
2022-03-13T09:36:00Z  433.313  63.078  119.349  1.46306E-15  SWARM-A  17.398  116.972
2022-03-13T09:36:30Z  432.966  61.157  119.629  1.49070E-15  SWARM-A  17.425  118.910
2022-03-13T09:37:00Z  432.607  59.234  119.862  1.51570E-15  SWARM-A  17.449  120.847
2022-03-13T09:37:30Z  432.237  57.309  120.058  1.53902E-15  SWARM-A  17.470  122.784
2022-03-13T09:38:00Z  431.859  55.383  120.221  1.56092E-15  SWARM-A  17.489  124.722
2022-03-13T09:38:30Z  431.476  53.456  120.358  1.58182E-15  SWARM-A  17.507  126.659
2022-03-13T09:39:00Z  431.090  51.527  120.472  1.60197E-15  SWARM-A  17.523  128.596
2022-03-13T09:39:30Z  430.703  49.598  120.566  1.61938E-15  SWARM-A  17.538  130.533
2022-03-13T09:40:00Z  430.317  47.667  120.644  1.63486E-15  SWARM-A  17.551  132.470
2022-03-13T09:40:30Z  429.936  45.735  120.708  1.64980E-15  SWARM-A  17.564  134.407
2022-03-13T09:41:00Z  429.561  43.802  120.759  1.66417E-15  SWARM-A  17.575  136.344
2022-03-13T09:41:30Z  429.195  41.869  120.799  1.67796E-15  SWARM-A  17.586  138.280
2022-03-13T09:42:00Z  428.842  39.934  120.829  1.69123E-15  SWARM-A  17.597  140.217
2022-03-13T09:42:30Z  428.502  37.998  120.851  1.70653E-15  SWARM-A  17.606  142.153
2022-03-13T09:43:00Z  428.180  36.062  120.865  1.72134E-15  SWARM-A  17.616  144.089
2022-03-13T09:43:30Z  427.876  34.125  120.872  1.73550E-15  SWARM-A  17.625  146.026
2022-03-13T09:44:00Z  427.594  32.187  120.874  1.74886E-15  SWARM-A  17.633  147.962
2022-03-13T09:44:30Z  427.335  30.248  120.871  1.76136E-15  SWARM-A  17.641  149.897
2022-03-13T09:45:00Z  427.103  28.309  120.862  1.77294E-15  SWARM-A  17.649  151.833
2022-03-13T09:45:30Z  426.898  26.368  120.850  1.78035E-15  SWARM-A  17.656  153.769
2022-03-13T09:46:00Z  426.723  24.428  120.834  1.78659E-15  SWARM-A  17.664  155.704
2022-03-13T09:46:30Z  426.580  22.487  120.814  1.79180E-15  SWARM-A  17.671  157.640
2022-03-13T09:47:00Z  426.470  20.545  120.792  1.79592E-15  SWARM-A  17.678  159.575
2022-03-13T09:47:30Z  426.395  18.603  120.767  1.79896E-15  SWARM-A  17.684  161.510
2022-03-13T09:48:00Z  426.356  16.660  120.740  1.80100E-15  SWARM-A  17.691  163.445
2022-03-13T09:48:30Z  426.355  14.717  120.710  1.80189E-15  SWARM-A  17.697  165.379
2022-03-13T09:49:00Z  426.393  12.774  120.680  1.80108E-15  SWARM-A  17.703  167.314
2022-03-13T09:49:30Z  426.470  10.831  120.647  1.79945E-15  SWARM-A  17.710  169.248
2022-03-13T09:50:00Z  426.588  8.887  120.614  1.79696E-15  SWARM-A  17.716  171.183
2022-03-13T09:50:30Z  426.746  6.943  120.579  1.79368E-15  SWARM-A  17.722  173.117
2022-03-13T09:51:00Z  426.946  5.000  120.544  1.78971E-15  SWARM-A  17.728  175.050
2022-03-13T09:51:30Z  427.187  3.056  120.509  1.78495E-15  SWARM-A  17.734  176.984
2022-03-13T09:52:00Z  427.469  1.112  120.473  1.77948E-15  SWARM-A  17.740  178.918
2022-03-13T09:52:30Z  427.793  -0.831  120.436  1.77326E-15  SWARM-A  17.746  180.851
2022-03-13T09:53:00Z  428.158  -2.774  120.400  1.76629E-15  SWARM-A  17.751  182.784
2022-03-13T09:53:30Z  428.563  -4.717  120.365  1.75848E-15  SWARM-A  17.757  184.717
2022-03-13T09:54:00Z  429.007  -6.660  120.329  1.74979E-15  SWARM-A  17.763  186.650
2022-03-13T09:54:30Z  429.491  -8.602  120.295  1.74009E-15  SWARM-A  17.769  188.582
2022-03-13T09:55:00Z  430.012  -10.544  120.261  1.72926E-15  SWARM-A  17.776  190.515
2022-03-13T09:55:30Z  430.569  -12.485  120.228  1.71722E-15  SWARM-A  17.782  192.447
2022-03-13T09:56:00Z  431.161  -14.426  120.197  1.70393E-15  SWARM-A  17.788  194.379
2022-03-13T09:56:30Z  431.787  -16.366  120.168  1.68926E-15  SWARM-A  17.794  196.311
2022-03-13T09:57:00Z  432.444  -18.305  120.140  1.67324E-15  SWARM-A  17.801  198.242
2022-03-13T09:57:30Z  433.131  -20.244  120.115  1.65583E-15  SWARM-A  17.807  200.174
2022-03-13T09:58:00Z  433.845  -22.181  120.092  1.63705E-15  SWARM-A  17.814  202.105
2022-03-13T09:58:30Z  434.584  -24.118  120.071  1.61694E-15  SWARM-A  17.821  204.036
2022-03-13T09:59:00Z  435.346  -26.055  120.054  1.59564E-15  SWARM-A  17.828  205.967
2022-03-13T09:59:30Z  436.129  -27.990  120.041  1.57325E-15  SWARM-A  17.836  207.897
2022-03-13T10:00:00Z  436.929  -29.924  120.032  1.54991E-15  SWARM-A  17.844  209.828
2022-03-13T10:00:30Z  437.744  -31.857  120.027  1.52573E-15  SWARM-A  17.852  211.758
2022-03-13T10:01:00Z  438.572  -33.789  120.027  1.50088E-15  SWARM-A  17.860  213.688
2022-03-13T10:01:30Z  439.409  -35.720  120.034  1.47528E-15  SWARM-A  17.869  215.618
2022-03-13T10:02:00Z  440.253  -37.650  120.046  1.44884E-15  SWARM-A  17.878  217.547
2022-03-13T10:02:30Z  441.101  -39.579  120.066  1.42141E-15  SWARM-A  17.888  219.477
2022-03-13T10:03:00Z  441.949  -41.507  120.094  1.39306E-15  SWARM-A  17.898  221.406
2022-03-13T10:03:30Z  442.795  -43.433  120.132  1.36409E-15  SWARM-A  17.909  223.335
2022-03-13T10:04:00Z  443.636  -45.359  120.180  1.33521E-15  SWARM-A  17.920  225.265
2022-03-13T10:04:30Z  444.468  -47.283  120.240  1.30722E-15  SWARM-A  17.932  227.193
2022-03-13T10:05:00Z  445.289  -49.205  120.314  1.28043E-15  SWARM-A  17.946  229.122
2022-03-13T10:05:30Z  446.095  -51.127  120.404  1.25468E-15  SWARM-A  17.960  231.051
2022-03-13T10:06:00Z  446.884  -53.047  120.513  1.22933E-15  SWARM-A  17.976  232.979
2022-03-13T10:06:30Z  447.653  -54.966  120.643  1.20395E-15  SWARM-A  17.993  234.907
2022-03-13T10:07:00Z  448.398  -56.883  120.800  1.17822E-15  SWARM-A  18.011  236.835
2022-03-13T10:07:30Z  449.118  -58.798  120.986  1.15208E-15  SWARM-A  18.032  238.764
2022-03-13T10:08:00Z  449.809  -60.712  121.209  1.12572E-15  SWARM-A  18.055  240.691
2022-03-13T10:08:30Z  450.469  -62.624  121.475  1.09943E-15  SWARM-A  18.082  242.619
2022-03-13T10:09:00Z  451.096  -64.534  121.795  1.07354E-15  SWARM-A  18.111  244.547
2022-03-13T10:09:30Z  451.686  -66.442  122.183  1.04803E-15  SWARM-A  18.145  246.474
2022-03-13T10:10:00Z  452.239  -68.348  122.655  1.02340E-15  SWARM-A  18.185  248.402
2022-03-13T10:10:30Z  452.752  -70.250  123.235  9.99748E-16  SWARM-A  18.232  250.329
2022-03-13T10:11:00Z  453.223  -72.148  123.960  9.77169E-16  SWARM-A  18.289  252.257
2022-03-13T10:11:30Z  453.650  -74.041  124.878  9.55528E-16  SWARM-A  18.358  254.184
2022-03-13T10:12:00Z  454.031  -75.927  126.069  9.34600E-16  SWARM-A  18.446  256.111
2022-03-13T10:12:30Z  454.366  -77.804  127.656  9.14072E-16  SWARM-A  18.560  258.038
2022-03-13T10:13:00Z  454.653  -79.665  129.851  8.93695E-16  SWARM-A  18.715  259.965
2022-03-13T10:13:30Z  454.891  -81.503  133.045  8.72660E-16  SWARM-A  18.936  261.892
2022-03-13T10:14:00Z  455.079  -83.298  138.024  8.50743E-16  SWARM-A  19.276  263.819
2022-03-13T10:14:30Z  455.217  -85.001  146.576  8.28738E-16  SWARM-A  19.855  265.746
2022-03-13T10:15:00Z  455.303  -86.482  163.123  8.06801E-16  SWARM-A  20.966  267.673
2022-03-13T10:15:30Z  455.337  -87.335  -164.477  7.85251E-16  SWARM-A  23.135  269.600
2022-03-13T10:16:00Z  455.320  -86.975  -125.906  7.63747E-16  SWARM-A  1.714  271.527
2022-03-13T10:16:30Z  455.251  -85.695  -103.249  7.42325E-16  SWARM-A  3.233  273.454
2022-03-13T10:17:00Z  455.131  -84.063  -91.978  7.22101E-16  SWARM-A  3.993  275.381
2022-03-13T10:17:30Z  454.960  -82.300  -85.746  7.03536E-16  SWARM-A  4.417  277.308
2022-03-13T10:18:00Z  454.739  -80.478  -81.902  6.86337E-16  SWARM-A  4.681  279.235
2022-03-13T10:18:30Z  454.468  -78.625  -79.331  6.70547E-16  SWARM-A  4.861  281.162
2022-03-13T10:19:00Z  454.148  -76.754  -77.510  6.55991E-16  SWARM-A  4.991  283.089
2022-03-13T10:19:30Z  453.781  -74.872  -76.164  6.42368E-16  SWARM-A  5.089  285.016
2022-03-13T10:20:00Z  453.369  -72.982  -75.137  6.29353E-16  SWARM-A  5.166  286.943
2022-03-13T10:20:30Z  452.911  -71.085  -74.335  6.15944E-16  SWARM-A  5.228  288.871
2022-03-13T10:21:00Z  452.411  -69.185  -73.696  6.03144E-16  SWARM-A  5.278  290.798
2022-03-13T10:21:30Z  451.870  -67.281  -73.180  5.91150E-16  SWARM-A  5.321  292.726
2022-03-13T10:22:00Z  451.290  -65.374  -72.758  5.80054E-16  SWARM-A  5.358  294.653
2022-03-13T10:22:30Z  450.673  -63.465  -72.410  5.70143E-16  SWARM-A  5.389  296.581
2022-03-13T10:23:00Z  450.021  -61.554  -72.121  5.61492E-16  SWARM-A  5.417  298.509
2022-03-13T10:23:30Z  449.338  -59.641  -71.880  5.53745E-16  SWARM-A  5.441  300.437
2022-03-13T10:24:00Z  448.625  -57.726  -71.679  5.47090E-16  SWARM-A  5.463  302.365
2022-03-13T10:24:30Z  447.884  -55.809  -71.510  5.41592E-16  SWARM-A  5.483  304.293
2022-03-13T10:25:00Z  447.120  -53.891  -71.369  5.37209E-16  SWARM-A  5.500  306.221
2022-03-13T10:25:30Z  446.334  -51.972  -71.251  5.33851E-16  SWARM-A  5.517  308.149
2022-03-13T10:26:00Z  445.529  -50.051  -71.153  5.31453E-16  SWARM-A  5.531  310.078
2022-03-13T10:26:30Z  444.709  -48.128  -71.072  5.29918E-16  SWARM-A  5.545  312.007
2022-03-13T10:27:00Z  443.876  -46.205  -71.006  5.29356E-16  SWARM-A  5.558  313.936
2022-03-13T10:27:30Z  443.033  -44.280  -70.952  5.29647E-16  SWARM-A  5.570  315.865
2022-03-13T10:28:00Z  442.183  -42.354  -70.910  5.30710E-16  SWARM-A  5.581  317.794
2022-03-13T10:28:30Z  441.330  -40.427  -70.878  5.32510E-16  SWARM-A  5.591  319.723
2022-03-13T10:29:00Z  440.476  -38.498  -70.855  5.34954E-16  SWARM-A  5.601  321.653
2022-03-13T10:29:30Z  439.624  -36.569  -70.839  5.38055E-16  SWARM-A  5.611  323.582
2022-03-13T10:30:00Z  438.777  -34.638  -70.830  5.41635E-16  SWARM-A  5.620  325.512
2022-03-13T10:30:30Z  437.939  -32.706  -70.828  5.45126E-16  SWARM-A  5.628  327.442
2022-03-13T10:31:00Z  437.112  -30.773  -70.830  5.49109E-16  SWARM-A  5.636  329.373
2022-03-13T10:31:30Z  436.299  -28.839  -70.838  5.53547E-16  SWARM-A  5.644  331.303
2022-03-13T10:32:00Z  435.503  -26.905  -70.849  5.58456E-16  SWARM-A  5.652  333.234
2022-03-13T10:32:30Z  434.726  -24.969  -70.865  5.63773E-16  SWARM-A  5.659  335.165
2022-03-13T10:33:00Z  433.970  -23.032  -70.883  5.69502E-16  SWARM-A  5.666  337.096
2022-03-13T10:33:30Z  433.239  -21.095  -70.905  5.75639E-16  SWARM-A  5.673  339.027
2022-03-13T10:34:00Z  432.535  -19.156  -70.930  5.82140E-16  SWARM-A  5.680  340.958
2022-03-13T10:34:30Z  431.859  -17.217  -70.956  5.89013E-16  SWARM-A  5.686  342.890
2022-03-13T10:35:00Z  431.215  -15.277  -70.985  5.96233E-16  SWARM-A  5.693  344.822
2022-03-13T10:35:30Z  430.602  -13.337  -71.015  6.03778E-16  SWARM-A  5.699  346.754
2022-03-13T10:36:00Z  430.024  -11.396  -71.047  6.11606E-16  SWARM-A  5.705  348.686
2022-03-13T10:36:30Z  429.482  -9.454  -71.081  6.19697E-16  SWARM-A  5.711  350.618
2022-03-13T10:37:00Z  428.978  -7.512  -71.115  6.28020E-16  SWARM-A  5.717  352.551
2022-03-13T10:37:30Z  428.512  -5.569  -71.150  6.36521E-16  SWARM-A  5.723  354.484
2022-03-13T10:38:00Z  428.085  -3.626  -71.185  6.45131E-16  SWARM-A  5.729  356.417
2022-03-13T10:38:30Z  427.699  -1.683  -71.221  6.53825E-16  SWARM-A  5.735  358.350
2022-03-13T10:39:00Z  427.354  0.260  -71.257  6.62500E-16  SWARM-A  5.741  0.283
2022-03-13T10:39:30Z  427.050  2.204  -71.294  6.71150E-16  SWARM-A  5.747  2.217
2022-03-13T10:40:00Z  426.788  4.148  -71.329  6.79640E-16  SWARM-A  5.753  4.151
2022-03-13T10:40:30Z  426.568  6.092  -71.365  6.87961E-16  SWARM-A  5.759  6.084
2022-03-13T10:41:00Z  426.390  8.036  -71.400  6.95996E-16  SWARM-A  5.765  8.019
2022-03-13T10:41:30Z  426.253  9.979  -71.433  7.03719E-16  SWARM-A  5.771  9.953
2022-03-13T10:42:00Z  426.158  11.923  -71.466  7.11186E-16  SWARM-A  5.777  11.887
2022-03-13T10:42:30Z  426.103  13.866  -71.498  7.18317E-16  SWARM-A  5.783  13.822
2022-03-13T10:43:00Z  426.087  15.810  -71.528  7.25121E-16  SWARM-A  5.790  15.757
2022-03-13T10:43:30Z  426.110  17.752  -71.556  7.31584E-16  SWARM-A  5.796  17.692
2022-03-13T10:44:00Z  426.170  19.695  -71.581  7.37760E-16  SWARM-A  5.803  19.627
2022-03-13T10:44:30Z  426.267  21.637  -71.605  7.43723E-16  SWARM-A  5.810  21.562
2022-03-13T10:45:00Z  426.398  23.579  -71.626  7.49545E-16  SWARM-A  5.817  23.497
2022-03-13T10:45:30Z  426.562  25.520  -71.643  7.55265E-16  SWARM-A  5.824  25.433
2022-03-13T10:46:00Z  426.757  27.460  -71.657  7.60996E-16  SWARM-A  5.831  27.369
2022-03-13T10:46:30Z  426.981  29.400  -71.668  7.66792E-16  SWARM-A  5.839  29.304
2022-03-13T10:47:00Z  427.233  31.339  -71.673  7.72824E-16  SWARM-A  5.847  31.240
2022-03-13T10:47:30Z  427.509  33.278  -71.674  7.79086E-16  SWARM-A  5.855  33.176
2022-03-13T10:48:00Z  427.809  35.215  -71.669  7.85744E-16  SWARM-A  5.864  35.113
2022-03-13T10:48:30Z  428.129  37.152  -71.658  7.92862E-16  SWARM-A  5.873  37.049
2022-03-13T10:49:00Z  428.468  39.088  -71.639  8.00397E-16  SWARM-A  5.882  38.986
2022-03-13T10:49:30Z  428.822  41.024  -71.613  8.08414E-16  SWARM-A  5.892  40.922
2022-03-13T10:50:00Z  429.189  42.958  -71.577  8.17064E-16  SWARM-A  5.903  42.859
2022-03-13T10:50:30Z  429.567  44.891  -71.531  8.26404E-16  SWARM-A  5.915  44.796
2022-03-13T10:51:00Z  429.953  46.823  -71.473  8.36517E-16  SWARM-A  5.927  46.733
2022-03-13T10:51:30Z  430.345  48.755  -71.402  8.47593E-16  SWARM-A  5.940  48.670
2022-03-13T10:52:00Z  430.739  50.685  -71.315  8.59536E-16  SWARM-A  5.954  50.607
2022-03-13T10:52:30Z  431.135  52.614  -71.209  8.72284E-16  SWARM-A  5.969  52.544
2022-03-13T10:53:00Z  431.529  54.542  -71.083  8.85670E-16  SWARM-A  5.986  54.481
2022-03-13T10:53:30Z  431.918  56.469  -70.931  8.99525E-16  SWARM-A  6.005  56.418
2022-03-13T10:54:00Z  432.300  58.394  -70.750  9.13265E-16  SWARM-A  6.025  58.356
2022-03-13T10:54:30Z  432.674  60.318  -70.534  9.26512E-16  SWARM-A  6.048  60.293
2022-03-13T10:55:00Z  433.036  62.240  -70.275  9.39755E-16  SWARM-A  6.073  62.231
2022-03-13T10:55:30Z  433.385  64.160  -69.964  9.53025E-16  SWARM-A  6.102  64.168
2022-03-13T10:56:00Z  433.719  66.078  -69.589  9.66401E-16  SWARM-A  6.136  66.106
2022-03-13T10:56:30Z  434.035  67.994  -69.131  9.80081E-16  SWARM-A  6.175  68.044
2022-03-13T10:57:00Z  434.331  69.907  -68.569  9.94221E-16  SWARM-A  6.220  69.982
2022-03-13T10:57:30Z  434.607  71.816  -67.869  1.00900E-15  SWARM-A  6.275  71.919
2022-03-13T10:58:00Z  434.859  73.721  -66.982  1.02457E-15  SWARM-A  6.343  73.857
2022-03-13T10:58:30Z  435.088  75.619  -65.837  1.04113E-15  SWARM-A  6.428  75.795
2022-03-13T10:59:00Z  435.290  77.507  -64.316  1.05875E-15  SWARM-A  6.537  77.733
2022-03-13T10:59:30Z  435.467  79.383  -62.221  1.07738E-15  SWARM-A  6.685  79.671
2022-03-13T11:00:00Z  435.615  81.235  -59.195  1.09696E-15  SWARM-A  6.895  81.609
2022-03-13T11:00:30Z  435.735  83.048  -54.521  1.11736E-15  SWARM-A  7.215  83.547
2022-03-13T11:01:00Z  435.826  84.779  -46.593  1.13850E-15  SWARM-A  7.752  85.485
2022-03-13T11:01:30Z  435.887  86.312  -31.434  1.16025E-15  SWARM-A  8.771  87.423
2022-03-13T11:02:00Z  435.918  87.287  -1.110  1.18230E-15  SWARM-A  10.801  89.361
2022-03-13T11:02:30Z  435.919  87.080  38.547  1.20328E-15  SWARM-A  13.453  91.299
2022-03-13T11:03:00Z  435.890  85.863  63.247  1.22302E-15  SWARM-A  15.108  93.237
2022-03-13T11:03:30Z  435.831  84.246  75.442  1.24262E-15  SWARM-A  15.930  95.175
2022-03-13T11:04:00Z  435.742  82.482  82.074  1.26197E-15  SWARM-A  16.380  97.113
2022-03-13T11:04:30Z  435.625  80.654  86.114  1.28095E-15  SWARM-A  16.658  99.051
2022-03-13T11:05:00Z  435.479  78.793  88.791  1.29963E-15  SWARM-A  16.844  100.989
2022-03-13T11:05:30Z  435.305  76.913  90.676  1.31817E-15  SWARM-A  16.978  102.926
2022-03-13T11:06:00Z  435.106  75.021  92.063  1.33690E-15  SWARM-A  17.079  104.864
2022-03-13T11:06:30Z  434.881  73.121  93.116  1.35525E-15  SWARM-A  17.158  106.802
2022-03-13T11:07:00Z  434.632  71.215  93.937  1.37321E-15  SWARM-A  17.221  108.740
2022-03-13T11:07:30Z  434.361  69.304  94.590  1.39207E-15  SWARM-A  17.273  110.678
2022-03-13T11:08:00Z  434.070  67.391  95.116  1.41185E-15  SWARM-A  17.316  112.615
2022-03-13T11:08:30Z  433.759  65.474  95.545  1.43224E-15  SWARM-A  17.353  114.553
2022-03-13T11:09:00Z  433.432  63.555  95.899  1.45252E-15  SWARM-A  17.385  116.490
2022-03-13T11:09:30Z  433.089  61.634  96.193  1.47198E-15  SWARM-A  17.413  118.428
2022-03-13T11:10:00Z  432.734  59.712  96.437  1.49010E-15  SWARM-A  17.438  120.365
2022-03-13T11:10:30Z  432.367  57.788  96.642  1.50768E-15  SWARM-A  17.459  122.303
2022-03-13T11:11:00Z  431.992  55.862  96.813  1.52504E-15  SWARM-A  17.479  124.240
2022-03-13T11:11:30Z  431.611  53.935  96.956  1.54167E-15  SWARM-A  17.497  126.177
2022-03-13T11:12:00Z  431.226  52.007  97.075  1.55802E-15  SWARM-A  17.513  128.114
2022-03-13T11:12:30Z  430.840  50.078  97.175  1.57427E-15  SWARM-A  17.528  130.051
2022-03-13T11:13:00Z  430.455  48.147  97.257  1.59051E-15  SWARM-A  17.542  131.988
2022-03-13T11:13:30Z  430.074  46.216  97.324  1.60677E-15  SWARM-A  17.555  133.925
2022-03-13T11:14:00Z  429.699  44.283  97.378  1.62305E-15  SWARM-A  17.567  135.862
2022-03-13T11:14:30Z  429.333  42.350  97.420  1.63924E-15  SWARM-A  17.578  137.798
2022-03-13T11:15:00Z  428.978  40.415  97.453  1.65454E-15  SWARM-A  17.589  139.735
2022-03-13T11:15:30Z  428.636  38.480  97.477  1.66847E-15  SWARM-A  17.599  141.671
2022-03-13T11:16:00Z  428.311  36.544  97.493  1.68205E-15  SWARM-A  17.608  143.608
2022-03-13T11:16:30Z  428.005  34.607  97.502  1.69515E-15  SWARM-A  17.617  145.544
2022-03-13T11:17:00Z  427.719  32.669  97.505  1.70767E-15  SWARM-A  17.625  147.480
2022-03-13T11:17:30Z  427.457  30.731  97.503  1.71940E-15  SWARM-A  17.634  149.416
2022-03-13T11:18:00Z  427.220  28.791  97.496  1.73022E-15  SWARM-A  17.641  151.351
2022-03-13T11:18:30Z  427.010  26.852  97.484  1.74001E-15  SWARM-A  17.649  153.287
2022-03-13T11:19:00Z  426.830  24.911  97.469  1.74869E-15  SWARM-A  17.656  155.222
2022-03-13T11:19:30Z  426.681  22.970  97.450  1.75619E-15  SWARM-A  17.663  157.158
2022-03-13T11:20:00Z  426.565  21.028  97.429  1.76255E-15  SWARM-A  17.670  159.093
2022-03-13T11:20:30Z  426.484  19.086  97.405  1.76767E-15  SWARM-A  17.677  161.028
2022-03-13T11:21:00Z  426.439  17.144  97.378  1.77158E-15  SWARM-A  17.684  162.963
2022-03-13T11:21:30Z  426.431  15.201  97.349  1.77416E-15  SWARM-A  17.690  164.898
2022-03-13T11:22:00Z  426.461  13.258  97.319  1.77556E-15  SWARM-A  17.696  166.832
2022-03-13T11:22:30Z  426.532  11.315  97.287  1.77600E-15  SWARM-A  17.703  168.766
2022-03-13T11:23:00Z  426.642  9.371  97.254  1.77555E-15  SWARM-A  17.709  170.701
2022-03-13T11:23:30Z  426.793  7.428  97.220  1.77432E-15  SWARM-A  17.715  172.635
2022-03-13T11:24:00Z  426.986  5.484  97.185  1.77238E-15  SWARM-A  17.721  174.568
2022-03-13T11:24:30Z  427.220  3.541  97.149  1.76983E-15  SWARM-A  17.727  176.502
2022-03-13T11:25:00Z  427.496  1.597  97.113  1.76668E-15  SWARM-A  17.733  178.436
2022-03-13T11:25:30Z  427.813  -0.346  97.077  1.76303E-15  SWARM-A  17.739  180.369
2022-03-13T11:26:00Z  428.171  -2.290  97.041  1.75890E-15  SWARM-A  17.745  182.302
2022-03-13T11:26:30Z  428.570  -4.233  97.005  1.75420E-15  SWARM-A  17.750  184.235
2022-03-13T11:27:00Z  429.008  -6.175  96.970  1.74899E-15  SWARM-A  17.756  186.167
2022-03-13T11:27:30Z  429.486  -8.117  96.935  1.74323E-15  SWARM-A  17.762  188.100
2022-03-13T11:28:00Z  430.001  -10.059  96.901  1.73675E-15  SWARM-A  17.769  190.032
2022-03-13T11:28:30Z  430.553  -12.000  96.869  1.72957E-15  SWARM-A  17.775  191.964
2022-03-13T11:29:00Z  431.141  -13.941  96.837  1.72153E-15  SWARM-A  17.781  193.896
2022-03-13T11:29:30Z  431.762  -15.881  96.807  1.71257E-15  SWARM-A  17.787  195.828
2022-03-13T11:30:00Z  432.416  -17.821  96.779  1.70259E-15  SWARM-A  17.794  197.760
2022-03-13T11:30:30Z  433.099  -19.759  96.753  1.69155E-15  SWARM-A  17.800  199.691
2022-03-13T11:31:00Z  433.810  -21.697  96.730  1.67941E-15  SWARM-A  17.807  201.622
2022-03-13T11:31:30Z  434.547  -23.634  96.709  1.66614E-15  SWARM-A  17.814  203.553
2022-03-13T11:32:00Z  435.307  -25.571  96.691  1.65180E-15  SWARM-A  17.821  205.484
2022-03-13T11:32:30Z  436.089  -27.506  96.677  1.63634E-15  SWARM-A  17.829  207.414
2022-03-13T11:33:00Z  436.888  -29.440  96.667  1.61993E-15  SWARM-A  17.836  209.345
2022-03-13T11:33:30Z  437.704  -31.374  96.661  1.60259E-15  SWARM-A  17.844  211.275
2022-03-13T11:34:00Z  438.532  -33.306  96.660  1.58434E-15  SWARM-A  17.852  213.205
2022-03-13T11:34:30Z  439.370  -35.237  96.664  1.56526E-15  SWARM-A  17.861  215.135
2022-03-13T11:35:00Z  440.215  -37.167  96.675  1.54496E-15  SWARM-A  17.870  217.065
2022-03-13T11:35:30Z  441.065  -39.096  96.693  1.52380E-15  SWARM-A  17.880  218.994
2022-03-13T11:36:00Z  441.915  -41.024  96.719  1.50206E-15  SWARM-A  17.890  220.923
2022-03-13T11:36:30Z  442.764  -42.951  96.755  1.48021E-15  SWARM-A  17.900  222.852
2022-03-13T11:37:00Z  443.608  -44.876  96.800  1.45892E-15  SWARM-A  17.912  224.781
2022-03-13T11:37:30Z  444.444  -46.801  96.857  1.43873E-15  SWARM-A  17.924  226.710
2022-03-13T11:38:00Z  445.269  -48.724  96.928  1.41975E-15  SWARM-A  17.937  228.639
2022-03-13T11:38:30Z  446.080  -50.645  97.014  1.40155E-15  SWARM-A  17.951  230.567
2022-03-13T11:39:00Z  446.874  -52.566  97.118  1.38340E-15  SWARM-A  17.966  232.496
2022-03-13T11:39:30Z  447.648  -54.485  97.242  1.36460E-15  SWARM-A  17.983  234.424
2022-03-13T11:40:00Z  448.400  -56.402  97.392  1.34469E-15  SWARM-A  18.001  236.352
2022-03-13T11:40:30Z  449.126  -58.318  97.570  1.32355E-15  SWARM-A  18.021  238.280
2022-03-13T11:41:00Z  449.824  -60.232  97.783  1.30093E-15  SWARM-A  18.044  240.208
2022-03-13T11:41:30Z  450.491  -62.145  98.038  1.27661E-15  SWARM-A  18.069  242.135
2022-03-13T11:42:00Z  451.125  -64.055  98.344  1.25214E-15  SWARM-A  18.098  244.063
2022-03-13T11:42:30Z  451.724  -65.963  98.713  1.22792E-15  SWARM-A  18.131  245.991
2022-03-13T11:43:00Z  452.285  -67.869  99.162  1.20432E-15  SWARM-A  18.169  247.918
2022-03-13T11:43:30Z  452.806  -69.772  99.713  1.18164E-15  SWARM-A  18.214  249.845
2022-03-13T11:44:00Z  453.285  -71.671  100.398  1.15984E-15  SWARM-A  18.268  251.773
2022-03-13T11:44:30Z  453.721  -73.565  101.262  1.13877E-15  SWARM-A  18.334  253.700
2022-03-13T11:45:00Z  454.111  -75.454  102.375  1.11816E-15  SWARM-A  18.417  255.627
2022-03-13T11:45:30Z  454.455  -77.333  103.848  1.09856E-15  SWARM-A  18.523  257.554
2022-03-13T11:46:00Z  454.751  -79.199  105.864  1.07934E-15  SWARM-A  18.666  259.481
2022-03-13T11:46:30Z  454.998  -81.044  108.755  1.05975E-15  SWARM-A  18.867  261.408
2022-03-13T11:47:00Z  455.195  -82.852  113.175  1.03929E-15  SWARM-A  19.170  263.335
2022-03-13T11:47:30Z  455.341  -84.585  120.561  1.01784E-15  SWARM-A  19.671  265.262
2022-03-13T11:48:00Z  455.436  -86.144  134.433  9.95426E-16  SWARM-A  20.604  267.188
2022-03-13T11:48:30Z  455.479  -87.217  162.345  9.72515E-16  SWARM-A  22.473  269.115
2022-03-13T11:49:00Z  455.470  -87.180  -157.807  9.48694E-16  SWARM-A  1.138  271.042
2022-03-13T11:49:30Z  455.410  -86.064  -130.900  9.22422E-16  SWARM-A  2.940  272.969
2022-03-13T11:50:00Z  455.298  -84.491  -117.556  8.95820E-16  SWARM-A  3.838  274.896
2022-03-13T11:50:30Z  455.135  -82.751  -110.402  8.69998E-16  SWARM-A  4.323  276.823
2022-03-13T11:51:00Z  454.921  -80.940  -106.096  8.45505E-16  SWARM-A  4.619  278.750
2022-03-13T11:51:30Z  454.657  -79.094  -103.268  8.22715E-16  SWARM-A  4.816  280.677
2022-03-13T11:52:00Z  454.345  -77.227  -101.289  8.01629E-16  SWARM-A  4.956  282.604
2022-03-13T11:52:30Z  453.984  -75.347  -99.841  7.82174E-16  SWARM-A  5.061  284.531
2022-03-13T11:53:00Z  453.578  -73.458  -98.744  7.63517E-16  SWARM-A  5.142  286.458
2022-03-13T11:53:30Z  453.126  -71.563  -97.892  7.45762E-16  SWARM-A  5.207  288.385
2022-03-13T11:54:00Z  452.631  -69.664  -97.216  7.28652E-16  SWARM-A  5.261  290.313
2022-03-13T11:54:30Z  452.094  -67.761  -96.671  7.12274E-16  SWARM-A  5.305  292.240
2022-03-13T11:55:00Z  451.519  -65.855  -96.228  6.96810E-16  SWARM-A  5.343  294.167
2022-03-13T11:55:30Z  450.905  -63.946  -95.862  6.82570E-16  SWARM-A  5.376  296.095
2022-03-13T11:56:00Z  450.257  -62.036  -95.559  6.69903E-16  SWARM-A  5.405  298.023
2022-03-13T11:56:30Z  449.576  -60.123  -95.307  6.58969E-16  SWARM-A  5.430  299.951
2022-03-13T11:57:00Z  448.865  -58.209  -95.096  6.49721E-16  SWARM-A  5.452  301.879
2022-03-13T11:57:30Z  448.126  -56.292  -94.920  6.42080E-16  SWARM-A  5.472  303.807
2022-03-13T11:58:00Z  447.362  -54.375  -94.772  6.35969E-16  SWARM-A  5.490  305.735
2022-03-13T11:58:30Z  446.575  -52.456  -94.648  6.31310E-16  SWARM-A  5.507  307.663
2022-03-13T11:59:00Z  445.770  -50.535  -94.545  6.27939E-16  SWARM-A  5.522  309.592
2022-03-13T11:59:30Z  444.948  -48.613  -94.460  6.25842E-16  SWARM-A  5.536  311.520
2022-03-13T12:00:00Z  444.113  -46.690  -94.390  6.25956E-16  SWARM-A  5.549  313.449
2022-03-13T12:00:30Z  443.267  -44.766  -94.334  6.25421E-16  SWARM-A  5.561  315.378
2022-03-13T12:01:00Z  442.414  -42.840  -94.289  6.25826E-16  SWARM-A  5.573  317.307
2022-03-13T12:01:30Z  441.556  -40.913  -94.255  6.27101E-16  SWARM-A  5.583  319.237
2022-03-13T12:02:00Z  440.697  -38.985  -94.229  6.29162E-16  SWARM-A  5.593  321.166
2022-03-13T12:02:30Z  439.840  -37.055  -94.212  6.31934E-16  SWARM-A  5.603  323.096
2022-03-13T12:03:00Z  438.987  -35.125  -94.201  6.35257E-16  SWARM-A  5.612  325.026
2022-03-13T12:03:30Z  438.142  -33.193  -94.197  6.39128E-16  SWARM-A  5.620  326.956
2022-03-13T12:04:00Z  437.307  -31.261  -94.198  6.43523E-16  SWARM-A  5.629  328.886
2022-03-13T12:04:30Z  436.486  -29.327  -94.204  6.48394E-16  SWARM-A  5.637  330.816
2022-03-13T12:05:00Z  435.681  -27.393  -94.215  6.53707E-16  SWARM-A  5.644  332.747
2022-03-13T12:05:30Z  434.895  -25.457  -94.229  6.59414E-16  SWARM-A  5.652  334.678
2022-03-13T12:06:00Z  434.130  -23.521  -94.247  6.65449E-16  SWARM-A  5.659  336.609
2022-03-13T12:06:30Z  433.389  -21.583  -94.268  6.71847E-16  SWARM-A  5.666  338.540
2022-03-13T12:07:00Z  432.674  -19.645  -94.292  6.78551E-16  SWARM-A  5.672  340.471
2022-03-13T12:07:30Z  431.988  -17.706  -94.318  6.85583E-16  SWARM-A  5.679  342.403
2022-03-13T12:08:00Z  431.332  -15.766  -94.346  6.92915E-16  SWARM-A  5.685  344.335
2022-03-13T12:08:30Z  430.708  -13.826  -94.376  7.00488E-16  SWARM-A  5.692  346.267
2022-03-13T12:09:00Z  430.119  -11.885  -94.407  7.08319E-16  SWARM-A  5.698  348.199
2022-03-13T12:09:30Z  429.566  -9.944  -94.440  7.16381E-16  SWARM-A  5.704  350.131
2022-03-13T12:10:00Z  429.049  -8.001  -94.474  7.24626E-16  SWARM-A  5.710  352.064
2022-03-13T12:10:30Z  428.572  -6.059  -94.509  7.33069E-16  SWARM-A  5.716  353.997
2022-03-13T12:11:00Z  428.133  -4.116  -94.544  7.41658E-16  SWARM-A  5.722  355.929
2022-03-13T12:11:30Z  427.736  -2.173  -94.580  7.50350E-16  SWARM-A  5.728  357.863
2022-03-13T12:12:00Z  427.379  -0.229  -94.616  7.59109E-16  SWARM-A  5.734  359.796
2022-03-13T12:12:30Z  427.064  1.714  -94.652  7.67939E-16  SWARM-A  5.740  1.730
2022-03-13T12:13:00Z  426.791  3.658  -94.688  7.76744E-16  SWARM-A  5.746  3.663
2022-03-13T12:13:30Z  426.560  5.602  -94.724  7.85508E-16  SWARM-A  5.752  5.597
2022-03-13T12:14:00Z  426.371  7.546  -94.759  7.94120E-16  SWARM-A  5.758  7.531
2022-03-13T12:14:30Z  426.224  9.490  -94.793  8.02649E-16  SWARM-A  5.764  9.465
2022-03-13T12:15:00Z  426.117  11.433  -94.826  8.10974E-16  SWARM-A  5.770  11.400
2022-03-13T12:15:30Z  426.052  13.377  -94.858  8.19059E-16  SWARM-A  5.776  13.335
2022-03-13T12:16:00Z  426.026  15.320  -94.888  8.27080E-16  SWARM-A  5.783  15.269
2022-03-13T12:16:30Z  426.039  17.263  -94.916  8.34896E-16  SWARM-A  5.789  17.204
2022-03-13T12:17:00Z  426.090  19.206  -94.943  8.42606E-16  SWARM-A  5.796  19.139
2022-03-13T12:17:30Z  426.177  21.148  -94.967  8.50254E-16  SWARM-A  5.802  21.075
2022-03-13T12:18:00Z  426.299  23.090  -94.988  8.57983E-16  SWARM-A  5.809  23.010
2022-03-13T12:18:30Z  426.455  25.031  -95.006  8.65874E-16  SWARM-A  5.816  24.946
2022-03-13T12:19:00Z  426.642  26.972  -95.021  8.74060E-16  SWARM-A  5.824  26.881
2022-03-13T12:19:30Z  426.859  28.912  -95.032  8.82635E-16  SWARM-A  5.831  28.817
2022-03-13T12:20:00Z  427.103  30.851  -95.039  8.91446E-16  SWARM-A  5.839  30.753
2022-03-13T12:20:30Z  427.374  32.790  -95.041  9.00643E-16  SWARM-A  5.848  32.689
2022-03-13T12:21:00Z  427.667  34.728  -95.038  9.10108E-16  SWARM-A  5.856  34.625
2022-03-13T12:21:30Z  427.982  36.665  -95.028  9.19564E-16  SWARM-A  5.865  36.562
2022-03-13T12:22:00Z  428.316  38.601  -95.011  9.28735E-16  SWARM-A  5.875  38.498
2022-03-13T12:22:30Z  428.665  40.537  -94.987  9.37559E-16  SWARM-A  5.884  40.435
2022-03-13T12:23:00Z  429.029  42.471  -94.953  9.46191E-16  SWARM-A  5.895  42.372
2022-03-13T12:23:30Z  429.405  44.405  -94.910  9.55611E-16  SWARM-A  5.906  44.308
2022-03-13T12:24:00Z  429.789  46.337  -94.855  9.66681E-16  SWARM-A  5.918  46.245
2022-03-13T12:24:30Z  430.179  48.269  -94.787  9.79829E-16  SWARM-A  5.931  48.182
2022-03-13T12:25:00Z  430.573  50.200  -94.704  9.96117E-16  SWARM-A  5.945  50.119
2022-03-13T12:25:30Z  430.969  52.129  -94.603  1.01479E-15  SWARM-A  5.960  52.057
2022-03-13T12:26:00Z  431.363  54.057  -94.482  1.03473E-15  SWARM-A  5.976  53.994
2022-03-13T12:26:30Z  431.754  55.984  -94.337  1.05488E-15  SWARM-A  5.994  55.931
2022-03-13T12:27:00Z  432.139  57.910  -94.164  1.07431E-15  SWARM-A  6.014  57.869
2022-03-13T12:27:30Z  432.515  59.834  -93.957  1.09259E-15  SWARM-A  6.036  59.806
2022-03-13T12:28:00Z  432.881  61.756  -93.710  1.10962E-15  SWARM-A  6.061  61.744
2022-03-13T12:28:30Z  433.235  63.677  -93.413  1.12548E-15  SWARM-A  6.089  63.681
2022-03-13T12:29:00Z  433.573  65.596  -93.054  1.14065E-15  SWARM-A  6.122  65.619
2022-03-13T12:29:30Z  433.895  67.513  -92.619  1.15568E-15  SWARM-A  6.159  67.557
2022-03-13T12:30:00Z  434.198  69.426  -92.085  1.17114E-15  SWARM-A  6.203  69.495
2022-03-13T12:30:30Z  434.480  71.337  -91.423  1.18747E-15  SWARM-A  6.255  71.432
2022-03-13T12:31:00Z  434.740  73.242  -90.589  1.20439E-15  SWARM-A  6.319  73.370
2022-03-13T12:31:30Z  434.977  75.142  -89.517  1.22284E-15  SWARM-A  6.399  75.308
2022-03-13T12:32:00Z  435.188  77.034  -88.104  1.24298E-15  SWARM-A  6.502  77.246
2022-03-13T12:32:30Z  435.374  78.913  -86.178  1.26467E-15  SWARM-A  6.638  79.184
2022-03-13T12:33:00Z  435.531  80.772  -83.433  1.28760E-15  SWARM-A  6.830  81.122
2022-03-13T12:33:30Z  435.661  82.597  -79.272  1.31129E-15  SWARM-A  7.115  83.060
2022-03-13T12:34:00Z  435.762  84.355  -72.400  1.33319E-15  SWARM-A  7.582  84.998
2022-03-13T12:34:30Z  435.833  85.957  -59.661  1.35504E-15  SWARM-A  8.440  86.936
2022-03-13T12:35:00Z  435.874  87.130  -33.854  1.37628E-15  SWARM-A  10.168  88.874
2022-03-13T12:35:30Z  435.886  87.253  6.063  1.39528E-15  SWARM-A  12.838  90.812
2022-03-13T12:36:00Z  435.867  86.223  35.216  1.41163E-15  SWARM-A  14.790  92.750
2022-03-13T12:36:30Z  435.818  84.671  49.708  1.42633E-15  SWARM-A  15.764  94.688
2022-03-13T12:37:00Z  435.740  82.933  57.348  1.44118E-15  SWARM-A  16.282  96.626
2022-03-13T12:37:30Z  435.632  81.117  61.884  1.45491E-15  SWARM-A  16.593  98.564
2022-03-13T12:38:00Z  435.497  79.262  64.835  1.46734E-15  SWARM-A  16.798  100.502
2022-03-13T12:38:30Z  435.333  77.386  66.885  1.47905E-15  SWARM-A  16.943  102.440
2022-03-13T12:39:00Z  435.143  75.497  68.379  1.49069E-15  SWARM-A  17.051  104.378
2022-03-13T12:39:30Z  434.928  73.598  69.505  1.50274E-15  SWARM-A  17.134  106.315
2022-03-13T12:40:00Z  434.688  71.694  70.378  1.51570E-15  SWARM-A  17.201  108.253
2022-03-13T12:40:30Z  434.426  69.784  71.068  1.52798E-15  SWARM-A  17.255  110.191
2022-03-13T12:41:00Z  434.142  67.871  71.623  1.54192E-15  SWARM-A  17.300  112.129
2022-03-13T12:41:30Z  433.840  65.955  72.075  1.55740E-15  SWARM-A  17.339  114.066
2022-03-13T12:42:00Z  433.519  64.037  72.447  1.57402E-15  SWARM-A  17.372  116.004
2022-03-13T12:42:30Z  433.183  62.117  72.754  1.59108E-15  SWARM-A  17.401  117.941
2022-03-13T12:43:00Z  432.834  60.195  73.010  1.60778E-15  SWARM-A  17.426  119.879
2022-03-13T12:43:30Z  432.473  58.271  73.224  1.62345E-15  SWARM-A  17.449  121.816
2022-03-13T12:44:00Z  432.103  56.346  73.403  1.63758E-15  SWARM-A  17.469  123.754
2022-03-13T12:44:30Z  431.727  54.419  73.553  1.65007E-15  SWARM-A  17.487  125.691
2022-03-13T12:45:00Z  431.346  52.491  73.678  1.66186E-15  SWARM-A  17.504  127.628
2022-03-13T12:45:30Z  430.962  50.562  73.782  1.67333E-15  SWARM-A  17.519  129.565
2022-03-13T12:46:00Z  430.580  48.632  73.869  1.68458E-15  SWARM-A  17.533  131.502
2022-03-13T12:46:30Z  430.200  46.701  73.939  1.69562E-15  SWARM-A  17.546  133.439
2022-03-13T12:47:00Z  429.826  44.769  73.996  1.70636E-15  SWARM-A  17.558  135.375
2022-03-13T12:47:30Z  429.460  42.835  74.042  1.71684E-15  SWARM-A  17.570  137.312
2022-03-13T12:48:00Z  429.105  40.901  74.077  1.72694E-15  SWARM-A  17.580  139.249
2022-03-13T12:48:30Z  428.763  38.966  74.103  1.73679E-15  SWARM-A  17.591  141.185
2022-03-13T12:49:00Z  428.436  37.030  74.121  1.74641E-15  SWARM-A  17.600  143.121
2022-03-13T12:49:30Z  428.127  35.094  74.132  1.75578E-15  SWARM-A  17.609  145.057
2022-03-13T12:50:00Z  427.838  33.156  74.136  1.76502E-15  SWARM-A  17.618  146.993
2022-03-13T12:50:30Z  427.571  31.218  74.136  1.77396E-15  SWARM-A  17.626  148.929
2022-03-13T12:51:00Z  427.329  29.279  74.130  1.78256E-15  SWARM-A  17.634  150.865
2022-03-13T12:51:30Z  427.115  27.339  74.119  1.79069E-15  SWARM-A  17.642  152.801
2022-03-13T12:52:00Z  426.929  25.399  74.105  1.79826E-15  SWARM-A  17.649  154.736
2022-03-13T12:52:30Z  426.773  23.458  74.087  1.80521E-15  SWARM-A  17.656  156.672
2022-03-13T12:53:00Z  426.651  21.516  74.066  1.81146E-15  SWARM-A  17.663  158.607
2022-03-13T12:53:30Z  426.562  19.574  74.043  1.81694E-15  SWARM-A  17.670  160.542
2022-03-13T12:54:00Z  426.510  17.632  74.017  1.82160E-15  SWARM-A  17.676  162.477
2022-03-13T12:54:30Z  426.494  15.690  73.989  1.82543E-15  SWARM-A  17.683  164.411
2022-03-13T12:55:00Z  426.516  13.747  73.959  1.82842E-15  SWARM-A  17.689  166.346
2022-03-13T12:55:30Z  426.578  11.803  73.927  1.83061E-15  SWARM-A  17.696  168.280
2022-03-13T12:56:00Z  426.680  9.860  73.894  1.83202E-15  SWARM-A  17.702  170.214
2022-03-13T12:56:30Z  426.823  7.917  73.860  1.83266E-15  SWARM-A  17.708  172.148
2022-03-13T12:57:00Z  427.007  5.973  73.826  1.83259E-15  SWARM-A  17.714  174.082
2022-03-13T12:57:30Z  427.233  4.029  73.790  1.83188E-15  SWARM-A  17.720  176.016
2022-03-13T12:58:00Z  427.501  2.086  73.754  1.83054E-15  SWARM-A  17.726  177.949
2022-03-13T12:58:30Z  427.810  0.143  73.718  1.82863E-15  SWARM-A  17.732  179.882
2022-03-13T12:59:00Z  428.160  -1.801  73.682  1.82615E-15  SWARM-A  17.738  181.816
2022-03-13T12:59:30Z  428.552  -3.744  73.646  1.82317E-15  SWARM-A  17.743  183.748
2022-03-13T13:00:00Z  428.983  -5.686  73.611  1.81960E-15  SWARM-A  17.749  185.681
2022-03-13T13:00:30Z  429.454  -7.629  73.576  1.81551E-15  SWARM-A  17.755  187.614
2022-03-13T13:01:00Z  429.963  -9.570  73.542  1.81082E-15  SWARM-A  17.762  189.546
2022-03-13T13:01:30Z  430.509  -11.512  73.509  1.80549E-15  SWARM-A  17.768  191.478
2022-03-13T13:02:00Z  431.091  -13.452  73.477  1.79943E-15  SWARM-A  17.774  193.410
2022-03-13T13:02:30Z  431.707  -15.393  73.446  1.79255E-15  SWARM-A  17.780  195.342
2022-03-13T13:03:00Z  432.354  -17.332  73.418  1.78481E-15  SWARM-A  17.787  197.273
2022-03-13T13:03:30Z  433.033  -19.271  73.391  1.77615E-15  SWARM-A  17.793  199.205
2022-03-13T13:04:00Z  433.739  -21.209  73.367  1.76657E-15  SWARM-A  17.800  201.136
2022-03-13T13:04:30Z  434.472  -23.146  73.345  1.75605E-15  SWARM-A  17.807  203.067
2022-03-13T13:05:00Z  435.228  -25.083  73.327  1.74456E-15  SWARM-A  17.814  204.997
2022-03-13T13:05:30Z  436.005  -27.018  73.312  1.73205E-15  SWARM-A  17.821  206.928
2022-03-13T13:06:00Z  436.802  -28.953  73.300  1.71839E-15  SWARM-A  17.829  208.858
2022-03-13T13:06:30Z  437.614  -30.886  73.293  1.70341E-15  SWARM-A  17.837  210.788
2022-03-13T13:07:00Z  438.439  -32.819  73.291  1.68692E-15  SWARM-A  17.845  212.718
2022-03-13T13:07:30Z  439.275  -34.750  73.294  1.66835E-15  SWARM-A  17.853  214.648
2022-03-13T13:08:00Z  440.119  -36.681  73.303  1.64794E-15  SWARM-A  17.862  216.578
2022-03-13T13:08:30Z  440.967  -38.610  73.320  1.62654E-15  SWARM-A  17.872  218.507
2022-03-13T13:09:00Z  441.817  -40.538  73.343  1.60517E-15  SWARM-A  17.882  220.437
2022-03-13T13:09:30Z  442.665  -42.465  73.376  1.58517E-15  SWARM-A  17.892  222.366
2022-03-13T13:10:00Z  443.510  -44.391  73.419  1.56772E-15  SWARM-A  17.903  224.295
2022-03-13T13:10:30Z  444.346  -46.315  73.473  1.55335E-15  SWARM-A  17.915  226.224
2022-03-13T13:11:00Z  445.173  -48.239  73.540  1.54178E-15  SWARM-A  17.928  228.152
2022-03-13T13:11:30Z  445.985  -50.160  73.621  1.53010E-15  SWARM-A  17.942  230.081
2022-03-13T13:12:00Z  446.782  -52.081  73.720  1.51803E-15  SWARM-A  17.957  232.009
2022-03-13T13:12:30Z  447.559  -54.000  73.840  1.50489E-15  SWARM-A  17.973  233.937
2022-03-13T13:13:00Z  448.314  -55.918  73.982  1.49007E-15  SWARM-A  17.991  235.865
2022-03-13T13:13:30Z  449.044  -57.834  74.153  1.47307E-15  SWARM-A  18.011  237.793
2022-03-13T13:14:00Z  449.746  -59.749  74.356  1.45385E-15  SWARM-A  18.033  239.721
2022-03-13T13:14:30Z  450.418  -61.662  74.600  1.43323E-15  SWARM-A  18.057  241.649
2022-03-13T13:15:00Z  451.057  -63.573  74.892  1.41300E-15  SWARM-A  18.085  243.576
2022-03-13T13:15:30Z  451.661  -65.482  75.244  1.39197E-15  SWARM-A  18.117  245.504
2022-03-13T13:16:00Z  452.228  -67.388  75.670  1.37084E-15  SWARM-A  18.153  247.431
2022-03-13T13:16:30Z  452.756  -69.292  76.193  1.35017E-15  SWARM-A  18.197  249.358
2022-03-13T13:17:00Z  453.242  -71.192  76.840  1.33046E-15  SWARM-A  18.248  251.286
2022-03-13T13:17:30Z  453.684  -73.087  77.653  1.31106E-15  SWARM-A  18.311  253.213
2022-03-13T13:18:00Z  454.082  -74.977  78.695  1.29124E-15  SWARM-A  18.388  255.140
2022-03-13T13:18:30Z  454.433  -76.859  80.062  1.27256E-15  SWARM-A  18.488  257.067
2022-03-13T13:19:00Z  454.737  -78.729  81.917  1.25491E-15  SWARM-A  18.620  258.994
2022-03-13T13:19:30Z  454.991  -80.580  84.542  1.23775E-15  SWARM-A  18.803  260.921
2022-03-13T13:20:00Z  455.196  -82.400  88.482  1.22060E-15  SWARM-A  19.074  262.848
2022-03-13T13:20:30Z  455.350  -84.158  94.903  1.20252E-15  SWARM-A  19.511  264.774
2022-03-13T13:21:00Z  455.452  -85.778  106.594  1.18350E-15  SWARM-A  20.298  266.701
2022-03-13T13:21:30Z  455.503  -87.025  130.146  1.16360E-15  SWARM-A  21.877  268.628
2022-03-13T13:22:00Z  455.502  -87.316  169.165  1.14254E-15  SWARM-A  0.486  270.555
2022-03-13T13:22:30Z  455.449  -86.410  -159.410  1.11914E-15  SWARM-A  2.590  272.482
2022-03-13T13:23:00Z  455.345  -84.911  -143.498  1.09421E-15  SWARM-A  3.659  274.409
2022-03-13T13:23:30Z  455.189  -83.200  -135.222  1.06873E-15  SWARM-A  4.219  276.336
2022-03-13T13:24:00Z  454.982  -81.403  -130.374  1.04343E-15  SWARM-A  4.551  278.263
2022-03-13T13:24:30Z  454.726  -79.563  -127.250  1.01900E-15  SWARM-A  4.767  280.190
2022-03-13T13:25:00Z  454.420  -77.700  -125.095  9.96073E-16  SWARM-A  4.919  282.117
2022-03-13T13:25:30Z  454.066  -75.823  -123.534  9.75096E-16  SWARM-A  5.032  284.044
2022-03-13T13:26:00Z  453.666  -73.936  -122.361  9.55516E-16  SWARM-A  5.118  285.971
2022-03-13T13:26:30Z  453.220  -72.043  -121.455  9.37337E-16  SWARM-A  5.187  287.898
2022-03-13T13:27:00Z  452.730  -70.145  -120.739  9.20686E-16  SWARM-A  5.243  289.825
2022-03-13T13:27:30Z  452.199  -68.243  -120.165  9.05136E-16  SWARM-A  5.289  291.753
2022-03-13T13:28:00Z  451.628  -66.337  -119.699  8.90249E-16  SWARM-A  5.329  293.680
2022-03-13T13:28:30Z  451.019  -64.429  -119.315  8.75827E-16  SWARM-A  5.363  295.608
2022-03-13T13:29:00Z  450.374  -62.519  -118.998  8.61740E-16  SWARM-A  5.392  297.535
2022-03-13T13:29:30Z  449.696  -60.607  -118.734  8.48332E-16  SWARM-A  5.418  299.463
2022-03-13T13:30:00Z  448.987  -58.693  -118.513  8.35809E-16  SWARM-A  5.441  301.391
2022-03-13T13:30:30Z  448.250  -56.777  -118.329  8.24278E-16  SWARM-A  5.462  303.319
2022-03-13T13:31:00Z  447.487  -54.860  -118.174  8.13738E-16  SWARM-A  5.481  305.248
2022-03-13T13:31:30Z  446.701  -52.941  -118.045  8.04033E-16  SWARM-A  5.497  307.176
2022-03-13T13:32:00Z  445.895  -51.021  -117.937  7.95077E-16  SWARM-A  5.513  309.104
2022-03-13T13:32:30Z  445.073  -49.099  -117.848  7.86738E-16  SWARM-A  5.527  311.033
2022-03-13T13:33:00Z  444.236  -47.176  -117.774  7.79041E-16  SWARM-A  5.541  312.962
2022-03-13T13:33:30Z  443.387  -45.252  -117.715  7.71942E-16  SWARM-A  5.553  314.891
2022-03-13T13:34:00Z  442.531  -43.326  -117.667  7.65368E-16  SWARM-A  5.564  316.820
2022-03-13T13:34:30Z  441.670  -41.400  -117.630  7.59278E-16  SWARM-A  5.575  318.749
2022-03-13T13:35:00Z  440.806  -39.472  -117.603  7.53676E-16  SWARM-A  5.585  320.679
2022-03-13T13:35:30Z  439.944  -37.543  -117.583  7.48514E-16  SWARM-A  5.595  322.609
2022-03-13T13:36:00Z  439.086  -35.613  -117.571  7.43838E-16  SWARM-A  5.604  324.538
2022-03-13T13:36:30Z  438.234  -33.681  -117.565  7.39574E-16  SWARM-A  5.613  326.468
2022-03-13T13:37:00Z  437.393  -31.749  -117.565  7.35651E-16  SWARM-A  5.621  328.399
2022-03-13T13:37:30Z  436.565  -29.815  -117.570  7.32254E-16  SWARM-A  5.629  330.329
2022-03-13T13:38:00Z  435.752  -27.881  -117.580  7.29476E-16  SWARM-A  5.637  332.260
2022-03-13T13:38:30Z  434.957  -25.946  -117.593  7.27332E-16  SWARM-A  5.644  334.191
2022-03-13T13:39:00Z  434.183  -24.009  -117.610  7.25875E-16  SWARM-A  5.651  336.122
2022-03-13T13:39:30Z  433.433  -22.072  -117.631  7.25139E-16  SWARM-A  5.658  338.053
2022-03-13T13:40:00Z  432.708  -20.134  -117.654  7.25171E-16  SWARM-A  5.665  339.984
2022-03-13T13:40:30Z  432.011  -18.195  -117.679  7.26008E-16  SWARM-A  5.672  341.916
2022-03-13T13:41:00Z  431.344  -16.255  -117.707  7.27624E-16  SWARM-A  5.678  343.848
2022-03-13T13:41:30Z  430.710  -14.315  -117.736  7.30030E-16  SWARM-A  5.685  345.780
2022-03-13T13:42:00Z  430.109  -12.374  -117.768  7.33289E-16  SWARM-A  5.691  347.712
2022-03-13T13:42:30Z  429.544  -10.433  -117.800  7.37356E-16  SWARM-A  5.697  349.644
2022-03-13T13:43:00Z  429.016  -8.491  -117.834  7.42241E-16  SWARM-A  5.703  351.577
2022-03-13T13:43:30Z  428.526  -6.548  -117.869  7.47921E-16  SWARM-A  5.709  353.510
2022-03-13T13:44:00Z  428.075  -4.605  -117.904  7.54409E-16  SWARM-A  5.715  355.443
2022-03-13T13:44:30Z  427.665  -2.662  -117.940  7.61649E-16  SWARM-A  5.721  357.376
2022-03-13T13:45:00Z  427.297  -0.719  -117.976  7.69663E-16  SWARM-A  5.727  359.309
2022-03-13T13:45:30Z  426.969  1.225  -118.012  7.78467E-16  SWARM-A  5.733  1.243
2022-03-13T13:46:00Z  426.684  3.169  -118.048  7.87933E-16  SWARM-A  5.739  3.177
2022-03-13T13:46:30Z  426.442  5.113  -118.083  7.98134E-16  SWARM-A  5.745  5.111
2022-03-13T13:47:00Z  426.241  7.057  -118.118  8.08981E-16  SWARM-A  5.751  7.045
2022-03-13T13:47:30Z  426.083  9.001  -118.153  8.20454E-16  SWARM-A  5.757  8.979
2022-03-13T13:48:00Z  425.966  10.945  -118.186  8.32573E-16  SWARM-A  5.763  10.913
2022-03-13T13:48:30Z  425.891  12.888  -118.218  8.45279E-16  SWARM-A  5.769  12.848
2022-03-13T13:49:00Z  425.855  14.832  -118.249  8.58552E-16  SWARM-A  5.776  14.783
2022-03-13T13:49:30Z  425.860  16.775  -118.278  8.72289E-16  SWARM-A  5.782  16.718
2022-03-13T13:50:00Z  425.902  18.718  -118.305  8.86323E-16  SWARM-A  5.789  18.653
2022-03-13T13:50:30Z  425.982  20.660  -118.330  9.00784E-16  SWARM-A  5.795  20.588
2022-03-13T13:51:00Z  426.097  22.602  -118.352  9.15755E-16  SWARM-A  5.802  22.524
2022-03-13T13:51:30Z  426.246  24.543  -118.371  9.31326E-16  SWARM-A  5.809  24.459
2022-03-13T13:52:00Z  426.428  26.484  -118.387  9.47537E-16  SWARM-A  5.816  26.395
2022-03-13T13:52:30Z  426.640  28.425  -118.399  9.64483E-16  SWARM-A  5.824  28.331
2022-03-13T13:53:00Z  426.880  30.364  -118.407  9.82086E-16  SWARM-A  5.832  30.267
2022-03-13T13:53:30Z  427.147  32.303  -118.410  1.00041E-15  SWARM-A  5.840  32.203
2022-03-13T13:54:00Z  427.438  34.242  -118.408  1.01962E-15  SWARM-A  5.848  34.140
2022-03-13T13:54:30Z  427.751  36.179  -118.400  1.03965E-15  SWARM-A  5.857  36.076
2022-03-13T13:55:00Z  428.084  38.116  -118.385  1.06033E-15  SWARM-A  5.867  38.013
2022-03-13T13:55:30Z  428.433  40.051  -118.363  1.08110E-15  SWARM-A  5.876  39.949
2022-03-13T13:56:00Z  428.797  41.986  -118.332  1.10144E-15  SWARM-A  5.887  41.886
2022-03-13T13:56:30Z  429.174  43.920  -118.291  1.12080E-15  SWARM-A  5.898  43.823
2022-03-13T13:57:00Z  429.560  45.853  -118.239  1.13906E-15  SWARM-A  5.910  45.760
2022-03-13T13:57:30Z  429.953  47.785  -118.175  1.15702E-15  SWARM-A  5.922  47.697
2022-03-13T13:58:00Z  430.350  49.716  -118.096  1.17422E-15  SWARM-A  5.936  49.634
2022-03-13T13:58:30Z  430.750  51.646  -118.000  1.19461E-15  SWARM-A  5.951  51.571
2022-03-13T13:59:00Z  431.149  53.574  -117.884  1.21897E-15  SWARM-A  5.967  53.509
2022-03-13T13:59:30Z  431.545  55.502  -117.746  1.24673E-15  SWARM-A  5.984  55.446
2022-03-13T14:00:00Z  431.935  57.428  -117.580  1.27730E-15  SWARM-A  6.004  57.384
2022-03-13T14:00:30Z  432.318  59.352  -117.382  1.30905E-15  SWARM-A  6.025  59.321
2022-03-13T14:01:00Z  432.691  61.275  -117.146  1.34060E-15  SWARM-A  6.049  61.259
2022-03-13T14:01:30Z  433.051  63.197  -116.862  1.37104E-15  SWARM-A  6.076  63.196
2022-03-13T14:02:00Z  433.398  65.116  -116.521  1.39886E-15  SWARM-A  6.108  65.134
2022-03-13T14:02:30Z  433.727  67.033  -116.106  1.42449E-15  SWARM-A  6.143  67.072
2022-03-13T14:03:00Z  434.039  68.948  -115.600  1.44878E-15  SWARM-A  6.186  69.010
2022-03-13T14:03:30Z  434.331  70.859  -114.974  1.47232E-15  SWARM-A  6.236  70.948
2022-03-13T14:04:00Z  434.600  72.766  -114.188  1.49312E-15  SWARM-A  6.296  72.885
2022-03-13T14:04:30Z  434.847  74.668  -113.183  1.51298E-15  SWARM-A  6.372  74.823
2022-03-13T14:05:00Z  435.069  76.561  -111.869  1.53382E-15  SWARM-A  6.468  76.761
2022-03-13T14:05:30Z  435.265  78.444  -110.093  1.55588E-15  SWARM-A  6.594  78.699
2022-03-13T14:06:00Z  435.434  80.310  -107.594  1.58157E-15  SWARM-A  6.769  80.637
2022-03-13T14:06:30Z  435.575  82.146  -103.872  1.60975E-15  SWARM-A  7.026  82.575
2022-03-13T14:07:00Z  435.688  83.925  -97.870  1.63872E-15  SWARM-A  7.434  84.513
2022-03-13T14:07:30Z  435.771  85.581  -87.084  1.66757E-15  SWARM-A  8.162  86.451
2022-03-13T14:08:00Z  435.824  86.907  -65.415  1.69417E-15  SWARM-A  9.615  88.389
2022-03-13T14:08:30Z  435.847  87.351  -27.309  1.71615E-15  SWARM-A  12.163  90.327
2022-03-13T14:09:00Z  435.841  86.553  6.295  1.73444E-15  SWARM-A  14.412  92.265
2022-03-13T14:09:30Z  435.804  85.084  23.598  1.74997E-15  SWARM-A  15.574  94.203
2022-03-13T14:10:00Z  435.737  83.377  32.458  1.76250E-15  SWARM-A  16.173  96.141
2022-03-13T14:10:30Z  435.642  81.576  37.575  1.77067E-15  SWARM-A  16.522  98.079
2022-03-13T14:11:00Z  435.517  79.729  40.837  1.77646E-15  SWARM-A  16.748  100.017
2022-03-13T14:11:30Z  435.365  77.857  43.071  1.78004E-15  SWARM-A  16.905  101.955
2022-03-13T14:12:00Z  435.186  75.970  44.681  1.78254E-15  SWARM-A  17.021  103.893
2022-03-13T14:12:30Z  434.981  74.074  45.885  1.78512E-15  SWARM-A  17.110  105.831
2022-03-13T14:13:00Z  434.752  72.171  46.814  1.78853E-15  SWARM-A  17.180  107.769
2022-03-13T14:13:30Z  434.499  70.262  47.544  1.79333E-15  SWARM-A  17.237  109.706
2022-03-13T14:14:00Z  434.225  68.350  48.129  1.79997E-15  SWARM-A  17.284  111.644
2022-03-13T14:14:30Z  433.931  66.435  48.604  1.80855E-15  SWARM-A  17.324  113.582
2022-03-13T14:15:00Z  433.619  64.517  48.994  1.81876E-15  SWARM-A  17.359  115.519
2022-03-13T14:15:30Z  433.291  62.597  49.316  1.82835E-15  SWARM-A  17.388  117.457
2022-03-13T14:16:00Z  432.949  60.676  49.584  1.83724E-15  SWARM-A  17.415  119.394
2022-03-13T14:16:30Z  432.594  58.752  49.807  1.84530E-15  SWARM-A  17.438  121.332
2022-03-13T14:17:00Z  432.230  56.827  49.995  1.85219E-15  SWARM-A  17.459  123.269
2022-03-13T14:17:30Z  431.858  54.901  50.151  1.85780E-15  SWARM-A  17.477  125.206
2022-03-13T14:18:00Z  431.481  52.974  50.282  1.86245E-15  SWARM-A  17.494  127.143
2022-03-13T14:18:30Z  431.102  51.045  50.391  1.86646E-15  SWARM-A  17.510  129.080
2022-03-13T14:19:00Z  430.722  49.115  50.481  1.87007E-15  SWARM-A  17.524  131.017
2022-03-13T14:19:30Z  430.344  47.184  50.556  1.87331E-15  SWARM-A  17.538  132.954
2022-03-13T14:20:00Z  429.972  45.252  50.616  1.87623E-15  SWARM-A  17.550  134.891
2022-03-13T14:20:30Z  429.606  43.319  50.664  1.87888E-15  SWARM-A  17.562  136.828
2022-03-13T14:21:00Z  429.250  41.385  50.702  1.88126E-15  SWARM-A  17.572  138.764
2022-03-13T14:21:30Z  428.907  39.450  50.730  1.88348E-15  SWARM-A  17.583  140.701
2022-03-13T14:22:00Z  428.578  37.515  50.750  1.88567E-15  SWARM-A  17.592  142.637
2022-03-13T14:22:30Z  428.267  35.578  50.762  1.88790E-15  SWARM-A  17.601  144.573
2022-03-13T14:23:00Z  427.975  33.641  50.768  1.89028E-15  SWARM-A  17.610  146.509
2022-03-13T14:23:30Z  427.704  31.703  50.769  1.89280E-15  SWARM-A  17.619  148.445
2022-03-13T14:24:00Z  427.458  29.764  50.764  1.89543E-15  SWARM-A  17.627  150.381
2022-03-13T14:24:30Z  427.238  27.824  50.755  1.89816E-15  SWARM-A  17.634  152.316
2022-03-13T14:25:00Z  427.046  25.884  50.741  1.90098E-15  SWARM-A  17.642  154.252
2022-03-13T14:25:30Z  426.884  23.944  50.724  1.90368E-15  SWARM-A  17.649  156.187
2022-03-13T14:26:00Z  426.755  22.002  50.704  1.90637E-15  SWARM-A  17.656  158.122
2022-03-13T14:26:30Z  426.659  20.061  50.681  1.90894E-15  SWARM-A  17.663  160.057
2022-03-13T14:27:00Z  426.598  18.119  50.655  1.91139E-15  SWARM-A  17.669  161.992
2022-03-13T14:27:30Z  426.573  16.176  50.628  1.91366E-15  SWARM-A  17.676  163.927
2022-03-13T14:28:00Z  426.587  14.233  50.598  1.91576E-15  SWARM-A  17.682  165.861
2022-03-13T14:28:30Z  426.639  12.290  50.567  1.91777E-15  SWARM-A  17.688  167.796
2022-03-13T14:29:00Z  426.731  10.347  50.534  1.91962E-15  SWARM-A  17.695  169.730
2022-03-13T14:29:30Z  426.863  8.403  50.501  1.92144E-15  SWARM-A  17.701  171.664
2022-03-13T14:30:00Z  427.036  6.460  50.466  1.92334E-15  SWARM-A  17.707  173.598
2022-03-13T14:30:30Z  427.251  4.516  50.431  1.92537E-15  SWARM-A  17.713  175.531
2022-03-13T14:31:00Z  427.506  2.573  50.395  1.92765E-15  SWARM-A  17.719  177.465
2022-03-13T14:31:30Z  427.804  0.629  50.359  1.93021E-15  SWARM-A  17.725  179.398
2022-03-13T14:32:00Z  428.142  -1.314  50.323  1.93321E-15  SWARM-A  17.731  181.331
2022-03-13T14:32:30Z  428.522  -3.257  50.287  1.93660E-15  SWARM-A  17.736  183.264
2022-03-13T14:33:00Z  428.941  -5.199  50.251  1.94043E-15  SWARM-A  17.742  185.197
2022-03-13T14:33:30Z  429.400  -7.142  50.216  1.94474E-15  SWARM-A  17.748  187.129
2022-03-13T14:34:00Z  429.897  -9.084  50.181  1.94957E-15  SWARM-A  17.754  189.062
2022-03-13T14:34:30Z  430.431  -11.025  50.148  1.95485E-15  SWARM-A  17.761  190.994
2022-03-13T14:35:00Z  431.001  -12.966  50.116  1.96049E-15  SWARM-A  17.767  192.926
2022-03-13T14:35:30Z  431.605  -14.906  50.085  1.96642E-15  SWARM-A  17.773  194.857
2022-03-13T14:36:00Z  432.242  -16.846  50.056  1.97246E-15  SWARM-A  17.779  196.789
2022-03-13T14:36:30Z  432.909  -18.785  50.029  1.97850E-15  SWARM-A  17.786  198.720
2022-03-13T14:37:00Z  433.606  -20.723  50.004  1.98229E-15  SWARM-A  17.793  200.652
2022-03-13T14:37:30Z  434.328  -22.661  49.982  1.98570E-15  SWARM-A  17.799  202.583
2022-03-13T14:38:00Z  435.075  -24.597  49.962  1.98863E-15  SWARM-A  17.807  204.513
2022-03-13T14:38:30Z  435.844  -26.533  49.946  1.99087E-15  SWARM-A  17.814  206.444
2022-03-13T14:39:00Z  436.632  -28.468  49.934  1.99239E-15  SWARM-A  17.821  208.374
2022-03-13T14:39:30Z  437.437  -30.402  49.925  1.99286E-15  SWARM-A  17.829  210.305
2022-03-13T14:40:00Z  438.255  -32.334  49.922  1.99225E-15  SWARM-A  17.837  212.235
2022-03-13T14:40:30Z  439.085  -34.266  49.923  1.99031E-15  SWARM-A  17.846  214.164
2022-03-13T14:41:00Z  439.923  -36.197  49.931  1.98678E-15  SWARM-A  17.854  216.094
2022-03-13T14:41:30Z  440.766  -38.126  49.945  1.98179E-15  SWARM-A  17.864  218.024
2022-03-13T14:42:00Z  441.612  -40.055  49.967  1.97558E-15  SWARM-A  17.874  219.953
2022-03-13T14:42:30Z  442.457  -41.982  49.997  1.96762E-15  SWARM-A  17.884  221.882
2022-03-13T14:43:00Z  443.298  -43.908  50.037  1.95963E-15  SWARM-A  17.895  223.811
2022-03-13T14:43:30Z  444.133  -45.833  50.088  1.95302E-15  SWARM-A  17.907  225.740
2022-03-13T14:44:00Z  444.958  -47.756  50.152  1.94874E-15  SWARM-A  17.919  227.669
2022-03-13T14:44:30Z  445.770  -49.679  50.229  1.94629E-15  SWARM-A  17.933  229.597
2022-03-13T14:45:00Z  446.566  -51.600  50.324  1.94263E-15  SWARM-A  17.947  231.525
2022-03-13T14:45:30Z  447.344  -53.519  50.438  1.94155E-15  SWARM-A  17.963  233.454
2022-03-13T14:46:00Z  448.100  -55.437  50.574  1.94231E-15  SWARM-A  17.981  235.382
2022-03-13T14:46:30Z  448.833  -57.354  50.737  1.94383E-15  SWARM-A  18.000  237.310
2022-03-13T14:47:00Z  449.538  -59.269  50.932  1.94987E-15  SWARM-A  18.021  239.238
2022-03-13T14:47:30Z  450.213  -61.182  51.164  1.95471E-15  SWARM-A  18.045  241.165
2022-03-13T14:48:00Z  450.857  -63.094  51.443  1.95753E-15  SWARM-A  18.072  243.093
2022-03-13T14:48:30Z  451.466  -65.003  51.778  1.95792E-15  SWARM-A  18.103  245.021
2022-03-13T14:49:00Z  452.038  -66.911  52.184  1.95000E-15  SWARM-A  18.138  246.948
2022-03-13T14:49:30Z  452.572  -68.815  52.680  1.93859E-15  SWARM-A  18.179  248.875
2022-03-13T14:50:00Z  453.064  -70.716  53.292  1.92427E-15  SWARM-A  18.229  250.803
2022-03-13T14:50:30Z  453.514  -72.613  54.058  1.90788E-15  SWARM-A  18.288  252.730
2022-03-13T14:51:00Z  453.919  -74.504  55.035  1.88909E-15  SWARM-A  18.361  254.657
2022-03-13T14:51:30Z  454.278  -76.389  56.309  1.86930E-15  SWARM-A  18.455  256.584
2022-03-13T14:52:00Z  454.589  -78.262  58.020  1.84900E-15  SWARM-A  18.577  258.511
2022-03-13T14:52:30Z  454.852  -80.119  60.414  1.82850E-15  SWARM-A  18.745  260.438
2022-03-13T14:53:00Z  455.065  -81.949  63.949  1.80753E-15  SWARM-A  18.989  262.365
2022-03-13T14:53:30Z  455.228  -83.727  69.576  1.78649E-15  SWARM-A  19.372  264.292
2022-03-13T14:54:00Z  455.340  -85.394  79.518  1.76523E-15  SWARM-A  20.044  266.219
2022-03-13T14:54:30Z  455.400  -86.774  99.237  1.74335E-15  SWARM-A  21.367  268.146
2022-03-13T14:55:00Z  455.409  -87.369  135.535  1.72301E-15  SWARM-A  23.795  270.073
2022-03-13T14:55:30Z  455.365  -86.718  171.111  1.70375E-15  SWARM-A  2.175  271.999
2022-03-13T14:56:00Z  455.270  -85.315  -169.865  1.68139E-15  SWARM-A  3.451  273.926
2022-03-13T14:56:30Z  455.124  -83.640  -160.230  1.65637E-15  SWARM-A  4.102  275.853
2022-03-13T14:57:00Z  454.927  -81.858  -154.744  1.62903E-15  SWARM-A  4.476  277.780
2022-03-13T14:57:30Z  454.679  -80.026  -151.284  1.59977E-15  SWARM-A  4.715  279.707
2022-03-13T14:58:00Z  454.383  -78.168  -148.932  1.56932E-15  SWARM-A  4.880  281.634
2022-03-13T14:58:30Z  454.038  -76.294  -147.247  1.53871E-15  SWARM-A  5.001  283.561
2022-03-13T14:59:00Z  453.647  -74.409  -145.991  1.50889E-15  SWARM-A  5.093  285.489
2022-03-13T14:59:30Z  453.210  -72.517  -145.027  1.48043E-15  SWARM-A  5.166  287.416
2022-03-13T15:00:00Z  452.729  -70.620  -144.269  1.44283E-15  SWARM-A  5.224  289.343
2022-03-13T15:00:30Z  452.206  -68.719  -143.664  1.41956E-15  SWARM-A  5.273  291.271
2022-03-13T15:01:00Z  451.642  -66.814  -143.173  1.39824E-15  SWARM-A  5.314  293.198
2022-03-13T15:01:30Z  451.041  -64.907  -142.771  1.37834E-15  SWARM-A  5.349  295.126
2022-03-13T15:02:00Z  450.403  -62.997  -142.439  1.35897E-15  SWARM-A  5.380  297.054
2022-03-13T15:02:30Z  449.732  -61.085  -142.163  1.33946E-15  SWARM-A  5.407  298.982
2022-03-13T15:03:00Z  449.029  -59.171  -141.932  1.31951E-15  SWARM-A  5.430  300.910
2022-03-13T15:03:30Z  448.298  -57.256  -141.739  1.29913E-15  SWARM-A  5.452  302.838
2022-03-13T15:04:00Z  447.540  -55.339  -141.578  1.27848E-15  SWARM-A  5.471  304.766
2022-03-13T15:04:30Z  446.759  -53.420  -141.443  1.25825E-15  SWARM-A  5.488  306.694
2022-03-13T15:05:00Z  445.957  -51.500  -141.330  1.23870E-15  SWARM-A  5.504  308.623
2022-03-13T15:05:30Z  445.138  -49.579  -141.236  1.21984E-15  SWARM-A  5.518  310.552
2022-03-13T15:06:00Z  444.304  -47.656  -141.159  1.20156E-15  SWARM-A  5.532  312.480
2022-03-13T15:06:30Z  443.458  -45.732  -141.096  1.18361E-15  SWARM-A  5.544  314.409
2022-03-13T15:07:00Z  442.604  -43.807  -141.046  1.16614E-15  SWARM-A  5.556  316.339
2022-03-13T15:07:30Z  441.743  -41.881  -141.007  1.14918E-15  SWARM-A  5.567  318.268
2022-03-13T15:08:00Z  440.881  -39.953  -140.977  1.13263E-15  SWARM-A  5.577  320.197
2022-03-13T15:08:30Z  440.018  -38.024  -140.956  1.11653E-15  SWARM-A  5.587  322.127
2022-03-13T15:09:00Z  439.159  -36.094  -140.942  1.10089E-15  SWARM-A  5.596  324.057
2022-03-13T15:09:30Z  438.307  -34.163  -140.934  1.08578E-15  SWARM-A  5.605  325.987
2022-03-13T15:10:00Z  437.463  -32.231  -140.933  1.07129E-15  SWARM-A  5.614  327.917
2022-03-13T15:10:30Z  436.632  -30.298  -140.937  1.05749E-15  SWARM-A  5.622  329.848
2022-03-13T15:11:00Z  435.816  -28.363  -140.945  1.04445E-15  SWARM-A  5.629  331.779
2022-03-13T15:11:30Z  435.018  -26.428  -140.958  1.03208E-15  SWARM-A  5.637  333.709
2022-03-13T15:12:00Z  434.240  -24.492  -140.974  1.02066E-15  SWARM-A  5.644  335.640
2022-03-13T15:12:30Z  433.486  -22.555  -140.994  1.01026E-15  SWARM-A  5.651  337.572
2022-03-13T15:13:00Z  432.756  -20.617  -141.016  1.00094E-15  SWARM-A  5.658  339.503
2022-03-13T15:13:30Z  432.054  -18.678  -141.041  9.92729E-16  SWARM-A  5.665  341.435
2022-03-13T15:14:00Z  431.382  -16.739  -141.068  9.85669E-16  SWARM-A  5.671  343.367
2022-03-13T15:14:30Z  430.741  -14.798  -141.098  9.79505E-16  SWARM-A  5.678  345.299
2022-03-13T15:15:00Z  430.135  -12.858  -141.128  9.74316E-16  SWARM-A  5.684  347.231
2022-03-13T15:15:30Z  429.563  -10.916  -141.161  9.70209E-16  SWARM-A  5.690  349.163
2022-03-13T15:16:00Z  429.028  -8.974  -141.194  9.67146E-16  SWARM-A  5.696  351.096
2022-03-13T15:16:30Z  428.532  -7.032  -141.229  9.65152E-16  SWARM-A  5.702  353.029
2022-03-13T15:17:00Z  428.074  -5.089  -141.264  9.64130E-16  SWARM-A  5.708  354.962
2022-03-13T15:17:30Z  427.657  -3.146  -141.300  9.63887E-16  SWARM-A  5.714  356.895
2022-03-13T15:18:00Z  427.281  -1.202  -141.336  9.64513E-16  SWARM-A  5.720  358.828
2022-03-13T15:18:30Z  426.946  0.742  -141.372  9.66001E-16  SWARM-A  5.726  0.762
2022-03-13T15:19:00Z  426.654  2.685  -141.408  9.68241E-16  SWARM-A  5.732  2.696
2022-03-13T15:19:30Z  426.404  4.629  -141.444  9.71269E-16  SWARM-A  5.738  4.630
2022-03-13T15:20:00Z  426.196  6.573  -141.479  9.74950E-16  SWARM-A  5.744  6.564
2022-03-13T15:20:30Z  426.030  8.517  -141.513  9.79306E-16  SWARM-A  5.750  8.498
2022-03-13T15:21:00Z  425.906  10.461  -141.547  9.84328E-16  SWARM-A  5.756  10.433
2022-03-13T15:21:30Z  425.823  12.405  -141.580  9.89960E-16  SWARM-A  5.762  12.367
2022-03-13T15:22:00Z  425.781  14.349  -141.611  9.96277E-16  SWARM-A  5.768  14.302
2022-03-13T15:22:30Z  425.778  16.292  -141.640  1.00323E-15  SWARM-A  5.775  16.237
2022-03-13T15:23:00Z  425.814  18.235  -141.668  1.01086E-15  SWARM-A  5.781  18.172
2022-03-13T15:23:30Z  425.887  20.177  -141.693  1.01917E-15  SWARM-A  5.788  20.108
2022-03-13T15:24:00Z  425.996  22.120  -141.716  1.02816E-15  SWARM-A  5.795  22.043
2022-03-13T15:24:30Z  426.140  24.061  -141.736  1.03784E-15  SWARM-A  5.802  23.979
2022-03-13T15:25:00Z  426.316  26.002  -141.753  1.04824E-15  SWARM-A  5.809  25.914
2022-03-13T15:25:30Z  426.523  27.943  -141.766  1.05931E-15  SWARM-A  5.816  27.850
2022-03-13T15:26:00Z  426.760  29.883  -141.775  1.07072E-15  SWARM-A  5.824  29.786
2022-03-13T15:26:30Z  427.023  31.822  -141.780  1.08271E-15  SWARM-A  5.832  31.722
2022-03-13T15:27:00Z  427.311  33.760  -141.779  1.09534E-15  SWARM-A  5.841  33.659
2022-03-13T15:27:30Z  427.621  35.698  -141.772  1.10865E-15  SWARM-A  5.849  35.595
2022-03-13T15:28:00Z  427.951  37.635  -141.760  1.12255E-15  SWARM-A  5.859  37.532
2022-03-13T15:28:30Z  428.300  39.571  -141.739  1.13700E-15  SWARM-A  5.868  39.468
2022-03-13T15:29:00Z  428.663  41.506  -141.711  1.15198E-15  SWARM-A  5.878  41.405
2022-03-13T15:29:30Z  429.040  43.440  -141.673  1.16748E-15  SWARM-A  5.889  43.342
2022-03-13T15:30:00Z  429.427  45.373  -141.624  1.18317E-15  SWARM-A  5.901  45.279
2022-03-13T15:30:30Z  429.821  47.306  -141.563  1.19880E-15  SWARM-A  5.913  47.216
2022-03-13T15:31:00Z  430.221  49.237  -141.488  1.21411E-15  SWARM-A  5.927  49.153
2022-03-13T15:31:30Z  430.624  51.167  -141.396  1.22861E-15  SWARM-A  5.941  51.090
2022-03-13T15:32:00Z  431.026  53.096  -141.286  1.24291E-15  SWARM-A  5.957  53.028
2022-03-13T15:32:30Z  431.426  55.023  -141.154  1.25782E-15  SWARM-A  5.974  54.965
2022-03-13T15:33:00Z  431.822  56.950  -140.996  1.27434E-15  SWARM-A  5.993  56.903
2022-03-13T15:33:30Z  432.209  58.875  -140.807  1.29307E-15  SWARM-A  6.014  58.840
2022-03-13T15:34:00Z  432.588  60.798  -140.581  1.31399E-15  SWARM-A  6.037  60.778
2022-03-13T15:34:30Z  432.954  62.720  -140.310  1.33642E-15  SWARM-A  6.064  62.715
2022-03-13T15:35:00Z  433.307  64.640  -139.984  1.35939E-15  SWARM-A  6.094  64.653
2022-03-13T15:35:30Z  433.643  66.558  -139.590  1.38211E-15  SWARM-A  6.128  66.591
2022-03-13T15:36:00Z  433.961  68.473  -139.109  1.40404E-15  SWARM-A  6.169  68.529
2022-03-13T15:36:30Z  434.260  70.385  -138.516  1.42480E-15  SWARM-A  6.216  70.467
2022-03-13T15:37:00Z  434.537  72.293  -137.775  1.44414E-15  SWARM-A  6.274  72.404
2022-03-13T15:37:30Z  434.792  74.196  -136.833  1.46266E-15  SWARM-A  6.345  74.342
2022-03-13T15:38:00Z  435.021  76.093  -135.607  1.48077E-15  SWARM-A  6.435  76.280
2022-03-13T15:38:30Z  435.226  77.979  -133.966  1.49897E-15  SWARM-A  6.553  78.218
2022-03-13T15:39:00Z  435.403  79.849  -131.683  1.51757E-15  SWARM-A  6.714  80.156
2022-03-13T15:39:30Z  435.553  81.694  -128.334  1.53690E-15  SWARM-A  6.945  82.094
2022-03-13T15:40:00Z  435.674  83.492  -123.054  1.55706E-15  SWARM-A  7.306  84.032
2022-03-13T15:40:30Z  435.766  85.190  -113.840  1.57791E-15  SWARM-A  7.928  85.970
2022-03-13T15:41:00Z  435.828  86.633  -95.716  1.59935E-15  SWARM-A  9.145  87.908
2022-03-13T15:41:30Z  435.860  87.364  -61.027  1.62042E-15  SWARM-A  11.466  89.846
2022-03-13T15:42:00Z  435.862  86.842  -23.662  1.63930E-15  SWARM-A  13.965  91.784
2022-03-13T15:42:30Z  435.834  85.482  -2.973  1.65652E-15  SWARM-A  15.353  93.722
2022-03-13T15:43:00Z  435.776  83.814  7.370  1.67226E-15  SWARM-A  16.051  95.660
2022-03-13T15:43:30Z  435.689  82.029  13.169  1.68648E-15  SWARM-A  16.446  97.598
2022-03-13T15:44:00Z  435.573  80.191  16.788  1.69893E-15  SWARM-A  16.695  99.536
2022-03-13T15:44:30Z  435.428  78.324  19.227  1.70988E-15  SWARM-A  16.866  101.474
2022-03-13T15:45:00Z  435.256  76.440  20.965  1.71975E-15  SWARM-A  16.990  103.412
2022-03-13T15:45:30Z  435.058  74.546  22.254  1.72871E-15  SWARM-A  17.085  105.350
2022-03-13T15:46:00Z  434.836  72.644  23.242  1.73774E-15  SWARM-A  17.159  107.288
2022-03-13T15:46:30Z  434.589  70.737  24.015  1.74761E-15  SWARM-A  17.219  109.225
2022-03-13T15:47:00Z  434.321  68.825  24.632  1.75875E-15  SWARM-A  17.268  111.163
2022-03-13T15:47:30Z  434.032  66.911  25.131  1.77148E-15  SWARM-A  17.310  113.101
2022-03-13T15:48:00Z  433.724  64.994  25.540  1.78587E-15  SWARM-A  17.345  115.038
2022-03-13T15:48:30Z  433.400  63.074  25.877  1.80154E-15  SWARM-A  17.376  116.976
2022-03-13T15:49:00Z  433.061  61.153  26.157  1.81771E-15  SWARM-A  17.403  118.913
2022-03-13T15:49:30Z  432.709  59.230  26.390  1.83340E-15  SWARM-A  17.427  120.851
2022-03-13T15:50:00Z  432.347  57.306  26.586  1.84790E-15  SWARM-A  17.448  122.788
2022-03-13T15:50:30Z  431.977  55.380  26.749  1.86092E-15  SWARM-A  17.468  124.725
2022-03-13T15:51:00Z  431.601  53.453  26.886  1.87265E-15  SWARM-A  17.485  126.662
2022-03-13T15:51:30Z  431.221  51.524  27.000  1.88347E-15  SWARM-A  17.501  128.599
2022-03-13T15:52:00Z  430.841  49.595  27.094  1.89371E-15  SWARM-A  17.516  130.536
2022-03-13T15:52:30Z  430.462  47.664  27.172  1.90355E-15  SWARM-A  17.529  132.473
2022-03-13T15:53:00Z  430.087  45.732  27.236  1.91300E-15  SWARM-A  17.542  134.410
2022-03-13T15:53:30Z  429.718  43.800  27.287  1.92226E-15  SWARM-A  17.553  136.347
2022-03-13T15:54:00Z  429.359  41.866  27.326  1.93131E-15  SWARM-A  17.564  138.283
2022-03-13T15:54:30Z  429.011  39.931  27.357  1.94020E-15  SWARM-A  17.575  140.220
2022-03-13T15:55:00Z  428.677  37.996  27.378  1.94898E-15  SWARM-A  17.585  142.156
2022-03-13T15:55:30Z  428.359  36.059  27.393  1.95766E-15  SWARM-A  17.594  144.092
2022-03-13T15:56:00Z  428.060  34.122  27.400  1.96624E-15  SWARM-A  17.603  146.028
2022-03-13T15:56:30Z  427.783  32.184  27.402  1.97469E-15  SWARM-A  17.611  147.964
2022-03-13T15:57:00Z  427.529  30.246  27.398  1.98290E-15  SWARM-A  17.619  149.900
2022-03-13T15:57:30Z  427.300  28.306  27.390  1.99081E-15  SWARM-A  17.627  151.835
2022-03-13T15:58:00Z  427.099  26.366  27.377  1.99818E-15  SWARM-A  17.634  153.771
2022-03-13T15:58:30Z  426.928  24.426  27.361  2.00470E-15  SWARM-A  17.642  155.706
2022-03-13T15:59:00Z  426.788  22.485  27.342  2.01059E-15  SWARM-A  17.649  157.642
2022-03-13T15:59:30Z  426.682  20.543  27.319  2.01564E-15  SWARM-A  17.656  159.577
2022-03-13T16:00:00Z  426.610  18.601  27.294  2.01979E-15  SWARM-A  17.662  161.511
2022-03-13T16:00:30Z  426.574  16.659  27.267  2.02291E-15  SWARM-A  17.669  163.446
2022-03-13T16:01:00Z  426.576  14.716  27.238  2.02498E-15  SWARM-A  17.675  165.381
2022-03-13T16:01:30Z  426.616  12.773  27.207  2.02583E-15  SWARM-A  17.681  167.315
2022-03-13T16:02:00Z  426.695  10.830  27.175  2.02567E-15  SWARM-A  17.688  169.249
2022-03-13T16:02:30Z  426.815  8.886  27.141  2.02416E-15  SWARM-A  17.694  171.184
2022-03-13T16:03:00Z  426.975  6.943  27.107  2.02162E-15  SWARM-A  17.700  173.117
2022-03-13T16:03:30Z  427.177  4.999  27.071  2.01794E-15  SWARM-A  17.706  175.051
2022-03-13T16:04:00Z  427.420  3.056  27.036  2.01324E-15  SWARM-A  17.712  176.985
2022-03-13T16:04:30Z  427.704  1.112  27.000  2.00754E-15  SWARM-A  17.718  178.918
2022-03-13T16:05:00Z  428.030  -0.831  26.963  2.00091E-15  SWARM-A  17.724  180.851
2022-03-13T16:05:30Z  428.396  -2.774  26.927  1.99343E-15  SWARM-A  17.729  182.784
2022-03-13T16:06:00Z  428.803  -4.717  26.891  1.98507E-15  SWARM-A  17.735  184.717
2022-03-13T16:06:30Z  429.249  -6.659  26.856  1.97591E-15  SWARM-A  17.741  186.649
2022-03-13T16:07:00Z  429.734  -8.602  26.821  1.96584E-15  SWARM-A  17.747  188.582
2022-03-13T16:07:30Z  430.257  -10.543  26.788  1.95489E-15  SWARM-A  17.753  190.514
2022-03-13T16:08:00Z  430.815  -12.484  26.755  1.94296E-15  SWARM-A  17.760  192.446
2022-03-13T16:08:30Z  431.408  -14.425  26.724  1.92998E-15  SWARM-A  17.766  194.378
2022-03-13T16:09:00Z  432.034  -16.365  26.694  1.91586E-15  SWARM-A  17.772  196.309
2022-03-13T16:09:30Z  432.692  -18.304  26.666  1.90043E-15  SWARM-A  17.779  198.241
2022-03-13T16:10:00Z  433.378  -20.242  26.641  1.88361E-15  SWARM-A  17.785  200.172
2022-03-13T16:10:30Z  434.092  -22.180  26.618  1.86528E-15  SWARM-A  17.792  202.103
2022-03-13T16:11:00Z  434.830  -24.117  26.598  1.84536E-15  SWARM-A  17.799  204.034
2022-03-13T16:11:30Z  435.591  -26.053  26.581  1.82377E-15  SWARM-A  17.806  205.965
2022-03-13T16:12:00Z  436.372  -27.988  26.567  1.80052E-15  SWARM-A  17.814  207.895
2022-03-13T16:12:30Z  437.170  -29.922  26.558  1.77596E-15  SWARM-A  17.822  209.825
2022-03-13T16:13:00Z  437.983  -31.855  26.553  1.74964E-15  SWARM-A  17.830  211.756
2022-03-13T16:13:30Z  438.808  -33.787  26.553  1.72175E-15  SWARM-A  17.838  213.686
2022-03-13T16:14:00Z  439.641  -35.718  26.559  1.69238E-15  SWARM-A  17.847  215.615
2022-03-13T16:14:30Z  440.481  -37.648  26.572  1.66172E-15  SWARM-A  17.856  217.545
2022-03-13T16:15:00Z  441.324  -39.576  26.591  1.63005E-15  SWARM-A  17.865  219.474
2022-03-13T16:15:30Z  442.168  -41.504  26.619  1.59768E-15  SWARM-A  17.876  221.404
2022-03-13T16:16:00Z  443.008  -43.430  26.657  1.56495E-15  SWARM-A  17.886  223.333
2022-03-13T16:16:30Z  443.843  -45.356  26.705  1.53229E-15  SWARM-A  17.898  225.261
2022-03-13T16:17:00Z  444.668  -47.280  26.765  1.50011E-15  SWARM-A  17.910  227.190
2022-03-13T16:17:30Z  445.482  -49.202  26.839  1.46888E-15  SWARM-A  17.924  229.119
2022-03-13T16:18:00Z  446.282  -51.124  26.929  1.43904E-15  SWARM-A  17.938  231.047
2022-03-13T16:18:30Z  447.063  -53.044  27.037  1.41101E-15  SWARM-A  17.953  232.976
2022-03-13T16:19:00Z  447.824  -54.962  27.167  1.38514E-15  SWARM-A  17.971  234.904
2022-03-13T16:19:30Z  448.561  -56.879  27.323  1.36166E-15  SWARM-A  17.989  236.832
2022-03-13T16:20:00Z  449.272  -58.795  27.509  1.34068E-15  SWARM-A  18.010  238.760
2022-03-13T16:20:30Z  449.954  -60.709  27.732  1.32207E-15  SWARM-A  18.033  240.688
2022-03-13T16:21:00Z  450.605  -62.621  27.998  1.30561E-15  SWARM-A  18.059  242.615
2022-03-13T16:21:30Z  451.223  -64.531  28.318  1.29086E-15  SWARM-A  18.089  244.543
2022-03-13T16:22:00Z  451.804  -66.438  28.704  1.27730E-15  SWARM-A  18.123  246.470
2022-03-13T16:22:30Z  452.347  -68.344  29.176  1.26465E-15  SWARM-A  18.163  248.398
2022-03-13T16:23:00Z  452.849  -70.246  29.756  1.25197E-15  SWARM-A  18.210  250.325
2022-03-13T16:23:30Z  453.309  -72.144  30.479  1.23864E-15  SWARM-A  18.266  252.252
2022-03-13T16:24:00Z  453.726  -74.037  31.396  1.22464E-15  SWARM-A  18.336  254.180
2022-03-13T16:24:30Z  454.096  -75.923  32.585  1.20983E-15  SWARM-A  18.423  256.107
2022-03-13T16:25:00Z  454.420  -77.800  34.170  1.19420E-15  SWARM-A  18.537  258.034
2022-03-13T16:25:30Z  454.696  -79.662  36.363  1.17805E-15  SWARM-A  18.692  259.961
2022-03-13T16:26:00Z  454.922  -81.500  39.551  1.16170E-15  SWARM-A  18.913  261.888
2022-03-13T16:26:30Z  455.098  -83.294  44.522  1.14549E-15  SWARM-A  19.253  263.815
2022-03-13T16:27:00Z  455.223  -84.999  53.059  1.12996E-15  SWARM-A  19.830  265.742
2022-03-13T16:27:30Z  455.296  -86.480  69.578  1.11564E-15  SWARM-A  20.940  267.669
2022-03-13T16:28:00Z  455.318  -87.336  101.951  1.10290E-15  SWARM-A  23.106  269.596
2022-03-13T16:28:30Z  455.289  -86.978  140.565  1.09104E-15  SWARM-A  1.689  271.523
2022-03-13T16:29:00Z  455.207  -85.700  163.260  1.07952E-15  SWARM-A  3.210  273.450
2022-03-13T16:29:30Z  455.075  -84.068  174.545  1.06877E-15  SWARM-A  3.971  275.377
2022-03-13T16:30:00Z  454.891  -82.305  -179.219  1.05894E-15  SWARM-A  4.395  277.304
2022-03-13T16:30:30Z  454.657  -80.483  -175.373  1.04972E-15  SWARM-A  4.660  279.231
2022-03-13T16:31:00Z  454.374  -78.630  -172.801  1.04098E-15  SWARM-A  4.839  281.158
2022-03-13T16:31:30Z  454.042  -76.759  -170.980  1.03258E-15  SWARM-A  4.969  283.085
2022-03-13T16:32:00Z  453.663  -74.876  -169.634  1.02465E-15  SWARM-A  5.067  285.012
2022-03-13T16:32:30Z  453.239  -72.986  -168.608  1.01745E-15  SWARM-A  5.144  286.940
2022-03-13T16:33:00Z  452.770  -71.090  -167.806  1.01143E-15  SWARM-A  5.206  288.867
2022-03-13T16:33:30Z  452.259  -69.189  -167.167  1.00661E-15  SWARM-A  5.257  290.794
2022-03-13T16:34:00Z  451.707  -67.285  -166.651  1.00381E-15  SWARM-A  5.299  292.722
2022-03-13T16:34:30Z  451.117  -65.378  -166.229  1.00356E-15  SWARM-A  5.336  294.650
2022-03-13T16:35:00Z  450.490  -63.469  -165.881  1.00622E-15  SWARM-A  5.367  296.577
2022-03-13T16:35:30Z  449.829  -61.558  -165.592  1.01163E-15  SWARM-A  5.395  298.505
2022-03-13T16:36:00Z  449.135  -59.644  -165.352  1.01929E-15  SWARM-A  5.419  300.433
2022-03-13T16:36:30Z  448.413  -57.729  -165.150  1.02842E-15  SWARM-A  5.441  302.361
2022-03-13T16:37:00Z  447.664  -55.813  -164.982  1.03821E-15  SWARM-A  5.461  304.290
2022-03-13T16:37:30Z  446.891  -53.894  -164.841  1.04817E-15  SWARM-A  5.478  306.218
2022-03-13T16:38:00Z  446.096  -51.975  -164.723  1.05821E-15  SWARM-A  5.495  308.146
2022-03-13T16:38:30Z  445.284  -50.054  -164.625  1.06848E-15  SWARM-A  5.509  310.075
2022-03-13T16:39:00Z  444.456  -48.131  -164.544  1.07918E-15  SWARM-A  5.523  312.004
2022-03-13T16:39:30Z  443.615  -46.208  -164.478  1.09055E-15  SWARM-A  5.536  313.933
2022-03-13T16:40:00Z  442.765  -44.283  -164.425  1.10262E-15  SWARM-A  5.548  315.862
2022-03-13T16:40:30Z  441.909  -42.357  -164.383  1.11498E-15  SWARM-A  5.559  317.792
2022-03-13T16:41:00Z  441.049  -40.429  -164.351  1.12765E-15  SWARM-A  5.569  319.721
2022-03-13T16:41:30Z  440.189  -38.501  -164.328  1.14047E-15  SWARM-A  5.579  321.651
2022-03-13T16:42:00Z  439.332  -36.571  -164.312  1.15312E-15  SWARM-A  5.589  323.581
2022-03-13T16:42:30Z  438.480  -34.640  -164.303  1.16570E-15  SWARM-A  5.598  325.511
2022-03-13T16:43:00Z  437.637  -32.708  -164.301  1.17820E-15  SWARM-A  5.606  327.441
2022-03-13T16:43:30Z  436.805  -30.775  -164.303  1.19047E-15  SWARM-A  5.614  329.371
2022-03-13T16:44:00Z  435.988  -28.841  -164.311  1.20244E-15  SWARM-A  5.622  331.302
2022-03-13T16:44:30Z  435.188  -26.906  -164.322  1.21410E-15  SWARM-A  5.630  333.233
2022-03-13T16:45:00Z  434.407  -24.970  -164.338  1.22536E-15  SWARM-A  5.637  335.164
2022-03-13T16:45:30Z  433.649  -23.033  -164.357  1.23591E-15  SWARM-A  5.644  337.095
2022-03-13T16:46:00Z  432.915  -21.095  -164.379  1.24599E-15  SWARM-A  5.651  339.026
2022-03-13T16:46:30Z  432.209  -19.157  -164.403  1.25565E-15  SWARM-A  5.658  340.958
2022-03-13T16:47:00Z  431.532  -17.217  -164.430  1.26478E-15  SWARM-A  5.664  342.890
2022-03-13T16:47:30Z  430.886  -15.277  -164.459  1.27335E-15  SWARM-A  5.671  344.822
2022-03-13T16:48:00Z  430.273  -13.337  -164.489  1.28135E-15  SWARM-A  5.677  346.754
2022-03-13T16:48:30Z  429.695  -11.395  -164.521  1.28874E-15  SWARM-A  5.683  348.686
2022-03-13T16:49:00Z  429.153  -9.453  -164.554  1.29551E-15  SWARM-A  5.689  350.619
2022-03-13T16:49:30Z  428.649  -7.511  -164.589  1.30166E-15  SWARM-A  5.695  352.552
2022-03-13T16:50:00Z  428.184  -5.568  -164.624  1.30721E-15  SWARM-A  5.701  354.485
2022-03-13T16:50:30Z  427.759  -3.625  -164.659  1.31216E-15  SWARM-A  5.707  356.418
2022-03-13T16:51:00Z  427.375  -1.682  -164.695  1.31651E-15  SWARM-A  5.713  358.351
2022-03-13T16:51:30Z  427.033  0.262  -164.732  1.32034E-15  SWARM-A  5.719  0.285
2022-03-13T16:52:00Z  426.732  2.206  -164.768  1.32369E-15  SWARM-A  5.725  2.218
2022-03-13T16:52:30Z  426.474  4.150  -164.804  1.32652E-15  SWARM-A  5.731  4.152
2022-03-13T16:53:00Z  426.258  6.094  -164.839  1.32889E-15  SWARM-A  5.737  6.086
2022-03-13T16:53:30Z  426.083  8.038  -164.874  1.33085E-15  SWARM-A  5.743  8.021
2022-03-13T16:54:00Z  425.951  9.982  -164.908  1.33243E-15  SWARM-A  5.749  9.955
2022-03-13T16:54:30Z  425.860  11.925  -164.941  1.33366E-15  SWARM-A  5.755  11.890
2022-03-13T16:55:00Z  425.810  13.869  -164.972  1.33464E-15  SWARM-A  5.761  13.825
2022-03-13T16:55:30Z  425.800  15.812  -165.002  1.33539E-15  SWARM-A  5.768  15.759
2022-03-13T16:56:00Z  425.828  17.755  -165.030  1.33599E-15  SWARM-A  5.774  17.695
2022-03-13T16:56:30Z  425.894  19.698  -165.056  1.33645E-15  SWARM-A  5.781  19.630
2022-03-13T16:57:00Z  425.996  21.640  -165.080  1.33685E-15  SWARM-A  5.787  21.565
2022-03-13T16:57:30Z  426.133  23.582  -165.101  1.33724E-15  SWARM-A  5.794  23.501
2022-03-13T16:58:00Z  426.302  25.523  -165.118  1.33760E-15  SWARM-A  5.802  25.437
2022-03-13T16:58:30Z  426.503  27.464  -165.133  1.33800E-15  SWARM-A  5.809  27.372
2022-03-13T16:59:00Z  426.733  29.404  -165.143  1.33851E-15  SWARM-A  5.817  29.308
2022-03-13T16:59:30Z  426.991  31.343  -165.149  1.33913E-15  SWARM-A  5.825  31.244
2022-03-13T17:00:00Z  427.274  33.282  -165.149  1.33993E-15  SWARM-A  5.833  33.181
2022-03-13T17:00:30Z  427.580  35.220  -165.145  1.34106E-15  SWARM-A  5.842  35.117
2022-03-13T17:01:00Z  427.906  37.157  -165.133  1.34259E-15  SWARM-A  5.851  37.054
2022-03-13T17:01:30Z  428.251  39.093  -165.115  1.34463E-15  SWARM-A  5.860  38.990
2022-03-13T17:02:00Z  428.611  41.028  -165.089  1.34726E-15  SWARM-A  5.870  40.927
2022-03-13T17:02:30Z  428.985  42.963  -165.053  1.35057E-15  SWARM-A  5.881  42.864
2022-03-13T17:03:00Z  429.370  44.896  -165.007  1.35459E-15  SWARM-A  5.892  44.801
2022-03-13T17:03:30Z  429.763  46.829  -164.949  1.35931E-15  SWARM-A  5.905  46.738
2022-03-13T17:04:00Z  430.162  48.760  -164.878  1.36465E-15  SWARM-A  5.918  48.675
2022-03-13T17:04:30Z  430.564  50.690  -164.791  1.37039E-15  SWARM-A  5.932  50.612
2022-03-13T17:05:00Z  430.966  52.619  -164.686  1.37606E-15  SWARM-A  5.947  52.549
2022-03-13T17:05:30Z  431.367  54.547  -164.559  1.38160E-15  SWARM-A  5.964  54.487
2022-03-13T17:06:00Z  431.763  56.474  -164.408  1.38710E-15  SWARM-A  5.982  56.424
2022-03-13T17:06:30Z  432.152  58.399  -164.227  1.39336E-15  SWARM-A  6.003  58.361
2022-03-13T17:07:00Z  432.532  60.323  -164.011  1.40127E-15  SWARM-A  6.025  60.299
2022-03-13T17:07:30Z  432.901  62.246  -163.753  1.41179E-15  SWARM-A  6.051  62.237
2022-03-13T17:08:00Z  433.257  64.166  -163.442  1.42484E-15  SWARM-A  6.080  64.174
2022-03-13T17:08:30Z  433.597  66.084  -163.066  1.43990E-15  SWARM-A  6.113  66.112
2022-03-13T17:09:00Z  433.919  68.000  -162.609  1.45620E-15  SWARM-A  6.152  68.050
2022-03-13T17:09:30Z  434.222  69.913  -162.047  1.47279E-15  SWARM-A  6.198  69.988
2022-03-13T17:10:00Z  434.504  71.822  -161.347  1.48902E-15  SWARM-A  6.253  71.926
2022-03-13T17:10:30Z  434.763  73.727  -160.461  1.50431E-15  SWARM-A  6.320  73.863
2022-03-13T17:11:00Z  434.998  75.625  -159.316  1.51911E-15  SWARM-A  6.405  75.801
2022-03-13T17:11:30Z  435.208  77.514  -157.795  1.53379E-15  SWARM-A  6.515  77.739
2022-03-13T17:12:00Z  435.391  79.389  -155.700  1.54887E-15  SWARM-A  6.663  79.677
2022-03-13T17:12:30Z  435.546  81.242  -152.673  1.56491E-15  SWARM-A  6.873  81.615
2022-03-13T17:13:00Z  435.673  83.055  -147.995  1.58232E-15  SWARM-A  7.193  83.553
2022-03-13T17:13:30Z  435.771  84.785  -140.056  1.60141E-15  SWARM-A  7.731  85.491
2022-03-13T17:14:00Z  435.839  86.318  -124.867  1.62230E-15  SWARM-A  8.752  87.429
2022-03-13T17:14:30Z  435.877  87.291  -94.469  1.64404E-15  SWARM-A  10.787  89.367
2022-03-13T17:15:00Z  435.886  87.079  -54.795  1.66449E-15  SWARM-A  13.440  91.305
2022-03-13T17:15:30Z  435.863  85.860  -30.144  1.68450E-15  SWARM-A  15.092  93.243
2022-03-13T17:16:00Z  435.811  84.242  -17.980  1.70458E-15  SWARM-A  15.911  95.181
2022-03-13T17:16:30Z  435.730  82.477  -11.365  1.72425E-15  SWARM-A  16.360  97.119
2022-03-13T17:17:00Z  435.619  80.649  -7.334  1.74304E-15  SWARM-A  16.637  99.057
2022-03-13T17:17:30Z  435.480  78.788  -4.662  1.76086E-15  SWARM-A  16.824  100.995
2022-03-13T17:18:00Z  435.313  76.907  -2.781  1.77776E-15  SWARM-A  16.958  102.933
2022-03-13T17:18:30Z  435.120  75.015  -1.397  1.79404E-15  SWARM-A  17.058  104.871
2022-03-13T17:19:00Z  434.901  73.115  -0.345  1.81013E-15  SWARM-A  17.137  106.808
2022-03-13T17:19:30Z  434.658  71.209  0.474  1.82653E-15  SWARM-A  17.199  108.746
2022-03-13T17:20:00Z  434.393  69.299  1.125  1.84355E-15  SWARM-A  17.251  110.684
2022-03-13T17:20:30Z  434.107  67.385  1.651  1.86136E-15  SWARM-A  17.295  112.622
2022-03-13T17:21:00Z  433.801  65.468  2.079  1.88032E-15  SWARM-A  17.332  114.559
2022-03-13T17:21:30Z  433.478  63.549  2.432  1.90048E-15  SWARM-A  17.363  116.497
2022-03-13T17:22:00Z  433.140  61.628  2.725  1.92204E-15  SWARM-A  17.391  118.434
2022-03-13T17:22:30Z  432.789  59.706  2.969  1.94331E-15  SWARM-A  17.416  120.372
2022-03-13T17:23:00Z  432.426  57.782  3.173  1.96365E-15  SWARM-A  17.438  122.309
2022-03-13T17:23:30Z  432.055  55.856  3.344  1.98275E-15  SWARM-A  17.457  124.246
2022-03-13T17:24:00Z  431.677  53.929  3.487  2.00079E-15  SWARM-A  17.475  126.183
2022-03-13T17:24:30Z  431.295  52.001  3.606  2.01819E-15  SWARM-A  17.492  128.120
2022-03-13T17:25:00Z  430.912  50.072  3.705  2.03516E-15  SWARM-A  17.507  130.057
2022-03-13T17:25:30Z  430.529  48.141  3.787  2.05171E-15  SWARM-A  17.520  131.994
2022-03-13T17:26:00Z  430.150  46.210  3.853  2.06769E-15  SWARM-A  17.533  133.931
2022-03-13T17:26:30Z  429.777  44.277  3.907  2.08306E-15  SWARM-A  17.545  135.868
2022-03-13T17:27:00Z  429.412  42.344  3.950  2.09786E-15  SWARM-A  17.556  137.804
2022-03-13T17:27:30Z  429.058  40.410  3.982  2.11215E-15  SWARM-A  17.567  139.741
2022-03-13T17:28:00Z  428.718  38.474  4.006  2.12599E-15  SWARM-A  17.577  141.677
2022-03-13T17:28:30Z  428.393  36.538  4.022  2.13945E-15  SWARM-A  17.586  143.614
2022-03-13T17:29:00Z  428.087  34.601  4.031  2.15258E-15  SWARM-A  17.595  145.550
2022-03-13T17:29:30Z  427.801  32.663  4.034  2.16541E-15  SWARM-A  17.603  147.486
2022-03-13T17:30:00Z  427.538  30.725  4.031  2.17787E-15  SWARM-A  17.612  149.422
2022-03-13T17:30:30Z  427.300  28.786  4.024  2.18990E-15  SWARM-A  17.620  151.357
2022-03-13T17:31:00Z  427.090  26.846  4.012  2.20141E-15  SWARM-A  17.627  153.293
2022-03-13T17:31:30Z  426.908  24.905  3.997  2.21227E-15  SWARM-A  17.634  155.228
2022-03-13T17:32:00Z  426.758  22.964  3.978  2.22231E-15  SWARM-A  17.641  157.164
2022-03-13T17:32:30Z  426.641  21.023  3.956  2.23138E-15  SWARM-A  17.648  159.099
2022-03-13T17:33:00Z  426.558  19.081  3.932  2.23929E-15  SWARM-A  17.655  161.034
2022-03-13T17:33:30Z  426.510  17.138  3.905  2.24601E-15  SWARM-A  17.662  162.968
2022-03-13T17:34:00Z  426.500  15.196  3.877  2.25125E-15  SWARM-A  17.668  164.903
2022-03-13T17:34:30Z  426.528  13.253  3.846  2.25499E-15  SWARM-A  17.674  166.838
2022-03-13T17:35:00Z  426.596  11.309  3.814  2.25709E-15  SWARM-A  17.681  168.772
2022-03-13T17:35:30Z  426.703  9.366  3.781  2.25754E-15  SWARM-A  17.687  170.706
2022-03-13T17:36:00Z  426.851  7.422  3.746  2.25628E-15  SWARM-A  17.693  172.640
2022-03-13T17:36:30Z  427.041  5.479  3.711  2.25335E-15  SWARM-A  17.699  174.574
2022-03-13T17:37:00Z  427.271  3.535  3.676  2.24880E-15  SWARM-A  17.705  176.507
2022-03-13T17:37:30Z  427.543  1.592  3.640  2.24267E-15  SWARM-A  17.711  178.441
2022-03-13T17:38:00Z  427.857  -0.352  3.603  2.23496E-15  SWARM-A  17.717  180.374
2022-03-13T17:38:30Z  428.211  -2.295  3.567  2.22565E-15  SWARM-A  17.722  182.307
2022-03-13T17:39:00Z  428.606  -4.238  3.531  2.21494E-15  SWARM-A  17.728  184.240
2022-03-13T17:39:30Z  429.040  -6.180  3.496  2.20298E-15  SWARM-A  17.734  186.173
2022-03-13T17:40:00Z  429.514  -8.123  3.461  2.18974E-15  SWARM-A  17.740  188.105
2022-03-13T17:40:30Z  430.025  -10.064  3.427  2.17530E-15  SWARM-A  17.746  190.038
2022-03-13T17:41:00Z  430.573  -12.006  3.394  2.15969E-15  SWARM-A  17.753  191.970
2022-03-13T17:41:30Z  431.155  -13.946  3.362  2.14290E-15  SWARM-A  17.759  193.902
2022-03-13T17:42:00Z  431.772  -15.886  3.332  2.12485E-15  SWARM-A  17.765  195.833
2022-03-13T17:42:30Z  432.420  -17.826  3.304  2.10579E-15  SWARM-A  17.772  197.765
2022-03-13T17:43:00Z  433.098  -19.765  3.278  2.08560E-15  SWARM-A  17.778  199.696
2022-03-13T17:43:30Z  433.804  -21.703  3.254  2.06425E-15  SWARM-A  17.785  201.627
2022-03-13T17:44:00Z  434.535  -23.640  3.233  2.04159E-15  SWARM-A  17.792  203.558
2022-03-13T17:44:30Z  435.289  -25.576  3.215  2.01744E-15  SWARM-A  17.799  205.489
2022-03-13T17:45:00Z  436.065  -27.511  3.201  1.99221E-15  SWARM-A  17.806  207.420
2022-03-13T17:45:30Z  436.858  -29.446  3.190  1.96586E-15  SWARM-A  17.814  209.350
2022-03-13T17:46:00Z  437.666  -31.379  3.184  1.93863E-15  SWARM-A  17.822  211.280
2022-03-13T17:46:30Z  438.488  -33.311  3.183  1.91056E-15  SWARM-A  17.830  213.210
2022-03-13T17:47:00Z  439.319  -35.243  3.188  1.88190E-15  SWARM-A  17.839  215.140
2022-03-13T17:47:30Z  440.158  -37.173  3.199  1.85287E-15  SWARM-A  17.848  217.070
2022-03-13T17:48:00Z  441.000  -39.102  3.216  1.82373E-15  SWARM-A  17.857  218.999
2022-03-13T17:48:30Z  441.844  -41.030  3.242  1.79477E-15  SWARM-A  17.867  220.929
2022-03-13T17:49:00Z  442.686  -42.957  3.277  1.76629E-15  SWARM-A  17.878  222.858
2022-03-13T17:49:30Z  443.523  -44.882  3.322  1.73856E-15  SWARM-A  17.889  224.787
2022-03-13T17:50:00Z  444.351  -46.806  3.379  1.71160E-15  SWARM-A  17.902  226.716
2022-03-13T17:50:30Z  445.169  -48.729  3.449  1.68622E-15  SWARM-A  17.915  228.645
2022-03-13T17:51:00Z  445.974  -50.651  3.535  1.66255E-15  SWARM-A  17.929  230.573
2022-03-13T17:51:30Z  446.761  -52.572  3.639  1.64076E-15  SWARM-A  17.944  232.502
2022-03-13T17:52:00Z  447.528  -54.491  3.763  1.62115E-15  SWARM-A  17.961  234.430
2022-03-13T17:52:30Z  448.273  -56.408  3.913  1.60399E-15  SWARM-A  17.979  236.358
2022-03-13T17:53:00Z  448.992  -58.324  4.091  1.58950E-15  SWARM-A  17.999  238.286
2022-03-13T17:53:30Z  449.683  -60.238  4.303  1.57789E-15  SWARM-A  18.022  240.214
2022-03-13T17:54:00Z  450.344  -62.151  4.558  1.56923E-15  SWARM-A  18.047  242.142
2022-03-13T17:54:30Z  450.972  -64.062  4.863  1.56454E-15  SWARM-A  18.076  244.069
2022-03-13T17:55:00Z  451.564  -65.970  5.232  1.56278E-15  SWARM-A  18.108  245.997
2022-03-13T17:55:30Z  452.119  -67.876  5.680  1.56335E-15  SWARM-A  18.147  247.924
2022-03-13T17:56:00Z  452.634  -69.779  6.231  1.56566E-15  SWARM-A  18.192  249.852
2022-03-13T17:56:30Z  453.107  -71.678  6.915  1.56887E-15  SWARM-A  18.246  251.779
2022-03-13T17:57:00Z  453.537  -73.573  7.779  1.57206E-15  SWARM-A  18.312  253.706
2022-03-13T17:57:30Z  453.921  -75.461  8.891  1.57430E-15  SWARM-A  18.394  255.634
2022-03-13T17:58:00Z  454.259  -77.340  10.363  1.57487E-15  SWARM-A  18.501  257.561
2022-03-13T17:58:30Z  454.550  -79.206  12.379  1.57327E-15  SWARM-A  18.643  259.488
2022-03-13T17:59:00Z  454.791  -81.052  15.271  1.56937E-15  SWARM-A  18.844  261.415
2022-03-13T17:59:30Z  454.982  -82.860  19.694  1.56319E-15  SWARM-A  19.148  263.342
2022-03-13T18:00:00Z  455.123  -84.594  27.089  1.55124E-15  SWARM-A  19.649  265.269
2022-03-13T18:00:30Z  455.212  -86.152  40.994  1.53875E-15  SWARM-A  20.584  267.196
2022-03-13T18:01:00Z  455.250  -87.223  68.993  1.52704E-15  SWARM-A  22.459  269.123
2022-03-13T18:01:30Z  455.237  -87.181  108.890  1.51624E-15  SWARM-A  1.127  271.050
2022-03-13T18:02:00Z  455.172  -86.061  135.741  1.50567E-15  SWARM-A  2.926  272.977
2022-03-13T18:02:30Z  455.055  -84.485  149.042  1.49664E-15  SWARM-A  3.821  274.904
2022-03-13T18:03:00Z  454.887  -82.745  156.173  1.48962E-15  SWARM-A  4.305  276.831
2022-03-13T18:03:30Z  454.669  -80.933  160.465  1.48448E-15  SWARM-A  4.599  278.758
2022-03-13T18:04:00Z  454.401  -79.087  163.286  1.48079E-15  SWARM-A  4.795  280.685
2022-03-13T18:04:30Z  454.085  -77.219  165.259  1.47775E-15  SWARM-A  4.935  282.612
2022-03-13T18:05:00Z  453.721  -75.339  166.703  1.47467E-15  SWARM-A  5.040  284.540
2022-03-13T18:05:30Z  453.312  -73.450  167.797  1.47031E-15  SWARM-A  5.121  286.467
2022-03-13T18:06:00Z  452.857  -71.555  168.648  1.46450E-15  SWARM-A  5.186  288.394
2022-03-13T18:06:30Z  452.360  -69.656  169.322  1.45726E-15  SWARM-A  5.239  290.322
2022-03-13T18:07:00Z  451.822  -67.752  169.865  1.44881E-15  SWARM-A  5.284  292.249
2022-03-13T18:07:30Z  451.244  -65.846  170.308  1.43971E-15  SWARM-A  5.322  294.177
2022-03-13T18:08:00Z  450.629  -63.937  170.672  1.43081E-15  SWARM-A  5.354  296.105
2022-03-13T18:08:30Z  449.980  -62.027  170.974  1.42294E-15  SWARM-A  5.383  298.032
2022-03-13T18:09:00Z  449.298  -60.114  171.225  1.41707E-15  SWARM-A  5.408  299.960
2022-03-13T18:09:30Z  448.586  -58.199  171.436  1.41359E-15  SWARM-A  5.430  301.888
2022-03-13T18:10:00Z  447.847  -56.283  171.612  1.41242E-15  SWARM-A  5.450  303.817
2022-03-13T18:10:30Z  447.083  -54.365  171.759  1.41281E-15  SWARM-A  5.469  305.745
2022-03-13T18:11:00Z  446.297  -52.446  171.882  1.41386E-15  SWARM-A  5.485  307.674
2022-03-13T18:11:30Z  445.493  -50.525  171.985  1.41442E-15  SWARM-A  5.500  309.602
2022-03-13T18:12:00Z  444.672  -48.603  172.069  1.41372E-15  SWARM-A  5.514  311.531
2022-03-13T18:12:30Z  443.838  -46.680  172.139  1.41148E-15  SWARM-A  5.527  313.460
2022-03-13T18:13:00Z  442.993  -44.755  172.195  1.40801E-15  SWARM-A  5.539  315.389
2022-03-13T18:13:30Z  442.142  -42.829  172.239  1.40376E-15  SWARM-A  5.551  317.318
2022-03-13T18:14:00Z  441.286  -40.902  172.273  1.39901E-15  SWARM-A  5.561  319.248
2022-03-13T18:14:30Z  440.429  -38.974  172.299  1.39377E-15  SWARM-A  5.571  321.177
2022-03-13T18:15:00Z  439.574  -37.044  172.316  1.38809E-15  SWARM-A  5.581  323.107
2022-03-13T18:15:30Z  438.723  -35.114  172.326  1.38159E-15  SWARM-A  5.590  325.037
2022-03-13T18:16:00Z  437.881  -33.182  172.331  1.37435E-15  SWARM-A  5.598  326.967
2022-03-13T18:16:30Z  437.049  -31.249  172.329  1.36663E-15  SWARM-A  5.607  328.898
2022-03-13T18:17:00Z  436.230  -29.315  172.323  1.35845E-15  SWARM-A  5.615  330.828
2022-03-13T18:17:30Z  435.428  -27.381  172.312  1.34994E-15  SWARM-A  5.622  332.759
2022-03-13T18:18:00Z  434.644  -25.445  172.297  1.34085E-15  SWARM-A  5.630  334.690
2022-03-13T18:18:30Z  433.883  -23.508  172.279  1.33139E-15  SWARM-A  5.637  336.621
2022-03-13T18:19:00Z  433.145  -21.571  172.258  1.32207E-15  SWARM-A  5.644  338.553
2022-03-13T18:19:30Z  432.433  -19.632  172.234  1.31297E-15  SWARM-A  5.650  340.484
2022-03-13T18:20:00Z  431.750  -17.693  172.208  1.30430E-15  SWARM-A  5.657  342.416
2022-03-13T18:20:30Z  431.097  -15.753  172.180  1.29591E-15  SWARM-A  5.663  344.348
2022-03-13T18:21:00Z  430.477  -13.813  172.150  1.28817E-15  SWARM-A  5.670  346.280
2022-03-13T18:21:30Z  429.891  -11.872  172.118  1.28119E-15  SWARM-A  5.676  348.212
2022-03-13T18:22:00Z  429.340  -9.930  172.085  1.27507E-15  SWARM-A  5.682  350.145
2022-03-13T18:22:30Z  428.828  -7.988  172.051  1.26986E-15  SWARM-A  5.688  352.077
2022-03-13T18:23:00Z  428.353  -6.045  172.016  1.26569E-15  SWARM-A  5.694  354.010
2022-03-13T18:23:30Z  427.919  -4.102  171.980  1.26261E-15  SWARM-A  5.700  355.943
2022-03-13T18:24:00Z  427.525  -2.159  171.944  1.26064E-15  SWARM-A  5.706  357.877
2022-03-13T18:24:30Z  427.172  -0.215  171.908  1.25986E-15  SWARM-A  5.712  359.810
2022-03-13T18:25:00Z  426.861  1.728  171.872  1.26036E-15  SWARM-A  5.718  1.744
2022-03-13T18:25:30Z  426.592  3.672  171.836  1.26223E-15  SWARM-A  5.724  3.678
2022-03-13T18:26:00Z  426.365  5.616  171.800  1.26533E-15  SWARM-A  5.730  5.612
2022-03-13T18:26:30Z  426.181  7.560  171.765  1.26971E-15  SWARM-A  5.736  7.546
2022-03-13T18:27:00Z  426.038  9.504  171.731  1.27549E-15  SWARM-A  5.742  9.480
2022-03-13T18:27:30Z  425.937  11.448  171.698  1.28252E-15  SWARM-A  5.748  11.415
2022-03-13T18:28:00Z  425.876  13.392  171.666  1.29083E-15  SWARM-A  5.754  13.349
2022-03-13T18:28:30Z  425.856  15.335  171.636  1.30034E-15  SWARM-A  5.760  15.284
2022-03-13T18:29:00Z  425.874  17.278  171.607  1.31111E-15  SWARM-A  5.767  17.219
2022-03-13T18:29:30Z  425.931  19.221  171.580  1.32300E-15  SWARM-A  5.773  19.154
2022-03-13T18:30:00Z  426.024  21.163  171.556  1.33600E-15  SWARM-A  5.780  21.090
2022-03-13T18:30:30Z  426.151  23.105  171.535  1.35008E-15  SWARM-A  5.787  23.025
2022-03-13T18:31:00Z  426.313  25.046  171.516  1.36528E-15  SWARM-A  5.794  24.961
2022-03-13T18:31:30Z  426.506  26.987  171.501  1.38150E-15  SWARM-A  5.802  26.897
2022-03-13T18:32:00Z  426.729  28.927  171.490  1.39834E-15  SWARM-A  5.809  28.833
2022-03-13T18:32:30Z  426.979  30.867  171.483  1.41545E-15  SWARM-A  5.817  30.769
2022-03-13T18:33:00Z  427.256  32.805  171.481  1.43347E-15  SWARM-A  5.825  32.705
2022-03-13T18:33:30Z  427.556  34.744  171.484  1.45257E-15  SWARM-A  5.834  34.641
2022-03-13T18:34:00Z  427.877  36.681  171.494  1.47273E-15  SWARM-A  5.843  36.578
2022-03-13T18:34:30Z  428.217  38.617  171.510  1.49405E-15  SWARM-A  5.852  38.514
2022-03-13T18:35:00Z  428.573  40.553  171.534  1.51663E-15  SWARM-A  5.862  40.451
2022-03-13T18:35:30Z  428.944  42.487  171.568  1.54055E-15  SWARM-A  5.873  42.388
2022-03-13T18:36:00Z  429.326  44.421  171.611  1.56591E-15  SWARM-A  5.884  44.324
2022-03-13T18:36:30Z  429.716  46.354  171.665  1.59275E-15  SWARM-A  5.896  46.261
2022-03-13T18:37:00Z  430.113  48.285  171.733  1.62105E-15  SWARM-A  5.909  48.198
2022-03-13T18:37:30Z  430.514  50.216  171.816  1.65060E-15  SWARM-A  5.923  50.136
2022-03-13T18:38:00Z  430.916  52.145  171.917  1.68070E-15  SWARM-A  5.938  52.073
2022-03-13T18:38:30Z  431.317  54.073  172.037  1.71115E-15  SWARM-A  5.954  54.010
2022-03-13T18:39:00Z  431.714  56.000  172.182  1.74132E-15  SWARM-A  5.972  55.947
2022-03-13T18:39:30Z  432.105  57.926  172.355  1.77114E-15  SWARM-A  5.992  57.885
2022-03-13T18:40:00Z  432.487  59.850  172.562  1.80131E-15  SWARM-A  6.014  59.822
2022-03-13T18:40:30Z  432.858  61.773  172.809  1.83369E-15  SWARM-A  6.039  61.760
2022-03-13T18:41:00Z  433.217  63.694  173.106  1.87036E-15  SWARM-A  6.067  63.698
2022-03-13T18:41:30Z  433.560  65.613  173.464  1.91191E-15  SWARM-A  6.099  65.635
2022-03-13T18:42:00Z  433.886  67.529  173.899  1.95641E-15  SWARM-A  6.136  67.573
2022-03-13T18:42:30Z  434.194  69.443  174.432  2.00194E-15  SWARM-A  6.180  69.511
2022-03-13T18:43:00Z  434.480  71.353  175.094  2.04735E-15  SWARM-A  6.233  71.449
2022-03-13T18:43:30Z  434.744  73.259  175.929  2.09108E-15  SWARM-A  6.297  73.387
2022-03-13T18:44:00Z  434.985  75.159  177.001  2.13229E-15  SWARM-A  6.377  75.324
2022-03-13T18:44:30Z  435.200  77.050  178.415  2.17089E-15  SWARM-A  6.479  77.262
2022-03-13T18:45:00Z  435.388  78.929  -179.657  2.20760E-15  SWARM-A  6.616  79.200
2022-03-13T18:45:30Z  435.550  80.789  -176.908  2.24341E-15  SWARM-A  6.808  81.138
2022-03-13T18:46:00Z  435.682  82.614  -172.737  2.27682E-15  SWARM-A  7.094  83.076
2022-03-13T18:46:30Z  435.786  84.371  -165.841  2.31091E-15  SWARM-A  7.562  85.014
2022-03-13T18:47:00Z  435.861  85.972  -153.040  2.34673E-15  SWARM-A  8.424  86.952
2022-03-13T18:47:30Z  435.905  87.140  -127.075  2.38444E-15  SWARM-A  10.163  88.890
2022-03-13T18:48:00Z  435.919  87.253  -87.068  2.42191E-15  SWARM-A  12.839  90.828
2022-03-13T18:48:30Z  435.903  86.215  -58.042  2.45808E-15  SWARM-A  14.782  92.766
2022-03-13T18:49:00Z  435.857  84.660  -43.641  2.49398E-15  SWARM-A  15.750  94.704
2022-03-13T18:49:30Z  435.781  82.920  -36.045  2.52862E-15  SWARM-A  16.265  96.642
2022-03-13T18:50:00Z  435.676  81.103  -31.533  2.56245E-15  SWARM-A  16.574  98.580
2022-03-13T18:50:30Z  435.542  79.248  -28.596  2.59411E-15  SWARM-A  16.778  100.518
2022-03-13T18:51:00Z  435.380  77.372  -26.555  2.62202E-15  SWARM-A  16.923  102.456
2022-03-13T18:51:30Z  435.191  75.482  -25.068  2.64624E-15  SWARM-A  17.030  104.393
2022-03-13T18:52:00Z  434.977  73.584  -23.946  2.66717E-15  SWARM-A  17.113  106.331
2022-03-13T18:52:30Z  434.738  71.679  -23.077  2.68550E-15  SWARM-A  17.180  108.269
2022-03-13T18:53:00Z  434.476  69.769  -22.389  2.70209E-15  SWARM-A  17.234  110.207
2022-03-13T18:53:30Z  434.193  67.856  -21.836  2.71774E-15  SWARM-A  17.279  112.144
2022-03-13T18:54:00Z  433.890  65.940  -21.386  2.73296E-15  SWARM-A  17.317  114.082
2022-03-13T18:54:30Z  433.569  64.022  -21.016  2.74797E-15  SWARM-A  17.350  116.019
2022-03-13T18:55:00Z  433.232  62.102  -20.709  2.76110E-15  SWARM-A  17.379  117.957
2022-03-13T18:55:30Z  432.881  60.180  -20.454  2.77132E-15  SWARM-A  17.405  119.894
2022-03-13T18:56:00Z  432.519  58.256  -20.241  2.77840E-15  SWARM-A  17.427  121.832
2022-03-13T18:56:30Z  432.147  56.331  -20.063  2.78073E-15  SWARM-A  17.447  123.769
2022-03-13T18:57:00Z  431.768  54.404  -19.914  2.77734E-15  SWARM-A  17.466  125.706
2022-03-13T18:57:30Z  431.384  52.476  -19.789  2.76894E-15  SWARM-A  17.482  127.643
2022-03-13T18:58:00Z  430.998  50.547  -19.686  2.75722E-15  SWARM-A  17.497  129.580
2022-03-13T18:58:30Z  430.612  48.617  -19.600  2.74505E-15  SWARM-A  17.512  131.517
2022-03-13T18:59:00Z  430.229  46.686  -19.530  2.73358E-15  SWARM-A  17.525  133.454
2022-03-13T18:59:30Z  429.851  44.754  -19.473  2.72231E-15  SWARM-A  17.537  135.391
2022-03-13T19:00:00Z  429.480  42.820  -19.428  2.71009E-15  SWARM-A  17.548  137.328
2022-03-13T19:00:30Z  429.120  40.886  -19.393  2.69631E-15  SWARM-A  17.559  139.264
2022-03-13T19:01:00Z  428.773  38.951  -19.368  2.68086E-15  SWARM-A  17.569  141.200
2022-03-13T19:01:30Z  428.441  37.015  -19.350  2.66398E-15  SWARM-A  17.578  143.137
2022-03-13T19:02:00Z  428.126  35.078  -19.339  2.64612E-15  SWARM-A  17.587  145.073
2022-03-13T19:02:30Z  427.832  33.141  -19.335  2.62759E-15  SWARM-A  17.596  147.009
2022-03-13T19:03:00Z  427.560  31.202  -19.336  2.60871E-15  SWARM-A  17.604  148.945
2022-03-13T19:03:30Z  427.313  29.263  -19.342  2.58945E-15  SWARM-A  17.612  150.881
2022-03-13T19:04:00Z  427.092  27.324  -19.353  2.57012E-15  SWARM-A  17.620  152.816
2022-03-13T19:04:30Z  426.900  25.383  -19.367  2.55090E-15  SWARM-A  17.627  154.752
2022-03-13T19:05:00Z  426.739  23.442  -19.385  2.53186E-15  SWARM-A  17.634  156.687
2022-03-13T19:05:30Z  426.610  21.501  -19.406  2.51304E-15  SWARM-A  17.641  158.622
2022-03-13T19:06:00Z  426.516  19.559  -19.430  2.49446E-15  SWARM-A  17.648  160.557
2022-03-13T19:06:30Z  426.457  17.617  -19.456  2.47616E-15  SWARM-A  17.654  162.492
2022-03-13T19:07:00Z  426.434  15.674  -19.485  2.45815E-15  SWARM-A  17.661  164.427
2022-03-13T19:07:30Z  426.450  13.731  -19.515  2.44045E-15  SWARM-A  17.667  166.362
2022-03-13T19:08:00Z  426.505  11.788  -19.546  2.42312E-15  SWARM-A  17.673  168.296
2022-03-13T19:08:30Z  426.600  9.844  -19.579  2.40619E-15  SWARM-A  17.680  170.230
2022-03-13T19:09:00Z  426.735  7.901  -19.613  2.38966E-15  SWARM-A  17.686  172.164
2022-03-13T19:09:30Z  426.912  5.957  -19.648  2.37364E-15  SWARM-A  17.692  174.098
2022-03-13T19:10:00Z  427.129  4.013  -19.684  2.35815E-15  SWARM-A  17.698  176.032
2022-03-13T19:10:30Z  427.389  2.070  -19.720  2.34319E-15  SWARM-A  17.704  177.965
2022-03-13T19:11:00Z  427.690  0.126  -19.756  2.32888E-15  SWARM-A  17.710  179.899
2022-03-13T19:11:30Z  428.032  -1.817  -19.792  2.31522E-15  SWARM-A  17.715  181.832
2022-03-13T19:12:00Z  428.414  -3.760  -19.828  2.30222E-15  SWARM-A  17.721  183.765
2022-03-13T19:12:30Z  428.837  -5.703  -19.864  2.28982E-15  SWARM-A  17.727  185.698
2022-03-13T19:13:00Z  429.299  -7.645  -19.899  2.27801E-15  SWARM-A  17.733  187.630
2022-03-13T19:13:30Z  429.799  -9.587  -19.933  2.26666E-15  SWARM-A  17.739  189.563
2022-03-13T19:14:00Z  430.336  -11.529  -19.966  2.25539E-15  SWARM-A  17.745  191.495
2022-03-13T19:14:30Z  430.909  -13.469  -19.998  2.24436E-15  SWARM-A  17.752  193.427
2022-03-13T19:15:00Z  431.516  -15.410  -20.029  2.23341E-15  SWARM-A  17.758  195.359
2022-03-13T19:15:30Z  432.155  -17.349  -20.058  2.22243E-15  SWARM-A  17.764  197.290
2022-03-13T19:16:00Z  432.824  -19.288  -20.084  2.21122E-15  SWARM-A  17.771  199.222
2022-03-13T19:16:30Z  433.522  -21.227  -20.109  2.19968E-15  SWARM-A  17.778  201.153
2022-03-13T19:17:00Z  434.247  -23.164  -20.130  2.18767E-15  SWARM-A  17.785  203.084
2022-03-13T19:17:30Z  434.995  -25.100  -20.149  2.17515E-15  SWARM-A  17.792  205.015
2022-03-13T19:18:00Z  435.764  -27.036  -20.164  2.16196E-15  SWARM-A  17.799  206.946
2022-03-13T19:18:30Z  436.553  -28.971  -20.176  2.14819E-15  SWARM-A  17.807  208.876
2022-03-13T19:19:00Z  437.358  -30.904  -20.183  2.13373E-15  SWARM-A  17.814  210.807
2022-03-13T19:19:30Z  438.177  -32.837  -20.185  2.11870E-15  SWARM-A  17.823  212.737
2022-03-13T19:20:00Z  439.006  -34.769  -20.182  2.10315E-15  SWARM-A  17.831  214.667
2022-03-13T19:20:30Z  439.843  -36.699  -20.173  2.08720E-15  SWARM-A  17.840  216.596
2022-03-13T19:21:00Z  440.685  -38.629  -20.157  2.06953E-15  SWARM-A  17.849  218.526
2022-03-13T19:21:30Z  441.529  -40.557  -20.133  2.05058E-15  SWARM-A  17.859  220.455
2022-03-13T19:22:00Z  442.372  -42.484  -20.101  2.03162E-15  SWARM-A  17.870  222.385
2022-03-13T19:22:30Z  443.210  -44.410  -20.058  2.01279E-15  SWARM-A  17.881  224.314
2022-03-13T19:23:00Z  444.042  -46.335  -20.004  1.99424E-15  SWARM-A  17.893  226.243
2022-03-13T19:23:30Z  444.863  -48.258  -19.937  1.97617E-15  SWARM-A  17.906  228.172
2022-03-13T19:24:00Z  445.672  -50.180  -19.856  1.95872E-15  SWARM-A  17.920  230.100
2022-03-13T19:24:30Z  446.464  -52.101  -19.757  1.94201E-15  SWARM-A  17.935  232.029
2022-03-13T19:25:00Z  447.237  -54.020  -19.637  1.92615E-15  SWARM-A  17.951  233.957
2022-03-13T19:25:30Z  447.989  -55.938  -19.495  1.91347E-15  SWARM-A  17.969  235.885
2022-03-13T19:26:00Z  448.715  -57.855  -19.324  1.90227E-15  SWARM-A  17.988  237.813
2022-03-13T19:26:30Z  449.415  -59.769  -19.121  1.89261E-15  SWARM-A  18.010  239.741
2022-03-13T19:27:00Z  450.085  -61.683  -18.877  1.88477E-15  SWARM-A  18.035  241.669
2022-03-13T19:27:30Z  450.722  -63.594  -18.585  1.87907E-15  SWARM-A  18.063  243.597
2022-03-13T19:28:00Z  451.324  -65.503  -18.233  1.87560E-15  SWARM-A  18.094  245.525
2022-03-13T19:28:30Z  451.890  -67.409  -17.806  1.87422E-15  SWARM-A  18.131  247.452
2022-03-13T19:29:00Z  452.416  -69.313  -17.283  1.87307E-15  SWARM-A  18.174  249.380
2022-03-13T19:29:30Z  452.902  -71.213  -16.635  1.87107E-15  SWARM-A  18.226  251.307
2022-03-13T19:30:00Z  453.344  -73.109  -15.821  1.86882E-15  SWARM-A  18.289  253.235
2022-03-13T19:30:30Z  453.742  -74.999  -14.777  1.86522E-15  SWARM-A  18.366  255.162
2022-03-13T19:31:00Z  454.094  -76.881  -13.406  1.85931E-15  SWARM-A  18.466  257.089
2022-03-13T19:31:30Z  454.398  -78.751  -11.546  1.85033E-15  SWARM-A  18.599  259.016
2022-03-13T19:32:00Z  454.654  -80.603  -8.912  1.83783E-15  SWARM-A  18.782  260.943
2022-03-13T19:32:30Z  454.860  -82.422  -4.955  1.82149E-15  SWARM-A  19.055  262.870
2022-03-13T19:33:00Z  455.016  -84.180  1.503  1.80094E-15  SWARM-A  19.493  264.797
2022-03-13T19:33:30Z  455.121  -85.798  13.283  1.77807E-15  SWARM-A  20.287  266.724
2022-03-13T19:34:00Z  455.175  -87.038  37.040  1.75419E-15  SWARM-A  21.879  268.651
2022-03-13T19:34:30Z  455.177  -87.314  76.188  1.73003E-15  SWARM-A  0.497  270.578
2022-03-13T19:35:00Z  455.127  -86.396  107.418  1.70496E-15  SWARM-A  2.588  272.506
2022-03-13T19:35:30Z  455.026  -84.892  123.190  1.68053E-15  SWARM-A  3.648  274.433
2022-03-13T19:36:00Z  454.874  -83.179  131.401  1.65840E-15  SWARM-A  4.203  276.360
2022-03-13T19:36:30Z  454.671  -81.381  136.217  1.63937E-15  SWARM-A  4.533  278.287
2022-03-13T19:37:00Z  454.419  -79.540  139.322  1.62354E-15  SWARM-A  4.748  280.214
2022-03-13T19:37:30Z  454.118  -77.677  141.465  1.61061E-15  SWARM-A  4.899  282.141
2022-03-13T19:38:00Z  453.769  -75.800  143.019  1.60009E-15  SWARM-A  5.011  284.068
2022-03-13T19:38:30Z  453.374  -73.913  144.187  1.59115E-15  SWARM-A  5.097  285.996
2022-03-13T19:39:00Z  452.934  -72.019  145.089  1.58284E-15  SWARM-A  5.166  287.923
2022-03-13T19:39:30Z  452.450  -70.120  145.802  1.57427E-15  SWARM-A  5.222  289.850
2022-03-13T19:40:00Z  451.925  -68.218  146.374  1.56468E-15  SWARM-A  5.268  291.778
2022-03-13T19:40:30Z  451.360  -66.312  146.838  1.55342E-15  SWARM-A  5.308  293.706
2022-03-13T19:41:00Z  450.758  -64.404  147.220  1.54001E-15  SWARM-A  5.341  295.633
2022-03-13T19:41:30Z  450.121  -62.494  147.536  1.52595E-15  SWARM-A  5.371  297.561
2022-03-13T19:42:00Z  449.450  -60.581  147.799  1.51220E-15  SWARM-A  5.397  299.489
2022-03-13T19:42:30Z  448.749  -58.667  148.019  1.49986E-15  SWARM-A  5.420  301.417
2022-03-13T19:43:00Z  448.020  -56.751  148.203  1.49000E-15  SWARM-A  5.440  303.345
2022-03-13T19:43:30Z  447.265  -54.834  148.357  1.48346E-15  SWARM-A  5.459  305.274
2022-03-13T19:44:00Z  446.488  -52.915  148.485  1.48052E-15  SWARM-A  5.476  307.202
2022-03-13T19:44:30Z  445.691  -50.995  148.593  1.48069E-15  SWARM-A  5.491  309.131
2022-03-13T19:45:00Z  444.877  -49.073  148.681  1.48284E-15  SWARM-A  5.505  311.060
2022-03-13T19:45:30Z  444.049  -47.150  148.754  1.48589E-15  SWARM-A  5.519  312.988
2022-03-13T19:46:00Z  443.210  -45.225  148.814  1.48860E-15  SWARM-A  5.531  314.918
2022-03-13T19:46:30Z  442.363  -43.300  148.861  1.49034E-15  SWARM-A  5.542  316.847
2022-03-13T19:47:00Z  441.512  -41.373  148.897  1.49133E-15  SWARM-A  5.553  318.776
2022-03-13T19:47:30Z  440.658  -39.445  148.925  1.49201E-15  SWARM-A  5.563  320.706
2022-03-13T19:48:00Z  439.806  -37.516  148.944  1.49274E-15  SWARM-A  5.573  322.636
2022-03-13T19:48:30Z  438.958  -35.586  148.956  1.49344E-15  SWARM-A  5.582  324.565
2022-03-13T19:49:00Z  438.117  -33.654  148.962  1.49397E-15  SWARM-A  5.591  326.496
2022-03-13T19:49:30Z  437.286  -31.722  148.961  1.49366E-15  SWARM-A  5.599  328.426
2022-03-13T19:50:00Z  436.467  -29.788  148.956  1.49275E-15  SWARM-A  5.607  330.356
2022-03-13T19:50:30Z  435.665  -27.854  148.947  1.49118E-15  SWARM-A  5.615  332.287
2022-03-13T19:51:00Z  434.880  -25.918  148.933  1.48885E-15  SWARM-A  5.622  334.218
2022-03-13T19:51:30Z  434.117  -23.982  148.916  1.48582E-15  SWARM-A  5.629  336.149
2022-03-13T19:52:00Z  433.376  -22.045  148.895  1.48213E-15  SWARM-A  5.636  338.080
2022-03-13T19:52:30Z  432.662  -20.106  148.872  1.47787E-15  SWARM-A  5.643  340.012
2022-03-13T19:53:00Z  431.975  -18.168  148.846  1.47310E-15  SWARM-A  5.650  341.943
2022-03-13T19:53:30Z  431.318  -16.228  148.818  1.46785E-15  SWARM-A  5.656  343.875
2022-03-13T19:54:00Z  430.694  -14.288  148.789  1.46209E-15  SWARM-A  5.663  345.807
2022-03-13T19:54:30Z  430.103  -12.347  148.757  1.45595E-15  SWARM-A  5.669  347.739
2022-03-13T19:55:00Z  429.547  -10.405  148.725  1.44962E-15  SWARM-A  5.675  349.672
2022-03-13T19:55:30Z  429.028  -8.463  148.691  1.44317E-15  SWARM-A  5.681  351.604
2022-03-13T19:56:00Z  428.547  -6.521  148.656  1.43664E-15  SWARM-A  5.687  353.537
2022-03-13T19:56:30Z  428.106  -4.578  148.621  1.43010E-15  SWARM-A  5.693  355.470
2022-03-13T19:57:00Z  427.705  -2.635  148.585  1.42357E-15  SWARM-A  5.699  357.403
2022-03-13T19:57:30Z  427.344  -0.691  148.549  1.41704E-15  SWARM-A  5.705  359.337
2022-03-13T19:58:00Z  427.025  1.253  148.512  1.41064E-15  SWARM-A  5.711  1.270
2022-03-13T19:58:30Z  426.748  3.196  148.476  1.40432E-15  SWARM-A  5.717  3.204
2022-03-13T19:59:00Z  426.512  5.140  148.441  1.39806E-15  SWARM-A  5.723  5.138
2022-03-13T19:59:30Z  426.319  7.084  148.406  1.39189E-15  SWARM-A  5.729  7.072
2022-03-13T20:00:00Z  426.168  9.028  148.371  1.38575E-15  SWARM-A  5.735  9.006
2022-03-13T20:00:30Z  426.057  10.972  148.338  1.37967E-15  SWARM-A  5.741  10.941
2022-03-13T20:01:00Z  425.988  12.916  148.305  1.37362E-15  SWARM-A  5.747  12.875
2022-03-13T20:01:30Z  425.959  14.859  148.275  1.36771E-15  SWARM-A  5.753  14.810
2022-03-13T20:02:00Z  425.968  16.802  148.246  1.36197E-15  SWARM-A  5.760  16.745
2022-03-13T20:02:30Z  426.016  18.745  148.219  1.35608E-15  SWARM-A  5.766  18.680
2022-03-13T20:03:00Z  426.101  20.687  148.194  1.35029E-15  SWARM-A  5.773  20.616
2022-03-13T20:03:30Z  426.220  22.629  148.172  1.34464E-15  SWARM-A  5.780  22.551
2022-03-13T20:04:00Z  426.373  24.571  148.152  1.33918E-15  SWARM-A  5.787  24.486
2022-03-13T20:04:30Z  426.559  26.511  148.136  1.33396E-15  SWARM-A  5.794  26.422
2022-03-13T20:05:00Z  426.774  28.452  148.124  1.32902E-15  SWARM-A  5.802  28.358
2022-03-13T20:05:30Z  427.017  30.391  148.116  1.32445E-15  SWARM-A  5.809  30.294
2022-03-13T20:06:00Z  427.287  32.330  148.113  1.32031E-15  SWARM-A  5.818  32.230
2022-03-13T20:06:30Z  427.580  34.268  148.115  1.31622E-15  SWARM-A  5.826  34.166
2022-03-13T20:07:00Z  427.895  36.206  148.123  1.31140E-15  SWARM-A  5.835  36.103
2022-03-13T20:07:30Z  428.229  38.142  148.137  1.30727E-15  SWARM-A  5.844  38.039
2022-03-13T20:08:00Z  428.580  40.078  148.160  1.30388E-15  SWARM-A  5.854  39.976
2022-03-13T20:08:30Z  428.945  42.013  148.191  1.30138E-15  SWARM-A  5.864  41.912
2022-03-13T20:09:00Z  429.322  43.946  148.231  1.29988E-15  SWARM-A  5.875  43.849
2022-03-13T20:09:30Z  429.709  45.879  148.283  1.29949E-15  SWARM-A  5.887  45.786
2022-03-13T20:10:00Z  430.102  47.811  148.347  1.30024E-15  SWARM-A  5.900  47.723
2022-03-13T20:10:30Z  430.499  49.742  148.426  1.30216E-15  SWARM-A  5.914  49.660
2022-03-13T20:11:00Z  430.898  51.672  148.522  1.30541E-15  SWARM-A  5.928  51.597
2022-03-13T20:11:30Z  431.296  53.600  148.638  1.30926E-15  SWARM-A  5.944  53.535
2022-03-13T20:12:00Z  431.691  55.527  148.776  1.31364E-15  SWARM-A  5.962  55.472
2022-03-13T20:12:30Z  432.080  57.453  148.942  1.31862E-15  SWARM-A  5.981  57.409
2022-03-13T20:13:00Z  432.461  59.378  149.140  1.32445E-15  SWARM-A  6.003  59.347
2022-03-13T20:13:30Z  432.832  61.301  149.376  1.33196E-15  SWARM-A  6.027  61.284
2022-03-13T20:14:00Z  433.190  63.222  149.660  1.34228E-15  SWARM-A  6.054  63.222
2022-03-13T20:14:30Z  433.533  65.142  150.002  1.35557E-15  SWARM-A  6.085  65.159
2022-03-13T20:15:00Z  433.860  67.059  150.416  1.37222E-15  SWARM-A  6.121  67.097
2022-03-13T20:15:30Z  434.168  68.973  150.923  1.39136E-15  SWARM-A  6.163  69.035
2022-03-13T20:16:00Z  434.455  70.884  151.550  1.41136E-15  SWARM-A  6.213  70.973
2022-03-13T20:16:30Z  434.721  72.791  152.337  1.43175E-15  SWARM-A  6.274  72.911
2022-03-13T20:17:00Z  434.963  74.693  153.344  1.45196E-15  SWARM-A  6.350  74.848
2022-03-13T20:17:30Z  435.180  76.586  154.661  1.47197E-15  SWARM-A  6.446  76.786
2022-03-13T20:18:00Z  435.371  78.469  156.442  1.49059E-15  SWARM-A  6.573  78.724
2022-03-13T20:18:30Z  435.535  80.334  158.949  1.50936E-15  SWARM-A  6.748  80.662
2022-03-13T20:19:00Z  435.670  82.170  162.689  1.52976E-15  SWARM-A  7.006  82.600
2022-03-13T20:19:30Z  435.777  83.949  168.725  1.55263E-15  SWARM-A  7.417  84.538
2022-03-13T20:20:00Z  435.854  85.603  179.594  1.57865E-15  SWARM-A  8.150  86.476
2022-03-13T20:20:30Z  435.902  86.923  -158.538  1.60826E-15  SWARM-A  9.616  88.414
2022-03-13T20:21:00Z  435.919  87.351  -120.254  1.64081E-15  SWARM-A  12.177  90.352
2022-03-13T20:21:30Z  435.906  86.539  -86.839  1.67647E-15  SWARM-A  14.413  92.290
2022-03-13T20:22:00Z  435.863  85.066  -69.694  1.71595E-15  SWARM-A  15.564  94.228
2022-03-13T20:22:30Z  435.790  83.357  -60.908  1.75810E-15  SWARM-A  16.158  96.166
2022-03-13T20:23:00Z  435.687  81.554  -55.829  1.80209E-15  SWARM-A  16.505  98.104
2022-03-13T20:23:30Z  435.556  79.706  -52.587  1.84703E-15  SWARM-A  16.729  100.042
2022-03-13T20:24:00Z  435.397  77.834  -50.366  1.89208E-15  SWARM-A  16.886  101.980
2022-03-13T20:24:30Z  435.211  75.947  -48.764  1.93667E-15  SWARM-A  17.001  103.917
2022-03-13T20:25:00Z  434.998  74.051  -47.565  1.98035E-15  SWARM-A  17.089  105.855
2022-03-13T20:25:30Z  434.761  72.147  -46.641  2.02070E-15  SWARM-A  17.159  107.793
2022-03-13T20:26:00Z  434.501  70.239  -45.913  2.05987E-15  SWARM-A  17.216  109.731
2022-03-13T20:26:30Z  434.219  68.327  -45.331  2.09838E-15  SWARM-A  17.263  111.668
2022-03-13T20:27:00Z  433.917  66.411  -44.857  2.13688E-15  SWARM-A  17.303  113.606
2022-03-13T20:27:30Z  433.597  64.493  -44.469  2.17591E-15  SWARM-A  17.337  115.544
2022-03-13T20:28:00Z  433.260  62.574  -44.149  2.21591E-15  SWARM-A  17.367  117.481
2022-03-13T20:28:30Z  432.909  60.652  -43.882  2.25699E-15  SWARM-A  17.393  119.419
2022-03-13T20:29:00Z  432.546  58.728  -43.659  2.29903E-15  SWARM-A  17.416  121.356
2022-03-13T20:29:30Z  432.173  56.803  -43.473  2.34097E-15  SWARM-A  17.437  123.293
2022-03-13T20:30:00Z  431.792  54.877  -43.317  2.38109E-15  SWARM-A  17.456  125.231
2022-03-13T20:30:30Z  431.406  52.950  -43.187  2.41753E-15  SWARM-A  17.473  127.168
2022-03-13T20:31:00Z  431.017  51.021  -43.078  2.44891E-15  SWARM-A  17.488  129.105
2022-03-13T20:31:30Z  430.628  49.091  -42.988  2.47466E-15  SWARM-A  17.503  131.042
2022-03-13T20:32:00Z  430.242  47.160  -42.914  2.49597E-15  SWARM-A  17.516  132.979
2022-03-13T20:32:30Z  429.859  45.228  -42.854  2.51526E-15  SWARM-A  17.528  134.916
2022-03-13T20:33:00Z  429.484  43.295  -42.807  2.53475E-15  SWARM-A  17.540  136.852
2022-03-13T20:33:30Z  429.119  41.361  -42.769  2.55564E-15  SWARM-A  17.551  138.789
2022-03-13T20:34:00Z  428.766  39.426  -42.741  2.57709E-15  SWARM-A  17.561  140.725
2022-03-13T20:34:30Z  428.428  37.490  -42.722  2.59786E-15  SWARM-A  17.570  142.662
2022-03-13T20:35:00Z  428.108  35.553  -42.709  2.61699E-15  SWARM-A  17.580  144.598
2022-03-13T20:35:30Z  427.806  33.616  -42.704  2.63410E-15  SWARM-A  17.588  146.534
2022-03-13T20:36:00Z  427.527  31.678  -42.703  2.64911E-15  SWARM-A  17.597  148.470
2022-03-13T20:36:30Z  427.272  29.739  -42.708  2.66212E-15  SWARM-A  17.605  150.406
2022-03-13T20:37:00Z  427.043  27.799  -42.718  2.67335E-15  SWARM-A  17.612  152.342
2022-03-13T20:37:30Z  426.843  25.859  -42.731  2.68299E-15  SWARM-A  17.620  154.277
2022-03-13T20:38:00Z  426.673  23.918  -42.748  2.69115E-15  SWARM-A  17.627  156.213
2022-03-13T20:38:30Z  426.535  21.977  -42.769  2.69794E-15  SWARM-A  17.634  158.148
2022-03-13T20:39:00Z  426.431  20.035  -42.792  2.70351E-15  SWARM-A  17.641  160.083
2022-03-13T20:39:30Z  426.363  18.093  -42.817  2.70785E-15  SWARM-A  17.647  162.018
2022-03-13T20:40:00Z  426.331  16.150  -42.845  2.71107E-15  SWARM-A  17.654  163.953
2022-03-13T20:40:30Z  426.337  14.207  -42.875  2.71326E-15  SWARM-A  17.660  165.887
2022-03-13T20:41:00Z  426.383  12.264  -42.906  2.71442E-15  SWARM-A  17.666  167.822
2022-03-13T20:41:30Z  426.468  10.320  -42.939  2.71468E-15  SWARM-A  17.673  169.756
2022-03-13T20:42:00Z  426.594  8.377  -42.972  2.71405E-15  SWARM-A  17.679  171.690
2022-03-13T20:42:30Z  426.762  6.433  -43.007  2.71256E-15  SWARM-A  17.685  173.624
2022-03-13T20:43:00Z  426.971  4.489  -43.043  2.71036E-15  SWARM-A  17.691  175.558
2022-03-13T20:43:30Z  427.221  2.546  -43.078  2.70741E-15  SWARM-A  17.697  177.492
2022-03-13T20:44:00Z  427.514  0.602  -43.115  2.70368E-15  SWARM-A  17.703  179.425
2022-03-13T20:44:30Z  427.848  -1.341  -43.151  2.69920E-15  SWARM-A  17.708  181.359
2022-03-13T20:45:00Z  428.223  -3.284  -43.187  2.69404E-15  SWARM-A  17.714  183.292
2022-03-13T20:45:30Z  428.638  -5.227  -43.222  2.68799E-15  SWARM-A  17.720  185.225
2022-03-13T20:46:00Z  429.093  -7.170  -43.258  2.68098E-15  SWARM-A  17.726  187.157
2022-03-13T20:46:30Z  429.587  -9.112  -43.292  2.67301E-15  SWARM-A  17.732  189.090
2022-03-13T20:47:00Z  430.118  -11.053  -43.326  2.66390E-15  SWARM-A  17.739  191.022
2022-03-13T20:47:30Z  430.685  -12.995  -43.358  2.65354E-15  SWARM-A  17.745  192.954
2022-03-13T20:48:00Z  431.287  -14.935  -43.389  2.64177E-15  SWARM-A  17.751  194.886
2022-03-13T20:48:30Z  431.921  -16.875  -43.418  2.62844E-15  SWARM-A  17.757  196.818
2022-03-13T20:49:00Z  432.587  -18.814  -43.445  2.61346E-15  SWARM-A  17.764  198.749
2022-03-13T20:49:30Z  433.282  -20.752  -43.470  2.59672E-15  SWARM-A  17.771  200.681
2022-03-13T20:50:00Z  434.004  -22.690  -43.492  2.57817E-15  SWARM-A  17.777  202.612
2022-03-13T20:50:30Z  434.750  -24.627  -43.511  2.55770E-15  SWARM-A  17.784  204.543
2022-03-13T20:51:00Z  435.518  -26.563  -43.528  2.53539E-15  SWARM-A  17.792  206.474
2022-03-13T20:51:30Z  436.307  -28.498  -43.540  2.51127E-15  SWARM-A  17.799  208.404
2022-03-13T20:52:00Z  437.112  -30.432  -43.548  2.48490E-15  SWARM-A  17.807  210.335
2022-03-13T20:52:30Z  437.931  -32.365  -43.552  2.45674E-15  SWARM-A  17.815  212.265
2022-03-13T20:53:00Z  438.763  -34.296  -43.550  2.42707E-15  SWARM-A  17.824  214.195
2022-03-13T20:53:30Z  439.603  -36.227  -43.542  2.39582E-15  SWARM-A  17.832  216.125
2022-03-13T20:54:00Z  440.448  -38.157  -43.528  2.36362E-15  SWARM-A  17.842  218.054
2022-03-13T20:54:30Z  441.297  -40.086  -43.506  2.33065E-15  SWARM-A  17.851  219.984
2022-03-13T20:55:00Z  442.145  -42.013  -43.476  2.29714E-15  SWARM-A  17.862  221.913
2022-03-13T20:55:30Z  442.991  -43.939  -43.436  2.26216E-15  SWARM-A  17.873  223.842
2022-03-13T20:56:00Z  443.829  -45.864  -43.385  2.22385E-15  SWARM-A  17.885  225.771
2022-03-13T20:56:30Z  444.659  -47.788  -43.321  2.18573E-15  SWARM-A  17.897  227.700
2022-03-13T20:57:00Z  445.477  -49.710  -43.243  2.14798E-15  SWARM-A  17.911  229.629
2022-03-13T20:57:30Z  446.279  -51.631  -43.148  2.11078E-15  SWARM-A  17.925  231.557
2022-03-13T20:58:00Z  447.063  -53.551  -43.034  2.07407E-15  SWARM-A  17.941  233.486
2022-03-13T20:58:30Z  447.825  -55.469  -42.898  2.03853E-15  SWARM-A  17.959  235.414
2022-03-13T20:59:00Z  448.564  -57.386  -42.734  2.00620E-15  SWARM-A  17.978  237.342
2022-03-13T20:59:30Z  449.276  -59.301  -42.539  1.97378E-15  SWARM-A  17.999  239.270
2022-03-13T21:00:00Z  449.959  -61.215  -42.306  1.93881E-15  SWARM-A  18.023  241.198
2022-03-13T21:00:30Z  450.610  -63.126  -42.027  1.90611E-15  SWARM-A  18.050  243.126
2022-03-13T21:01:00Z  451.227  -65.036  -41.690  1.87384E-15  SWARM-A  18.081  245.053
2022-03-13T21:01:30Z  451.807  -66.943  -41.283  1.84050E-15  SWARM-A  18.116  246.981
2022-03-13T21:02:00Z  452.349  -68.848  -40.786  1.80706E-15  SWARM-A  18.158  248.908
2022-03-13T21:02:30Z  452.849  -70.749  -40.171  1.77608E-15  SWARM-A  18.207  250.836
2022-03-13T21:03:00Z  453.308  -72.646  -39.402  1.74759E-15  SWARM-A  18.267  252.763
2022-03-13T21:03:30Z  453.722  -74.537  -38.422  1.72114E-15  SWARM-A  18.340  254.690
2022-03-13T21:04:00Z  454.090  -76.421  -37.142  1.69602E-15  SWARM-A  18.434  256.618
2022-03-13T21:04:30Z  454.411  -78.295  -35.422  1.67052E-15  SWARM-A  18.557  258.545
2022-03-13T21:05:00Z  454.684  -80.152  -33.013  1.64465E-15  SWARM-A  18.726  260.472
2022-03-13T21:05:30Z  454.907  -81.981  -29.453  1.61808E-15  SWARM-A  18.972  262.399
2022-03-13T21:06:00Z  455.080  -83.758  -23.776  1.59059E-15  SWARM-A  19.359  264.326
2022-03-13T21:06:30Z  455.202  -85.422  -13.724  1.56249E-15  SWARM-A  20.037  266.253
2022-03-13T21:07:00Z  455.273  -86.795  6.247  1.53429E-15  SWARM-A  21.377  268.180
2022-03-13T21:07:30Z  455.292  -87.369  42.799  1.50650E-15  SWARM-A  23.822  270.107
2022-03-13T21:08:00Z  455.260  -86.698  78.118  1.47845E-15  SWARM-A  2.185  272.034
2022-03-13T21:08:30Z  455.175  -85.287  96.901  1.45094E-15  SWARM-A  3.445  273.961
2022-03-13T21:09:00Z  455.040  -83.609  106.429  1.42545E-15  SWARM-A  4.089  275.888
2022-03-13T21:09:30Z  454.853  -81.826  111.864  1.40272E-15  SWARM-A  4.460  277.815
2022-03-13T21:10:00Z  454.617  -79.994  115.298  1.38321E-15  SWARM-A  4.697  279.742
2022-03-13T21:10:30Z  454.331  -78.135  117.634  1.36579E-15  SWARM-A  4.861  281.669
2022-03-13T21:11:00Z  453.997  -76.261  119.309  1.35119E-15  SWARM-A  4.981  283.596
2022-03-13T21:11:30Z  453.616  -74.376  120.558  1.33947E-15  SWARM-A  5.072  285.523
2022-03-13T21:12:00Z  453.190  -72.484  121.518  1.33013E-15  SWARM-A  5.145  287.450
2022-03-13T21:12:30Z  452.720  -70.586  122.272  1.32242E-15  SWARM-A  5.203  289.378
2022-03-13T21:13:00Z  452.207  -68.685  122.875  1.31553E-15  SWARM-A  5.252  291.305
2022-03-13T21:13:30Z  451.654  -66.780  123.363  1.30883E-15  SWARM-A  5.293  293.233
2022-03-13T21:14:00Z  451.063  -64.873  123.764  1.30175E-15  SWARM-A  5.328  295.160
2022-03-13T21:14:30Z  450.436  -62.963  124.095  1.29404E-15  SWARM-A  5.358  297.088
2022-03-13T21:15:00Z  449.775  -61.051  124.370  1.28593E-15  SWARM-A  5.385  299.016
2022-03-13T21:15:30Z  449.082  -59.137  124.600  1.27791E-15  SWARM-A  5.409  300.944
2022-03-13T21:16:00Z  448.361  -57.222  124.792  1.27063E-15  SWARM-A  5.430  302.872
2022-03-13T21:16:30Z  447.614  -55.305  124.953  1.26497E-15  SWARM-A  5.449  304.800
2022-03-13T21:17:00Z  446.843  -53.386  125.087  1.26155E-15  SWARM-A  5.466  306.729
2022-03-13T21:17:30Z  446.051  -51.466  125.199  1.26084E-15  SWARM-A  5.482  308.657
2022-03-13T21:18:00Z  445.242  -49.545  125.293  1.26290E-15  SWARM-A  5.496  310.586
2022-03-13T21:18:30Z  444.418  -47.622  125.369  1.26725E-15  SWARM-A  5.510  312.514
2022-03-13T21:19:00Z  443.582  -45.699  125.432  1.27291E-15  SWARM-A  5.522  314.443
2022-03-13T21:19:30Z  442.737  -43.773  125.482  1.27860E-15  SWARM-A  5.534  316.373
2022-03-13T21:20:00Z  441.887  -41.847  125.521  1.28405E-15  SWARM-A  5.545  318.302
2022-03-13T21:20:30Z  441.034  -39.919  125.551  1.28934E-15  SWARM-A  5.555  320.231
2022-03-13T21:21:00Z  440.181  -37.991  125.572  1.29484E-15  SWARM-A  5.565  322.161
2022-03-13T21:21:30Z  439.331  -36.061  125.585  1.30102E-15  SWARM-A  5.574  324.091
2022-03-13T21:22:00Z  438.488  -34.130  125.593  1.30782E-15  SWARM-A  5.583  326.021
2022-03-13T21:22:30Z  437.654  -32.198  125.594  1.31512E-15  SWARM-A  5.592  327.951
2022-03-13T21:23:00Z  436.832  -30.264  125.590  1.32238E-15  SWARM-A  5.600  329.881
2022-03-13T21:23:30Z  436.025  -28.330  125.581  1.32929E-15  SWARM-A  5.607  331.812
2022-03-13T21:24:00Z  435.236  -26.395  125.569  1.33600E-15  SWARM-A  5.615  333.742
2022-03-13T21:24:30Z  434.467  -24.459  125.552  1.34245E-15  SWARM-A  5.622  335.673
2022-03-13T21:25:00Z  433.720  -22.522  125.533  1.34869E-15  SWARM-A  5.629  337.604
2022-03-13T21:25:30Z  432.999  -20.584  125.510  1.35473E-15  SWARM-A  5.636  339.536
2022-03-13T21:26:00Z  432.305  -18.646  125.485  1.36063E-15  SWARM-A  5.643  341.467
2022-03-13T21:26:30Z  431.640  -16.706  125.458  1.36642E-15  SWARM-A  5.649  343.399
2022-03-13T21:27:00Z  431.007  -14.766  125.428  1.37211E-15  SWARM-A  5.656  345.331
2022-03-13T21:27:30Z  430.406  -12.826  125.397  1.37778E-15  SWARM-A  5.662  347.263
2022-03-13T21:28:00Z  429.841  -10.884  125.365  1.38334E-15  SWARM-A  5.668  349.195
2022-03-13T21:28:30Z  429.312  -8.942  125.332  1.38877E-15  SWARM-A  5.674  351.128
2022-03-13T21:29:00Z  428.821  -7.000  125.297  1.39423E-15  SWARM-A  5.680  353.060
2022-03-13T21:29:30Z  428.368  -5.057  125.262  1.39967E-15  SWARM-A  5.686  354.993
2022-03-13T21:30:00Z  427.956  -3.114  125.226  1.40508E-15  SWARM-A  5.692  356.926
2022-03-13T21:30:30Z  427.583  -1.171  125.190  1.41042E-15  SWARM-A  5.698  358.859
2022-03-13T21:31:00Z  427.252  0.772  125.154  1.41568E-15  SWARM-A  5.704  0.793
2022-03-13T21:31:30Z  426.963  2.716  125.118  1.42096E-15  SWARM-A  5.710  2.726
2022-03-13T21:32:00Z  426.715  4.660  125.082  1.42611E-15  SWARM-A  5.716  4.660
2022-03-13T21:32:30Z  426.509  6.604  125.047  1.43095E-15  SWARM-A  5.722  6.594
2022-03-13T21:33:00Z  426.345  8.548  125.012  1.43564E-15  SWARM-A  5.728  8.528
2022-03-13T21:33:30Z  426.222  10.491  124.978  1.44001E-15  SWARM-A  5.734  10.463
2022-03-13T21:34:00Z  426.139  12.435  124.946  1.44405E-15  SWARM-A  5.740  12.397
2022-03-13T21:34:30Z  426.097  14.378  124.915  1.44772E-15  SWARM-A  5.746  14.332
2022-03-13T21:35:00Z  426.093  16.322  124.885  1.45103E-15  SWARM-A  5.753  16.267
2022-03-13T21:35:30Z  426.128  18.264  124.858  1.45399E-15  SWARM-A  5.759  18.202
2022-03-13T21:36:00Z  426.199  20.207  124.833  1.45655E-15  SWARM-A  5.766  20.137
2022-03-13T21:36:30Z  426.306  22.149  124.810  1.45882E-15  SWARM-A  5.773  22.072
2022-03-13T21:37:00Z  426.447  24.090  124.790  1.46079E-15  SWARM-A  5.780  24.007
2022-03-13T21:37:30Z  426.620  26.031  124.773  1.46254E-15  SWARM-A  5.787  25.943
2022-03-13T21:38:00Z  426.824  27.971  124.760  1.46406E-15  SWARM-A  5.794  27.879
2022-03-13T21:38:30Z  427.056  29.911  124.751  1.46543E-15  SWARM-A  5.802  29.815
2022-03-13T21:39:00Z  427.314  31.850  124.746  1.46674E-15  SWARM-A  5.810  31.751
2022-03-13T21:39:30Z  427.597  33.788  124.747  1.46804E-15  SWARM-A  5.819  33.687
2022-03-13T21:40:00Z  427.902  35.726  124.754  1.46933E-15  SWARM-A  5.827  35.623
2022-03-13T21:40:30Z  428.226  37.663  124.767  1.46980E-15  SWARM-A  5.836  37.560
2022-03-13T21:41:00Z  428.568  39.598  124.787  1.46925E-15  SWARM-A  5.846  39.496
2022-03-13T21:41:30Z  428.924  41.533  124.816  1.46907E-15  SWARM-A  5.856  41.433
2022-03-13T21:42:00Z  429.293  43.467  124.854  1.46943E-15  SWARM-A  5.867  43.369
2022-03-13T21:42:30Z  429.672  45.400  124.903  1.47041E-15  SWARM-A  5.879  45.306
2022-03-13T21:43:00Z  430.058  47.333  124.964  1.47210E-15  SWARM-A  5.891  47.243
2022-03-13T21:43:30Z  430.449  49.264  125.040  1.47445E-15  SWARM-A  5.905  49.180
2022-03-13T21:44:00Z  430.842  51.193  125.131  1.47754E-15  SWARM-A  5.919  51.117
2022-03-13T21:44:30Z  431.235  53.122  125.242  1.48096E-15  SWARM-A  5.935  53.054
2022-03-13T21:45:00Z  431.625  55.050  125.375  1.48443E-15  SWARM-A  5.952  54.992
2022-03-13T21:45:30Z  432.010  56.976  125.533  1.48824E-15  SWARM-A  5.971  56.929
2022-03-13T21:46:00Z  432.388  58.901  125.723  1.49279E-15  SWARM-A  5.992  58.867
2022-03-13T21:46:30Z  432.756  60.824  125.949  1.49893E-15  SWARM-A  6.015  60.804
2022-03-13T21:47:00Z  433.112  62.746  126.221  1.50767E-15  SWARM-A  6.042  62.742
2022-03-13T21:47:30Z  433.453  64.666  126.547  1.51898E-15  SWARM-A  6.072  64.679
2022-03-13T21:48:00Z  433.779  66.584  126.943  1.53365E-15  SWARM-A  6.107  66.617
2022-03-13T21:48:30Z  434.087  68.499  127.425  1.54998E-15  SWARM-A  6.147  68.555
2022-03-13T21:49:00Z  434.375  70.411  128.020  1.56719E-15  SWARM-A  6.195  70.492
2022-03-13T21:49:30Z  434.641  72.319  128.764  1.58440E-15  SWARM-A  6.253  72.430
2022-03-13T21:50:00Z  434.884  74.222  129.710  1.60065E-15  SWARM-A  6.324  74.368
2022-03-13T21:50:30Z  435.103  76.118  130.940  1.61353E-15  SWARM-A  6.415  76.306
2022-03-13T21:51:00Z  435.296  78.003  132.588  1.62592E-15  SWARM-A  6.533  78.244
2022-03-13T21:51:30Z  435.462  79.874  134.883  1.63845E-15  SWARM-A  6.694  80.182
2022-03-13T21:52:00Z  435.600  81.718  138.251  1.65190E-15  SWARM-A  6.927  82.120
2022-03-13T21:52:30Z  435.710  83.515  143.568  1.66710E-15  SWARM-A  7.290  84.058
2022-03-13T21:53:00Z  435.790  85.211  152.859  1.68486E-15  SWARM-A  7.918  85.996
2022-03-13T21:53:30Z  435.841  86.648  171.157  1.70795E-15  SWARM-A  9.146  87.934
2022-03-13T21:54:00Z  435.861  87.365  -153.950  1.73433E-15  SWARM-A  11.480  89.872
2022-03-13T21:54:30Z  435.852  86.827  -116.766  1.76250E-15  SWARM-A  13.968  91.810
2022-03-13T21:55:00Z  435.812  85.461  -96.272  1.79354E-15  SWARM-A  15.342  93.748
2022-03-13T21:55:30Z  435.743  83.791  -86.015  1.82773E-15  SWARM-A  16.034  95.686
2022-03-13T21:56:00Z  435.644  82.005  -80.253  1.86439E-15  SWARM-A  16.427  97.624
2022-03-13T21:56:30Z  435.516  80.166  -76.654  1.90171E-15  SWARM-A  16.675  99.562
2022-03-13T21:57:00Z  435.361  78.299  -74.226  1.93786E-15  SWARM-A  16.845  101.500
2022-03-13T21:57:30Z  435.178  76.415  -72.495  1.97387E-15  SWARM-A  16.969  103.438
2022-03-13T21:58:00Z  434.969  74.520  -71.209  2.00895E-15  SWARM-A  17.063  105.376
2022-03-13T21:58:30Z  434.735  72.619  -70.225  2.04264E-15  SWARM-A  17.137  107.313
2022-03-13T21:59:00Z  434.478  70.711  -69.454  2.07439E-15  SWARM-A  17.197  109.251
2022-03-13T21:59:30Z  434.199  68.800  -68.838  2.10427E-15  SWARM-A  17.246  111.189
2022-03-13T22:00:00Z  433.900  66.885  -68.340  2.13245E-15  SWARM-A  17.288  113.127
2022-03-13T22:00:30Z  433.582  64.968  -67.932  2.15857E-15  SWARM-A  17.323  115.064
2022-03-13T22:01:00Z  433.248  63.048  -67.596  2.18397E-15  SWARM-A  17.354  117.002
2022-03-13T22:01:30Z  432.899  61.127  -67.316  2.20964E-15  SWARM-A  17.381  118.939
2022-03-13T22:02:00Z  432.538  59.204  -67.083  2.23613E-15  SWARM-A  17.405  120.877
2022-03-13T22:02:30Z  432.167  57.279  -66.888  2.26412E-15  SWARM-A  17.426  122.814
2022-03-13T22:03:00Z  431.788  55.353  -66.725  2.29372E-15  SWARM-A  17.445  124.752
2022-03-13T22:03:30Z  431.404  53.426  -66.588  2.32469E-15  SWARM-A  17.463  126.689
2022-03-13T22:04:00Z  431.017  51.498  -66.475  2.35627E-15  SWARM-A  17.479  128.626
2022-03-13T22:04:30Z  430.629  49.568  -66.380  2.38730E-15  SWARM-A  17.493  130.563
2022-03-13T22:05:00Z  430.242  47.637  -66.302  2.41652E-15  SWARM-A  17.507  132.500
2022-03-13T22:05:30Z  429.861  45.705  -66.239  2.44296E-15  SWARM-A  17.520  134.437
2022-03-13T22:06:00Z  429.486  43.773  -66.188  2.46624E-15  SWARM-A  17.531  136.374
2022-03-13T22:06:30Z  429.120  41.839  -66.148  2.48693E-15  SWARM-A  17.542  138.310
2022-03-13T22:07:00Z  428.767  39.904  -66.118  2.50618E-15  SWARM-A  17.553  140.247
2022-03-13T22:07:30Z  428.428  37.968  -66.096  2.52521E-15  SWARM-A  17.562  142.183
2022-03-13T22:08:00Z  428.106  36.032  -66.082  2.54458E-15  SWARM-A  17.572  144.120
2022-03-13T22:08:30Z  427.803  34.095  -66.074  2.56385E-15  SWARM-A  17.581  146.056
2022-03-13T22:09:00Z  427.522  32.157  -66.073  2.58227E-15  SWARM-A  17.589  147.992
2022-03-13T22:09:30Z  427.265  30.218  -66.076  2.59905E-15  SWARM-A  17.597  149.928
2022-03-13T22:10:00Z  427.034  28.278  -66.085  2.61374E-15  SWARM-A  17.605  151.864
2022-03-13T22:10:30Z  426.831  26.338  -66.097  2.62622E-15  SWARM-A  17.612  153.799
2022-03-13T22:11:00Z  426.658  24.398  -66.113  2.63656E-15  SWARM-A  17.620  155.735
2022-03-13T22:11:30Z  426.518  22.456  -66.133  2.64486E-15  SWARM-A  17.627  157.670
2022-03-13T22:12:00Z  426.410  20.514  -66.155  2.65131E-15  SWARM-A  17.633  159.605
2022-03-13T22:12:30Z  426.339  18.572  -66.180  2.65611E-15  SWARM-A  17.640  161.540
2022-03-13T22:13:00Z  426.304  16.630  -66.207  2.65948E-15  SWARM-A  17.647  163.475
2022-03-13T22:13:30Z  426.306  14.687  -66.236  2.66161E-15  SWARM-A  17.653  165.410
2022-03-13T22:14:00Z  426.348  12.744  -66.267  2.66260E-15  SWARM-A  17.659  167.344
2022-03-13T22:14:30Z  426.430  10.800  -66.299  2.66266E-15  SWARM-A  17.666  169.279
2022-03-13T22:15:00Z  426.552  8.857  -66.333  2.66188E-15  SWARM-A  17.672  171.213
2022-03-13T22:15:30Z  426.715  6.913  -66.367  2.66032E-15  SWARM-A  17.678  173.147
2022-03-13T22:16:00Z  426.920  4.969  -66.403  2.65813E-15  SWARM-A  17.684  175.081
2022-03-13T22:16:30Z  427.166  3.026  -66.438  2.65529E-15  SWARM-A  17.690  177.015
2022-03-13T22:17:00Z  427.454  1.082  -66.474  2.65190E-15  SWARM-A  17.696  178.948
2022-03-13T22:17:30Z  427.783  -0.861  -66.510  2.64797E-15  SWARM-A  17.701  180.881
2022-03-13T22:18:00Z  428.153  -2.805  -66.546  2.64345E-15  SWARM-A  17.707  182.814
2022-03-13T22:18:30Z  428.564  -4.748  -66.582  2.63833E-15  SWARM-A  17.713  184.747
2022-03-13T22:19:00Z  429.015  -6.690  -66.617  2.63251E-15  SWARM-A  17.719  186.680
2022-03-13T22:19:30Z  429.504  -8.632  -66.652  2.62588E-15  SWARM-A  17.725  188.613
2022-03-13T22:20:00Z  430.031  -10.574  -66.686  2.61838E-15  SWARM-A  17.731  190.545
2022-03-13T22:20:30Z  430.594  -12.515  -66.718  2.60987E-15  SWARM-A  17.738  192.477
2022-03-13T22:21:00Z  431.191  -14.456  -66.749  2.60030E-15  SWARM-A  17.744  194.409
2022-03-13T22:21:30Z  431.822  -16.396  -66.779  2.58949E-15  SWARM-A  17.750  196.341
2022-03-13T22:22:00Z  432.484  -18.335  -66.807  2.57735E-15  SWARM-A  17.757  198.272
2022-03-13T22:22:30Z  433.176  -20.274  -66.832  2.56377E-15  SWARM-A  17.763  200.204
2022-03-13T22:23:00Z  433.894  -22.212  -66.855  2.54884E-15  SWARM-A  17.770  202.135
2022-03-13T22:23:30Z  434.637  -24.149  -66.875  2.53248E-15  SWARM-A  17.777  204.066
2022-03-13T22:24:00Z  435.403  -26.085  -66.892  2.51477E-15  SWARM-A  17.784  205.997
2022-03-13T22:24:30Z  436.189  -28.020  -66.905  2.49570E-15  SWARM-A  17.792  207.927
2022-03-13T22:25:00Z  436.992  -29.954  -66.914  2.47539E-15  SWARM-A  17.800  209.858
2022-03-13T22:25:30Z  437.810  -31.887  -66.919  2.45399E-15  SWARM-A  17.808  211.788
2022-03-13T22:26:00Z  438.640  -33.819  -66.919  2.43163E-15  SWARM-A  17.816  213.718
2022-03-13T22:26:30Z  439.480  -35.750  -66.913  2.40805E-15  SWARM-A  17.825  215.648
2022-03-13T22:27:00Z  440.325  -37.680  -66.900  2.38311E-15  SWARM-A  17.834  217.577
2022-03-13T22:27:30Z  441.174  -39.609  -66.880  2.35769E-15  SWARM-A  17.844  219.507
2022-03-13T22:28:00Z  442.023  -41.537  -66.852  2.33196E-15  SWARM-A  17.854  221.436
2022-03-13T22:28:30Z  442.870  -43.463  -66.814  2.30616E-15  SWARM-A  17.865  223.365
2022-03-13T22:29:00Z  443.711  -45.388  -66.766  2.28036E-15  SWARM-A  17.876  225.294
2022-03-13T22:29:30Z  444.543  -47.312  -66.705  2.25476E-15  SWARM-A  17.889  227.223
2022-03-13T22:30:00Z  445.363  -49.235  -66.631  2.22954E-15  SWARM-A  17.902  229.152
2022-03-13T22:30:30Z  446.169  -51.156  -66.541  2.20292E-15  SWARM-A  17.916  231.080
2022-03-13T22:31:00Z  446.957  -53.076  -66.432  2.17518E-15  SWARM-A  17.932  233.009
2022-03-13T22:31:30Z  447.725  -54.995  -66.301  2.14779E-15  SWARM-A  17.949  234.937
2022-03-13T22:32:00Z  448.469  -56.912  -66.144  2.12029E-15  SWARM-A  17.968  236.865
2022-03-13T22:32:30Z  449.187  -58.828  -65.957  2.09205E-15  SWARM-A  17.988  238.793
2022-03-13T22:33:00Z  449.877  -60.741  -65.734  2.06193E-15  SWARM-A  18.012  240.721
2022-03-13T22:33:30Z  450.535  -62.653  -65.467  2.02897E-15  SWARM-A  18.038  242.649
2022-03-13T22:34:00Z  451.159  -64.564  -65.146  1.99486E-15  SWARM-A  18.068  244.576
2022-03-13T22:34:30Z  451.747  -66.471  -64.757  1.95934E-15  SWARM-A  18.102  246.504
2022-03-13T22:35:00Z  452.297  -68.376  -64.284  1.92390E-15  SWARM-A  18.142  248.431
2022-03-13T22:35:30Z  452.806  -70.278  -63.701  1.89119E-15  SWARM-A  18.189  250.359
2022-03-13T22:36:00Z  453.274  -72.176  -62.975  1.86286E-15  SWARM-A  18.246  252.286
2022-03-13T22:36:30Z  453.697  -74.069  -62.053  1.83905E-15  SWARM-A  18.315  254.213
2022-03-13T22:37:00Z  454.075  -75.956  -60.857  1.81827E-15  SWARM-A  18.403  256.140
2022-03-13T22:37:30Z  454.406  -77.832  -59.263  1.79744E-15  SWARM-A  18.518  258.067
2022-03-13T22:38:00Z  454.689  -79.693  -57.056  1.77743E-15  SWARM-A  18.673  259.995
2022-03-13T22:38:30Z  454.922  -81.531  -53.843  1.75718E-15  SWARM-A  18.896  261.922
2022-03-13T22:39:00Z  455.106  -83.324  -48.827  1.73585E-15  SWARM-A  19.239  263.849
2022-03-13T22:39:30Z  455.238  -85.026  -40.197  1.71309E-15  SWARM-A  19.822  265.775
2022-03-13T22:40:00Z  455.320  -86.501  -23.470  1.68937E-15  SWARM-A  20.946  267.702
2022-03-13T22:40:30Z  455.350  -87.340  9.190  1.66430E-15  SWARM-A  23.132  269.629
2022-03-13T22:41:00Z  455.328  -86.960  47.620  1.63760E-15  SWARM-A  1.702  271.556
2022-03-13T22:41:30Z  455.254  -85.672  70.036  1.60931E-15  SWARM-A  3.205  273.483
2022-03-13T22:42:00Z  455.129  -84.037  81.197  1.58162E-15  SWARM-A  3.957  275.410
2022-03-13T22:42:30Z  454.953  -82.273  87.378  1.55542E-15  SWARM-A  4.377  277.337
2022-03-13T22:43:00Z  454.726  -80.450  91.197  1.53121E-15  SWARM-A  4.640  279.264
2022-03-13T22:43:30Z  454.450  -78.597  93.754  1.50928E-15  SWARM-A  4.819  281.191
2022-03-13T22:44:00Z  454.125  -76.726  95.566  1.48996E-15  SWARM-A  4.948  283.118
2022-03-13T22:44:30Z  453.752  -74.843  96.906  1.47288E-15  SWARM-A  5.046  285.046
2022-03-13T22:45:00Z  453.334  -72.953  97.929  1.45779E-15  SWARM-A  5.123  286.973
2022-03-13T22:45:30Z  452.871  -71.057  98.728  1.44426E-15  SWARM-A  5.184  288.900
2022-03-13T22:46:00Z  452.366  -69.156  99.365  1.43191E-15  SWARM-A  5.235  290.828
2022-03-13T22:46:30Z  451.819  -67.252  99.880  1.42024E-15  SWARM-A  5.278  292.755
2022-03-13T22:47:00Z  451.234  -65.345  100.300  1.40897E-15  SWARM-A  5.314  294.683
2022-03-13T22:47:30Z  450.612  -63.436  100.647  1.39793E-15  SWARM-A  5.345  296.610
2022-03-13T22:48:00Z  449.955  -61.525  100.935  1.38593E-15  SWARM-A  5.373  298.538
2022-03-13T22:48:30Z  449.266  -59.612  101.176  1.37398E-15  SWARM-A  5.397  300.466
2022-03-13T22:49:00Z  448.548  -57.697  101.376  1.36275E-15  SWARM-A  5.419  302.394
2022-03-13T22:49:30Z  447.803  -55.780  101.545  1.35259E-15  SWARM-A  5.439  304.322
2022-03-13T22:50:00Z  447.034  -53.862  101.686  1.34385E-15  SWARM-A  5.456  306.251
2022-03-13T22:50:30Z  446.243  -51.942  101.803  1.33676E-15  SWARM-A  5.472  308.179
2022-03-13T22:51:00Z  445.434  -50.021  101.901  1.33136E-15  SWARM-A  5.487  310.108
2022-03-13T22:51:30Z  444.609  -48.099  101.981  1.32732E-15  SWARM-A  5.501  312.037
2022-03-13T22:52:00Z  443.771  -46.175  102.047  1.32408E-15  SWARM-A  5.514  313.965
2022-03-13T22:52:30Z  442.924  -44.250  102.100  1.32084E-15  SWARM-A  5.526  315.894
2022-03-13T22:53:00Z  442.071  -42.324  102.142  1.31687E-15  SWARM-A  5.537  317.824
2022-03-13T22:53:30Z  441.214  -40.397  102.174  1.31266E-15  SWARM-A  5.547  319.753
2022-03-13T22:54:00Z  440.356  -38.469  102.197  1.30888E-15  SWARM-A  5.557  321.683
2022-03-13T22:54:30Z  439.501  -36.539  102.213  1.30614E-15  SWARM-A  5.566  323.613
2022-03-13T22:55:00Z  438.652  -34.608  102.222  1.30466E-15  SWARM-A  5.575  325.542
2022-03-13T22:55:30Z  437.811  -32.676  102.224  1.30421E-15  SWARM-A  5.584  327.473
2022-03-13T22:56:00Z  436.982  -30.743  102.222  1.30444E-15  SWARM-A  5.592  329.403
2022-03-13T22:56:30Z  436.167  -28.809  102.214  1.30471E-15  SWARM-A  5.600  331.333
2022-03-13T22:57:00Z  435.369  -26.874  102.202  1.30505E-15  SWARM-A  5.607  333.264
2022-03-13T22:57:30Z  434.591  -24.939  102.187  1.30550E-15  SWARM-A  5.615  335.195
2022-03-13T22:58:00Z  433.835  -23.002  102.168  1.30611E-15  SWARM-A  5.622  337.126
2022-03-13T22:58:30Z  433.103  -21.064  102.146  1.30693E-15  SWARM-A  5.629  339.057
2022-03-13T22:59:00Z  432.399  -19.126  102.122  1.30805E-15  SWARM-A  5.635  340.989
2022-03-13T22:59:30Z  431.724  -17.187  102.095  1.30958E-15  SWARM-A  5.642  342.921
2022-03-13T23:00:00Z  431.079  -15.247  102.066  1.31151E-15  SWARM-A  5.648  344.852
2022-03-13T23:00:30Z  430.468  -13.306  102.036  1.31393E-15  SWARM-A  5.655  346.784
2022-03-13T23:01:00Z  429.892  -11.365  102.004  1.31683E-15  SWARM-A  5.661  348.717
2022-03-13T23:01:30Z  429.351  -9.423  101.971  1.32030E-15  SWARM-A  5.667  350.649
2022-03-13T23:02:00Z  428.849  -7.481  101.936  1.32422E-15  SWARM-A  5.673  352.582
2022-03-13T23:02:30Z  428.385  -5.538  101.901  1.32879E-15  SWARM-A  5.679  354.515
2022-03-13T23:03:00Z  427.961  -3.595  101.866  1.33399E-15  SWARM-A  5.685  356.448
2022-03-13T23:03:30Z  427.577  -1.652  101.830  1.33972E-15  SWARM-A  5.691  358.381
2022-03-13T23:04:00Z  427.235  0.291  101.794  1.34608E-15  SWARM-A  5.697  0.314
2022-03-13T23:04:30Z  426.934  2.235  101.758  1.35301E-15  SWARM-A  5.703  2.248
2022-03-13T23:05:00Z  426.675  4.179  101.722  1.36047E-15  SWARM-A  5.709  4.182
2022-03-13T23:05:30Z  426.458  6.123  101.686  1.36840E-15  SWARM-A  5.715  6.116
2022-03-13T23:06:00Z  426.283  8.067  101.652  1.37677E-15  SWARM-A  5.721  8.050
2022-03-13T23:06:30Z  426.149  10.011  101.618  1.38559E-15  SWARM-A  5.727  9.984
2022-03-13T23:07:00Z  426.057  11.954  101.585  1.39481E-15  SWARM-A  5.733  11.919
2022-03-13T23:07:30Z  426.005  13.898  101.554  1.40439E-15  SWARM-A  5.739  13.853
2022-03-13T23:08:00Z  425.993  15.841  101.524  1.41428E-15  SWARM-A  5.746  15.788
2022-03-13T23:08:30Z  426.019  17.784  101.496  1.42446E-15  SWARM-A  5.752  17.723
2022-03-13T23:09:00Z  426.083  19.726  101.470  1.43492E-15  SWARM-A  5.759  19.658
2022-03-13T23:09:30Z  426.183  21.669  101.446  1.44563E-15  SWARM-A  5.765  21.594
2022-03-13T23:10:00Z  426.317  23.610  101.426  1.45669E-15  SWARM-A  5.772  23.529
2022-03-13T23:10:30Z  426.485  25.551  101.408  1.46802E-15  SWARM-A  5.780  25.465
2022-03-13T23:11:00Z  426.683  27.492  101.394  1.47966E-15  SWARM-A  5.787  27.400
2022-03-13T23:11:30Z  426.911  29.432  101.384  1.49154E-15  SWARM-A  5.795  29.336
2022-03-13T23:12:00Z  427.166  31.371  101.379  1.50379E-15  SWARM-A  5.803  31.272
2022-03-13T23:12:30Z  427.446  33.309  101.378  1.51539E-15  SWARM-A  5.811  33.208
2022-03-13T23:13:00Z  427.748  35.247  101.383  1.52635E-15  SWARM-A  5.820  35.145
2022-03-13T23:13:30Z  428.072  37.184  101.395  1.53741E-15  SWARM-A  5.829  37.081
2022-03-13T23:14:00Z  428.413  39.120  101.413  1.54859E-15  SWARM-A  5.838  39.018
2022-03-13T23:14:30Z  428.770  41.055  101.440  1.56005E-15  SWARM-A  5.848  40.954
2022-03-13T23:15:00Z  429.141  42.990  101.476  1.57184E-15  SWARM-A  5.859  42.891
2022-03-13T23:15:30Z  429.522  44.923  101.522  1.58393E-15  SWARM-A  5.870  44.828
2022-03-13T23:16:00Z  429.911  46.855  101.580  1.59631E-15  SWARM-A  5.883  46.765
2022-03-13T23:16:30Z  430.306  48.787  101.652  1.60887E-15  SWARM-A  5.896  48.702
2022-03-13T23:17:00Z  430.705  50.717  101.740  1.62159E-15  SWARM-A  5.910  50.639
2022-03-13T23:17:30Z  431.104  52.646  101.845  1.63389E-15  SWARM-A  5.925  52.576
2022-03-13T23:18:00Z  431.501  54.574  101.972  1.64505E-15  SWARM-A  5.942  54.513
2022-03-13T23:18:30Z  431.893  56.500  102.124  1.65561E-15  SWARM-A  5.961  56.451
2022-03-13T23:19:00Z  432.279  58.426  102.306  1.66620E-15  SWARM-A  5.981  58.388
2022-03-13T23:19:30Z  432.656  60.349  102.523  1.67793E-15  SWARM-A  6.004  60.326
2022-03-13T23:20:00Z  433.022  62.271  102.782  1.69214E-15  SWARM-A  6.030  62.263
2022-03-13T23:20:30Z  433.374  64.192  103.095  1.70902E-15  SWARM-A  6.059  64.201
2022-03-13T23:21:00Z  433.711  66.110  103.472  1.72841E-15  SWARM-A  6.092  66.138
2022-03-13T23:21:30Z  434.030  68.026  103.931  1.74954E-15  SWARM-A  6.131  68.076
2022-03-13T23:22:00Z  434.329  69.939  104.495  1.77056E-15  SWARM-A  6.177  70.014
2022-03-13T23:22:30Z  434.608  71.848  105.198  1.79098E-15  SWARM-A  6.232  71.952
2022-03-13T23:23:00Z  434.863  73.752  106.088  1.81003E-15  SWARM-A  6.300  73.890
2022-03-13T23:23:30Z  435.095  75.650  107.239  1.82751E-15  SWARM-A  6.385  75.827
2022-03-13T23:24:00Z  435.301  77.538  108.768  1.84262E-15  SWARM-A  6.495  77.765
2022-03-13T23:24:30Z  435.480  79.413  110.875  1.85564E-15  SWARM-A  6.644  79.703
2022-03-13T23:25:00Z  435.632  81.265  113.922  1.86906E-15  SWARM-A  6.855  81.641
2022-03-13T23:25:30Z  435.755  83.077  118.634  1.88378E-15  SWARM-A  7.178  83.579
2022-03-13T23:26:00Z  435.849  84.806  126.640  1.90079E-15  SWARM-A  7.720  85.517
2022-03-13T23:26:30Z  435.913  86.333  141.977  1.92096E-15  SWARM-A  8.751  87.455
2022-03-13T23:27:00Z  435.948  87.294  172.595  1.94440E-15  SWARM-A  10.800  89.393
2022-03-13T23:27:30Z  435.952  87.065  -147.851  1.97041E-15  SWARM-A  13.446  91.331
2022-03-13T23:28:00Z  435.926  85.839  -123.432  2.00081E-15  SWARM-A  15.082  93.269
2022-03-13T23:28:30Z  435.870  84.218  -111.369  2.03479E-15  SWARM-A  15.894  95.207
2022-03-13T23:29:00Z  435.784  82.452  -104.796  2.07167E-15  SWARM-A  16.341  97.145
2022-03-13T23:29:30Z  435.669  80.624  -100.785  2.11058E-15  SWARM-A  16.617  99.083
2022-03-13T23:30:00Z  435.526  78.762  -98.123  2.15048E-15  SWARM-A  16.803  101.020
2022-03-13T23:30:30Z  435.356  76.882  -96.248  2.19017E-15  SWARM-A  16.936  102.958
2022-03-13T23:31:00Z  435.159  74.990  -94.868  2.22858E-15  SWARM-A  17.036  104.896
2022-03-13T23:31:30Z  434.937  73.090  -93.818  2.26368E-15  SWARM-A  17.115  106.834
2022-03-13T23:32:00Z  434.691  71.184  -93.000  2.29378E-15  SWARM-A  17.177  108.772
2022-03-13T23:32:30Z  434.422  69.273  -92.350  2.32030E-15  SWARM-A  17.229  110.709
2022-03-13T23:33:00Z  434.133  67.359  -91.825  2.34298E-15  SWARM-A  17.272  112.647
2022-03-13T23:33:30Z  433.825  65.443  -91.397  2.36218E-15  SWARM-A  17.309  114.584
2022-03-13T23:34:00Z  433.500  63.524  -91.044  2.37871E-15  SWARM-A  17.341  116.522
2022-03-13T23:34:30Z  433.160  61.603  -90.752  2.39336E-15  SWARM-A  17.369  118.459
2022-03-13T23:35:00Z  432.807  59.681  -90.508  2.40740E-15  SWARM-A  17.394  120.397
2022-03-13T23:35:30Z  432.444  57.757  -90.304  2.42206E-15  SWARM-A  17.415  122.334
2022-03-13T23:36:00Z  432.072  55.831  -90.133  2.43855E-15  SWARM-A  17.435  124.271
2022-03-13T23:36:30Z  431.693  53.904  -89.991  2.45721E-15  SWARM-A  17.453  126.208
2022-03-13T23:37:00Z  431.311  51.976  -89.871  2.47770E-15  SWARM-A  17.469  128.146
2022-03-13T23:37:30Z  430.927  50.047  -89.772  2.50107E-15  SWARM-A  17.484  130.082
2022-03-13T23:38:00Z  430.545  48.116  -89.691  2.52664E-15  SWARM-A  17.498  132.019
2022-03-13T23:38:30Z  430.166  46.185  -89.624  2.55321E-15  SWARM-A  17.511  133.956
2022-03-13T23:39:00Z  429.793  44.252  -89.570  2.57918E-15  SWARM-A  17.523  135.893
2022-03-13T23:39:30Z  429.428  42.319  -89.527  2.60314E-15  SWARM-A  17.534  137.829
2022-03-13T23:40:00Z  429.075  40.385  -89.495  2.62427E-15  SWARM-A  17.544  139.766
2022-03-13T23:40:30Z  428.735  38.449  -89.471  2.64250E-15  SWARM-A  17.554  141.702
2022-03-13T23:41:00Z  428.412  36.513  -89.455  2.65816E-15  SWARM-A  17.564  143.638
2022-03-13T23:41:30Z  428.106  34.576  -89.446  2.67166E-15  SWARM-A  17.573  145.574
2022-03-13T23:42:00Z  427.822  32.639  -89.443  2.68313E-15  SWARM-A  17.581  147.510
2022-03-13T23:42:30Z  427.560  30.700  -89.445  2.69247E-15  SWARM-A  17.589  149.446
2022-03-13T23:43:00Z  427.324  28.761  -89.452  2.69979E-15  SWARM-A  17.597  151.382
2022-03-13T23:43:30Z  427.115  26.821  -89.464  2.70493E-15  SWARM-A  17.605  153.318
2022-03-13T23:44:00Z  426.935  24.881  -89.479  2.70803E-15  SWARM-A  17.612  155.253
2022-03-13T23:44:30Z  426.786  22.940  -89.498  2.70920E-15  SWARM-A  17.619  157.188
2022-03-13T23:45:00Z  426.670  20.998  -89.519  2.70859E-15  SWARM-A  17.626  159.123
2022-03-13T23:45:30Z  426.589  19.056  -89.544  2.70646E-15  SWARM-A  17.633  161.058
2022-03-13T23:46:00Z  426.543  17.114  -89.570  2.70307E-15  SWARM-A  17.639  162.993
2022-03-13T23:46:30Z  426.535  15.171  -89.599  2.69865E-15  SWARM-A  17.646  164.928
2022-03-13T23:47:00Z  426.564  13.228  -89.629  2.69344E-15  SWARM-A  17.652  166.862
2022-03-13T23:47:30Z  426.633  11.285  -89.661  2.68770E-15  SWARM-A  17.658  168.796
2022-03-13T23:48:00Z  426.742  9.341  -89.694  2.68162E-15  SWARM-A  17.664  170.731
2022-03-13T23:48:30Z  426.892  7.398  -89.729  2.67544E-15  SWARM-A  17.671  172.665
2022-03-13T23:49:00Z  427.082  5.454  -89.764  2.66928E-15  SWARM-A  17.677  174.598
2022-03-13T23:49:30Z  427.314  3.511  -89.799  2.66329E-15  SWARM-A  17.683  176.532
2022-03-13T23:50:00Z  427.588  1.567  -89.835  2.65750E-15  SWARM-A  17.688  178.465
2022-03-13T23:50:30Z  427.902  -0.376  -89.871  2.65209E-15  SWARM-A  17.694  180.399
2022-03-13T23:51:00Z  428.258  -2.319  -89.907  2.64702E-15  SWARM-A  17.700  182.332
2022-03-13T23:51:30Z  428.654  -4.262  -89.943  2.64217E-15  SWARM-A  17.706  184.264
2022-03-13T23:52:00Z  429.090  -6.205  -89.979  2.63752E-15  SWARM-A  17.712  186.197
2022-03-13T23:52:30Z  429.564  -8.147  -90.013  2.63292E-15  SWARM-A  17.718  188.130
2022-03-13T23:53:00Z  430.077  -10.089  -90.047  2.62823E-15  SWARM-A  17.724  190.062
2022-03-13T23:53:30Z  430.626  -12.030  -90.080  2.62328E-15  SWARM-A  17.730  191.994
2022-03-13T23:54:00Z  431.210  -13.971  -90.111  2.61785E-15  SWARM-A  17.737  193.926
2022-03-13T23:54:30Z  431.828  -15.911  -90.141  2.61182E-15  SWARM-A  17.743  195.858
2022-03-13T23:55:00Z  432.477  -17.850  -90.169  2.60502E-15  SWARM-A  17.750  197.789
2022-03-13T23:55:30Z  433.156  -19.789  -90.195  2.59654E-15  SWARM-A  17.756  199.720
2022-03-13T23:56:00Z  433.863  -21.726  -90.219  2.58701E-15  SWARM-A  17.763  201.651
2022-03-13T23:56:30Z  434.596  -23.664  -90.240  2.57624E-15  SWARM-A  17.770  203.582
2022-03-13T23:57:00Z  435.351  -25.600  -90.257  2.56423E-15  SWARM-A  17.777  205.513
2022-03-13T23:57:30Z  436.127  -27.535  -90.272  2.55087E-15  SWARM-A  17.784  207.444
2022-03-13T23:58:00Z  436.922  -29.469  -90.282  2.53625E-15  SWARM-A  17.792  209.374
2022-03-13T23:58:30Z  437.731  -31.403  -90.288  2.52034E-15  SWARM-A  17.800  211.304
2022-03-13T23:59:00Z  438.554  -33.335  -90.288  2.50318E-15  SWARM-A  17.808  213.234
2022-03-13T23:59:30Z  439.386  -35.266  -90.284  2.48523E-15  SWARM-A  17.817  215.164
2022-03-14T00:00:00Z  440.226  -37.196  -90.273  2.44641E-15  SWARM-A  17.826  217.094
2022-03-14T00:00:30Z  441.069  -39.125  -90.255  2.40592E-15  SWARM-A  17.836  219.023
2022-03-14T00:01:00Z  441.914  -41.053  -90.228  2.38397E-15  SWARM-A  17.846  220.953
2022-03-14T00:01:30Z  442.757  -42.980  -90.193  2.36174E-15  SWARM-A  17.856  222.882
2022-03-14T00:02:00Z  443.594  -44.905  -90.148  2.33942E-15  SWARM-A  17.868  224.811
2022-03-14T00:02:30Z  444.424  -46.830  -90.090  2.31726E-15  SWARM-A  17.880  226.739
2022-03-14T00:03:00Z  445.242  -48.753  -90.020  2.29434E-15  SWARM-A  17.893  228.668
2022-03-14T00:03:30Z  446.047  -50.674  -89.933  2.27080E-15  SWARM-A  17.907  230.597
2022-03-14T00:04:00Z  446.835  -52.595  -89.829  2.24720E-15  SWARM-A  17.922  232.525
2022-03-14T00:04:30Z  447.602  -54.514  -89.704  2.22285E-15  SWARM-A  17.939  234.453
2022-03-14T00:05:00Z  448.348  -56.431  -89.554  2.19646E-15  SWARM-A  17.957  236.381
2022-03-14T00:05:30Z  449.068  -58.347  -89.375  2.16631E-15  SWARM-A  17.977  238.309
2022-03-14T00:06:00Z  449.759  -60.261  -89.162  2.13078E-15  SWARM-A  18.000  240.237
2022-03-14T00:06:30Z  450.420  -62.174  -88.906  2.08945E-15  SWARM-A  18.025  242.165
2022-03-14T00:07:00Z  451.049  -64.084  -88.599  2.04422E-15  SWARM-A  18.054  244.093
2022-03-14T00:07:30Z  451.641  -65.992  -88.229  1.99903E-15  SWARM-A  18.087  246.020
2022-03-14T00:08:00Z  452.196  -67.898  -87.779  1.95799E-15  SWARM-A  18.126  247.948
2022-03-14T00:08:30Z  452.711  -69.801  -87.226  1.92380E-15  SWARM-A  18.171  249.875
2022-03-14T00:09:00Z  453.185  -71.700  -86.539  1.89701E-15  SWARM-A  18.225  251.802
2022-03-14T00:09:30Z  453.615  -73.594  -85.671  1.87617E-15  SWARM-A  18.291  253.729
2022-03-14T00:10:00Z  454.000  -75.482  -84.553  1.85971E-15  SWARM-A  18.374  255.657
2022-03-14T00:10:30Z  454.338  -77.362  -83.074  1.84619E-15  SWARM-A  18.481  257.584
2022-03-14T00:11:00Z  454.629  -79.228  -81.047  1.83290E-15  SWARM-A  18.624  259.511
2022-03-14T00:11:30Z  454.870  -81.072  -78.138  1.81866E-15  SWARM-A  18.827  261.438
2022-03-14T00:12:00Z  455.062  -82.879  -73.686  1.80275E-15  SWARM-A  19.132  263.365
2022-03-14T00:12:30Z  455.203  -84.611  -66.234  1.78490E-15  SWARM-A  19.637  265.292
2022-03-14T00:13:00Z  455.293  -86.166  -52.210  1.76557E-15  SWARM-A  20.580  267.219
2022-03-14T00:13:30Z  455.331  -87.226  -24.019  1.74569E-15  SWARM-A  22.468  269.146
2022-03-14T00:14:00Z  455.318  -87.169  15.808  1.72454E-15  SWARM-A  1.131  271.073
2022-03-14T00:14:30Z  455.253  -86.042  42.439  1.70193E-15  SWARM-A  2.915  273.000
2022-03-14T00:15:00Z  455.137  -84.464  55.641  1.67951E-15  SWARM-A  3.804  274.926
2022-03-14T00:15:30Z  454.969  -82.723  62.732  1.65823E-15  SWARM-A  4.285  276.854
2022-03-14T00:16:00Z  454.751  -80.911  67.007  1.63855E-15  SWARM-A  4.578  278.781
2022-03-14T00:16:30Z  454.483  -79.064  69.819  1.62058E-15  SWARM-A  4.774  280.708
2022-03-14T00:17:00Z  454.166  -77.197  71.787  1.60434E-15  SWARM-A  4.913  282.635
2022-03-14T00:17:30Z  453.802  -75.317  73.229  1.58885E-15  SWARM-A  5.018  284.562
2022-03-14T00:18:00Z  453.391  -73.428  74.321  1.57463E-15  SWARM-A  5.099  286.489
2022-03-14T00:18:30Z  452.935  -71.533  75.170  1.56176E-15  SWARM-A  5.164  288.417
2022-03-14T00:19:00Z  452.436  -69.633  75.844  1.55001E-15  SWARM-A  5.217  290.344
2022-03-14T00:19:30Z  451.896  -67.730  76.386  1.53922E-15  SWARM-A  5.262  292.272
2022-03-14T00:20:00Z  451.316  -65.824  76.829  1.52916E-15  SWARM-A  5.299  294.199
2022-03-14T00:20:30Z  450.699  -63.915  77.193  1.51981E-15  SWARM-A  5.332  296.127
2022-03-14T00:21:00Z  450.047  -62.004  77.495  1.51115E-15  SWARM-A  5.361  298.055
2022-03-14T00:21:30Z  449.363  -60.091  77.746  1.50320E-15  SWARM-A  5.386  299.983
2022-03-14T00:22:00Z  448.648  -58.177  77.957  1.49606E-15  SWARM-A  5.408  301.911
2022-03-14T00:22:30Z  447.906  -56.261  78.133  1.48976E-15  SWARM-A  5.428  303.839
2022-03-14T00:23:00Z  447.139  -54.343  78.280  1.48427E-15  SWARM-A  5.446  305.767
2022-03-14T00:23:30Z  446.350  -52.423  78.404  1.47934E-15  SWARM-A  5.463  307.696
2022-03-14T00:24:00Z  445.541  -50.503  78.506  1.47486E-15  SWARM-A  5.478  309.624
2022-03-14T00:24:30Z  444.717  -48.581  78.591  1.47063E-15  SWARM-A  5.492  311.553
2022-03-14T00:25:00Z  443.879  -46.657  78.660  1.46619E-15  SWARM-A  5.505  313.482
2022-03-14T00:25:30Z  443.031  -44.733  78.717  1.46134E-15  SWARM-A  5.517  315.411
2022-03-14T00:26:00Z  442.175  -42.807  78.761  1.45552E-15  SWARM-A  5.528  317.341
2022-03-14T00:26:30Z  441.315  -40.880  78.796  1.45024E-15  SWARM-A  5.539  319.270
2022-03-14T00:27:00Z  440.454  -38.952  78.821  1.44615E-15  SWARM-A  5.549  321.200
2022-03-14T00:27:30Z  439.595  -37.022  78.838  1.44377E-15  SWARM-A  5.558  323.129
2022-03-14T00:28:00Z  438.741  -35.092  78.849  1.44316E-15  SWARM-A  5.568  325.059
2022-03-14T00:28:30Z  437.895  -33.160  78.853  1.44398E-15  SWARM-A  5.576  326.990
2022-03-14T00:29:00Z  437.059  -31.227  78.852  1.44583E-15  SWARM-A  5.584  328.920
2022-03-14T00:29:30Z  436.237  -29.293  78.846  1.44810E-15  SWARM-A  5.592  330.850
2022-03-14T00:30:00Z  435.431  -27.359  78.835  1.45062E-15  SWARM-A  5.600  332.781
2022-03-14T00:30:30Z  434.645  -25.423  78.820  1.45349E-15  SWARM-A  5.607  334.712
2022-03-14T00:31:00Z  433.880  -23.486  78.802  1.45666E-15  SWARM-A  5.614  336.643
2022-03-14T00:31:30Z  433.139  -21.549  78.781  1.46013E-15  SWARM-A  5.621  338.575
2022-03-14T00:32:00Z  432.424  -19.610  78.758  1.46393E-15  SWARM-A  5.628  340.506
2022-03-14T00:32:30Z  431.739  -17.671  78.731  1.46803E-15  SWARM-A  5.635  342.438
2022-03-14T00:33:00Z  431.084  -15.731  78.703  1.47239E-15  SWARM-A  5.641  344.370
2022-03-14T00:33:30Z  430.462  -13.791  78.673  1.47700E-15  SWARM-A  5.647  346.302
2022-03-14T00:34:00Z  429.874  -11.850  78.642  1.48180E-15  SWARM-A  5.654  348.234
2022-03-14T00:34:30Z  429.323  -9.908  78.609  1.48677E-15  SWARM-A  5.660  350.167
2022-03-14T00:35:00Z  428.809  -7.966  78.575  1.49183E-15  SWARM-A  5.666  352.099
2022-03-14T00:35:30Z  428.334  -6.023  78.540  1.49683E-15  SWARM-A  5.672  354.032
2022-03-14T00:36:00Z  427.899  -4.080  78.505  1.50186E-15  SWARM-A  5.678  355.965
2022-03-14T00:36:30Z  427.505  -2.137  78.469  1.50690E-15  SWARM-A  5.684  357.898
2022-03-14T00:37:00Z  427.153  -0.194  78.433  1.51190E-15  SWARM-A  5.690  359.832
2022-03-14T00:37:30Z  426.843  1.750  78.397  1.51679E-15  SWARM-A  5.696  1.765
2022-03-14T00:38:00Z  426.575  3.694  78.361  1.52150E-15  SWARM-A  5.702  3.699
2022-03-14T00:38:30Z  426.349  5.638  78.325  1.52600E-15  SWARM-A  5.708  5.633
2022-03-14T00:39:00Z  426.166  7.582  78.290  1.53018E-15  SWARM-A  5.714  7.567
2022-03-14T00:39:30Z  426.026  9.526  78.256  1.53405E-15  SWARM-A  5.720  9.502
2022-03-14T00:40:00Z  425.927  11.470  78.223  1.53753E-15  SWARM-A  5.726  11.436
2022-03-14T00:40:30Z  425.869  13.413  78.191  1.54057E-15  SWARM-A  5.732  13.371
2022-03-14T00:41:00Z  425.851  15.357  78.161  1.54314E-15  SWARM-A  5.738  15.306
2022-03-14T00:41:30Z  425.872  17.300  78.133  1.54523E-15  SWARM-A  5.745  17.241
2022-03-14T00:42:00Z  425.931  19.242  78.106  1.54676E-15  SWARM-A  5.751  19.176
2022-03-14T00:42:30Z  426.027  21.185  78.082  1.54776E-15  SWARM-A  5.758  21.111
2022-03-14T00:43:00Z  426.158  23.126  78.061  1.54824E-15  SWARM-A  5.765  23.047
2022-03-14T00:43:30Z  426.323  25.068  78.043  1.54827E-15  SWARM-A  5.772  24.982
2022-03-14T00:44:00Z  426.519  27.009  78.028  1.54786E-15  SWARM-A  5.779  26.918
2022-03-14T00:44:30Z  426.745  28.949  78.017  1.54709E-15  SWARM-A  5.787  28.854
2022-03-14T00:45:00Z  426.999  30.888  78.010  1.54606E-15  SWARM-A  5.795  30.790
2022-03-14T00:45:30Z  427.278  32.827  78.008  1.54473E-15  SWARM-A  5.803  32.726
2022-03-14T00:46:00Z  427.581  34.765  78.012  1.54325E-15  SWARM-A  5.812  34.663
2022-03-14T00:46:30Z  427.905  36.702  78.022  1.54150E-15  SWARM-A  5.821  36.599
2022-03-14T00:47:00Z  428.247  38.638  78.038  1.53992E-15  SWARM-A  5.830  38.536
2022-03-14T00:47:30Z  428.606  40.574  78.063  1.53858E-15  SWARM-A  5.840  40.472
2022-03-14T00:48:00Z  428.979  42.508  78.096  1.53766E-15  SWARM-A  5.851  42.409
2022-03-14T00:48:30Z  429.364  44.442  78.140  1.53725E-15  SWARM-A  5.862  44.346
2022-03-14T00:49:00Z  429.757  46.375  78.195  1.53740E-15  SWARM-A  5.874  46.283
2022-03-14T00:49:30Z  430.156  48.306  78.263  1.53809E-15  SWARM-A  5.887  48.220
2022-03-14T00:50:00Z  430.560  50.237  78.347  1.53914E-15  SWARM-A  5.901  50.157
2022-03-14T00:50:30Z  430.964  52.166  78.447  1.53995E-15  SWARM-A  5.916  52.094
2022-03-14T00:51:00Z  431.368  54.094  78.569  1.54060E-15  SWARM-A  5.932  54.031
2022-03-14T00:51:30Z  431.767  56.021  78.714  1.54129E-15  SWARM-A  5.950  55.969
2022-03-14T00:52:00Z  432.161  57.947  78.888  1.54257E-15  SWARM-A  5.970  57.906
2022-03-14T00:52:30Z  432.546  59.871  79.095  1.54548E-15  SWARM-A  5.992  59.844
2022-03-14T00:53:00Z  432.920  61.793  79.344  1.55124E-15  SWARM-A  6.017  61.781
2022-03-14T00:53:30Z  433.281  63.714  79.642  1.56067E-15  SWARM-A  6.045  63.719
2022-03-14T00:54:00Z  433.628  65.633  80.001  1.57363E-15  SWARM-A  6.078  65.656
2022-03-14T00:54:30Z  433.957  67.549  80.438  1.58834E-15  SWARM-A  6.115  67.594
2022-03-14T00:55:00Z  434.267  69.463  80.974  1.60411E-15  SWARM-A  6.159  69.532
2022-03-14T00:55:30Z  434.556  71.373  81.638  1.61981E-15  SWARM-A  6.212  71.470
2022-03-14T00:56:00Z  434.823  73.279  82.476  1.63444E-15  SWARM-A  6.276  73.407
2022-03-14T00:56:30Z  435.067  75.178  83.553  1.64773E-15  SWARM-A  6.356  75.345
2022-03-14T00:57:00Z  435.285  77.070  84.973  1.65993E-15  SWARM-A  6.459  77.283
2022-03-14T00:57:30Z  435.476  78.948  86.911  1.67167E-15  SWARM-A  6.597  79.221
2022-03-14T00:58:00Z  435.640  80.807  89.675  1.68376E-15  SWARM-A  6.789  81.159
2022-03-14T00:58:30Z  435.776  82.632  93.870  1.69703E-15  SWARM-A  7.077  83.097
2022-03-14T00:59:00Z  435.882  84.388  100.813  1.71240E-15  SWARM-A  7.549  85.035
2022-03-14T00:59:30Z  435.959  85.985  113.714  1.73060E-15  SWARM-A  8.417  86.973
2022-03-14T01:00:00Z  436.006  87.145  139.853  1.75215E-15  SWARM-A  10.168  88.911
2022-03-14T01:00:30Z  436.023  87.244  179.835  1.77591E-15  SWARM-A  12.842  90.849
2022-03-14T01:01:00Z  436.009  86.198  -151.348  1.80162E-15  SWARM-A  14.771  92.786
2022-03-14T01:01:30Z  435.965  84.640  -137.046  1.83039E-15  SWARM-A  15.733  94.724
2022-03-14T01:02:00Z  435.892  82.900  -129.489  1.86156E-15  SWARM-A  16.245  96.662
2022-03-14T01:02:30Z  435.789  81.083  -124.994  1.89421E-15  SWARM-A  16.553  98.600
2022-03-14T01:03:00Z  435.657  79.228  -122.065  1.92718E-15  SWARM-A  16.757  100.538
2022-03-14T01:03:30Z  435.498  77.352  -120.029  1.95937E-15  SWARM-A  16.901  102.476
2022-03-14T01:04:00Z  435.312  75.462  -118.544  1.98959E-15  SWARM-A  17.008  104.413
2022-03-14T01:04:30Z  435.100  73.564  -117.424  2.01677E-15  SWARM-A  17.091  106.351
2022-03-14T01:05:00Z  434.864  71.659  -116.555  2.04081E-15  SWARM-A  17.157  108.289
2022-03-14T01:05:30Z  434.605  69.750  -115.868  2.06178E-15  SWARM-A  17.212  110.226
2022-03-14T01:06:00Z  434.325  67.837  -115.315  2.08005E-15  SWARM-A  17.257  112.164
2022-03-14T01:06:30Z  434.025  65.921  -114.865  2.09663E-15  SWARM-A  17.295  114.102
2022-03-14T01:07:00Z  433.708  64.003  -114.495  2.11288E-15  SWARM-A  17.328  116.039
2022-03-14T01:07:30Z  433.374  62.082  -114.189  2.13033E-15  SWARM-A  17.357  117.976
2022-03-14T01:08:00Z  433.027  60.160  -113.934  2.15033E-15  SWARM-A  17.382  119.914
2022-03-14T01:08:30Z  432.668  58.237  -113.721  2.17415E-15  SWARM-A  17.405  121.851
2022-03-14T01:09:00Z  432.300  56.311  -113.542  2.20341E-15  SWARM-A  17.425  123.788
2022-03-14T01:09:30Z  431.925  54.385  -113.393  2.23845E-15  SWARM-A  17.443  125.725
2022-03-14T01:10:00Z  431.545  52.457  -113.268  2.27876E-15  SWARM-A  17.460  127.662
2022-03-14T01:10:30Z  431.163  50.528  -113.165  2.32273E-15  SWARM-A  17.475  129.599
2022-03-14T01:11:00Z  430.781  48.598  -113.079  2.36785E-15  SWARM-A  17.489  131.536
2022-03-14T01:11:30Z  430.402  46.667  -113.008  2.41131E-15  SWARM-A  17.502  133.473
2022-03-14T01:12:00Z  430.027  44.735  -112.952  2.45115E-15  SWARM-A  17.514  135.409
2022-03-14T01:12:30Z  429.661  42.802  -112.906  2.48675E-15  SWARM-A  17.526  137.346
2022-03-14T01:13:00Z  429.304  40.868  -112.872  2.51876E-15  SWARM-A  17.536  139.282
2022-03-14T01:13:30Z  428.961  38.933  -112.846  2.54824E-15  SWARM-A  17.546  141.219
2022-03-14T01:14:00Z  428.632  36.997  -112.828  2.57602E-15  SWARM-A  17.556  143.155
2022-03-14T01:14:30Z  428.321  35.060  -112.817  2.60241E-15  SWARM-A  17.565  145.091
2022-03-14T01:15:00Z  428.030  33.123  -112.813  2.62747E-15  SWARM-A  17.574  147.027
2022-03-14T01:15:30Z  427.761  31.185  -112.814  2.65102E-15  SWARM-A  17.582  148.962
2022-03-14T01:16:00Z  427.517  29.246  -112.820  2.67288E-15  SWARM-A  17.590  150.898
2022-03-14T01:16:30Z  427.299  27.306  -112.830  2.69293E-15  SWARM-A  17.597  152.834
2022-03-14T01:17:00Z  427.110  25.366  -112.845  2.71109E-15  SWARM-A  17.605  154.769
2022-03-14T01:17:30Z  426.952  23.425  -112.862  2.72735E-15  SWARM-A  17.612  156.704
2022-03-14T01:18:00Z  426.826  21.484  -112.883  2.74166E-15  SWARM-A  17.619  158.639
2022-03-14T01:18:30Z  426.734  19.542  -112.907  2.75415E-15  SWARM-A  17.626  160.574
2022-03-14T01:19:00Z  426.677  17.600  -112.933  2.76482E-15  SWARM-A  17.632  162.509
2022-03-14T01:19:30Z  426.657  15.657  -112.961  2.77390E-15  SWARM-A  17.639  164.443
2022-03-14T01:20:00Z  426.675  13.715  -112.991  2.78150E-15  SWARM-A  17.645  166.378
2022-03-14T01:20:30Z  426.732  11.771  -113.023  2.78775E-15  SWARM-A  17.651  168.312
2022-03-14T01:21:00Z  426.829  9.828  -113.056  2.79251E-15  SWARM-A  17.657  170.246
2022-03-14T01:21:30Z  426.967  7.885  -113.090  2.79604E-15  SWARM-A  17.663  172.180
2022-03-14T01:22:00Z  427.145  5.941  -113.124  2.79865E-15  SWARM-A  17.669  174.114
2022-03-14T01:22:30Z  427.365  3.998  -113.160  2.80047E-15  SWARM-A  17.675  176.048
2022-03-14T01:23:00Z  427.626  2.054  -113.196  2.80157E-15  SWARM-A  17.681  177.981
2022-03-14T01:23:30Z  427.928  0.111  -113.232  2.80191E-15  SWARM-A  17.687  179.914
2022-03-14T01:24:00Z  428.271  -1.832  -113.268  2.80158E-15  SWARM-A  17.693  181.847
2022-03-14T01:24:30Z  428.655  -3.775  -113.304  2.80042E-15  SWARM-A  17.699  183.780
2022-03-14T01:25:00Z  429.078  -5.718  -113.339  2.79845E-15  SWARM-A  17.705  185.713
2022-03-14T01:25:30Z  429.540  -7.660  -113.374  2.79544E-15  SWARM-A  17.711  187.645
2022-03-14T01:26:00Z  430.041  -9.602  -113.409  2.79131E-15  SWARM-A  17.717  189.577
2022-03-14T01:26:30Z  430.578  -11.543  -113.442  2.78587E-15  SWARM-A  17.723  191.509
2022-03-14T01:27:00Z  431.150  -13.484  -113.473  2.77891E-15  SWARM-A  17.730  193.441
2022-03-14T01:27:30Z  431.756  -15.424  -113.504  2.77026E-15  SWARM-A  17.736  195.373
2022-03-14T01:28:00Z  432.395  -17.363  -113.532  2.75968E-15  SWARM-A  17.742  197.305
2022-03-14T01:28:30Z  433.063  -19.302  -113.559  2.74717E-15  SWARM-A  17.749  199.236
2022-03-14T01:29:00Z  433.759  -21.240  -113.583  2.73261E-15  SWARM-A  17.756  201.167
2022-03-14T01:29:30Z  434.482  -23.177  -113.605  2.71574E-15  SWARM-A  17.762  203.098
2022-03-14T01:30:00Z  435.228  -25.114  -113.623  2.69670E-15  SWARM-A  17.770  205.029
2022-03-14T01:30:30Z  435.995  -27.049  -113.638  2.67566E-15  SWARM-A  17.777  206.959
2022-03-14T01:31:00Z  436.781  -28.984  -113.650  2.65271E-15  SWARM-A  17.784  208.890
2022-03-14T01:31:30Z  437.583  -30.917  -113.657  2.62807E-15  SWARM-A  17.792  210.820
2022-03-14T01:32:00Z  438.398  -32.850  -113.659  2.60197E-15  SWARM-A  17.801  212.750
2022-03-14T01:32:30Z  439.224  -34.781  -113.655  2.57475E-15  SWARM-A  17.809  214.680
2022-03-14T01:33:00Z  440.057  -36.712  -113.646  2.54673E-15  SWARM-A  17.818  216.609
2022-03-14T01:33:30Z  440.896  -38.641  -113.630  2.51888E-15  SWARM-A  17.827  218.539
2022-03-14T01:34:00Z  441.736  -40.569  -113.606  2.49143E-15  SWARM-A  17.837  220.468
2022-03-14T01:34:30Z  442.574  -42.496  -113.573  2.46419E-15  SWARM-A  17.848  222.397
2022-03-14T01:35:00Z  443.409  -44.422  -113.530  2.43729E-15  SWARM-A  17.859  224.326
2022-03-14T01:35:30Z  444.236  -46.347  -113.476  2.41067E-15  SWARM-A  17.871  226.255
2022-03-14T01:36:00Z  445.053  -48.270  -113.409  2.38390E-15  SWARM-A  17.884  228.184
2022-03-14T01:36:30Z  445.857  -50.192  -113.327  2.35597E-15  SWARM-A  17.898  230.112
2022-03-14T01:37:00Z  446.644  -52.112  -113.227  2.32517E-15  SWARM-A  17.913  232.041
2022-03-14T01:37:30Z  447.413  -54.032  -113.108  2.28943E-15  SWARM-A  17.929  233.969
2022-03-14T01:38:00Z  448.159  -55.950  -112.965  2.24715E-15  SWARM-A  17.947  235.897
2022-03-14T01:38:30Z  448.881  -57.866  -112.793  2.19834E-15  SWARM-A  17.967  237.825
2022-03-14T01:39:00Z  449.575  -59.781  -112.589  2.14563E-15  SWARM-A  17.989  239.753
2022-03-14T01:39:30Z  450.239  -61.693  -112.345  2.09350E-15  SWARM-A  18.013  241.681
2022-03-14T01:40:00Z  450.871  -63.605  -112.052  2.04629E-15  SWARM-A  18.041  243.608
2022-03-14T01:40:30Z  451.468  -65.513  -111.699  2.00653E-15  SWARM-A  18.073  245.536
2022-03-14T01:41:00Z  452.028  -67.420  -111.271  1.97459E-15  SWARM-A  18.110  247.464
2022-03-14T01:41:30Z  452.549  -69.324  -110.746  1.94918E-15  SWARM-A  18.153  249.391
2022-03-14T01:42:00Z  453.029  -71.224  -110.097  1.92825E-15  SWARM-A  18.205  251.318
2022-03-14T01:42:30Z  453.465  -73.119  -109.280  1.90965E-15  SWARM-A  18.267  253.246
2022-03-14T01:43:00Z  453.857  -75.009  -108.234  1.89110E-15  SWARM-A  18.346  255.173
2022-03-14T01:43:30Z  454.203  -76.891  -106.859  1.87038E-15  SWARM-A  18.446  257.100
2022-03-14T01:44:00Z  454.502  -78.761  -104.994  1.84763E-15  SWARM-A  18.578  259.027
2022-03-14T01:44:30Z  454.751  -80.612  -102.351  1.82245E-15  SWARM-A  18.763  260.954
2022-03-14T01:45:00Z  454.952  -82.431  -98.380  1.79499E-15  SWARM-A  19.036  262.881
2022-03-14T01:45:30Z  455.101  -84.187  -91.898  1.76575E-15  SWARM-A  19.476  264.808
2022-03-14T01:46:00Z  455.200  -85.804  -80.069  1.73520E-15  SWARM-A  20.273  266.735
2022-03-14T01:46:30Z  455.248  -87.040  -56.229  1.70504E-15  SWARM-A  21.871  268.662
2022-03-14T01:47:00Z  455.244  -87.308  -17.089  1.67579E-15  SWARM-A  0.489  270.589
2022-03-14T01:47:30Z  455.188  -86.387  14.024  1.64627E-15  SWARM-A  2.571  272.516
2022-03-14T01:48:00Z  455.081  -84.882  29.741  1.61756E-15  SWARM-A  3.627  274.443
2022-03-14T01:48:30Z  454.922  -83.168  37.932  1.59071E-15  SWARM-A  4.182  276.370
2022-03-14T01:49:00Z  454.713  -81.370  42.740  1.56593E-15  SWARM-A  4.511  278.297
2022-03-14T01:49:30Z  454.454  -79.530  45.842  1.54329E-15  SWARM-A  4.726  280.224
2022-03-14T01:50:00Z  454.147  -77.666  47.984  1.52280E-15  SWARM-A  4.877  282.151
2022-03-14T01:50:30Z  453.791  -75.789  49.537  1.50432E-15  SWARM-A  4.989  284.079
2022-03-14T01:51:00Z  453.389  -73.902  50.705  1.48774E-15  SWARM-A  5.075  286.006
2022-03-14T01:51:30Z  452.941  -72.008  51.607  1.47295E-15  SWARM-A  5.143  287.933
2022-03-14T01:52:00Z  452.450  -70.110  52.320  1.45977E-15  SWARM-A  5.199  289.861
2022-03-14T01:52:30Z  451.917  -68.207  52.892  1.44810E-15  SWARM-A  5.246  291.788
2022-03-14T01:53:00Z  451.345  -66.302  53.357  1.43779E-15  SWARM-A  5.285  293.716
2022-03-14T01:53:30Z  450.734  -64.394  53.739  1.42881E-15  SWARM-A  5.319  295.644
2022-03-14T01:54:00Z  450.089  -62.483  54.056  1.42095E-15  SWARM-A  5.348  297.572
2022-03-14T01:54:30Z  449.410  -60.571  54.319  1.41420E-15  SWARM-A  5.374  299.500
2022-03-14T01:55:00Z  448.700  -58.657  54.539  1.40833E-15  SWARM-A  5.397  301.428
2022-03-14T01:55:30Z  447.963  -56.741  54.723  1.40458E-15  SWARM-A  5.418  303.356
2022-03-14T01:56:00Z  447.200  -54.823  54.877  1.40357E-15  SWARM-A  5.436  305.284
2022-03-14T01:56:30Z  446.414  -52.904  55.006  1.40300E-15  SWARM-A  5.453  307.213
2022-03-14T01:57:00Z  445.609  -50.984  55.113  1.40253E-15  SWARM-A  5.469  309.142
2022-03-14T01:57:30Z  444.787  -49.062  55.202  1.40205E-15  SWARM-A  5.483  311.071
2022-03-14T01:58:00Z  443.951  -47.139  55.275  1.39910E-15  SWARM-A  5.496  313.000
2022-03-14T01:58:30Z  443.104  -45.214  55.335  1.39424E-15  SWARM-A  5.509  314.929
2022-03-14T01:59:00Z  442.249  -43.289  55.382  1.39040E-15  SWARM-A  5.520  316.858
2022-03-14T01:59:30Z  441.389  -41.362  55.419  1.38802E-15  SWARM-A  5.531  318.787
2022-03-14T02:00:00Z  440.527  -39.434  55.446  1.38731E-15  SWARM-A  5.541  320.717
2022-03-14T02:00:30Z  439.667  -37.505  55.466  1.39041E-15  SWARM-A  5.551  322.647
2022-03-14T02:01:00Z  438.811  -35.574  55.478  1.39515E-15  SWARM-A  5.560  324.577
2022-03-14T02:01:30Z  437.962  -33.643  55.484  1.40078E-15  SWARM-A  5.568  326.507
2022-03-14T02:02:00Z  437.123  -31.710  55.484  1.40695E-15  SWARM-A  5.577  328.438
2022-03-14T02:02:30Z  436.297  -29.777  55.479  1.41314E-15  SWARM-A  5.585  330.368
2022-03-14T02:03:00Z  435.487  -27.842  55.469  1.41668E-15  SWARM-A  5.592  332.299
2022-03-14T02:03:30Z  434.696  -25.906  55.455  1.41990E-15  SWARM-A  5.600  334.230
2022-03-14T02:04:00Z  433.926  -23.970  55.438  1.42327E-15  SWARM-A  5.607  336.161
2022-03-14T02:04:30Z  433.179  -22.032  55.418  1.42671E-15  SWARM-A  5.614  338.092
2022-03-14T02:05:00Z  432.458  -20.094  55.395  1.43024E-15  SWARM-A  5.621  340.024
2022-03-14T02:05:30Z  431.766  -18.155  55.369  1.43347E-15  SWARM-A  5.628  341.956
2022-03-14T02:06:00Z  431.104  -16.216  55.342  1.43621E-15  SWARM-A  5.634  343.888
2022-03-14T02:06:30Z  430.475  -14.275  55.312  1.43877E-15  SWARM-A  5.640  345.820
2022-03-14T02:07:00Z  429.879  -12.334  55.281  1.44074E-15  SWARM-A  5.647  347.752
2022-03-14T02:07:30Z  429.320  -10.392  55.248  1.44261E-15  SWARM-A  5.653  349.685
2022-03-14T02:08:00Z  428.797  -8.450  55.214  1.44442E-15  SWARM-A  5.659  351.617
2022-03-14T02:08:30Z  428.314  -6.508  55.180  1.44608E-15  SWARM-A  5.665  353.550
2022-03-14T02:09:00Z  427.870  -4.565  55.144  1.44774E-15  SWARM-A  5.671  355.483
2022-03-14T02:09:30Z  427.466  -2.621  55.109  1.44953E-15  SWARM-A  5.677  357.417
2022-03-14T02:10:00Z  427.104  -0.678  55.073  1.45138E-15  SWARM-A  5.683  359.350
2022-03-14T02:10:30Z  426.784  1.266  55.037  1.45339E-15  SWARM-A  5.689  1.284
2022-03-14T02:11:00Z  426.507  3.210  55.001  1.45553E-15  SWARM-A  5.695  3.218
2022-03-14T02:11:30Z  426.271  5.154  54.965  1.45784E-15  SWARM-A  5.701  5.152
2022-03-14T02:12:00Z  426.079  7.098  54.930  1.46021E-15  SWARM-A  5.707  7.086
2022-03-14T02:12:30Z  425.928  9.042  54.896  1.46131E-15  SWARM-A  5.713  9.020
2022-03-14T02:13:00Z  425.819  10.986  54.862  1.46267E-15  SWARM-A  5.719  10.955
2022-03-14T02:13:30Z  425.752  12.930  54.830  1.46424E-15  SWARM-A  5.725  12.890
2022-03-14T02:14:00Z  425.725  14.873  54.800  1.46600E-15  SWARM-A  5.731  14.824
2022-03-14T02:14:30Z  425.737  16.816  54.771  1.46792E-15  SWARM-A  5.738  16.760
2022-03-14T02:15:00Z  425.788  18.759  54.744  1.46987E-15  SWARM-A  5.744  18.695
2022-03-14T02:15:30Z  425.875  20.702  54.719  1.47179E-15  SWARM-A  5.751  20.630
2022-03-14T02:16:00Z  425.998  22.644  54.697  1.47360E-15  SWARM-A  5.758  22.566
2022-03-14T02:16:30Z  426.155  24.585  54.678  1.47522E-15  SWARM-A  5.765  24.501
2022-03-14T02:17:00Z  426.345  26.526  54.662  1.47658E-15  SWARM-A  5.772  26.437
2022-03-14T02:17:30Z  426.565  28.467  54.650  1.47761E-15  SWARM-A  5.780  28.373
2022-03-14T02:18:00Z  426.813  30.406  54.642  1.47828E-15  SWARM-A  5.787  30.309
2022-03-14T02:18:30Z  427.087  32.345  54.639  1.47854E-15  SWARM-A  5.796  32.245
2022-03-14T02:19:00Z  427.386  34.283  54.641  1.47827E-15  SWARM-A  5.804  34.182
2022-03-14T02:19:30Z  427.706  36.221  54.649  1.47767E-15  SWARM-A  5.813  36.118
2022-03-14T02:20:00Z  428.045  38.158  54.664  1.47683E-15  SWARM-A  5.822  38.055
2022-03-14T02:20:30Z  428.402  40.093  54.687  1.47591E-15  SWARM-A  5.832  39.991
2022-03-14T02:21:00Z  428.773  42.028  54.718  1.47496E-15  SWARM-A  5.842  41.928
2022-03-14T02:21:30Z  429.157  43.962  54.759  1.47407E-15  SWARM-A  5.854  43.865
2022-03-14T02:22:00Z  429.550  45.895  54.811  1.47324E-15  SWARM-A  5.865  45.802
2022-03-14T02:22:30Z  429.950  47.827  54.875  1.47249E-15  SWARM-A  5.878  47.739
2022-03-14T02:23:00Z  430.354  49.758  54.955  1.47156E-15  SWARM-A  5.892  49.676
2022-03-14T02:23:30Z  430.761  51.687  55.051  1.46991E-15  SWARM-A  5.906  51.614
2022-03-14T02:24:00Z  431.167  53.616  55.167  1.46779E-15  SWARM-A  5.922  53.551
2022-03-14T02:24:30Z  431.569  55.543  55.306  1.46519E-15  SWARM-A  5.940  55.488
2022-03-14T02:25:00Z  431.967  57.469  55.472  1.46260E-15  SWARM-A  5.959  57.426
2022-03-14T02:25:30Z  432.356  59.394  55.671  1.46096E-15  SWARM-A  5.981  59.363
2022-03-14T02:26:00Z  432.735  61.317  55.908  1.46136E-15  SWARM-A  6.005  61.301
2022-03-14T02:26:30Z  433.102  63.238  56.192  1.46388E-15  SWARM-A  6.032  63.238
2022-03-14T02:27:00Z  433.454  65.158  56.535  1.46880E-15  SWARM-A  6.064  65.176
2022-03-14T02:27:30Z  433.790  67.075  56.951  1.47466E-15  SWARM-A  6.100  67.114
2022-03-14T02:28:00Z  434.107  68.989  57.460  1.48083E-15  SWARM-A  6.142  69.052
2022-03-14T02:28:30Z  434.404  70.900  58.089  1.48604E-15  SWARM-A  6.192  70.989
2022-03-14T02:29:00Z  434.679  72.807  58.878  1.48954E-15  SWARM-A  6.253  72.927
2022-03-14T02:29:30Z  434.930  74.708  59.888  1.49120E-15  SWARM-A  6.329  74.865
2022-03-14T02:30:00Z  435.157  76.602  61.210  1.49133E-15  SWARM-A  6.425  76.803
2022-03-14T02:30:30Z  435.357  78.485  62.997  1.49081E-15  SWARM-A  6.553  78.741
2022-03-14T02:31:00Z  435.531  80.350  65.514  1.49059E-15  SWARM-A  6.729  80.679
2022-03-14T02:31:30Z  435.676  82.185  69.271  1.49166E-15  SWARM-A  6.988  82.617
2022-03-14T02:32:00Z  435.792  83.963  75.339  1.49490E-15  SWARM-A  7.401  84.555
2022-03-14T02:32:30Z  435.879  85.615  86.274  1.50117E-15  SWARM-A  8.138  86.493
2022-03-14T02:33:00Z  435.936  86.929  108.274  1.51086E-15  SWARM-A  9.613  88.431
2022-03-14T02:33:30Z  435.963  87.347  146.618  1.52314E-15  SWARM-A  12.178  90.369
2022-03-14T02:34:00Z  435.959  86.527  179.866  1.53697E-15  SWARM-A  14.402  92.307
2022-03-14T02:34:30Z  435.926  85.050  -163.092  1.55306E-15  SWARM-A  15.547  94.245
2022-03-14T02:35:00Z  435.862  83.341  -154.347  1.57099E-15  SWARM-A  16.138  96.183
2022-03-14T02:35:30Z  435.770  81.537  -149.286  1.58967E-15  SWARM-A  16.484  98.120
2022-03-14T02:36:00Z  435.648  79.690  -146.052  1.60829E-15  SWARM-A  16.708  100.058
2022-03-14T02:36:30Z  435.498  77.818  -143.836  1.62596E-15  SWARM-A  16.864  101.996
2022-03-14T02:37:00Z  435.322  75.931  -142.237  1.64242E-15  SWARM-A  16.979  103.934
2022-03-14T02:37:30Z  435.119  74.034  -141.039  1.65689E-15  SWARM-A  17.067  105.872
2022-03-14T02:38:00Z  434.892  72.131  -140.117  1.67063E-15  SWARM-A  17.137  107.809
2022-03-14T02:38:30Z  434.641  70.223  -139.390  1.68461E-15  SWARM-A  17.194  109.747
2022-03-14T02:39:00Z  434.369  68.310  -138.807  1.69998E-15  SWARM-A  17.241  111.685
2022-03-14T02:39:30Z  434.077  66.395  -138.335  1.71786E-15  SWARM-A  17.281  113.622
2022-03-14T02:40:00Z  433.766  64.478  -137.947  1.74021E-15  SWARM-A  17.315  115.560
2022-03-14T02:40:30Z  433.439  62.558  -137.626  1.76822E-15  SWARM-A  17.345  117.497
2022-03-14T02:41:00Z  433.097  60.636  -137.359  1.80253E-15  SWARM-A  17.371  119.434
2022-03-14T02:41:30Z  432.743  58.713  -137.137  1.84275E-15  SWARM-A  17.394  121.372
2022-03-14T02:42:00Z  432.379  56.788  -136.950  1.88564E-15  SWARM-A  17.415  123.309
2022-03-14T02:42:30Z  432.008  54.862  -136.795  1.93098E-15  SWARM-A  17.433  125.246
2022-03-14T02:43:00Z  431.631  52.934  -136.664  1.97620E-15  SWARM-A  17.450  127.183
2022-03-14T02:43:30Z  431.251  51.006  -136.556  2.01907E-15  SWARM-A  17.466  129.120
2022-03-14T02:44:00Z  430.870  49.076  -136.466  2.05877E-15  SWARM-A  17.480  131.057
2022-03-14T02:44:30Z  430.492  47.145  -136.392  2.09560E-15  SWARM-A  17.494  132.994
2022-03-14T02:45:00Z  430.118  45.213  -136.332  2.13093E-15  SWARM-A  17.506  134.930
2022-03-14T02:45:30Z  429.751  43.280  -136.284  2.16567E-15  SWARM-A  17.517  136.867
2022-03-14T02:46:00Z  429.394  41.347  -136.247  2.20052E-15  SWARM-A  17.528  138.803
2022-03-14T02:46:30Z  429.049  39.412  -136.219  2.23702E-15  SWARM-A  17.538  140.739
2022-03-14T02:47:00Z  428.719  37.476  -136.199  2.27475E-15  SWARM-A  17.548  142.676
2022-03-14T02:47:30Z  428.406  35.540  -136.187  2.31254E-15  SWARM-A  17.557  144.612
2022-03-14T02:48:00Z  428.112  33.603  -136.181  2.35018E-15  SWARM-A  17.566  146.548
2022-03-14T02:48:30Z  427.840  31.664  -136.181  2.38739E-15  SWARM-A  17.574  148.483
2022-03-14T02:49:00Z  427.593  29.726  -136.186  2.42386E-15  SWARM-A  17.582  150.419
2022-03-14T02:49:30Z  427.371  27.786  -136.195  2.45937E-15  SWARM-A  17.590  152.355
2022-03-14T02:50:00Z  427.177  25.846  -136.209  2.49365E-15  SWARM-A  17.597  154.290
2022-03-14T02:50:30Z  427.013  23.906  -136.226  2.52648E-15  SWARM-A  17.605  156.225
2022-03-14T02:51:00Z  426.881  21.964  -136.246  2.55764E-15  SWARM-A  17.612  158.160
2022-03-14T02:51:30Z  426.783  20.023  -136.269  2.58693E-15  SWARM-A  17.618  160.095
2022-03-14T02:52:00Z  426.719  18.081  -136.295  2.61414E-15  SWARM-A  17.625  162.030
2022-03-14T02:52:30Z  426.692  16.138  -136.322  2.63928E-15  SWARM-A  17.632  163.965
2022-03-14T02:53:00Z  426.703  14.196  -136.352  2.66116E-15  SWARM-A  17.638  165.899
2022-03-14T02:53:30Z  426.752  12.252  -136.383  2.68025E-15  SWARM-A  17.644  167.833
2022-03-14T02:54:00Z  426.841  10.309  -136.416  2.69719E-15  SWARM-A  17.650  169.768
2022-03-14T02:54:30Z  426.970  8.366  -136.450  2.71204E-15  SWARM-A  17.656  171.702
2022-03-14T02:55:00Z  427.139  6.422  -136.484  2.72484E-15  SWARM-A  17.662  173.635
2022-03-14T02:55:30Z  427.350  4.479  -136.520  2.73576E-15  SWARM-A  17.668  175.569
2022-03-14T02:56:00Z  427.602  2.535  -136.555  2.74482E-15  SWARM-A  17.674  177.502
2022-03-14T02:56:30Z  427.895  0.592  -136.591  2.75203E-15  SWARM-A  17.680  179.435
2022-03-14T02:57:00Z  428.229  -1.351  -136.628  2.75742E-15  SWARM-A  17.686  181.369
2022-03-14T02:57:30Z  428.604  -3.294  -136.664  2.76101E-15  SWARM-A  17.692  183.301
2022-03-14T02:58:00Z  429.018  -5.237  -136.699  2.76270E-15  SWARM-A  17.698  185.234
2022-03-14T02:58:30Z  429.471  -7.179  -136.735  2.76247E-15  SWARM-A  17.704  187.167
2022-03-14T02:59:00Z  429.963  -9.121  -136.769  2.76011E-15  SWARM-A  17.710  189.099
2022-03-14T02:59:30Z  430.491  -11.062  -136.802  2.75548E-15  SWARM-A  17.716  191.031
2022-03-14T03:00:00Z  431.055  -13.003  -136.835  2.76538E-15  SWARM-A  17.722  192.963
2022-03-14T03:00:30Z  431.653  -14.943  -136.865  2.75569E-15  SWARM-A  17.729  194.895
2022-03-14T03:01:00Z  432.284  -16.883  -136.895  2.74312E-15  SWARM-A  17.735  196.826
2022-03-14T03:01:30Z  432.945  -18.822  -136.922  2.72761E-15  SWARM-A  17.742  198.757
2022-03-14T03:02:00Z  433.635  -20.760  -136.947  2.70891E-15  SWARM-A  17.748  200.689
2022-03-14T03:02:30Z  434.351  -22.698  -136.969  2.68713E-15  SWARM-A  17.755  202.619
2022-03-14T03:03:00Z  435.091  -24.634  -136.988  2.66222E-15  SWARM-A  17.762  204.550
2022-03-14T03:03:30Z  435.854  -26.570  -137.004  2.63427E-15  SWARM-A  17.769  206.481
2022-03-14T03:04:00Z  436.635  -28.504  -137.017  2.60340E-15  SWARM-A  17.777  208.411
2022-03-14T03:04:30Z  437.433  -30.438  -137.025  2.56977E-15  SWARM-A  17.785  210.341
2022-03-14T03:05:00Z  438.245  -32.371  -137.028  2.53363E-15  SWARM-A  17.793  212.271
2022-03-14T03:05:30Z  439.068  -34.303  -137.027  2.49526E-15  SWARM-A  17.801  214.201
2022-03-14T03:06:00Z  439.900  -36.233  -137.019  2.45500E-15  SWARM-A  17.810  216.131
2022-03-14T03:06:30Z  440.737  -38.163  -137.005  2.41317E-15  SWARM-A  17.819  218.060
2022-03-14T03:07:00Z  441.576  -40.091  -136.983  2.37011E-15  SWARM-A  17.829  219.990
2022-03-14T03:07:30Z  442.415  -42.019  -136.952  2.32618E-15  SWARM-A  17.840  221.919
2022-03-14T03:08:00Z  443.250  -43.945  -136.912  2.28172E-15  SWARM-A  17.851  223.848
2022-03-14T03:08:30Z  444.078  -45.869  -136.861  2.23706E-15  SWARM-A  17.862  225.777
2022-03-14T03:09:00Z  444.897  -47.793  -136.797  2.19252E-15  SWARM-A  17.875  227.705
2022-03-14T03:09:30Z  445.704  -49.715  -136.719  2.14828E-15  SWARM-A  17.888  229.634
2022-03-14T03:10:00Z  446.494  -51.636  -136.625  2.10450E-15  SWARM-A  17.903  231.562
2022-03-14T03:10:30Z  447.267  -53.556  -136.510  2.06112E-15  SWARM-A  17.919  233.491
2022-03-14T03:11:00Z  448.018  -55.474  -136.374  2.01791E-15  SWARM-A  17.937  235.419
2022-03-14T03:11:30Z  448.744  -57.391  -136.210  1.97433E-15  SWARM-A  17.956  237.347
2022-03-14T03:12:00Z  449.444  -59.306  -136.015  1.92976E-15  SWARM-A  17.977  239.275
2022-03-14T03:12:30Z  450.115  -61.219  -135.782  1.88365E-15  SWARM-A  18.001  241.203
2022-03-14T03:13:00Z  450.754  -63.131  -135.502  1.83622E-15  SWARM-A  18.028  243.130
2022-03-14T03:13:30Z  451.358  -65.040  -135.166  1.78827E-15  SWARM-A  18.059  245.058
2022-03-14T03:14:00Z  451.926  -66.947  -134.758  1.74106E-15  SWARM-A  18.094  246.985
2022-03-14T03:14:30Z  452.455  -68.852  -134.260  1.69583E-15  SWARM-A  18.136  248.913
2022-03-14T03:15:00Z  452.943  -70.753  -133.646  1.65301E-15  SWARM-A  18.185  250.840
2022-03-14T03:15:30Z  453.389  -72.650  -132.876  1.61273E-15  SWARM-A  18.245  252.767
2022-03-14T03:16:00Z  453.791  -74.541  -131.895  1.57449E-15  SWARM-A  18.318  254.694
2022-03-14T03:16:30Z  454.147  -76.425  -130.614  1.53785E-15  SWARM-A  18.412  256.622
2022-03-14T03:17:00Z  454.455  -78.298  -128.892  1.50238E-15  SWARM-A  18.535  258.549
2022-03-14T03:17:30Z  454.716  -80.155  -126.482  1.46748E-15  SWARM-A  18.704  260.476
2022-03-14T03:18:00Z  454.926  -81.984  -122.919  1.43340E-15  SWARM-A  18.950  262.403
2022-03-14T03:18:30Z  455.087  -83.761  -117.235  1.40025E-15  SWARM-A  19.337  264.330
2022-03-14T03:19:00Z  455.197  -85.425  -107.169  1.36838E-15  SWARM-A  20.017  266.257
2022-03-14T03:19:30Z  455.255  -86.796  -87.172  1.33826E-15  SWARM-A  21.358  268.184
2022-03-14T03:20:00Z  455.262  -87.368  -50.599  1.31028E-15  SWARM-A  23.805  270.111
2022-03-14T03:20:30Z  455.217  -86.696  -15.315  1.28334E-15  SWARM-A  2.165  272.038
2022-03-14T03:21:00Z  455.120  -85.284  3.443  1.25762E-15  SWARM-A  3.424  273.965
2022-03-14T03:21:30Z  454.973  -83.605  12.961  1.23392E-15  SWARM-A  4.067  275.892
2022-03-14T03:22:00Z  454.774  -81.822  18.391  1.21243E-15  SWARM-A  4.438  277.819
2022-03-14T03:22:30Z  454.526  -79.990  21.823  1.19298E-15  SWARM-A  4.675  279.746
2022-03-14T03:23:00Z  454.228  -78.131  24.158  1.17533E-15  SWARM-A  4.839  281.673
2022-03-14T03:23:30Z  453.882  -76.257  25.832  1.15974E-15  SWARM-A  4.959  283.600
2022-03-14T03:24:00Z  453.489  -74.372  27.081  1.14609E-15  SWARM-A  5.050  285.527
2022-03-14T03:24:30Z  453.050  -72.480  28.041  1.13422E-15  SWARM-A  5.123  287.455
2022-03-14T03:25:00Z  452.568  -70.582  28.795  1.12414E-15  SWARM-A  5.181  289.382
2022-03-14T03:25:30Z  452.043  -68.680  29.397  1.11572E-15  SWARM-A  5.230  291.310
2022-03-14T03:26:00Z  451.478  -66.776  29.886  1.10891E-15  SWARM-A  5.271  293.237
2022-03-14T03:26:30Z  450.875  -64.868  30.287  1.10365E-15  SWARM-A  5.306  295.165
2022-03-14T03:27:00Z  450.236  -62.958  30.618  1.09993E-15  SWARM-A  5.336  297.093
2022-03-14T03:27:30Z  449.563  -61.046  30.893  1.09772E-15  SWARM-A  5.363  299.021
2022-03-14T03:28:00Z  448.859  -59.132  31.122  1.09667E-15  SWARM-A  5.386  300.949
2022-03-14T03:28:30Z  448.126  -57.217  31.315  1.09699E-15  SWARM-A  5.407  302.877
2022-03-14T03:29:00Z  447.367  -55.300  31.476  1.09857E-15  SWARM-A  5.427  304.806
2022-03-14T03:29:30Z  446.585  -53.381  31.610  1.10130E-15  SWARM-A  5.444  306.734
2022-03-14T03:30:00Z  445.783  -51.461  31.722  1.10504E-15  SWARM-A  5.460  308.663
2022-03-14T03:30:30Z  444.963  -49.539  31.816  1.10972E-15  SWARM-A  5.474  310.592
2022-03-14T03:31:00Z  444.128  -47.617  31.892  1.11528E-15  SWARM-A  5.488  312.521
2022-03-14T03:31:30Z  443.282  -45.692  31.955  1.12175E-15  SWARM-A  5.500  314.450
2022-03-14T03:32:00Z  442.427  -43.767  32.005  1.12912E-15  SWARM-A  5.512  316.379
2022-03-14T03:32:30Z  441.566  -41.841  32.044  1.13744E-15  SWARM-A  5.523  318.308
2022-03-14T03:33:00Z  440.703  -39.913  32.074  1.14667E-15  SWARM-A  5.533  320.238
2022-03-14T03:33:30Z  439.841  -37.984  32.095  1.15661E-15  SWARM-A  5.543  322.168
2022-03-14T03:34:00Z  438.982  -36.054  32.109  1.16753E-15  SWARM-A  5.552  324.098
2022-03-14T03:34:30Z  438.130  -34.122  32.116  1.17953E-15  SWARM-A  5.561  326.028
2022-03-14T03:35:00Z  437.287  -32.190  32.117  1.19243E-15  SWARM-A  5.569  327.958
2022-03-14T03:35:30Z  436.456  -30.257  32.113  1.20620E-15  SWARM-A  5.577  329.889
2022-03-14T03:36:00Z  435.641  -28.322  32.105  1.22071E-15  SWARM-A  5.585  331.820
2022-03-14T03:36:30Z  434.843  -26.387  32.092  1.23582E-15  SWARM-A  5.593  333.751
2022-03-14T03:37:00Z  434.066  -24.451  32.076  1.25137E-15  SWARM-A  5.600  335.682
2022-03-14T03:37:30Z  433.312  -22.513  32.056  1.26721E-15  SWARM-A  5.607  337.613
2022-03-14T03:38:00Z  432.584  -20.575  32.033  1.28343E-15  SWARM-A  5.614  339.545
2022-03-14T03:38:30Z  431.883  -18.637  32.008  1.29967E-15  SWARM-A  5.620  341.476
2022-03-14T03:39:00Z  431.213  -16.697  31.981  1.31564E-15  SWARM-A  5.627  343.408
2022-03-14T03:39:30Z  430.574  -14.757  31.952  1.33133E-15  SWARM-A  5.633  345.340
2022-03-14T03:40:00Z  429.969  -12.816  31.921  1.34667E-15  SWARM-A  5.640  347.273
2022-03-14T03:40:30Z  429.399  -10.874  31.889  1.36155E-15  SWARM-A  5.646  349.205
2022-03-14T03:41:00Z  428.867  -8.932  31.855  1.37568E-15  SWARM-A  5.652  351.138
2022-03-14T03:41:30Z  428.373  -6.990  31.821  1.38923E-15  SWARM-A  5.658  353.071
2022-03-14T03:42:00Z  427.918  -5.047  31.785  1.40221E-15  SWARM-A  5.664  355.004
2022-03-14T03:42:30Z  427.504  -3.103  31.750  1.41455E-15  SWARM-A  5.670  356.937
2022-03-14T03:43:00Z  427.131  -1.160  31.714  1.42628E-15  SWARM-A  5.676  358.871
2022-03-14T03:43:30Z  426.800  0.784  31.677  1.43740E-15  SWARM-A  5.682  0.804
2022-03-14T03:44:00Z  426.511  2.728  31.641  1.44791E-15  SWARM-A  5.688  2.738
2022-03-14T03:44:30Z  426.264  4.672  31.606  1.45787E-15  SWARM-A  5.694  4.672
2022-03-14T03:45:00Z  426.060  6.616  31.570  1.46724E-15  SWARM-A  5.700  6.606
2022-03-14T03:45:30Z  425.898  8.560  31.536  1.47602E-15  SWARM-A  5.706  8.541
2022-03-14T03:46:00Z  425.779  10.504  31.502  1.48418E-15  SWARM-A  5.712  10.475
2022-03-14T03:46:30Z  425.700  12.448  31.470  1.49176E-15  SWARM-A  5.718  12.410
2022-03-14T03:47:00Z  425.662  14.392  31.438  1.49869E-15  SWARM-A  5.724  14.345
2022-03-14T03:47:30Z  425.664  16.335  31.409  1.50483E-15  SWARM-A  5.730  16.280
2022-03-14T03:48:00Z  425.704  18.278  31.382  1.51022E-15  SWARM-A  5.737  18.215
2022-03-14T03:48:30Z  425.782  20.221  31.356  1.51486E-15  SWARM-A  5.744  20.151
2022-03-14T03:49:00Z  425.896  22.163  31.333  1.51867E-15  SWARM-A  5.750  22.086
2022-03-14T03:49:30Z  426.044  24.104  31.313  1.52164E-15  SWARM-A  5.757  24.022
2022-03-14T03:50:00Z  426.224  26.046  31.297  1.52384E-15  SWARM-A  5.765  25.958
2022-03-14T03:50:30Z  426.436  27.986  31.284  1.52526E-15  SWARM-A  5.772  27.894
2022-03-14T03:51:00Z  426.676  29.926  31.275  1.52598E-15  SWARM-A  5.780  29.830
2022-03-14T03:51:30Z  426.944  31.865  31.270  1.52598E-15  SWARM-A  5.788  31.766
2022-03-14T03:52:00Z  427.236  33.804  31.271  1.52519E-15  SWARM-A  5.796  33.702
2022-03-14T03:52:30Z  427.550  35.741  31.277  1.52394E-15  SWARM-A  5.805  35.639
2022-03-14T03:53:00Z  427.885  37.678  31.291  1.52232E-15  SWARM-A  5.814  37.575
2022-03-14T03:53:30Z  428.237  39.614  31.311  1.51987E-15  SWARM-A  5.824  39.512
2022-03-14T03:54:00Z  428.604  41.549  31.340  1.51736E-15  SWARM-A  5.834  41.449
2022-03-14T03:54:30Z  428.984  43.484  31.378  1.51483E-15  SWARM-A  5.845  43.386
2022-03-14T03:55:00Z  429.374  45.417  31.427  1.51259E-15  SWARM-A  5.857  45.323
2022-03-14T03:55:30Z  429.772  47.349  31.488  1.51075E-15  SWARM-A  5.869  47.260
2022-03-14T03:56:00Z  430.174  49.280  31.564  1.50950E-15  SWARM-A  5.883  49.197
2022-03-14T03:56:30Z  430.580  51.210  31.656  1.50903E-15  SWARM-A  5.897  51.134
2022-03-14T03:57:00Z  430.985  53.139  31.766  1.50904E-15  SWARM-A  5.913  53.072
2022-03-14T03:57:30Z  431.388  55.067  31.899  1.50990E-15  SWARM-A  5.930  55.009
2022-03-14T03:58:00Z  431.786  56.993  32.058  1.51176E-15  SWARM-A  5.949  56.947
2022-03-14T03:58:30Z  432.177  58.918  32.248  1.51462E-15  SWARM-A  5.970  58.884
2022-03-14T03:59:00Z  432.558  60.842  32.475  1.51846E-15  SWARM-A  5.993  60.822
2022-03-14T03:59:30Z  432.927  62.764  32.746  1.52328E-15  SWARM-A  6.020  62.760
2022-03-14T04:00:00Z  433.283  64.684  33.073  1.52914E-15  SWARM-A  6.050  64.697
2022-03-14T04:00:30Z  433.622  66.601  33.469  1.53615E-15  SWARM-A  6.085  66.635
2022-03-14T04:01:00Z  433.944  68.516  33.952  1.54441E-15  SWARM-A  6.125  68.573
2022-03-14T04:01:30Z  434.245  70.429  34.548  1.55390E-15  SWARM-A  6.173  70.511
2022-03-14T04:02:00Z  434.525  72.337  35.293  1.56442E-15  SWARM-A  6.231  72.449
2022-03-14T04:02:30Z  434.783  74.240  36.241  1.57554E-15  SWARM-A  6.303  74.387
2022-03-14T04:03:00Z  435.015  76.136  37.474  1.58743E-15  SWARM-A  6.393  76.325
2022-03-14T04:03:30Z  435.222  78.021  39.126  1.59991E-15  SWARM-A  6.512  78.263
2022-03-14T04:04:00Z  435.402  79.892  41.428  1.61286E-15  SWARM-A  6.673  80.200
2022-03-14T04:04:30Z  435.554  81.736  44.807  1.62632E-15  SWARM-A  6.907  82.138
2022-03-14T04:05:00Z  435.678  83.532  50.148  1.64045E-15  SWARM-A  7.271  84.076
2022-03-14T04:05:30Z  435.772  85.227  59.491  1.65545E-15  SWARM-A  7.903  86.014
2022-03-14T04:06:00Z  435.836  86.660  77.913  1.67169E-15  SWARM-A  9.139  87.952
2022-03-14T04:06:30Z  435.871  87.367  112.969  1.68885E-15  SWARM-A  11.485  89.890
2022-03-14T04:07:00Z  435.875  86.818  150.043  1.70594E-15  SWARM-A  13.964  91.828
2022-03-14T04:07:30Z  435.849  85.447  170.398  1.72422E-15  SWARM-A  15.330  93.766
2022-03-14T04:08:00Z  435.793  83.775  -179.408  1.74440E-15  SWARM-A  16.018  95.704
2022-03-14T04:08:30Z  435.708  81.988  -173.677  1.76617E-15  SWARM-A  16.408  97.642
2022-03-14T04:09:00Z  435.593  80.149  -170.094  1.78965E-15  SWARM-A  16.655  99.580
2022-03-14T04:09:30Z  435.451  78.282  -167.676  1.81472E-15  SWARM-A  16.825  101.518
2022-03-14T04:10:00Z  435.282  76.398  -165.950  1.84133E-15  SWARM-A  16.948  103.456
2022-03-14T04:10:30Z  435.086  74.503  -164.669  1.86936E-15  SWARM-A  17.042  105.394
2022-03-14T04:11:00Z  434.865  72.601  -163.687  1.89902E-15  SWARM-A  17.116  107.332
2022-03-14T04:11:30Z  434.621  70.694  -162.918  1.93032E-15  SWARM-A  17.175  109.269
2022-03-14T04:12:00Z  434.355  68.782  -162.304  1.96318E-15  SWARM-A  17.225  111.207
2022-03-14T04:12:30Z  434.068  66.868  -161.807  1.99714E-15  SWARM-A  17.266  113.145
2022-03-14T04:13:00Z  433.763  64.951  -161.401  2.03137E-15  SWARM-A  17.302  115.082
2022-03-14T04:13:30Z  433.440  63.031  -161.065  2.06483E-15  SWARM-A  17.332  117.020
2022-03-14T04:14:00Z  433.103  61.110  -160.786  2.09669E-15  SWARM-A  17.359  118.957
2022-03-14T04:14:30Z  432.753  59.187  -160.554  2.12872E-15  SWARM-A  17.383  120.894
2022-03-14T04:15:00Z  432.393  57.263  -160.359  2.16082E-15  SWARM-A  17.404  122.832
2022-03-14T04:15:30Z  432.024  55.337  -160.197  2.19088E-15  SWARM-A  17.424  124.769
2022-03-14T04:16:00Z  431.649  53.410  -160.060  2.21971E-15  SWARM-A  17.441  126.706
2022-03-14T04:16:30Z  431.271  51.481  -159.947  2.24761E-15  SWARM-A  17.457  128.643
2022-03-14T04:17:00Z  430.892  49.552  -159.853  2.27459E-15  SWARM-A  17.471  130.580
2022-03-14T04:17:30Z  430.514  47.621  -159.775  2.29575E-15  SWARM-A  17.485  132.517
2022-03-14T04:18:00Z  430.140  45.689  -159.712  2.31658E-15  SWARM-A  17.498  134.453
2022-03-14T04:18:30Z  429.773  43.757  -159.661  2.33717E-15  SWARM-A  17.509  136.390
2022-03-14T04:19:00Z  429.414  41.823  -159.622  2.35754E-15  SWARM-A  17.520  138.326
2022-03-14T04:19:30Z  429.067  39.888  -159.592  2.37864E-15  SWARM-A  17.531  140.263
2022-03-14T04:20:00Z  428.734  37.953  -159.570  2.40346E-15  SWARM-A  17.540  142.199
2022-03-14T04:20:30Z  428.418  36.017  -159.556  2.42799E-15  SWARM-A  17.550  144.135
2022-03-14T04:21:00Z  428.121  34.080  -159.549  2.45216E-15  SWARM-A  17.558  146.071
2022-03-14T04:21:30Z  427.844  32.142  -159.547  2.47579E-15  SWARM-A  17.567  148.007
2022-03-14T04:22:00Z  427.591  30.203  -159.551  2.49841E-15  SWARM-A  17.575  149.943
2022-03-14T04:22:30Z  427.364  28.264  -159.560  2.51484E-15  SWARM-A  17.583  151.878
2022-03-14T04:23:00Z  427.164  26.324  -159.572  2.53021E-15  SWARM-A  17.590  153.814
2022-03-14T04:23:30Z  426.994  24.383  -159.588  2.54436E-15  SWARM-A  17.597  155.749
2022-03-14T04:24:00Z  426.855  22.442  -159.608  2.55711E-15  SWARM-A  17.604  157.684
2022-03-14T04:24:30Z  426.750  20.501  -159.630  2.56831E-15  SWARM-A  17.611  159.619
2022-03-14T04:25:00Z  426.678  18.559  -159.655  2.57751E-15  SWARM-A  17.618  161.554
2022-03-14T04:25:30Z  426.643  16.616  -159.683  2.58390E-15  SWARM-A  17.624  163.489
2022-03-14T04:26:00Z  426.645  14.673  -159.712  2.58858E-15  SWARM-A  17.631  165.423
2022-03-14T04:26:30Z  426.686  12.730  -159.743  2.59156E-15  SWARM-A  17.637  167.358
2022-03-14T04:27:00Z  426.765  10.787  -159.775  2.59293E-15  SWARM-A  17.643  169.292
2022-03-14T04:27:30Z  426.885  8.844  -159.809  2.59271E-15  SWARM-A  17.649  171.226
2022-03-14T04:28:00Z  427.045  6.900  -159.843  2.59114E-15  SWARM-A  17.655  173.160
2022-03-14T04:28:30Z  427.247  4.957  -159.878  2.58816E-15  SWARM-A  17.661  175.093
2022-03-14T04:29:00Z  427.489  3.013  -159.914  2.58416E-15  SWARM-A  17.667  177.027
2022-03-14T04:29:30Z  427.773  1.070  -159.950  2.57911E-15  SWARM-A  17.673  178.960
2022-03-14T04:30:00Z  428.098  -0.873  -159.987  2.57304E-15  SWARM-A  17.679  180.893
2022-03-14T04:30:30Z  428.463  -2.816  -160.023  2.56610E-15  SWARM-A  17.685  182.826
2022-03-14T04:31:00Z  428.868  -4.759  -160.059  2.55827E-15  SWARM-A  17.691  184.759
2022-03-14T04:31:30Z  429.313  -6.701  -160.094  2.54945E-15  SWARM-A  17.697  186.692
2022-03-14T04:32:00Z  429.796  -8.644  -160.129  2.53962E-15  SWARM-A  17.703  188.624
2022-03-14T04:32:30Z  430.317  -10.585  -160.162  2.52870E-15  SWARM-A  17.709  190.556
2022-03-14T04:33:00Z  430.873  -12.526  -160.195  2.51647E-15  SWARM-A  17.715  192.488
2022-03-14T04:33:30Z  431.464  -14.467  -160.226  2.50280E-15  SWARM-A  17.722  194.420
2022-03-14T04:34:00Z  432.088  -16.406  -160.256  2.48754E-15  SWARM-A  17.728  196.351
2022-03-14T04:34:30Z  432.742  -18.346  -160.283  2.47048E-15  SWARM-A  17.734  198.283
2022-03-14T04:35:00Z  433.426  -20.284  -160.309  2.45148E-15  SWARM-A  17.741  200.214
2022-03-14T04:35:30Z  434.137  -22.222  -160.332  2.43037E-15  SWARM-A  17.748  202.145
2022-03-14T04:36:00Z  434.873  -24.158  -160.352  2.40717E-15  SWARM-A  17.755  204.076
2022-03-14T04:36:30Z  435.631  -26.094  -160.369  2.38182E-15  SWARM-A  17.762  206.007
2022-03-14T04:37:00Z  436.409  -28.029  -160.382  2.35437E-15  SWARM-A  17.770  207.937
2022-03-14T04:37:30Z  437.204  -29.963  -160.392  2.32489E-15  SWARM-A  17.777  209.867
2022-03-14T04:38:00Z  438.014  -31.896  -160.396  2.29351E-15  SWARM-A  17.785  211.797
2022-03-14T04:38:30Z  438.835  -33.828  -160.396  2.26048E-15  SWARM-A  17.794  213.727
2022-03-14T04:39:00Z  439.666  -35.759  -160.390  2.22602E-15  SWARM-A  17.802  215.657
2022-03-14T04:39:30Z  440.503  -37.689  -160.377  2.19037E-15  SWARM-A  17.812  217.587
2022-03-14T04:40:00Z  441.342  -39.618  -160.357  2.15388E-15  SWARM-A  17.821  219.516
2022-03-14T04:40:30Z  442.182  -41.545  -160.329  2.11691E-15  SWARM-A  17.831  221.445
2022-03-14T04:41:00Z  443.020  -43.472  -160.292  2.07969E-15  SWARM-A  17.842  223.374
2022-03-14T04:41:30Z  443.851  -45.397  -160.244  2.04249E-15  SWARM-A  17.854  225.303
2022-03-14T04:42:00Z  444.673  -47.321  -160.183  2.00557E-15  SWARM-A  17.866  227.232
2022-03-14T04:42:30Z  445.484  -49.243  -160.109  1.96899E-15  SWARM-A  17.879  229.160
2022-03-14T04:43:00Z  446.279  -51.165  -160.019  1.93234E-15  SWARM-A  17.894  231.089
2022-03-14T04:43:30Z  447.057  -53.085  -159.910  1.89509E-15  SWARM-A  17.909  233.017
2022-03-14T04:44:00Z  447.814  -55.003  -159.779  1.85656E-15  SWARM-A  17.926  234.945
2022-03-14T04:44:30Z  448.548  -56.920  -159.622  1.81654E-15  SWARM-A  17.945  236.873
2022-03-14T04:45:00Z  449.256  -58.836  -159.436  1.77563E-15  SWARM-A  17.966  238.801
2022-03-14T04:45:30Z  449.935  -60.749  -159.213  1.73519E-15  SWARM-A  17.989  240.729
2022-03-14T04:46:00Z  450.583  -62.661  -158.945  1.69654E-15  SWARM-A  18.015  242.657
2022-03-14T04:46:30Z  451.197  -64.571  -158.624  1.66043E-15  SWARM-A  18.045  244.585
2022-03-14T04:47:00Z  451.775  -66.479  -158.236  1.62660E-15  SWARM-A  18.079  246.512
2022-03-14T04:47:30Z  452.315  -68.384  -157.763  1.59471E-15  SWARM-A  18.119  248.439
2022-03-14T04:48:00Z  452.814  -70.286  -157.180  1.56410E-15  SWARM-A  18.166  250.367
2022-03-14T04:48:30Z  453.272  -72.184  -156.453  1.53443E-15  SWARM-A  18.223  252.294
2022-03-14T04:49:00Z  453.686  -74.077  -155.531  1.50483E-15  SWARM-A  18.293  254.221
2022-03-14T04:49:30Z  454.054  -75.963  -154.335  1.47523E-15  SWARM-A  18.381  256.148
2022-03-14T04:50:00Z  454.376  -77.840  -152.740  1.44581E-15  SWARM-A  18.496  258.075
2022-03-14T04:50:30Z  454.649  -79.701  -150.532  1.41675E-15  SWARM-A  18.651  260.003
2022-03-14T04:51:00Z  454.873  -81.539  -147.315  1.38836E-15  SWARM-A  18.874  261.930
2022-03-14T04:51:30Z  455.048  -83.332  -142.292  1.36099E-15  SWARM-A  19.217  263.857
2022-03-14T04:52:00Z  455.171  -85.034  -133.645  1.33506E-15  SWARM-A  19.802  265.784
2022-03-14T04:52:30Z  455.244  -86.507  -116.872  1.31098E-15  SWARM-A  20.929  267.710
2022-03-14T04:53:00Z  455.265  -87.343  -84.127  1.28921E-15  SWARM-A  23.120  269.637
2022-03-14T04:53:30Z  455.234  -86.958  -45.712  1.26714E-15  SWARM-A  1.689  271.564
2022-03-14T04:54:00Z  455.151  -85.667  -23.357  1.24588E-15  SWARM-A  3.188  273.491
2022-03-14T04:54:30Z  455.017  -84.031  -12.230  1.22625E-15  SWARM-A  3.938  275.418
2022-03-14T04:55:00Z  454.832  -82.266  -6.065  1.20843E-15  SWARM-A  4.357  277.345
2022-03-14T04:55:30Z  454.597  -80.443  -2.255  1.19235E-15  SWARM-A  4.620  279.273
2022-03-14T04:56:00Z  454.312  -78.590  0.296  1.17792E-15  SWARM-A  4.798  281.200
2022-03-14T04:56:30Z  453.979  -76.718  2.105  1.16514E-15  SWARM-A  4.927  283.127
2022-03-14T04:57:00Z  453.599  -74.836  3.443  1.15409E-15  SWARM-A  5.025  285.054
2022-03-14T04:57:30Z  453.173  -72.945  4.463  1.14591E-15  SWARM-A  5.101  286.982
2022-03-14T04:58:00Z  452.702  -71.049  5.261  1.13926E-15  SWARM-A  5.163  288.909
2022-03-14T04:58:30Z  452.189  -69.148  5.897  1.13415E-15  SWARM-A  5.213  290.836
2022-03-14T04:59:00Z  451.635  -67.244  6.411  1.13051E-15  SWARM-A  5.256  292.764
2022-03-14T04:59:30Z  451.042  -65.337  6.831  1.12829E-15  SWARM-A  5.292  294.692
2022-03-14T05:00:00Z  450.412  -63.428  7.177  1.12702E-15  SWARM-A  5.324  296.620
2022-03-14T05:00:30Z  449.749  -61.516  7.465  1.12691E-15  SWARM-A  5.351  298.547
2022-03-14T05:01:00Z  449.053  -59.603  7.704  1.12742E-15  SWARM-A  5.375  300.475
2022-03-14T05:01:30Z  448.328  -57.688  7.905  1.12758E-15  SWARM-A  5.397  302.404
2022-03-14T05:02:00Z  447.577  -55.771  8.073  1.12845E-15  SWARM-A  5.417  304.332
2022-03-14T05:02:30Z  446.801  -53.853  8.213  1.13006E-15  SWARM-A  5.434  306.260
2022-03-14T05:03:00Z  446.005  -51.933  8.331  1.13237E-15  SWARM-A  5.451  308.189
2022-03-14T05:03:30Z  445.190  -50.012  8.428  1.13518E-15  SWARM-A  5.465  310.118
2022-03-14T05:04:00Z  444.359  -48.089  8.509  1.13860E-15  SWARM-A  5.479  312.047
2022-03-14T05:04:30Z  443.517  -46.165  8.574  1.14264E-15  SWARM-A  5.492  313.976
2022-03-14T05:05:00Z  442.664  -44.240  8.627  1.14708E-15  SWARM-A  5.504  315.905
2022-03-14T05:05:30Z  441.806  -42.314  8.669  1.15152E-15  SWARM-A  5.515  317.834
2022-03-14T05:06:00Z  440.944  -40.387  8.701  1.15641E-15  SWARM-A  5.525  319.764
2022-03-14T05:06:30Z  440.083  -38.458  8.724  1.16185E-15  SWARM-A  5.535  321.694
2022-03-14T05:07:00Z  439.224  -36.528  8.739  1.16780E-15  SWARM-A  5.544  323.624
2022-03-14T05:07:30Z  438.370  -34.597  8.748  1.17425E-15  SWARM-A  5.553  325.554
2022-03-14T05:08:00Z  437.526  -32.665  8.751  1.18113E-15  SWARM-A  5.562  327.484
2022-03-14T05:08:30Z  436.693  -30.732  8.748  1.18843E-15  SWARM-A  5.570  329.414
2022-03-14T05:09:00Z  435.874  -28.798  8.740  1.19605E-15  SWARM-A  5.578  331.345
2022-03-14T05:09:30Z  435.073  -26.863  8.729  1.20390E-15  SWARM-A  5.585  333.276
2022-03-14T05:10:00Z  434.292  -24.927  8.713  1.21195E-15  SWARM-A  5.593  335.207
2022-03-14T05:10:30Z  433.533  -22.990  8.694  1.22016E-15  SWARM-A  5.600  337.138
2022-03-14T05:11:00Z  432.798  -21.052  8.672  1.22849E-15  SWARM-A  5.607  339.070
2022-03-14T05:11:30Z  432.091  -19.113  8.648  1.23667E-15  SWARM-A  5.613  341.001
2022-03-14T05:12:00Z  431.413  -17.174  8.621  1.24483E-15  SWARM-A  5.620  342.933
2022-03-14T05:12:30Z  430.767  -15.234  8.592  1.25291E-15  SWARM-A  5.626  344.865
2022-03-14T05:13:00Z  430.154  -13.293  8.561  1.26086E-15  SWARM-A  5.633  346.798
2022-03-14T05:13:30Z  429.575  -11.352  8.529  1.26877E-15  SWARM-A  5.639  348.730
2022-03-14T05:14:00Z  429.033  -9.410  8.496  1.27661E-15  SWARM-A  5.645  350.663
2022-03-14T05:14:30Z  428.530  -7.467  8.462  1.28441E-15  SWARM-A  5.651  352.596
2022-03-14T05:15:00Z  428.065  -5.525  8.427  1.29220E-15  SWARM-A  5.657  354.529
2022-03-14T05:15:30Z  427.640  -3.581  8.391  1.30005E-15  SWARM-A  5.663  356.462
2022-03-14T05:16:00Z  427.257  -1.638  8.355  1.30799E-15  SWARM-A  5.669  358.395
2022-03-14T05:16:30Z  426.915  0.306  8.319  1.31604E-15  SWARM-A  5.675  0.329
2022-03-14T05:17:00Z  426.615  2.250  8.283  1.32424E-15  SWARM-A  5.681  2.263
2022-03-14T05:17:30Z  426.357  4.194  8.247  1.33263E-15  SWARM-A  5.687  4.197
2022-03-14T05:18:00Z  426.142  6.138  8.211  1.34122E-15  SWARM-A  5.693  6.131
2022-03-14T05:18:30Z  425.969  8.082  8.177  1.35001E-15  SWARM-A  5.699  8.065
2022-03-14T05:19:00Z  425.837  10.026  8.143  1.35896E-15  SWARM-A  5.705  10.000
2022-03-14T05:19:30Z  425.748  11.970  8.110  1.36808E-15  SWARM-A  5.711  11.934
2022-03-14T05:20:00Z  425.699  13.913  8.078  1.37729E-15  SWARM-A  5.717  13.869
2022-03-14T05:20:30Z  425.689  15.857  8.049  1.38648E-15  SWARM-A  5.723  15.804
2022-03-14T05:21:00Z  425.719  17.800  8.021  1.39569E-15  SWARM-A  5.730  17.739
2022-03-14T05:21:30Z  425.786  19.743  7.995  1.40481E-15  SWARM-A  5.736  19.675
2022-03-14T05:22:00Z  425.890  21.685  7.971  1.41386E-15  SWARM-A  5.743  21.610
2022-03-14T05:22:30Z  426.028  23.627  7.950  1.42280E-15  SWARM-A  5.750  23.546
2022-03-14T05:23:00Z  426.199  25.568  7.933  1.43158E-15  SWARM-A  5.757  25.481
2022-03-14T05:23:30Z  426.402  27.509  7.919  1.44027E-15  SWARM-A  5.765  27.417
2022-03-14T05:24:00Z  426.634  29.449  7.909  1.44863E-15  SWARM-A  5.772  29.353
2022-03-14T05:24:30Z  426.893  31.388  7.903  1.45687E-15  SWARM-A  5.780  31.290
2022-03-14T05:25:00Z  427.177  33.327  7.902  1.46506E-15  SWARM-A  5.789  33.226
2022-03-14T05:25:30Z  427.485  35.265  7.907  1.47330E-15  SWARM-A  5.797  35.162
2022-03-14T05:26:00Z  427.813  37.202  7.919  1.48169E-15  SWARM-A  5.806  37.099
2022-03-14T05:26:30Z  428.159  39.138  7.937  1.49034E-15  SWARM-A  5.816  39.036
2022-03-14T05:27:00Z  428.521  41.073  7.964  1.49938E-15  SWARM-A  5.826  40.972
2022-03-14T05:27:30Z  428.896  43.008  8.000  1.50893E-15  SWARM-A  5.837  42.909
2022-03-14T05:28:00Z  429.283  44.941  8.046  1.51911E-15  SWARM-A  5.848  44.846
2022-03-14T05:28:30Z  429.677  46.874  8.104  1.53004E-15  SWARM-A  5.860  46.783
2022-03-14T05:29:00Z  430.077  48.805  8.176  1.54179E-15  SWARM-A  5.874  48.720
2022-03-14T05:29:30Z  430.480  50.736  8.263  1.55419E-15  SWARM-A  5.888  50.658
2022-03-14T05:30:00Z  430.883  52.665  8.369  1.56739E-15  SWARM-A  5.903  52.595
2022-03-14T05:30:30Z  431.285  54.593  8.496  1.58158E-15  SWARM-A  5.920  54.532
2022-03-14T05:31:00Z  431.682  56.519  8.648  1.59678E-15  SWARM-A  5.938  56.470
2022-03-14T05:31:30Z  432.073  58.445  8.829  1.61293E-15  SWARM-A  5.959  58.408
2022-03-14T05:32:00Z  432.455  60.369  9.046  1.62988E-15  SWARM-A  5.982  60.345
2022-03-14T05:32:30Z  432.825  62.291  9.306  1.64768E-15  SWARM-A  6.007  62.283
2022-03-14T05:33:00Z  433.182  64.211  9.618  1.66643E-15  SWARM-A  6.036  64.221
2022-03-14T05:33:30Z  433.523  66.130  9.995  1.68616E-15  SWARM-A  6.070  66.158
2022-03-14T05:34:00Z  433.847  68.046  10.455  1.70684E-15  SWARM-A  6.109  68.096
2022-03-14T05:34:30Z  434.151  69.958  11.020  1.72811E-15  SWARM-A  6.155  70.034
2022-03-14T05:35:00Z  434.434  71.868  11.724  1.74949E-15  SWARM-A  6.210  71.972
2022-03-14T05:35:30Z  434.694  73.772  12.615  1.77057E-15  SWARM-A  6.278  73.910
2022-03-14T05:36:00Z  434.930  75.670  13.767  1.79139E-15  SWARM-A  6.363  75.848
2022-03-14T05:36:30Z  435.141  77.559  15.300  1.81172E-15  SWARM-A  6.474  77.786
2022-03-14T05:37:00Z  435.325  79.434  17.411  1.83095E-15  SWARM-A  6.623  79.724
2022-03-14T05:37:30Z  435.481  81.286  20.468  1.85002E-15  SWARM-A  6.835  81.662
2022-03-14T05:38:00Z  435.609  83.097  25.200  1.86924E-15  SWARM-A  7.159  83.600
2022-03-14T05:38:30Z  435.707  84.825  33.250  1.88907E-15  SWARM-A  7.704  85.538
2022-03-14T05:39:00Z  435.776  86.350  48.699  1.90996E-15  SWARM-A  8.742  87.476
2022-03-14T05:39:30Z  435.815  87.302  79.530  1.93179E-15  SWARM-A  10.806  89.414
2022-03-14T05:40:00Z  435.824  87.059  119.063  1.95334E-15  SWARM-A  13.449  91.352
2022-03-14T05:40:30Z  435.802  85.825  143.308  1.97540E-15  SWARM-A  15.074  93.290
2022-03-14T05:41:00Z  435.751  84.201  155.278  1.99910E-15  SWARM-A  15.880  95.228
2022-03-14T05:41:30Z  435.670  82.434  161.807  2.02423E-15  SWARM-A  16.324  97.166
2022-03-14T05:42:00Z  435.561  80.605  165.795  2.04863E-15  SWARM-A  16.598  99.104
2022-03-14T05:42:30Z  435.423  78.743  168.443  2.07339E-15  SWARM-A  16.783  101.042
2022-03-14T05:43:00Z  435.257  76.862  170.310  2.09881E-15  SWARM-A  16.916  102.980
2022-03-14T05:43:30Z  435.065  74.970  171.684  2.12494E-15  SWARM-A  17.016  104.918
2022-03-14T05:44:00Z  434.848  73.069  172.729  2.15190E-15  SWARM-A  17.094  106.855
2022-03-14T05:44:30Z  434.607  71.163  173.544  2.17975E-15  SWARM-A  17.157  108.793
2022-03-14T05:45:00Z  434.344  69.253  174.192  2.20836E-15  SWARM-A  17.208  110.731
2022-03-14T05:45:30Z  434.060  67.339  174.714  2.23687E-15  SWARM-A  17.251  112.669
2022-03-14T05:46:00Z  433.757  65.422  175.141  2.26426E-15  SWARM-A  17.288  114.606
2022-03-14T05:46:30Z  433.436  63.503  175.492  2.28953E-15  SWARM-A  17.320  116.544
2022-03-14T05:47:00Z  433.101  61.582  175.784  2.31219E-15  SWARM-A  17.348  118.481
2022-03-14T05:47:30Z  432.752  59.660  176.027  2.33377E-15  SWARM-A  17.372  120.419
2022-03-14T05:48:00Z  432.392  57.735  176.230  2.35282E-15  SWARM-A  17.394  122.356
2022-03-14T05:48:30Z  432.024  55.810  176.400  2.36971E-15  SWARM-A  17.414  124.293
2022-03-14T05:49:00Z  431.649  53.883  176.542  2.38478E-15  SWARM-A  17.431  126.230
2022-03-14T05:49:30Z  431.271  51.955  176.661  2.39832E-15  SWARM-A  17.448  128.167
2022-03-14T05:50:00Z  430.891  50.025  176.759  2.41063E-15  SWARM-A  17.463  130.104
2022-03-14T05:50:30Z  430.511  48.095  176.841  2.42183E-15  SWARM-A  17.476  132.041
2022-03-14T05:51:00Z  430.136  46.164  176.907  2.43204E-15  SWARM-A  17.489  133.978
2022-03-14T05:51:30Z  429.766  44.231  176.961  2.44147E-15  SWARM-A  17.501  135.915
2022-03-14T05:52:00Z  429.405  42.298  177.003  2.45013E-15  SWARM-A  17.512  137.851
2022-03-14T05:52:30Z  429.055  40.363  177.035  2.45808E-15  SWARM-A  17.523  139.788
2022-03-14T05:53:00Z  428.719  38.428  177.058  2.46545E-15  SWARM-A  17.533  141.724
2022-03-14T05:53:30Z  428.398  36.492  177.074  2.47214E-15  SWARM-A  17.542  143.660
2022-03-14T05:54:00Z  428.096  34.555  177.083  2.47802E-15  SWARM-A  17.551  145.596
2022-03-14T05:54:30Z  427.815  32.617  177.086  2.48179E-15  SWARM-A  17.559  147.532
2022-03-14T05:55:00Z  427.557  30.679  177.083  2.48484E-15  SWARM-A  17.568  149.468
2022-03-14T05:55:30Z  427.324  28.739  177.076  2.48701E-15  SWARM-A  17.575  151.404
2022-03-14T05:56:00Z  427.118  26.800  177.064  2.48827E-15  SWARM-A  17.583  153.339
2022-03-14T05:56:30Z  426.941  24.859  177.049  2.48852E-15  SWARM-A  17.590  155.275
2022-03-14T05:57:00Z  426.796  22.918  177.030  2.48762E-15  SWARM-A  17.597  157.210
2022-03-14T05:57:30Z  426.683  20.977  177.008  2.48549E-15  SWARM-A  17.604  159.145
2022-03-14T05:58:00Z  426.605  19.035  176.984  2.48210E-15  SWARM-A  17.611  161.080
2022-03-14T05:58:30Z  426.563  17.092  176.957  2.47748E-15  SWARM-A  17.617  163.015
2022-03-14T05:59:00Z  426.557  15.150  176.928  2.47160E-15  SWARM-A  17.624  164.949
2022-03-14T05:59:30Z  426.590  13.207  176.898  2.46459E-15  SWARM-A  17.630  166.884
2022-03-14T06:00:00Z  426.662  11.263  176.866  2.45995E-15  SWARM-A  17.636  168.818
2022-03-14T06:00:30Z  426.775  9.320  176.832  2.45076E-15  SWARM-A  17.642  170.752
2022-03-14T06:01:00Z  426.927  7.376  176.798  2.44076E-15  SWARM-A  17.649  172.686
2022-03-14T06:01:30Z  427.121  5.433  176.763  2.43002E-15  SWARM-A  17.655  174.620
2022-03-14T06:02:00Z  427.356  3.489  176.727  2.41874E-15  SWARM-A  17.660  176.554
2022-03-14T06:02:30Z  427.633  1.546  176.691  2.40705E-15  SWARM-A  17.666  178.487
2022-03-14T06:03:00Z  427.950  -0.398  176.655  2.39500E-15  SWARM-A  17.672  180.420
2022-03-14T06:03:30Z  428.309  -2.341  176.619  2.38260E-15  SWARM-A  17.678  182.353
2022-03-14T06:04:00Z  428.707  -4.283  176.583  2.36995E-15  SWARM-A  17.684  184.286
2022-03-14T06:04:30Z  429.146  -6.226  176.547  2.35700E-15  SWARM-A  17.690  186.219
2022-03-14T06:05:00Z  429.623  -8.168  176.513  2.34369E-15  SWARM-A  17.696  188.151
2022-03-14T06:05:30Z  430.138  -10.110  176.479  2.33000E-15  SWARM-A  17.702  190.083
2022-03-14T06:06:00Z  430.689  -12.051  176.446  2.31575E-15  SWARM-A  17.708  192.015
2022-03-14T06:06:30Z  431.274  -13.992  176.414  2.30085E-15  SWARM-A  17.715  193.947
2022-03-14T06:07:00Z  431.893  -15.932  176.384  2.28516E-15  SWARM-A  17.721  195.879
2022-03-14T06:07:30Z  432.544  -17.871  176.356  2.26856E-15  SWARM-A  17.727  197.810
2022-03-14T06:08:00Z  433.224  -19.810  176.330  2.25087E-15  SWARM-A  17.734  199.742
2022-03-14T06:08:30Z  433.931  -21.748  176.306  2.23212E-15  SWARM-A  17.741  201.673
2022-03-14T06:09:00Z  434.663  -23.685  176.285  2.21225E-15  SWARM-A  17.748  203.604
2022-03-14T06:09:30Z  435.419  -25.621  176.267  2.19120E-15  SWARM-A  17.755  205.534
2022-03-14T06:10:00Z  436.194  -27.556  176.253  2.16898E-15  SWARM-A  17.762  207.465
2022-03-14T06:10:30Z  436.988  -29.490  176.243  2.14569E-15  SWARM-A  17.770  209.395
2022-03-14T06:11:00Z  437.796  -31.424  176.237  2.12144E-15  SWARM-A  17.778  211.325
2022-03-14T06:11:30Z  438.617  -33.356  176.236  2.09629E-15  SWARM-A  17.786  213.255
2022-03-14T06:12:00Z  439.448  -35.287  176.240  2.07049E-15  SWARM-A  17.795  215.185
2022-03-14T06:12:30Z  440.285  -37.217  176.251  2.04419E-15  SWARM-A  17.804  217.115
2022-03-14T06:13:00Z  441.126  -39.146  176.269  2.01760E-15  SWARM-A  17.813  219.044
2022-03-14T06:13:30Z  441.968  -41.074  176.295  1.99092E-15  SWARM-A  17.823  220.973
2022-03-14T06:14:00Z  442.808  -43.001  176.330  1.96426E-15  SWARM-A  17.834  222.903
2022-03-14T06:14:30Z  443.643  -44.926  176.376  1.93776E-15  SWARM-A  17.845  224.831
2022-03-14T06:15:00Z  444.469  -46.850  176.433  1.91142E-15  SWARM-A  17.858  226.760
2022-03-14T06:15:30Z  445.284  -48.773  176.503  1.88505E-15  SWARM-A  17.871  228.689
2022-03-14T06:16:00Z  446.085  -50.695  176.590  1.85842E-15  SWARM-A  17.885  230.617
2022-03-14T06:16:30Z  446.869  -52.615  176.694  1.83124E-15  SWARM-A  17.900  232.546
2022-03-14T06:17:00Z  447.633  -54.534  176.819  1.80361E-15  SWARM-A  17.917  234.474
2022-03-14T06:17:30Z  448.374  -56.451  176.968  1.77606E-15  SWARM-A  17.935  236.402
2022-03-14T06:18:00Z  449.090  -58.367  177.147  1.74921E-15  SWARM-A  17.955  238.330
2022-03-14T06:18:30Z  449.778  -60.282  177.361  1.72361E-15  SWARM-A  17.978  240.258
2022-03-14T06:19:00Z  450.435  -62.194  177.616  1.69933E-15  SWARM-A  18.003  242.186
2022-03-14T06:19:30Z  451.060  -64.105  177.923  1.67565E-15  SWARM-A  18.032  244.113
2022-03-14T06:20:00Z  451.648  -66.013  178.293  1.65246E-15  SWARM-A  18.065  246.041
2022-03-14T06:20:30Z  452.199  -67.919  178.743  1.62936E-15  SWARM-A  18.103  247.968
2022-03-14T06:21:00Z  452.710  -69.821  179.296  1.60611E-15  SWARM-A  18.148  249.895
2022-03-14T06:21:30Z  453.180  -71.721  179.984  1.58252E-15  SWARM-A  18.203  251.823
2022-03-14T06:22:00Z  453.606  -73.615  -179.148  1.55840E-15  SWARM-A  18.269  253.750
2022-03-14T06:22:30Z  453.987  -75.503  -178.029  1.53353E-15  SWARM-A  18.352  255.677
2022-03-14T06:23:00Z  454.322  -77.382  -176.547  1.50861E-15  SWARM-A  18.459  257.604
2022-03-14T06:23:30Z  454.609  -79.248  -174.516  1.48389E-15  SWARM-A  18.603  259.531
2022-03-14T06:24:00Z  454.847  -81.092  -171.600  1.45957E-15  SWARM-A  18.805  261.458
2022-03-14T06:24:30Z  455.035  -82.899  -167.132  1.43582E-15  SWARM-A  19.112  263.385
2022-03-14T06:25:00Z  455.172  -84.631  -159.643  1.41287E-15  SWARM-A  19.619  265.312
2022-03-14T06:25:30Z  455.258  -86.183  -145.524  1.39091E-15  SWARM-A  20.569  267.239
2022-03-14T06:26:00Z  455.293  -87.236  -117.128  1.37038E-15  SWARM-A  22.470  269.166
2022-03-14T06:26:30Z  455.276  -87.165  -77.259  1.35063E-15  SWARM-A  1.136  271.093
2022-03-14T06:27:00Z  455.207  -86.030  -50.798  1.33059E-15  SWARM-A  2.909  273.020
2022-03-14T06:27:30Z  455.087  -84.448  -37.697  1.31100E-15  SWARM-A  3.791  274.947
2022-03-14T06:28:00Z  454.915  -82.705  -30.654  1.29228E-15  SWARM-A  4.268  276.874
2022-03-14T06:28:30Z  454.693  -80.893  -26.405  1.27467E-15  SWARM-A  4.560  278.801
2022-03-14T06:29:00Z  454.422  -79.046  -23.608  1.25816E-15  SWARM-A  4.755  280.728
2022-03-14T06:29:30Z  454.101  -77.178  -21.650  1.24274E-15  SWARM-A  4.894  282.655
2022-03-14T06:30:00Z  453.733  -75.297  -20.215  1.22826E-15  SWARM-A  4.998  284.582
2022-03-14T06:30:30Z  453.319  -73.409  -19.128  1.21503E-15  SWARM-A  5.079  286.510
2022-03-14T06:31:00Z  452.860  -71.513  -18.282  1.20306E-15  SWARM-A  5.143  288.437
2022-03-14T06:31:30Z  452.358  -69.614  -17.611  1.19292E-15  SWARM-A  5.196  290.365
2022-03-14T06:32:00Z  451.814  -67.710  -17.071  1.18404E-15  SWARM-A  5.241  292.292
2022-03-14T06:32:30Z  451.232  -65.804  -16.630  1.17623E-15  SWARM-A  5.278  294.220
2022-03-14T06:33:00Z  450.612  -63.895  -16.267  1.16943E-15  SWARM-A  5.311  296.148
2022-03-14T06:33:30Z  449.957  -61.984  -15.967  1.16351E-15  SWARM-A  5.339  298.075
2022-03-14T06:34:00Z  449.270  -60.071  -15.716  1.15846E-15  SWARM-A  5.364  300.003
2022-03-14T06:34:30Z  448.552  -58.157  -15.507  1.15424E-15  SWARM-A  5.387  301.932
2022-03-14T06:35:00Z  447.807  -56.240  -15.331  1.15049E-15  SWARM-A  5.407  303.860
2022-03-14T06:35:30Z  447.038  -54.323  -15.185  1.14749E-15  SWARM-A  5.425  305.788
2022-03-14T06:36:00Z  446.246  -52.403  -15.062  1.14521E-15  SWARM-A  5.441  307.717
2022-03-14T06:36:30Z  445.436  -50.482  -14.960  1.14375E-15  SWARM-A  5.456  309.645
2022-03-14T06:37:00Z  444.609  -48.560  -14.876  1.14298E-15  SWARM-A  5.470  311.574
2022-03-14T06:37:30Z  443.769  -46.637  -14.807  1.14293E-15  SWARM-A  5.483  313.503
2022-03-14T06:38:00Z  442.919  -44.712  -14.751  1.14358E-15  SWARM-A  5.495  315.432
2022-03-14T06:38:30Z  442.061  -42.786  -14.707  1.14496E-15  SWARM-A  5.507  317.362
2022-03-14T06:39:00Z  441.200  -40.859  -14.672  1.14651E-15  SWARM-A  5.517  319.291
2022-03-14T06:39:30Z  440.337  -38.931  -14.647  1.14848E-15  SWARM-A  5.527  321.221
2022-03-14T06:40:00Z  439.476  -37.001  -14.630  1.15113E-15  SWARM-A  5.537  323.151
2022-03-14T06:40:30Z  438.621  -35.071  -14.620  1.15444E-15  SWARM-A  5.546  325.081
2022-03-14T06:41:00Z  437.773  -33.139  -14.616  1.15827E-15  SWARM-A  5.554  327.011
2022-03-14T06:41:30Z  436.936  -31.206  -14.618  1.16264E-15  SWARM-A  5.563  328.941
2022-03-14T06:42:00Z  436.113  -29.272  -14.624  1.16757E-15  SWARM-A  5.571  330.872
2022-03-14T06:42:30Z  435.306  -27.337  -14.635  1.17302E-15  SWARM-A  5.578  332.803
2022-03-14T06:43:00Z  434.519  -25.402  -14.650  1.17895E-15  SWARM-A  5.585  334.734
2022-03-14T06:43:30Z  433.753  -23.465  -14.668  1.18529E-15  SWARM-A  5.593  336.665
2022-03-14T06:44:00Z  433.011  -21.527  -14.689  1.19201E-15  SWARM-A  5.600  338.596
2022-03-14T06:44:30Z  432.296  -19.589  -14.713  1.19913E-15  SWARM-A  5.606  340.528
2022-03-14T06:45:00Z  431.610  -17.650  -14.739  1.20656E-15  SWARM-A  5.613  342.460
2022-03-14T06:45:30Z  430.954  -15.710  -14.768  1.21431E-15  SWARM-A  5.619  344.392
2022-03-14T06:46:00Z  430.332  -13.769  -14.798  1.22238E-15  SWARM-A  5.626  346.324
2022-03-14T06:46:30Z  429.743  -11.828  -14.829  1.23072E-15  SWARM-A  5.632  348.256
2022-03-14T06:47:00Z  429.191  -9.886  -14.862  1.23939E-15  SWARM-A  5.638  350.189
2022-03-14T06:47:30Z  428.677  -7.944  -14.897  1.24832E-15  SWARM-A  5.644  352.122
2022-03-14T06:48:00Z  428.201  -6.001  -14.931  1.25755E-15  SWARM-A  5.650  354.055
2022-03-14T06:48:30Z  427.765  -4.058  -14.967  1.26715E-15  SWARM-A  5.656  355.988
2022-03-14T06:49:00Z  427.370  -2.115  -15.003  1.27699E-15  SWARM-A  5.662  357.921
2022-03-14T06:49:30Z  427.016  -0.171  -15.039  1.28708E-15  SWARM-A  5.668  359.855
2022-03-14T06:50:00Z  426.704  1.773  -15.075  1.29750E-15  SWARM-A  5.674  1.788
2022-03-14T06:50:30Z  426.434  3.717  -15.111  1.30823E-15  SWARM-A  5.680  3.722
2022-03-14T06:51:00Z  426.206  5.661  -15.147  1.31930E-15  SWARM-A  5.686  5.656
2022-03-14T06:51:30Z  426.021  7.605  -15.182  1.33063E-15  SWARM-A  5.692  7.591
2022-03-14T06:52:00Z  425.878  9.549  -15.216  1.34217E-15  SWARM-A  5.698  9.525
2022-03-14T06:52:30Z  425.776  11.493  -15.249  1.35390E-15  SWARM-A  5.704  11.460
2022-03-14T06:53:00Z  425.715  13.437  -15.281  1.36573E-15  SWARM-A  5.710  13.394
2022-03-14T06:53:30Z  425.694  15.380  -15.311  1.37761E-15  SWARM-A  5.716  15.329
2022-03-14T06:54:00Z  425.713  17.323  -15.340  1.38943E-15  SWARM-A  5.723  17.265
2022-03-14T06:54:30Z  425.769  19.266  -15.366  1.40117E-15  SWARM-A  5.729  19.200
2022-03-14T06:55:00Z  425.861  21.208  -15.391  1.41271E-15  SWARM-A  5.736  21.135
2022-03-14T06:55:30Z  425.989  23.150  -15.412  1.42401E-15  SWARM-A  5.743  23.071
2022-03-14T06:56:00Z  426.150  25.092  -15.430  1.43502E-15  SWARM-A  5.750  25.007
2022-03-14T06:56:30Z  426.343  27.033  -15.445  1.44580E-15  SWARM-A  5.757  26.942
2022-03-14T06:57:00Z  426.565  28.973  -15.457  1.45628E-15  SWARM-A  5.765  28.879
2022-03-14T06:57:30Z  426.816  30.912  -15.463  1.46654E-15  SWARM-A  5.773  30.815
2022-03-14T06:58:00Z  427.092  32.851  -15.465  1.47641E-15  SWARM-A  5.781  32.751
2022-03-14T06:58:30Z  427.392  34.789  -15.462  1.48610E-15  SWARM-A  5.790  34.687
2022-03-14T06:59:00Z  427.712  36.727  -15.452  1.49577E-15  SWARM-A  5.799  36.624
2022-03-14T06:59:30Z  428.052  38.663  -15.435  1.50553E-15  SWARM-A  5.808  38.561
2022-03-14T07:00:00Z  428.408  40.599  -15.411  1.51548E-15  SWARM-A  5.818  40.497
2022-03-14T07:00:30Z  428.778  42.533  -15.377  1.52563E-15  SWARM-A  5.829  42.434
2022-03-14T07:01:00Z  429.159  44.467  -15.334  1.53617E-15  SWARM-A  5.840  44.371
2022-03-14T07:01:30Z  429.549  46.400  -15.279  1.54713E-15  SWARM-A  5.852  46.308
2022-03-14T07:02:00Z  429.946  48.332  -15.211  1.55859E-15  SWARM-A  5.865  48.245
2022-03-14T07:02:30Z  430.346  50.262  -15.127  1.57051E-15  SWARM-A  5.879  50.183
2022-03-14T07:03:00Z  430.747  52.192  -15.026  1.58294E-15  SWARM-A  5.894  52.120
2022-03-14T07:03:30Z  431.148  54.120  -14.905  1.59578E-15  SWARM-A  5.910  54.057
2022-03-14T07:04:00Z  431.544  56.047  -14.760  1.60878E-15  SWARM-A  5.928  55.995
2022-03-14T07:04:30Z  431.934  57.973  -14.586  1.62201E-15  SWARM-A  5.948  57.933
2022-03-14T07:05:00Z  432.316  59.897  -14.378  1.63565E-15  SWARM-A  5.970  59.870
2022-03-14T07:05:30Z  432.687  61.820  -14.130  1.64977E-15  SWARM-A  5.995  61.808
2022-03-14T07:06:00Z  433.044  63.741  -13.831  1.66442E-15  SWARM-A  6.023  63.746
2022-03-14T07:06:30Z  433.387  65.660  -13.471  1.67957E-15  SWARM-A  6.056  65.683
2022-03-14T07:07:00Z  433.713  67.576  -13.034  1.69496E-15  SWARM-A  6.093  67.621
2022-03-14T07:07:30Z  434.019  69.490  -12.498  1.71034E-15  SWARM-A  6.137  69.559
2022-03-14T07:08:00Z  434.305  71.400  -11.832  1.72546E-15  SWARM-A  6.190  71.497
2022-03-14T07:08:30Z  434.568  73.306  -10.992  1.74018E-15  SWARM-A  6.254  73.435
2022-03-14T07:09:00Z  434.808  75.206  -9.912  1.75445E-15  SWARM-A  6.335  75.373
2022-03-14T07:09:30Z  435.022  77.097  -8.488  1.76843E-15  SWARM-A  6.438  77.311
2022-03-14T07:10:00Z  435.210  78.976  -6.543  1.78233E-15  SWARM-A  6.576  79.249
2022-03-14T07:10:30Z  435.371  80.835  -3.766  1.79633E-15  SWARM-A  6.769  81.187
2022-03-14T07:11:00Z  435.503  82.659  0.453  1.81087E-15  SWARM-A  7.059  83.125
2022-03-14T07:11:30Z  435.607  84.414  7.448  1.82637E-15  SWARM-A  7.534  85.063
2022-03-14T07:12:00Z  435.681  86.008  20.473  1.84321E-15  SWARM-A  8.410  87.001
2022-03-14T07:12:30Z  435.725  87.158  46.882  1.86159E-15  SWARM-A  10.179  88.939
2022-03-14T07:13:00Z  435.739  87.238  86.944  1.88023E-15  SWARM-A  12.858  90.878
2022-03-14T07:13:30Z  435.723  86.179  115.509  1.89903E-15  SWARM-A  14.771  92.816
2022-03-14T07:14:00Z  435.677  84.617  129.660  1.91935E-15  SWARM-A  15.723  94.754
2022-03-14T07:14:30Z  435.602  82.874  137.147  1.94112E-15  SWARM-A  16.230  96.692
2022-03-14T07:15:00Z  435.497  81.056  141.607  1.96389E-15  SWARM-A  16.536  98.630
2022-03-14T07:15:30Z  435.364  79.200  144.516  1.98745E-15  SWARM-A  16.738  100.568
2022-03-14T07:16:00Z  435.204  77.324  146.540  2.01155E-15  SWARM-A  16.882  102.506
2022-03-14T07:16:30Z  435.017  75.434  148.016  2.03611E-15  SWARM-A  16.988  104.444
2022-03-14T07:17:00Z  434.805  73.535  149.130  2.06104E-15  SWARM-A  17.071  106.381
2022-03-14T07:17:30Z  434.569  71.630  149.995  2.08620E-15  SWARM-A  17.137  108.319
2022-03-14T07:18:00Z  434.310  69.720  150.679  2.11119E-15  SWARM-A  17.191  110.257
2022-03-14T07:18:30Z  434.029  67.807  151.229  2.13548E-15  SWARM-A  17.236  112.195
2022-03-14T07:19:00Z  433.730  65.891  151.677  2.15870E-15  SWARM-A  17.274  114.132
2022-03-14T07:19:30Z  433.413  63.972  152.045  2.18045E-15  SWARM-A  17.307  116.070
2022-03-14T07:20:00Z  433.080  62.052  152.350  2.20056E-15  SWARM-A  17.336  118.008
2022-03-14T07:20:30Z  432.734  60.130  152.604  2.21907E-15  SWARM-A  17.361  119.945
2022-03-14T07:21:00Z  432.376  58.206  152.816  2.23613E-15  SWARM-A  17.383  121.882
2022-03-14T07:21:30Z  432.009  56.281  152.994  2.25178E-15  SWARM-A  17.403  123.820
2022-03-14T07:22:00Z  431.635  54.354  153.142  2.26628E-15  SWARM-A  17.422  125.757
2022-03-14T07:22:30Z  431.257  52.426  153.266  2.27972E-15  SWARM-A  17.438  127.694
2022-03-14T07:23:00Z  430.876  50.497  153.370  2.29222E-15  SWARM-A  17.454  129.631
2022-03-14T07:23:30Z  430.496  48.567  153.455  2.30394E-15  SWARM-A  17.468  131.568
2022-03-14T07:24:00Z  430.119  46.635  153.525  2.31495E-15  SWARM-A  17.481  133.505
2022-03-14T07:24:30Z  429.747  44.703  153.581  2.32539E-15  SWARM-A  17.493  135.442
2022-03-14T07:25:00Z  429.383  42.770  153.626  2.33530E-15  SWARM-A  17.504  137.379
2022-03-14T07:25:30Z  429.030  40.835  153.661  2.34492E-15  SWARM-A  17.515  139.315
2022-03-14T07:26:00Z  428.690  38.900  153.686  2.35405E-15  SWARM-A  17.525  141.252
2022-03-14T07:26:30Z  428.365  36.964  153.704  2.36264E-15  SWARM-A  17.534  143.188
2022-03-14T07:27:00Z  428.058  35.027  153.714  2.37063E-15  SWARM-A  17.543  145.124
2022-03-14T07:27:30Z  427.772  33.090  153.718  2.37778E-15  SWARM-A  17.552  147.060
2022-03-14T07:28:00Z  427.508  31.151  153.717  2.38289E-15  SWARM-A  17.560  148.996
2022-03-14T07:28:30Z  427.269  29.212  153.711  2.38704E-15  SWARM-A  17.568  150.932
2022-03-14T07:29:00Z  427.056  27.273  153.700  2.39006E-15  SWARM-A  17.576  152.868
2022-03-14T07:29:30Z  426.873  25.332  153.686  2.39190E-15  SWARM-A  17.583  154.803
2022-03-14T07:30:00Z  426.720  23.391  153.668  2.39247E-15  SWARM-A  17.590  156.738
2022-03-14T07:30:30Z  426.600  21.450  153.646  2.39166E-15  SWARM-A  17.597  158.674
2022-03-14T07:31:00Z  426.513  19.508  153.623  2.38947E-15  SWARM-A  17.604  160.609
2022-03-14T07:31:30Z  426.463  17.566  153.596  2.38584E-15  SWARM-A  17.610  162.544
2022-03-14T07:32:00Z  426.449  15.623  153.568  2.38082E-15  SWARM-A  17.617  164.478
2022-03-14T07:32:30Z  426.473  13.680  153.538  2.37446E-15  SWARM-A  17.623  166.413
2022-03-14T07:33:00Z  426.536  11.737  153.506  2.36689E-15  SWARM-A  17.629  168.347
2022-03-14T07:33:30Z  426.640  9.793  153.473  2.35817E-15  SWARM-A  17.635  170.281
2022-03-14T07:34:00Z  426.783  7.850  153.439  2.34845E-15  SWARM-A  17.642  172.215
2022-03-14T07:34:30Z  426.968  5.906  153.404  2.33779E-15  SWARM-A  17.648  174.149
2022-03-14T07:35:00Z  427.194  3.962  153.369  2.32640E-15  SWARM-A  17.654  176.083
2022-03-14T07:35:30Z  427.461  2.019  153.333  2.31430E-15  SWARM-A  17.659  178.016
2022-03-14T07:36:00Z  427.770  0.075  153.296  2.30162E-15  SWARM-A  17.665  179.950
2022-03-14T07:36:30Z  428.120  -1.868  153.260  2.28835E-15  SWARM-A  17.671  181.883
2022-03-14T07:37:00Z  428.510  -3.811  153.224  2.27456E-15  SWARM-A  17.677  183.816
2022-03-14T07:37:30Z  428.939  -5.753  153.188  2.26026E-15  SWARM-A  17.683  185.749
2022-03-14T07:38:00Z  429.408  -7.696  153.153  2.24619E-15  SWARM-A  17.689  187.681
2022-03-14T07:38:30Z  429.915  -9.638  153.119  2.23196E-15  SWARM-A  17.695  189.613
2022-03-14T07:39:00Z  430.458  -11.579  153.086  2.21702E-15  SWARM-A  17.701  191.546
2022-03-14T07:39:30Z  431.036  -13.520  153.054  2.20127E-15  SWARM-A  17.708  193.478
2022-03-14T07:40:00Z  431.649  -15.460  153.024  2.18460E-15  SWARM-A  17.714  195.409
2022-03-14T07:40:30Z  432.293  -17.400  152.995  2.16683E-15  SWARM-A  17.720  197.341
2022-03-14T07:41:00Z  432.967  -19.339  152.968  2.14786E-15  SWARM-A  17.727  199.272
2022-03-14T07:41:30Z  433.669  -21.277  152.944  2.12763E-15  SWARM-A  17.734  201.204
2022-03-14T07:42:00Z  434.397  -23.214  152.922  2.10617E-15  SWARM-A  17.740  203.134
2022-03-14T07:42:30Z  435.149  -25.150  152.904  2.08331E-15  SWARM-A  17.748  205.065
2022-03-14T07:43:00Z  435.922  -27.086  152.889  2.05920E-15  SWARM-A  17.755  206.996
2022-03-14T07:43:30Z  436.713  -29.020  152.877  2.03384E-15  SWARM-A  17.762  208.926
2022-03-14T07:44:00Z  437.520  -30.954  152.870  2.00740E-15  SWARM-A  17.770  210.857
2022-03-14T07:44:30Z  438.341  -32.887  152.868  1.98001E-15  SWARM-A  17.778  212.787
2022-03-14T07:45:00Z  439.172  -34.818  152.871  1.95181E-15  SWARM-A  17.787  214.716
2022-03-14T07:45:30Z  440.011  -36.749  152.880  1.92304E-15  SWARM-A  17.796  216.646
2022-03-14T07:46:00Z  440.854  -38.678  152.897  1.89381E-15  SWARM-A  17.805  218.576
2022-03-14T07:46:30Z  441.699  -40.606  152.921  1.86432E-15  SWARM-A  17.815  220.505
2022-03-14T07:47:00Z  442.543  -42.533  152.953  1.83459E-15  SWARM-A  17.826  222.434
2022-03-14T07:47:30Z  443.382  -44.459  152.996  1.80381E-15  SWARM-A  17.837  224.363
2022-03-14T07:48:00Z  444.214  -46.383  153.050  1.77266E-15  SWARM-A  17.849  226.292
2022-03-14T07:48:30Z  445.036  -48.307  153.117  1.74101E-15  SWARM-A  17.862  228.221
2022-03-14T07:49:00Z  445.844  -50.229  153.200  1.70895E-15  SWARM-A  17.876  230.149
2022-03-14T07:49:30Z  446.636  -52.149  153.299  1.67688E-15  SWARM-A  17.891  232.078
2022-03-14T07:50:00Z  447.409  -54.068  153.419  1.64543E-15  SWARM-A  17.907  234.006
2022-03-14T07:50:30Z  448.160  -55.986  153.562  1.61518E-15  SWARM-A  17.925  235.934
2022-03-14T07:51:00Z  448.886  -57.902  153.733  1.58615E-15  SWARM-A  17.945  237.862
2022-03-14T07:51:30Z  449.585  -59.817  153.938  1.55790E-15  SWARM-A  17.967  239.790
2022-03-14T07:52:00Z  450.253  -61.730  154.182  1.53036E-15  SWARM-A  17.991  241.718
2022-03-14T07:52:30Z  450.889  -63.641  154.476  1.50322E-15  SWARM-A  18.019  243.645
2022-03-14T07:53:00Z  451.490  -65.550  154.829  1.47620E-15  SWARM-A  18.051  245.573
2022-03-14T07:53:30Z  452.054  -67.456  155.258  1.44922E-15  SWARM-A  18.088  247.500
2022-03-14T07:54:00Z  452.579  -69.360  155.784  1.42226E-15  SWARM-A  18.131  249.428
2022-03-14T07:54:30Z  453.062  -71.260  156.435  1.39541E-15  SWARM-A  18.183  251.355
2022-03-14T07:55:00Z  453.502  -73.156  157.254  1.36882E-15  SWARM-A  18.246  253.282
2022-03-14T07:55:30Z  453.898  -75.045  158.304  1.34262E-15  SWARM-A  18.324  255.209
2022-03-14T07:56:00Z  454.247  -76.927  159.684  1.31693E-15  SWARM-A  18.425  257.137
2022-03-14T07:56:30Z  454.549  -78.797  161.558  1.29182E-15  SWARM-A  18.558  259.064
2022-03-14T07:57:00Z  454.803  -80.647  164.216  1.26735E-15  SWARM-A  18.743  260.991
2022-03-14T07:57:30Z  455.006  -82.466  168.216  1.24349E-15  SWARM-A  19.018  262.918
2022-03-14T07:58:00Z  455.159  -84.221  174.757  1.22032E-15  SWARM-A  19.463  264.845
2022-03-14T07:58:30Z  455.261  -85.834  -173.274  1.19798E-15  SWARM-A  20.269  266.772
2022-03-14T07:59:00Z  455.312  -87.060  -149.115  1.17675E-15  SWARM-A  21.888  268.698
2022-03-14T07:59:30Z  455.311  -87.305  -109.800  1.15653E-15  SWARM-A  0.517  270.625
2022-03-14T08:00:00Z  455.258  -86.365  -78.996  1.13617E-15  SWARM-A  2.579  272.552
2022-03-14T08:00:30Z  455.153  -84.853  -63.490  1.11622E-15  SWARM-A  3.621  274.479
2022-03-14T08:01:00Z  454.997  -83.137  -55.396  1.09735E-15  SWARM-A  4.169  276.406
2022-03-14T08:01:30Z  454.790  -81.337  -50.636  1.07975E-15  SWARM-A  4.495  278.333
2022-03-14T08:02:00Z  454.534  -79.496  -47.561  1.06362E-15  SWARM-A  4.708  280.260
2022-03-14T08:02:30Z  454.228  -77.633  -45.436  1.04905E-15  SWARM-A  4.858  282.188
2022-03-14T08:03:00Z  453.875  -75.755  -43.894  1.03591E-15  SWARM-A  4.969  284.115
2022-03-14T08:03:30Z  453.474  -73.868  -42.733  1.02350E-15  SWARM-A  5.055  286.042
2022-03-14T08:04:00Z  453.029  -71.974  -41.836  1.01255E-15  SWARM-A  5.123  287.969
2022-03-14T08:04:30Z  452.540  -70.075  -41.128  1.00305E-15  SWARM-A  5.179  289.897
2022-03-14T08:05:00Z  452.009  -68.173  -40.559  9.95013E-16  SWARM-A  5.225  291.824
2022-03-14T08:05:30Z  451.439  -66.267  -40.096  9.88489E-16  SWARM-A  5.264  293.752
2022-03-14T08:06:00Z  450.830  -64.359  -39.716  9.83502E-16  SWARM-A  5.298  295.679
2022-03-14T08:06:30Z  450.186  -62.449  -39.402  9.80030E-16  SWARM-A  5.327  297.607
2022-03-14T08:07:00Z  449.509  -60.536  -39.140  9.78037E-16  SWARM-A  5.353  299.535
2022-03-14T08:07:30Z  448.800  -58.622  -38.922  9.77208E-16  SWARM-A  5.376  301.463
2022-03-14T08:08:00Z  448.064  -56.706  -38.738  9.77784E-16  SWARM-A  5.396  303.391
2022-03-14T08:08:30Z  447.302  -54.789  -38.585  9.79677E-16  SWARM-A  5.415  305.320
2022-03-14T08:09:00Z  446.518  -52.870  -38.457  9.82840E-16  SWARM-A  5.432  307.248
2022-03-14T08:09:30Z  445.713  -50.949  -38.350  9.87226E-16  SWARM-A  5.447  309.177
2022-03-14T08:10:00Z  444.892  -49.028  -38.262  9.92801E-16  SWARM-A  5.462  311.105
2022-03-14T08:10:30Z  444.056  -47.105  -38.189  9.99342E-16  SWARM-A  5.475  313.034
2022-03-14T08:11:00Z  443.210  -45.180  -38.131  1.00681E-15  SWARM-A  5.487  314.963
2022-03-14T08:11:30Z  442.356  -43.255  -38.084  1.01512E-15  SWARM-A  5.498  316.893
2022-03-14T08:12:00Z  441.497  -41.328  -38.047  1.02456E-15  SWARM-A  5.509  318.822
2022-03-14T08:12:30Z  440.636  -39.400  -38.020  1.03471E-15  SWARM-A  5.519  320.752
2022-03-14T08:13:00Z  439.777  -37.471  -38.001  1.04527E-15  SWARM-A  5.529  322.681
2022-03-14T08:13:30Z  438.921  -35.540  -37.989  1.05611E-15  SWARM-A  5.538  324.611
2022-03-14T08:14:00Z  438.073  -33.609  -37.984  1.06731E-15  SWARM-A  5.547  326.541
2022-03-14T08:14:30Z  437.235  -31.676  -37.984  1.07899E-15  SWARM-A  5.555  328.472
2022-03-14T08:15:00Z  436.410  -29.743  -37.989  1.09088E-15  SWARM-A  5.563  330.402
2022-03-14T08:15:30Z  435.601  -27.808  -37.999  1.10291E-15  SWARM-A  5.571  332.333
2022-03-14T08:16:00Z  434.810  -25.873  -38.013  1.11498E-15  SWARM-A  5.578  334.264
2022-03-14T08:16:30Z  434.041  -23.936  -38.030  1.12711E-15  SWARM-A  5.585  336.195
2022-03-14T08:17:00Z  433.294  -21.999  -38.051  1.13921E-15  SWARM-A  5.592  338.126
2022-03-14T08:17:30Z  432.574  -20.061  -38.074  1.15123E-15  SWARM-A  5.599  340.058
2022-03-14T08:18:00Z  431.882  -18.122  -38.100  1.16315E-15  SWARM-A  5.606  341.989
2022-03-14T08:18:30Z  431.220  -16.182  -38.128  1.17497E-15  SWARM-A  5.612  343.921
2022-03-14T08:19:00Z  430.590  -14.242  -38.158  1.18662E-15  SWARM-A  5.619  345.853
2022-03-14T08:19:30Z  429.995  -12.301  -38.189  1.19742E-15  SWARM-A  5.625  347.785
2022-03-14T08:20:00Z  429.435  -10.359  -38.222  1.20798E-15  SWARM-A  5.631  349.718
2022-03-14T08:20:30Z  428.912  -8.417  -38.256  1.21841E-15  SWARM-A  5.637  351.651
2022-03-14T08:21:00Z  428.427  -6.475  -38.290  1.22869E-15  SWARM-A  5.643  353.583
2022-03-14T08:21:30Z  427.982  -4.532  -38.326  1.23874E-15  SWARM-A  5.649  355.516
2022-03-14T08:22:00Z  427.577  -2.589  -38.362  1.24855E-15  SWARM-A  5.655  357.450
2022-03-14T08:22:30Z  427.214  -0.645  -38.398  1.25812E-15  SWARM-A  5.661  359.383
2022-03-14T08:23:00Z  426.892  1.299  -38.434  1.26734E-15  SWARM-A  5.667  1.317
2022-03-14T08:23:30Z  426.612  3.243  -38.470  1.27618E-15  SWARM-A  5.673  3.250
2022-03-14T08:24:00Z  426.375  5.186  -38.506  1.28459E-15  SWARM-A  5.679  5.184
2022-03-14T08:24:30Z  426.179  7.130  -38.541  1.29267E-15  SWARM-A  5.685  7.119
2022-03-14T08:25:00Z  426.026  9.074  -38.575  1.30007E-15  SWARM-A  5.691  9.053
2022-03-14T08:25:30Z  425.914  11.018  -38.609  1.30681E-15  SWARM-A  5.697  10.987
2022-03-14T08:26:00Z  425.844  12.962  -38.641  1.31287E-15  SWARM-A  5.703  12.922
2022-03-14T08:26:30Z  425.813  14.905  -38.672  1.31818E-15  SWARM-A  5.709  14.857
2022-03-14T08:27:00Z  425.822  16.849  -38.701  1.32274E-15  SWARM-A  5.716  16.792
2022-03-14T08:27:30Z  425.869  18.791  -38.728  1.32655E-15  SWARM-A  5.722  18.727
2022-03-14T08:28:00Z  425.953  20.734  -38.753  1.32960E-15  SWARM-A  5.729  20.662
2022-03-14T08:28:30Z  426.072  22.676  -38.775  1.33193E-15  SWARM-A  5.736  22.598
2022-03-14T08:29:00Z  426.225  24.617  -38.794  1.33361E-15  SWARM-A  5.743  24.534
2022-03-14T08:29:30Z  426.410  26.558  -38.810  1.33469E-15  SWARM-A  5.750  26.469
2022-03-14T08:30:00Z  426.625  28.498  -38.822  1.33533E-15  SWARM-A  5.758  28.405
2022-03-14T08:30:30Z  426.869  30.438  -38.830  1.33559E-15  SWARM-A  5.765  30.341
2022-03-14T08:31:00Z  427.138  32.377  -38.833  1.33543E-15  SWARM-A  5.774  32.278
2022-03-14T08:31:30Z  427.432  34.315  -38.831  1.33513E-15  SWARM-A  5.782  34.214
2022-03-14T08:32:00Z  427.747  36.253  -38.823  1.33474E-15  SWARM-A  5.791  36.150
2022-03-14T08:32:30Z  428.081  38.189  -38.808  1.33467E-15  SWARM-A  5.800  38.087
2022-03-14T08:33:00Z  428.432  40.125  -38.785  1.33504E-15  SWARM-A  5.810  40.024
2022-03-14T08:33:30Z  428.797  42.060  -38.754  1.33601E-15  SWARM-A  5.821  41.960
2022-03-14T08:34:00Z  429.175  43.994  -38.713  1.33770E-15  SWARM-A  5.832  43.897
2022-03-14T08:34:30Z  429.561  45.927  -38.661  1.34019E-15  SWARM-A  5.843  45.834
2022-03-14T08:35:00Z  429.954  47.859  -38.596  1.34352E-15  SWARM-A  5.856  47.771
2022-03-14T08:35:30Z  430.352  49.790  -38.517  1.34775E-15  SWARM-A  5.870  49.708
2022-03-14T08:36:00Z  430.751  51.719  -38.420  1.35289E-15  SWARM-A  5.884  51.646
2022-03-14T08:36:30Z  431.150  53.648  -38.304  1.35884E-15  SWARM-A  5.901  53.583
2022-03-14T08:37:00Z  431.545  55.575  -38.165  1.36555E-15  SWARM-A  5.918  55.520
2022-03-14T08:37:30Z  431.934  57.501  -37.998  1.37329E-15  SWARM-A  5.938  57.458
2022-03-14T08:38:00Z  432.315  59.426  -37.800  1.38218E-15  SWARM-A  5.959  59.396
2022-03-14T08:38:30Z  432.686  61.349  -37.562  1.39201E-15  SWARM-A  5.983  61.333
2022-03-14T08:39:00Z  433.045  63.270  -37.277  1.40269E-15  SWARM-A  6.011  63.271
2022-03-14T08:39:30Z  433.388  65.189  -36.933  1.41400E-15  SWARM-A  6.042  65.209
2022-03-14T08:40:00Z  433.715  67.107  -36.516  1.42575E-15  SWARM-A  6.078  67.146
2022-03-14T08:40:30Z  434.023  69.021  -36.006  1.43783E-15  SWARM-A  6.120  69.084
2022-03-14T08:41:00Z  434.311  70.932  -35.375  1.45023E-15  SWARM-A  6.171  71.022
2022-03-14T08:41:30Z  434.577  72.839  -34.583  1.46299E-15  SWARM-A  6.232  72.960
2022-03-14T08:42:00Z  434.819  74.740  -33.570  1.47628E-15  SWARM-A  6.308  74.898
2022-03-14T08:42:30Z  435.036  76.634  -32.242  1.49023E-15  SWARM-A  6.405  76.836
2022-03-14T08:43:00Z  435.227  78.516  -30.446  1.50514E-15  SWARM-A  6.533  78.774
2022-03-14T08:43:30Z  435.391  80.381  -27.914  1.52121E-15  SWARM-A  6.710  80.712
2022-03-14T08:44:00Z  435.527  82.216  -24.131  1.53867E-15  SWARM-A  6.970  82.650
2022-03-14T08:44:30Z  435.634  83.993  -18.011  1.55770E-15  SWARM-A  7.387  84.588
2022-03-14T08:45:00Z  435.712  85.641  -6.956  1.57851E-15  SWARM-A  8.132  86.526
2022-03-14T08:45:30Z  435.759  86.947  15.314  1.60117E-15  SWARM-A  9.625  88.464
2022-03-14T08:46:00Z  435.777  87.344  53.851  1.62488E-15  SWARM-A  12.203  90.402
2022-03-14T08:46:30Z  435.765  86.506  86.816  1.64859E-15  SWARM-A  14.409  92.340
2022-03-14T08:47:00Z  435.722  85.023  103.649  1.67361E-15  SWARM-A  15.539  94.278
2022-03-14T08:47:30Z  435.650  83.311  112.302  1.69995E-15  SWARM-A  16.124  96.216
2022-03-14T08:48:00Z  435.549  81.506  117.319  1.72816E-15  SWARM-A  16.467  98.154
2022-03-14T08:48:30Z  435.419  79.658  120.528  1.76084E-15  SWARM-A  16.689  100.092
2022-03-14T08:49:00Z  435.261  77.785  122.731  1.79517E-15  SWARM-A  16.845  102.030
2022-03-14T08:49:30Z  435.077  75.898  124.320  1.83005E-15  SWARM-A  16.959  103.968
2022-03-14T08:50:00Z  434.867  74.001  125.512  1.86530E-15  SWARM-A  17.047  105.906
2022-03-14T08:50:30Z  434.632  72.098  126.430  1.90087E-15  SWARM-A  17.116  107.844
2022-03-14T08:51:00Z  434.375  70.189  127.154  1.93581E-15  SWARM-A  17.173  109.782
2022-03-14T08:51:30Z  434.096  68.277  127.733  1.96933E-15  SWARM-A  17.220  111.719
2022-03-14T08:52:00Z  433.797  66.361  128.204  2.00200E-15  SWARM-A  17.259  113.657
2022-03-14T08:52:30Z  433.480  64.443  128.591  2.03346E-15  SWARM-A  17.294  115.595
2022-03-14T08:53:00Z  433.148  62.523  128.910  2.05916E-15  SWARM-A  17.323  117.532
2022-03-14T08:53:30Z  432.801  60.601  129.176  2.08116E-15  SWARM-A  17.349  119.470
2022-03-14T08:54:00Z  432.443  58.678  129.397  2.10180E-15  SWARM-A  17.372  121.407
2022-03-14T08:54:30Z  432.074  56.753  129.583  2.12117E-15  SWARM-A  17.393  123.345
2022-03-14T08:55:00Z  431.699  54.827  129.738  2.14448E-15  SWARM-A  17.412  125.282
2022-03-14T08:55:30Z  431.318  52.899  129.868  2.16738E-15  SWARM-A  17.429  127.219
2022-03-14T08:56:00Z  430.935  50.970  129.976  2.18954E-15  SWARM-A  17.444  129.156
2022-03-14T08:56:30Z  430.551  49.040  130.066  2.21051E-15  SWARM-A  17.459  131.093
2022-03-14T08:57:00Z  430.170  47.109  130.139  2.22482E-15  SWARM-A  17.472  133.030
2022-03-14T08:57:30Z  429.794  45.177  130.199  2.23869E-15  SWARM-A  17.484  134.967
2022-03-14T08:58:00Z  429.425  43.244  130.247  2.25223E-15  SWARM-A  17.496  136.904
2022-03-14T08:58:30Z  429.066  41.310  130.284  2.26533E-15  SWARM-A  17.506  138.840
2022-03-14T08:59:00Z  428.719  39.375  130.311  2.27621E-15  SWARM-A  17.517  140.777
2022-03-14T08:59:30Z  428.387  37.439  130.331  2.28677E-15  SWARM-A  17.526  142.713
2022-03-14T09:00:00Z  428.073  35.502  130.343  2.29999E-15  SWARM-A  17.535  144.649
2022-03-14T09:00:30Z  427.778  33.565  130.349  2.30973E-15  SWARM-A  17.544  146.586
2022-03-14T09:01:00Z  427.505  31.627  130.349  2.31905E-15  SWARM-A  17.552  148.522
2022-03-14T09:01:30Z  427.256  29.688  130.344  2.32771E-15  SWARM-A  17.560  150.457
2022-03-14T09:02:00Z  427.034  27.748  130.334  2.33547E-15  SWARM-A  17.568  152.393
2022-03-14T09:02:30Z  426.840  25.808  130.321  2.34229E-15  SWARM-A  17.576  154.329
2022-03-14T09:03:00Z  426.676  23.867  130.304  2.34798E-15  SWARM-A  17.583  156.264
2022-03-14T09:03:30Z  426.544  21.926  130.283  2.34989E-15  SWARM-A  17.590  158.199
2022-03-14T09:04:00Z  426.447  19.984  130.260  2.35031E-15  SWARM-A  17.597  160.135
2022-03-14T09:04:30Z  426.384  18.041  130.234  2.34970E-15  SWARM-A  17.603  162.070
2022-03-14T09:05:00Z  426.358  16.099  130.207  2.34800E-15  SWARM-A  17.610  164.004
2022-03-14T09:05:30Z  426.370  14.156  130.177  2.34526E-15  SWARM-A  17.616  165.939
2022-03-14T09:06:00Z  426.421  12.213  130.146  2.34155E-15  SWARM-A  17.622  167.874
2022-03-14T09:06:30Z  426.512  10.269  130.113  2.33653E-15  SWARM-A  17.628  169.808
2022-03-14T09:07:00Z  426.643  8.326  130.079  2.33050E-15  SWARM-A  17.635  171.742
2022-03-14T09:07:30Z  426.815  6.382  130.045  2.32374E-15  SWARM-A  17.641  173.676
2022-03-14T09:08:00Z  427.028  4.438  130.009  2.31623E-15  SWARM-A  17.647  175.610
2022-03-14T09:08:30Z  427.283  2.495  129.973  2.30807E-15  SWARM-A  17.652  177.543
2022-03-14T09:09:00Z  427.579  0.551  129.937  2.29923E-15  SWARM-A  17.658  179.477
2022-03-14T09:09:30Z  427.916  -1.392  129.901  2.28967E-15  SWARM-A  17.664  181.410
2022-03-14T09:10:00Z  428.294  -3.336  129.865  2.27934E-15  SWARM-A  17.670  183.343
2022-03-14T09:10:30Z  428.712  -5.278  129.829  2.26822E-15  SWARM-A  17.676  185.276
2022-03-14T09:11:00Z  429.170  -7.221  129.794  2.25614E-15  SWARM-A  17.682  187.209
2022-03-14T09:11:30Z  429.665  -9.163  129.760  2.24292E-15  SWARM-A  17.688  189.141
2022-03-14T09:12:00Z  430.198  -11.104  129.726  2.22839E-15  SWARM-A  17.694  191.073
2022-03-14T09:12:30Z  430.767  -13.046  129.694  2.21261E-15  SWARM-A  17.701  193.005
2022-03-14T09:13:00Z  431.370  -14.986  129.663  2.19547E-15  SWARM-A  17.707  194.937
2022-03-14T09:13:30Z  432.006  -16.926  129.634  2.17691E-15  SWARM-A  17.713  196.869
2022-03-14T09:14:00Z  432.672  -18.865  129.607  2.15684E-15  SWARM-A  17.720  198.800
2022-03-14T09:14:30Z  433.367  -20.803  129.583  2.13521E-15  SWARM-A  17.726  200.732
2022-03-14T09:15:00Z  434.089  -22.741  129.560  2.11202E-15  SWARM-A  17.733  202.663
2022-03-14T09:15:30Z  434.835  -24.677  129.541  2.08727E-15  SWARM-A  17.740  204.594
2022-03-14T09:16:00Z  435.604  -26.613  129.525  2.06106E-15  SWARM-A  17.748  206.525
2022-03-14T09:16:30Z  436.392  -28.548  129.513  2.03337E-15  SWARM-A  17.755  208.455
2022-03-14T09:17:00Z  437.196  -30.482  129.505  2.00436E-15  SWARM-A  17.763  210.385
2022-03-14T09:17:30Z  438.016  -32.415  129.501  1.97397E-15  SWARM-A  17.771  212.316
2022-03-14T09:18:00Z  438.846  -34.347  129.503  1.94258E-15  SWARM-A  17.779  214.246
2022-03-14T09:18:30Z  439.685  -36.277  129.511  1.91036E-15  SWARM-A  17.788  216.175
2022-03-14T09:19:00Z  440.530  -38.207  129.526  1.87748E-15  SWARM-A  17.798  218.105
2022-03-14T09:19:30Z  441.378  -40.136  129.548  1.84408E-15  SWARM-A  17.807  220.034
2022-03-14T09:20:00Z  442.225  -42.063  129.579  1.81019E-15  SWARM-A  17.818  221.964
2022-03-14T09:20:30Z  443.069  -43.989  129.619  1.77590E-15  SWARM-A  17.829  223.893
2022-03-14T09:21:00Z  443.906  -45.914  129.670  1.74029E-15  SWARM-A  17.841  225.822
2022-03-14T09:21:30Z  444.734  -47.838  129.734  1.70315E-15  SWARM-A  17.853  227.751
2022-03-14T09:22:00Z  445.550  -49.760  129.813  1.66619E-15  SWARM-A  17.867  229.679
2022-03-14T09:22:30Z  446.350  -51.681  129.908  1.62992E-15  SWARM-A  17.881  231.608
2022-03-14T09:23:00Z  447.132  -53.601  130.023  1.59471E-15  SWARM-A  17.897  233.536
2022-03-14T09:23:30Z  447.892  -55.519  130.160  1.56063E-15  SWARM-A  17.915  235.464
2022-03-14T09:24:00Z  448.629  -57.435  130.324  1.52777E-15  SWARM-A  17.934  237.392
2022-03-14T09:24:30Z  449.339  -59.351  130.520  1.49586E-15  SWARM-A  17.956  239.320
2022-03-14T09:25:00Z  450.020  -61.264  130.755  1.46452E-15  SWARM-A  17.980  241.248
2022-03-14T09:25:30Z  450.668  -63.176  131.036  1.43345E-15  SWARM-A  18.007  243.176
2022-03-14T09:26:00Z  451.283  -65.085  131.374  1.40300E-15  SWARM-A  18.038  245.104
2022-03-14T09:26:30Z  451.861  -66.992  131.783  1.37238E-15  SWARM-A  18.073  247.031
2022-03-14T09:27:00Z  452.400  -68.896  132.284  1.34214E-15  SWARM-A  18.115  248.958
2022-03-14T09:27:30Z  452.899  -70.797  132.902  1.31280E-15  SWARM-A  18.164  250.886
2022-03-14T09:28:00Z  453.355  -72.694  133.676  1.28445E-15  SWARM-A  18.224  252.813
2022-03-14T09:28:30Z  453.767  -74.586  134.663  1.25690E-15  SWARM-A  18.299  254.740
2022-03-14T09:29:00Z  454.133  -76.469  135.952  1.22757E-15  SWARM-A  18.393  256.667
2022-03-14T09:29:30Z  454.452  -78.342  137.687  1.19923E-15  SWARM-A  18.517  258.595
2022-03-14T09:30:00Z  454.723  -80.199  140.119  1.17184E-15  SWARM-A  18.687  260.522
2022-03-14T09:30:30Z  454.944  -82.026  143.719  1.14535E-15  SWARM-A  18.936  262.449
2022-03-14T09:31:00Z  455.115  -83.802  149.472  1.12150E-15  SWARM-A  19.327  264.376
2022-03-14T09:31:30Z  455.235  -85.462  159.690  1.09918E-15  SWARM-A  20.017  266.303
2022-03-14T09:32:00Z  455.303  -86.821  -179.971  1.07798E-15  SWARM-A  21.381  268.229
2022-03-14T09:32:30Z  455.320  -87.366  -143.090  1.05803E-15  SWARM-A  23.848  270.156
2022-03-14T09:33:00Z  455.285  -86.668  -108.173  1.03697E-15  SWARM-A  2.184  272.083
2022-03-14T09:33:30Z  455.199  -85.246  -89.729  1.01520E-15  SWARM-A  3.422  274.010
2022-03-14T09:34:00Z  455.061  -83.564  -80.349  9.94748E-16  SWARM-A  4.056  275.937
2022-03-14T09:34:30Z  454.872  -81.779  -74.982  9.75847E-16  SWARM-A  4.422  277.864
2022-03-14T09:35:00Z  454.634  -79.946  -71.583  9.58033E-16  SWARM-A  4.657  279.791
2022-03-14T09:35:30Z  454.346  -78.087  -69.268  9.41068E-16  SWARM-A  4.820  281.718
2022-03-14T09:36:00Z  454.009  -76.213  -67.605  9.25696E-16  SWARM-A  4.939  283.646
2022-03-14T09:36:30Z  453.626  -74.328  -66.364  9.11834E-16  SWARM-A  5.030  285.573
2022-03-14T09:37:00Z  453.197  -72.435  -65.410  8.99358E-16  SWARM-A  5.102  287.500
2022-03-14T09:37:30Z  452.724  -70.538  -64.660  8.88413E-16  SWARM-A  5.160  289.427
2022-03-14T09:38:00Z  452.209  -68.636  -64.061  8.78883E-16  SWARM-A  5.209  291.355
2022-03-14T09:38:30Z  451.653  -66.731  -63.574  8.70843E-16  SWARM-A  5.249  293.282
2022-03-14T09:39:00Z  451.059  -64.824  -63.175  8.64260E-16  SWARM-A  5.284  295.210
2022-03-14T09:39:30Z  450.428  -62.914  -62.846  8.57820E-16  SWARM-A  5.315  297.138
2022-03-14T09:40:00Z  449.764  -61.002  -62.572  8.52619E-16  SWARM-A  5.341  299.066
2022-03-14T09:40:30Z  449.068  -59.088  -62.343  8.48973E-16  SWARM-A  5.365  300.993
2022-03-14T09:41:00Z  448.343  -57.173  -62.152  8.46858E-16  SWARM-A  5.386  302.922
2022-03-14T09:41:30Z  447.592  -55.256  -61.991  8.46218E-16  SWARM-A  5.405  304.850
2022-03-14T09:42:00Z  446.817  -53.337  -61.857  8.46890E-16  SWARM-A  5.422  306.778
2022-03-14T09:42:30Z  446.022  -51.417  -61.745  8.48998E-16  SWARM-A  5.438  308.707
2022-03-14T09:43:00Z  445.209  -49.496  -61.653  8.52502E-16  SWARM-A  5.453  310.635
2022-03-14T09:43:30Z  444.381  -47.573  -61.576  8.57200E-16  SWARM-A  5.466  312.564
2022-03-14T09:44:00Z  443.541  -45.650  -61.514  8.62966E-16  SWARM-A  5.478  314.493
2022-03-14T09:44:30Z  442.693  -43.724  -61.464  8.69907E-16  SWARM-A  5.490  316.422
2022-03-14T09:45:00Z  441.839  -41.798  -61.425  8.77895E-16  SWARM-A  5.501  318.351
2022-03-14T09:45:30Z  440.981  -39.870  -61.396  8.86843E-16  SWARM-A  5.511  320.281
2022-03-14T09:46:00Z  440.125  -37.941  -61.375  8.96640E-16  SWARM-A  5.521  322.211
2022-03-14T09:46:30Z  439.271  -36.011  -61.361  9.07217E-16  SWARM-A  5.530  324.140
2022-03-14T09:47:00Z  438.424  -34.080  -61.354  9.18472E-16  SWARM-A  5.539  326.070
2022-03-14T09:47:30Z  437.586  -32.148  -61.353  9.30083E-16  SWARM-A  5.548  328.001
2022-03-14T09:48:00Z  436.760  -30.215  -61.357  9.42071E-16  SWARM-A  5.556  329.931
2022-03-14T09:48:30Z  435.948  -28.281  -61.366  9.54485E-16  SWARM-A  5.563  331.862
2022-03-14T09:49:00Z  435.155  -26.346  -61.378  9.67179E-16  SWARM-A  5.571  333.792
2022-03-14T09:49:30Z  434.381  -24.409  -61.395  9.80152E-16  SWARM-A  5.578  335.723
2022-03-14T09:50:00Z  433.630  -22.472  -61.415  9.93548E-16  SWARM-A  5.585  337.654
2022-03-14T09:50:30Z  432.904  -20.535  -61.437  1.00728E-15  SWARM-A  5.592  339.586
2022-03-14T09:51:00Z  432.206  -18.596  -61.462  1.02114E-15  SWARM-A  5.599  341.517
2022-03-14T09:51:30Z  431.537  -16.656  -61.490  1.03505E-15  SWARM-A  5.605  343.449
2022-03-14T09:52:00Z  430.899  -14.716  -61.519  1.04900E-15  SWARM-A  5.611  345.381
2022-03-14T09:52:30Z  430.294  -12.776  -61.550  1.06292E-15  SWARM-A  5.618  347.313
2022-03-14T09:53:00Z  429.725  -10.834  -61.582  1.07681E-15  SWARM-A  5.624  349.245
2022-03-14T09:53:30Z  429.192  -8.892  -61.616  1.09057E-15  SWARM-A  5.630  351.178
2022-03-14T09:54:00Z  428.697  -6.950  -61.650  1.10409E-15  SWARM-A  5.636  353.111
2022-03-14T09:54:30Z  428.241  -5.007  -61.685  1.11737E-15  SWARM-A  5.642  355.044
2022-03-14T09:55:00Z  427.825  -3.064  -61.721  1.13024E-15  SWARM-A  5.648  356.977
2022-03-14T09:55:30Z  427.450  -1.121  -61.757  1.14262E-15  SWARM-A  5.654  358.910
2022-03-14T09:56:00Z  427.116  0.823  -61.793  1.15443E-15  SWARM-A  5.660  0.843
2022-03-14T09:56:30Z  426.824  2.767  -61.829  1.16557E-15  SWARM-A  5.666  2.777
2022-03-14T09:57:00Z  426.575  4.710  -61.865  1.17598E-15  SWARM-A  5.672  4.711
2022-03-14T09:57:30Z  426.367  6.654  -61.900  1.18554E-15  SWARM-A  5.678  6.645
2022-03-14T09:58:00Z  426.201  8.598  -61.935  1.19420E-15  SWARM-A  5.684  8.579
2022-03-14T09:58:30Z  426.076  10.542  -61.969  1.20189E-15  SWARM-A  5.690  10.514
2022-03-14T09:59:00Z  425.993  12.486  -62.001  1.20856E-15  SWARM-A  5.696  12.448
2022-03-14T09:59:30Z  425.950  14.429  -62.032  1.21418E-15  SWARM-A  5.702  14.383
2022-03-14T10:00:00Z  425.947  16.372  -62.062  1.21843E-15  SWARM-A  5.709  16.318
2022-03-14T10:00:30Z  425.982  18.315  -62.089  1.22160E-15  SWARM-A  5.715  18.253
2022-03-14T10:01:00Z  426.054  20.258  -62.114  1.22376E-15  SWARM-A  5.722  20.188
2022-03-14T10:01:30Z  426.162  22.200  -62.137  1.22497E-15  SWARM-A  5.729  22.123
2022-03-14T10:02:00Z  426.304  24.141  -62.157  1.22542E-15  SWARM-A  5.736  24.059
2022-03-14T10:02:30Z  426.479  26.082  -62.174  1.22512E-15  SWARM-A  5.743  25.995
2022-03-14T10:03:00Z  426.684  28.022  -62.187  1.22421E-15  SWARM-A  5.750  27.930
2022-03-14T10:03:30Z  426.918  29.962  -62.196  1.22293E-15  SWARM-A  5.758  29.866
2022-03-14T10:04:00Z  427.179  31.901  -62.200  1.22148E-15  SWARM-A  5.766  31.802
2022-03-14T10:04:30Z  427.464  33.840  -62.199  1.21985E-15  SWARM-A  5.774  33.739
2022-03-14T10:05:00Z  427.772  35.777  -62.192  1.21797E-15  SWARM-A  5.783  35.675
2022-03-14T10:05:30Z  428.100  37.714  -62.179  1.21622E-15  SWARM-A  5.792  37.611
2022-03-14T10:06:00Z  428.444  39.650  -62.159  1.21476E-15  SWARM-A  5.802  39.548
2022-03-14T10:06:30Z  428.805  41.585  -62.130  1.21370E-15  SWARM-A  5.812  41.485
2022-03-14T10:07:00Z  429.177  43.519  -62.091  1.21315E-15  SWARM-A  5.823  43.421
2022-03-14T10:07:30Z  429.560  45.452  -62.042  1.21317E-15  SWARM-A  5.835  45.358
2022-03-14T10:08:00Z  429.950  47.384  -61.980  1.21386E-15  SWARM-A  5.847  47.295
2022-03-14T10:08:30Z  430.345  49.315  -61.905  1.21529E-15  SWARM-A  5.861  49.232
2022-03-14T10:09:00Z  430.742  51.245  -61.812  1.21759E-15  SWARM-A  5.875  51.170
2022-03-14T10:09:30Z  431.140  53.174  -61.701  1.21906E-15  SWARM-A  5.891  53.107
2022-03-14T10:10:00Z  431.534  55.101  -61.568  1.22104E-15  SWARM-A  5.908  55.044
2022-03-14T10:10:30Z  431.924  57.028  -61.409  1.22413E-15  SWARM-A  5.927  56.982
2022-03-14T10:11:00Z  432.306  58.953  -61.218  1.22813E-15  SWARM-A  5.948  58.919
2022-03-14T10:11:30Z  432.679  60.876  -60.991  1.23314E-15  SWARM-A  5.972  60.857
2022-03-14T10:12:00Z  433.039  62.798  -60.718  1.23940E-15  SWARM-A  5.998  62.794
2022-03-14T10:12:30Z  433.386  64.717  -60.390  1.24672E-15  SWARM-A  6.028  64.732
2022-03-14T10:13:00Z  433.716  66.635  -59.992  1.25507E-15  SWARM-A  6.063  66.670
2022-03-14T10:13:30Z  434.028  68.550  -59.507  1.26451E-15  SWARM-A  6.104  68.607
2022-03-14T10:14:00Z  434.321  70.462  -58.909  1.27516E-15  SWARM-A  6.152  70.545
2022-03-14T10:14:30Z  434.591  72.370  -58.161  1.28588E-15  SWARM-A  6.210  72.483
2022-03-14T10:15:00Z  434.838  74.273  -57.209  1.29803E-15  SWARM-A  6.282  74.421
2022-03-14T10:15:30Z  435.061  76.169  -55.969  1.31181E-15  SWARM-A  6.373  76.359
2022-03-14T10:16:00Z  435.258  78.054  -54.307  1.32736E-15  SWARM-A  6.492  78.297
2022-03-14T10:16:30Z  435.427  79.924  -51.990  1.34414E-15  SWARM-A  6.655  80.235
2022-03-14T10:17:00Z  435.569  81.767  -48.584  1.36053E-15  SWARM-A  6.891  82.173
2022-03-14T10:17:30Z  435.682  83.563  -43.195  1.37891E-15  SWARM-A  7.258  84.111
2022-03-14T10:18:00Z  435.766  85.254  -33.746  1.39936E-15  SWARM-A  7.896  86.049
2022-03-14T10:18:30Z  435.820  86.680  -15.089  1.42191E-15  SWARM-A  9.149  87.987
2022-03-14T10:19:00Z  435.844  87.367  20.231  1.44731E-15  SWARM-A  11.512  89.925
2022-03-14T10:19:30Z  435.838  86.798  57.059  1.47450E-15  SWARM-A  13.975  91.863
2022-03-14T10:20:00Z  435.801  85.418  77.157  1.50315E-15  SWARM-A  15.323  93.801
2022-03-14T10:20:30Z  435.735  83.743  87.240  1.53354E-15  SWARM-A  16.004  95.739
2022-03-14T10:21:00Z  435.639  81.956  92.921  1.56538E-15  SWARM-A  16.391  97.677
2022-03-14T10:21:30Z  435.515  80.116  96.478  1.59675E-15  SWARM-A  16.636  99.615
2022-03-14T10:22:00Z  435.363  78.248  98.882  1.62729E-15  SWARM-A  16.805  101.553
2022-03-14T10:22:30Z  435.183  76.364  100.599  1.65858E-15  SWARM-A  16.928  103.491
2022-03-14T10:23:00Z  434.977  74.469  101.875  1.69056E-15  SWARM-A  17.021  105.429
2022-03-14T10:23:30Z  434.747  72.567  102.852  1.72309E-15  SWARM-A  17.095  107.366
2022-03-14T10:24:00Z  434.493  70.660  103.619  1.75580E-15  SWARM-A  17.154  109.304
2022-03-14T10:24:30Z  434.218  68.748  104.230  1.78733E-15  SWARM-A  17.203  111.242
2022-03-14T10:25:00Z  433.922  66.834  104.726  1.81852E-15  SWARM-A  17.245  113.180
2022-03-14T10:25:30Z  433.608  64.916  105.131  1.84896E-15  SWARM-A  17.280  115.117
2022-03-14T10:26:00Z  433.277  62.997  105.466  1.87839E-15  SWARM-A  17.311  117.055
2022-03-14T10:26:30Z  432.932  61.075  105.744  1.90665E-15  SWARM-A  17.337  118.992
2022-03-14T10:27:00Z  432.574  59.152  105.976  1.93371E-15  SWARM-A  17.361  120.930
2022-03-14T10:27:30Z  432.206  57.228  106.170  1.96007E-15  SWARM-A  17.382  122.867
2022-03-14T10:28:00Z  431.831  55.302  106.332  1.98547E-15  SWARM-A  17.402  124.804
2022-03-14T10:28:30Z  431.450  53.374  106.468  2.00994E-15  SWARM-A  17.419  126.741
2022-03-14T10:29:00Z  431.065  51.446  106.581  2.03361E-15  SWARM-A  17.435  128.679
2022-03-14T10:29:30Z  430.681  49.516  106.675  2.05651E-15  SWARM-A  17.450  130.616
2022-03-14T10:30:00Z  430.298  47.585  106.753  2.07875E-15  SWARM-A  17.463  132.552
2022-03-14T10:30:30Z  429.919  45.654  106.816  2.10034E-15  SWARM-A  17.476  134.489
2022-03-14T10:31:00Z  429.547  43.721  106.866  2.12088E-15  SWARM-A  17.487  136.426
2022-03-14T10:31:30Z  429.185  41.787  106.906  2.13941E-15  SWARM-A  17.498  138.363
2022-03-14T10:32:00Z  428.835  39.852  106.936  2.15726E-15  SWARM-A  17.509  140.299
2022-03-14T10:32:30Z  428.499  37.917  106.957  2.17432E-15  SWARM-A  17.518  142.235
2022-03-14T10:33:00Z  428.180  35.980  106.971  2.19054E-15  SWARM-A  17.528  144.172
2022-03-14T10:33:30Z  427.881  34.043  106.979  2.20582E-15  SWARM-A  17.536  146.108
2022-03-14T10:34:00Z  427.603  32.105  106.980  2.21991E-15  SWARM-A  17.545  148.044
2022-03-14T10:34:30Z  427.348  30.166  106.976  2.23268E-15  SWARM-A  17.553  149.980
2022-03-14T10:35:00Z  427.120  28.227  106.968  2.24398E-15  SWARM-A  17.561  151.915
2022-03-14T10:35:30Z  426.920  26.287  106.955  2.25364E-15  SWARM-A  17.568  153.851
2022-03-14T10:36:00Z  426.749  24.346  106.939  2.26156E-15  SWARM-A  17.575  155.787
2022-03-14T10:36:30Z  426.611  22.405  106.919  2.26764E-15  SWARM-A  17.582  157.722
2022-03-14T10:37:00Z  426.506  20.463  106.897  2.27180E-15  SWARM-A  17.589  159.657
2022-03-14T10:37:30Z  426.436  18.521  106.872  2.27402E-15  SWARM-A  17.596  161.592
2022-03-14T10:38:00Z  426.402  16.579  106.845  2.27443E-15  SWARM-A  17.603  163.527
2022-03-14T10:38:30Z  426.406  14.636  106.816  2.27288E-15  SWARM-A  17.609  165.461
2022-03-14T10:39:00Z  426.449  12.692  106.785  2.26955E-15  SWARM-A  17.615  167.396
2022-03-14T10:39:30Z  426.532  10.749  106.752  2.26447E-15  SWARM-A  17.621  169.330
2022-03-14T10:40:00Z  426.655  8.806  106.719  2.25778E-15  SWARM-A  17.627  171.264
2022-03-14T10:40:30Z  426.818  6.862  106.685  2.24955E-15  SWARM-A  17.634  173.198
2022-03-14T10:41:00Z  427.023  4.918  106.649  2.23994E-15  SWARM-A  17.639  175.132
2022-03-14T10:41:30Z  427.270  2.975  106.614  2.22899E-15  SWARM-A  17.645  177.066
2022-03-14T10:42:00Z  427.557  1.031  106.578  2.21678E-15  SWARM-A  17.651  178.999
2022-03-14T10:42:30Z  427.886  -0.912  106.542  2.20341E-15  SWARM-A  17.657  180.932
2022-03-14T10:43:00Z  428.256  -2.855  106.506  2.18892E-15  SWARM-A  17.663  182.865
2022-03-14T10:43:30Z  428.666  -4.798  106.470  2.17341E-15  SWARM-A  17.669  184.798
2022-03-14T10:44:00Z  429.115  -6.741  106.435  2.15673E-15  SWARM-A  17.675  186.731
2022-03-14T10:44:30Z  429.603  -8.683  106.400  2.13895E-15  SWARM-A  17.681  188.663
2022-03-14T10:45:00Z  430.129  -10.624  106.366  2.11993E-15  SWARM-A  17.687  190.596
2022-03-14T10:45:30Z  430.690  -12.566  106.334  2.09957E-15  SWARM-A  17.693  192.528
2022-03-14T10:46:00Z  431.286  -14.506  106.303  2.07790E-15  SWARM-A  17.700  194.460
2022-03-14T10:46:30Z  431.916  -16.446  106.273  2.05368E-15  SWARM-A  17.706  196.391
2022-03-14T10:47:00Z  432.577  -18.385  106.246  2.02762E-15  SWARM-A  17.713  198.323
2022-03-14T10:47:30Z  433.267  -20.324  106.221  2.00007E-15  SWARM-A  17.719  200.254
2022-03-14T10:48:00Z  433.984  -22.261  106.198  1.97104E-15  SWARM-A  17.726  202.185
2022-03-14T10:48:30Z  434.727  -24.198  106.178  1.94054E-15  SWARM-A  17.733  204.116
2022-03-14T10:49:00Z  435.492  -26.134  106.161  1.90863E-15  SWARM-A  17.740  206.047
2022-03-14T10:49:30Z  436.277  -28.069  106.148  1.87546E-15  SWARM-A  17.748  207.977
2022-03-14T10:50:00Z  437.080  -30.003  106.139  1.84113E-15  SWARM-A  17.755  209.908
2022-03-14T10:50:30Z  437.898  -31.936  106.134  1.80590E-15  SWARM-A  17.764  211.838
2022-03-14T10:51:00Z  438.728  -33.869  106.135  1.77000E-15  SWARM-A  17.772  213.768
2022-03-14T10:51:30Z  439.567  -35.799  106.141  1.73353E-15  SWARM-A  17.781  215.698
2022-03-14T10:52:00Z  440.412  -37.729  106.154  1.69664E-15  SWARM-A  17.790  217.627
2022-03-14T10:52:30Z  441.261  -39.658  106.175  1.65952E-15  SWARM-A  17.800  219.557
2022-03-14T10:53:00Z  442.110  -41.586  106.203  1.62234E-15  SWARM-A  17.810  221.486
2022-03-14T10:53:30Z  442.956  -43.512  106.241  1.58531E-15  SWARM-A  17.821  223.415
2022-03-14T10:54:00Z  443.797  -45.437  106.290  1.54756E-15  SWARM-A  17.832  225.344
2022-03-14T10:54:30Z  444.629  -47.361  106.351  1.51046E-15  SWARM-A  17.845  227.273
2022-03-14T10:55:00Z  445.449  -49.284  106.425  1.47432E-15  SWARM-A  17.858  229.201
2022-03-14T10:55:30Z  446.254  -51.205  106.516  1.43937E-15  SWARM-A  17.872  231.130
2022-03-14T10:56:00Z  447.041  -53.125  106.626  1.40559E-15  SWARM-A  17.888  233.058
2022-03-14T10:56:30Z  447.808  -55.043  106.758  1.37123E-15  SWARM-A  17.905  234.986
2022-03-14T10:57:00Z  448.552  -56.960  106.915  1.33648E-15  SWARM-A  17.924  236.915
2022-03-14T10:57:30Z  449.269  -58.876  107.103  1.30258E-15  SWARM-A  17.945  238.842
2022-03-14T10:58:00Z  449.957  -60.790  107.327  1.26952E-15  SWARM-A  17.968  240.770
2022-03-14T10:58:30Z  450.614  -62.702  107.596  1.23740E-15  SWARM-A  17.994  242.698
2022-03-14T10:59:00Z  451.237  -64.612  107.919  1.20732E-15  SWARM-A  18.024  244.626
2022-03-14T10:59:30Z  451.824  -66.519  108.309  1.17958E-15  SWARM-A  18.059  246.553
2022-03-14T11:00:00Z  452.373  -68.424  108.785  1.15303E-15  SWARM-A  18.099  248.480
2022-03-14T11:00:30Z  452.881  -70.326  109.371  1.12775E-15  SWARM-A  18.146  250.408
2022-03-14T11:01:00Z  453.347  -72.224  110.103  1.10375E-15  SWARM-A  18.203  252.335
2022-03-14T11:01:30Z  453.769  -74.117  111.031  1.07923E-15  SWARM-A  18.273  254.262
2022-03-14T11:02:00Z  454.145  -76.002  112.235  1.05520E-15  SWARM-A  18.362  256.189
2022-03-14T11:02:30Z  454.475  -77.878  113.842  1.03236E-15  SWARM-A  18.477  258.116
2022-03-14T11:03:00Z  454.756  -79.740  116.069  1.01055E-15  SWARM-A  18.634  260.043
2022-03-14T11:03:30Z  454.988  -81.576  119.317  9.89651E-16  SWARM-A  18.859  261.970
2022-03-14T11:04:00Z  455.169  -83.368  124.396  9.68924E-16  SWARM-A  19.206  263.897
2022-03-14T11:04:30Z  455.300  -85.066  133.159  9.49117E-16  SWARM-A  19.799  265.824
2022-03-14T11:05:00Z  455.380  -86.531  150.186  9.30405E-16  SWARM-A  20.942  267.751
2022-03-14T11:05:30Z  455.407  -87.345  -176.737  9.13075E-16  SWARM-A  23.155  269.678
2022-03-14T11:06:00Z  455.383  -86.935  -138.568  8.96499E-16  SWARM-A  1.708  271.605
2022-03-14T11:06:30Z  455.307  -85.634  -116.544  8.80483E-16  SWARM-A  3.185  273.532
2022-03-14T11:07:00Z  455.180  -83.994  -105.561  8.65738E-16  SWARM-A  3.926  275.459
2022-03-14T11:07:30Z  455.002  -82.228  -99.458  8.52618E-16  SWARM-A  4.341  277.386
2022-03-14T11:08:00Z  454.773  -80.404  -95.679  8.41228E-16  SWARM-A  4.601  279.313
2022-03-14T11:08:30Z  454.494  -78.551  -93.145  8.30936E-16  SWARM-A  4.778  281.240
2022-03-14T11:09:00Z  454.167  -76.679  -91.346  8.21800E-16  SWARM-A  4.907  283.167
2022-03-14T11:09:30Z  453.793  -74.797  -90.015  8.14338E-16  SWARM-A  5.004  285.094
2022-03-14T11:10:00Z  453.373  -72.906  -88.998  8.08318E-16  SWARM-A  5.080  287.021
2022-03-14T11:10:30Z  452.908  -71.010  -88.203  8.03696E-16  SWARM-A  5.141  288.948
2022-03-14T11:11:00Z  452.400  -69.109  -87.570  8.00435E-16  SWARM-A  5.192  290.876
2022-03-14T11:11:30Z  451.852  -67.205  -87.057  7.98524E-16  SWARM-A  5.234  292.803
2022-03-14T11:12:00Z  451.264  -65.298  -86.638  7.98233E-16  SWARM-A  5.270  294.731
2022-03-14T11:12:30Z  450.640  -63.389  -86.293  7.99408E-16  SWARM-A  5.302  296.658
2022-03-14T11:13:00Z  449.981  -61.478  -86.006  8.02172E-16  SWARM-A  5.329  298.586
2022-03-14T11:13:30Z  449.291  -59.564  -85.767  8.06531E-16  SWARM-A  5.354  300.514
2022-03-14T11:14:00Z  448.571  -57.649  -85.566  8.12387E-16  SWARM-A  5.375  302.442
2022-03-14T11:14:30Z  447.824  -55.733  -85.399  8.20307E-16  SWARM-A  5.395  304.370
2022-03-14T11:15:00Z  447.053  -53.815  -85.258  8.29679E-16  SWARM-A  5.412  306.299
2022-03-14T11:15:30Z  446.260  -51.895  -85.141  8.40244E-16  SWARM-A  5.429  308.227
2022-03-14T11:16:00Z  445.449  -49.974  -85.044  8.51859E-16  SWARM-A  5.443  310.156
2022-03-14T11:16:30Z  444.623  -48.052  -84.963  8.64325E-16  SWARM-A  5.457  312.084
2022-03-14T11:17:00Z  443.783  -46.128  -84.898  8.77458E-16  SWARM-A  5.470  314.013
2022-03-14T11:17:30Z  442.935  -44.203  -84.845  8.91063E-16  SWARM-A  5.482  315.942
2022-03-14T11:18:00Z  442.080  -42.277  -84.803  9.05128E-16  SWARM-A  5.493  317.872
2022-03-14T11:18:30Z  441.221  -40.350  -84.771  9.19513E-16  SWARM-A  5.503  319.801
2022-03-14T11:19:00Z  440.362  -38.421  -84.748  9.33987E-16  SWARM-A  5.513  321.731
2022-03-14T11:19:30Z  439.505  -36.492  -84.733  9.48516E-16  SWARM-A  5.522  323.660
2022-03-14T11:20:00Z  438.654  -34.561  -84.724  9.63010E-16  SWARM-A  5.531  325.590
2022-03-14T11:20:30Z  437.811  -32.629  -84.722  9.77368E-16  SWARM-A  5.540  327.520
2022-03-14T11:21:00Z  436.980  -30.696  -84.724  9.91540E-16  SWARM-A  5.548  329.451
2022-03-14T11:21:30Z  436.163  -28.762  -84.732  1.00541E-15  SWARM-A  5.556  331.381
2022-03-14T11:22:00Z  435.363  -26.827  -84.744  1.01902E-15  SWARM-A  5.563  333.312
2022-03-14T11:22:30Z  434.583  -24.891  -84.759  1.03241E-15  SWARM-A  5.571  335.243
2022-03-14T11:23:00Z  433.824  -22.954  -84.778  1.04550E-15  SWARM-A  5.578  337.174
2022-03-14T11:23:30Z  433.091  -21.017  -84.800  1.05825E-15  SWARM-A  5.585  339.105
2022-03-14T11:24:00Z  432.384  -19.078  -84.824  1.07067E-15  SWARM-A  5.591  341.037
2022-03-14T11:24:30Z  431.706  -17.139  -84.851  1.08281E-15  SWARM-A  5.598  342.968
2022-03-14T11:25:00Z  431.059  -15.199  -84.880  1.09464E-15  SWARM-A  5.604  344.900
2022-03-14T11:25:30Z  430.446  -13.259  -84.910  1.10618E-15  SWARM-A  5.611  346.832
2022-03-14T11:26:00Z  429.867  -11.317  -84.942  1.11746E-15  SWARM-A  5.617  348.765
2022-03-14T11:26:30Z  429.324  -9.376  -84.975  1.12840E-15  SWARM-A  5.623  350.697
2022-03-14T11:27:00Z  428.819  -7.433  -85.009  1.13897E-15  SWARM-A  5.629  352.630
2022-03-14T11:27:30Z  428.353  -5.491  -85.044  1.14915E-15  SWARM-A  5.635  354.563
2022-03-14T11:28:00Z  427.926  -3.548  -85.080  1.15888E-15  SWARM-A  5.641  356.496
2022-03-14T11:28:30Z  427.541  -1.604  -85.116  1.16804E-15  SWARM-A  5.647  358.429
2022-03-14T11:29:00Z  427.196  0.339  -85.152  1.17662E-15  SWARM-A  5.653  0.362
2022-03-14T11:29:30Z  426.894  2.283  -85.188  1.18439E-15  SWARM-A  5.659  2.296
2022-03-14T11:30:00Z  426.633  4.227  -85.224  1.19124E-15  SWARM-A  5.665  4.230
2022-03-14T11:30:30Z  426.414  6.171  -85.259  1.19728E-15  SWARM-A  5.671  6.164
2022-03-14T11:31:00Z  426.237  8.115  -85.294  1.20246E-15  SWARM-A  5.677  8.098
2022-03-14T11:31:30Z  426.102  10.058  -85.328  1.20678E-15  SWARM-A  5.683  10.032
2022-03-14T11:32:00Z  426.008  12.002  -85.360  1.21019E-15  SWARM-A  5.689  11.967
2022-03-14T11:32:30Z  425.954  13.946  -85.392  1.21281E-15  SWARM-A  5.695  13.902
2022-03-14T11:33:00Z  425.940  15.889  -85.421  1.21462E-15  SWARM-A  5.702  15.836
2022-03-14T11:33:30Z  425.964  17.832  -85.449  1.21572E-15  SWARM-A  5.708  17.772
2022-03-14T11:34:00Z  426.025  19.774  -85.475  1.21625E-15  SWARM-A  5.715  19.707
2022-03-14T11:34:30Z  426.123  21.717  -85.498  1.21641E-15  SWARM-A  5.721  21.642
2022-03-14T11:35:00Z  426.255  23.658  -85.519  1.21619E-15  SWARM-A  5.728  23.578
2022-03-14T11:35:30Z  426.419  25.599  -85.536  1.21578E-15  SWARM-A  5.736  25.513
2022-03-14T11:36:00Z  426.615  27.540  -85.550  1.21528E-15  SWARM-A  5.743  27.449
2022-03-14T11:36:30Z  426.841  29.480  -85.560  1.21485E-15  SWARM-A  5.751  29.385
2022-03-14T11:37:00Z  427.093  31.419  -85.565  1.21457E-15  SWARM-A  5.759  31.321
2022-03-14T11:37:30Z  427.370  33.358  -85.566  1.21467E-15  SWARM-A  5.767  33.257
2022-03-14T11:38:00Z  427.670  35.295  -85.560  1.21499E-15  SWARM-A  5.776  35.193
2022-03-14T11:38:30Z  427.991  37.232  -85.549  1.21578E-15  SWARM-A  5.785  37.130
2022-03-14T11:39:00Z  428.329  39.168  -85.530  1.21721E-15  SWARM-A  5.794  39.066
2022-03-14T11:39:30Z  428.684  41.104  -85.503  1.21930E-15  SWARM-A  5.805  41.003
2022-03-14T11:40:00Z  429.051  43.038  -85.467  1.22140E-15  SWARM-A  5.815  42.940
2022-03-14T11:40:30Z  429.430  44.971  -85.420  1.22255E-15  SWARM-A  5.827  44.877
2022-03-14T11:41:00Z  429.816  46.904  -85.362  1.22439E-15  SWARM-A  5.839  46.814
2022-03-14T11:41:30Z  430.208  48.835  -85.290  1.22684E-15  SWARM-A  5.852  48.751
2022-03-14T11:42:00Z  430.604  50.765  -85.202  1.23007E-15  SWARM-A  5.866  50.688
2022-03-14T11:42:30Z  431.000  52.694  -85.095  1.23412E-15  SWARM-A  5.882  52.625
2022-03-14T11:43:00Z  431.394  54.622  -84.968  1.23926E-15  SWARM-A  5.899  54.563
2022-03-14T11:43:30Z  431.784  56.549  -84.815  1.24528E-15  SWARM-A  5.917  56.500
2022-03-14T11:44:00Z  432.167  58.474  -84.632  1.25202E-15  SWARM-A  5.938  58.438
2022-03-14T11:44:30Z  432.542  60.398  -84.414  1.25956E-15  SWARM-A  5.960  60.375
2022-03-14T11:45:00Z  432.905  62.320  -84.153  1.26726E-15  SWARM-A  5.986  62.313
2022-03-14T11:45:30Z  433.255  64.240  -83.840  1.27513E-15  SWARM-A  6.015  64.250
2022-03-14T11:46:00Z  433.589  66.158  -83.461  1.28385E-15  SWARM-A  6.049  66.188
2022-03-14T11:46:30Z  433.906  68.074  -82.999  1.29346E-15  SWARM-A  6.088  68.126
2022-03-14T11:47:00Z  434.204  69.987  -82.431  1.30403E-15  SWARM-A  6.134  70.064
2022-03-14T11:47:30Z  434.481  71.896  -81.724  1.31326E-15  SWARM-A  6.190  72.002
2022-03-14T11:48:00Z  434.736  73.800  -80.828  1.32319E-15  SWARM-A  6.258  73.940
2022-03-14T11:48:30Z  434.966  75.698  -79.669  1.33433E-15  SWARM-A  6.344  75.878
2022-03-14T11:49:00Z  435.170  77.586  -78.127  1.34683E-15  SWARM-A  6.455  77.815
2022-03-14T11:49:30Z  435.349  79.461  -76.001  1.36108E-15  SWARM-A  6.605  79.753
2022-03-14T11:50:00Z  435.499  81.312  -72.922  1.37904E-15  SWARM-A  6.818  81.691
2022-03-14T11:50:30Z  435.621  83.122  -68.150  1.39858E-15  SWARM-A  7.145  83.630
2022-03-14T11:51:00Z  435.714  84.848  -60.020  1.41977E-15  SWARM-A  7.695  85.568
2022-03-14T11:51:30Z  435.777  86.367  -44.400  1.44271E-15  SWARM-A  8.745  87.506
2022-03-14T11:52:00Z  435.811  87.304  -13.320  1.46626E-15  SWARM-A  10.825  89.444
2022-03-14T11:52:30Z  435.814  87.042  26.061  1.48762E-15  SWARM-A  13.459  91.382
2022-03-14T11:53:00Z  435.787  85.799  50.043  1.50949E-15  SWARM-A  15.066  93.320
2022-03-14T11:53:30Z  435.731  84.173  61.900  1.53258E-15  SWARM-A  15.865  95.258
2022-03-14T11:54:00Z  435.645  82.405  68.383  1.55666E-15  SWARM-A  16.305  97.196
2022-03-14T11:54:30Z  435.530  80.575  72.349  1.58146E-15  SWARM-A  16.578  99.134
2022-03-14T11:55:00Z  435.386  78.713  74.985  1.60548E-15  SWARM-A  16.762  101.072
2022-03-14T11:55:30Z  435.216  76.833  76.845  1.63001E-15  SWARM-A  16.894  103.010
2022-03-14T11:56:00Z  435.019  74.940  78.216  1.65507E-15  SWARM-A  16.994  104.947
2022-03-14T11:56:30Z  434.797  73.040  79.258  1.68057E-15  SWARM-A  17.072  106.885
2022-03-14T11:57:00Z  434.552  71.133  80.072  1.70646E-15  SWARM-A  17.135  108.823
2022-03-14T11:57:30Z  434.284  69.223  80.718  1.73255E-15  SWARM-A  17.186  110.761
2022-03-14T11:58:00Z  433.996  67.309  81.240  1.75870E-15  SWARM-A  17.229  112.698
2022-03-14T11:58:30Z  433.689  65.392  81.666  1.78429E-15  SWARM-A  17.266  114.636
2022-03-14T11:59:00Z  433.364  63.473  82.018  1.80880E-15  SWARM-A  17.298  116.574
2022-03-14T11:59:30Z  433.025  61.552  82.309  1.83215E-15  SWARM-A  17.325  118.511
2022-03-14T12:00:00Z  432.673  59.630  82.552  1.85591E-15  SWARM-A  17.350  120.449
2022-03-14T12:00:30Z  432.310  57.705  82.755  1.87682E-15  SWARM-A  17.372  122.386
2022-03-14T12:01:00Z  431.939  55.780  82.925  1.89677E-15  SWARM-A  17.391  124.323
2022-03-14T12:01:30Z  431.562  53.853  83.067  1.91466E-15  SWARM-A  17.409  126.261
2022-03-14T12:02:00Z  431.181  51.925  83.186  1.93135E-15  SWARM-A  17.425  128.198
2022-03-14T12:02:30Z  430.799  49.995  83.284  1.94745E-15  SWARM-A  17.440  130.135
2022-03-14T12:03:00Z  430.418  48.065  83.366  1.96310E-15  SWARM-A  17.454  132.072
2022-03-14T12:03:30Z  430.041  46.133  83.432  1.97839E-15  SWARM-A  17.467  134.008
2022-03-14T12:04:00Z  429.670  44.201  83.486  1.99326E-15  SWARM-A  17.479  135.945
2022-03-14T12:04:30Z  429.308  42.267  83.528  2.00780E-15  SWARM-A  17.490  137.882
2022-03-14T12:05:00Z  428.957  40.333  83.560  2.02194E-15  SWARM-A  17.500  139.818
2022-03-14T12:05:30Z  428.620  38.397  83.584  2.03563E-15  SWARM-A  17.510  141.755
2022-03-14T12:06:00Z  428.299  36.461  83.600  2.04887E-15  SWARM-A  17.520  143.691
2022-03-14T12:06:30Z  427.997  34.524  83.609  2.06143E-15  SWARM-A  17.529  145.627
2022-03-14T12:07:00Z  427.716  32.586  83.612  2.07332E-15  SWARM-A  17.537  147.563
2022-03-14T12:07:30Z  427.458  30.648  83.609  2.08432E-15  SWARM-A  17.545  149.499
2022-03-14T12:08:00Z  427.225  28.709  83.602  2.09436E-15  SWARM-A  17.553  151.435
2022-03-14T12:08:30Z  427.019  26.769  83.590  2.10323E-15  SWARM-A  17.561  153.370
2022-03-14T12:09:00Z  426.843  24.828  83.575  2.11090E-15  SWARM-A  17.568  155.306
2022-03-14T12:09:30Z  426.698  22.887  83.556  2.11726E-15  SWARM-A  17.575  157.241
2022-03-14T12:10:00Z  426.586  20.946  83.535  2.12225E-15  SWARM-A  17.582  159.176
2022-03-14T12:10:30Z  426.509  19.004  83.510  2.12584E-15  SWARM-A  17.589  161.111
2022-03-14T12:11:00Z  426.468  17.061  83.484  2.12801E-15  SWARM-A  17.595  163.046
2022-03-14T12:11:30Z  426.464  15.119  83.455  2.12884E-15  SWARM-A  17.602  164.981
2022-03-14T12:12:00Z  426.499  13.176  83.425  2.12837E-15  SWARM-A  17.608  166.915
2022-03-14T12:12:30Z  426.574  11.232  83.393  2.12664E-15  SWARM-A  17.614  168.849
2022-03-14T12:13:00Z  426.688  9.289  83.359  2.12379E-15  SWARM-A  17.620  170.784
2022-03-14T12:13:30Z  426.844  7.345  83.325  2.11986E-15  SWARM-A  17.627  172.717
2022-03-14T12:14:00Z  427.041  5.402  83.290  2.11497E-15  SWARM-A  17.633  174.651
2022-03-14T12:14:30Z  427.280  3.458  83.255  2.10921E-15  SWARM-A  17.638  176.585
2022-03-14T12:15:00Z  427.561  1.515  83.219  2.10266E-15  SWARM-A  17.644  178.518
2022-03-14T12:15:30Z  427.883  -0.429  83.183  2.09540E-15  SWARM-A  17.650  180.451
2022-03-14T12:16:00Z  428.246  -2.372  83.147  2.08741E-15  SWARM-A  17.656  182.384
2022-03-14T12:16:30Z  428.650  -4.315  83.111  2.07879E-15  SWARM-A  17.662  184.317
2022-03-14T12:17:00Z  429.094  -6.257  83.076  2.06948E-15  SWARM-A  17.668  186.250
2022-03-14T12:17:30Z  429.577  -8.199  83.041  2.05810E-15  SWARM-A  17.674  188.182
2022-03-14T12:18:00Z  430.098  -10.141  83.007  2.04585E-15  SWARM-A  17.680  190.115
2022-03-14T12:18:30Z  430.655  -12.082  82.974  2.03269E-15  SWARM-A  17.686  192.047
2022-03-14T12:19:00Z  431.248  -14.023  82.943  2.01854E-15  SWARM-A  17.693  193.979
2022-03-14T12:19:30Z  431.874  -15.963  82.913  2.00331E-15  SWARM-A  17.699  195.910
2022-03-14T12:20:00Z  432.531  -17.902  82.885  1.98683E-15  SWARM-A  17.706  197.842
2022-03-14T12:20:30Z  433.219  -19.841  82.859  1.96897E-15  SWARM-A  17.712  199.773
2022-03-14T12:21:00Z  433.934  -21.779  82.836  1.94966E-15  SWARM-A  17.719  201.704
2022-03-14T12:21:30Z  434.675  -23.716  82.815  1.92883E-15  SWARM-A  17.726  203.635
2022-03-14T12:22:00Z  435.438  -25.652  82.798  1.90669E-15  SWARM-A  17.733  205.566
2022-03-14T12:22:30Z  436.222  -27.587  82.784  1.88300E-15  SWARM-A  17.740  207.496
2022-03-14T12:23:00Z  437.024  -29.521  82.773  1.85780E-15  SWARM-A  17.748  209.426
2022-03-14T12:23:30Z  437.842  -31.454  82.768  1.83129E-15  SWARM-A  17.756  211.357
2022-03-14T12:24:00Z  438.671  -33.387  82.767  1.80350E-15  SWARM-A  17.764  213.287
2022-03-14T12:24:30Z  439.511  -35.318  82.772  1.77466E-15  SWARM-A  17.773  215.216
2022-03-14T12:25:00Z  440.357  -37.248  82.783  1.74430E-15  SWARM-A  17.782  217.146
2022-03-14T12:25:30Z  441.207  -39.177  82.802  1.71281E-15  SWARM-A  17.792  219.075
2022-03-14T12:26:00Z  442.058  -41.105  82.828  1.68095E-15  SWARM-A  17.802  221.004
2022-03-14T12:26:30Z  442.906  -43.031  82.864  1.64901E-15  SWARM-A  17.812  222.934
2022-03-14T12:27:00Z  443.749  -44.957  82.909  1.61727E-15  SWARM-A  17.824  224.862
2022-03-14T12:27:30Z  444.584  -46.881  82.967  1.58582E-15  SWARM-A  17.836  226.791
2022-03-14T12:28:00Z  445.407  -48.804  83.038  1.55199E-15  SWARM-A  17.849  228.720
2022-03-14T12:28:30Z  446.216  -50.725  83.125  1.51938E-15  SWARM-A  17.863  230.648
2022-03-14T12:29:00Z  447.008  -52.645  83.230  1.48821E-15  SWARM-A  17.879  232.576
2022-03-14T12:29:30Z  447.779  -54.564  83.356  1.45847E-15  SWARM-A  17.895  234.505
2022-03-14T12:30:00Z  448.528  -56.481  83.506  1.43034E-15  SWARM-A  17.914  236.433
2022-03-14T12:30:30Z  449.251  -58.397  83.686  1.40591E-15  SWARM-A  17.934  238.361
2022-03-14T12:31:00Z  449.945  -60.311  83.900  1.38237E-15  SWARM-A  17.957  240.288
2022-03-14T12:31:30Z  450.608  -62.224  84.157  1.35959E-15  SWARM-A  17.982  242.216
2022-03-14T12:32:00Z  451.238  -64.134  84.466  1.33750E-15  SWARM-A  18.011  244.143
2022-03-14T12:32:30Z  451.832  -66.042  84.838  1.31490E-15  SWARM-A  18.044  246.071
2022-03-14T12:33:00Z  452.388  -67.948  85.291  1.29106E-15  SWARM-A  18.083  247.998
2022-03-14T12:33:30Z  452.904  -69.850  85.846  1.26820E-15  SWARM-A  18.128  249.926
2022-03-14T12:34:00Z  453.378  -71.749  86.537  1.24631E-15  SWARM-A  18.182  251.853
2022-03-14T12:34:30Z  453.807  -73.643  87.410  1.22537E-15  SWARM-A  18.249  253.780
2022-03-14T12:35:00Z  454.192  -75.531  88.536  1.20471E-15  SWARM-A  18.332  255.707
2022-03-14T12:35:30Z  454.529  -77.410  90.027  1.18466E-15  SWARM-A  18.440  257.634
2022-03-14T12:36:00Z  454.819  -79.275  92.071  1.16530E-15  SWARM-A  18.585  259.561
2022-03-14T12:36:30Z  455.059  -81.119  95.009  1.14654E-15  SWARM-A  18.789  261.488
2022-03-14T12:37:00Z  455.248  -82.925  99.515  1.12828E-15  SWARM-A  19.098  263.415
2022-03-14T12:37:30Z  455.387  -84.654  107.076  1.11037E-15  SWARM-A  19.610  265.341
2022-03-14T12:38:00Z  455.475  -86.201  121.349  1.09286E-15  SWARM-A  20.570  267.268
2022-03-14T12:38:30Z  455.510  -87.241  149.993  1.07603E-15  SWARM-A  22.488  269.195
2022-03-14T12:39:00Z  455.494  -87.151  -170.233  1.05938E-15  SWARM-A  1.148  271.122
2022-03-14T12:39:30Z  455.426  -86.006  -144.047  1.04121E-15  SWARM-A  2.902  273.049
2022-03-14T12:40:00Z  455.306  -84.421  -131.070  1.02273E-15  SWARM-A  3.775  274.976
2022-03-14T12:40:30Z  455.135  -82.678  -124.078  1.00497E-15  SWARM-A  4.250  276.903
2022-03-14T12:41:00Z  454.913  -80.865  -119.852  9.88893E-16  SWARM-A  4.540  278.830
2022-03-14T12:41:30Z  454.642  -79.017  -117.067  9.76519E-16  SWARM-A  4.734  280.756
2022-03-14T12:42:00Z  454.321  -77.150  -115.116  9.65767E-16  SWARM-A  4.872  282.684
2022-03-14T12:42:30Z  453.953  -75.270  -113.684  9.56455E-16  SWARM-A  4.976  284.611
2022-03-14T12:43:00Z  453.538  -73.381  -112.599  9.48475E-16  SWARM-A  5.057  286.538
2022-03-14T12:43:30Z  453.079  -71.486  -111.755  9.41548E-16  SWARM-A  5.121  288.465
2022-03-14T12:44:00Z  452.576  -69.586  -111.085  9.35528E-16  SWARM-A  5.174  290.392
2022-03-14T12:44:30Z  452.032  -67.683  -110.545  9.30278E-16  SWARM-A  5.219  292.320
2022-03-14T12:45:00Z  451.448  -65.777  -110.105  9.25771E-16  SWARM-A  5.256  294.247
2022-03-14T12:45:30Z  450.827  -63.868  -109.742  9.22018E-16  SWARM-A  5.289  296.175
2022-03-14T12:46:00Z  450.172  -61.957  -109.442  9.19208E-16  SWARM-A  5.317  298.103
2022-03-14T12:46:30Z  449.483  -60.044  -109.191  9.17409E-16  SWARM-A  5.342  300.030
2022-03-14T12:47:00Z  448.764  -58.130  -108.982  9.16686E-16  SWARM-A  5.364  301.958
2022-03-14T12:47:30Z  448.018  -56.214  -108.807  9.16944E-16  SWARM-A  5.384  303.887
2022-03-14T12:48:00Z  447.247  -54.296  -108.660  9.18266E-16  SWARM-A  5.403  305.815
2022-03-14T12:48:30Z  446.454  -52.377  -108.537  9.20376E-16  SWARM-A  5.419  307.743
2022-03-14T12:49:00Z  445.642  -50.456  -108.435  9.23142E-16  SWARM-A  5.434  309.672
2022-03-14T12:49:30Z  444.813  -48.534  -108.351  9.26547E-16  SWARM-A  5.448  311.601
2022-03-14T12:50:00Z  443.971  -46.611  -108.281  9.30480E-16  SWARM-A  5.461  313.529
2022-03-14T12:50:30Z  443.119  -44.686  -108.225  9.34743E-16  SWARM-A  5.473  315.458
2022-03-14T12:51:00Z  442.260  -42.760  -108.181  9.39333E-16  SWARM-A  5.485  317.388
2022-03-14T12:51:30Z  441.396  -40.833  -108.147  9.44249E-16  SWARM-A  5.495  319.317
2022-03-14T12:52:00Z  440.531  -38.905  -108.122  9.49402E-16  SWARM-A  5.505  321.247
2022-03-14T12:52:30Z  439.668  -36.976  -108.104  9.54791E-16  SWARM-A  5.515  323.176
2022-03-14T12:53:00Z  438.810  -35.045  -108.094  9.60406E-16  SWARM-A  5.524  325.106
2022-03-14T12:53:30Z  437.960  -33.114  -108.090  9.66177E-16  SWARM-A  5.532  327.036
2022-03-14T12:54:00Z  437.121  -31.181  -108.091  9.72152E-16  SWARM-A  5.541  328.967
2022-03-14T12:54:30Z  436.295  -29.247  -108.098  9.78330E-16  SWARM-A  5.548  330.897
2022-03-14T12:55:00Z  435.485  -27.312  -108.108  9.84698E-16  SWARM-A  5.556  332.828
2022-03-14T12:55:30Z  434.695  -25.377  -108.123  9.91287E-16  SWARM-A  5.563  334.759
2022-03-14T12:56:00Z  433.926  -23.440  -108.141  9.98117E-16  SWARM-A  5.571  336.690
2022-03-14T12:56:30Z  433.181  -21.503  -108.162  1.00519E-15  SWARM-A  5.577  338.621
2022-03-14T12:57:00Z  432.463  -19.564  -108.186  1.01257E-15  SWARM-A  5.584  340.553
2022-03-14T12:57:30Z  431.773  -17.625  -108.212  1.02025E-15  SWARM-A  5.591  342.484
2022-03-14T12:58:00Z  431.114  -15.685  -108.240  1.02821E-15  SWARM-A  5.597  344.416
2022-03-14T12:58:30Z  430.487  -13.745  -108.270  1.03643E-15  SWARM-A  5.604  346.348
2022-03-14T12:59:00Z  429.895  -11.804  -108.302  1.04487E-15  SWARM-A  5.610  348.281
2022-03-14T12:59:30Z  429.339  -9.862  -108.335  1.05354E-15  SWARM-A  5.616  350.213
2022-03-14T13:00:00Z  428.820  -7.920  -108.369  1.06228E-15  SWARM-A  5.622  352.146
2022-03-14T13:00:30Z  428.340  -5.977  -108.404  1.07033E-15  SWARM-A  5.628  354.079
2022-03-14T13:01:00Z  427.899  -4.034  -108.439  1.07839E-15  SWARM-A  5.634  356.012
2022-03-14T13:01:30Z  427.500  -2.091  -108.475  1.08636E-15  SWARM-A  5.640  357.945
2022-03-14T13:02:00Z  427.141  -0.147  -108.511  1.09422E-15  SWARM-A  5.646  359.878
2022-03-14T13:02:30Z  426.825  1.796  -108.547  1.10185E-15  SWARM-A  5.652  1.812
2022-03-14T13:03:00Z  426.550  3.740  -108.583  1.10922E-15  SWARM-A  5.658  3.746
2022-03-14T13:03:30Z  426.318  5.684  -108.618  1.11629E-15  SWARM-A  5.664  5.680
2022-03-14T13:04:00Z  426.128  7.628  -108.653  1.12300E-15  SWARM-A  5.670  7.614
2022-03-14T13:04:30Z  425.980  9.572  -108.687  1.12930E-15  SWARM-A  5.676  9.549
2022-03-14T13:05:00Z  425.874  11.516  -108.720  1.13520E-15  SWARM-A  5.682  11.483
2022-03-14T13:05:30Z  425.808  13.460  -108.752  1.14065E-15  SWARM-A  5.688  13.418
2022-03-14T13:06:00Z  425.783  15.403  -108.782  1.14569E-15  SWARM-A  5.695  15.353
2022-03-14T13:06:30Z  425.796  17.346  -108.810  1.15027E-15  SWARM-A  5.701  17.288
2022-03-14T13:07:00Z  425.848  19.289  -108.837  1.15441E-15  SWARM-A  5.708  19.223
2022-03-14T13:07:30Z  425.936  21.231  -108.861  1.15821E-15  SWARM-A  5.714  21.158
2022-03-14T13:08:00Z  426.059  23.173  -108.882  1.16182E-15  SWARM-A  5.721  23.094
2022-03-14T13:08:30Z  426.216  25.114  -108.900  1.16510E-15  SWARM-A  5.728  25.030
2022-03-14T13:09:00Z  426.404  27.055  -108.915  1.16813E-15  SWARM-A  5.736  26.966
2022-03-14T13:09:30Z  426.622  28.995  -108.926  1.17095E-15  SWARM-A  5.743  28.901
2022-03-14T13:10:00Z  426.869  30.935  -108.932  1.17367E-15  SWARM-A  5.751  30.838
2022-03-14T13:10:30Z  427.140  32.874  -108.934  1.17635E-15  SWARM-A  5.759  32.774
2022-03-14T13:11:00Z  427.436  34.812  -108.930  1.17911E-15  SWARM-A  5.768  34.710
2022-03-14T13:11:30Z  427.752  36.749  -108.920  1.18201E-15  SWARM-A  5.777  36.647
2022-03-14T13:12:00Z  428.088  38.685  -108.903  1.18487E-15  SWARM-A  5.786  38.583
2022-03-14T13:12:30Z  428.440  40.621  -108.878  1.18803E-15  SWARM-A  5.796  40.520
2022-03-14T13:13:00Z  428.805  42.556  -108.844  1.19124E-15  SWARM-A  5.807  42.457
2022-03-14T13:13:30Z  429.182  44.489  -108.801  1.19459E-15  SWARM-A  5.818  44.394
2022-03-14T13:14:00Z  429.568  46.422  -108.745  1.19840E-15  SWARM-A  5.830  46.331
2022-03-14T13:14:30Z  429.961  48.354  -108.676  1.20267E-15  SWARM-A  5.843  48.268
2022-03-14T13:15:00Z  430.357  50.284  -108.593  1.20733E-15  SWARM-A  5.857  50.205
2022-03-14T13:15:30Z  430.754  52.214  -108.491  1.21242E-15  SWARM-A  5.872  52.143
2022-03-14T13:16:00Z  431.151  54.142  -108.369  1.21798E-15  SWARM-A  5.889  54.080
2022-03-14T13:16:30Z  431.543  56.069  -108.223  1.22418E-15  SWARM-A  5.907  56.018
2022-03-14T13:17:00Z  431.930  57.995  -108.048  1.23108E-15  SWARM-A  5.927  57.955
2022-03-14T13:17:30Z  432.308  59.919  -107.840  1.23815E-15  SWARM-A  5.949  59.893
2022-03-14T13:18:00Z  432.676  61.842  -107.590  1.24514E-15  SWARM-A  5.974  61.830
2022-03-14T13:18:30Z  433.032  63.762  -107.290  1.25288E-15  SWARM-A  6.002  63.768
2022-03-14T13:19:00Z  433.372  65.681  -106.929  1.26131E-15  SWARM-A  6.035  65.706
2022-03-14T13:19:30Z  433.696  67.598  -106.490  1.27055E-15  SWARM-A  6.072  67.644
2022-03-14T13:20:00Z  434.001  69.511  -105.951  1.28057E-15  SWARM-A  6.117  69.582
2022-03-14T13:20:30Z  434.285  71.422  -105.282  1.29146E-15  SWARM-A  6.170  71.520
2022-03-14T13:21:00Z  434.548  73.327  -104.438  1.30317E-15  SWARM-A  6.234  73.458
2022-03-14T13:21:30Z  434.787  75.227  -103.354  1.31568E-15  SWARM-A  6.315  75.396
2022-03-14T13:22:00Z  435.001  77.118  -101.922  1.32942E-15  SWARM-A  6.419  77.334
2022-03-14T13:22:30Z  435.188  78.996  -99.967  1.34490E-15  SWARM-A  6.557  79.272
2022-03-14T13:23:00Z  435.349  80.855  -97.174  1.36118E-15  SWARM-A  6.752  81.210
2022-03-14T13:23:30Z  435.482  82.678  -92.926  1.37821E-15  SWARM-A  7.043  83.148
2022-03-14T13:24:00Z  435.585  84.431  -85.878  1.39630E-15  SWARM-A  7.522  85.086
2022-03-14T13:24:30Z  435.660  86.022  -72.742  1.41529E-15  SWARM-A  8.406  87.024
2022-03-14T13:25:00Z  435.704  87.163  -46.141  1.43510E-15  SWARM-A  10.187  88.962
2022-03-14T13:25:30Z  435.719  87.227  -6.116  1.45452E-15  SWARM-A  12.864  90.900
2022-03-14T13:26:00Z  435.704  86.160  22.220  1.47349E-15  SWARM-A  14.761  92.838
2022-03-14T13:26:30Z  435.659  84.595  36.264  1.49293E-15  SWARM-A  15.706  94.776
2022-03-14T13:27:00Z  435.584  82.852  43.709  1.51290E-15  SWARM-A  16.211  96.714
2022-03-14T13:27:30Z  435.480  81.033  48.150  1.53213E-15  SWARM-A  16.515  98.652
2022-03-14T13:28:00Z  435.348  79.178  51.050  1.55132E-15  SWARM-A  16.717  100.590
2022-03-14T13:28:30Z  435.189  77.301  53.069  1.57084E-15  SWARM-A  16.860  102.528
2022-03-14T13:29:00Z  435.003  75.411  54.543  1.59077E-15  SWARM-A  16.966  104.466
2022-03-14T13:29:30Z  434.792  73.512  55.656  1.61124E-15  SWARM-A  17.049  106.404
2022-03-14T13:30:00Z  434.556  71.607  56.519  1.63231E-15  SWARM-A  17.115  108.342
2022-03-14T13:30:30Z  434.299  69.697  57.203  1.65396E-15  SWARM-A  17.169  110.280
2022-03-14T13:31:00Z  434.020  67.784  57.753  1.67590E-15  SWARM-A  17.214  112.218
2022-03-14T13:31:30Z  433.722  65.868  58.200  1.69778E-15  SWARM-A  17.252  114.155
2022-03-14T13:32:00Z  433.406  63.950  58.569  1.71924E-15  SWARM-A  17.285  116.093
2022-03-14T13:32:30Z  433.075  62.029  58.874  1.74005E-15  SWARM-A  17.313  118.031
2022-03-14T13:33:00Z  432.731  60.107  59.128  1.76005E-15  SWARM-A  17.339  119.968
2022-03-14T13:33:30Z  432.375  58.183  59.340  1.77936E-15  SWARM-A  17.361  121.905
2022-03-14T13:34:00Z  432.010  56.258  59.517  1.79810E-15  SWARM-A  17.381  123.843
2022-03-14T13:34:30Z  431.639  54.331  59.666  1.81635E-15  SWARM-A  17.400  125.780
2022-03-14T13:35:00Z  431.263  52.403  59.790  1.83417E-15  SWARM-A  17.416  127.717
2022-03-14T13:35:30Z  430.885  50.474  59.894  1.85164E-15  SWARM-A  17.431  129.654
2022-03-14T13:36:00Z  430.508  48.544  59.979  1.86881E-15  SWARM-A  17.445  131.591
2022-03-14T13:36:30Z  430.134  46.613  60.049  1.88570E-15  SWARM-A  17.458  133.528
2022-03-14T13:37:00Z  429.765  44.680  60.106  1.90237E-15  SWARM-A  17.470  135.465
2022-03-14T13:37:30Z  429.405  42.747  60.151  1.91874E-15  SWARM-A  17.482  137.401
2022-03-14T13:38:00Z  429.055  40.813  60.185  1.93481E-15  SWARM-A  17.492  139.338
2022-03-14T13:38:30Z  428.718  38.878  60.211  1.95050E-15  SWARM-A  17.503  141.274
2022-03-14T13:39:00Z  428.397  36.942  60.229  1.96576E-15  SWARM-A  17.512  143.211
2022-03-14T13:39:30Z  428.094  35.005  60.239  1.98046E-15  SWARM-A  17.521  145.147
2022-03-14T13:40:00Z  427.811  33.067  60.244  1.99451E-15  SWARM-A  17.530  147.083
2022-03-14T13:40:30Z  427.551  31.129  60.243  2.00774E-15  SWARM-A  17.538  149.019
2022-03-14T13:41:00Z  427.315  29.190  60.236  2.02001E-15  SWARM-A  17.546  150.955
2022-03-14T13:41:30Z  427.106  27.250  60.226  2.03122E-15  SWARM-A  17.554  152.890
2022-03-14T13:42:00Z  426.926  25.310  60.211  2.04121E-15  SWARM-A  17.561  154.826
2022-03-14T13:42:30Z  426.776  23.369  60.193  2.04986E-15  SWARM-A  17.568  156.761
2022-03-14T13:43:00Z  426.659  21.427  60.172  2.05705E-15  SWARM-A  17.575  158.696
2022-03-14T13:43:30Z  426.576  19.486  60.149  2.06269E-15  SWARM-A  17.582  160.631
2022-03-14T13:44:00Z  426.529  17.543  60.123  2.06679E-15  SWARM-A  17.588  162.566
2022-03-14T13:44:30Z  426.518  15.601  60.094  2.06933E-15  SWARM-A  17.595  164.501
2022-03-14T13:45:00Z  426.546  13.658  60.064  2.07028E-15  SWARM-A  17.601  166.435
2022-03-14T13:45:30Z  426.613  11.715  60.033  2.06974E-15  SWARM-A  17.607  168.369
2022-03-14T13:46:00Z  426.720  9.771  60.000  2.06779E-15  SWARM-A  17.613  170.304
2022-03-14T13:46:30Z  426.867  7.828  59.966  2.06449E-15  SWARM-A  17.620  172.237
2022-03-14T13:47:00Z  427.056  5.884  59.931  2.05993E-15  SWARM-A  17.626  174.171
2022-03-14T13:47:30Z  427.286  3.941  59.896  2.05424E-15  SWARM-A  17.632  176.105
2022-03-14T13:48:00Z  427.557  1.997  59.860  2.04751E-15  SWARM-A  17.637  178.038
2022-03-14T13:48:30Z  427.870  0.054  59.824  2.03984E-15  SWARM-A  17.643  179.972
2022-03-14T13:49:00Z  428.223  -1.889  59.788  2.03125E-15  SWARM-A  17.649  181.905
2022-03-14T13:49:30Z  428.618  -3.832  59.752  2.02181E-15  SWARM-A  17.655  183.837
2022-03-14T13:50:00Z  429.052  -5.775  59.716  2.01157E-15  SWARM-A  17.661  185.770
2022-03-14T13:50:30Z  429.525  -7.717  59.681  2.00051E-15  SWARM-A  17.667  187.703
2022-03-14T13:51:00Z  430.036  -9.659  59.647  1.98861E-15  SWARM-A  17.673  189.635
2022-03-14T13:51:30Z  430.584  -11.600  59.614  1.97586E-15  SWARM-A  17.679  191.567
2022-03-14T13:52:00Z  431.167  -13.541  59.582  1.96220E-15  SWARM-A  17.686  193.499
2022-03-14T13:52:30Z  431.784  -15.481  59.552  1.94713E-15  SWARM-A  17.692  195.430
2022-03-14T13:53:00Z  432.432  -17.420  59.524  1.93038E-15  SWARM-A  17.698  197.362
2022-03-14T13:53:30Z  433.111  -19.359  59.497  1.91236E-15  SWARM-A  17.705  199.293
2022-03-14T13:54:00Z  433.818  -21.297  59.473  1.89306E-15  SWARM-A  17.712  201.224
2022-03-14T13:54:30Z  434.550  -23.234  59.451  1.87240E-15  SWARM-A  17.719  203.155
2022-03-14T13:55:00Z  435.306  -25.171  59.433  1.85032E-15  SWARM-A  17.726  205.086
2022-03-14T13:55:30Z  436.083  -27.106  59.418  1.82692E-15  SWARM-A  17.733  207.016
2022-03-14T13:56:00Z  436.879  -29.041  59.407  1.80225E-15  SWARM-A  17.741  208.947
2022-03-14T13:56:30Z  437.690  -30.974  59.400  1.77637E-15  SWARM-A  17.748  210.877
2022-03-14T13:57:00Z  438.514  -32.906  59.398  1.74941E-15  SWARM-A  17.757  212.807
2022-03-14T13:57:30Z  439.348  -34.838  59.401  1.72158E-15  SWARM-A  17.765  214.737
2022-03-14T13:58:00Z  440.190  -36.768  59.411  1.69306E-15  SWARM-A  17.774  216.666
2022-03-14T13:58:30Z  441.036  -38.697  59.427  1.66407E-15  SWARM-A  17.784  218.596
2022-03-14T13:59:00Z  441.884  -40.625  59.452  1.63485E-15  SWARM-A  17.794  220.525
2022-03-14T13:59:30Z  442.730  -42.552  59.485  1.60565E-15  SWARM-A  17.804  222.454
2022-03-14T14:00:00Z  443.571  -44.478  59.528  1.57669E-15  SWARM-A  17.815  224.383
2022-03-14T14:00:30Z  444.405  -46.402  59.582  1.54936E-15  SWARM-A  17.827  226.312
2022-03-14T14:01:00Z  445.228  -48.326  59.650  1.52292E-15  SWARM-A  17.840  228.240
2022-03-14T14:01:30Z  446.037  -50.247  59.732  1.49745E-15  SWARM-A  17.854  230.169
2022-03-14T14:02:00Z  446.830  -52.168  59.832  1.47314E-15  SWARM-A  17.869  232.097
2022-03-14T14:02:30Z  447.603  -54.087  59.952  1.45011E-15  SWARM-A  17.885  234.025
2022-03-14T14:03:00Z  448.354  -56.005  60.096  1.42847E-15  SWARM-A  17.903  235.953
2022-03-14T14:03:30Z  449.080  -57.921  60.268  1.40828E-15  SWARM-A  17.923  237.881
2022-03-14T14:04:00Z  449.777  -59.835  60.473  1.38953E-15  SWARM-A  17.945  239.809
2022-03-14T14:04:30Z  450.445  -61.748  60.719  1.37195E-15  SWARM-A  17.970  241.737
2022-03-14T14:05:00Z  451.079  -63.659  61.013  1.35535E-15  SWARM-A  17.998  243.664
2022-03-14T14:05:30Z  451.679  -65.568  61.368  1.33825E-15  SWARM-A  18.030  245.592
2022-03-14T14:06:00Z  452.240  -67.474  61.799  1.32110E-15  SWARM-A  18.067  247.519
2022-03-14T14:06:30Z  452.762  -69.378  62.326  1.30420E-15  SWARM-A  18.110  249.446
2022-03-14T14:07:00Z  453.243  -71.278  62.979  1.28738E-15  SWARM-A  18.162  251.374
2022-03-14T14:07:30Z  453.680  -73.173  63.801  1.27060E-15  SWARM-A  18.225  253.301
2022-03-14T14:08:00Z  454.072  -75.063  64.855  1.25386E-15  SWARM-A  18.304  255.228
2022-03-14T14:08:30Z  454.417  -76.944  66.241  1.23716E-15  SWARM-A  18.405  257.155
2022-03-14T14:09:00Z  454.715  -78.813  68.123  1.22045E-15  SWARM-A  18.538  259.082
2022-03-14T14:09:30Z  454.963  -80.664  70.793  1.20380E-15  SWARM-A  18.725  261.009
2022-03-14T14:10:00Z  455.161  -82.481  74.813  1.18667E-15  SWARM-A  19.001  262.936
2022-03-14T14:10:30Z  455.309  -84.235  81.393  1.16955E-15  SWARM-A  19.448  264.863
2022-03-14T14:11:00Z  455.405  -85.846  93.442  1.15249E-15  SWARM-A  20.260  266.789
2022-03-14T14:11:30Z  455.450  -87.064  117.746  1.13579E-15  SWARM-A  21.888  268.716
2022-03-14T14:12:00Z  455.443  -87.297  157.071  1.11914E-15  SWARM-A  0.518  270.643
2022-03-14T14:12:30Z  455.383  -86.351  -172.308  1.10138E-15  SWARM-A  2.568  272.570
2022-03-14T14:13:00Z  455.273  -84.836  -156.897  1.08298E-15  SWARM-A  3.604  274.497
2022-03-14T14:13:30Z  455.110  -83.120  -148.840  1.06459E-15  SWARM-A  4.149  276.424
2022-03-14T14:14:00Z  454.898  -81.320  -144.096  1.04652E-15  SWARM-A  4.474  278.351
2022-03-14T14:14:30Z  454.635  -79.479  -141.028  1.02902E-15  SWARM-A  4.687  280.278
2022-03-14T14:15:00Z  454.323  -77.615  -138.907  1.01243E-15  SWARM-A  4.836  282.205
2022-03-14T14:15:30Z  453.963  -75.738  -137.367  9.97089E-16  SWARM-A  4.947  284.132
2022-03-14T14:16:00Z  453.556  -73.851  -136.208  9.83242E-16  SWARM-A  5.033  286.059
2022-03-14T14:16:30Z  453.105  -71.957  -135.312  9.70950E-16  SWARM-A  5.101  287.986
2022-03-14T14:17:00Z  452.610  -70.058  -134.604  9.60186E-16  SWARM-A  5.157  289.914
2022-03-14T14:17:30Z  452.073  -68.156  -134.035  9.50732E-16  SWARM-A  5.203  291.841
2022-03-14T14:18:00Z  451.496  -66.250  -133.573  9.42308E-16  SWARM-A  5.242  293.769
2022-03-14T14:18:30Z  450.882  -64.342  -133.193  9.34077E-16  SWARM-A  5.276  295.696
2022-03-14T14:19:00Z  450.232  -62.432  -132.878  9.26525E-16  SWARM-A  5.305  297.624
2022-03-14T14:19:30Z  449.549  -60.519  -132.616  9.19815E-16  SWARM-A  5.331  299.552
2022-03-14T14:20:00Z  448.835  -58.605  -132.397  9.13934E-16  SWARM-A  5.354  301.480
2022-03-14T14:20:30Z  448.094  -56.689  -132.214  9.08988E-16  SWARM-A  5.374  303.408
2022-03-14T14:21:00Z  447.326  -54.772  -132.061  9.04948E-16  SWARM-A  5.393  305.336
2022-03-14T14:21:30Z  446.537  -52.853  -131.933  9.01762E-16  SWARM-A  5.410  307.265
2022-03-14T14:22:00Z  445.727  -50.933  -131.826  8.99364E-16  SWARM-A  5.425  309.193
2022-03-14T14:22:30Z  444.900  -49.011  -131.737  8.97620E-16  SWARM-A  5.439  311.122
2022-03-14T14:23:00Z  444.060  -47.088  -131.665  8.96454E-16  SWARM-A  5.453  313.051
2022-03-14T14:23:30Z  443.209  -45.164  -131.606  8.95758E-16  SWARM-A  5.465  314.980
2022-03-14T14:24:00Z  442.349  -43.238  -131.559  8.95453E-16  SWARM-A  5.476  316.909
2022-03-14T14:24:30Z  441.485  -41.311  -131.522  8.95491E-16  SWARM-A  5.487  318.839
2022-03-14T14:25:00Z  440.620  -39.383  -131.495  8.95642E-16  SWARM-A  5.497  320.768
2022-03-14T14:25:30Z  439.755  -37.454  -131.476  8.95987E-16  SWARM-A  5.507  322.698
2022-03-14T14:26:00Z  438.895  -35.524  -131.464  8.96499E-16  SWARM-A  5.516  324.628
2022-03-14T14:26:30Z  438.042  -33.592  -131.458  8.97190E-16  SWARM-A  5.525  326.558
2022-03-14T14:27:00Z  437.199  -31.660  -131.458  8.98017E-16  SWARM-A  5.533  328.489
2022-03-14T14:27:30Z  436.369  -29.726  -131.464  8.98982E-16  SWARM-A  5.541  330.419
2022-03-14T14:28:00Z  435.555  -27.792  -131.473  9.00081E-16  SWARM-A  5.549  332.350
2022-03-14T14:28:30Z  434.759  -25.856  -131.487  9.01315E-16  SWARM-A  5.556  334.281
2022-03-14T14:29:00Z  433.985  -23.920  -131.504  9.02697E-16  SWARM-A  5.563  336.212
2022-03-14T14:29:30Z  433.234  -21.982  -131.525  9.04222E-16  SWARM-A  5.570  338.143
2022-03-14T14:30:00Z  432.509  -20.044  -131.548  9.05917E-16  SWARM-A  5.577  340.075
2022-03-14T14:30:30Z  431.812  -18.105  -131.574  9.07829E-16  SWARM-A  5.584  342.006
2022-03-14T14:31:00Z  431.146  -16.165  -131.601  9.09910E-16  SWARM-A  5.590  343.938
2022-03-14T14:31:30Z  430.512  -14.225  -131.631  9.12196E-16  SWARM-A  5.597  345.870
2022-03-14T14:32:00Z  429.913  -12.284  -131.662  9.14669E-16  SWARM-A  5.603  347.803
2022-03-14T14:32:30Z  429.349  -10.342  -131.695  9.17351E-16  SWARM-A  5.609  349.735
2022-03-14T14:33:00Z  428.822  -8.400  -131.729  9.20246E-16  SWARM-A  5.615  351.668
2022-03-14T14:33:30Z  428.333  -6.458  -131.763  9.23363E-16  SWARM-A  5.621  353.601
2022-03-14T14:34:00Z  427.885  -4.515  -131.799  9.26679E-16  SWARM-A  5.627  355.534
2022-03-14T14:34:30Z  427.476  -2.571  -131.834  9.30282E-16  SWARM-A  5.633  357.467
2022-03-14T14:35:00Z  427.110  -0.628  -131.870  9.34132E-16  SWARM-A  5.639  359.401
2022-03-14T14:35:30Z  426.784  1.316  -131.907  9.38225E-16  SWARM-A  5.645  1.334
2022-03-14T14:36:00Z  426.501  3.260  -131.943  9.42577E-16  SWARM-A  5.651  3.268
2022-03-14T14:36:30Z  426.261  5.204  -131.978  9.47247E-16  SWARM-A  5.657  5.202
2022-03-14T14:37:00Z  426.063  7.148  -132.013  9.52187E-16  SWARM-A  5.663  7.136
2022-03-14T14:37:30Z  425.906  9.092  -132.047  9.57455E-16  SWARM-A  5.669  9.071
2022-03-14T14:38:00Z  425.792  11.036  -132.081  9.63014E-16  SWARM-A  5.675  11.005
2022-03-14T14:38:30Z  425.719  12.980  -132.113  9.68948E-16  SWARM-A  5.681  12.940
2022-03-14T14:39:00Z  425.686  14.923  -132.143  9.75257E-16  SWARM-A  5.687  14.875
2022-03-14T14:39:30Z  425.693  16.867  -132.172  9.81944E-16  SWARM-A  5.694  16.810
2022-03-14T14:40:00Z  425.738  18.809  -132.199  9.89084E-16  SWARM-A  5.700  18.745
2022-03-14T14:40:30Z  425.820  20.752  -132.224  9.96665E-16  SWARM-A  5.707  20.681
2022-03-14T14:41:00Z  425.937  22.694  -132.246  1.00474E-15  SWARM-A  5.714  22.616
2022-03-14T14:41:30Z  426.089  24.636  -132.265  1.01329E-15  SWARM-A  5.721  24.552
2022-03-14T14:42:00Z  426.273  26.577  -132.281  1.02245E-15  SWARM-A  5.728  26.488
2022-03-14T14:42:30Z  426.487  28.517  -132.293  1.03216E-15  SWARM-A  5.736  28.424
2022-03-14T14:43:00Z  426.730  30.457  -132.300  1.04255E-15  SWARM-A  5.744  30.360
2022-03-14T14:43:30Z  426.999  32.396  -132.303  1.05356E-15  SWARM-A  5.752  32.296
2022-03-14T14:44:00Z  427.293  34.334  -132.301  1.06524E-15  SWARM-A  5.760  34.233
2022-03-14T14:44:30Z  427.608  36.271  -132.293  1.07765E-15  SWARM-A  5.769  36.169
2022-03-14T14:45:00Z  427.943  38.208  -132.278  1.08991E-15  SWARM-A  5.778  38.106
2022-03-14T14:45:30Z  428.295  40.144  -132.255  1.10197E-15  SWARM-A  5.788  40.043
2022-03-14T14:46:00Z  428.662  42.079  -132.223  1.11476E-15  SWARM-A  5.799  41.979
2022-03-14T14:46:30Z  429.041  44.013  -132.182  1.12826E-15  SWARM-A  5.810  43.916
2022-03-14T14:47:00Z  429.429  45.946  -132.130  1.14249E-15  SWARM-A  5.822  45.853
2022-03-14T14:47:30Z  429.825  47.878  -132.065  1.15748E-15  SWARM-A  5.834  47.791
2022-03-14T14:48:00Z  430.225  49.808  -131.985  1.17320E-15  SWARM-A  5.848  49.728
2022-03-14T14:48:30Z  430.628  51.738  -131.888  1.18970E-15  SWARM-A  5.863  51.665
2022-03-14T14:49:00Z  431.029  53.667  -131.772  1.20674E-15  SWARM-A  5.879  53.602
2022-03-14T14:49:30Z  431.428  55.594  -131.632  1.22428E-15  SWARM-A  5.897  55.540
2022-03-14T14:50:00Z  431.821  57.520  -131.465  1.24223E-15  SWARM-A  5.916  57.477
2022-03-14T14:50:30Z  432.206  59.445  -131.266  1.26067E-15  SWARM-A  5.938  59.415
2022-03-14T14:51:00Z  432.581  61.368  -131.027  1.27896E-15  SWARM-A  5.962  61.353
2022-03-14T14:51:30Z  432.944  63.289  -130.741  1.29735E-15  SWARM-A  5.989  63.291
2022-03-14T14:52:00Z  433.292  65.209  -130.397  1.31609E-15  SWARM-A  6.021  65.228
2022-03-14T14:52:30Z  433.624  67.126  -129.979  1.33521E-15  SWARM-A  6.057  67.166
2022-03-14T14:53:00Z  433.937  69.040  -129.467  1.35463E-15  SWARM-A  6.099  69.104
2022-03-14T14:53:30Z  434.230  70.951  -128.834  1.37390E-15  SWARM-A  6.150  71.042
2022-03-14T14:54:00Z  434.502  72.858  -128.040  1.39103E-15  SWARM-A  6.211  72.980
2022-03-14T14:54:30Z  434.750  74.759  -127.023  1.40826E-15  SWARM-A  6.287  74.918
2022-03-14T14:55:00Z  434.973  76.653  -125.691  1.42560E-15  SWARM-A  6.384  76.856
2022-03-14T14:55:30Z  435.170  78.535  -123.888  1.44301E-15  SWARM-A  6.513  78.794
2022-03-14T14:56:00Z  435.340  80.400  -121.345  1.46054E-15  SWARM-A  6.691  80.732
2022-03-14T14:56:30Z  435.483  82.234  -117.543  1.47990E-15  SWARM-A  6.952  82.670
2022-03-14T14:57:00Z  435.597  84.010  -111.386  1.50012E-15  SWARM-A  7.371  84.608
2022-03-14T14:57:30Z  435.681  85.656  -100.254  1.52059E-15  SWARM-A  8.122  86.546
2022-03-14T14:58:00Z  435.736  86.956  -77.822  1.54137E-15  SWARM-A  9.626  88.484
2022-03-14T14:58:30Z  435.760  87.339  -39.204  1.56155E-15  SWARM-A  12.208  90.422
2022-03-14T14:59:00Z  435.755  86.492  -6.429  1.58023E-15  SWARM-A  14.402  92.360
2022-03-14T14:59:30Z  435.719  85.005  10.283  1.59595E-15  SWARM-A  15.524  94.298
2022-03-14T15:00:00Z  435.654  83.292  18.884  1.61272E-15  SWARM-A  16.106  96.236
2022-03-14T15:00:30Z  435.560  81.487  23.879  1.62844E-15  SWARM-A  16.447  98.174
2022-03-14T15:01:00Z  435.437  79.638  27.076  1.64405E-15  SWARM-A  16.669  100.112
2022-03-14T15:01:30Z  435.286  77.766  29.272  1.65953E-15  SWARM-A  16.823  102.050
2022-03-14T15:02:00Z  435.108  75.878  30.857  1.67507E-15  SWARM-A  16.938  103.988
2022-03-14T15:02:30Z  434.904  73.981  32.046  1.68999E-15  SWARM-A  17.025  105.926
2022-03-14T15:03:00Z  434.676  72.078  32.963  1.70495E-15  SWARM-A  17.095  107.864
2022-03-14T15:03:30Z  434.425  70.169  33.685  1.72038E-15  SWARM-A  17.151  109.802
2022-03-14T15:04:00Z  434.153  68.257  34.264  1.73621E-15  SWARM-A  17.198  111.739
2022-03-14T15:04:30Z  433.860  66.341  34.734  1.75211E-15  SWARM-A  17.238  113.677
2022-03-14T15:05:00Z  433.550  64.424  35.120  1.76776E-15  SWARM-A  17.272  115.615
2022-03-14T15:05:30Z  433.223  62.504  35.439  1.78269E-15  SWARM-A  17.301  117.552
2022-03-14T15:06:00Z  432.883  60.582  35.704  1.79675E-15  SWARM-A  17.327  119.490
2022-03-14T15:06:30Z  432.530  58.658  35.926  1.81009E-15  SWARM-A  17.350  121.427
2022-03-14T15:07:00Z  432.168  56.733  36.111  1.82263E-15  SWARM-A  17.371  123.364
2022-03-14T15:07:30Z  431.798  54.807  36.266  1.83449E-15  SWARM-A  17.390  125.302
2022-03-14T15:08:00Z  431.423  52.879  36.396  1.84575E-15  SWARM-A  17.407  127.239
2022-03-14T15:08:30Z  431.045  50.951  36.504  1.85661E-15  SWARM-A  17.422  129.176
2022-03-14T15:09:00Z  430.668  49.021  36.594  1.86705E-15  SWARM-A  17.437  131.113
2022-03-14T15:09:30Z  430.292  47.090  36.667  1.87728E-15  SWARM-A  17.450  133.050
2022-03-14T15:10:00Z  429.921  45.158  36.727  1.88740E-15  SWARM-A  17.462  134.986
2022-03-14T15:10:30Z  429.558  43.225  36.774  1.89746E-15  SWARM-A  17.474  136.923
2022-03-14T15:11:00Z  429.204  41.291  36.811  1.90754E-15  SWARM-A  17.484  138.860
2022-03-14T15:11:30Z  428.863  39.356  36.839  1.91745E-15  SWARM-A  17.495  140.796
2022-03-14T15:12:00Z  428.536  37.420  36.858  1.92733E-15  SWARM-A  17.504  142.732
2022-03-14T15:12:30Z  428.226  35.484  36.871  1.93712E-15  SWARM-A  17.513  144.668
2022-03-14T15:13:00Z  427.936  33.546  36.876  1.94680E-15  SWARM-A  17.522  146.604
2022-03-14T15:13:30Z  427.668  31.608  36.876  1.95628E-15  SWARM-A  17.531  148.540
2022-03-14T15:14:00Z  427.423  29.669  36.871  1.96530E-15  SWARM-A  17.539  150.476
2022-03-14T15:14:30Z  427.205  27.730  36.862  1.97394E-15  SWARM-A  17.546  152.412
2022-03-14T15:15:00Z  427.015  25.789  36.848  1.98213E-15  SWARM-A  17.554  154.347
2022-03-14T15:15:30Z  426.855  23.849  36.831  1.98967E-15  SWARM-A  17.561  156.283
2022-03-14T15:16:00Z  426.727  21.907  36.811  1.99645E-15  SWARM-A  17.568  158.218
2022-03-14T15:16:30Z  426.633  19.966  36.787  2.00214E-15  SWARM-A  17.575  160.153
2022-03-14T15:17:00Z  426.573  18.024  36.762  2.00673E-15  SWARM-A  17.581  162.088
2022-03-14T15:17:30Z  426.550  16.081  36.734  2.01016E-15  SWARM-A  17.588  164.022
2022-03-14T15:18:00Z  426.565  14.138  36.704  2.01243E-15  SWARM-A  17.594  165.957
2022-03-14T15:18:30Z  426.618  12.195  36.673  2.01352E-15  SWARM-A  17.600  167.891
2022-03-14T15:19:00Z  426.711  10.252  36.640  2.01341E-15  SWARM-A  17.606  169.825
2022-03-14T15:19:30Z  426.845  8.308  36.607  2.01214E-15  SWARM-A  17.613  171.759
2022-03-14T15:20:00Z  427.019  6.365  36.572  2.00979E-15  SWARM-A  17.619  173.693
2022-03-14T15:20:30Z  427.234  4.421  36.537  2.00640E-15  SWARM-A  17.625  175.627
2022-03-14T15:21:00Z  427.491  2.478  36.501  2.00206E-15  SWARM-A  17.630  177.560
2022-03-14T15:21:30Z  427.789  0.534  36.465  1.99684E-15  SWARM-A  17.636  179.494
2022-03-14T15:22:00Z  428.128  -1.409  36.429  1.99080E-15  SWARM-A  17.642  181.427
2022-03-14T15:22:30Z  428.507  -3.352  36.393  1.98400E-15  SWARM-A  17.648  183.360
2022-03-14T15:23:00Z  428.927  -5.295  36.357  1.97651E-15  SWARM-A  17.654  185.292
2022-03-14T15:23:30Z  429.385  -7.237  36.322  1.96839E-15  SWARM-A  17.660  187.225
2022-03-14T15:24:00Z  429.882  -9.179  36.287  1.95962E-15  SWARM-A  17.666  189.157
2022-03-14T15:24:30Z  430.416  -11.120  36.254  1.95010E-15  SWARM-A  17.672  191.089
2022-03-14T15:25:00Z  430.986  -13.061  36.222  1.93977E-15  SWARM-A  17.679  193.021
2022-03-14T15:25:30Z  431.590  -15.002  36.191  1.92862E-15  SWARM-A  17.685  194.953
2022-03-14T15:26:00Z  432.226  -16.941  36.162  1.91643E-15  SWARM-A  17.691  196.885
2022-03-14T15:26:30Z  432.893  -18.880  36.135  1.90305E-15  SWARM-A  17.698  198.816
2022-03-14T15:27:00Z  433.589  -20.818  36.110  1.88829E-15  SWARM-A  17.704  200.747
2022-03-14T15:27:30Z  434.311  -22.756  36.088  1.87208E-15  SWARM-A  17.711  202.678
2022-03-14T15:28:00Z  435.057  -24.692  36.069  1.85432E-15  SWARM-A  17.718  204.609
2022-03-14T15:28:30Z  435.825  -26.628  36.053  1.83498E-15  SWARM-A  17.726  206.539
2022-03-14T15:29:00Z  436.612  -28.563  36.040  1.81402E-15  SWARM-A  17.733  208.470
2022-03-14T15:29:30Z  437.415  -30.497  36.032  1.79151E-15  SWARM-A  17.741  210.400
2022-03-14T15:30:00Z  438.232  -32.429  36.029  1.76720E-15  SWARM-A  17.749  212.330
2022-03-14T15:30:30Z  439.061  -34.361  36.031  1.74106E-15  SWARM-A  17.758  214.260
2022-03-14T15:31:00Z  439.897  -36.292  36.039  1.71383E-15  SWARM-A  17.766  216.190
2022-03-14T15:31:30Z  440.739  -38.221  36.053  1.68571E-15  SWARM-A  17.776  218.119
2022-03-14T15:32:00Z  441.583  -40.150  36.076  1.65701E-15  SWARM-A  17.786  220.049
2022-03-14T15:32:30Z  442.426  -42.077  36.106  1.62800E-15  SWARM-A  17.796  221.978
2022-03-14T15:33:00Z  443.266  -44.003  36.147  1.59894E-15  SWARM-A  17.807  223.907
2022-03-14T15:33:30Z  444.098  -45.928  36.198  1.56874E-15  SWARM-A  17.819  225.836
2022-03-14T15:34:00Z  444.921  -47.851  36.262  1.53754E-15  SWARM-A  17.831  227.764
2022-03-14T15:34:30Z  445.731  -49.773  36.341  1.50715E-15  SWARM-A  17.845  229.693
2022-03-14T15:35:00Z  446.525  -51.694  36.436  1.47770E-15  SWARM-A  17.860  231.621
2022-03-14T15:35:30Z  447.300  -53.614  36.551  1.44941E-15  SWARM-A  17.876  233.550
2022-03-14T15:36:00Z  448.054  -55.532  36.688  1.42238E-15  SWARM-A  17.893  235.478
2022-03-14T15:36:30Z  448.784  -57.449  36.853  1.39800E-15  SWARM-A  17.912  237.406
2022-03-14T15:37:00Z  449.486  -59.364  37.049  1.37604E-15  SWARM-A  17.934  239.334
2022-03-14T15:37:30Z  450.159  -61.277  37.283  1.35546E-15  SWARM-A  17.958  241.261
2022-03-14T15:38:00Z  450.799  -63.188  37.565  1.33620E-15  SWARM-A  17.985  243.189
2022-03-14T15:38:30Z  451.405  -65.098  37.903  1.31809E-15  SWARM-A  18.016  245.117
2022-03-14T15:39:00Z  451.974  -67.005  38.313  1.30063E-15  SWARM-A  18.051  247.044
2022-03-14T15:39:30Z  452.504  -68.909  38.814  1.28126E-15  SWARM-A  18.093  248.971
2022-03-14T15:40:00Z  452.994  -70.810  39.433  1.26236E-15  SWARM-A  18.143  250.899
2022-03-14T15:40:30Z  453.440  -72.707  40.208  1.24360E-15  SWARM-A  18.203  252.826
2022-03-14T15:41:00Z  453.842  -74.598  41.196  1.22465E-15  SWARM-A  18.277  254.753
2022-03-14T15:41:30Z  454.197  -76.482  42.488  1.20536E-15  SWARM-A  18.371  256.680
2022-03-14T15:42:00Z  454.505  -78.355  44.226  1.18489E-15  SWARM-A  18.496  258.607
2022-03-14T15:42:30Z  454.765  -80.211  46.663  1.16396E-15  SWARM-A  18.666  260.534
2022-03-14T15:43:00Z  454.975  -82.038  50.273  1.14258E-15  SWARM-A  18.915  262.461
2022-03-14T15:43:30Z  455.134  -83.813  56.045  1.12087E-15  SWARM-A  19.309  264.388
2022-03-14T15:44:00Z  455.243  -85.472  66.305  1.09904E-15  SWARM-A  20.001  266.315
2022-03-14T15:44:30Z  455.299  -86.829  86.739  1.07736E-15  SWARM-A  21.371  268.242
2022-03-14T15:45:00Z  455.304  -87.366  123.709  1.05604E-15  SWARM-A  23.844  270.169
2022-03-14T15:45:30Z  455.258  -86.660  158.528  1.03404E-15  SWARM-A  2.174  272.096
2022-03-14T15:46:00Z  455.159  -85.236  176.885  1.01137E-15  SWARM-A  3.406  274.023
2022-03-14T15:46:30Z  455.010  -83.553  -173.774  9.88759E-16  SWARM-A  4.037  275.950
2022-03-14T15:47:00Z  454.809  -81.767  -168.425  9.65504E-16  SWARM-A  4.402  277.877
2022-03-14T15:47:30Z  454.559  -79.934  -165.036  9.42589E-16  SWARM-A  4.636  279.804
2022-03-14T15:48:00Z  454.259  -78.075  -162.726  9.20240E-16  SWARM-A  4.799  281.731
2022-03-14T15:48:30Z  453.912  -76.200  -161.067  8.98706E-16  SWARM-A  4.918  283.658
2022-03-14T15:49:00Z  453.517  -74.315  -159.828  8.78178E-16  SWARM-A  5.009  285.586
2022-03-14T15:49:30Z  453.078  -72.423  -158.876  8.58751E-16  SWARM-A  5.080  287.513
2022-03-14T15:50:00Z  452.594  -70.525  -158.128  8.40798E-16  SWARM-A  5.139  289.440
2022-03-14T15:50:30Z  452.069  -68.624  -157.529  8.24554E-16  SWARM-A  5.187  291.368
2022-03-14T15:51:00Z  451.503  -66.719  -157.043  8.11190E-16  SWARM-A  5.228  293.296
2022-03-14T15:51:30Z  450.900  -64.811  -156.645  8.00689E-16  SWARM-A  5.263  295.223
2022-03-14T15:52:00Z  450.260  -62.901  -156.316  7.91656E-16  SWARM-A  5.293  297.151
2022-03-14T15:52:30Z  449.587  -60.989  -156.042  7.83790E-16  SWARM-A  5.319  299.079
2022-03-14T15:53:00Z  448.883  -59.075  -155.814  7.76926E-16  SWARM-A  5.343  301.007
2022-03-14T15:53:30Z  448.150  -57.160  -155.623  7.70933E-16  SWARM-A  5.364  302.935
2022-03-14T15:54:00Z  447.391  -55.243  -155.462  7.65776E-16  SWARM-A  5.383  304.864
2022-03-14T15:54:30Z  446.609  -53.324  -155.329  7.61479E-16  SWARM-A  5.400  306.792
2022-03-14T15:55:00Z  445.807  -51.404  -155.217  7.58132E-16  SWARM-A  5.416  308.721
2022-03-14T15:55:30Z  444.987  -49.482  -155.124  7.55701E-16  SWARM-A  5.431  310.649
2022-03-14T15:56:00Z  444.153  -47.560  -155.048  7.54106E-16  SWARM-A  5.444  312.578
2022-03-14T15:56:30Z  443.307  -45.635  -154.986  7.53419E-16  SWARM-A  5.456  314.507
2022-03-14T15:57:00Z  442.452  -43.710  -154.936  7.53619E-16  SWARM-A  5.468  316.437
2022-03-14T15:57:30Z  441.592  -41.784  -154.897  7.54653E-16  SWARM-A  5.479  318.366
2022-03-14T15:58:00Z  440.730  -39.856  -154.868  7.56484E-16  SWARM-A  5.489  320.296
2022-03-14T15:58:30Z  439.868  -37.927  -154.847  7.59050E-16  SWARM-A  5.499  322.225
2022-03-14T15:59:00Z  439.010  -35.997  -154.833  7.62310E-16  SWARM-A  5.508  324.155
2022-03-14T15:59:30Z  438.158  -34.065  -154.827  7.66111E-16  SWARM-A  5.517  326.085
2022-03-14T16:00:00Z  437.316  -32.133  -154.825  7.70779E-16  SWARM-A  5.526  328.016
2022-03-14T16:00:30Z  436.486  -30.200  -154.829  7.76039E-16  SWARM-A  5.534  329.946
2022-03-14T16:01:00Z  435.671  -28.265  -154.838  7.81918E-16  SWARM-A  5.541  331.877
2022-03-14T16:01:30Z  434.875  -26.330  -154.851  7.88429E-16  SWARM-A  5.549  333.808
2022-03-14T16:02:00Z  434.099  -24.394  -154.867  7.95456E-16  SWARM-A  5.556  335.739
2022-03-14T16:02:30Z  433.346  -22.457  -154.887  8.03006E-16  SWARM-A  5.563  337.670
2022-03-14T16:03:00Z  432.618  -20.519  -154.910  8.11027E-16  SWARM-A  5.570  339.602
2022-03-14T16:03:30Z  431.918  -18.580  -154.935  8.19484E-16  SWARM-A  5.577  341.534
2022-03-14T16:04:00Z  431.248  -16.640  -154.962  8.28256E-16  SWARM-A  5.583  343.465
2022-03-14T16:04:30Z  430.610  -14.700  -154.992  8.37341E-16  SWARM-A  5.589  345.398
2022-03-14T16:05:00Z  430.006  -12.759  -155.023  8.46646E-16  SWARM-A  5.596  347.330
2022-03-14T16:05:30Z  429.437  -10.817  -155.055  8.56089E-16  SWARM-A  5.602  349.262
2022-03-14T16:06:00Z  428.905  -8.875  -155.089  8.65726E-16  SWARM-A  5.608  351.195
2022-03-14T16:06:30Z  428.411  -6.933  -155.123  8.75368E-16  SWARM-A  5.614  353.128
2022-03-14T16:07:00Z  427.956  -4.990  -155.158  8.85038E-16  SWARM-A  5.620  355.061
2022-03-14T16:07:30Z  427.542  -3.047  -155.194  8.94624E-16  SWARM-A  5.626  356.994
2022-03-14T16:08:00Z  427.169  -1.103  -155.230  9.04084E-16  SWARM-A  5.632  358.928
2022-03-14T16:08:30Z  426.837  0.841  -155.266  9.13381E-16  SWARM-A  5.638  0.861
2022-03-14T16:09:00Z  426.548  2.785  -155.302  9.22418E-16  SWARM-A  5.644  2.795
2022-03-14T16:09:30Z  426.300  4.729  -155.338  9.31263E-16  SWARM-A  5.650  4.729
2022-03-14T16:10:00Z  426.095  6.673  -155.373  9.39860E-16  SWARM-A  5.656  6.663
2022-03-14T16:10:30Z  425.933  8.617  -155.408  9.48208E-16  SWARM-A  5.662  8.598
2022-03-14T16:11:00Z  425.811  10.561  -155.441  9.56295E-16  SWARM-A  5.668  10.532
2022-03-14T16:11:30Z  425.732  12.504  -155.474  9.64151E-16  SWARM-A  5.674  12.467
2022-03-14T16:12:00Z  425.692  14.448  -155.505  9.71247E-16  SWARM-A  5.680  14.402
2022-03-14T16:12:30Z  425.692  16.391  -155.534  9.77649E-16  SWARM-A  5.687  16.337
2022-03-14T16:13:00Z  425.731  18.334  -155.562  9.83845E-16  SWARM-A  5.693  18.272
2022-03-14T16:13:30Z  425.807  20.277  -155.587  9.89821E-16  SWARM-A  5.700  20.207
2022-03-14T16:14:00Z  425.919  22.219  -155.610  9.95689E-16  SWARM-A  5.707  22.143
2022-03-14T16:14:30Z  426.065  24.161  -155.630  1.00142E-15  SWARM-A  5.714  24.079
2022-03-14T16:15:00Z  426.243  26.102  -155.646  1.00708E-15  SWARM-A  5.721  26.014
2022-03-14T16:15:30Z  426.453  28.042  -155.659  1.01275E-15  SWARM-A  5.728  27.950
2022-03-14T16:16:00Z  426.691  29.982  -155.668  1.01843E-15  SWARM-A  5.736  29.886
2022-03-14T16:16:30Z  426.956  31.921  -155.672  1.02423E-15  SWARM-A  5.744  31.823
2022-03-14T16:17:00Z  427.245  33.860  -155.672  1.03035E-15  SWARM-A  5.753  33.759
2022-03-14T16:17:30Z  427.557  35.798  -155.665  1.03668E-15  SWARM-A  5.761  35.695
2022-03-14T16:18:00Z  427.889  37.734  -155.652  1.04329E-15  SWARM-A  5.771  37.632
2022-03-14T16:18:30Z  428.239  39.670  -155.631  1.05022E-15  SWARM-A  5.780  39.569
2022-03-14T16:19:00Z  428.604  41.605  -155.602  1.05748E-15  SWARM-A  5.791  41.506
2022-03-14T16:19:30Z  428.981  43.540  -155.563  1.06512E-15  SWARM-A  5.801  43.442
2022-03-14T16:20:00Z  429.369  45.473  -155.514  1.07331E-15  SWARM-A  5.813  45.379
2022-03-14T16:20:30Z  429.764  47.405  -155.452  1.08177E-15  SWARM-A  5.825  47.317
2022-03-14T16:21:00Z  430.165  49.336  -155.376  1.09037E-15  SWARM-A  5.839  49.254
2022-03-14T16:21:30Z  430.567  51.266  -155.284  1.09965E-15  SWARM-A  5.853  51.191
2022-03-14T16:22:00Z  430.970  53.195  -155.173  1.10959E-15  SWARM-A  5.869  53.128
2022-03-14T16:22:30Z  431.370  55.123  -155.039  1.12021E-15  SWARM-A  5.886  55.066
2022-03-14T16:23:00Z  431.765  57.049  -154.880  1.13144E-15  SWARM-A  5.905  57.003
2022-03-14T16:23:30Z  432.153  58.974  -154.689  1.14327E-15  SWARM-A  5.926  58.941
2022-03-14T16:24:00Z  432.531  60.898  -154.461  1.15496E-15  SWARM-A  5.950  60.879
2022-03-14T16:24:30Z  432.896  62.819  -154.188  1.16603E-15  SWARM-A  5.976  62.816
2022-03-14T16:25:00Z  433.248  64.739  -153.859  1.17762E-15  SWARM-A  6.007  64.754
2022-03-14T16:25:30Z  433.584  66.657  -153.461  1.18982E-15  SWARM-A  6.042  66.692
2022-03-14T16:26:00Z  433.902  68.572  -152.975  1.20252E-15  SWARM-A  6.082  68.630
2022-03-14T16:26:30Z  434.199  70.484  -152.375  1.21579E-15  SWARM-A  6.131  70.568
2022-03-14T16:27:00Z  434.476  72.392  -151.625  1.22971E-15  SWARM-A  6.189  72.505
2022-03-14T16:27:30Z  434.729  74.295  -150.671  1.24482E-15  SWARM-A  6.261  74.443
2022-03-14T16:28:00Z  434.958  76.191  -149.428  1.26146E-15  SWARM-A  6.352  76.381
2022-03-14T16:28:30Z  435.161  78.076  -147.760  1.27872E-15  SWARM-A  6.472  78.319
2022-03-14T16:29:00Z  435.337  79.946  -145.434  1.29664E-15  SWARM-A  6.635  80.257
2022-03-14T16:29:30Z  435.485  81.789  -142.013  1.31522E-15  SWARM-A  6.871  82.195
2022-03-14T16:30:00Z  435.605  83.583  -136.593  1.33452E-15  SWARM-A  7.241  84.133
2022-03-14T16:30:30Z  435.696  85.273  -127.079  1.35460E-15  SWARM-A  7.884  86.071
2022-03-14T16:31:00Z  435.756  86.695  -108.264  1.37555E-15  SWARM-A  9.146  88.010
2022-03-14T16:31:30Z  435.787  87.369  -72.754  1.39494E-15  SWARM-A  11.522  89.948
2022-03-14T16:32:00Z  435.788  86.786  -36.075  1.41357E-15  SWARM-A  13.976  91.886
2022-03-14T16:32:30Z  435.759  85.400  -16.143  1.43234E-15  SWARM-A  15.313  93.824
2022-03-14T16:33:00Z  435.699  83.724  -6.138  1.45167E-15  SWARM-A  15.988  95.762
2022-03-14T16:33:30Z  435.611  81.935  -0.492  1.47140E-15  SWARM-A  16.373  97.700
2022-03-14T16:34:00Z  435.493  80.094  3.046  1.49133E-15  SWARM-A  16.617  99.638
2022-03-14T16:34:30Z  435.348  78.226  5.440  1.51139E-15  SWARM-A  16.785  101.576
2022-03-14T16:35:00Z  435.175  76.342  7.149  1.53155E-15  SWARM-A  16.907  103.513
2022-03-14T16:35:30Z  434.975  74.447  8.421  1.55176E-15  SWARM-A  17.000  105.451
2022-03-14T16:36:00Z  434.751  72.545  9.395  1.57154E-15  SWARM-A  17.074  107.389
2022-03-14T16:36:30Z  434.504  70.637  10.159  1.59161E-15  SWARM-A  17.133  109.327
2022-03-14T16:37:00Z  434.234  68.726  10.769  1.61200E-15  SWARM-A  17.182  111.265
2022-03-14T16:37:30Z  433.944  66.811  11.263  1.63259E-15  SWARM-A  17.223  113.202
2022-03-14T16:38:00Z  433.635  64.894  11.667  1.65316E-15  SWARM-A  17.258  115.140
2022-03-14T16:38:30Z  433.310  62.974  12.001  1.67351E-15  SWARM-A  17.289  117.077
2022-03-14T16:39:00Z  432.970  61.053  12.278  1.69327E-15  SWARM-A  17.316  119.015
2022-03-14T16:39:30Z  432.617  59.130  12.509  1.71193E-15  SWARM-A  17.340  120.952
2022-03-14T16:40:00Z  432.254  57.205  12.703  1.72975E-15  SWARM-A  17.361  122.890
2022-03-14T16:40:30Z  431.883  55.279  12.865  1.74667E-15  SWARM-A  17.380  124.827
2022-03-14T16:41:00Z  431.507  53.352  13.000  1.76271E-15  SWARM-A  17.397  126.764
2022-03-14T16:41:30Z  431.127  51.423  13.113  1.77802E-15  SWARM-A  17.413  128.701
2022-03-14T16:42:00Z  430.746  49.494  13.206  1.79254E-15  SWARM-A  17.428  130.638
2022-03-14T16:42:30Z  430.366  47.563  13.284  1.80633E-15  SWARM-A  17.441  132.575
2022-03-14T16:43:00Z  429.991  45.631  13.346  1.81958E-15  SWARM-A  17.454  134.512
2022-03-14T16:43:30Z  429.623  43.698  13.397  1.83230E-15  SWARM-A  17.465  136.449
2022-03-14T16:44:00Z  429.263  41.765  13.436  1.84451E-15  SWARM-A  17.476  138.385
2022-03-14T16:44:30Z  428.915  39.830  13.466  1.85626E-15  SWARM-A  17.487  140.322
2022-03-14T16:45:00Z  428.582  37.894  13.487  1.86760E-15  SWARM-A  17.497  142.258
2022-03-14T16:45:30Z  428.264  35.958  13.501  1.87853E-15  SWARM-A  17.506  144.194
2022-03-14T16:46:00Z  427.966  34.021  13.508  1.88904E-15  SWARM-A  17.515  146.130
2022-03-14T16:46:30Z  427.689  32.083  13.509  1.89910E-15  SWARM-A  17.523  148.066
2022-03-14T16:47:00Z  427.436  30.144  13.505  1.90863E-15  SWARM-A  17.531  150.002
2022-03-14T16:47:30Z  427.208  28.205  13.497  1.91759E-15  SWARM-A  17.539  151.938
2022-03-14T16:48:00Z  427.008  26.265  13.484  1.92585E-15  SWARM-A  17.546  153.873
2022-03-14T16:48:30Z  426.838  24.324  13.468  1.93330E-15  SWARM-A  17.554  155.809
2022-03-14T16:49:00Z  426.700  22.383  13.448  1.93982E-15  SWARM-A  17.561  157.744
2022-03-14T16:49:30Z  426.594  20.441  13.426  1.94529E-15  SWARM-A  17.567  159.679
2022-03-14T16:50:00Z  426.524  18.499  13.400  1.94961E-15  SWARM-A  17.574  161.614
2022-03-14T16:50:30Z  426.489  16.557  13.373  1.95270E-15  SWARM-A  17.581  163.549
2022-03-14T16:51:00Z  426.492  14.614  13.344  1.95446E-15  SWARM-A  17.587  165.483
2022-03-14T16:51:30Z  426.534  12.671  13.313  1.95495E-15  SWARM-A  17.593  167.418
2022-03-14T16:52:00Z  426.615  10.727  13.280  1.95408E-15  SWARM-A  17.599  169.352
2022-03-14T16:52:30Z  426.736  8.784  13.247  1.95181E-15  SWARM-A  17.606  171.286
2022-03-14T16:53:00Z  426.898  6.840  13.212  1.94819E-15  SWARM-A  17.612  173.220
2022-03-14T16:53:30Z  427.102  4.897  13.177  1.94324E-15  SWARM-A  17.618  175.154
2022-03-14T16:54:00Z  427.346  2.953  13.141  1.93709E-15  SWARM-A  17.623  177.087
2022-03-14T16:54:30Z  427.632  1.010  13.105  1.92975E-15  SWARM-A  17.629  179.021
2022-03-14T16:55:00Z  427.959  -0.934  13.069  1.92132E-15  SWARM-A  17.635  180.954
2022-03-14T16:55:30Z  428.327  -2.877  13.033  1.91186E-15  SWARM-A  17.641  182.887
2022-03-14T16:56:00Z  428.735  -4.820  12.997  1.90148E-15  SWARM-A  17.647  184.820
2022-03-14T16:56:30Z  429.183  -6.762  12.962  1.89018E-15  SWARM-A  17.653  186.752
2022-03-14T16:57:00Z  429.669  -8.704  12.927  1.87805E-15  SWARM-A  17.659  188.685
2022-03-14T16:57:30Z  430.192  -10.646  12.893  1.86509E-15  SWARM-A  17.665  190.617
2022-03-14T16:58:00Z  430.752  -12.587  12.861  1.85101E-15  SWARM-A  17.671  192.549
2022-03-14T16:58:30Z  431.346  -14.527  12.830  1.83580E-15  SWARM-A  17.678  194.481
2022-03-14T16:59:00Z  431.973  -16.467  12.800  1.81962E-15  SWARM-A  17.684  196.413
2022-03-14T16:59:30Z  432.631  -18.407  12.773  1.80237E-15  SWARM-A  17.691  198.344
2022-03-14T17:00:00Z  433.318  -20.345  12.747  1.78396E-15  SWARM-A  17.697  200.275
2022-03-14T17:00:30Z  434.031  -22.283  12.724  1.76434E-15  SWARM-A  17.704  202.206
2022-03-14T17:01:00Z  434.770  -24.219  12.704  1.74343E-15  SWARM-A  17.711  204.137
2022-03-14T17:01:30Z  435.531  -26.155  12.687  1.72120E-15  SWARM-A  17.718  206.068
2022-03-14T17:02:00Z  436.312  -28.090  12.674  1.69769E-15  SWARM-A  17.726  207.999
2022-03-14T17:02:30Z  437.110  -30.025  12.665  1.67291E-15  SWARM-A  17.733  209.929
2022-03-14T17:03:00Z  437.923  -31.958  12.660  1.64697E-15  SWARM-A  17.741  211.859
2022-03-14T17:03:30Z  438.747  -33.890  12.661  1.62005E-15  SWARM-A  17.750  213.789
2022-03-14T17:04:00Z  439.581  -35.821  12.667  1.59130E-15  SWARM-A  17.759  215.719
2022-03-14T17:04:30Z  440.420  -37.750  12.680  1.56091E-15  SWARM-A  17.768  217.648
2022-03-14T17:05:00Z  441.263  -39.679  12.700  1.53010E-15  SWARM-A  17.777  219.578
2022-03-14T17:05:30Z  442.105  -41.607  12.729  1.49911E-15  SWARM-A  17.788  221.507
2022-03-14T17:06:00Z  442.945  -43.533  12.766  1.46823E-15  SWARM-A  17.799  223.436
2022-03-14T17:06:30Z  443.779  -45.458  12.815  1.43770E-15  SWARM-A  17.810  225.365
2022-03-14T17:07:00Z  444.604  -47.382  12.876  1.40777E-15  SWARM-A  17.822  227.294
2022-03-14T17:07:30Z  445.417  -49.305  12.950  1.37863E-15  SWARM-A  17.836  229.223
2022-03-14T17:08:00Z  446.215  -51.226  13.041  1.35045E-15  SWARM-A  17.850  231.151
2022-03-14T17:08:30Z  446.996  -53.146  13.151  1.32496E-15  SWARM-A  17.866  233.080
2022-03-14T17:09:00Z  447.755  -55.065  13.283  1.30062E-15  SWARM-A  17.883  235.008
2022-03-14T17:09:30Z  448.491  -56.982  13.440  1.27748E-15  SWARM-A  17.902  236.936
2022-03-14T17:10:00Z  449.201  -58.897  13.628  1.25556E-15  SWARM-A  17.923  238.864
2022-03-14T17:10:30Z  449.882  -60.811  13.852  1.23496E-15  SWARM-A  17.946  240.792
2022-03-14T17:11:00Z  450.532  -62.723  14.121  1.21562E-15  SWARM-A  17.972  242.719
2022-03-14T17:11:30Z  451.148  -64.633  14.444  1.19746E-15  SWARM-A  18.002  244.647
2022-03-14T17:12:00Z  451.727  -66.541  14.835  1.17920E-15  SWARM-A  18.036  246.575
2022-03-14T17:12:30Z  452.268  -68.446  15.311  1.16137E-15  SWARM-A  18.077  248.502
2022-03-14T17:13:00Z  452.769  -70.348  15.898  1.14454E-15  SWARM-A  18.124  250.429
2022-03-14T17:13:30Z  453.228  -72.246  16.630  1.12851E-15  SWARM-A  18.181  252.357
2022-03-14T17:14:00Z  453.642  -74.138  17.560  1.11297E-15  SWARM-A  18.251  254.284
2022-03-14T17:14:30Z  454.011  -76.024  18.767  1.09776E-15  SWARM-A  18.340  256.211
2022-03-14T17:15:00Z  454.333  -77.900  20.378  1.08270E-15  SWARM-A  18.456  258.138
2022-03-14T17:15:30Z  454.607  -79.761  22.612  1.06698E-15  SWARM-A  18.613  260.065
2022-03-14T17:16:00Z  454.831  -81.598  25.871  1.05097E-15  SWARM-A  18.839  261.992
2022-03-14T17:16:30Z  455.005  -83.389  30.975  1.03465E-15  SWARM-A  19.187  263.920
2022-03-14T17:17:00Z  455.128  -85.086  39.794  1.01819E-15  SWARM-A  19.784  265.847
2022-03-14T17:17:30Z  455.200  -86.548  56.960  1.00184E-15  SWARM-A  20.937  267.774
2022-03-14T17:18:00Z  455.221  -87.351  90.259  9.86001E-16  SWARM-A  23.165  269.701
2022-03-14T17:18:30Z  455.189  -86.926  128.343  9.69976E-16  SWARM-A  1.712  271.628
2022-03-14T17:19:00Z  455.106  -85.617  150.189  9.53594E-16  SWARM-A  3.177  273.555
2022-03-14T17:19:30Z  454.972  -83.975  161.083  9.37554E-16  SWARM-A  3.911  275.482
2022-03-14T17:20:00Z  454.787  -82.208  167.143  9.22124E-16  SWARM-A  4.324  277.409
2022-03-14T17:20:30Z  454.551  -80.383  170.900  9.07330E-16  SWARM-A  4.582  279.336
2022-03-14T17:21:00Z  454.267  -78.529  173.421  8.93269E-16  SWARM-A  4.759  281.263
2022-03-14T17:21:30Z  453.934  -76.657  175.211  8.79884E-16  SWARM-A  4.887  283.190
2022-03-14T17:22:00Z  453.553  -74.774  176.536  8.67045E-16  SWARM-A  4.983  285.117
2022-03-14T17:22:30Z  453.128  -72.883  177.548  8.54263E-16  SWARM-A  5.059  287.045
2022-03-14T17:23:00Z  452.658  -70.987  178.340  8.42318E-16  SWARM-A  5.120  288.972
2022-03-14T17:23:30Z  452.146  -69.086  178.971  8.31339E-16  SWARM-A  5.171  290.900
2022-03-14T17:24:00Z  451.593  -67.182  179.482  8.21506E-16  SWARM-A  5.213  292.827
2022-03-14T17:24:30Z  451.002  -65.275  179.899  8.13022E-16  SWARM-A  5.249  294.755
2022-03-14T17:25:00Z  450.374  -63.365  -179.757  8.06029E-16  SWARM-A  5.280  296.683
2022-03-14T17:25:30Z  449.712  -61.454  -179.471  8.00618E-16  SWARM-A  5.308  298.611
2022-03-14T17:26:00Z  449.019  -59.540  -179.232  7.96788E-16  SWARM-A  5.332  300.539
2022-03-14T17:26:30Z  448.297  -57.625  -179.033  7.93945E-16  SWARM-A  5.354  302.467
2022-03-14T17:27:00Z  447.548  -55.708  -178.866  7.92125E-16  SWARM-A  5.373  304.395
2022-03-14T17:27:30Z  446.775  -53.790  -178.726  7.91006E-16  SWARM-A  5.391  306.324
2022-03-14T17:28:00Z  445.981  -51.870  -178.609  7.90240E-16  SWARM-A  5.407  308.252
2022-03-14T17:28:30Z  445.169  -49.949  -178.513  7.89742E-16  SWARM-A  5.422  310.181
2022-03-14T17:29:00Z  444.342  -48.027  -178.433  7.89519E-16  SWARM-A  5.435  312.110
2022-03-14T17:29:30Z  443.502  -46.103  -178.367  7.89642E-16  SWARM-A  5.448  314.039
2022-03-14T17:30:00Z  442.653  -44.178  -178.315  7.90114E-16  SWARM-A  5.460  315.968
2022-03-14T17:30:30Z  441.798  -42.252  -178.274  7.90946E-16  SWARM-A  5.471  317.897
2022-03-14T17:31:00Z  440.940  -40.324  -178.242  7.92107E-16  SWARM-A  5.481  319.827
2022-03-14T17:31:30Z  440.081  -38.395  -178.219  7.93522E-16  SWARM-A  5.491  321.757
2022-03-14T17:32:00Z  439.226  -36.466  -178.204  7.95160E-16  SWARM-A  5.501  323.687
2022-03-14T17:32:30Z  438.376  -34.535  -178.196  7.96963E-16  SWARM-A  5.509  325.617
2022-03-14T17:33:00Z  437.534  -32.603  -178.193  7.98841E-16  SWARM-A  5.518  327.547
2022-03-14T17:33:30Z  436.705  -30.669  -178.196  8.00664E-16  SWARM-A  5.526  329.477
2022-03-14T17:34:00Z  435.889  -28.735  -178.204  8.02572E-16  SWARM-A  5.534  331.408
2022-03-14T17:34:30Z  435.091  -26.800  -178.216  8.04516E-16  SWARM-A  5.541  333.339
2022-03-14T17:35:00Z  434.312  -24.864  -178.231  8.06482E-16  SWARM-A  5.549  335.270
2022-03-14T17:35:30Z  433.556  -22.927  -178.250  8.08504E-16  SWARM-A  5.556  337.201
2022-03-14T17:36:00Z  432.825  -20.989  -178.272  8.10585E-16  SWARM-A  5.563  339.133
2022-03-14T17:36:30Z  432.120  -19.051  -178.297  8.12692E-16  SWARM-A  5.569  341.064
2022-03-14T17:37:00Z  431.444  -17.111  -178.324  8.14817E-16  SWARM-A  5.576  342.996
2022-03-14T17:37:30Z  430.800  -15.171  -178.353  8.16955E-16  SWARM-A  5.582  344.928
2022-03-14T17:38:00Z  430.189  -13.231  -178.383  8.19079E-16  SWARM-A  5.589  346.860
2022-03-14T17:38:30Z  429.613  -11.289  -178.416  8.21233E-16  SWARM-A  5.595  348.793
2022-03-14T17:39:00Z  429.073  -9.347  -178.449  8.23369E-16  SWARM-A  5.601  350.725
2022-03-14T17:39:30Z  428.571  -7.405  -178.483  8.25531E-16  SWARM-A  5.607  352.658
2022-03-14T17:40:00Z  428.108  -5.462  -178.518  8.27740E-16  SWARM-A  5.613  354.591
2022-03-14T17:40:30Z  427.685  -3.519  -178.554  8.29968E-16  SWARM-A  5.619  356.524
2022-03-14T17:41:00Z  427.303  -1.576  -178.590  8.32284E-16  SWARM-A  5.625  358.458
2022-03-14T17:41:30Z  426.962  0.368  -178.626  8.34663E-16  SWARM-A  5.631  0.391
2022-03-14T17:42:00Z  426.664  2.312  -178.662  8.37139E-16  SWARM-A  5.637  2.325
2022-03-14T17:42:30Z  426.407  4.256  -178.698  8.39730E-16  SWARM-A  5.643  4.259
2022-03-14T17:43:00Z  426.193  6.200  -178.734  8.42495E-16  SWARM-A  5.649  6.193
2022-03-14T17:43:30Z  426.021  8.144  -178.769  8.45415E-16  SWARM-A  5.655  8.127
2022-03-14T17:44:00Z  425.891  10.088  -178.802  8.48551E-16  SWARM-A  5.661  10.062
2022-03-14T17:44:30Z  425.802  12.032  -178.835  8.51934E-16  SWARM-A  5.667  11.997
2022-03-14T17:45:00Z  425.754  13.976  -178.867  8.55546E-16  SWARM-A  5.673  13.931
2022-03-14T17:45:30Z  425.746  15.919  -178.897  8.59428E-16  SWARM-A  5.679  15.866
2022-03-14T17:46:00Z  425.776  17.862  -178.925  8.63537E-16  SWARM-A  5.686  17.801
2022-03-14T17:46:30Z  425.844  19.805  -178.950  8.67887E-16  SWARM-A  5.693  19.737
2022-03-14T17:47:00Z  425.948  21.747  -178.974  8.72579E-16  SWARM-A  5.699  21.672
2022-03-14T17:47:30Z  426.087  23.689  -178.995  8.77420E-16  SWARM-A  5.706  23.608
2022-03-14T17:48:00Z  426.259  25.630  -179.012  8.82489E-16  SWARM-A  5.713  25.544
2022-03-14T17:48:30Z  426.461  27.570  -179.026  8.87777E-16  SWARM-A  5.721  27.479
2022-03-14T17:49:00Z  426.694  29.510  -179.036  8.93295E-16  SWARM-A  5.729  29.415
2022-03-14T17:49:30Z  426.953  31.450  -179.042  8.99036E-16  SWARM-A  5.736  31.352
2022-03-14T17:50:00Z  427.237  33.388  -179.042  9.05045E-16  SWARM-A  5.745  33.288
2022-03-14T17:50:30Z  427.545  35.326  -179.037  9.11333E-16  SWARM-A  5.753  35.224
2022-03-14T17:51:00Z  427.872  37.263  -179.025  9.17933E-16  SWARM-A  5.763  37.161
2022-03-14T17:51:30Z  428.218  39.199  -179.007  9.24899E-16  SWARM-A  5.772  39.097
2022-03-14T17:52:00Z  428.580  41.135  -178.980  9.32247E-16  SWARM-A  5.782  41.034
2022-03-14T17:52:30Z  428.955  43.069  -178.944  9.39444E-16  SWARM-A  5.793  42.971
2022-03-14T17:53:00Z  429.341  45.002  -178.897  9.46004E-16  SWARM-A  5.804  44.908
2022-03-14T17:53:30Z  429.735  46.935  -178.839  9.52964E-16  SWARM-A  5.817  46.845
2022-03-14T17:54:00Z  430.134  48.866  -178.766  9.60441E-16  SWARM-A  5.830  48.782
2022-03-14T17:54:30Z  430.536  50.796  -178.678  9.68431E-16  SWARM-A  5.844  50.719
2022-03-14T17:55:00Z  430.939  52.726  -178.572  9.77272E-16  SWARM-A  5.859  52.657
2022-03-14T17:55:30Z  431.340  54.653  -178.445  9.86946E-16  SWARM-A  5.876  54.594
2022-03-14T17:56:00Z  431.737  56.580  -178.292  9.97405E-16  SWARM-A  5.895  56.531
2022-03-14T17:56:30Z  432.126  58.505  -178.109  1.00867E-15  SWARM-A  5.915  58.469
2022-03-14T17:57:00Z  432.507  60.429  -177.891  1.02071E-15  SWARM-A  5.938  60.407
2022-03-14T17:57:30Z  432.876  62.351  -177.630  1.03353E-15  SWARM-A  5.964  62.344
2022-03-14T17:58:00Z  433.231  64.272  -177.316  1.04636E-15  SWARM-A  5.993  64.282
2022-03-14T17:58:30Z  433.571  66.190  -176.936  1.05956E-15  SWARM-A  6.027  66.220
2022-03-14T17:59:00Z  433.893  68.106  -176.474  1.07344E-15  SWARM-A  6.066  68.157
2022-03-14T17:59:30Z  434.196  70.018  -175.906  1.08801E-15  SWARM-A  6.112  70.095
2022-03-14T18:00:00Z  434.477  71.928  -175.197  1.10731E-15  SWARM-A  6.168  72.033
2022-03-14T18:00:30Z  434.736  73.832  -174.299  1.12189E-15  SWARM-A  6.236  73.971
2022-03-14T18:01:00Z  434.970  75.729  -173.136  1.13629E-15  SWARM-A  6.322  75.909
2022-03-14T18:01:30Z  435.179  77.618  -171.590  1.15145E-15  SWARM-A  6.433  77.847
2022-03-14T18:02:00Z  435.361  79.492  -169.455  1.16733E-15  SWARM-A  6.584  79.785
2022-03-14T18:02:30Z  435.516  81.343  -166.361  1.18383E-15  SWARM-A  6.799  81.723
2022-03-14T18:03:00Z  435.642  83.153  -161.558  1.20254E-15  SWARM-A  7.127  83.661
2022-03-14T18:03:30Z  435.738  84.877  -153.357  1.22271E-15  SWARM-A  7.682  85.599
2022-03-14T18:04:00Z  435.805  86.392  -137.563  1.24391E-15  SWARM-A  8.743  87.537
2022-03-14T18:04:30Z  435.842  87.315  -106.168  1.26595E-15  SWARM-A  10.845  89.475
2022-03-14T18:05:00Z  435.849  87.032  -66.846  1.28774E-15  SWARM-A  13.475  91.413
2022-03-14T18:05:30Z  435.826  85.778  -43.124  1.30850E-15  SWARM-A  15.064  93.351
2022-03-14T18:06:00Z  435.772  84.147  -31.401  1.32891E-15  SWARM-A  15.854  95.289
2022-03-14T18:06:30Z  435.689  82.378  -24.982  1.35020E-15  SWARM-A  16.290  97.227
2022-03-14T18:07:00Z  435.577  80.547  -21.050  1.37222E-15  SWARM-A  16.561  99.165
2022-03-14T18:07:30Z  435.436  78.684  -18.433  1.39482E-15  SWARM-A  16.744  101.103
2022-03-14T18:08:00Z  435.268  76.803  -16.585  1.41790E-15  SWARM-A  16.875  103.041
2022-03-14T18:08:30Z  435.074  74.911  -15.223  1.44042E-15  SWARM-A  16.974  104.978
2022-03-14T18:09:00Z  434.854  73.010  -14.187  1.46312E-15  SWARM-A  17.052  106.916
2022-03-14T18:09:30Z  434.610  71.104  -13.378  1.48606E-15  SWARM-A  17.114  108.854
2022-03-14T18:10:00Z  434.343  69.193  -12.735  1.50914E-15  SWARM-A  17.165  110.792
2022-03-14T18:10:30Z  434.056  67.279  -12.215  1.53226E-15  SWARM-A  17.208  112.729
2022-03-14T18:11:00Z  433.749  65.362  -11.791  1.55528E-15  SWARM-A  17.245  114.667
2022-03-14T18:11:30Z  433.425  63.443  -11.442  1.57822E-15  SWARM-A  17.277  116.604
2022-03-14T18:12:00Z  433.085  61.522  -11.152  1.60089E-15  SWARM-A  17.304  118.542
2022-03-14T18:12:30Z  432.733  59.600  -10.911  1.62302E-15  SWARM-A  17.329  120.479
2022-03-14T18:13:00Z  432.369  57.675  -10.709  1.64460E-15  SWARM-A  17.350  122.417
2022-03-14T18:13:30Z  431.997  55.750  -10.540  1.66558E-15  SWARM-A  17.370  124.354
2022-03-14T18:14:00Z  431.618  53.823  -10.398  1.68606E-15  SWARM-A  17.388  126.291
2022-03-14T18:14:30Z  431.235  51.895  -10.280  1.70577E-15  SWARM-A  17.404  128.228
2022-03-14T18:15:00Z  430.851  49.965  -10.182  1.72468E-15  SWARM-A  17.419  130.165
2022-03-14T18:15:30Z  430.467  48.035  -10.102  1.74293E-15  SWARM-A  17.433  132.102
2022-03-14T18:16:00Z  430.087  46.103  -10.036  1.75937E-15  SWARM-A  17.445  134.039
2022-03-14T18:16:30Z  429.713  44.171  -9.983  1.77531E-15  SWARM-A  17.457  135.976
2022-03-14T18:17:00Z  429.348  42.237  -9.941  1.79078E-15  SWARM-A  17.468  137.912
2022-03-14T18:17:30Z  428.994  40.303  -9.909  1.80580E-15  SWARM-A  17.479  139.849
2022-03-14T18:18:00Z  428.653  38.367  -9.886  1.82049E-15  SWARM-A  17.489  141.785
2022-03-14T18:18:30Z  428.328  36.431  -9.870  1.83479E-15  SWARM-A  17.498  143.721
2022-03-14T18:19:00Z  428.021  34.494  -9.861  1.84873E-15  SWARM-A  17.507  145.658
2022-03-14T18:19:30Z  427.735  32.556  -9.859  1.86225E-15  SWARM-A  17.515  147.594
2022-03-14T18:20:00Z  427.472  30.618  -9.861  1.87532E-15  SWARM-A  17.524  149.529
2022-03-14T18:20:30Z  427.235  28.678  -9.869  1.88786E-15  SWARM-A  17.531  151.465
2022-03-14T18:21:00Z  427.024  26.738  -9.881  1.89977E-15  SWARM-A  17.539  153.401
2022-03-14T18:21:30Z  426.843  24.798  -9.896  1.91094E-15  SWARM-A  17.546  155.336
2022-03-14T18:22:00Z  426.693  22.857  -9.915  1.92124E-15  SWARM-A  17.553  157.272
2022-03-14T18:22:30Z  426.576  20.915  -9.937  1.93058E-15  SWARM-A  17.560  159.207
2022-03-14T18:23:00Z  426.493  18.973  -9.962  1.93887E-15  SWARM-A  17.567  161.142
2022-03-14T18:23:30Z  426.446  17.031  -9.989  1.94597E-15  SWARM-A  17.573  163.077
2022-03-14T18:24:00Z  426.436  15.088  -10.017  1.95185E-15  SWARM-A  17.580  165.011
2022-03-14T18:24:30Z  426.465  13.145  -10.048  1.95644E-15  SWARM-A  17.586  166.946
2022-03-14T18:25:00Z  426.533  11.202  -10.080  1.95973E-15  SWARM-A  17.592  168.880
2022-03-14T18:25:30Z  426.641  9.258  -10.113  1.96166E-15  SWARM-A  17.598  170.814
2022-03-14T18:26:00Z  426.789  7.314  -10.148  1.96229E-15  SWARM-A  17.605  172.748
2022-03-14T18:26:30Z  426.979  5.371  -10.183  1.96161E-15  SWARM-A  17.611  174.682
2022-03-14T18:27:00Z  427.210  3.427  -10.219  1.95973E-15  SWARM-A  17.616  176.616
2022-03-14T18:27:30Z  427.482  1.484  -10.255  1.95669E-15  SWARM-A  17.622  178.549
2022-03-14T18:28:00Z  427.796  -0.460  -10.291  1.95249E-15  SWARM-A  17.628  180.482
2022-03-14T18:28:30Z  428.151  -2.403  -10.327  1.94712E-15  SWARM-A  17.634  182.416
2022-03-14T18:29:00Z  428.546  -4.346  -10.363  1.94072E-15  SWARM-A  17.640  184.348
2022-03-14T18:29:30Z  428.980  -6.289  -10.398  1.93309E-15  SWARM-A  17.646  186.281
2022-03-14T18:30:00Z  429.454  -8.231  -10.433  1.92319E-15  SWARM-A  17.652  188.214
2022-03-14T18:30:30Z  429.965  -10.173  -10.467  1.91209E-15  SWARM-A  17.658  190.146
2022-03-14T18:31:00Z  430.513  -12.114  -10.500  1.89971E-15  SWARM-A  17.664  192.078
2022-03-14T18:31:30Z  431.096  -14.055  -10.532  1.88601E-15  SWARM-A  17.671  194.010
2022-03-14T18:32:00Z  431.712  -15.995  -10.562  1.87088E-15  SWARM-A  17.677  195.942
2022-03-14T18:32:30Z  432.360  -17.934  -10.590  1.85426E-15  SWARM-A  17.683  197.873
2022-03-14T18:33:00Z  433.038  -19.873  -10.616  1.83608E-15  SWARM-A  17.690  199.805
2022-03-14T18:33:30Z  433.743  -21.811  -10.639  1.81634E-15  SWARM-A  17.697  201.736
2022-03-14T18:34:00Z  434.474  -23.748  -10.660  1.79498E-15  SWARM-A  17.704  203.667
2022-03-14T18:34:30Z  435.228  -25.684  -10.678  1.77219E-15  SWARM-A  17.711  205.598
2022-03-14T18:35:00Z  436.003  -27.619  -10.692  1.74782E-15  SWARM-A  17.718  207.528
2022-03-14T18:35:30Z  436.795  -29.554  -10.702  1.72195E-15  SWARM-A  17.726  209.459
2022-03-14T18:36:00Z  437.603  -31.487  -10.708  1.69468E-15  SWARM-A  17.734  211.389
2022-03-14T18:36:30Z  438.424  -33.419  -10.709  1.66620E-15  SWARM-A  17.742  213.319
2022-03-14T18:37:00Z  439.255  -35.351  -10.704  1.63670E-15  SWARM-A  17.751  215.249
2022-03-14T18:37:30Z  440.092  -37.281  -10.693  1.60543E-15  SWARM-A  17.760  217.179
2022-03-14T18:38:00Z  440.934  -39.210  -10.674  1.57349E-15  SWARM-A  17.769  219.108
2022-03-14T18:38:30Z  441.776  -41.138  -10.648  1.54120E-15  SWARM-A  17.780  221.038
2022-03-14T18:39:00Z  442.616  -43.065  -10.613  1.50887E-15  SWARM-A  17.790  222.967
2022-03-14T18:39:30Z  443.451  -44.990  -10.567  1.47678E-15  SWARM-A  17.802  224.896
2022-03-14T18:40:00Z  444.279  -46.915  -10.509  1.44343E-15  SWARM-A  17.814  226.825
2022-03-14T18:40:30Z  445.095  -48.838  -10.438  1.40904E-15  SWARM-A  17.827  228.754
2022-03-14T18:41:00Z  445.897  -50.759  -10.351  1.37547E-15  SWARM-A  17.841  230.682
2022-03-14T18:41:30Z  446.682  -52.680  -10.247  1.34282E-15  SWARM-A  17.856  232.611
2022-03-14T18:42:00Z  447.447  -54.599  -10.121  1.31129E-15  SWARM-A  17.873  234.539
2022-03-14T18:42:30Z  448.189  -56.516  -9.970  1.28238E-15  SWARM-A  17.891  236.467
2022-03-14T18:43:00Z  448.906  -58.432  -9.790  1.25568E-15  SWARM-A  17.912  238.395
2022-03-14T18:43:30Z  449.594  -60.346  -9.575  1.23008E-15  SWARM-A  17.934  240.323
2022-03-14T18:44:00Z  450.253  -62.259  -9.318  1.20559E-15  SWARM-A  17.960  242.251
2022-03-14T18:44:30Z  450.877  -64.169  -9.009  1.18218E-15  SWARM-A  17.989  244.179
2022-03-14T18:45:00Z  451.467  -66.078  -8.637  1.15692E-15  SWARM-A  18.022  246.107
2022-03-14T18:45:30Z  452.019  -67.984  -8.183  1.13247E-15  SWARM-A  18.061  248.034
2022-03-14T18:46:00Z  452.531  -69.886  -7.626  1.10888E-15  SWARM-A  18.106  249.962
2022-03-14T18:46:30Z  453.001  -71.785  -6.933  1.08614E-15  SWARM-A  18.161  251.889
2022-03-14T18:47:00Z  453.428  -73.680  -6.057  1.06364E-15  SWARM-A  18.227  253.816
2022-03-14T18:47:30Z  453.810  -75.568  -4.928  1.04117E-15  SWARM-A  18.311  255.744
2022-03-14T18:48:00Z  454.145  -77.446  -3.430  1.01919E-15  SWARM-A  18.419  257.671
2022-03-14T18:48:30Z  454.432  -79.312  -1.376  9.97673E-16  SWARM-A  18.564  259.598
2022-03-14T18:49:00Z  454.671  -81.155  1.582  9.76494E-16  SWARM-A  18.770  261.525
2022-03-14T18:49:30Z  454.859  -82.961  6.123  9.55712E-16  SWARM-A  19.081  263.452
2022-03-14T18:50:00Z  454.997  -84.688  13.764  9.35288E-16  SWARM-A  19.599  265.379
2022-03-14T18:50:30Z  455.084  -86.231  28.229  9.15355E-16  SWARM-A  20.571  267.306
2022-03-14T18:51:00Z  455.120  -87.256  57.250  8.96199E-16  SWARM-A  22.514  269.233
2022-03-14T18:51:30Z  455.104  -87.139  97.027  8.77091E-16  SWARM-A  1.175  271.160
2022-03-14T18:52:00Z  455.036  -85.979  122.879  8.56663E-16  SWARM-A  2.906  273.087
2022-03-14T18:52:30Z  454.917  -84.389  135.674  8.36685E-16  SWARM-A  3.768  275.015
2022-03-14T18:53:00Z  454.747  -82.643  142.582  8.18555E-16  SWARM-A  4.237  276.942
2022-03-14T18:53:30Z  454.527  -80.829  146.765  8.03714E-16  SWARM-A  4.524  278.869
2022-03-14T18:54:00Z  454.257  -78.980  149.525  7.90029E-16  SWARM-A  4.716  280.796
2022-03-14T18:54:30Z  453.939  -77.112  151.461  7.77387E-16  SWARM-A  4.854  282.723
2022-03-14T18:55:00Z  453.574  -75.231  152.881  7.65854E-16  SWARM-A  4.957  284.651
2022-03-14T18:55:30Z  453.163  -73.342  153.959  7.55501E-16  SWARM-A  5.037  286.578
2022-03-14T18:56:00Z  452.707  -71.447  154.798  7.46318E-16  SWARM-A  5.101  288.505
2022-03-14T18:56:30Z  452.208  -69.547  155.464  7.38350E-16  SWARM-A  5.154  290.433
2022-03-14T18:57:00Z  451.669  -67.643  156.000  7.31523E-16  SWARM-A  5.198  292.360
2022-03-14T18:57:30Z  451.090  -65.737  156.438  7.25957E-16  SWARM-A  5.235  294.288
2022-03-14T18:58:00Z  450.475  -63.828  156.798  7.21545E-16  SWARM-A  5.268  296.216
2022-03-14T18:58:30Z  449.825  -61.917  157.097  7.18329E-16  SWARM-A  5.296  298.144
2022-03-14T18:59:00Z  449.143  -60.004  157.346  7.16348E-16  SWARM-A  5.321  300.072
2022-03-14T18:59:30Z  448.431  -58.089  157.554  7.15571E-16  SWARM-A  5.343  302.000
2022-03-14T19:00:00Z  447.691  -56.173  157.728  7.15942E-16  SWARM-A  5.363  303.928
2022-03-14T19:00:30Z  446.928  -54.255  157.874  7.17241E-16  SWARM-A  5.381  305.857
2022-03-14T19:01:00Z  446.142  -52.335  157.996  7.19287E-16  SWARM-A  5.398  307.785
2022-03-14T19:01:30Z  445.338  -50.414  158.098  7.22187E-16  SWARM-A  5.413  309.714
2022-03-14T19:02:00Z  444.518  -48.492  158.181  7.25760E-16  SWARM-A  5.427  311.643
2022-03-14T19:02:30Z  443.684  -46.569  158.250  7.29892E-16  SWARM-A  5.439  313.572
2022-03-14T19:03:00Z  442.841  -44.644  158.305  7.34585E-16  SWARM-A  5.452  315.501
2022-03-14T19:03:30Z  441.991  -42.718  158.349  7.39702E-16  SWARM-A  5.463  317.430
2022-03-14T19:04:00Z  441.137  -40.791  158.383  7.45217E-16  SWARM-A  5.473  319.360
2022-03-14T19:04:30Z  440.282  -38.862  158.408  7.51081E-16  SWARM-A  5.483  321.290
2022-03-14T19:05:00Z  439.429  -36.933  158.425  7.57207E-16  SWARM-A  5.493  323.220
2022-03-14T19:05:30Z  438.582  -35.002  158.435  7.63557E-16  SWARM-A  5.502  325.150
2022-03-14T19:06:00Z  437.742  -33.070  158.438  7.69976E-16  SWARM-A  5.510  327.080
2022-03-14T19:06:30Z  436.913  -31.137  158.437  7.76362E-16  SWARM-A  5.519  329.010
2022-03-14T19:07:00Z  436.098  -29.203  158.430  7.82618E-16  SWARM-A  5.527  330.941
2022-03-14T19:07:30Z  435.300  -27.269  158.419  7.88906E-16  SWARM-A  5.534  332.872
2022-03-14T19:08:00Z  434.521  -25.333  158.404  7.95056E-16  SWARM-A  5.541  334.803
2022-03-14T19:08:30Z  433.763  -23.396  158.386  8.01045E-16  SWARM-A  5.549  336.734
2022-03-14T19:09:00Z  433.030  -21.458  158.365  8.06832E-16  SWARM-A  5.555  338.665
2022-03-14T19:09:30Z  432.323  -19.520  158.341  8.12360E-16  SWARM-A  5.562  340.597
2022-03-14T19:10:00Z  431.644  -17.581  158.314  8.17638E-16  SWARM-A  5.569  342.529
2022-03-14T19:10:30Z  430.997  -15.641  158.286  8.22623E-16  SWARM-A  5.575  344.460
2022-03-14T19:11:00Z  430.382  -13.700  158.256  8.27243E-16  SWARM-A  5.582  346.393
2022-03-14T19:11:30Z  429.801  -11.759  158.224  8.31547E-16  SWARM-A  5.588  348.325
2022-03-14T19:12:00Z  429.256  -9.817  158.191  8.35510E-16  SWARM-A  5.594  350.258
2022-03-14T19:12:30Z  428.749  -7.875  158.157  8.38786E-16  SWARM-A  5.600  352.190
2022-03-14T19:13:00Z  428.280  -5.933  158.122  8.41532E-16  SWARM-A  5.606  354.123
2022-03-14T19:13:30Z  427.851  -3.990  158.086  8.43891E-16  SWARM-A  5.612  356.056
2022-03-14T19:14:00Z  427.462  -2.046  158.050  8.45858E-16  SWARM-A  5.618  357.990
2022-03-14T19:14:30Z  427.115  -0.103  158.014  8.47426E-16  SWARM-A  5.624  359.923
2022-03-14T19:15:00Z  426.809  1.841  157.978  8.48630E-16  SWARM-A  5.630  1.857
2022-03-14T19:15:30Z  426.545  3.785  157.942  8.49441E-16  SWARM-A  5.636  3.791
2022-03-14T19:16:00Z  426.323  5.729  157.906  8.49907E-16  SWARM-A  5.642  5.725
2022-03-14T19:16:30Z  426.144  7.673  157.871  8.50030E-16  SWARM-A  5.648  7.659
2022-03-14T19:17:00Z  426.006  9.617  157.837  8.49781E-16  SWARM-A  5.654  9.593
2022-03-14T19:17:30Z  425.909  11.561  157.804  8.49303E-16  SWARM-A  5.660  11.528
2022-03-14T19:18:00Z  425.853  13.505  157.772  8.48373E-16  SWARM-A  5.666  13.463
2022-03-14T19:18:30Z  425.837  15.448  157.742  8.46829E-16  SWARM-A  5.672  15.397
2022-03-14T19:19:00Z  425.860  17.391  157.714  8.45200E-16  SWARM-A  5.679  17.332
2022-03-14T19:19:30Z  425.921  19.334  157.687  8.43540E-16  SWARM-A  5.685  19.268
2022-03-14T19:20:00Z  426.017  21.276  157.663  8.41892E-16  SWARM-A  5.692  21.203
2022-03-14T19:20:30Z  426.149  23.218  157.642  8.40330E-16  SWARM-A  5.699  23.139
2022-03-14T19:21:00Z  426.314  25.159  157.623  8.38924E-16  SWARM-A  5.706  25.074
2022-03-14T19:21:30Z  426.511  27.100  157.609  8.37715E-16  SWARM-A  5.713  27.010
2022-03-14T19:22:00Z  426.737  29.040  157.598  8.36782E-16  SWARM-A  5.721  28.946
2022-03-14T19:22:30Z  426.990  30.979  157.591  8.36184E-16  SWARM-A  5.729  30.882
2022-03-14T19:23:00Z  427.270  32.918  157.589  8.35953E-16  SWARM-A  5.737  32.818
2022-03-14T19:23:30Z  427.572  34.856  157.593  8.36138E-16  SWARM-A  5.746  34.754
2022-03-14T19:24:00Z  427.895  36.793  157.603  8.36780E-16  SWARM-A  5.755  36.691
2022-03-14T19:24:30Z  428.238  38.730  157.620  8.37918E-16  SWARM-A  5.764  38.627
2022-03-14T19:25:00Z  428.596  40.665  157.644  8.39594E-16  SWARM-A  5.774  40.564
2022-03-14T19:25:30Z  428.968  42.600  157.678  8.41754E-16  SWARM-A  5.785  42.501
2022-03-14T19:26:00Z  429.351  44.533  157.722  8.44459E-16  SWARM-A  5.796  44.438
2022-03-14T19:26:30Z  429.743  46.466  157.777  8.47727E-16  SWARM-A  5.808  46.375
2022-03-14T19:27:00Z  430.140  48.397  157.846  8.51616E-16  SWARM-A  5.821  48.312
2022-03-14T19:27:30Z  430.542  50.328  157.930  8.55972E-16  SWARM-A  5.835  50.249
2022-03-14T19:28:00Z  430.944  52.257  158.031  8.60944E-16  SWARM-A  5.850  52.186
2022-03-14T19:28:30Z  431.344  54.185  158.153  8.66451E-16  SWARM-A  5.866  54.123
2022-03-14T19:29:00Z  431.741  56.112  158.300  8.72586E-16  SWARM-A  5.885  56.061
2022-03-14T19:29:30Z  432.131  58.038  158.474  8.79347E-16  SWARM-A  5.905  57.998
2022-03-14T19:30:00Z  432.512  59.962  158.683  8.86740E-16  SWARM-A  5.927  59.936
2022-03-14T19:30:30Z  432.882  61.884  158.933  8.94820E-16  SWARM-A  5.952  61.873
2022-03-14T19:31:00Z  433.239  63.805  159.233  9.03558E-16  SWARM-A  5.980  63.811
2022-03-14T19:31:30Z  433.581  65.724  159.595  9.12984E-16  SWARM-A  6.013  65.749
2022-03-14T19:32:00Z  433.905  67.640  160.035  9.23093E-16  SWARM-A  6.050  67.686
2022-03-14T19:32:30Z  434.210  69.554  160.575  9.33924E-16  SWARM-A  6.095  69.624
2022-03-14T19:33:00Z  434.494  71.464  161.246  9.45526E-16  SWARM-A  6.148  71.562
2022-03-14T19:33:30Z  434.756  73.369  162.092  9.57884E-16  SWARM-A  6.212  73.500
2022-03-14T19:34:00Z  434.993  75.269  163.181  9.71022E-16  SWARM-A  6.293  75.438
2022-03-14T19:34:30Z  435.205  77.160  164.619  9.84983E-16  SWARM-A  6.398  77.376
2022-03-14T19:35:00Z  435.391  79.038  166.585  9.99768E-16  SWARM-A  6.537  79.313
2022-03-14T19:35:30Z  435.549  80.896  169.396  1.01549E-15  SWARM-A  6.733  81.251
2022-03-14T19:36:00Z  435.679  82.718  173.679  1.03221E-15  SWARM-A  7.027  83.189
2022-03-14T19:36:30Z  435.780  84.470  -179.198  1.05003E-15  SWARM-A  7.510  85.127
2022-03-14T19:37:00Z  435.850  86.056  -165.877  1.06902E-15  SWARM-A  8.406  87.065
2022-03-14T19:37:30Z  435.891  87.182  -138.884  1.08921E-15  SWARM-A  10.214  89.003
2022-03-14T19:38:00Z  435.902  87.218  -98.765  1.10977E-15  SWARM-A  12.897  90.941
2022-03-14T19:38:30Z  435.882  86.134  -70.792  1.13065E-15  SWARM-A  14.770  92.879
2022-03-14T19:39:00Z  435.833  84.562  -56.960  1.15268E-15  SWARM-A  15.701  94.817
2022-03-14T19:39:30Z  435.753  82.816  -49.613  1.17588E-15  SWARM-A  16.199  96.755
2022-03-14T19:40:00Z  435.644  80.996  -45.221  1.19995E-15  SWARM-A  16.500  98.693
2022-03-14T19:40:30Z  435.507  79.140  -42.350  1.22489E-15  SWARM-A  16.700  100.631
2022-03-14T19:41:00Z  435.341  77.263  -40.348  1.25045E-15  SWARM-A  16.841  102.569
2022-03-14T19:41:30Z  435.149  75.372  -38.887  1.27656E-15  SWARM-A  16.947  104.507
2022-03-14T19:42:00Z  434.931  73.473  -37.782  1.30308E-15  SWARM-A  17.029  106.444
2022-03-14T19:42:30Z  434.689  71.568  -36.924  1.32986E-15  SWARM-A  17.095  108.382
2022-03-14T19:43:00Z  434.424  69.659  -36.245  1.35680E-15  SWARM-A  17.148  110.320
2022-03-14T19:43:30Z  434.137  67.745  -35.699  1.38373E-15  SWARM-A  17.193  112.258
2022-03-14T19:44:00Z  433.831  65.829  -35.254  1.41058E-15  SWARM-A  17.231  114.195
2022-03-14T19:44:30Z  433.507  63.911  -34.888  1.43714E-15  SWARM-A  17.264  116.133
2022-03-14T19:45:00Z  433.167  61.990  -34.585  1.46336E-15  SWARM-A  17.292  118.070
2022-03-14T19:45:30Z  432.813  60.068  -34.333  1.48902E-15  SWARM-A  17.317  120.008
2022-03-14T19:46:00Z  432.448  58.144  -34.122  1.51404E-15  SWARM-A  17.340  121.945
2022-03-14T19:46:30Z  432.073  56.219  -33.946  1.53833E-15  SWARM-A  17.360  123.882
2022-03-14T19:47:00Z  431.692  54.292  -33.798  1.56182E-15  SWARM-A  17.378  125.819
2022-03-14T19:47:30Z  431.305  52.364  -33.675  1.58450E-15  SWARM-A  17.395  127.757
2022-03-14T19:48:00Z  430.917  50.435  -33.572  1.60627E-15  SWARM-A  17.410  129.694
2022-03-14T19:48:30Z  430.529  48.505  -33.487  1.62718E-15  SWARM-A  17.424  131.631
2022-03-14T19:49:00Z  430.143  46.574  -33.418  1.64720E-15  SWARM-A  17.437  133.567
2022-03-14T19:49:30Z  429.763  44.641  -33.362  1.66631E-15  SWARM-A  17.449  135.504
2022-03-14T19:50:00Z  429.391  42.708  -33.317  1.68452E-15  SWARM-A  17.460  137.441
2022-03-14T19:50:30Z  429.029  40.774  -33.283  1.70179E-15  SWARM-A  17.471  139.377
2022-03-14T19:51:00Z  428.680  38.838  -33.258  1.71819E-15  SWARM-A  17.481  141.314
2022-03-14T19:51:30Z  428.346  36.902  -33.241  1.73367E-15  SWARM-A  17.490  143.250
2022-03-14T19:52:00Z  428.030  34.965  -33.230  1.74823E-15  SWARM-A  17.499  145.186
2022-03-14T19:52:30Z  427.734  33.028  -33.226  1.76190E-15  SWARM-A  17.508  147.122
2022-03-14T19:53:00Z  427.461  31.089  -33.228  1.77462E-15  SWARM-A  17.516  149.058
2022-03-14T19:53:30Z  427.212  29.150  -33.234  1.78636E-15  SWARM-A  17.524  150.994
2022-03-14T19:54:00Z  426.991  27.210  -33.245  1.79716E-15  SWARM-A  17.532  152.930
2022-03-14T19:54:30Z  426.798  25.270  -33.260  1.80702E-15  SWARM-A  17.539  154.865
2022-03-14T19:55:00Z  426.636  23.329  -33.278  1.81558E-15  SWARM-A  17.546  156.801
2022-03-14T19:55:30Z  426.506  21.388  -33.299  1.82321E-15  SWARM-A  17.553  158.736
2022-03-14T19:56:00Z  426.411  19.446  -33.323  1.82988E-15  SWARM-A  17.560  160.671
2022-03-14T19:56:30Z  426.352  17.503  -33.349  1.83558E-15  SWARM-A  17.566  162.606
2022-03-14T19:57:00Z  426.329  15.560  -33.378  1.84035E-15  SWARM-A  17.573  164.541
2022-03-14T19:57:30Z  426.345  13.617  -33.408  1.84423E-15  SWARM-A  17.579  166.475
2022-03-14T19:58:00Z  426.400  11.674  -33.439  1.84721E-15  SWARM-A  17.585  168.410
2022-03-14T19:58:30Z  426.495  9.731  -33.472  1.84934E-15  SWARM-A  17.592  170.344
2022-03-14T19:59:00Z  426.631  7.787  -33.507  1.85062E-15  SWARM-A  17.598  172.278
2022-03-14T19:59:30Z  426.808  5.843  -33.541  1.85110E-15  SWARM-A  17.604  174.212
2022-03-14T20:00:00Z  427.027  3.899  -33.577  1.85082E-15  SWARM-A  17.610  176.146
2022-03-14T20:00:30Z  427.287  1.956  -33.613  1.84978E-15  SWARM-A  17.615  178.079
2022-03-14T20:01:00Z  427.589  0.012  -33.649  1.84804E-15  SWARM-A  17.621  180.013
2022-03-14T20:01:30Z  427.932  -1.931  -33.685  1.84551E-15  SWARM-A  17.627  181.946
2022-03-14T20:02:00Z  428.315  -3.874  -33.721  1.84224E-15  SWARM-A  17.633  183.879
2022-03-14T20:02:30Z  428.739  -5.817  -33.757  1.83828E-15  SWARM-A  17.639  185.812
2022-03-14T20:03:00Z  429.202  -7.759  -33.792  1.83352E-15  SWARM-A  17.645  187.745
2022-03-14T20:03:30Z  429.704  -9.701  -33.826  1.82791E-15  SWARM-A  17.651  189.677
2022-03-14T20:04:00Z  430.242  -11.643  -33.859  1.82140E-15  SWARM-A  17.657  191.609
2022-03-14T20:04:30Z  430.816  -13.584  -33.891  1.81384E-15  SWARM-A  17.664  193.541
2022-03-14T20:05:00Z  431.424  -15.524  -33.921  1.80523E-15  SWARM-A  17.670  195.473
2022-03-14T20:05:30Z  432.064  -17.464  -33.950  1.79541E-15  SWARM-A  17.676  197.405
2022-03-14T20:06:00Z  432.735  -19.403  -33.977  1.78427E-15  SWARM-A  17.683  199.336
2022-03-14T20:06:30Z  433.434  -21.341  -34.001  1.77175E-15  SWARM-A  17.690  201.268
2022-03-14T20:07:00Z  434.160  -23.278  -34.022  1.75775E-15  SWARM-A  17.697  203.199
2022-03-14T20:07:30Z  434.909  -25.215  -34.041  1.74222E-15  SWARM-A  17.704  205.130
2022-03-14T20:08:00Z  435.680  -27.150  -34.056  1.72512E-15  SWARM-A  17.711  207.061
2022-03-14T20:08:30Z  436.469  -29.085  -34.067  1.70647E-15  SWARM-A  17.719  208.991
2022-03-14T20:09:00Z  437.275  -31.019  -34.074  1.68627E-15  SWARM-A  17.726  210.921
2022-03-14T20:09:30Z  438.095  -32.951  -34.076  1.66457E-15  SWARM-A  17.735  212.852
2022-03-14T20:10:00Z  438.925  -34.883  -34.072  1.64150E-15  SWARM-A  17.743  214.782
2022-03-14T20:10:30Z  439.763  -36.814  -34.063  1.61713E-15  SWARM-A  17.752  216.711
2022-03-14T20:11:00Z  440.605  -38.743  -34.046  1.59164E-15  SWARM-A  17.762  218.641
2022-03-14T20:11:30Z  441.450  -40.671  -34.022  1.56516E-15  SWARM-A  17.772  220.571
2022-03-14T20:12:00Z  442.294  -42.598  -33.989  1.53795E-15  SWARM-A  17.782  222.500
2022-03-14T20:12:30Z  443.133  -44.524  -33.946  1.51009E-15  SWARM-A  17.793  224.429
2022-03-14T20:13:00Z  443.966  -46.449  -33.891  1.48183E-15  SWARM-A  17.805  226.358
2022-03-14T20:13:30Z  444.788  -48.372  -33.823  1.45331E-15  SWARM-A  17.818  228.287
2022-03-14T20:14:00Z  445.597  -50.294  -33.740  1.42462E-15  SWARM-A  17.832  230.216
2022-03-14T20:14:30Z  446.390  -52.215  -33.640  1.39579E-15  SWARM-A  17.847  232.144
2022-03-14T20:15:00Z  447.164  -54.134  -33.520  1.36710E-15  SWARM-A  17.863  234.073
2022-03-14T20:15:30Z  447.916  -56.052  -33.375  1.33857E-15  SWARM-A  17.881  236.001
2022-03-14T20:16:00Z  448.644  -57.969  -33.203  1.31036E-15  SWARM-A  17.901  237.929
2022-03-14T20:16:30Z  449.344  -59.883  -32.997  1.28247E-15  SWARM-A  17.923  239.857
2022-03-14T20:17:00Z  450.014  -61.796  -32.751  1.25492E-15  SWARM-A  17.948  241.785
2022-03-14T20:17:30Z  450.651  -63.708  -32.455  1.22777E-15  SWARM-A  17.976  243.713
2022-03-14T20:18:00Z  451.254  -65.617  -32.099  1.20091E-15  SWARM-A  18.008  245.641
2022-03-14T20:18:30Z  451.819  -67.523  -31.667  1.17435E-15  SWARM-A  18.045  247.568
2022-03-14T20:19:00Z  452.346  -69.427  -31.137  1.14807E-15  SWARM-A  18.089  249.496
2022-03-14T20:19:30Z  452.831  -71.327  -30.481  1.12200E-15  SWARM-A  18.141  251.423
2022-03-14T20:20:00Z  453.273  -73.222  -29.654  1.09613E-15  SWARM-A  18.204  253.351
2022-03-14T20:20:30Z  453.670  -75.112  -28.594  1.07045E-15  SWARM-A  18.283  255.278
2022-03-14T20:21:00Z  454.022  -76.993  -27.199  1.04493E-15  SWARM-A  18.385  257.205
2022-03-14T20:21:30Z  454.326  -78.862  -25.302  1.01949E-15  SWARM-A  18.520  259.132
2022-03-14T20:22:00Z  454.581  -80.712  -22.607  9.94292E-16  SWARM-A  18.708  261.059
2022-03-14T20:22:30Z  454.787  -82.529  -18.542  9.69363E-16  SWARM-A  18.987  262.987
2022-03-14T20:23:00Z  454.943  -84.282  -11.869  9.44720E-16  SWARM-A  19.440  264.914
2022-03-14T20:23:30Z  455.047  -85.886  0.392  9.20590E-16  SWARM-A  20.266  266.841
2022-03-14T20:24:00Z  455.101  -87.089  25.154  8.97321E-16  SWARM-A  21.925  268.768
2022-03-14T20:24:30Z  455.102  -87.287  64.662  8.74600E-16  SWARM-A  0.567  270.695
2022-03-14T20:25:00Z  455.052  -86.316  94.818  8.51512E-16  SWARM-A  2.586  272.622
2022-03-14T20:25:30Z  454.951  -84.793  109.938  8.28906E-16  SWARM-A  3.602  274.549
2022-03-14T20:26:00Z  454.799  -83.073  117.866  8.07198E-16  SWARM-A  4.139  276.476
2022-03-14T20:26:30Z  454.596  -81.271  122.547  7.86583E-16  SWARM-A  4.460  278.403
2022-03-14T20:27:00Z  454.343  -79.429  125.579  7.67152E-16  SWARM-A  4.670  280.330
2022-03-14T20:27:30Z  454.042  -77.565  127.679  7.48970E-16  SWARM-A  4.818  282.258
2022-03-14T20:28:00Z  453.693  -75.686  129.205  7.32114E-16  SWARM-A  4.928  284.185
2022-03-14T20:28:30Z  453.298  -73.799  130.355  7.16714E-16  SWARM-A  5.013  286.112
2022-03-14T20:29:00Z  452.857  -71.905  131.244  7.02801E-16  SWARM-A  5.081  288.040
2022-03-14T20:29:30Z  452.374  -70.006  131.947  6.90358E-16  SWARM-A  5.136  289.967
2022-03-14T20:30:00Z  451.849  -68.103  132.512  6.79392E-16  SWARM-A  5.182  291.895
2022-03-14T20:30:30Z  451.285  -66.198  132.971  6.69858E-16  SWARM-A  5.221  293.822
2022-03-14T20:31:00Z  450.683  -64.289  133.349  6.61680E-16  SWARM-A  5.255  295.750
2022-03-14T20:31:30Z  450.045  -62.379  133.661  6.54966E-16  SWARM-A  5.284  297.678
2022-03-14T20:32:00Z  449.375  -60.466  133.922  6.49646E-16  SWARM-A  5.310  299.606
2022-03-14T20:32:30Z  448.675  -58.552  134.139  6.45632E-16  SWARM-A  5.332  301.534
2022-03-14T20:33:00Z  447.946  -56.636  134.321  6.42954E-16  SWARM-A  5.353  303.462
2022-03-14T20:33:30Z  447.192  -54.718  134.473  6.41608E-16  SWARM-A  5.371  305.391
2022-03-14T20:34:00Z  446.416  -52.799  134.601  6.41506E-16  SWARM-A  5.388  307.319
2022-03-14T20:34:30Z  445.620  -50.879  134.707  6.42535E-16  SWARM-A  5.404  309.248
2022-03-14T20:35:00Z  444.808  -48.957  134.795  6.44706E-16  SWARM-A  5.418  311.176
2022-03-14T20:35:30Z  443.982  -47.034  134.867  6.47885E-16  SWARM-A  5.431  313.105
2022-03-14T20:36:00Z  443.144  -45.110  134.925  6.51942E-16  SWARM-A  5.443  315.034
2022-03-14T20:36:30Z  442.300  -43.184  134.972  6.56768E-16  SWARM-A  5.455  316.964
2022-03-14T20:37:00Z  441.450  -41.257  135.008  6.62233E-16  SWARM-A  5.465  318.893
2022-03-14T20:37:30Z  440.599  -39.329  135.035  6.68325E-16  SWARM-A  5.475  320.823
2022-03-14T20:38:00Z  439.749  -37.400  135.053  6.75025E-16  SWARM-A  5.485  322.752
2022-03-14T20:38:30Z  438.903  -35.469  135.065  6.82312E-16  SWARM-A  5.494  324.682
2022-03-14T20:39:00Z  438.065  -33.538  135.070  6.90129E-16  SWARM-A  5.503  326.612
2022-03-14T20:39:30Z  437.237  -31.606  135.070  6.98371E-16  SWARM-A  5.511  328.543
2022-03-14T20:40:00Z  436.422  -29.672  135.065  7.06914E-16  SWARM-A  5.519  330.473
2022-03-14T20:40:30Z  435.623  -27.737  135.055  7.15646E-16  SWARM-A  5.527  332.404
2022-03-14T20:41:00Z  434.842  -25.802  135.041  7.24618E-16  SWARM-A  5.534  334.335
2022-03-14T20:41:30Z  434.082  -23.865  135.023  7.33819E-16  SWARM-A  5.541  336.266
2022-03-14T20:42:00Z  433.346  -21.928  135.003  7.43165E-16  SWARM-A  5.548  338.197
2022-03-14T20:42:30Z  432.635  -19.990  134.979  7.52581E-16  SWARM-A  5.555  340.128
2022-03-14T20:43:00Z  431.953  -18.051  134.954  7.62032E-16  SWARM-A  5.562  342.060
2022-03-14T20:43:30Z  431.301  -16.111  134.926  7.71432E-16  SWARM-A  5.568  343.992
2022-03-14T20:44:00Z  430.680  -14.171  134.896  7.80720E-16  SWARM-A  5.575  345.924
2022-03-14T20:44:30Z  430.094  -12.230  134.864  7.89807E-16  SWARM-A  5.581  347.856
2022-03-14T20:45:00Z  429.543  -10.289  134.832  7.98616E-16  SWARM-A  5.587  349.789
2022-03-14T20:45:30Z  429.028  -8.347  134.798  8.07128E-16  SWARM-A  5.593  351.721
2022-03-14T20:46:00Z  428.552  -6.404  134.763  8.15278E-16  SWARM-A  5.599  353.654
2022-03-14T20:46:30Z  428.115  -4.461  134.728  8.22963E-16  SWARM-A  5.605  355.587
2022-03-14T20:47:00Z  427.718  -2.518  134.692  8.30180E-16  SWARM-A  5.611  357.520
2022-03-14T20:47:30Z  427.362  -0.575  134.656  8.36860E-16  SWARM-A  5.617  359.453
2022-03-14T20:48:00Z  427.047  1.369  134.620  8.43019E-16  SWARM-A  5.623  1.387
2022-03-14T20:48:30Z  426.774  3.313  134.583  8.48564E-16  SWARM-A  5.629  3.321
2022-03-14T20:49:00Z  426.543  5.257  134.548  8.53534E-16  SWARM-A  5.635  5.255
2022-03-14T20:49:30Z  426.353  7.201  134.513  8.57840E-16  SWARM-A  5.641  7.189
2022-03-14T20:50:00Z  426.206  9.145  134.478  8.61497E-16  SWARM-A  5.647  9.123
2022-03-14T20:50:30Z  426.099  11.088  134.445  8.64492E-16  SWARM-A  5.653  11.057
2022-03-14T20:51:00Z  426.033  13.032  134.413  8.66793E-16  SWARM-A  5.659  12.992
2022-03-14T20:51:30Z  426.006  14.975  134.382  8.68417E-16  SWARM-A  5.665  14.927
2022-03-14T20:52:00Z  426.019  16.918  134.353  8.69358E-16  SWARM-A  5.672  16.862
2022-03-14T20:52:30Z  426.069  18.861  134.327  8.69681E-16  SWARM-A  5.678  18.797
2022-03-14T20:53:00Z  426.156  20.803  134.302  8.69312E-16  SWARM-A  5.685  20.732
2022-03-14T20:53:30Z  426.278  22.745  134.280  8.68420E-16  SWARM-A  5.692  22.667
2022-03-14T20:54:00Z  426.433  24.686  134.261  8.67026E-16  SWARM-A  5.699  24.603
2022-03-14T20:54:30Z  426.620  26.627  134.245  8.65168E-16  SWARM-A  5.706  26.539
2022-03-14T20:55:00Z  426.836  28.567  134.233  8.62964E-16  SWARM-A  5.714  28.474
2022-03-14T20:55:30Z  427.081  30.507  134.226  8.60480E-16  SWARM-A  5.722  30.410
2022-03-14T20:56:00Z  427.351  32.446  134.223  8.57816E-16  SWARM-A  5.730  32.346
2022-03-14T20:56:30Z  427.645  34.384  134.225  8.55065E-16  SWARM-A  5.738  34.283
2022-03-14T20:57:00Z  427.960  36.321  134.233  8.52331E-16  SWARM-A  5.747  36.219
2022-03-14T20:57:30Z  428.294  38.258  134.249  8.49711E-16  SWARM-A  5.756  38.155
2022-03-14T20:58:00Z  428.644  40.193  134.271  8.47320E-16  SWARM-A  5.766  40.092
2022-03-14T20:58:30Z  429.009  42.128  134.303  8.45235E-16  SWARM-A  5.777  42.029
2022-03-14T20:59:00Z  429.385  44.062  134.344  8.43563E-16  SWARM-A  5.788  43.965
2022-03-14T20:59:30Z  429.770  45.994  134.397  8.42325E-16  SWARM-A  5.800  45.902
2022-03-14T21:00:00Z  430.161  47.926  134.462  8.42171E-16  SWARM-A  5.812  47.839
2022-03-14T21:00:30Z  430.556  49.857  134.542  8.42239E-16  SWARM-A  5.826  49.776
2022-03-14T21:01:00Z  430.953  51.786  134.639  8.43005E-16  SWARM-A  5.841  51.713
2022-03-14T21:01:30Z  431.349  53.715  134.756  8.44554E-16  SWARM-A  5.857  53.651
2022-03-14T21:02:00Z  431.741  55.642  134.896  8.46758E-16  SWARM-A  5.875  55.588
2022-03-14T21:02:30Z  432.127  57.568  135.064  8.49817E-16  SWARM-A  5.894  57.525
2022-03-14T21:03:00Z  432.505  59.492  135.264  8.53775E-16  SWARM-A  5.916  59.463
2022-03-14T21:03:30Z  432.872  61.415  135.503  8.58580E-16  SWARM-A  5.940  61.400
2022-03-14T21:04:00Z  433.226  63.336  135.791  8.64379E-16  SWARM-A  5.968  63.338
2022-03-14T21:04:30Z  433.566  65.255  136.137  8.71190E-16  SWARM-A  5.999  65.275
2022-03-14T21:05:00Z  433.889  67.172  136.556  8.79048E-16  SWARM-A  6.035  67.213
2022-03-14T21:05:30Z  434.193  69.087  137.070  8.87979E-16  SWARM-A  6.078  69.151
2022-03-14T21:06:00Z  434.476  70.997  137.706  8.98025E-16  SWARM-A  6.129  71.089
2022-03-14T21:06:30Z  434.738  72.904  138.505  9.09199E-16  SWARM-A  6.190  73.027
2022-03-14T21:07:00Z  434.975  74.805  139.527  9.21530E-16  SWARM-A  6.267  74.964
2022-03-14T21:07:30Z  435.188  76.698  140.868  9.35075E-16  SWARM-A  6.364  76.902
2022-03-14T21:08:00Z  435.375  78.580  142.684  9.49822E-16  SWARM-A  6.494  78.840
2022-03-14T21:08:30Z  435.534  80.444  145.249  9.65823E-16  SWARM-A  6.673  80.778
2022-03-14T21:09:00Z  435.665  82.277  149.089  9.83092E-16  SWARM-A  6.937  82.716
2022-03-14T21:09:30Z  435.767  84.051  155.322  1.00154E-15  SWARM-A  7.361  84.654
2022-03-14T21:10:00Z  435.839  85.693  166.626  1.02138E-15  SWARM-A  8.123  86.592
2022-03-14T21:10:30Z  435.881  86.979  -170.564  1.04269E-15  SWARM-A  9.652  88.530
2022-03-14T21:11:00Z  435.894  87.333  -131.715  1.06479E-15  SWARM-A  12.251  90.468
2022-03-14T21:11:30Z  435.876  86.463  -99.346  1.08727E-15  SWARM-A  14.417  92.406
2022-03-14T21:12:00Z  435.828  84.967  -82.914  1.11088E-15  SWARM-A  15.521  94.344
2022-03-14T21:12:30Z  435.750  83.251  -74.435  1.13570E-15  SWARM-A  16.094  96.282
2022-03-14T21:13:00Z  435.643  81.444  -69.498  1.16154E-15  SWARM-A  16.432  98.220
2022-03-14T21:13:30Z  435.507  79.595  -66.332  1.18820E-15  SWARM-A  16.651  100.158
2022-03-14T21:14:00Z  435.343  77.722  -64.155  1.21550E-15  SWARM-A  16.805  102.096
2022-03-14T21:14:30Z  435.152  75.834  -62.581  1.24332E-15  SWARM-A  16.918  104.033
2022-03-14T21:15:00Z  434.935  73.937  -61.401  1.27145E-15  SWARM-A  17.005  105.971
2022-03-14T21:15:30Z  434.694  72.034  -60.490  1.29975E-15  SWARM-A  17.074  107.909
2022-03-14T21:16:00Z  434.430  70.125  -59.771  1.32809E-15  SWARM-A  17.130  109.847
2022-03-14T21:16:30Z  434.144  68.212  -59.195  1.35630E-15  SWARM-A  17.177  111.785
2022-03-14T21:17:00Z  433.838  66.297  -58.728  1.38435E-15  SWARM-A  17.216  113.722
2022-03-14T21:17:30Z  433.514  64.379  -58.344  1.41205E-15  SWARM-A  17.250  115.660
2022-03-14T21:18:00Z  433.174  62.459  -58.026  1.43887E-15  SWARM-A  17.280  117.597
2022-03-14T21:18:30Z  432.820  60.537  -57.762  1.46517E-15  SWARM-A  17.306  119.535
2022-03-14T21:19:00Z  432.454  58.614  -57.541  1.49093E-15  SWARM-A  17.329  121.472
2022-03-14T21:19:30Z  432.079  56.689  -57.357  1.51611E-15  SWARM-A  17.349  123.410
2022-03-14T21:20:00Z  431.696  54.762  -57.202  1.54062E-15  SWARM-A  17.368  125.347
2022-03-14T21:20:30Z  431.308  52.834  -57.073  1.56449E-15  SWARM-A  17.385  127.284
2022-03-14T21:21:00Z  430.918  50.906  -56.966  1.58767E-15  SWARM-A  17.401  129.221
2022-03-14T21:21:30Z  430.527  48.976  -56.877  1.61014E-15  SWARM-A  17.415  131.158
2022-03-14T21:22:00Z  430.140  47.045  -56.804  1.63197E-15  SWARM-A  17.428  133.095
2022-03-14T21:22:30Z  429.757  45.112  -56.744  1.65314E-15  SWARM-A  17.440  135.032
2022-03-14T21:23:00Z  429.382  43.179  -56.697  1.67373E-15  SWARM-A  17.452  136.969
2022-03-14T21:23:30Z  429.016  41.245  -56.660  1.69361E-15  SWARM-A  17.463  138.905
2022-03-14T21:24:00Z  428.664  39.310  -56.633  1.71291E-15  SWARM-A  17.473  140.842
2022-03-14T21:24:30Z  428.327  37.374  -56.613  1.73150E-15  SWARM-A  17.482  142.778
2022-03-14T21:25:00Z  428.007  35.438  -56.601  1.74942E-15  SWARM-A  17.492  144.714
2022-03-14T21:25:30Z  427.707  33.500  -56.596  1.76660E-15  SWARM-A  17.500  146.651
2022-03-14T21:26:00Z  427.430  31.562  -56.596  1.78299E-15  SWARM-A  17.509  148.587
2022-03-14T21:26:30Z  427.177  29.623  -56.601  1.79848E-15  SWARM-A  17.517  150.522
2022-03-14T21:27:00Z  426.950  27.683  -56.611  1.81303E-15  SWARM-A  17.524  152.458
2022-03-14T21:27:30Z  426.753  25.743  -56.624  1.82664E-15  SWARM-A  17.532  154.394
2022-03-14T21:28:00Z  426.586  23.802  -56.642  1.83916E-15  SWARM-A  17.539  156.329
2022-03-14T21:28:30Z  426.451  21.860  -56.662  1.85061E-15  SWARM-A  17.546  158.265
2022-03-14T21:29:00Z  426.351  19.919  -56.685  1.86091E-15  SWARM-A  17.553  160.200
2022-03-14T21:29:30Z  426.286  17.976  -56.711  1.87000E-15  SWARM-A  17.559  162.135
2022-03-14T21:30:00Z  426.258  16.034  -56.739  1.87791E-15  SWARM-A  17.566  164.070
2022-03-14T21:30:30Z  426.269  14.090  -56.768  1.88465E-15  SWARM-A  17.572  166.004
2022-03-14T21:31:00Z  426.319  12.147  -56.800  1.89021E-15  SWARM-A  17.578  167.939
2022-03-14T21:31:30Z  426.409  10.204  -56.832  1.89462E-15  SWARM-A  17.584  169.873
2022-03-14T21:32:00Z  426.539  8.260  -56.866  1.89786E-15  SWARM-A  17.591  171.807
2022-03-14T21:32:30Z  426.712  6.316  -56.901  1.89992E-15  SWARM-A  17.597  173.741
2022-03-14T21:33:00Z  426.925  4.373  -56.936  1.90083E-15  SWARM-A  17.603  175.675
2022-03-14T21:33:30Z  427.181  2.429  -56.972  1.90099E-15  SWARM-A  17.609  177.609
2022-03-14T21:34:00Z  427.478  0.485  -57.008  1.90007E-15  SWARM-A  17.614  179.542
2022-03-14T21:34:30Z  427.817  -1.458  -57.044  1.89792E-15  SWARM-A  17.620  181.476
2022-03-14T21:35:00Z  428.196  -3.401  -57.080  1.89449E-15  SWARM-A  17.626  183.409
2022-03-14T21:35:30Z  428.616  -5.344  -57.116  1.88974E-15  SWARM-A  17.632  185.341
2022-03-14T21:36:00Z  429.076  -7.287  -57.151  1.88371E-15  SWARM-A  17.638  187.274
2022-03-14T21:36:30Z  429.574  -9.229  -57.185  1.87631E-15  SWARM-A  17.644  189.207
2022-03-14T21:37:00Z  430.110  -11.170  -57.219  1.86744E-15  SWARM-A  17.650  191.139
2022-03-14T21:37:30Z  430.681  -13.111  -57.251  1.85714E-15  SWARM-A  17.657  193.071
2022-03-14T21:38:00Z  431.287  -15.052  -57.281  1.84532E-15  SWARM-A  17.663  195.003
2022-03-14T21:38:30Z  431.926  -16.992  -57.310  1.83195E-15  SWARM-A  17.669  196.935
2022-03-14T21:39:00Z  432.595  -18.931  -57.337  1.81700E-15  SWARM-A  17.676  198.866
2022-03-14T21:39:30Z  433.293  -20.869  -57.362  1.80050E-15  SWARM-A  17.683  200.798
2022-03-14T21:40:00Z  434.018  -22.807  -57.384  1.78239E-15  SWARM-A  17.689  202.729
2022-03-14T21:40:30Z  434.767  -24.743  -57.403  1.76276E-15  SWARM-A  17.696  204.660
2022-03-14T21:41:00Z  435.538  -26.679  -57.419  1.74167E-15  SWARM-A  17.704  206.591
2022-03-14T21:41:30Z  436.329  -28.614  -57.431  1.71915E-15  SWARM-A  17.711  208.521
2022-03-14T21:42:00Z  437.136  -30.548  -57.439  1.69533E-15  SWARM-A  17.719  210.452
2022-03-14T21:42:30Z  437.958  -32.481  -57.442  1.67029E-15  SWARM-A  17.727  212.382
2022-03-14T21:43:00Z  438.790  -34.413  -57.440  1.64418E-15  SWARM-A  17.736  214.312
2022-03-14T21:43:30Z  439.631  -36.344  -57.432  1.61711E-15  SWARM-A  17.745  216.242
2022-03-14T21:44:00Z  440.478  -38.273  -57.417  1.58929E-15  SWARM-A  17.754  218.171
2022-03-14T21:44:30Z  441.327  -40.202  -57.395  1.56087E-15  SWARM-A  17.764  220.101
2022-03-14T21:45:00Z  442.176  -42.129  -57.364  1.53191E-15  SWARM-A  17.774  222.030
2022-03-14T21:45:30Z  443.021  -44.055  -57.323  1.50261E-15  SWARM-A  17.785  223.959
2022-03-14T21:46:00Z  443.859  -45.980  -57.271  1.47315E-15  SWARM-A  17.797  225.888
2022-03-14T21:46:30Z  444.688  -47.904  -57.207  1.44365E-15  SWARM-A  17.810  227.817
2022-03-14T21:47:00Z  445.505  -49.826  -57.128  1.41420E-15  SWARM-A  17.823  229.746
2022-03-14T21:47:30Z  446.306  -51.747  -57.032  1.38479E-15  SWARM-A  17.838  231.674
2022-03-14T21:48:00Z  447.088  -53.667  -56.917  1.35576E-15  SWARM-A  17.854  233.603
2022-03-14T21:48:30Z  447.849  -55.585  -56.778  1.32708E-15  SWARM-A  17.871  235.531
2022-03-14T21:49:00Z  448.586  -57.502  -56.613  1.29884E-15  SWARM-A  17.891  237.459
2022-03-14T21:49:30Z  449.296  -59.417  -56.416  1.27112E-15  SWARM-A  17.912  239.387
2022-03-14T21:50:00Z  449.977  -61.330  -56.180  1.24405E-15  SWARM-A  17.936  241.315
2022-03-14T21:50:30Z  450.625  -63.242  -55.898  1.21784E-15  SWARM-A  17.964  243.243
2022-03-14T21:51:00Z  451.239  -65.151  -55.557  1.19221E-15  SWARM-A  17.995  245.170
2022-03-14T21:51:30Z  451.817  -67.058  -55.145  1.16714E-15  SWARM-A  18.030  247.098
2022-03-14T21:52:00Z  452.355  -68.962  -54.641  1.14263E-15  SWARM-A  18.072  249.025
2022-03-14T21:52:30Z  452.853  -70.863  -54.019  1.11867E-15  SWARM-A  18.122  250.953
2022-03-14T21:53:00Z  453.308  -72.760  -53.238  1.09523E-15  SWARM-A  18.182  252.880
2022-03-14T21:53:30Z  453.718  -74.651  -52.242  1.07230E-15  SWARM-A  18.257  254.807
2022-03-14T21:54:00Z  454.082  -76.535  -50.941  1.04985E-15  SWARM-A  18.352  256.735
2022-03-14T21:54:30Z  454.400  -78.407  -49.187  1.02790E-15  SWARM-A  18.478  258.662
2022-03-14T21:55:00Z  454.668  -80.263  -46.724  1.00645E-15  SWARM-A  18.650  260.589
2022-03-14T21:55:30Z  454.888  -82.089  -43.071  9.85526E-16  SWARM-A  18.902  262.516
2022-03-14T21:56:00Z  455.057  -83.862  -37.212  9.65172E-16  SWARM-A  19.301  264.443
2022-03-14T21:56:30Z  455.175  -85.516  -26.765  9.45509E-16  SWARM-A  20.006  266.370
2022-03-14T21:57:00Z  455.242  -86.858  -5.914  9.26787E-16  SWARM-A  21.404  268.297
2022-03-14T21:57:30Z  455.257  -87.362  31.409  9.09036E-16  SWARM-A  23.901  270.224
2022-03-14T21:58:00Z  455.220  -86.627  65.776  8.91308E-16  SWARM-A  2.200  272.151
2022-03-14T21:58:30Z  455.132  -85.191  83.765  8.73704E-16  SWARM-A  3.408  274.078
2022-03-14T21:59:00Z  454.992  -83.503  92.945  8.56711E-16  SWARM-A  4.028  276.005
2022-03-14T21:59:30Z  454.801  -81.716  98.219  8.40455E-16  SWARM-A  4.388  277.932
2022-03-14T22:00:00Z  454.561  -79.882  101.569  8.25004E-16  SWARM-A  4.620  279.859
2022-03-14T22:00:30Z  454.271  -78.022  103.856  8.10396E-16  SWARM-A  4.780  281.786
2022-03-14T22:01:00Z  453.933  -76.147  105.500  7.96609E-16  SWARM-A  4.898  283.713
2022-03-14T22:01:30Z  453.548  -74.262  106.729  7.83400E-16  SWARM-A  4.989  285.640
2022-03-14T22:02:00Z  453.117  -72.369  107.675  7.71143E-16  SWARM-A  5.060  287.568
2022-03-14T22:02:30Z  452.643  -70.471  108.419  7.59872E-16  SWARM-A  5.118  289.495
2022-03-14T22:03:00Z  452.126  -68.570  109.014  7.49593E-16  SWARM-A  5.166  291.423
2022-03-14T22:03:30Z  451.569  -66.665  109.497  7.40367E-16  SWARM-A  5.207  293.350
2022-03-14T22:04:00Z  450.974  -64.757  109.893  7.32101E-16  SWARM-A  5.241  295.278
2022-03-14T22:04:30Z  450.343  -62.847  110.220  7.24897E-16  SWARM-A  5.271  297.206
2022-03-14T22:05:00Z  449.678  -60.935  110.493  7.18628E-16  SWARM-A  5.298  299.133
2022-03-14T22:05:30Z  448.982  -59.021  110.720  7.13361E-16  SWARM-A  5.321  301.061
2022-03-14T22:06:00Z  448.257  -57.106  110.910  7.08965E-16  SWARM-A  5.342  302.990
2022-03-14T22:06:30Z  447.506  -55.189  111.069  7.05499E-16  SWARM-A  5.361  304.918
2022-03-14T22:07:00Z  446.732  -53.270  111.203  7.02866E-16  SWARM-A  5.379  306.846
2022-03-14T22:07:30Z  445.938  -51.350  111.314  7.01082E-16  SWARM-A  5.394  308.775
2022-03-14T22:08:00Z  445.126  -49.429  111.406  7.00125E-16  SWARM-A  5.409  310.703
2022-03-14T22:08:30Z  444.299  -47.506  111.482  6.99971E-16  SWARM-A  5.422  312.632
2022-03-14T22:09:00Z  443.460  -45.582  111.543  7.00502E-16  SWARM-A  5.435  314.561
2022-03-14T22:09:30Z  442.613  -43.657  111.593  7.01642E-16  SWARM-A  5.446  316.490
2022-03-14T22:10:00Z  441.760  -41.730  111.631  7.03299E-16  SWARM-A  5.457  318.420
2022-03-14T22:10:30Z  440.905  -39.802  111.660  7.05421E-16  SWARM-A  5.467  320.349
2022-03-14T22:11:00Z  440.051  -37.873  111.681  7.07941E-16  SWARM-A  5.477  322.279
2022-03-14T22:11:30Z  439.200  -35.943  111.694  7.10852E-16  SWARM-A  5.486  324.209
2022-03-14T22:12:00Z  438.355  -34.012  111.701  7.14137E-16  SWARM-A  5.495  326.139
2022-03-14T22:12:30Z  437.520  -32.080  111.702  7.17746E-16  SWARM-A  5.504  328.069
2022-03-14T22:13:00Z  436.697  -30.147  111.698  7.21678E-16  SWARM-A  5.512  329.999
2022-03-14T22:13:30Z  435.889  -28.213  111.689  7.25716E-16  SWARM-A  5.519  331.930
2022-03-14T22:14:00Z  435.100  -26.277  111.676  7.30027E-16  SWARM-A  5.527  333.861
2022-03-14T22:14:30Z  434.330  -24.341  111.660  7.34602E-16  SWARM-A  5.534  335.791
2022-03-14T22:15:00Z  433.584  -22.404  111.640  7.39393E-16  SWARM-A  5.541  337.723
2022-03-14T22:15:30Z  432.862  -20.466  111.617  7.44464E-16  SWARM-A  5.548  339.654
2022-03-14T22:16:00Z  432.169  -18.528  111.592  7.49790E-16  SWARM-A  5.555  341.586
2022-03-14T22:16:30Z  431.505  -16.588  111.564  7.55400E-16  SWARM-A  5.561  343.517
2022-03-14T22:17:00Z  430.873  -14.648  111.535  7.61262E-16  SWARM-A  5.567  345.449
2022-03-14T22:17:30Z  430.274  -12.707  111.504  7.67395E-16  SWARM-A  5.574  347.381
2022-03-14T22:18:00Z  429.710  -10.766  111.472  7.73793E-16  SWARM-A  5.580  349.314
2022-03-14T22:18:30Z  429.183  -8.824  111.438  7.80403E-16  SWARM-A  5.586  351.246
2022-03-14T22:19:00Z  428.693  -6.882  111.404  7.87264E-16  SWARM-A  5.592  353.179
2022-03-14T22:19:30Z  428.243  -4.939  111.368  7.94339E-16  SWARM-A  5.598  355.112
2022-03-14T22:20:00Z  427.832  -2.996  111.333  8.01576E-16  SWARM-A  5.604  357.045
2022-03-14T22:20:30Z  427.462  -1.052  111.297  8.08954E-16  SWARM-A  5.610  358.978
2022-03-14T22:21:00Z  427.133  0.891  111.260  8.16456E-16  SWARM-A  5.616  0.912
2022-03-14T22:21:30Z  426.846  2.835  111.224  8.23983E-16  SWARM-A  5.622  2.845
2022-03-14T22:22:00Z  426.601  4.779  111.189  8.31503E-16  SWARM-A  5.628  4.779
2022-03-14T22:22:30Z  426.397  6.723  111.153  8.38970E-16  SWARM-A  5.634  6.713
2022-03-14T22:23:00Z  426.235  8.667  111.119  8.46340E-16  SWARM-A  5.640  8.647
2022-03-14T22:23:30Z  426.115  10.610  111.085  8.53548E-16  SWARM-A  5.646  10.582
2022-03-14T22:24:00Z  426.035  12.554  111.053  8.60576E-16  SWARM-A  5.652  12.516
2022-03-14T22:24:30Z  425.995  14.497  111.022  8.67349E-16  SWARM-A  5.658  14.451
2022-03-14T22:25:00Z  425.995  16.441  110.993  8.73841E-16  SWARM-A  5.665  16.386
2022-03-14T22:25:30Z  426.033  18.383  110.965  8.80091E-16  SWARM-A  5.671  18.321
2022-03-14T22:26:00Z  426.107  20.326  110.940  8.86038E-16  SWARM-A  5.678  20.256
2022-03-14T22:26:30Z  426.218  22.268  110.918  8.91725E-16  SWARM-A  5.685  22.191
2022-03-14T22:27:00Z  426.362  24.209  110.898  8.97154E-16  SWARM-A  5.692  24.127
2022-03-14T22:27:30Z  426.538  26.150  110.881  9.02325E-16  SWARM-A  5.699  26.063
2022-03-14T22:28:00Z  426.745  28.090  110.869  9.07262E-16  SWARM-A  5.706  27.998
2022-03-14T22:28:30Z  426.981  30.030  110.860  9.12015E-16  SWARM-A  5.714  29.934
2022-03-14T22:29:00Z  427.243  31.969  110.856  9.16622E-16  SWARM-A  5.722  31.870
2022-03-14T22:29:30Z  427.529  33.907  110.857  9.21111E-16  SWARM-A  5.731  33.807
2022-03-14T22:30:00Z  427.838  35.845  110.864  9.25489E-16  SWARM-A  5.739  35.743
2022-03-14T22:30:30Z  428.166  37.782  110.877  9.29795E-16  SWARM-A  5.749  37.679
2022-03-14T22:31:00Z  428.511  39.717  110.898  9.34126E-16  SWARM-A  5.758  39.616
2022-03-14T22:31:30Z  428.872  41.652  110.928  9.38455E-16  SWARM-A  5.769  41.553
2022-03-14T22:32:00Z  429.245  43.586  110.967  9.42818E-16  SWARM-A  5.780  43.489
2022-03-14T22:32:30Z  429.627  45.519  111.016  9.47199E-16  SWARM-A  5.791  45.426
2022-03-14T22:33:00Z  430.017  47.451  111.079  9.51629E-16  SWARM-A  5.804  47.363
2022-03-14T22:33:30Z  430.412  49.382  111.155  9.56134E-16  SWARM-A  5.817  49.300
2022-03-14T22:34:00Z  430.809  51.312  111.248  9.60718E-16  SWARM-A  5.832  51.237
2022-03-14T22:34:30Z  431.206  53.241  111.360  9.65342E-16  SWARM-A  5.847  53.175
2022-03-14T22:35:00Z  431.600  55.168  111.494  9.70017E-16  SWARM-A  5.865  55.112
2022-03-14T22:35:30Z  431.989  57.095  111.655  9.74734E-16  SWARM-A  5.884  57.049
2022-03-14T22:36:00Z  432.371  59.019  111.846  9.79647E-16  SWARM-A  5.905  58.987
2022-03-14T22:36:30Z  432.742  60.943  112.076  9.84861E-16  SWARM-A  5.929  60.924
2022-03-14T22:37:00Z  433.102  62.864  112.350  9.90367E-16  SWARM-A  5.955  62.862
2022-03-14T22:37:30Z  433.447  64.784  112.681  9.96205E-16  SWARM-A  5.986  64.799
2022-03-14T22:38:00Z  433.777  66.701  113.082  1.00241E-15  SWARM-A  6.021  66.737
2022-03-14T22:38:30Z  434.088  68.616  113.570  1.00937E-15  SWARM-A  6.062  68.675
2022-03-14T22:39:00Z  434.379  70.528  114.173  1.01680E-15  SWARM-A  6.110  70.613
2022-03-14T22:39:30Z  434.648  72.436  114.928  1.02493E-15  SWARM-A  6.169  72.550
2022-03-14T22:40:00Z  434.894  74.338  115.889  1.03380E-15  SWARM-A  6.241  74.488
2022-03-14T22:40:30Z  435.116  76.234  117.142  1.04350E-15  SWARM-A  6.333  76.426
2022-03-14T22:41:00Z  435.312  78.119  118.823  1.05408E-15  SWARM-A  6.453  78.364
2022-03-14T22:41:30Z  435.480  79.988  121.169  1.06564E-15  SWARM-A  6.618  80.302
2022-03-14T22:42:00Z  435.621  81.830  124.627  1.07822E-15  SWARM-A  6.857  82.240
2022-03-14T22:42:30Z  435.733  83.623  130.113  1.09183E-15  SWARM-A  7.231  84.178
2022-03-14T22:43:00Z  435.816  85.309  139.770  1.10667E-15  SWARM-A  7.883  86.116
2022-03-14T22:43:30Z  435.868  86.719  158.899  1.12254E-15  SWARM-A  9.167  88.054
2022-03-14T22:44:00Z  435.891  87.367  -165.270  1.13945E-15  SWARM-A  11.564  89.992
2022-03-14T22:44:30Z  435.884  86.758  -128.939  1.15636E-15  SWARM-A  13.994  91.930
2022-03-14T22:45:00Z  435.846  85.363  -109.334  1.17400E-15  SWARM-A  15.310  93.868
2022-03-14T22:45:30Z  435.778  83.683  -99.467  1.19296E-15  SWARM-A  15.976  95.806
2022-03-14T22:46:00Z  435.681  81.892  -93.883  1.21281E-15  SWARM-A  16.356  97.744
2022-03-14T22:46:30Z  435.556  80.051  -90.376  1.23348E-15  SWARM-A  16.598  99.682
2022-03-14T22:47:00Z  435.402  78.183  -88.000  1.25481E-15  SWARM-A  16.765  101.620
2022-03-14T22:47:30Z  435.221  76.299  -86.301  1.27665E-15  SWARM-A  16.887  103.558
2022-03-14T22:48:00Z  435.014  74.404  -85.037  1.29889E-15  SWARM-A  16.979  105.495
2022-03-14T22:48:30Z  434.782  72.501  -84.067  1.32142E-15  SWARM-A  17.052  107.433
2022-03-14T22:49:00Z  434.526  70.594  -83.307  1.34413E-15  SWARM-A  17.111  109.371
2022-03-14T22:49:30Z  434.249  68.682  -82.699  1.36692E-15  SWARM-A  17.160  111.309
2022-03-14T22:50:00Z  433.952  66.768  -82.207  1.38972E-15  SWARM-A  17.201  113.246
2022-03-14T22:50:30Z  433.637  64.850  -81.804  1.41244E-15  SWARM-A  17.237  115.184
2022-03-14T22:51:00Z  433.305  62.931  -81.471  1.43506E-15  SWARM-A  17.267  117.121
2022-03-14T22:51:30Z  432.958  61.009  -81.194  1.45753E-15  SWARM-A  17.294  119.059
2022-03-14T22:52:00Z  432.600  59.086  -80.963  1.47993E-15  SWARM-A  17.318  120.996
2022-03-14T22:52:30Z  432.231  57.162  -80.770  1.50235E-15  SWARM-A  17.339  122.934
2022-03-14T22:53:00Z  431.855  55.236  -80.609  1.52465E-15  SWARM-A  17.358  124.871
2022-03-14T22:53:30Z  431.473  53.308  -80.474  1.54667E-15  SWARM-A  17.375  126.808
2022-03-14T22:54:00Z  431.088  51.380  -80.361  1.56815E-15  SWARM-A  17.391  128.745
2022-03-14T22:54:30Z  430.703  49.450  -80.268  1.58940E-15  SWARM-A  17.406  130.682
2022-03-14T22:55:00Z  430.320  47.519  -80.191  1.61037E-15  SWARM-A  17.419  132.619
2022-03-14T22:55:30Z  429.941  45.587  -80.128  1.63098E-15  SWARM-A  17.432  134.556
2022-03-14T22:56:00Z  429.569  43.655  -80.078  1.65126E-15  SWARM-A  17.443  136.492
2022-03-14T22:56:30Z  429.206  41.721  -80.039  1.67108E-15  SWARM-A  17.454  138.429
2022-03-14T22:57:00Z  428.855  39.786  -80.009  1.69040E-15  SWARM-A  17.465  140.365
2022-03-14T22:57:30Z  428.519  37.851  -79.988  1.70905E-15  SWARM-A  17.474  142.302
2022-03-14T22:58:00Z  428.200  35.914  -79.974  1.72698E-15  SWARM-A  17.484  144.238
2022-03-14T22:58:30Z  427.899  33.977  -79.967  1.74403E-15  SWARM-A  17.492  146.174
2022-03-14T22:59:00Z  427.621  32.039  -79.965  1.76001E-15  SWARM-A  17.501  148.110
2022-03-14T22:59:30Z  427.366  30.100  -79.969  1.77486E-15  SWARM-A  17.509  150.046
2022-03-14T23:00:00Z  427.137  28.161  -79.978  1.78844E-15  SWARM-A  17.517  151.982
2022-03-14T23:00:30Z  426.936  26.221  -79.990  1.80063E-15  SWARM-A  17.524  153.917
2022-03-14T23:01:00Z  426.765  24.280  -80.007  1.81141E-15  SWARM-A  17.531  155.853
2022-03-14T23:01:30Z  426.626  22.339  -80.026  1.82069E-15  SWARM-A  17.539  157.788
2022-03-14T23:02:00Z  426.520  20.397  -80.049  1.82848E-15  SWARM-A  17.545  159.723
2022-03-14T23:02:30Z  426.449  18.455  -80.074  1.83484E-15  SWARM-A  17.552  161.658
2022-03-14T23:03:00Z  426.415  16.512  -80.101  1.83977E-15  SWARM-A  17.559  163.593
2022-03-14T23:03:30Z  426.418  14.569  -80.130  1.84342E-15  SWARM-A  17.565  165.528
2022-03-14T23:04:00Z  426.460  12.626  -80.161  1.84584E-15  SWARM-A  17.571  167.462
2022-03-14T23:04:30Z  426.541  10.683  -80.193  1.84708E-15  SWARM-A  17.577  169.396
2022-03-14T23:05:00Z  426.663  8.739  -80.227  1.84727E-15  SWARM-A  17.583  171.330
2022-03-14T23:05:30Z  426.825  6.796  -80.261  1.84651E-15  SWARM-A  17.590  173.264
2022-03-14T23:06:00Z  427.029  4.852  -80.297  1.84482E-15  SWARM-A  17.595  175.198
2022-03-14T23:06:30Z  427.274  2.908  -80.332  1.84234E-15  SWARM-A  17.601  177.132
2022-03-14T23:07:00Z  427.560  0.965  -80.368  1.83905E-15  SWARM-A  17.607  179.065
2022-03-14T23:07:30Z  427.888  -0.978  -80.404  1.83497E-15  SWARM-A  17.613  180.998
2022-03-14T23:08:00Z  428.256  -2.922  -80.440  1.83004E-15  SWARM-A  17.619  182.931
2022-03-14T23:08:30Z  428.665  -4.864  -80.476  1.82426E-15  SWARM-A  17.625  184.864
2022-03-14T23:09:00Z  429.113  -6.807  -80.511  1.81756E-15  SWARM-A  17.631  186.797
2022-03-14T23:09:30Z  429.599  -8.749  -80.546  1.80983E-15  SWARM-A  17.637  188.729
2022-03-14T23:10:00Z  430.123  -10.691  -80.579  1.80093E-15  SWARM-A  17.643  190.662
2022-03-14T23:10:30Z  430.684  -12.632  -80.612  1.79080E-15  SWARM-A  17.649  192.594
2022-03-14T23:11:00Z  431.279  -14.572  -80.643  1.77925E-15  SWARM-A  17.656  194.526
2022-03-14T23:11:30Z  431.907  -16.512  -80.672  1.76625E-15  SWARM-A  17.662  196.457
2022-03-14T23:12:00Z  432.566  -18.451  -80.700  1.75172E-15  SWARM-A  17.669  198.389
2022-03-14T23:12:30Z  433.254  -20.390  -80.725  1.73559E-15  SWARM-A  17.675  200.320
2022-03-14T23:13:00Z  433.970  -22.328  -80.748  1.71782E-15  SWARM-A  17.682  202.251
2022-03-14T23:13:30Z  434.710  -24.265  -80.767  1.69847E-15  SWARM-A  17.689  204.182
2022-03-14T23:14:00Z  435.473  -26.200  -80.784  1.67755E-15  SWARM-A  17.696  206.113
2022-03-14T23:14:30Z  436.256  -28.136  -80.797  1.65518E-15  SWARM-A  17.704  208.044
2022-03-14T23:15:00Z  437.056  -30.070  -80.806  1.63130E-15  SWARM-A  17.712  209.974
2022-03-14T23:15:30Z  437.871  -32.003  -80.810  1.60632E-15  SWARM-A  17.720  211.904
2022-03-14T23:16:00Z  438.697  -33.935  -80.809  1.58034E-15  SWARM-A  17.728  213.834
2022-03-14T23:16:30Z  439.533  -35.866  -80.803  1.55353E-15  SWARM-A  17.737  215.764
2022-03-14T23:17:00Z  440.375  -37.796  -80.790  1.52608E-15  SWARM-A  17.746  217.694
2022-03-14T23:17:30Z  441.220  -39.724  -80.769  1.49817E-15  SWARM-A  17.756  219.623
2022-03-14T23:18:00Z  442.066  -41.652  -80.740  1.46996E-15  SWARM-A  17.766  221.553
2022-03-14T23:18:30Z  442.908  -43.578  -80.702  1.44164E-15  SWARM-A  17.777  223.482
2022-03-14T23:19:00Z  443.745  -45.503  -80.653  1.41332E-15  SWARM-A  17.788  225.411
2022-03-14T23:19:30Z  444.572  -47.427  -80.592  1.38513E-15  SWARM-A  17.801  227.339
2022-03-14T23:20:00Z  445.388  -49.350  -80.516  1.35714E-15  SWARM-A  17.814  229.268
2022-03-14T23:20:30Z  446.189  -51.271  -80.425  1.32943E-15  SWARM-A  17.829  231.197
2022-03-14T23:21:00Z  446.972  -53.191  -80.314  1.30190E-15  SWARM-A  17.844  233.125
2022-03-14T23:21:30Z  447.735  -55.110  -80.182  1.27482E-15  SWARM-A  17.862  235.053
2022-03-14T23:22:00Z  448.474  -57.027  -80.023  1.24815E-15  SWARM-A  17.880  236.981
2022-03-14T23:22:30Z  449.186  -58.942  -79.834  1.22184E-15  SWARM-A  17.901  238.909
2022-03-14T23:23:00Z  449.870  -60.856  -79.609  1.19591E-15  SWARM-A  17.925  240.837
2022-03-14T23:23:30Z  450.523  -62.768  -79.338  1.17038E-15  SWARM-A  17.951  242.765
2022-03-14T23:24:00Z  451.142  -64.678  -79.013  1.14520E-15  SWARM-A  17.981  244.693
2022-03-14T23:24:30Z  451.724  -66.585  -78.620  1.12039E-15  SWARM-A  18.016  246.620
2022-03-14T23:25:00Z  452.269  -68.490  -78.140  1.09594E-15  SWARM-A  18.056  248.548
2022-03-14T23:25:30Z  452.773  -70.392  -77.550  1.07187E-15  SWARM-A  18.104  250.475
2022-03-14T23:26:00Z  453.234  -72.290  -76.812  1.04814E-15  SWARM-A  18.161  252.402
2022-03-14T23:26:30Z  453.652  -74.183  -75.876  1.02477E-15  SWARM-A  18.232  254.330
2022-03-14T23:27:00Z  454.024  -76.068  -74.659  1.00180E-15  SWARM-A  18.321  256.257
2022-03-14T23:27:30Z  454.349  -77.944  -73.034  9.79252E-16  SWARM-A  18.438  258.184
2022-03-14T23:28:00Z  454.626  -79.804  -70.779  9.57214E-16  SWARM-A  18.597  260.111
2022-03-14T23:28:30Z  454.854  -81.639  -67.484  9.35825E-16  SWARM-A  18.825  262.038
2022-03-14T23:29:00Z  455.032  -83.429  -62.315  9.15152E-16  SWARM-A  19.178  263.965
2022-03-14T23:29:30Z  455.159  -85.122  -53.362  8.95387E-16  SWARM-A  19.783  265.892
2022-03-14T23:30:00Z  455.235  -86.574  -35.900  8.76615E-16  SWARM-A  20.955  267.819
2022-03-14T23:30:30Z  455.259  -87.352  -2.236  8.59125E-16  SWARM-A  23.208  269.746
2022-03-14T23:31:00Z  455.231  -86.899  35.548  8.42096E-16  SWARM-A  1.735  271.673
2022-03-14T23:31:30Z  455.152  -85.579  57.028  8.25266E-16  SWARM-A  3.176  273.600
2022-03-14T23:32:00Z  455.021  -83.933  67.764  8.09161E-16  SWARM-A  3.900  275.527
2022-03-14T23:32:30Z  454.840  -82.164  73.755  7.93951E-16  SWARM-A  4.307  277.454
2022-03-14T23:33:00Z  454.608  -80.339  77.478  7.79656E-16  SWARM-A  4.564  279.381
2022-03-14T23:33:30Z  454.326  -78.484  79.980  7.66375E-16  SWARM-A  4.739  281.308
2022-03-14T23:34:00Z  453.996  -76.612  81.759  7.54107E-16  SWARM-A  4.866  283.236
2022-03-14T23:34:30Z  453.619  -74.729  83.077  7.42843E-16  SWARM-A  4.962  285.163
2022-03-14T23:35:00Z  453.196  -72.838  84.085  7.32689E-16  SWARM-A  5.038  287.090
2022-03-14T23:35:30Z  452.729  -70.942  84.873  7.23597E-16  SWARM-A  5.099  289.017
2022-03-14T23:36:00Z  452.219  -69.041  85.502  7.15512E-16  SWARM-A  5.149  290.945
2022-03-14T23:36:30Z  451.668  -67.137  86.011  7.08549E-16  SWARM-A  5.191  292.873
2022-03-14T23:37:00Z  451.078  -65.230  86.427  7.02636E-16  SWARM-A  5.227  294.800
2022-03-14T23:37:30Z  450.452  -63.320  86.771  6.97731E-16  SWARM-A  5.258  296.728
2022-03-14T23:38:00Z  449.792  -61.409  87.056  6.93836E-16  SWARM-A  5.286  298.656
2022-03-14T23:38:30Z  449.099  -59.495  87.294  6.91080E-16  SWARM-A  5.310  300.584
2022-03-14T23:39:00Z  448.378  -57.580  87.493  6.89228E-16  SWARM-A  5.332  302.512
2022-03-14T23:39:30Z  447.630  -55.663  87.659  6.88317E-16  SWARM-A  5.351  304.440
2022-03-14T23:40:00Z  446.857  -53.745  87.799  6.88254E-16  SWARM-A  5.369  306.369
2022-03-14T23:40:30Z  446.064  -51.825  87.915  6.89082E-16  SWARM-A  5.385  308.297
2022-03-14T23:41:00Z  445.252  -49.904  88.012  6.90756E-16  SWARM-A  5.400  310.226
2022-03-14T23:41:30Z  444.425  -47.982  88.092  6.93206E-16  SWARM-A  5.413  312.155
2022-03-14T23:42:00Z  443.586  -46.058  88.157  6.96363E-16  SWARM-A  5.426  314.084
2022-03-14T23:42:30Z  442.737  -44.133  88.209  7.00066E-16  SWARM-A  5.438  316.013
2022-03-14T23:43:00Z  441.882  -42.207  88.251  7.04316E-16  SWARM-A  5.449  317.942
2022-03-14T23:43:30Z  441.024  -40.279  88.282  7.08892E-16  SWARM-A  5.459  319.872
2022-03-14T23:44:00Z  440.165  -38.351  88.305  7.13814E-16  SWARM-A  5.469  321.801
2022-03-14T23:44:30Z  439.309  -36.421  88.320  7.18980E-16  SWARM-A  5.478  323.731
2022-03-14T23:45:00Z  438.459  -34.490  88.329  7.24287E-16  SWARM-A  5.487  325.661
2022-03-14T23:45:30Z  437.618  -32.558  88.331  7.29685E-16  SWARM-A  5.496  327.592
2022-03-14T23:46:00Z  436.788  -30.625  88.328  7.35073E-16  SWARM-A  5.504  329.522
2022-03-14T23:46:30Z  435.973  -28.691  88.321  7.40189E-16  SWARM-A  5.512  331.453
2022-03-14T23:47:00Z  435.175  -26.756  88.309  7.45151E-16  SWARM-A  5.519  333.383
2022-03-14T23:47:30Z  434.397  -24.820  88.293  7.49933E-16  SWARM-A  5.527  335.314
2022-03-14T23:48:00Z  433.642  -22.883  88.274  7.54382E-16  SWARM-A  5.534  337.245
2022-03-14T23:48:30Z  432.911  -20.945  88.252  7.58529E-16  SWARM-A  5.541  339.177
2022-03-14T23:49:00Z  432.208  -19.007  88.228  7.62342E-16  SWARM-A  5.547  341.108
2022-03-14T23:49:30Z  431.534  -17.067  88.201  7.65804E-16  SWARM-A  5.554  343.040
2022-03-14T23:50:00Z  430.891  -15.127  88.172  7.68943E-16  SWARM-A  5.560  344.972
2022-03-14T23:50:30Z  430.282  -13.186  88.141  7.71676E-16  SWARM-A  5.567  346.904
2022-03-14T23:51:00Z  429.707  -11.245  88.109  7.74034E-16  SWARM-A  5.573  348.837
2022-03-14T23:51:30Z  429.169  -9.303  88.076  7.76027E-16  SWARM-A  5.579  350.769
2022-03-14T23:52:00Z  428.669  -7.361  88.042  7.77659E-16  SWARM-A  5.585  352.702
2022-03-14T23:52:30Z  428.209  -5.418  88.007  7.78962E-16  SWARM-A  5.591  354.635
2022-03-14T23:53:00Z  427.788  -3.475  87.971  7.79962E-16  SWARM-A  5.597  356.568
2022-03-14T23:53:30Z  427.408  -1.532  87.935  7.80693E-16  SWARM-A  5.603  358.501
2022-03-14T23:54:00Z  427.070  0.412  87.899  7.81182E-16  SWARM-A  5.609  0.435
2022-03-14T23:54:30Z  426.774  2.355  87.863  7.81463E-16  SWARM-A  5.615  2.368
2022-03-14T23:55:00Z  426.520  4.299  87.828  7.81586E-16  SWARM-A  5.621  4.302
2022-03-14T23:55:30Z  426.309  6.243  87.792  7.81606E-16  SWARM-A  5.627  6.236
2022-03-14T23:56:00Z  426.140  8.187  87.758  7.81547E-16  SWARM-A  5.633  8.171
2022-03-14T23:56:30Z  426.012  10.131  87.724  7.81450E-16  SWARM-A  5.639  10.105
2022-03-14T23:57:00Z  425.926  12.075  87.691  7.81376E-16  SWARM-A  5.645  12.039
2022-03-14T23:57:30Z  425.881  14.018  87.660  7.81361E-16  SWARM-A  5.651  13.974
2022-03-14T23:58:00Z  425.875  15.962  87.630  7.81465E-16  SWARM-A  5.657  15.909
2022-03-14T23:58:30Z  425.908  17.905  87.603  7.81711E-16  SWARM-A  5.664  17.844
2022-03-14T23:59:00Z  425.979  19.847  87.577  7.82321E-16  SWARM-A  5.671  19.779
2022-03-14T23:59:30Z  426.086  21.789  87.554  7.83178E-16  SWARM-A  5.677  21.715
2022-03-15T00:00:00Z  426.227  23.731  87.533  7.81258E-16  SWARM-A  5.684  23.650
2022-03-15T00:00:30Z  426.401  25.672  87.516  7.78420E-16  SWARM-A  5.692  25.586
2022-03-15T00:01:00Z  426.606  27.613  87.502  7.80209E-16  SWARM-A  5.699  27.522
2022-03-15T00:01:30Z  426.841  29.552  87.493  7.82521E-16  SWARM-A  5.707  29.458
2022-03-15T00:02:00Z  427.102  31.492  87.487  7.85458E-16  SWARM-A  5.715  31.394
2022-03-15T00:02:30Z  427.388  33.430  87.487  7.89100E-16  SWARM-A  5.723  33.330
2022-03-15T00:03:00Z  427.697  35.368  87.493  7.93549E-16  SWARM-A  5.732  35.266
2022-03-15T00:03:30Z  428.026  37.305  87.505  7.98882E-16  SWARM-A  5.741  37.203
2022-03-15T00:04:00Z  428.373  39.241  87.524  8.05180E-16  SWARM-A  5.750  39.139
2022-03-15T00:04:30Z  428.736  41.176  87.551  8.12437E-16  SWARM-A  5.761  41.076
2022-03-15T00:05:00Z  429.112  43.110  87.588  8.20650E-16  SWARM-A  5.771  43.013
2022-03-15T00:05:30Z  429.498  45.043  87.635  8.29836E-16  SWARM-A  5.783  44.949
2022-03-15T00:06:00Z  429.893  46.976  87.694  8.39971E-16  SWARM-A  5.795  46.886
2022-03-15T00:06:30Z  430.293  48.907  87.767  8.51021E-16  SWARM-A  5.808  48.823
2022-03-15T00:07:00Z  430.696  50.837  87.855  8.62887E-16  SWARM-A  5.822  50.761
2022-03-15T00:07:30Z  431.100  52.766  87.962  8.75471E-16  SWARM-A  5.838  52.698
2022-03-15T00:08:00Z  431.501  54.694  88.091  8.88637E-16  SWARM-A  5.855  54.635
2022-03-15T00:08:30Z  431.898  56.620  88.245  9.01988E-16  SWARM-A  5.873  56.572
2022-03-15T00:09:00Z  432.288  58.546  88.428  9.15358E-16  SWARM-A  5.894  58.510
2022-03-15T00:09:30Z  432.669  60.469  88.648  9.28833E-16  SWARM-A  5.917  60.447
2022-03-15T00:10:00Z  433.039  62.391  88.911  9.42378E-16  SWARM-A  5.943  62.385
2022-03-15T00:10:30Z  433.394  64.311  89.227  9.55969E-16  SWARM-A  5.972  64.322
2022-03-15T00:11:00Z  433.734  66.229  89.608  9.69503E-16  SWARM-A  6.006  66.260
2022-03-15T00:11:30Z  434.056  68.145  90.074  9.82949E-16  SWARM-A  6.045  68.198
2022-03-15T00:12:00Z  434.359  70.058  90.646  9.96367E-16  SWARM-A  6.092  70.136
2022-03-15T00:12:30Z  434.640  71.966  91.359  1.00974E-15  SWARM-A  6.148  72.073
2022-03-15T00:13:00Z  434.899  73.870  92.264  1.02312E-15  SWARM-A  6.216  74.011
2022-03-15T00:13:30Z  435.133  75.768  93.434  1.03653E-15  SWARM-A  6.303  75.949
2022-03-15T00:14:00Z  435.341  77.656  94.993  1.05007E-15  SWARM-A  6.415  77.887
2022-03-15T00:14:30Z  435.523  79.529  97.146  1.06380E-15  SWARM-A  6.567  79.825
2022-03-15T00:15:00Z  435.677  81.379  100.271  1.07780E-15  SWARM-A  6.784  81.763
2022-03-15T00:15:30Z  435.802  83.187  105.128  1.09218E-15  SWARM-A  7.116  83.701
2022-03-15T00:16:00Z  435.898  84.908  113.437  1.10700E-15  SWARM-A  7.678  85.639
2022-03-15T00:16:30Z  435.964  86.415  129.467  1.12246E-15  SWARM-A  8.755  87.576
2022-03-15T00:17:00Z  435.999  87.318  161.195  1.13860E-15  SWARM-A  10.878  89.514
2022-03-15T00:17:30Z  436.005  87.009  -159.698  1.15424E-15  SWARM-A  13.494  91.452
2022-03-15T00:18:00Z  435.980  85.745  -136.320  1.17010E-15  SWARM-A  15.061  93.390
2022-03-15T00:18:30Z  435.926  84.110  -124.745  1.18689E-15  SWARM-A  15.841  95.328
2022-03-15T00:19:00Z  435.841  82.340  -118.389  1.20444E-15  SWARM-A  16.273  97.266
2022-03-15T00:19:30Z  435.727  80.508  -114.486  1.22266E-15  SWARM-A  16.541  99.204
2022-03-15T00:20:00Z  435.585  78.646  -111.884  1.24148E-15  SWARM-A  16.723  101.142
2022-03-15T00:20:30Z  435.416  76.765  -110.046  1.26079E-15  SWARM-A  16.854  103.079
2022-03-15T00:21:00Z  435.220  74.872  -108.690  1.28053E-15  SWARM-A  16.953  105.017
2022-03-15T00:21:30Z  434.999  72.971  -107.657  1.30052E-15  SWARM-A  17.030  106.955
2022-03-15T00:22:00Z  434.754  71.065  -106.850  1.32072E-15  SWARM-A  17.092  108.893
2022-03-15T00:22:30Z  434.486  69.154  -106.209  1.34109E-15  SWARM-A  17.143  110.830
2022-03-15T00:23:00Z  434.198  67.241  -105.691  1.36205E-15  SWARM-A  17.186  112.768
2022-03-15T00:23:30Z  433.891  65.324  -105.267  1.38627E-15  SWARM-A  17.223  114.705
2022-03-15T00:24:00Z  433.567  63.405  -104.918  1.41166E-15  SWARM-A  17.254  116.643
2022-03-15T00:24:30Z  433.227  61.484  -104.629  1.43626E-15  SWARM-A  17.282  118.580
2022-03-15T00:25:00Z  432.875  59.562  -104.388  1.46023E-15  SWARM-A  17.306  120.517
2022-03-15T00:25:30Z  432.512  57.637  -104.186  1.48419E-15  SWARM-A  17.328  122.455
2022-03-15T00:26:00Z  432.140  55.712  -104.017  1.50813E-15  SWARM-A  17.348  124.392
2022-03-15T00:26:30Z  431.762  53.785  -103.876  1.52994E-15  SWARM-A  17.365  126.329
2022-03-15T00:27:00Z  431.380  51.857  -103.758  1.54947E-15  SWARM-A  17.382  128.266
2022-03-15T00:27:30Z  430.996  49.928  -103.660  1.56882E-15  SWARM-A  17.397  130.203
2022-03-15T00:28:00Z  430.614  47.997  -103.579  1.58802E-15  SWARM-A  17.410  132.140
2022-03-15T00:28:30Z  430.234  46.066  -103.513  1.60857E-15  SWARM-A  17.423  134.076
2022-03-15T00:29:00Z  429.861  44.133  -103.460  1.63124E-15  SWARM-A  17.435  136.013
2022-03-15T00:29:30Z  429.496  42.200  -103.418  1.65379E-15  SWARM-A  17.446  137.949
2022-03-15T00:30:00Z  429.143  40.265  -103.386  1.67617E-15  SWARM-A  17.456  139.886
2022-03-15T00:30:30Z  428.802  38.330  -103.363  1.69759E-15  SWARM-A  17.466  141.822
2022-03-15T00:31:00Z  428.478  36.394  -103.347  1.71479E-15  SWARM-A  17.476  143.758
2022-03-15T00:31:30Z  428.172  34.457  -103.338  1.73147E-15  SWARM-A  17.485  145.694
2022-03-15T00:32:00Z  427.887  32.519  -103.335  1.74749E-15  SWARM-A  17.493  147.630
2022-03-15T00:32:30Z  427.625  30.581  -103.338  1.76264E-15  SWARM-A  17.501  149.566
2022-03-15T00:33:00Z  427.388  28.642  -103.346  1.77585E-15  SWARM-A  17.509  151.502
2022-03-15T00:33:30Z  427.178  26.702  -103.357  1.78747E-15  SWARM-A  17.517  153.437
2022-03-15T00:34:00Z  426.997  24.762  -103.373  1.79786E-15  SWARM-A  17.524  155.372
2022-03-15T00:34:30Z  426.847  22.821  -103.391  1.80697E-15  SWARM-A  17.531  157.308
2022-03-15T00:35:00Z  426.730  20.879  -103.413  1.81476E-15  SWARM-A  17.538  159.243
2022-03-15T00:35:30Z  426.648  18.937  -103.438  1.82130E-15  SWARM-A  17.545  161.178
2022-03-15T00:36:00Z  426.601  16.995  -103.464  1.82656E-15  SWARM-A  17.551  163.112
2022-03-15T00:36:30Z  426.592  15.052  -103.493  1.83048E-15  SWARM-A  17.558  165.047
2022-03-15T00:37:00Z  426.620  13.109  -103.524  1.83313E-15  SWARM-A  17.564  166.981
2022-03-15T00:37:30Z  426.688  11.166  -103.556  1.83456E-15  SWARM-A  17.570  168.916
2022-03-15T00:38:00Z  426.796  9.223  -103.589  1.83490E-15  SWARM-A  17.576  170.850
2022-03-15T00:38:30Z  426.944  7.279  -103.623  1.83307E-15  SWARM-A  17.582  172.784
2022-03-15T00:39:00Z  427.134  5.335  -103.658  1.82960E-15  SWARM-A  17.588  174.717
2022-03-15T00:39:30Z  427.365  3.392  -103.693  1.82540E-15  SWARM-A  17.594  176.651
2022-03-15T00:40:00Z  427.637  1.448  -103.729  1.82055E-15  SWARM-A  17.600  178.584
2022-03-15T00:40:30Z  427.950  -0.495  -103.765  1.81516E-15  SWARM-A  17.606  180.517
2022-03-15T00:41:00Z  428.304  -2.438  -103.801  1.80917E-15  SWARM-A  17.612  182.450
2022-03-15T00:41:30Z  428.699  -4.381  -103.837  1.80266E-15  SWARM-A  17.618  184.383
2022-03-15T00:42:00Z  429.133  -6.323  -103.873  1.79554E-15  SWARM-A  17.624  186.316
2022-03-15T00:42:30Z  429.606  -8.265  -103.907  1.78768E-15  SWARM-A  17.630  188.248
2022-03-15T00:43:00Z  430.117  -10.207  -103.941  1.77899E-15  SWARM-A  17.636  190.181
2022-03-15T00:43:30Z  430.664  -12.148  -103.974  1.76942E-15  SWARM-A  17.642  192.113
2022-03-15T00:44:00Z  431.246  -14.089  -104.005  1.75878E-15  SWARM-A  17.649  194.045
2022-03-15T00:44:30Z  431.861  -16.029  -104.035  1.74699E-15  SWARM-A  17.655  195.976
2022-03-15T00:45:00Z  432.508  -17.968  -104.063  1.73398E-15  SWARM-A  17.661  197.908
2022-03-15T00:45:30Z  433.184  -19.907  -104.089  1.71957E-15  SWARM-A  17.668  199.839
2022-03-15T00:46:00Z  433.888  -21.845  -104.112  1.70373E-15  SWARM-A  17.675  201.770
2022-03-15T00:46:30Z  434.617  -23.782  -104.132  1.68648E-15  SWARM-A  17.682  203.701
2022-03-15T00:47:00Z  435.369  -25.718  -104.150  1.66777E-15  SWARM-A  17.689  205.632
2022-03-15T00:47:30Z  436.142  -27.653  -104.164  1.64765E-15  SWARM-A  17.696  207.562
2022-03-15T00:48:00Z  436.933  -29.587  -104.174  1.62628E-15  SWARM-A  17.704  209.493
2022-03-15T00:48:30Z  437.738  -31.521  -104.179  1.60375E-15  SWARM-A  17.712  211.423
2022-03-15T00:49:00Z  438.557  -33.453  -104.180  1.58023E-15  SWARM-A  17.720  213.353
2022-03-15T00:49:30Z  439.385  -35.384  -104.175  1.55580E-15  SWARM-A  17.729  215.283
2022-03-15T00:50:00Z  440.220  -37.314  -104.163  1.53070E-15  SWARM-A  17.738  217.212
2022-03-15T00:50:30Z  441.059  -39.243  -104.144  1.50511E-15  SWARM-A  17.748  219.142
2022-03-15T00:51:00Z  441.899  -41.171  -104.118  1.47910E-15  SWARM-A  17.758  221.071
2022-03-15T00:51:30Z  442.736  -43.098  -104.082  1.45294E-15  SWARM-A  17.768  223.000
2022-03-15T00:52:00Z  443.569  -45.023  -104.036  1.42665E-15  SWARM-A  17.780  224.929
2022-03-15T00:52:30Z  444.393  -46.947  -103.978  1.40041E-15  SWARM-A  17.792  226.858
2022-03-15T00:53:00Z  445.207  -48.870  -103.906  1.37326E-15  SWARM-A  17.805  228.787
2022-03-15T00:53:30Z  446.006  -50.792  -103.818  1.34581E-15  SWARM-A  17.819  230.716
2022-03-15T00:54:00Z  446.788  -52.712  -103.713  1.31860E-15  SWARM-A  17.835  232.644
2022-03-15T00:54:30Z  447.550  -54.631  -103.586  1.29176E-15  SWARM-A  17.852  234.572
2022-03-15T00:55:00Z  448.290  -56.548  -103.435  1.26529E-15  SWARM-A  17.870  236.500
2022-03-15T00:55:30Z  449.004  -58.464  -103.254  1.23924E-15  SWARM-A  17.890  238.428
2022-03-15T00:56:00Z  449.689  -60.378  -103.038  1.21360E-15  SWARM-A  17.913  240.356
2022-03-15T00:56:30Z  450.345  -62.291  -102.779  1.18839E-15  SWARM-A  17.939  242.284
2022-03-15T00:57:00Z  450.967  -64.201  -102.469  1.16387E-15  SWARM-A  17.968  244.212
2022-03-15T00:57:30Z  451.553  -66.110  -102.094  1.13977E-15  SWARM-A  18.001  246.139
2022-03-15T00:58:00Z  452.102  -68.015  -101.638  1.11616E-15  SWARM-A  18.040  248.067
2022-03-15T00:58:30Z  452.611  -69.918  -101.077  1.09300E-15  SWARM-A  18.085  249.994
2022-03-15T00:59:00Z  453.078  -71.817  -100.381  1.07034E-15  SWARM-A  18.140  251.922
2022-03-15T00:59:30Z  453.502  -73.711  -99.500  1.04828E-15  SWARM-A  18.207  253.849
2022-03-15T01:00:00Z  453.881  -75.598  -98.363  1.02642E-15  SWARM-A  18.291  255.776
2022-03-15T01:00:30Z  454.213  -77.477  -96.855  1.00511E-15  SWARM-A  18.400  257.703
2022-03-15T01:01:00Z  454.498  -79.342  -94.785  9.84803E-16  SWARM-A  18.547  259.630
2022-03-15T01:01:30Z  454.734  -81.185  -91.804  9.65558E-16  SWARM-A  18.754  261.558
2022-03-15T01:02:00Z  454.919  -82.989  -87.220  9.47486E-16  SWARM-A  19.068  263.485
2022-03-15T01:02:30Z  455.055  -84.714  -79.497  9.30642E-16  SWARM-A  19.591  265.412
2022-03-15T01:03:00Z  455.139  -86.250  -64.856  9.13906E-16  SWARM-A  20.575  267.339
2022-03-15T01:03:30Z  455.172  -87.260  -35.558  8.98212E-16  SWARM-A  22.537  269.266
2022-03-15T01:04:00Z  455.153  -87.122  4.100  8.83553E-16  SWARM-A  1.189  271.193
2022-03-15T01:04:30Z  455.083  -85.952  29.649  8.69260E-16  SWARM-A  2.901  273.120
2022-03-15T01:05:00Z  454.961  -84.359  42.309  8.55818E-16  SWARM-A  3.753  275.047
2022-03-15T01:05:30Z  454.788  -82.611  49.162  8.43443E-16  SWARM-A  4.218  276.974
2022-03-15T01:06:00Z  454.565  -80.797  53.319  8.33274E-16  SWARM-A  4.504  278.901
2022-03-15T01:06:30Z  454.293  -78.948  56.065  8.24162E-16  SWARM-A  4.695  280.828
2022-03-15T01:07:00Z  453.971  -77.080  57.994  8.15997E-16  SWARM-A  4.832  282.755
2022-03-15T01:07:30Z  453.603  -75.199  59.411  8.08691E-16  SWARM-A  4.935  284.683
2022-03-15T01:08:00Z  453.188  -73.310  60.486  8.02138E-16  SWARM-A  5.015  286.610
2022-03-15T01:08:30Z  452.728  -71.414  61.323  7.96128E-16  SWARM-A  5.079  288.538
2022-03-15T01:09:00Z  452.226  -69.514  61.987  7.89506E-16  SWARM-A  5.131  290.465
2022-03-15T01:09:30Z  451.682  -67.611  62.523  7.83442E-16  SWARM-A  5.176  292.393
2022-03-15T01:10:00Z  451.100  -65.705  62.960  7.77905E-16  SWARM-A  5.213  294.320
2022-03-15T01:10:30Z  450.480  -63.796  63.320  7.72859E-16  SWARM-A  5.245  296.248
2022-03-15T01:11:00Z  449.826  -61.884  63.619  7.68168E-16  SWARM-A  5.274  298.176
2022-03-15T01:11:30Z  449.139  -59.971  63.868  7.63793E-16  SWARM-A  5.299  300.104
2022-03-15T01:12:00Z  448.422  -58.057  64.076  7.59241E-16  SWARM-A  5.321  302.032
2022-03-15T01:12:30Z  447.679  -56.140  64.250  7.55014E-16  SWARM-A  5.341  303.961
2022-03-15T01:13:00Z  446.911  -54.222  64.396  7.51148E-16  SWARM-A  5.359  305.889
2022-03-15T01:13:30Z  446.121  -52.303  64.518  7.47655E-16  SWARM-A  5.375  307.818
2022-03-15T01:14:00Z  445.312  -50.382  64.619  7.44522E-16  SWARM-A  5.390  309.747
2022-03-15T01:14:30Z  444.487  -48.460  64.703  7.41789E-16  SWARM-A  5.404  311.675
2022-03-15T01:15:00Z  443.649  -46.536  64.772  7.39529E-16  SWARM-A  5.417  313.605
2022-03-15T01:15:30Z  442.801  -44.611  64.827  7.37791E-16  SWARM-A  5.429  315.534
2022-03-15T01:16:00Z  441.947  -42.685  64.871  7.36467E-16  SWARM-A  5.440  317.463
2022-03-15T01:16:30Z  441.088  -40.758  64.905  7.35602E-16  SWARM-A  5.451  319.393
2022-03-15T01:17:00Z  440.229  -38.830  64.930  7.35176E-16  SWARM-A  5.461  321.322
2022-03-15T01:17:30Z  439.372  -36.900  64.947  7.35228E-16  SWARM-A  5.471  323.252
2022-03-15T01:18:00Z  438.520  -34.969  64.957  7.35666E-16  SWARM-A  5.480  325.182
2022-03-15T01:18:30Z  437.676  -33.037  64.961  7.36472E-16  SWARM-A  5.488  327.113
2022-03-15T01:19:00Z  436.843  -31.104  64.960  7.37296E-16  SWARM-A  5.496  329.043
2022-03-15T01:19:30Z  436.024  -29.171  64.953  7.38078E-16  SWARM-A  5.504  330.974
2022-03-15T01:20:00Z  435.222  -27.236  64.942  7.39307E-16  SWARM-A  5.512  332.905
2022-03-15T01:20:30Z  434.439  -25.300  64.928  7.40924E-16  SWARM-A  5.519  334.836
2022-03-15T01:21:00Z  433.678  -23.363  64.909  7.42909E-16  SWARM-A  5.526  336.767
2022-03-15T01:21:30Z  432.941  -21.425  64.888  7.45215E-16  SWARM-A  5.533  338.698
2022-03-15T01:22:00Z  432.231  -19.487  64.864  7.47827E-16  SWARM-A  5.540  340.630
2022-03-15T01:22:30Z  431.550  -17.548  64.838  7.50665E-16  SWARM-A  5.547  342.562
2022-03-15T01:23:00Z  430.899  -15.608  64.810  7.53702E-16  SWARM-A  5.553  344.494
2022-03-15T01:23:30Z  430.282  -13.667  64.780  7.56925E-16  SWARM-A  5.559  346.426
2022-03-15T01:24:00Z  429.699  -11.726  64.748  7.60268E-16  SWARM-A  5.566  348.358
2022-03-15T01:24:30Z  429.153  -9.784  64.715  7.63634E-16  SWARM-A  5.572  350.291
2022-03-15T01:25:00Z  428.644  -7.842  64.681  7.67068E-16  SWARM-A  5.578  352.224
2022-03-15T01:25:30Z  428.174  -5.899  64.646  7.70498E-16  SWARM-A  5.584  354.157
2022-03-15T01:26:00Z  427.744  -3.956  64.611  7.73868E-16  SWARM-A  5.590  356.090
2022-03-15T01:26:30Z  427.356  -2.013  64.575  7.77164E-16  SWARM-A  5.596  358.023
2022-03-15T01:27:00Z  427.008  -0.069  64.539  7.80307E-16  SWARM-A  5.602  359.957
2022-03-15T01:27:30Z  426.703  1.875  64.503  7.83326E-16  SWARM-A  5.608  1.890
2022-03-15T01:28:00Z  426.440  3.819  64.467  7.86182E-16  SWARM-A  5.614  3.824
2022-03-15T01:28:30Z  426.220  5.763  64.432  7.88880E-16  SWARM-A  5.620  5.758
2022-03-15T01:29:00Z  426.042  7.707  64.397  7.91378E-16  SWARM-A  5.626  7.692
2022-03-15T01:29:30Z  425.906  9.651  64.363  7.93706E-16  SWARM-A  5.632  9.627
2022-03-15T01:30:00Z  425.812  11.595  64.330  7.95792E-16  SWARM-A  5.638  11.561
2022-03-15T01:30:30Z  425.759  13.538  64.298  7.97660E-16  SWARM-A  5.644  13.496
2022-03-15T01:31:00Z  425.746  15.482  64.268  7.99234E-16  SWARM-A  5.650  15.431
2022-03-15T01:31:30Z  425.772  17.425  64.240  8.00555E-16  SWARM-A  5.657  17.366
2022-03-15T01:32:00Z  425.836  19.367  64.214  8.01545E-16  SWARM-A  5.663  19.301
2022-03-15T01:32:30Z  425.936  21.310  64.190  8.02252E-16  SWARM-A  5.670  21.237
2022-03-15T01:33:00Z  426.072  23.252  64.169  8.02639E-16  SWARM-A  5.677  23.172
2022-03-15T01:33:30Z  426.241  25.193  64.151  8.02769E-16  SWARM-A  5.684  25.108
2022-03-15T01:34:00Z  426.441  27.134  64.136  8.02597E-16  SWARM-A  5.691  27.044
2022-03-15T01:34:30Z  426.671  29.074  64.125  8.02168E-16  SWARM-A  5.699  28.980
2022-03-15T01:35:00Z  426.929  31.013  64.119  8.01450E-16  SWARM-A  5.707  30.916
2022-03-15T01:35:30Z  427.212  32.952  64.117  8.00535E-16  SWARM-A  5.715  32.852
2022-03-15T01:36:00Z  427.519  34.890  64.121  7.99489E-16  SWARM-A  5.724  34.789
2022-03-15T01:36:30Z  427.846  36.827  64.131  7.98407E-16  SWARM-A  5.733  36.725
2022-03-15T01:37:00Z  428.193  38.763  64.149  7.97307E-16  SWARM-A  5.742  38.662
2022-03-15T01:37:30Z  428.555  40.699  64.174  7.96289E-16  SWARM-A  5.752  40.598
2022-03-15T01:38:00Z  428.931  42.633  64.208  7.95477E-16  SWARM-A  5.763  42.535
2022-03-15T01:38:30Z  429.319  44.567  64.252  7.94951E-16  SWARM-A  5.774  44.472
2022-03-15T01:39:00Z  429.715  46.500  64.308  7.94529E-16  SWARM-A  5.786  46.409
2022-03-15T01:39:30Z  430.117  48.431  64.377  7.93834E-16  SWARM-A  5.799  48.346
2022-03-15T01:40:00Z  430.524  50.362  64.462  7.93625E-16  SWARM-A  5.813  50.283
2022-03-15T01:40:30Z  430.931  52.291  64.564  7.94013E-16  SWARM-A  5.828  52.220
2022-03-15T01:41:00Z  431.336  54.219  64.687  7.95030E-16  SWARM-A  5.845  54.158
2022-03-15T01:41:30Z  431.738  56.146  64.834  7.96723E-16  SWARM-A  5.863  56.095
2022-03-15T01:42:00Z  432.134  58.071  65.010  7.99038E-16  SWARM-A  5.883  58.032
2022-03-15T01:42:30Z  432.520  59.996  65.219  8.02177E-16  SWARM-A  5.905  59.970
2022-03-15T01:43:00Z  432.896  61.918  65.471  8.06129E-16  SWARM-A  5.930  61.908
2022-03-15T01:43:30Z  433.259  63.839  65.772  8.11063E-16  SWARM-A  5.959  63.845
2022-03-15T01:44:00Z  433.606  65.757  66.136  8.17002E-16  SWARM-A  5.992  65.783
2022-03-15T01:44:30Z  433.936  67.674  66.579  8.23941E-16  SWARM-A  6.029  67.721
2022-03-15T01:45:00Z  434.247  69.587  67.122  8.31893E-16  SWARM-A  6.074  69.658
2022-03-15T01:45:30Z  434.537  71.497  67.796  8.40987E-16  SWARM-A  6.127  71.596
2022-03-15T01:46:00Z  434.805  73.402  68.647  8.51205E-16  SWARM-A  6.192  73.534
2022-03-15T01:46:30Z  435.049  75.301  69.743  8.62605E-16  SWARM-A  6.274  75.472
2022-03-15T01:47:00Z  435.267  77.192  71.191  8.75138E-16  SWARM-A  6.379  77.410
2022-03-15T01:47:30Z  435.459  79.070  73.170  8.88399E-16  SWARM-A  6.519  79.348
2022-03-15T01:48:00Z  435.623  80.927  76.004  9.02913E-16  SWARM-A  6.716  81.286
2022-03-15T01:48:30Z  435.758  82.748  80.327  9.18714E-16  SWARM-A  7.013  83.223
2022-03-15T01:49:00Z  435.865  84.498  87.527  9.35827E-16  SWARM-A  7.501  85.161
2022-03-15T01:49:30Z  435.942  86.079  101.015  9.54353E-16  SWARM-A  8.408  87.099
2022-03-15T01:50:00Z  435.989  87.191  128.306  9.74264E-16  SWARM-A  10.236  89.037
2022-03-15T01:50:30Z  436.005  87.204  168.383  9.94568E-16  SWARM-A  12.916  90.975
2022-03-15T01:51:00Z  435.991  86.107  -163.973  1.01411E-15  SWARM-A  14.768  92.913
2022-03-15T01:51:30Z  435.947  84.531  -150.301  1.03489E-15  SWARM-A  15.687  94.851
2022-03-15T01:52:00Z  435.873  82.784  -143.019  1.05681E-15  SWARM-A  16.181  96.789
2022-03-15T01:52:30Z  435.770  80.963  -138.658  1.07974E-15  SWARM-A  16.480  98.727
2022-03-15T01:53:00Z  435.638  79.107  -135.802  1.10352E-15  SWARM-A  16.679  100.664
2022-03-15T01:53:30Z  435.478  77.229  -133.809  1.12800E-15  SWARM-A  16.820  102.602
2022-03-15T01:54:00Z  435.292  75.339  -132.353  1.15302E-15  SWARM-A  16.926  104.540
2022-03-15T01:54:30Z  435.080  73.440  -131.252  1.17977E-15  SWARM-A  17.007  106.478
2022-03-15T01:55:00Z  434.844  71.535  -130.397  1.20654E-15  SWARM-A  17.073  108.415
2022-03-15T01:55:30Z  434.584  69.626  -129.719  1.23367E-15  SWARM-A  17.126  110.353
2022-03-15T01:56:00Z  434.304  67.712  -129.174  1.26076E-15  SWARM-A  17.171  112.291
2022-03-15T01:56:30Z  434.004  65.796  -128.730  1.28774E-15  SWARM-A  17.209  114.228
2022-03-15T01:57:00Z  433.686  63.878  -128.364  1.31448E-15  SWARM-A  17.242  116.166
2022-03-15T01:57:30Z  433.352  61.958  -128.062  1.34086E-15  SWARM-A  17.270  118.103
2022-03-15T01:58:00Z  433.005  60.035  -127.810  1.36671E-15  SWARM-A  17.295  120.040
2022-03-15T01:58:30Z  432.645  58.112  -127.599  1.39027E-15  SWARM-A  17.318  121.977
2022-03-15T01:59:00Z  432.277  56.187  -127.423  1.41315E-15  SWARM-A  17.338  123.915
2022-03-15T01:59:30Z  431.901  54.260  -127.275  1.43540E-15  SWARM-A  17.356  125.852
2022-03-15T02:00:00Z  431.521  52.332  -127.152  1.45704E-15  SWARM-A  17.372  127.789
2022-03-15T02:00:30Z  431.138  50.403  -127.049  1.47817E-15  SWARM-A  17.388  129.726
2022-03-15T02:01:00Z  430.756  48.473  -126.965  1.49877E-15  SWARM-A  17.402  131.662
2022-03-15T02:01:30Z  430.376  46.542  -126.895  1.51892E-15  SWARM-A  17.414  133.599
2022-03-15T02:02:00Z  430.002  44.610  -126.839  1.53869E-15  SWARM-A  17.427  135.536
2022-03-15T02:02:30Z  429.636  42.677  -126.795  1.55806E-15  SWARM-A  17.438  137.472
2022-03-15T02:03:00Z  429.280  40.742  -126.760  1.57702E-15  SWARM-A  17.448  139.409
2022-03-15T02:03:30Z  428.937  38.807  -126.735  1.59519E-15  SWARM-A  17.459  141.345
2022-03-15T02:04:00Z  428.610  36.872  -126.718  1.61267E-15  SWARM-A  17.468  143.281
2022-03-15T02:04:30Z  428.300  34.935  -126.708  1.62958E-15  SWARM-A  17.477  145.217
2022-03-15T02:05:00Z  428.010  32.997  -126.703  1.64583E-15  SWARM-A  17.486  147.153
2022-03-15T02:05:30Z  427.743  31.059  -126.705  1.66126E-15  SWARM-A  17.494  149.089
2022-03-15T02:06:00Z  427.500  29.120  -126.711  1.67574E-15  SWARM-A  17.502  151.024
2022-03-15T02:06:30Z  427.284  27.181  -126.722  1.68922E-15  SWARM-A  17.509  152.960
2022-03-15T02:07:00Z  427.097  25.240  -126.736  1.70151E-15  SWARM-A  17.517  154.895
2022-03-15T02:07:30Z  426.941  23.299  -126.755  1.71262E-15  SWARM-A  17.524  156.830
2022-03-15T02:08:00Z  426.817  21.358  -126.776  1.72243E-15  SWARM-A  17.531  158.765
2022-03-15T02:08:30Z  426.726  19.416  -126.800  1.73091E-15  SWARM-A  17.538  160.700
2022-03-15T02:09:00Z  426.672  17.474  -126.826  1.73805E-15  SWARM-A  17.544  162.635
2022-03-15T02:09:30Z  426.654  15.532  -126.854  1.74387E-15  SWARM-A  17.551  164.570
2022-03-15T02:10:00Z  426.674  13.589  -126.884  1.74844E-15  SWARM-A  17.557  166.504
2022-03-15T02:10:30Z  426.734  11.646  -126.916  1.75182E-15  SWARM-A  17.563  168.438
2022-03-15T02:11:00Z  426.833  9.702  -126.949  1.75408E-15  SWARM-A  17.569  170.372
2022-03-15T02:11:30Z  426.972  7.759  -126.983  1.75532E-15  SWARM-A  17.575  172.306
2022-03-15T02:12:00Z  427.153  5.815  -127.018  1.75562E-15  SWARM-A  17.581  174.240
2022-03-15T02:12:30Z  427.375  3.872  -127.053  1.75506E-15  SWARM-A  17.587  176.174
2022-03-15T02:13:00Z  427.637  1.928  -127.089  1.75371E-15  SWARM-A  17.593  178.107
2022-03-15T02:13:30Z  427.941  -0.015  -127.125  1.75161E-15  SWARM-A  17.599  180.040
2022-03-15T02:14:00Z  428.286  -1.958  -127.161  1.74878E-15  SWARM-A  17.605  181.973
2022-03-15T02:14:30Z  428.672  -3.901  -127.197  1.74524E-15  SWARM-A  17.611  183.906
2022-03-15T02:15:00Z  429.097  -5.843  -127.233  1.74090E-15  SWARM-A  17.617  185.839
2022-03-15T02:15:30Z  429.560  -7.786  -127.268  1.73569E-15  SWARM-A  17.623  187.771
2022-03-15T02:16:00Z  430.062  -9.727  -127.302  1.72958E-15  SWARM-A  17.629  189.703
2022-03-15T02:16:30Z  430.600  -11.669  -127.335  1.72239E-15  SWARM-A  17.635  191.635
2022-03-15T02:17:00Z  431.173  -13.609  -127.367  1.71406E-15  SWARM-A  17.641  193.567
2022-03-15T02:17:30Z  431.780  -15.550  -127.397  1.70447E-15  SWARM-A  17.648  195.499
2022-03-15T02:18:00Z  432.419  -17.489  -127.425  1.69344E-15  SWARM-A  17.654  197.430
2022-03-15T02:18:30Z  433.088  -19.428  -127.452  1.68094E-15  SWARM-A  17.661  199.362
2022-03-15T02:19:00Z  433.785  -21.366  -127.476  1.66691E-15  SWARM-A  17.668  201.293
2022-03-15T02:19:30Z  434.508  -23.303  -127.497  1.65123E-15  SWARM-A  17.674  203.224
2022-03-15T02:20:00Z  435.254  -25.239  -127.515  1.63387E-15  SWARM-A  17.682  205.155
2022-03-15T02:20:30Z  436.021  -27.175  -127.530  1.61503E-15  SWARM-A  17.689  207.085
2022-03-15T02:21:00Z  436.807  -29.109  -127.541  1.59478E-15  SWARM-A  17.696  209.015
2022-03-15T02:21:30Z  437.608  -31.043  -127.548  1.57325E-15  SWARM-A  17.704  210.946
2022-03-15T02:22:00Z  438.423  -32.975  -127.550  1.55054E-15  SWARM-A  17.713  212.876
2022-03-15T02:22:30Z  439.248  -34.907  -127.546  1.52682E-15  SWARM-A  17.721  214.805
2022-03-15T02:23:00Z  440.080  -36.837  -127.537  1.50226E-15  SWARM-A  17.730  216.735
2022-03-15T02:23:30Z  440.917  -38.766  -127.520  1.47710E-15  SWARM-A  17.740  218.665
2022-03-15T02:24:00Z  441.755  -40.694  -127.495  1.45150E-15  SWARM-A  17.750  220.594
2022-03-15T02:24:30Z  442.592  -42.621  -127.462  1.42560E-15  SWARM-A  17.760  222.523
2022-03-15T02:25:00Z  443.425  -44.547  -127.418  1.39959E-15  SWARM-A  17.771  224.452
2022-03-15T02:25:30Z  444.250  -46.471  -127.364  1.37361E-15  SWARM-A  17.783  226.381
2022-03-15T02:26:00Z  445.064  -48.394  -127.295  1.34771E-15  SWARM-A  17.796  228.310
2022-03-15T02:26:30Z  445.865  -50.316  -127.212  1.32203E-15  SWARM-A  17.810  230.238
2022-03-15T02:27:00Z  446.650  -52.237  -127.112  1.29661E-15  SWARM-A  17.825  232.167
2022-03-15T02:27:30Z  447.415  -54.156  -126.991  1.27146E-15  SWARM-A  17.842  234.095
2022-03-15T02:28:00Z  448.158  -56.074  -126.846  1.24657E-15  SWARM-A  17.860  236.023
2022-03-15T02:28:30Z  448.877  -57.990  -126.673  1.22193E-15  SWARM-A  17.879  237.951
2022-03-15T02:29:00Z  449.567  -59.905  -126.466  1.19751E-15  SWARM-A  17.902  239.879
2022-03-15T02:29:30Z  450.228  -61.818  -126.219  1.17331E-15  SWARM-A  17.926  241.807
2022-03-15T02:30:00Z  450.855  -63.728  -125.923  1.14914E-15  SWARM-A  17.954  243.734
2022-03-15T02:30:30Z  451.448  -65.637  -125.566  1.12463E-15  SWARM-A  17.987  245.662
2022-03-15T02:31:00Z  452.004  -67.544  -125.132  1.09991E-15  SWARM-A  18.024  247.589
2022-03-15T02:31:30Z  452.520  -69.447  -124.601  1.07531E-15  SWARM-A  18.068  249.517
2022-03-15T02:32:00Z  452.995  -71.347  -123.942  1.05089E-15  SWARM-A  18.120  251.444
2022-03-15T02:32:30Z  453.427  -73.242  -123.113  1.02679E-15  SWARM-A  18.183  253.372
2022-03-15T02:33:00Z  453.815  -75.132  -122.048  1.00310E-15  SWARM-A  18.263  255.299
2022-03-15T02:33:30Z  454.156  -77.013  -120.648  9.79916E-16  SWARM-A  18.364  257.226
2022-03-15T02:34:00Z  454.449  -78.882  -118.743  9.57363E-16  SWARM-A  18.500  259.153
2022-03-15T02:34:30Z  454.694  -80.731  -116.035  9.35505E-16  SWARM-A  18.689  261.080
2022-03-15T02:35:00Z  454.890  -82.547  -111.947  9.14364E-16  SWARM-A  18.969  263.007
2022-03-15T02:35:30Z  455.035  -84.298  -105.233  8.93947E-16  SWARM-A  19.425  264.934
2022-03-15T02:36:00Z  455.128  -85.900  -92.880  8.74515E-16  SWARM-A  20.257  266.861
2022-03-15T02:36:30Z  455.171  -87.095  -67.945  8.56347E-16  SWARM-A  21.928  268.788
2022-03-15T02:37:00Z  455.162  -87.280  -28.416  8.39318E-16  SWARM-A  0.572  270.715
2022-03-15T02:37:30Z  455.101  -86.301  1.538  8.22623E-16  SWARM-A  2.577  272.642
2022-03-15T02:38:00Z  454.989  -84.775  16.551  8.06681E-16  SWARM-A  3.586  274.569
2022-03-15T02:38:30Z  454.826  -83.053  24.435  7.91930E-16  SWARM-A  4.120  276.496
2022-03-15T02:39:00Z  454.612  -81.251  29.095  7.78633E-16  SWARM-A  4.439  278.424
2022-03-15T02:39:30Z  454.349  -79.409  32.117  7.66506E-16  SWARM-A  4.649  280.351
2022-03-15T02:40:00Z  454.036  -77.545  34.212  7.55470E-16  SWARM-A  4.797  282.278
2022-03-15T02:40:30Z  453.676  -75.666  35.734  7.45500E-16  SWARM-A  4.907  284.205
2022-03-15T02:41:00Z  453.269  -73.779  36.882  7.36527E-16  SWARM-A  4.991  286.133
2022-03-15T02:41:30Z  452.818  -71.885  37.770  7.28521E-16  SWARM-A  5.059  288.060
2022-03-15T02:42:00Z  452.323  -69.986  38.472  7.21330E-16  SWARM-A  5.114  289.988
2022-03-15T02:42:30Z  451.786  -68.083  39.036  7.14951E-16  SWARM-A  5.160  291.915
2022-03-15T02:43:00Z  451.210  -66.177  39.495  7.09255E-16  SWARM-A  5.199  293.843
2022-03-15T02:43:30Z  450.596  -64.269  39.872  7.04208E-16  SWARM-A  5.232  295.771
2022-03-15T02:44:00Z  449.947  -62.358  40.184  6.99699E-16  SWARM-A  5.262  297.699
2022-03-15T02:44:30Z  449.265  -60.446  40.445  6.95749E-16  SWARM-A  5.287  299.627
2022-03-15T02:45:00Z  448.553  -58.531  40.662  6.92266E-16  SWARM-A  5.310  301.555
2022-03-15T02:45:30Z  447.813  -56.615  40.844  6.89219E-16  SWARM-A  5.331  303.483
2022-03-15T02:46:00Z  447.048  -54.698  40.996  6.86586E-16  SWARM-A  5.349  305.412
2022-03-15T02:46:30Z  446.260  -52.778  41.123  6.84354E-16  SWARM-A  5.366  307.340
2022-03-15T02:47:00Z  445.453  -50.858  41.230  6.82451E-16  SWARM-A  5.381  309.269
2022-03-15T02:47:30Z  444.629  -48.936  41.317  6.80582E-16  SWARM-A  5.395  311.198
2022-03-15T02:48:00Z  443.791  -47.013  41.390  6.79103E-16  SWARM-A  5.409  313.127
2022-03-15T02:48:30Z  442.943  -45.088  41.448  6.78057E-16  SWARM-A  5.421  315.056
2022-03-15T02:49:00Z  442.087  -43.162  41.495  6.77411E-16  SWARM-A  5.432  316.985
2022-03-15T02:49:30Z  441.227  -41.235  41.531  6.77187E-16  SWARM-A  5.443  318.915
2022-03-15T02:50:00Z  440.365  -39.307  41.558  6.77335E-16  SWARM-A  5.453  320.845
2022-03-15T02:50:30Z  439.504  -37.378  41.577  6.77787E-16  SWARM-A  5.463  322.775
2022-03-15T02:51:00Z  438.648  -35.447  41.588  6.78645E-16  SWARM-A  5.472  324.705
2022-03-15T02:51:30Z  437.799  -33.516  41.593  6.79914E-16  SWARM-A  5.481  326.635
2022-03-15T02:52:00Z  436.961  -31.583  41.593  6.81541E-16  SWARM-A  5.489  328.565
2022-03-15T02:52:30Z  436.136  -29.649  41.588  6.83509E-16  SWARM-A  5.497  330.496
2022-03-15T02:53:00Z  435.328  -27.715  41.578  6.85762E-16  SWARM-A  5.505  332.427
2022-03-15T02:53:30Z  434.538  -25.779  41.564  6.88265E-16  SWARM-A  5.512  334.358
2022-03-15T02:54:00Z  433.769  -23.842  41.547  6.90996E-16  SWARM-A  5.519  336.289
2022-03-15T02:54:30Z  433.024  -21.905  41.526  6.93866E-16  SWARM-A  5.526  338.221
2022-03-15T02:55:00Z  432.306  -19.966  41.503  6.96846E-16  SWARM-A  5.533  340.152
2022-03-15T02:55:30Z  431.616  -18.027  41.477  6.99896E-16  SWARM-A  5.539  342.084
2022-03-15T02:56:00Z  430.957  -16.087  41.449  7.02986E-16  SWARM-A  5.546  344.016
2022-03-15T02:56:30Z  430.330  -14.147  41.420  7.06055E-16  SWARM-A  5.552  345.948
2022-03-15T02:57:00Z  429.738  -12.206  41.388  7.09078E-16  SWARM-A  5.559  347.881
2022-03-15T02:57:30Z  429.182  -10.264  41.356  7.12068E-16  SWARM-A  5.565  349.813
2022-03-15T02:58:00Z  428.663  -8.322  41.322  7.14949E-16  SWARM-A  5.571  351.746
2022-03-15T02:58:30Z  428.183  -6.379  41.287  7.17762E-16  SWARM-A  5.577  353.679
2022-03-15T02:59:00Z  427.743  -4.436  41.252  7.20483E-16  SWARM-A  5.583  355.612
2022-03-15T02:59:30Z  427.344  -2.493  41.216  7.23148E-16  SWARM-A  5.589  357.546
2022-03-15T03:00:00Z  426.986  -0.549  41.180  7.25326E-16  SWARM-A  5.595  359.479
2022-03-15T03:00:30Z  426.670  1.395  41.144  7.27854E-16  SWARM-A  5.601  1.413
2022-03-15T03:01:00Z  426.397  3.339  41.108  7.30357E-16  SWARM-A  5.607  3.347
2022-03-15T03:01:30Z  426.166  5.283  41.072  7.32862E-16  SWARM-A  5.613  5.281
2022-03-15T03:02:00Z  425.978  7.227  41.037  7.35424E-16  SWARM-A  5.619  7.215
2022-03-15T03:02:30Z  425.831  9.171  41.003  7.38064E-16  SWARM-A  5.625  9.150
2022-03-15T03:03:00Z  425.727  11.115  40.970  7.40805E-16  SWARM-A  5.631  11.084
2022-03-15T03:03:30Z  425.663  13.059  40.938  7.43682E-16  SWARM-A  5.637  13.019
2022-03-15T03:04:00Z  425.640  15.002  40.907  7.46680E-16  SWARM-A  5.643  14.954
2022-03-15T03:04:30Z  425.656  16.945  40.878  7.49909E-16  SWARM-A  5.650  16.889
2022-03-15T03:05:00Z  425.710  18.888  40.851  7.53296E-16  SWARM-A  5.656  18.824
2022-03-15T03:05:30Z  425.801  20.831  40.827  7.56874E-16  SWARM-A  5.663  20.760
2022-03-15T03:06:00Z  425.927  22.773  40.805  7.60661E-16  SWARM-A  5.670  22.695
2022-03-15T03:06:30Z  426.088  24.714  40.786  7.64651E-16  SWARM-A  5.677  24.631
2022-03-15T03:07:00Z  426.280  26.655  40.771  7.68856E-16  SWARM-A  5.684  26.567
2022-03-15T03:07:30Z  426.503  28.596  40.759  7.73263E-16  SWARM-A  5.692  28.503
2022-03-15T03:08:00Z  426.753  30.535  40.751  7.77894E-16  SWARM-A  5.699  30.439
2022-03-15T03:08:30Z  427.030  32.474  40.748  7.82722E-16  SWARM-A  5.708  32.375
2022-03-15T03:09:00Z  427.331  34.413  40.751  7.87792E-16  SWARM-A  5.716  34.312
2022-03-15T03:09:30Z  427.653  36.350  40.759  7.93021E-16  SWARM-A  5.725  36.248
2022-03-15T03:10:00Z  427.994  38.287  40.775  7.98519E-16  SWARM-A  5.734  38.185
2022-03-15T03:10:30Z  428.353  40.222  40.798  8.04200E-16  SWARM-A  5.744  40.121
2022-03-15T03:11:00Z  428.725  42.157  40.830  8.10114E-16  SWARM-A  5.755  42.058
2022-03-15T03:11:30Z  429.110  44.091  40.871  8.16278E-16  SWARM-A  5.766  43.995
2022-03-15T03:12:00Z  429.503  46.024  40.924  8.22713E-16  SWARM-A  5.778  45.932
2022-03-15T03:12:30Z  429.904  47.956  40.990  8.29432E-16  SWARM-A  5.790  47.869
2022-03-15T03:13:00Z  430.309  49.887  41.070  8.36493E-16  SWARM-A  5.804  49.807
2022-03-15T03:13:30Z  430.715  51.816  41.167  8.43899E-16  SWARM-A  5.819  51.744
2022-03-15T03:14:00Z  431.121  53.745  41.285  8.51557E-16  SWARM-A  5.835  53.681
2022-03-15T03:14:30Z  431.523  55.672  41.425  8.59590E-16  SWARM-A  5.853  55.619
2022-03-15T03:15:00Z  431.920  57.598  41.593  8.67993E-16  SWARM-A  5.872  57.556
2022-03-15T03:15:30Z  432.309  59.523  41.794  8.76758E-16  SWARM-A  5.894  59.494
2022-03-15T03:16:00Z  432.687  61.446  42.034  8.85876E-16  SWARM-A  5.918  61.431
2022-03-15T03:16:30Z  433.053  63.367  42.322  8.95349E-16  SWARM-A  5.946  63.369
2022-03-15T03:17:00Z  433.404  65.286  42.670  9.05121E-16  SWARM-A  5.977  65.307
2022-03-15T03:17:30Z  433.739  67.203  43.091  9.15321E-16  SWARM-A  6.014  67.245
2022-03-15T03:18:00Z  434.055  69.117  43.606  9.25954E-16  SWARM-A  6.057  69.182
2022-03-15T03:18:30Z  434.350  71.028  44.245  9.37162E-16  SWARM-A  6.107  71.120
2022-03-15T03:19:00Z  434.623  72.935  45.047  9.48942E-16  SWARM-A  6.169  73.058
2022-03-15T03:19:30Z  434.873  74.836  46.074  9.61254E-16  SWARM-A  6.246  74.996
2022-03-15T03:20:00Z  435.098  76.729  47.421  9.74111E-16  SWARM-A  6.344  76.934
2022-03-15T03:20:30Z  435.297  78.611  49.247  9.87449E-16  SWARM-A  6.474  78.872
2022-03-15T03:21:00Z  435.468  80.474  51.828  1.00123E-15  SWARM-A  6.655  80.810
2022-03-15T03:21:30Z  435.612  82.306  55.696  1.01553E-15  SWARM-A  6.921  82.748
2022-03-15T03:22:00Z  435.726  84.079  61.985  1.03032E-15  SWARM-A  7.348  84.686
2022-03-15T03:22:30Z  435.811  85.718  73.412  1.04582E-15  SWARM-A  8.119  86.624
2022-03-15T03:23:00Z  435.866  86.994  96.487  1.06211E-15  SWARM-A  9.665  88.562
2022-03-15T03:23:30Z  435.891  87.327  135.474  1.07872E-15  SWARM-A  12.273  90.500
2022-03-15T03:24:00Z  435.885  86.441  167.552  1.09525E-15  SWARM-A  14.420  92.438
2022-03-15T03:24:30Z  435.850  84.940  -176.206  1.11273E-15  SWARM-A  15.511  94.376
2022-03-15T03:25:00Z  435.784  83.221  -167.809  1.13135E-15  SWARM-A  16.079  96.314
2022-03-15T03:25:30Z  435.689  81.414  -162.912  1.15103E-15  SWARM-A  16.414  98.252
2022-03-15T03:26:00Z  435.566  79.565  -159.766  1.17176E-15  SWARM-A  16.632  100.190
2022-03-15T03:26:30Z  435.415  77.691  -157.601  1.19345E-15  SWARM-A  16.784  102.127
2022-03-15T03:27:00Z  435.236  75.804  -156.035  1.21609E-15  SWARM-A  16.897  104.065
2022-03-15T03:27:30Z  435.032  73.906  -154.859  1.23955E-15  SWARM-A  16.984  106.003
2022-03-15T03:28:00Z  434.803  72.003  -153.951  1.26377E-15  SWARM-A  17.053  107.941
2022-03-15T03:28:30Z  434.551  70.094  -153.236  1.28859E-15  SWARM-A  17.109  109.878
2022-03-15T03:29:00Z  434.278  68.182  -152.662  1.31377E-15  SWARM-A  17.155  111.816
2022-03-15T03:29:30Z  433.984  66.266  -152.195  1.33893E-15  SWARM-A  17.195  113.754
2022-03-15T03:30:00Z  433.672  64.348  -151.813  1.36383E-15  SWARM-A  17.229  115.691
2022-03-15T03:30:30Z  433.344  62.428  -151.496  1.38817E-15  SWARM-A  17.258  117.629
2022-03-15T03:31:00Z  433.002  60.506  -151.233  1.41184E-15  SWARM-A  17.284  119.566
2022-03-15T03:31:30Z  432.647  58.583  -151.013  1.43479E-15  SWARM-A  17.307  121.503
2022-03-15T03:32:00Z  432.283  56.658  -150.829  1.45701E-15  SWARM-A  17.328  123.440
2022-03-15T03:32:30Z  431.911  54.732  -150.675  1.47863E-15  SWARM-A  17.346  125.378
2022-03-15T03:33:00Z  431.534  52.804  -150.546  1.49970E-15  SWARM-A  17.363  127.315
2022-03-15T03:33:30Z  431.154  50.875  -150.439  1.52033E-15  SWARM-A  17.379  129.252
2022-03-15T03:34:00Z  430.773  48.946  -150.350  1.54061E-15  SWARM-A  17.393  131.189
2022-03-15T03:34:30Z  430.395  47.015  -150.277  1.56056E-15  SWARM-A  17.406  133.125
2022-03-15T03:35:00Z  430.022  45.083  -150.218  1.58022E-15  SWARM-A  17.418  135.062
2022-03-15T03:35:30Z  429.655  43.150  -150.171  1.59966E-15  SWARM-A  17.430  136.999
2022-03-15T03:36:00Z  429.299  41.216  -150.134  1.61871E-15  SWARM-A  17.441  138.935
2022-03-15T03:36:30Z  428.955  39.281  -150.107  1.63741E-15  SWARM-A  17.451  140.871
2022-03-15T03:37:00Z  428.626  37.345  -150.088  1.65579E-15  SWARM-A  17.460  142.808
2022-03-15T03:37:30Z  428.313  35.409  -150.076  1.67360E-15  SWARM-A  17.469  144.744
2022-03-15T03:38:00Z  428.021  33.471  -150.071  1.69030E-15  SWARM-A  17.478  146.680
2022-03-15T03:38:30Z  427.750  31.533  -150.071  1.70626E-15  SWARM-A  17.486  148.615
2022-03-15T03:39:00Z  427.504  29.594  -150.076  1.72140E-15  SWARM-A  17.494  150.551
2022-03-15T03:39:30Z  427.283  27.655  -150.086  1.73549E-15  SWARM-A  17.502  152.487
2022-03-15T03:40:00Z  427.091  25.715  -150.100  1.74849E-15  SWARM-A  17.510  154.422
2022-03-15T03:40:30Z  426.929  23.774  -150.117  1.76024E-15  SWARM-A  17.517  156.357
2022-03-15T03:41:00Z  426.799  21.833  -150.137  1.77060E-15  SWARM-A  17.524  158.292
2022-03-15T03:41:30Z  426.702  19.891  -150.161  1.77952E-15  SWARM-A  17.530  160.227
2022-03-15T03:42:00Z  426.641  17.949  -150.186  1.78691E-15  SWARM-A  17.537  162.162
2022-03-15T03:42:30Z  426.616  16.006  -150.214  1.79265E-15  SWARM-A  17.544  164.097
2022-03-15T03:43:00Z  426.629  14.064  -150.244  1.79716E-15  SWARM-A  17.550  166.031
2022-03-15T03:43:30Z  426.680  12.120  -150.275  1.80049E-15  SWARM-A  17.556  167.966
2022-03-15T03:44:00Z  426.771  10.177  -150.308  1.80265E-15  SWARM-A  17.562  169.900
2022-03-15T03:44:30Z  426.902  8.234  -150.342  1.80443E-15  SWARM-A  17.568  171.834
2022-03-15T03:45:00Z  427.074  6.290  -150.377  1.80508E-15  SWARM-A  17.574  173.768
2022-03-15T03:45:30Z  427.286  4.347  -150.412  1.80484E-15  SWARM-A  17.580  175.701
2022-03-15T03:46:00Z  427.540  2.403  -150.448  1.80376E-15  SWARM-A  17.586  177.635
2022-03-15T03:46:30Z  427.836  0.460  -150.484  1.80195E-15  SWARM-A  17.592  179.568
2022-03-15T03:47:00Z  428.172  -1.483  -150.520  1.79937E-15  SWARM-A  17.598  181.501
2022-03-15T03:47:30Z  428.548  -3.426  -150.556  1.79616E-15  SWARM-A  17.604  183.434
2022-03-15T03:48:00Z  428.964  -5.369  -150.592  1.79229E-15  SWARM-A  17.610  185.367
2022-03-15T03:48:30Z  429.420  -7.311  -150.627  1.78776E-15  SWARM-A  17.616  187.299
2022-03-15T03:49:00Z  429.913  -9.253  -150.661  1.78247E-15  SWARM-A  17.622  189.231
2022-03-15T03:49:30Z  430.443  -11.195  -150.695  1.77632E-15  SWARM-A  17.628  191.164
2022-03-15T03:50:00Z  431.009  -13.135  -150.727  1.76917E-15  SWARM-A  17.634  193.095
2022-03-15T03:50:30Z  431.609  -15.076  -150.758  1.76090E-15  SWARM-A  17.641  195.027
2022-03-15T03:51:00Z  432.241  -17.015  -150.787  1.75126E-15  SWARM-A  17.647  196.959
2022-03-15T03:51:30Z  432.904  -18.954  -150.814  1.74024E-15  SWARM-A  17.654  198.890
2022-03-15T03:52:00Z  433.595  -20.893  -150.838  1.72753E-15  SWARM-A  17.660  200.821
2022-03-15T03:52:30Z  434.312  -22.830  -150.860  1.71306E-15  SWARM-A  17.667  202.752
2022-03-15T03:53:00Z  435.054  -24.766  -150.880  1.69682E-15  SWARM-A  17.674  204.683
2022-03-15T03:53:30Z  435.817  -26.702  -150.895  1.67879E-15  SWARM-A  17.682  206.614
2022-03-15T03:54:00Z  436.599  -28.637  -150.908  1.65902E-15  SWARM-A  17.689  208.544
2022-03-15T03:54:30Z  437.398  -30.571  -150.915  1.63755E-15  SWARM-A  17.697  210.474
2022-03-15T03:55:00Z  438.210  -32.503  -150.919  1.61410E-15  SWARM-A  17.705  212.404
2022-03-15T03:55:30Z  439.034  -34.435  -150.916  1.58871E-15  SWARM-A  17.713  214.334
2022-03-15T03:56:00Z  439.865  -36.366  -150.908  1.56215E-15  SWARM-A  17.722  216.264
2022-03-15T03:56:30Z  440.702  -38.295  -150.894  1.53456E-15  SWARM-A  17.732  218.193
2022-03-15T03:57:00Z  441.541  -40.223  -150.871  1.50621E-15  SWARM-A  17.741  220.123
2022-03-15T03:57:30Z  442.379  -42.151  -150.840  1.47732E-15  SWARM-A  17.752  222.052
2022-03-15T03:58:00Z  443.214  -44.077  -150.799  1.44811E-15  SWARM-A  17.763  223.981
2022-03-15T03:58:30Z  444.041  -46.001  -150.747  1.41872E-15  SWARM-A  17.775  225.910
2022-03-15T03:59:00Z  444.859  -47.925  -150.683  1.38935E-15  SWARM-A  17.787  227.839
2022-03-15T03:59:30Z  445.664  -49.847  -150.604  1.36016E-15  SWARM-A  17.801  229.767
2022-03-15T04:00:00Z  446.454  -51.768  -150.508  1.33117E-15  SWARM-A  17.816  231.696
2022-03-15T04:00:30Z  447.225  -53.688  -150.392  1.30236E-15  SWARM-A  17.832  233.624
2022-03-15T04:01:00Z  447.974  -55.606  -150.254  1.27369E-15  SWARM-A  17.849  235.552
2022-03-15T04:01:30Z  448.699  -57.522  -150.088  1.24496E-15  SWARM-A  17.869  237.480
2022-03-15T04:02:00Z  449.397  -59.437  -149.891  1.21601E-15  SWARM-A  17.890  239.408
2022-03-15T04:02:30Z  450.065  -61.351  -149.655  1.18681E-15  SWARM-A  17.914  241.336
2022-03-15T04:03:00Z  450.702  -63.262  -149.371  1.15751E-15  SWARM-A  17.941  243.264
2022-03-15T04:03:30Z  451.304  -65.171  -149.031  1.12852E-15  SWARM-A  17.973  245.191
2022-03-15T04:04:00Z  451.869  -67.078  -148.618  1.10018E-15  SWARM-A  18.008  247.119
2022-03-15T04:04:30Z  452.396  -68.983  -148.113  1.07275E-15  SWARM-A  18.050  249.046
2022-03-15T04:05:00Z  452.882  -70.884  -147.489  1.04619E-15  SWARM-A  18.100  250.974
2022-03-15T04:05:30Z  453.325  -72.780  -146.707  1.02039E-15  SWARM-A  18.161  252.901
2022-03-15T04:06:00Z  453.724  -74.671  -145.708  9.95155E-16  SWARM-A  18.236  254.828
2022-03-15T04:06:30Z  454.077  -76.555  -144.403  9.70301E-16  SWARM-A  18.331  256.755
2022-03-15T04:07:00Z  454.383  -78.427  -142.644  9.45762E-16  SWARM-A  18.457  258.682
2022-03-15T04:07:30Z  454.641  -80.282  -140.172  9.21595E-16  SWARM-A  18.630  260.609
2022-03-15T04:08:00Z  454.849  -82.109  -136.502  8.97885E-16  SWARM-A  18.883  262.537
2022-03-15T04:08:30Z  455.007  -83.881  -130.612  8.74817E-16  SWARM-A  19.284  264.464
2022-03-15T04:09:00Z  455.114  -85.533  -120.094  8.52615E-16  SWARM-A  19.993  266.391
2022-03-15T04:09:30Z  455.170  -86.870  -99.083  8.31540E-16  SWARM-A  21.402  268.318
2022-03-15T04:10:00Z  455.174  -87.361  -61.623  8.11937E-16  SWARM-A  23.908  270.245
2022-03-15T04:10:30Z  455.126  -86.614  -27.424  7.92832E-16  SWARM-A  2.196  272.172
2022-03-15T04:11:00Z  455.027  -85.174  -9.573  7.74417E-16  SWARM-A  3.395  274.099
2022-03-15T04:11:30Z  454.877  -83.484  -0.454  7.57075E-16  SWARM-A  4.011  276.026
2022-03-15T04:12:00Z  454.676  -81.697  4.791  7.40933E-16  SWARM-A  4.369  277.953
2022-03-15T04:12:30Z  454.425  -79.862  8.126  7.25982E-16  SWARM-A  4.600  279.880
2022-03-15T04:13:00Z  454.125  -78.002  10.403  7.12123E-16  SWARM-A  4.760  281.807
2022-03-15T04:13:30Z  453.777  -76.126  12.042  6.99297E-16  SWARM-A  4.877  283.734
2022-03-15T04:14:00Z  453.382  -74.241  13.267  6.87577E-16  SWARM-A  4.967  285.662
2022-03-15T04:14:30Z  452.942  -72.348  14.210  6.76852E-16  SWARM-A  5.039  287.589
2022-03-15T04:15:00Z  452.458  -70.450  14.952  6.67143E-16  SWARM-A  5.096  289.517
2022-03-15T04:15:30Z  451.931  -68.548  15.546  6.58377E-16  SWARM-A  5.144  291.444
2022-03-15T04:16:00Z  451.365  -66.643  16.028  6.50543E-16  SWARM-A  5.185  293.372
2022-03-15T04:16:30Z  450.761  -64.736  16.423  6.43580E-16  SWARM-A  5.219  295.300
2022-03-15T04:17:00Z  450.121  -62.825  16.749  6.37453E-16  SWARM-A  5.250  297.228
2022-03-15T04:17:30Z  449.447  -60.913  17.021  6.32065E-16  SWARM-A  5.276  299.156
2022-03-15T04:18:00Z  448.742  -58.999  17.248  6.27394E-16  SWARM-A  5.299  301.084
2022-03-15T04:18:30Z  448.009  -57.084  17.437  6.23436E-16  SWARM-A  5.320  303.012
2022-03-15T04:19:00Z  447.250  -55.166  17.596  6.20047E-16  SWARM-A  5.339  304.940
2022-03-15T04:19:30Z  446.468  -53.248  17.729  6.17183E-16  SWARM-A  5.357  306.869
2022-03-15T04:20:00Z  445.666  -51.327  17.840  6.14838E-16  SWARM-A  5.372  308.798
2022-03-15T04:20:30Z  444.846  -49.406  17.932  6.13008E-16  SWARM-A  5.387  310.726
2022-03-15T04:21:00Z  444.012  -47.483  18.008  6.11728E-16  SWARM-A  5.400  312.655
2022-03-15T04:21:30Z  443.167  -45.559  18.069  6.10990E-16  SWARM-A  5.413  314.585
2022-03-15T04:22:00Z  442.313  -43.633  18.118  6.10933E-16  SWARM-A  5.424  316.514
2022-03-15T04:22:30Z  441.454  -41.707  18.157  6.11479E-16  SWARM-A  5.435  318.443
2022-03-15T04:23:00Z  440.593  -39.779  18.186  6.12687E-16  SWARM-A  5.445  320.373
2022-03-15T04:23:30Z  439.732  -37.850  18.207  6.14554E-16  SWARM-A  5.455  322.303
2022-03-15T04:24:00Z  438.875  -35.919  18.220  6.17122E-16  SWARM-A  5.464  324.233
2022-03-15T04:24:30Z  438.025  -33.988  18.227  6.20344E-16  SWARM-A  5.473  326.163
2022-03-15T04:25:00Z  437.185  -32.056  18.227  6.23789E-16  SWARM-A  5.481  328.094
2022-03-15T04:25:30Z  436.357  -30.122  18.223  6.27865E-16  SWARM-A  5.490  330.024
2022-03-15T04:26:00Z  435.544  -28.188  18.214  6.32578E-16  SWARM-A  5.497  331.955
2022-03-15T04:26:30Z  434.750  -26.252  18.201  6.37939E-16  SWARM-A  5.505  333.886
2022-03-15T04:27:00Z  433.976  -24.316  18.185  6.43790E-16  SWARM-A  5.512  335.817
2022-03-15T04:27:30Z  433.225  -22.379  18.165  6.50127E-16  SWARM-A  5.519  337.748
2022-03-15T04:28:00Z  432.500  -20.440  18.142  6.57037E-16  SWARM-A  5.526  339.680
2022-03-15T04:28:30Z  431.802  -18.502  18.117  6.64264E-16  SWARM-A  5.532  341.612
2022-03-15T04:29:00Z  431.135  -16.562  18.089  6.71829E-16  SWARM-A  5.539  343.544
2022-03-15T04:29:30Z  430.500  -14.622  18.060  6.79612E-16  SWARM-A  5.545  345.476
2022-03-15T04:30:00Z  429.898  -12.681  18.029  6.87416E-16  SWARM-A  5.552  347.408
2022-03-15T04:30:30Z  429.332  -10.739  17.997  6.95235E-16  SWARM-A  5.558  349.341
2022-03-15T04:31:00Z  428.802  -8.797  17.963  7.03159E-16  SWARM-A  5.564  351.273
2022-03-15T04:31:30Z  428.312  -6.854  17.928  7.11299E-16  SWARM-A  5.570  353.206
2022-03-15T04:32:00Z  427.860  -4.911  17.893  7.19330E-16  SWARM-A  5.576  355.140
2022-03-15T04:32:30Z  427.449  -2.968  17.857  7.27218E-16  SWARM-A  5.582  357.073
2022-03-15T04:33:00Z  427.080  -1.024  17.821  7.34914E-16  SWARM-A  5.588  359.006
2022-03-15T04:33:30Z  426.752  0.919  17.785  7.42395E-16  SWARM-A  5.594  0.940
2022-03-15T04:34:00Z  426.467  2.863  17.749  7.49661E-16  SWARM-A  5.600  2.874
2022-03-15T04:34:30Z  426.224  4.807  17.713  7.56699E-16  SWARM-A  5.606  4.808
2022-03-15T04:35:00Z  426.023  6.752  17.678  7.63491E-16  SWARM-A  5.612  6.742
2022-03-15T04:35:30Z  425.865  8.696  17.644  7.70000E-16  SWARM-A  5.618  8.677
2022-03-15T04:36:00Z  425.748  10.640  17.610  7.76198E-16  SWARM-A  5.624  10.611
2022-03-15T04:36:30Z  425.673  12.583  17.578  7.82108E-16  SWARM-A  5.630  12.546
2022-03-15T04:37:00Z  425.638  14.527  17.547  7.87492E-16  SWARM-A  5.636  14.481
2022-03-15T04:37:30Z  425.643  16.470  17.517  7.92097E-16  SWARM-A  5.643  16.416
2022-03-15T04:38:00Z  425.686  18.413  17.490  7.96377E-16  SWARM-A  5.649  18.351
2022-03-15T04:38:30Z  425.767  20.356  17.465  8.00328E-16  SWARM-A  5.656  20.287
2022-03-15T04:39:00Z  425.883  22.298  17.442  8.03928E-16  SWARM-A  5.662  22.222
2022-03-15T04:39:30Z  426.034  24.240  17.422  8.07159E-16  SWARM-A  5.670  24.158
2022-03-15T04:40:00Z  426.217  26.181  17.406  8.10059E-16  SWARM-A  5.677  26.094
2022-03-15T04:40:30Z  426.431  28.121  17.393  8.12635E-16  SWARM-A  5.684  28.030
2022-03-15T04:41:00Z  426.673  30.061  17.384  8.14946E-16  SWARM-A  5.692  29.966
2022-03-15T04:41:30Z  426.942  32.000  17.380  8.17018E-16  SWARM-A  5.700  31.902
2022-03-15T04:42:00Z  427.236  33.939  17.381  8.18957E-16  SWARM-A  5.708  33.838
2022-03-15T04:42:30Z  427.552  35.877  17.388  8.20798E-16  SWARM-A  5.717  35.775
2022-03-15T04:43:00Z  427.887  37.813  17.402  8.22642E-16  SWARM-A  5.726  37.711
2022-03-15T04:43:30Z  428.241  39.749  17.423  8.24570E-16  SWARM-A  5.736  39.648
2022-03-15T04:44:00Z  428.609  41.684  17.452  8.26631E-16  SWARM-A  5.747  41.585
2022-03-15T04:44:30Z  428.989  43.619  17.491  8.28932E-16  SWARM-A  5.757  43.522
2022-03-15T04:45:00Z  429.380  45.552  17.541  8.31567E-16  SWARM-A  5.769  45.459
2022-03-15T04:45:30Z  429.777  47.484  17.603  8.34588E-16  SWARM-A  5.782  47.396
2022-03-15T04:46:00Z  430.180  49.415  17.680  8.38089E-16  SWARM-A  5.795  49.333
2022-03-15T04:46:30Z  430.585  51.345  17.773  8.41880E-16  SWARM-A  5.810  51.270
2022-03-15T04:47:00Z  430.990  53.274  17.885  8.46232E-16  SWARM-A  5.825  53.208
2022-03-15T04:47:30Z  431.392  55.201  18.019  8.51211E-16  SWARM-A  5.843  55.145
2022-03-15T04:48:00Z  431.789  57.128  18.180  8.56844E-16  SWARM-A  5.862  57.083
2022-03-15T04:48:30Z  432.178  59.053  18.372  8.63165E-16  SWARM-A  5.883  59.020
2022-03-15T04:49:00Z  432.558  60.976  18.602  8.70070E-16  SWARM-A  5.906  60.958
2022-03-15T04:49:30Z  432.926  62.898  18.877  8.77601E-16  SWARM-A  5.933  62.896
2022-03-15T04:50:00Z  433.280  64.818  19.208  8.85810E-16  SWARM-A  5.964  64.833
2022-03-15T04:50:30Z  433.617  66.735  19.609  8.94752E-16  SWARM-A  5.999  66.771
2022-03-15T04:51:00Z  433.936  68.650  20.099  9.04476E-16  SWARM-A  6.040  68.709
2022-03-15T04:51:30Z  434.236  70.562  20.704  9.14990E-16  SWARM-A  6.088  70.647
2022-03-15T04:52:00Z  434.513  72.470  21.461  9.26243E-16  SWARM-A  6.147  72.585
2022-03-15T04:52:30Z  434.768  74.372  22.425  9.38144E-16  SWARM-A  6.220  74.523
2022-03-15T04:53:00Z  434.997  76.268  23.682  9.50648E-16  SWARM-A  6.312  76.461
2022-03-15T04:53:30Z  435.201  78.153  25.371  9.63693E-16  SWARM-A  6.433  78.399
2022-03-15T04:54:00Z  435.378  80.022  27.730  9.77285E-16  SWARM-A  6.598  80.337
2022-03-15T04:54:30Z  435.527  81.863  31.210  9.91514E-16  SWARM-A  6.839  82.275
2022-03-15T04:55:00Z  435.647  83.655  36.742  1.00641E-15  SWARM-A  7.216  84.213
2022-03-15T04:55:30Z  435.737  85.338  46.502  1.02223E-15  SWARM-A  7.875  86.151
2022-03-15T04:56:00Z  435.798  86.742  65.877  1.03919E-15  SWARM-A  9.175  88.089
2022-03-15T04:56:30Z  435.829  87.371  102.002  1.05706E-15  SWARM-A  11.592  90.027
2022-03-15T04:57:00Z  435.829  86.740  138.106  1.07518E-15  SWARM-A  14.007  91.965
2022-03-15T04:57:30Z  435.800  85.336  157.461  1.09445E-15  SWARM-A  15.305  93.903
2022-03-15T04:58:00Z  435.740  83.653  167.212  1.11520E-15  SWARM-A  15.964  95.841
2022-03-15T04:58:30Z  435.651  81.861  172.740  1.13741E-15  SWARM-A  16.341  97.779
2022-03-15T04:59:00Z  435.533  80.019  176.218  1.16093E-15  SWARM-A  16.581  99.717
2022-03-15T04:59:30Z  435.388  78.150  178.576  1.18561E-15  SWARM-A  16.746  101.655
2022-03-15T05:00:00Z  435.215  76.265  -179.736  1.21134E-15  SWARM-A  16.867  103.592
2022-03-15T05:00:30Z  435.016  74.370  -178.480  1.23806E-15  SWARM-A  16.959  105.530
2022-03-15T05:01:00Z  434.792  72.468  -177.516  1.26555E-15  SWARM-A  17.032  107.468
2022-03-15T05:01:30Z  434.544  70.560  -176.759  1.29382E-15  SWARM-A  17.091  109.406
2022-03-15T05:02:00Z  434.275  68.649  -176.155  1.32505E-15  SWARM-A  17.139  111.343
2022-03-15T05:02:30Z  433.985  66.734  -175.665  1.35710E-15  SWARM-A  17.180  113.281
2022-03-15T05:03:00Z  433.676  64.816  -175.264  1.38861E-15  SWARM-A  17.216  115.219
2022-03-15T05:03:30Z  433.352  62.897  -174.933  1.41837E-15  SWARM-A  17.246  117.156
2022-03-15T05:04:00Z  433.012  60.975  -174.657  1.44691E-15  SWARM-A  17.273  119.094
2022-03-15T05:04:30Z  432.660  59.052  -174.428  1.47460E-15  SWARM-A  17.296  121.031
2022-03-15T05:05:00Z  432.297  57.128  -174.236  1.50143E-15  SWARM-A  17.317  122.968
2022-03-15T05:05:30Z  431.927  55.202  -174.075  1.52555E-15  SWARM-A  17.336  124.905
2022-03-15T05:06:00Z  431.550  53.274  -173.941  1.54657E-15  SWARM-A  17.354  126.843
2022-03-15T05:06:30Z  431.171  51.346  -173.829  1.56685E-15  SWARM-A  17.370  128.780
2022-03-15T05:07:00Z  430.791  49.416  -173.736  1.58638E-15  SWARM-A  17.384  130.717
2022-03-15T05:07:30Z  430.412  47.485  -173.659  1.60581E-15  SWARM-A  17.397  132.653
2022-03-15T05:08:00Z  430.037  45.554  -173.597  1.62760E-15  SWARM-A  17.410  134.590
2022-03-15T05:08:30Z  429.670  43.621  -173.547  1.64893E-15  SWARM-A  17.422  136.527
2022-03-15T05:09:00Z  429.311  41.687  -173.509  1.66984E-15  SWARM-A  17.433  138.463
2022-03-15T05:09:30Z  428.964  39.752  -173.479  1.69026E-15  SWARM-A  17.443  140.400
2022-03-15T05:10:00Z  428.632  37.817  -173.458  1.70758E-15  SWARM-A  17.453  142.336
2022-03-15T05:10:30Z  428.316  35.880  -173.445  1.72299E-15  SWARM-A  17.462  144.272
2022-03-15T05:11:00Z  428.019  33.943  -173.438  1.73793E-15  SWARM-A  17.471  146.208
2022-03-15T05:11:30Z  427.744  32.005  -173.437  1.75234E-15  SWARM-A  17.479  148.144
2022-03-15T05:12:00Z  427.492  30.067  -173.441  1.76613E-15  SWARM-A  17.487  150.080
2022-03-15T05:12:30Z  427.266  28.127  -173.450  1.77807E-15  SWARM-A  17.495  152.015
2022-03-15T05:13:00Z  427.068  26.187  -173.462  1.78892E-15  SWARM-A  17.502  153.951
2022-03-15T05:13:30Z  426.899  24.247  -173.479  1.79880E-15  SWARM-A  17.510  155.886
2022-03-15T05:14:00Z  426.762  22.305  -173.499  1.80763E-15  SWARM-A  17.517  157.821
2022-03-15T05:14:30Z  426.659  20.364  -173.521  1.81532E-15  SWARM-A  17.523  159.757
2022-03-15T05:15:00Z  426.590  18.422  -173.547  1.82183E-15  SWARM-A  17.530  161.691
2022-03-15T05:15:30Z  426.557  16.479  -173.574  1.82720E-15  SWARM-A  17.537  163.626
2022-03-15T05:16:00Z  426.562  14.536  -173.603  1.83133E-15  SWARM-A  17.543  165.561
2022-03-15T05:16:30Z  426.605  12.593  -173.634  1.83416E-15  SWARM-A  17.549  167.495
2022-03-15T05:17:00Z  426.688  10.650  -173.667  1.83576E-15  SWARM-A  17.555  169.429
2022-03-15T05:17:30Z  426.810  8.707  -173.700  1.83615E-15  SWARM-A  17.561  171.363
2022-03-15T05:18:00Z  426.974  6.763  -173.735  1.83541E-15  SWARM-A  17.567  173.297
2022-03-15T05:18:30Z  427.179  4.820  -173.770  1.83359E-15  SWARM-A  17.573  175.231
2022-03-15T05:19:00Z  427.424  2.876  -173.806  1.83010E-15  SWARM-A  17.579  177.164
2022-03-15T05:19:30Z  427.712  0.933  -173.842  1.82509E-15  SWARM-A  17.585  179.098
2022-03-15T05:20:00Z  428.040  -1.011  -173.878  1.81941E-15  SWARM-A  17.591  181.031
2022-03-15T05:20:30Z  428.409  -2.954  -173.915  1.81305E-15  SWARM-A  17.597  182.964
2022-03-15T05:21:00Z  428.818  -4.897  -173.950  1.80603E-15  SWARM-A  17.603  184.897
2022-03-15T05:21:30Z  429.266  -6.839  -173.986  1.79831E-15  SWARM-A  17.609  186.829
2022-03-15T05:22:00Z  429.753  -8.781  -174.020  1.78978E-15  SWARM-A  17.615  188.762
2022-03-15T05:22:30Z  430.277  -10.723  -174.054  1.78036E-15  SWARM-A  17.621  190.694
2022-03-15T05:23:00Z  430.836  -12.664  -174.086  1.76998E-15  SWARM-A  17.627  192.626
2022-03-15T05:23:30Z  431.431  -14.604  -174.118  1.75847E-15  SWARM-A  17.634  194.558
2022-03-15T05:24:00Z  432.058  -16.544  -174.147  1.74586E-15  SWARM-A  17.640  196.489
2022-03-15T05:24:30Z  432.715  -18.483  -174.175  1.73190E-15  SWARM-A  17.647  198.421
2022-03-15T05:25:00Z  433.402  -20.421  -174.200  1.71651E-15  SWARM-A  17.653  200.352
2022-03-15T05:25:30Z  434.115  -22.359  -174.223  1.69969E-15  SWARM-A  17.660  202.283
2022-03-15T05:26:00Z  434.853  -24.296  -174.243  1.68132E-15  SWARM-A  17.667  204.214
2022-03-15T05:26:30Z  435.613  -26.232  -174.259  1.66141E-15  SWARM-A  17.674  206.144
2022-03-15T05:27:00Z  436.393  -28.167  -174.272  1.64007E-15  SWARM-A  17.682  208.075
2022-03-15T05:27:30Z  437.189  -30.101  -174.281  1.61728E-15  SWARM-A  17.689  210.005
2022-03-15T05:28:00Z  438.001  -32.034  -174.286  1.59323E-15  SWARM-A  17.697  211.935
2022-03-15T05:28:30Z  438.823  -33.966  -174.285  1.56808E-15  SWARM-A  17.706  213.865
2022-03-15T05:29:00Z  439.655  -35.896  -174.279  1.54194E-15  SWARM-A  17.715  215.795
2022-03-15T05:29:30Z  440.492  -37.826  -174.266  1.51479E-15  SWARM-A  17.724  217.725
2022-03-15T05:30:00Z  441.332  -39.755  -174.245  1.48644E-15  SWARM-A  17.734  219.654
2022-03-15T05:30:30Z  442.172  -41.682  -174.216  1.45770E-15  SWARM-A  17.744  221.583
2022-03-15T05:31:00Z  443.009  -43.609  -174.178  1.42877E-15  SWARM-A  17.755  223.512
2022-03-15T05:31:30Z  443.840  -45.534  -174.129  1.39982E-15  SWARM-A  17.766  225.441
2022-03-15T05:32:00Z  444.662  -47.458  -174.068  1.37095E-15  SWARM-A  17.779  227.370
2022-03-15T05:32:30Z  445.472  -49.380  -173.993  1.34214E-15  SWARM-A  17.792  229.299
2022-03-15T05:33:00Z  446.266  -51.301  -173.901  1.31327E-15  SWARM-A  17.806  231.227
2022-03-15T05:33:30Z  447.043  -53.221  -173.791  1.28424E-15  SWARM-A  17.822  233.155
2022-03-15T05:34:00Z  447.799  -55.140  -173.658  1.25488E-15  SWARM-A  17.839  235.084
2022-03-15T05:34:30Z  448.532  -57.057  -173.500  1.22536E-15  SWARM-A  17.858  237.012
2022-03-15T05:35:00Z  449.238  -58.972  -173.311  1.19608E-15  SWARM-A  17.879  238.940
2022-03-15T05:35:30Z  449.915  -60.886  -173.085  1.16756E-15  SWARM-A  17.903  240.867
2022-03-15T05:36:00Z  450.561  -62.798  -172.814  1.14008E-15  SWARM-A  17.929  242.795
2022-03-15T05:36:30Z  451.173  -64.708  -172.489  1.11363E-15  SWARM-A  17.959  244.723
2022-03-15T05:37:00Z  451.749  -66.615  -172.095  1.08803E-15  SWARM-A  17.994  246.650
2022-03-15T05:37:30Z  452.287  -68.520  -171.615  1.06301E-15  SWARM-A  18.034  248.578
2022-03-15T05:38:00Z  452.785  -70.422  -171.024  1.03828E-15  SWARM-A  18.082  250.505
2022-03-15T05:38:30Z  453.240  -72.320  -170.285  1.01379E-15  SWARM-A  18.139  252.432
2022-03-15T05:39:00Z  453.651  -74.212  -169.346  9.88891E-16  SWARM-A  18.210  254.360
2022-03-15T05:39:30Z  454.017  -76.098  -168.127  9.64200E-16  SWARM-A  18.300  256.287
2022-03-15T05:40:00Z  454.336  -77.973  -166.497  9.39887E-16  SWARM-A  18.417  258.214
2022-03-15T05:40:30Z  454.607  -79.834  -164.233  9.16164E-16  SWARM-A  18.576  260.141
2022-03-15T05:41:00Z  454.828  -81.669  -160.921  8.93202E-16  SWARM-A  18.805  262.068
2022-03-15T05:41:30Z  455.000  -83.458  -155.719  8.71145E-16  SWARM-A  19.160  263.995
2022-03-15T05:42:00Z  455.120  -85.149  -146.689  8.49827E-16  SWARM-A  19.771  265.922
2022-03-15T05:42:30Z  455.190  -86.596  -129.038  8.28756E-16  SWARM-A  20.956  267.849
2022-03-15T05:43:00Z  455.208  -87.359  -95.085  8.09221E-16  SWARM-A  23.228  269.776
2022-03-15T05:43:30Z  455.174  -86.887  -57.426  7.90542E-16  SWARM-A  1.747  271.703
2022-03-15T05:44:00Z  455.088  -85.558  -36.177  7.72458E-16  SWARM-A  3.171  273.630
2022-03-15T05:44:30Z  454.951  -83.908  -25.555  7.55379E-16  SWARM-A  3.888  275.557
2022-03-15T05:45:00Z  454.764  -82.137  -19.618  7.39499E-16  SWARM-A  4.292  277.484
2022-03-15T05:45:30Z  454.526  -80.312  -15.925  7.25753E-16  SWARM-A  4.547  279.411
2022-03-15T05:46:00Z  454.238  -78.456  -13.441  7.13116E-16  SWARM-A  4.721  281.338
2022-03-15T05:46:30Z  453.903  -76.584  -11.673  7.01510E-16  SWARM-A  4.847  283.266
2022-03-15T05:47:00Z  453.520  -74.701  -10.363  6.90848E-16  SWARM-A  4.942  285.193
2022-03-15T05:47:30Z  453.091  -72.809  -9.361  6.81121E-16  SWARM-A  5.018  287.120
2022-03-15T05:48:00Z  452.618  -70.913  -8.576  6.72383E-16  SWARM-A  5.078  289.048
2022-03-15T05:48:30Z  452.102  -69.012  -7.951  6.63443E-16  SWARM-A  5.128  290.975
2022-03-15T05:49:00Z  451.546  -67.107  -7.444  6.55335E-16  SWARM-A  5.170  292.903
2022-03-15T05:49:30Z  450.952  -65.200  -7.030  6.48044E-16  SWARM-A  5.206  294.831
2022-03-15T05:50:00Z  450.321  -63.291  -6.689  6.41472E-16  SWARM-A  5.237  296.758
2022-03-15T05:50:30Z  449.655  -61.379  -6.405  6.35543E-16  SWARM-A  5.265  298.686
2022-03-15T05:51:00Z  448.958  -59.466  -6.168  6.30204E-16  SWARM-A  5.289  300.614
2022-03-15T05:51:30Z  448.232  -57.550  -5.970  6.25135E-16  SWARM-A  5.310  302.543
2022-03-15T05:52:00Z  447.480  -55.633  -5.804  6.20370E-16  SWARM-A  5.330  304.471
2022-03-15T05:52:30Z  446.703  -53.715  -5.666  6.16069E-16  SWARM-A  5.347  306.399
2022-03-15T05:53:00Z  445.906  -51.795  -5.550  6.12232E-16  SWARM-A  5.363  308.328
2022-03-15T05:53:30Z  445.090  -49.874  -5.454  6.08726E-16  SWARM-A  5.378  310.257
2022-03-15T05:54:00Z  444.260  -47.951  -5.374  6.05639E-16  SWARM-A  5.392  312.186
2022-03-15T05:54:30Z  443.417  -46.028  -5.310  6.03000E-16  SWARM-A  5.404  314.115
2022-03-15T05:55:00Z  442.564  -44.102  -5.258  6.00950E-16  SWARM-A  5.416  316.044
2022-03-15T05:55:30Z  441.706  -42.176  -5.217  5.99374E-16  SWARM-A  5.427  317.974
2022-03-15T05:56:00Z  440.845  -40.248  -5.186  5.98257E-16  SWARM-A  5.438  319.903
2022-03-15T05:56:30Z  439.983  -38.320  -5.163  5.97627E-16  SWARM-A  5.447  321.833
2022-03-15T05:57:00Z  439.125  -36.390  -5.148  5.97464E-16  SWARM-A  5.457  323.763
2022-03-15T05:57:30Z  438.273  -34.459  -5.140  5.97779E-16  SWARM-A  5.466  325.693
2022-03-15T05:58:00Z  437.429  -32.527  -5.138  5.98551E-16  SWARM-A  5.474  327.623
2022-03-15T05:58:30Z  436.597  -30.593  -5.141  5.99788E-16  SWARM-A  5.482  329.554
2022-03-15T05:59:00Z  435.780  -28.659  -5.149  6.00766E-16  SWARM-A  5.490  331.485
2022-03-15T05:59:30Z  434.981  -26.724  -5.161  6.02152E-16  SWARM-A  5.498  333.415
2022-03-15T06:00:00Z  434.201  -24.788  -5.177  6.03885E-16  SWARM-A  5.505  335.347
2022-03-15T06:00:30Z  433.444  -22.851  -5.196  6.06149E-16  SWARM-A  5.512  337.278
2022-03-15T06:01:00Z  432.712  -20.913  -5.218  6.08759E-16  SWARM-A  5.519  339.209
2022-03-15T06:01:30Z  432.007  -18.974  -5.243  6.11705E-16  SWARM-A  5.525  341.141
2022-03-15T06:02:00Z  431.332  -17.035  -5.270  6.14937E-16  SWARM-A  5.532  343.073
2022-03-15T06:02:30Z  430.688  -15.095  -5.299  6.18457E-16  SWARM-A  5.538  345.005
2022-03-15T06:03:00Z  430.078  -13.154  -5.330  6.22250E-16  SWARM-A  5.545  346.937
2022-03-15T06:03:30Z  429.502  -11.212  -5.362  6.26272E-16  SWARM-A  5.551  348.870
2022-03-15T06:04:00Z  428.963  -9.270  -5.395  6.30491E-16  SWARM-A  5.557  350.802
2022-03-15T06:04:30Z  428.462  -7.328  -5.430  6.34908E-16  SWARM-A  5.563  352.735
2022-03-15T06:05:00Z  428.001  -5.385  -5.465  6.39544E-16  SWARM-A  5.569  354.668
2022-03-15T06:05:30Z  427.579  -3.442  -5.500  6.44399E-16  SWARM-A  5.575  356.601
2022-03-15T06:06:00Z  427.198  -1.498  -5.536  6.49421E-16  SWARM-A  5.581  358.535
2022-03-15T06:06:30Z  426.859  0.445  -5.573  6.54594E-16  SWARM-A  5.587  0.469
2022-03-15T06:07:00Z  426.562  2.389  -5.609  6.59943E-16  SWARM-A  5.593  2.402
2022-03-15T06:07:30Z  426.308  4.333  -5.645  6.65472E-16  SWARM-A  5.599  4.336
2022-03-15T06:08:00Z  426.095  6.277  -5.680  6.71134E-16  SWARM-A  5.605  6.271
2022-03-15T06:08:30Z  425.925  8.222  -5.715  6.76964E-16  SWARM-A  5.611  8.205
2022-03-15T06:09:00Z  425.797  10.166  -5.749  6.82876E-16  SWARM-A  5.617  10.139
2022-03-15T06:09:30Z  425.709  12.109  -5.781  6.88889E-16  SWARM-A  5.623  12.074
2022-03-15T06:10:00Z  425.663  14.053  -5.813  6.94945E-16  SWARM-A  5.629  14.009
2022-03-15T06:10:30Z  425.656  15.996  -5.843  7.01019E-16  SWARM-A  5.635  15.944
2022-03-15T06:11:00Z  425.688  17.939  -5.871  7.07102E-16  SWARM-A  5.642  17.879
2022-03-15T06:11:30Z  425.758  19.882  -5.896  7.13115E-16  SWARM-A  5.649  19.815
2022-03-15T06:12:00Z  425.863  21.824  -5.920  7.19108E-16  SWARM-A  5.655  21.750
2022-03-15T06:12:30Z  426.003  23.766  -5.940  7.25001E-16  SWARM-A  5.662  23.686
2022-03-15T06:13:00Z  426.177  25.707  -5.957  7.30792E-16  SWARM-A  5.669  25.621
2022-03-15T06:13:30Z  426.381  27.648  -5.971  7.36493E-16  SWARM-A  5.677  27.557
2022-03-15T06:14:00Z  426.614  29.588  -5.981  7.42087E-16  SWARM-A  5.685  29.494
2022-03-15T06:14:30Z  426.875  31.528  -5.986  7.47577E-16  SWARM-A  5.693  31.430
2022-03-15T06:15:00Z  427.160  33.466  -5.987  7.53053E-16  SWARM-A  5.701  33.366
2022-03-15T06:15:30Z  427.469  35.404  -5.981  7.58518E-16  SWARM-A  5.710  35.303
2022-03-15T06:16:00Z  427.797  37.341  -5.969  7.64019E-16  SWARM-A  5.719  37.239
2022-03-15T06:16:30Z  428.144  39.277  -5.950  7.69648E-16  SWARM-A  5.728  39.176
2022-03-15T06:17:00Z  428.506  41.213  -5.923  7.75457E-16  SWARM-A  5.738  41.113
2022-03-15T06:17:30Z  428.881  43.147  -5.887  7.81529E-16  SWARM-A  5.749  43.050
2022-03-15T06:18:00Z  429.267  45.080  -5.840  7.87928E-16  SWARM-A  5.761  44.987
2022-03-15T06:18:30Z  429.661  47.013  -5.781  7.94739E-16  SWARM-A  5.773  46.924
2022-03-15T06:19:00Z  430.060  48.944  -5.708  8.01641E-16  SWARM-A  5.786  48.861
2022-03-15T06:19:30Z  430.462  50.875  -5.619  8.08342E-16  SWARM-A  5.800  50.798
2022-03-15T06:20:00Z  430.865  52.804  -5.512  8.15579E-16  SWARM-A  5.816  52.735
2022-03-15T06:20:30Z  431.265  54.732  -5.384  8.23416E-16  SWARM-A  5.833  54.673
2022-03-15T06:21:00Z  431.661  56.658  -5.230  8.31858E-16  SWARM-A  5.851  56.610
2022-03-15T06:21:30Z  432.050  58.584  -5.046  8.40955E-16  SWARM-A  5.872  58.548
2022-03-15T06:22:00Z  432.430  60.507  -4.826  8.50742E-16  SWARM-A  5.895  60.486
2022-03-15T06:22:30Z  432.798  62.429  -4.563  8.61198E-16  SWARM-A  5.921  62.423
2022-03-15T06:23:00Z  433.153  64.350  -4.247  8.72357E-16  SWARM-A  5.950  64.361
2022-03-15T06:23:30Z  433.491  66.268  -3.864  8.84426E-16  SWARM-A  5.984  66.299
2022-03-15T06:24:00Z  433.812  68.184  -3.398  8.97218E-16  SWARM-A  6.023  68.237
2022-03-15T06:24:30Z  434.113  70.096  -2.824  9.10765E-16  SWARM-A  6.070  70.175
2022-03-15T06:25:00Z  434.393  72.005  -2.109  9.25007E-16  SWARM-A  6.126  72.113
2022-03-15T06:25:30Z  434.651  73.909  -1.202  9.39957E-16  SWARM-A  6.195  74.051
2022-03-15T06:26:00Z  434.883  75.807  -0.027  9.55629E-16  SWARM-A  6.282  75.989
2022-03-15T06:26:30Z  435.090  77.695  1.539  9.72019E-16  SWARM-A  6.394  77.927
2022-03-15T06:27:00Z  435.271  79.568  3.704  9.89055E-16  SWARM-A  6.547  79.865
2022-03-15T06:27:30Z  435.423  81.418  6.850  1.00642E-15  SWARM-A  6.765  81.803
2022-03-15T06:28:00Z  435.547  83.226  11.750  1.02470E-15  SWARM-A  7.100  83.741
2022-03-15T06:28:30Z  435.642  84.945  20.153  1.04409E-15  SWARM-A  7.669  85.679
2022-03-15T06:29:00Z  435.707  86.445  36.416  1.06465E-15  SWARM-A  8.761  87.617
2022-03-15T06:29:30Z  435.742  87.330  68.545  1.08640E-15  SWARM-A  10.911  89.555
2022-03-15T06:30:00Z  435.747  86.994  107.542  1.10832E-15  SWARM-A  13.520  91.493
2022-03-15T06:30:30Z  435.722  85.716  130.587  1.13094E-15  SWARM-A  15.064  93.431
2022-03-15T06:31:00Z  435.667  84.076  141.995  1.15305E-15  SWARM-A  15.833  95.369
2022-03-15T06:31:30Z  435.583  82.303  148.273  1.17630E-15  SWARM-A  16.260  97.307
2022-03-15T06:32:00Z  435.470  80.471  152.135  1.20042E-15  SWARM-A  16.526  99.245
2022-03-15T06:32:30Z  435.328  78.607  154.712  1.22532E-15  SWARM-A  16.706  101.183
2022-03-15T06:33:00Z  435.160  76.725  156.535  1.25083E-15  SWARM-A  16.836  103.121
2022-03-15T06:33:30Z  434.964  74.832  157.881  1.27681E-15  SWARM-A  16.934  105.059
2022-03-15T06:34:00Z  434.744  72.931  158.906  1.30302E-15  SWARM-A  17.010  106.997
2022-03-15T06:34:30Z  434.500  71.025  159.707  1.33030E-15  SWARM-A  17.072  108.934
2022-03-15T06:35:00Z  434.234  69.114  160.345  1.35801E-15  SWARM-A  17.123  110.872
2022-03-15T06:35:30Z  433.947  67.200  160.860  1.38541E-15  SWARM-A  17.166  112.810
2022-03-15T06:36:00Z  433.642  65.283  161.280  1.41236E-15  SWARM-A  17.202  114.748
2022-03-15T06:36:30Z  433.319  63.364  161.627  1.43866E-15  SWARM-A  17.234  116.685
2022-03-15T06:37:00Z  432.981  61.443  161.914  1.46412E-15  SWARM-A  17.261  118.623
2022-03-15T06:37:30Z  432.630  59.520  162.154  1.48870E-15  SWARM-A  17.285  120.560
2022-03-15T06:38:00Z  432.269  57.596  162.355  1.51243E-15  SWARM-A  17.307  122.498
2022-03-15T06:38:30Z  431.899  55.670  162.522  1.53414E-15  SWARM-A  17.327  124.435
2022-03-15T06:39:00Z  431.522  53.743  162.663  1.55412E-15  SWARM-A  17.344  126.372
2022-03-15T06:39:30Z  431.142  51.814  162.780  1.57323E-15  SWARM-A  17.360  128.309
2022-03-15T06:40:00Z  430.761  49.885  162.877  1.59151E-15  SWARM-A  17.375  130.246
2022-03-15T06:40:30Z  430.381  47.954  162.957  1.60907E-15  SWARM-A  17.389  132.183
2022-03-15T06:41:00Z  430.004  46.023  163.023  1.62594E-15  SWARM-A  17.402  134.120
2022-03-15T06:41:30Z  429.634  44.090  163.075  1.64225E-15  SWARM-A  17.413  136.057
2022-03-15T06:42:00Z  429.273  42.157  163.117  1.65799E-15  SWARM-A  17.425  137.993
2022-03-15T06:42:30Z  428.923  40.222  163.148  1.67316E-15  SWARM-A  17.435  139.930
2022-03-15T06:43:00Z  428.586  38.287  163.171  1.68781E-15  SWARM-A  17.445  141.866
2022-03-15T06:43:30Z  428.266  36.350  163.186  1.70167E-15  SWARM-A  17.454  143.802
2022-03-15T06:44:00Z  427.965  34.413  163.195  1.71463E-15  SWARM-A  17.463  145.739
2022-03-15T06:44:30Z  427.684  32.476  163.197  1.72696E-15  SWARM-A  17.472  147.675
2022-03-15T06:45:00Z  427.427  30.537  163.194  1.73858E-15  SWARM-A  17.480  149.610
2022-03-15T06:45:30Z  427.195  28.598  163.186  1.74941E-15  SWARM-A  17.488  151.546
2022-03-15T06:46:00Z  426.991  26.658  163.174  1.75935E-15  SWARM-A  17.495  153.482
2022-03-15T06:46:30Z  426.816  24.717  163.159  1.76831E-15  SWARM-A  17.502  155.417
2022-03-15T06:47:00Z  426.673  22.776  163.140  1.77628E-15  SWARM-A  17.509  157.353
2022-03-15T06:47:30Z  426.562  20.834  163.118  1.78314E-15  SWARM-A  17.516  159.288
2022-03-15T06:48:00Z  426.486  18.892  163.093  1.78885E-15  SWARM-A  17.523  161.223
2022-03-15T06:48:30Z  426.446  16.950  163.066  1.79342E-15  SWARM-A  17.530  163.157
2022-03-15T06:49:00Z  426.444  15.007  163.037  1.79686E-15  SWARM-A  17.536  165.092
2022-03-15T06:49:30Z  426.479  13.064  163.006  1.79924E-15  SWARM-A  17.542  167.027
2022-03-15T06:50:00Z  426.554  11.121  162.974  1.80058E-15  SWARM-A  17.548  168.961
2022-03-15T06:50:30Z  426.669  9.177  162.941  1.80095E-15  SWARM-A  17.554  170.895
2022-03-15T06:51:00Z  426.825  7.234  162.906  1.80051E-15  SWARM-A  17.561  172.829
2022-03-15T06:51:30Z  427.022  5.290  162.871  1.79925E-15  SWARM-A  17.567  174.763
2022-03-15T06:52:00Z  427.260  3.346  162.836  1.79728E-15  SWARM-A  17.572  176.697
2022-03-15T06:52:30Z  427.539  1.403  162.799  1.79464E-15  SWARM-A  17.578  178.630
2022-03-15T06:53:00Z  427.860  -0.540  162.763  1.79139E-15  SWARM-A  17.584  180.563
2022-03-15T06:53:30Z  428.221  -2.484  162.727  1.78755E-15  SWARM-A  17.590  182.496
2022-03-15T06:54:00Z  428.623  -4.427  162.691  1.78310E-15  SWARM-A  17.596  184.429
2022-03-15T06:54:30Z  429.065  -6.369  162.656  1.77801E-15  SWARM-A  17.602  186.362
2022-03-15T06:55:00Z  429.544  -8.311  162.621  1.77222E-15  SWARM-A  17.608  188.294
2022-03-15T06:55:30Z  430.062  -10.253  162.587  1.76562E-15  SWARM-A  17.614  190.227
2022-03-15T06:56:00Z  430.616  -12.194  162.554  1.75818E-15  SWARM-A  17.620  192.159
2022-03-15T06:56:30Z  431.204  -14.135  162.522  1.74960E-15  SWARM-A  17.627  194.091
2022-03-15T06:57:00Z  431.826  -16.075  162.493  1.73990E-15  SWARM-A  17.633  196.022
2022-03-15T06:57:30Z  432.478  -18.014  162.464  1.72891E-15  SWARM-A  17.639  197.954
2022-03-15T06:58:00Z  433.161  -19.953  162.439  1.71657E-15  SWARM-A  17.646  199.885
2022-03-15T06:58:30Z  433.870  -21.891  162.415  1.70276E-15  SWARM-A  17.653  201.816
2022-03-15T06:59:00Z  434.605  -23.828  162.394  1.68752E-15  SWARM-A  17.660  203.747
2022-03-15T06:59:30Z  435.363  -25.764  162.377  1.67077E-15  SWARM-A  17.667  205.678
2022-03-15T07:00:00Z  436.141  -27.699  162.363  1.65261E-15  SWARM-A  17.674  207.609
2022-03-15T07:00:30Z  436.936  -29.633  162.353  1.63301E-15  SWARM-A  17.682  209.539
2022-03-15T07:01:00Z  437.747  -31.567  162.347  1.61215E-15  SWARM-A  17.690  211.469
2022-03-15T07:01:30Z  438.570  -33.499  162.346  1.59016E-15  SWARM-A  17.698  213.399
2022-03-15T07:02:00Z  439.403  -35.430  162.351  1.56712E-15  SWARM-A  17.707  215.329
2022-03-15T07:02:30Z  440.242  -37.360  162.363  1.54325E-15  SWARM-A  17.716  217.259
2022-03-15T07:03:00Z  441.085  -39.289  162.381  1.51866E-15  SWARM-A  17.726  219.188
2022-03-15T07:03:30Z  441.928  -41.217  162.408  1.49355E-15  SWARM-A  17.736  221.117
2022-03-15T07:04:00Z  442.770  -43.144  162.444  1.46791E-15  SWARM-A  17.746  223.047
2022-03-15T07:04:30Z  443.606  -45.069  162.490  1.44178E-15  SWARM-A  17.758  224.975
2022-03-15T07:05:00Z  444.433  -46.993  162.548  1.41547E-15  SWARM-A  17.770  226.904
2022-03-15T07:05:30Z  445.250  -48.916  162.620  1.38905E-15  SWARM-A  17.783  228.833
2022-03-15T07:06:00Z  446.052  -50.838  162.707  1.36253E-15  SWARM-A  17.797  230.762
2022-03-15T07:06:30Z  446.837  -52.758  162.813  1.33595E-15  SWARM-A  17.813  232.690
2022-03-15T07:07:00Z  447.602  -54.677  162.939  1.30943E-15  SWARM-A  17.829  234.618
2022-03-15T07:07:30Z  448.343  -56.594  163.091  1.28301E-15  SWARM-A  17.848  236.546
2022-03-15T07:08:00Z  449.060  -58.510  163.272  1.25679E-15  SWARM-A  17.868  238.474
2022-03-15T07:08:30Z  449.748  -60.424  163.488  1.23081E-15  SWARM-A  17.891  240.402
2022-03-15T07:09:00Z  450.405  -62.336  163.747  1.20503E-15  SWARM-A  17.917  242.330
2022-03-15T07:09:30Z  451.028  -64.247  164.058  1.17932E-15  SWARM-A  17.946  244.257
2022-03-15T07:10:00Z  451.616  -66.155  164.434  1.15361E-15  SWARM-A  17.979  246.185
2022-03-15T07:10:30Z  452.167  -68.061  164.891  1.12718E-15  SWARM-A  18.018  248.112
2022-03-15T07:11:00Z  452.677  -69.963  165.453  1.10011E-15  SWARM-A  18.064  250.040
2022-03-15T07:11:30Z  453.146  -71.862  166.151  1.07303E-15  SWARM-A  18.119  251.967
2022-03-15T07:12:00Z  453.571  -73.756  167.035  1.04595E-15  SWARM-A  18.186  253.894
2022-03-15T07:12:30Z  453.950  -75.643  168.177  1.01891E-15  SWARM-A  18.270  255.822
2022-03-15T07:13:00Z  454.284  -77.522  169.692  9.91960E-16  SWARM-A  18.380  257.749
2022-03-15T07:13:30Z  454.569  -79.386  171.774  9.65225E-16  SWARM-A  18.527  259.676
2022-03-15T07:14:00Z  454.805  -81.229  174.777  9.38777E-16  SWARM-A  18.735  261.603
2022-03-15T07:14:30Z  454.992  -83.032  179.404  9.12663E-16  SWARM-A  19.052  263.530
2022-03-15T07:15:00Z  455.127  -84.755  -172.778  8.87019E-16  SWARM-A  19.582  265.457
2022-03-15T07:15:30Z  455.212  -86.286  -157.906  8.62720E-16  SWARM-A  20.581  267.384
2022-03-15T07:16:00Z  455.245  -87.277  -128.165  8.39482E-16  SWARM-A  22.573  269.311
2022-03-15T07:16:30Z  455.226  -87.109  -88.527  8.16601E-16  SWARM-A  1.223  271.238
2022-03-15T07:17:00Z  455.155  -85.922  -63.362  7.93591E-16  SWARM-A  2.909  273.165
2022-03-15T07:17:30Z  455.033  -84.322  -50.907  7.71034E-16  SWARM-A  3.748  275.092
2022-03-15T07:18:00Z  454.860  -82.572  -44.151  7.49183E-16  SWARM-A  4.207  277.019
2022-03-15T07:18:30Z  454.636  -80.756  -40.044  7.28153E-16  SWARM-A  4.489  278.946
2022-03-15T07:19:00Z  454.363  -78.907  -37.326  7.07977E-16  SWARM-A  4.678  280.873
2022-03-15T07:19:30Z  454.041  -77.038  -35.415  6.88710E-16  SWARM-A  4.814  282.800
2022-03-15T07:20:00Z  453.672  -75.157  -34.011  6.69468E-16  SWARM-A  4.916  284.727
2022-03-15T07:20:30Z  453.256  -73.267  -32.945  6.51284E-16  SWARM-A  4.996  286.655
2022-03-15T07:21:00Z  452.796  -71.372  -32.115  6.34167E-16  SWARM-A  5.059  288.582
2022-03-15T07:21:30Z  452.292  -69.472  -31.455  6.18218E-16  SWARM-A  5.112  290.509
2022-03-15T07:22:00Z  451.748  -67.568  -30.923  6.03473E-16  SWARM-A  5.155  292.437
2022-03-15T07:22:30Z  451.164  -65.662  -30.489  5.89919E-16  SWARM-A  5.193  294.365
2022-03-15T07:23:00Z  450.543  -63.753  -30.131  5.77638E-16  SWARM-A  5.225  296.292
2022-03-15T07:23:30Z  449.888  -61.842  -29.835  5.66569E-16  SWARM-A  5.253  298.220
2022-03-15T07:24:00Z  449.200  -59.928  -29.588  5.56676E-16  SWARM-A  5.278  300.148
2022-03-15T07:24:30Z  448.482  -58.014  -29.381  5.47801E-16  SWARM-A  5.300  302.076
2022-03-15T07:25:00Z  447.736  -56.097  -29.208  5.40143E-16  SWARM-A  5.320  304.005
2022-03-15T07:25:30Z  446.966  -54.179  -29.063  5.33775E-16  SWARM-A  5.338  305.933
2022-03-15T07:26:00Z  446.175  -52.260  -28.942  5.28662E-16  SWARM-A  5.354  307.862
2022-03-15T07:26:30Z  445.364  -50.339  -28.842  5.24814E-16  SWARM-A  5.369  309.790
2022-03-15T07:27:00Z  444.538  -48.417  -28.759  5.22167E-16  SWARM-A  5.383  311.719
2022-03-15T07:27:30Z  443.698  -46.493  -28.691  5.20684E-16  SWARM-A  5.396  313.648
2022-03-15T07:28:00Z  442.849  -44.568  -28.636  5.20329E-16  SWARM-A  5.408  315.577
2022-03-15T07:28:30Z  441.993  -42.642  -28.593  5.21030E-16  SWARM-A  5.419  317.507
2022-03-15T07:29:00Z  441.132  -40.715  -28.559  5.22722E-16  SWARM-A  5.430  319.436
2022-03-15T07:29:30Z  440.271  -38.787  -28.535  5.25425E-16  SWARM-A  5.440  321.366
2022-03-15T07:30:00Z  439.412  -36.857  -28.518  5.28953E-16  SWARM-A  5.449  323.296
2022-03-15T07:30:30Z  438.558  -34.926  -28.508  5.33258E-16  SWARM-A  5.458  325.226
2022-03-15T07:31:00Z  437.713  -32.995  -28.505  5.38275E-16  SWARM-A  5.467  327.156
2022-03-15T07:31:30Z  436.878  -31.062  -28.507  5.43925E-16  SWARM-A  5.475  329.086
2022-03-15T07:32:00Z  436.057  -29.128  -28.514  5.50084E-16  SWARM-A  5.483  331.017
2022-03-15T07:32:30Z  435.253  -27.193  -28.525  5.56658E-16  SWARM-A  5.490  332.948
2022-03-15T07:33:00Z  434.468  -25.257  -28.540  5.63606E-16  SWARM-A  5.498  334.879
2022-03-15T07:33:30Z  433.705  -23.320  -28.558  5.70851E-16  SWARM-A  5.505  336.810
2022-03-15T07:34:00Z  432.967  -21.383  -28.580  5.78294E-16  SWARM-A  5.512  338.741
2022-03-15T07:34:30Z  432.255  -19.444  -28.604  5.85883E-16  SWARM-A  5.518  340.673
2022-03-15T07:35:00Z  431.572  -17.505  -28.630  5.93563E-16  SWARM-A  5.525  342.605
2022-03-15T07:35:30Z  430.920  -15.565  -28.659  6.01307E-16  SWARM-A  5.531  344.537
2022-03-15T07:36:00Z  430.300  -13.624  -28.689  6.09106E-16  SWARM-A  5.538  346.469
2022-03-15T07:36:30Z  429.716  -11.683  -28.721  6.16899E-16  SWARM-A  5.544  348.401
2022-03-15T07:37:00Z  429.167  -9.741  -28.754  6.24639E-16  SWARM-A  5.550  350.334
2022-03-15T07:37:30Z  428.657  -7.799  -28.788  6.32337E-16  SWARM-A  5.556  352.267
2022-03-15T07:38:00Z  428.185  -5.856  -28.823  6.39986E-16  SWARM-A  5.562  354.199
2022-03-15T07:38:30Z  427.752  -3.913  -28.859  6.47566E-16  SWARM-A  5.568  356.133
2022-03-15T07:39:00Z  427.361  -1.970  -28.895  6.55081E-16  SWARM-A  5.574  358.066
2022-03-15T07:39:30Z  427.011  -0.026  -28.931  6.62493E-16  SWARM-A  5.580  359.999
2022-03-15T07:40:00Z  426.703  1.918  -28.967  6.69822E-16  SWARM-A  5.586  1.933
2022-03-15T07:40:30Z  426.437  3.862  -29.003  6.77071E-16  SWARM-A  5.592  3.867
2022-03-15T07:41:00Z  426.213  5.806  -29.039  6.84244E-16  SWARM-A  5.598  5.801
2022-03-15T07:41:30Z  426.032  7.750  -29.074  6.91245E-16  SWARM-A  5.604  7.735
2022-03-15T07:42:00Z  425.892  9.694  -29.108  6.98159E-16  SWARM-A  5.610  9.670
2022-03-15T07:42:30Z  425.793  11.637  -29.141  7.04992E-16  SWARM-A  5.616  11.605
2022-03-15T07:43:00Z  425.736  13.581  -29.173  7.11648E-16  SWARM-A  5.622  13.539
2022-03-15T07:43:30Z  425.718  15.525  -29.203  7.18183E-16  SWARM-A  5.628  15.474
2022-03-15T07:44:00Z  425.739  17.468  -29.231  7.24555E-16  SWARM-A  5.635  17.409
2022-03-15T07:44:30Z  425.799  19.410  -29.258  7.30756E-16  SWARM-A  5.641  19.345
2022-03-15T07:45:00Z  425.894  21.353  -29.281  7.36799E-16  SWARM-A  5.648  21.280
2022-03-15T07:45:30Z  426.024  23.295  -29.303  7.42673E-16  SWARM-A  5.655  23.216
2022-03-15T07:46:00Z  426.188  25.236  -29.321  7.48533E-16  SWARM-A  5.662  25.151
2022-03-15T07:46:30Z  426.383  27.177  -29.336  7.54286E-16  SWARM-A  5.670  27.087
2022-03-15T07:47:00Z  426.608  29.117  -29.346  7.60024E-16  SWARM-A  5.677  29.023
2022-03-15T07:47:30Z  426.860  31.056  -29.353  7.65768E-16  SWARM-A  5.685  30.959
2022-03-15T07:48:00Z  427.138  32.995  -29.354  7.71551E-16  SWARM-A  5.693  32.896
2022-03-15T07:48:30Z  427.439  34.933  -29.350  7.77439E-16  SWARM-A  5.702  34.832
2022-03-15T07:49:00Z  427.760  36.870  -29.340  7.83483E-16  SWARM-A  5.711  36.769
2022-03-15T07:49:30Z  428.101  38.807  -29.323  7.89695E-16  SWARM-A  5.720  38.705
2022-03-15T07:50:00Z  428.457  40.742  -29.298  7.96128E-16  SWARM-A  5.730  40.642
2022-03-15T07:50:30Z  428.827  42.677  -29.264  8.02823E-16  SWARM-A  5.741  42.579
2022-03-15T07:51:00Z  429.207  44.611  -29.219  8.09843E-16  SWARM-A  5.752  44.516
2022-03-15T07:51:30Z  429.597  46.543  -29.164  8.17191E-16  SWARM-A  5.764  46.453
2022-03-15T07:52:00Z  429.992  48.475  -29.094  8.24788E-16  SWARM-A  5.777  48.390
2022-03-15T07:52:30Z  430.390  50.405  -29.010  8.32797E-16  SWARM-A  5.791  50.327
2022-03-15T07:53:00Z  430.790  52.335  -28.907  8.41234E-16  SWARM-A  5.806  52.265
2022-03-15T07:53:30Z  431.188  54.263  -28.784  8.50033E-16  SWARM-A  5.823  54.202
2022-03-15T07:54:00Z  431.582  56.190  -28.637  8.59238E-16  SWARM-A  5.841  56.140
2022-03-15T07:54:30Z  431.969  58.116  -28.461  8.68863E-16  SWARM-A  5.861  58.077
2022-03-15T07:55:00Z  432.348  60.040  -28.250  8.78905E-16  SWARM-A  5.884  60.015
2022-03-15T07:55:30Z  432.715  61.962  -27.999  8.89357E-16  SWARM-A  5.909  61.952
2022-03-15T07:56:00Z  433.070  63.883  -27.696  9.00298E-16  SWARM-A  5.937  63.890
2022-03-15T07:56:30Z  433.409  65.802  -27.331  9.11521E-16  SWARM-A  5.970  65.828
2022-03-15T07:57:00Z  433.730  67.718  -26.887  9.23084E-16  SWARM-A  6.008  67.766
2022-03-15T07:57:30Z  434.032  69.632  -26.342  9.34923E-16  SWARM-A  6.053  69.704
2022-03-15T07:58:00Z  434.314  71.542  -25.665  9.47113E-16  SWARM-A  6.106  71.642
2022-03-15T07:58:30Z  434.573  73.447  -24.810  9.59667E-16  SWARM-A  6.171  73.580
2022-03-15T07:59:00Z  434.808  75.346  -23.709  9.72655E-16  SWARM-A  6.253  75.518
2022-03-15T07:59:30Z  435.017  77.237  -22.253  9.86170E-16  SWARM-A  6.358  77.456
2022-03-15T08:00:00Z  435.200  79.114  -20.259  1.00018E-15  SWARM-A  6.500  79.394
2022-03-15T08:00:30Z  435.356  80.971  -17.402  1.01475E-15  SWARM-A  6.699  81.332
2022-03-15T08:01:00Z  435.483  82.792  -13.036  1.03018E-15  SWARM-A  6.998  83.270
2022-03-15T08:01:30Z  435.581  84.539  -5.742  1.04659E-15  SWARM-A  7.493  85.208
2022-03-15T08:02:00Z  435.650  86.115  7.966  1.06413E-15  SWARM-A  8.415  87.146
2022-03-15T08:02:30Z  435.689  87.209  35.701  1.08282E-15  SWARM-A  10.272  89.084
2022-03-15T08:03:00Z  435.698  87.191  75.820  1.10189E-15  SWARM-A  12.955  91.022
2022-03-15T08:03:30Z  435.676  86.074  103.045  1.12128E-15  SWARM-A  14.778  92.960
2022-03-15T08:04:00Z  435.625  84.491  116.487  1.14183E-15  SWARM-A  15.683  94.898
2022-03-15T08:04:30Z  435.545  82.741  123.664  1.16343E-15  SWARM-A  16.170  96.836
2022-03-15T08:05:00Z  435.435  80.919  127.974  1.18593E-15  SWARM-A  16.465  98.774
2022-03-15T08:05:30Z  435.297  79.062  130.800  1.20918E-15  SWARM-A  16.662  100.712
2022-03-15T08:06:00Z  435.132  77.184  132.774  1.23302E-15  SWARM-A  16.802  102.650
2022-03-15T08:06:30Z  434.940  75.293  134.219  1.25736E-15  SWARM-A  16.907  104.588
2022-03-15T08:07:00Z  434.723  73.393  135.312  1.28149E-15  SWARM-A  16.988  106.526
2022-03-15T08:07:30Z  434.482  71.488  136.161  1.30523E-15  SWARM-A  17.053  108.464
2022-03-15T08:08:00Z  434.218  69.578  136.833  1.32890E-15  SWARM-A  17.106  110.402
2022-03-15T08:08:30Z  433.934  67.665  137.375  1.35236E-15  SWARM-A  17.150  112.340
2022-03-15T08:09:00Z  433.630  65.748  137.817  1.37548E-15  SWARM-A  17.188  114.277
2022-03-15T08:09:30Z  433.309  63.830  138.180  1.39809E-15  SWARM-A  17.221  116.215
2022-03-15T08:10:00Z  432.972  61.909  138.481  1.42012E-15  SWARM-A  17.249  118.153
2022-03-15T08:10:30Z  432.622  59.987  138.731  1.44144E-15  SWARM-A  17.274  120.090
2022-03-15T08:11:00Z  432.261  58.063  138.941  1.46222E-15  SWARM-A  17.296  122.028
2022-03-15T08:11:30Z  431.891  56.137  139.116  1.48238E-15  SWARM-A  17.316  123.965
2022-03-15T08:12:00Z  431.514  54.210  139.262  1.50195E-15  SWARM-A  17.335  125.902
2022-03-15T08:12:30Z  431.133  52.282  139.385  1.52095E-15  SWARM-A  17.351  127.839
2022-03-15T08:13:00Z  430.750  50.353  139.487  1.53943E-15  SWARM-A  17.366  129.777
2022-03-15T08:13:30Z  430.368  48.423  139.571  1.55741E-15  SWARM-A  17.380  131.714
2022-03-15T08:14:00Z  429.989  46.491  139.640  1.57498E-15  SWARM-A  17.393  133.650
2022-03-15T08:14:30Z  429.615  44.559  139.695  1.59269E-15  SWARM-A  17.405  135.587
2022-03-15T08:15:00Z  429.250  42.625  139.739  1.61040E-15  SWARM-A  17.416  137.524
2022-03-15T08:15:30Z  428.895  40.691  139.773  1.62771E-15  SWARM-A  17.427  139.461
2022-03-15T08:16:00Z  428.554  38.756  139.798  1.64470E-15  SWARM-A  17.437  141.397
2022-03-15T08:16:30Z  428.228  36.820  139.815  1.66130E-15  SWARM-A  17.446  143.333
2022-03-15T08:17:00Z  427.920  34.883  139.825  1.67744E-15  SWARM-A  17.455  145.270
2022-03-15T08:17:30Z  427.632  32.945  139.829  1.69309E-15  SWARM-A  17.464  147.206
2022-03-15T08:18:00Z  427.368  31.006  139.827  1.70811E-15  SWARM-A  17.472  149.142
2022-03-15T08:18:30Z  427.128  29.067  139.821  1.72241E-15  SWARM-A  17.480  151.078
2022-03-15T08:19:00Z  426.915  27.127  139.810  1.73589E-15  SWARM-A  17.488  153.013
2022-03-15T08:19:30Z  426.731  25.187  139.795  1.74848E-15  SWARM-A  17.495  154.949
2022-03-15T08:20:00Z  426.577  23.246  139.777  1.76009E-15  SWARM-A  17.502  156.884
2022-03-15T08:20:30Z  426.457  21.304  139.755  1.77065E-15  SWARM-A  17.509  158.820
2022-03-15T08:21:00Z  426.370  19.362  139.731  1.78016E-15  SWARM-A  17.516  160.755
2022-03-15T08:21:30Z  426.320  17.420  139.705  1.78852E-15  SWARM-A  17.522  162.690
2022-03-15T08:22:00Z  426.306  15.477  139.676  1.79581E-15  SWARM-A  17.529  164.624
2022-03-15T08:22:30Z  426.331  13.534  139.646  1.80197E-15  SWARM-A  17.535  166.559
2022-03-15T08:23:00Z  426.395  11.590  139.614  1.80708E-15  SWARM-A  17.541  168.493
2022-03-15T08:23:30Z  426.498  9.647  139.581  1.81117E-15  SWARM-A  17.548  170.428
2022-03-15T08:24:00Z  426.643  7.703  139.547  1.81430E-15  SWARM-A  17.554  172.362
2022-03-15T08:24:30Z  426.828  5.760  139.512  1.81650E-15  SWARM-A  17.560  174.296
2022-03-15T08:25:00Z  427.055  3.816  139.477  1.81785E-15  SWARM-A  17.566  176.230
2022-03-15T08:25:30Z  427.324  1.872  139.441  1.81835E-15  SWARM-A  17.571  178.163
2022-03-15T08:26:00Z  427.633  -0.071  139.404  1.81804E-15  SWARM-A  17.577  180.097
2022-03-15T08:26:30Z  427.984  -2.015  139.368  1.81683E-15  SWARM-A  17.583  182.030
2022-03-15T08:27:00Z  428.375  -3.958  139.332  1.81470E-15  SWARM-A  17.589  183.963
2022-03-15T08:27:30Z  428.806  -5.900  139.297  1.81122E-15  SWARM-A  17.595  185.896
2022-03-15T08:28:00Z  429.276  -7.843  139.262  1.80666E-15  SWARM-A  17.601  187.828
2022-03-15T08:28:30Z  429.784  -9.785  139.228  1.80108E-15  SWARM-A  17.607  189.761
2022-03-15T08:29:00Z  430.328  -11.726  139.195  1.79423E-15  SWARM-A  17.613  191.693
2022-03-15T08:29:30Z  430.908  -13.667  139.163  1.78619E-15  SWARM-A  17.620  193.625
2022-03-15T08:30:00Z  431.522  -15.607  139.132  1.77680E-15  SWARM-A  17.626  195.557
2022-03-15T08:30:30Z  432.167  -17.547  139.104  1.76596E-15  SWARM-A  17.632  197.488
2022-03-15T08:31:00Z  432.843  -19.486  139.078  1.75358E-15  SWARM-A  17.639  199.420
2022-03-15T08:31:30Z  433.547  -21.424  139.054  1.73959E-15  SWARM-A  17.646  201.351
2022-03-15T08:32:00Z  434.276  -23.361  139.032  1.72397E-15  SWARM-A  17.653  203.282
2022-03-15T08:32:30Z  435.029  -25.298  139.014  1.70670E-15  SWARM-A  17.660  205.213
2022-03-15T08:33:00Z  435.804  -27.233  138.999  1.68781E-15  SWARM-A  17.667  207.144
2022-03-15T08:33:30Z  436.597  -29.168  138.988  1.66746E-15  SWARM-A  17.675  209.074
2022-03-15T08:34:00Z  437.406  -31.101  138.981  1.64566E-15  SWARM-A  17.683  211.005
2022-03-15T08:34:30Z  438.228  -33.034  138.979  1.62255E-15  SWARM-A  17.691  212.935
2022-03-15T08:35:00Z  439.061  -34.965  138.983  1.59829E-15  SWARM-A  17.699  214.865
2022-03-15T08:35:30Z  439.901  -36.896  138.993  1.57302E-15  SWARM-A  17.708  216.794
2022-03-15T08:36:00Z  440.746  -38.825  139.010  1.54693E-15  SWARM-A  17.718  218.724
2022-03-15T08:36:30Z  441.592  -40.753  139.035  1.52009E-15  SWARM-A  17.728  220.653
2022-03-15T08:37:00Z  442.437  -42.680  139.068  1.49274E-15  SWARM-A  17.738  222.583
2022-03-15T08:37:30Z  443.278  -44.606  139.112  1.46493E-15  SWARM-A  17.750  224.512
2022-03-15T08:38:00Z  444.112  -46.531  139.167  1.43682E-15  SWARM-A  17.762  226.441
2022-03-15T08:38:30Z  444.935  -48.454  139.235  1.40852E-15  SWARM-A  17.774  228.369
2022-03-15T08:39:00Z  445.745  -50.376  139.319  1.38013E-15  SWARM-A  17.788  230.298
2022-03-15T08:39:30Z  446.538  -52.296  139.420  1.35179E-15  SWARM-A  17.803  232.227
2022-03-15T08:40:00Z  447.312  -54.216  139.541  1.32365E-15  SWARM-A  17.820  234.155
2022-03-15T08:40:30Z  448.064  -56.133  139.687  1.29577E-15  SWARM-A  17.838  236.083
2022-03-15T08:41:00Z  448.791  -58.050  139.860  1.26788E-15  SWARM-A  17.858  238.011
2022-03-15T08:41:30Z  449.490  -59.964  140.068  1.24018E-15  SWARM-A  17.880  239.939
2022-03-15T08:42:00Z  450.159  -61.877  140.316  1.21274E-15  SWARM-A  17.905  241.867
2022-03-15T08:42:30Z  450.796  -63.788  140.614  1.18559E-15  SWARM-A  17.933  243.795
2022-03-15T08:43:00Z  451.398  -65.697  140.973  1.15859E-15  SWARM-A  17.965  245.722
2022-03-15T08:43:30Z  451.962  -67.603  141.409  1.13181E-15  SWARM-A  18.003  247.650
2022-03-15T08:44:00Z  452.487  -69.507  141.943  1.10528E-15  SWARM-A  18.047  249.577
2022-03-15T08:44:30Z  452.971  -71.406  142.606  1.07900E-15  SWARM-A  18.099  251.505
2022-03-15T08:45:00Z  453.412  -73.302  143.440  1.05301E-15  SWARM-A  18.163  253.432
2022-03-15T08:45:30Z  453.808  -75.191  144.512  1.02730E-15  SWARM-A  18.243  255.359
2022-03-15T08:46:00Z  454.158  -77.072  145.925  1.00189E-15  SWARM-A  18.345  257.286
2022-03-15T08:46:30Z  454.460  -78.940  147.847  9.76862E-16  SWARM-A  18.482  259.213
2022-03-15T08:47:00Z  454.714  -80.789  150.585  9.52095E-16  SWARM-A  18.673  261.140
2022-03-15T08:47:30Z  454.918  -82.604  154.728  9.27729E-16  SWARM-A  18.957  263.067
2022-03-15T08:48:00Z  455.072  -84.352  161.555  9.03806E-16  SWARM-A  19.421  264.994
2022-03-15T08:48:30Z  455.174  -85.947  174.165  8.80450E-16  SWARM-A  20.270  266.921
2022-03-15T08:49:00Z  455.225  -87.122  -160.363  8.57881E-16  SWARM-A  21.976  268.848
2022-03-15T08:49:30Z  455.225  -87.267  -120.671  8.35968E-16  SWARM-A  0.631  270.775
2022-03-15T08:50:00Z  455.172  -86.260  -91.262  8.14004E-16  SWARM-A  2.600  272.702
2022-03-15T08:50:30Z  455.068  -84.724  -76.575  7.92703E-16  SWARM-A  3.587  274.629
2022-03-15T08:51:00Z  454.913  -82.999  -68.836  7.71998E-16  SWARM-A  4.111  276.556
2022-03-15T08:51:30Z  454.708  -81.195  -64.247  7.52030E-16  SWARM-A  4.426  278.484
2022-03-15T08:52:00Z  454.452  -79.352  -61.264  7.32858E-16  SWARM-A  4.633  280.411
2022-03-15T08:52:30Z  454.148  -77.487  -59.193  7.14500E-16  SWARM-A  4.779  282.338
2022-03-15T08:53:00Z  453.795  -75.609  -57.685  6.96981E-16  SWARM-A  4.888  284.265
2022-03-15T08:53:30Z  453.396  -73.721  -56.549  6.80104E-16  SWARM-A  4.972  286.192
2022-03-15T08:54:00Z  452.953  -71.827  -55.668  6.64087E-16  SWARM-A  5.039  288.120
2022-03-15T08:54:30Z  452.465  -69.928  -54.972  6.48942E-16  SWARM-A  5.094  290.047
2022-03-15T08:55:00Z  451.936  -68.025  -54.412  6.34738E-16  SWARM-A  5.140  291.975
2022-03-15T08:55:30Z  451.367  -66.119  -53.956  6.21475E-16  SWARM-A  5.178  293.902
2022-03-15T08:56:00Z  450.761  -64.211  -53.581  6.09180E-16  SWARM-A  5.212  295.830
2022-03-15T08:56:30Z  450.119  -62.300  -53.271  5.97402E-16  SWARM-A  5.241  297.758
2022-03-15T08:57:00Z  449.444  -60.388  -53.013  5.86528E-16  SWARM-A  5.266  299.686
2022-03-15T08:57:30Z  448.738  -58.473  -52.797  5.76516E-16  SWARM-A  5.289  301.614
2022-03-15T08:58:00Z  448.004  -56.557  -52.616  5.67495E-16  SWARM-A  5.309  303.542
2022-03-15T08:58:30Z  447.245  -54.640  -52.465  5.59525E-16  SWARM-A  5.328  305.470
2022-03-15T08:59:00Z  446.463  -52.721  -52.339  5.52567E-16  SWARM-A  5.345  307.399
2022-03-15T08:59:30Z  445.662  -50.800  -52.233  5.46653E-16  SWARM-A  5.360  309.327
2022-03-15T09:00:00Z  444.843  -48.878  -52.146  5.42132E-16  SWARM-A  5.374  311.256
2022-03-15T09:00:30Z  444.012  -46.955  -52.075  5.38205E-16  SWARM-A  5.387  313.185
2022-03-15T09:01:00Z  443.169  -45.031  -52.017  5.35376E-16  SWARM-A  5.399  315.114
2022-03-15T09:01:30Z  442.318  -43.105  -51.971  5.33555E-16  SWARM-A  5.411  317.043
2022-03-15T09:02:00Z  441.463  -41.178  -51.935  5.32746E-16  SWARM-A  5.422  318.972
2022-03-15T09:02:30Z  440.607  -39.250  -51.908  5.32807E-16  SWARM-A  5.432  320.902
2022-03-15T09:03:00Z  439.751  -37.321  -51.890  5.33724E-16  SWARM-A  5.441  322.832
2022-03-15T09:03:30Z  438.900  -35.391  -51.879  5.35551E-16  SWARM-A  5.450  324.762
2022-03-15T09:04:00Z  438.056  -33.459  -51.874  5.38253E-16  SWARM-A  5.459  326.692
2022-03-15T09:04:30Z  437.223  -31.527  -51.874  5.41799E-16  SWARM-A  5.467  328.622
2022-03-15T09:05:00Z  436.402  -29.593  -51.880  5.46135E-16  SWARM-A  5.475  330.553
2022-03-15T09:05:30Z  435.597  -27.658  -51.890  5.51211E-16  SWARM-A  5.483  332.483
2022-03-15T09:06:00Z  434.811  -25.723  -51.904  5.56954E-16  SWARM-A  5.490  334.414
2022-03-15T09:06:30Z  434.046  -23.786  -51.922  5.63311E-16  SWARM-A  5.497  336.345
2022-03-15T09:07:00Z  433.304  -21.849  -51.942  5.70216E-16  SWARM-A  5.504  338.276
2022-03-15T09:07:30Z  432.588  -19.911  -51.966  5.77631E-16  SWARM-A  5.511  340.208
2022-03-15T09:08:00Z  431.901  -17.972  -51.992  5.85475E-16  SWARM-A  5.518  342.139
2022-03-15T09:08:30Z  431.244  -16.032  -52.020  5.93756E-16  SWARM-A  5.524  344.071
2022-03-15T09:09:00Z  430.619  -14.092  -52.050  6.02390E-16  SWARM-A  5.531  346.003
2022-03-15T09:09:30Z  430.028  -12.151  -52.081  6.11282E-16  SWARM-A  5.537  347.936
2022-03-15T09:10:00Z  429.472  -10.209  -52.114  6.20434E-16  SWARM-A  5.543  349.868
2022-03-15T09:10:30Z  428.954  -8.267  -52.148  6.29768E-16  SWARM-A  5.549  351.801
2022-03-15T09:11:00Z  428.474  -6.325  -52.183  6.39207E-16  SWARM-A  5.555  353.733
2022-03-15T09:11:30Z  428.033  -4.382  -52.218  6.48733E-16  SWARM-A  5.561  355.666
2022-03-15T09:12:00Z  427.633  -2.439  -52.254  6.58257E-16  SWARM-A  5.567  357.600
2022-03-15T09:12:30Z  427.274  -0.495  -52.290  6.67701E-16  SWARM-A  5.573  359.533
2022-03-15T09:13:00Z  426.957  1.448  -52.326  6.77267E-16  SWARM-A  5.579  1.467
2022-03-15T09:13:30Z  426.682  3.392  -52.362  6.86564E-16  SWARM-A  5.585  3.400
2022-03-15T09:14:00Z  426.449  5.336  -52.398  6.95526E-16  SWARM-A  5.591  5.334
2022-03-15T09:14:30Z  426.257  7.280  -52.433  7.04179E-16  SWARM-A  5.597  7.268
2022-03-15T09:15:00Z  426.108  9.224  -52.467  7.12518E-16  SWARM-A  5.603  9.203
2022-03-15T09:15:30Z  426.001  11.168  -52.501  7.20451E-16  SWARM-A  5.609  11.137
2022-03-15T09:16:00Z  425.934  13.111  -52.533  7.27952E-16  SWARM-A  5.615  13.072
2022-03-15T09:16:30Z  425.907  15.055  -52.563  7.35013E-16  SWARM-A  5.621  15.006
2022-03-15T09:17:00Z  425.919  16.998  -52.592  7.41598E-16  SWARM-A  5.628  16.941
2022-03-15T09:17:30Z  425.970  18.941  -52.619  7.47774E-16  SWARM-A  5.634  18.877
2022-03-15T09:18:00Z  426.057  20.883  -52.644  7.53527E-16  SWARM-A  5.641  20.812
2022-03-15T09:18:30Z  426.179  22.825  -52.666  7.58900E-16  SWARM-A  5.648  22.747
2022-03-15T09:19:00Z  426.335  24.766  -52.684  7.63904E-16  SWARM-A  5.655  24.683
2022-03-15T09:19:30Z  426.523  26.707  -52.700  7.68599E-16  SWARM-A  5.662  26.619
2022-03-15T09:20:00Z  426.741  28.647  -52.712  7.73029E-16  SWARM-A  5.670  28.554
2022-03-15T09:20:30Z  426.986  30.587  -52.719  7.77276E-16  SWARM-A  5.678  30.490
2022-03-15T09:21:00Z  427.258  32.525  -52.722  7.81404E-16  SWARM-A  5.686  32.427
2022-03-15T09:21:30Z  427.553  34.463  -52.720  7.85497E-16  SWARM-A  5.694  34.363
2022-03-15T09:22:00Z  427.870  36.401  -52.711  7.89620E-16  SWARM-A  5.703  36.299
2022-03-15T09:22:30Z  428.206  38.337  -52.695  7.93848E-16  SWARM-A  5.713  38.236
2022-03-15T09:23:00Z  428.558  40.273  -52.672  7.98281E-16  SWARM-A  5.722  40.172
2022-03-15T09:23:30Z  428.925  42.208  -52.640  8.02960E-16  SWARM-A  5.733  42.109
2022-03-15T09:24:00Z  429.303  44.141  -52.599  8.07951E-16  SWARM-A  5.744  44.046
2022-03-15T09:24:30Z  429.690  46.074  -52.546  8.13300E-16  SWARM-A  5.756  45.983
2022-03-15T09:25:00Z  430.084  48.006  -52.480  8.18962E-16  SWARM-A  5.769  47.920
2022-03-15T09:25:30Z  430.481  49.937  -52.399  8.25023E-16  SWARM-A  5.782  49.857
2022-03-15T09:26:00Z  430.881  51.866  -52.301  8.31563E-16  SWARM-A  5.797  51.794
2022-03-15T09:26:30Z  431.279  53.795  -52.183  8.38604E-16  SWARM-A  5.813  53.731
2022-03-15T09:27:00Z  431.673  55.722  -52.042  8.46177E-16  SWARM-A  5.831  55.669
2022-03-15T09:27:30Z  432.061  57.648  -51.873  8.54263E-16  SWARM-A  5.851  57.606
2022-03-15T09:28:00Z  432.442  59.572  -51.672  8.62894E-16  SWARM-A  5.872  59.544
2022-03-15T09:28:30Z  432.811  61.495  -51.431  8.72032E-16  SWARM-A  5.897  61.481
2022-03-15T09:29:00Z  433.168  63.416  -51.141  8.81671E-16  SWARM-A  5.925  63.419
2022-03-15T09:29:30Z  433.509  65.335  -50.793  8.91825E-16  SWARM-A  5.956  65.356
2022-03-15T09:30:00Z  433.834  67.252  -50.370  9.02438E-16  SWARM-A  5.993  67.294
2022-03-15T09:30:30Z  434.140  69.166  -49.851  9.13615E-16  SWARM-A  6.036  69.232
2022-03-15T09:31:00Z  434.425  71.077  -49.210  9.25350E-16  SWARM-A  6.087  71.170
2022-03-15T09:31:30Z  434.688  72.983  -48.403  9.37706E-16  SWARM-A  6.149  73.108
2022-03-15T09:32:00Z  434.927  74.884  -47.370  9.50677E-16  SWARM-A  6.226  75.046
2022-03-15T09:32:30Z  435.141  76.777  -46.012  9.64393E-16  SWARM-A  6.325  76.983
2022-03-15T09:33:00Z  435.329  78.658  -44.172  9.78845E-16  SWARM-A  6.456  78.921
2022-03-15T09:33:30Z  435.489  80.521  -41.567  9.94155E-16  SWARM-A  6.638  80.859
2022-03-15T09:34:00Z  435.621  82.352  -37.656  1.01031E-15  SWARM-A  6.907  82.797
2022-03-15T09:34:30Z  435.724  84.123  -31.282  1.02741E-15  SWARM-A  7.340  84.735
2022-03-15T09:35:00Z  435.797  85.756  -19.662  1.04550E-15  SWARM-A  8.123  86.673
2022-03-15T09:35:30Z  435.840  87.018  3.830  1.06464E-15  SWARM-A  9.698  88.611
2022-03-15T09:36:00Z  435.853  87.319  43.029  1.08416E-15  SWARM-A  12.319  90.549
2022-03-15T09:36:30Z  435.836  86.408  74.659  1.10349E-15  SWARM-A  14.436  92.487
2022-03-15T09:37:00Z  435.789  84.899  90.610  1.12359E-15  SWARM-A  15.508  94.425
2022-03-15T09:37:30Z  435.712  83.177  98.880  1.14449E-15  SWARM-A  16.068  96.363
2022-03-15T09:38:00Z  435.606  81.368  103.717  1.16603E-15  SWARM-A  16.398  98.301
2022-03-15T09:38:30Z  435.471  79.517  106.830  1.18802E-15  SWARM-A  16.614  100.239
2022-03-15T09:39:00Z  435.308  77.643  108.976  1.21029E-15  SWARM-A  16.766  102.177
2022-03-15T09:39:30Z  435.118  75.755  110.530  1.23277E-15  SWARM-A  16.878  104.115
2022-03-15T09:40:00Z  434.903  73.858  111.697  1.25533E-15  SWARM-A  16.964  106.053
2022-03-15T09:40:30Z  434.663  71.954  112.599  1.27788E-15  SWARM-A  17.032  107.991
2022-03-15T09:41:00Z  434.401  70.045  113.310  1.30050E-15  SWARM-A  17.088  109.928
2022-03-15T09:41:30Z  434.116  68.132  113.881  1.32489E-15  SWARM-A  17.134  111.866
2022-03-15T09:42:00Z  433.813  66.217  114.345  1.34934E-15  SWARM-A  17.174  113.804
2022-03-15T09:42:30Z  433.491  64.299  114.726  1.37347E-15  SWARM-A  17.207  115.741
2022-03-15T09:43:00Z  433.153  62.379  115.041  1.39640E-15  SWARM-A  17.237  117.679
2022-03-15T09:43:30Z  432.802  60.457  115.303  1.41872E-15  SWARM-A  17.263  119.616
2022-03-15T09:44:00Z  432.438  58.533  115.522  1.44069E-15  SWARM-A  17.285  121.554
2022-03-15T09:44:30Z  432.066  56.608  115.705  1.46235E-15  SWARM-A  17.306  123.491
2022-03-15T09:45:00Z  431.686  54.682  115.858  1.48346E-15  SWARM-A  17.325  125.428
2022-03-15T09:45:30Z  431.301  52.754  115.986  1.50097E-15  SWARM-A  17.341  127.366
2022-03-15T09:46:00Z  430.914  50.825  116.093  1.51826E-15  SWARM-A  17.357  129.303
2022-03-15T09:46:30Z  430.527  48.895  116.181  1.53538E-15  SWARM-A  17.371  131.240
2022-03-15T09:47:00Z  430.142  46.964  116.254  1.55237E-15  SWARM-A  17.384  133.177
2022-03-15T09:47:30Z  429.763  45.032  116.313  1.57036E-15  SWARM-A  17.397  135.113
2022-03-15T09:48:00Z  429.391  43.099  116.359  1.59023E-15  SWARM-A  17.408  137.050
2022-03-15T09:48:30Z  429.030  41.165  116.396  1.60994E-15  SWARM-A  17.419  138.987
2022-03-15T09:49:00Z  428.681  39.230  116.423  1.62949E-15  SWARM-A  17.429  140.923
2022-03-15T09:49:30Z  428.347  37.294  116.442  1.64873E-15  SWARM-A  17.438  142.859
2022-03-15T09:50:00Z  428.030  35.357  116.453  1.66591E-15  SWARM-A  17.448  144.796
2022-03-15T09:50:30Z  427.734  33.419  116.459  1.68043E-15  SWARM-A  17.456  146.732
2022-03-15T09:51:00Z  427.460  31.481  116.458  1.69427E-15  SWARM-A  17.465  148.668
2022-03-15T09:51:30Z  427.210  29.542  116.453  1.70730E-15  SWARM-A  17.473  150.604
2022-03-15T09:52:00Z  426.987  27.602  116.443  1.71940E-15  SWARM-A  17.480  152.539
2022-03-15T09:52:30Z  426.792  25.662  116.429  1.73031E-15  SWARM-A  17.488  154.475
2022-03-15T09:53:00Z  426.628  23.721  116.412  1.73905E-15  SWARM-A  17.495  156.410
2022-03-15T09:53:30Z  426.496  21.780  116.391  1.74664E-15  SWARM-A  17.502  158.346
2022-03-15T09:54:00Z  426.398  19.838  116.368  1.75298E-15  SWARM-A  17.509  160.281
2022-03-15T09:54:30Z  426.336  17.895  116.342  1.75810E-15  SWARM-A  17.515  162.216
2022-03-15T09:55:00Z  426.310  15.953  116.314  1.76201E-15  SWARM-A  17.522  164.151
2022-03-15T09:55:30Z  426.323  14.010  116.285  1.76471E-15  SWARM-A  17.528  166.085
2022-03-15T09:56:00Z  426.374  12.066  116.253  1.76638E-15  SWARM-A  17.534  168.020
2022-03-15T09:56:30Z  426.465  10.123  116.221  1.76695E-15  SWARM-A  17.540  169.954
2022-03-15T09:57:00Z  426.597  8.179  116.187  1.76647E-15  SWARM-A  17.547  171.888
2022-03-15T09:57:30Z  426.770  6.236  116.152  1.76505E-15  SWARM-A  17.553  173.822
2022-03-15T09:58:00Z  426.984  4.292  116.117  1.76269E-15  SWARM-A  17.559  175.756
2022-03-15T09:58:30Z  427.239  2.348  116.081  1.75947E-15  SWARM-A  17.564  177.690
2022-03-15T09:59:00Z  427.536  0.405  116.045  1.75541E-15  SWARM-A  17.570  179.623
2022-03-15T09:59:30Z  427.874  -1.539  116.009  1.75048E-15  SWARM-A  17.576  181.556
2022-03-15T10:00:00Z  428.252  -3.482  115.973  1.74471E-15  SWARM-A  17.582  183.489
2022-03-15T10:00:30Z  428.671  -5.425  115.937  1.73800E-15  SWARM-A  17.588  185.422
2022-03-15T10:01:00Z  429.129  -7.367  115.902  1.73033E-15  SWARM-A  17.594  187.355
2022-03-15T10:01:30Z  429.625  -9.309  115.868  1.72131E-15  SWARM-A  17.600  189.287
2022-03-15T10:02:00Z  430.158  -11.251  115.835  1.71113E-15  SWARM-A  17.606  191.220
2022-03-15T10:02:30Z  430.727  -13.192  115.803  1.69986E-15  SWARM-A  17.613  193.152
2022-03-15T10:03:00Z  431.330  -15.132  115.772  1.68740E-15  SWARM-A  17.619  195.084
2022-03-15T10:03:30Z  431.966  -17.072  115.743  1.67374E-15  SWARM-A  17.625  197.015
2022-03-15T10:04:00Z  432.633  -19.011  115.716  1.65881E-15  SWARM-A  17.632  198.947
2022-03-15T10:04:30Z  433.329  -20.949  115.692  1.64254E-15  SWARM-A  17.639  200.878
2022-03-15T10:05:00Z  434.051  -22.887  115.670  1.62499E-15  SWARM-A  17.645  202.809
2022-03-15T10:05:30Z  434.798  -24.824  115.651  1.60612E-15  SWARM-A  17.652  204.740
2022-03-15T10:06:00Z  435.566  -26.759  115.635  1.58570E-15  SWARM-A  17.660  206.671
2022-03-15T10:06:30Z  436.354  -28.694  115.623  1.56406E-15  SWARM-A  17.667  208.602
2022-03-15T10:07:00Z  437.159  -30.628  115.616  1.54131E-15  SWARM-A  17.675  210.532
2022-03-15T10:07:30Z  437.978  -32.561  115.613  1.51757E-15  SWARM-A  17.683  212.462
2022-03-15T10:08:00Z  438.808  -34.493  115.615  1.49300E-15  SWARM-A  17.692  214.392
2022-03-15T10:08:30Z  439.647  -36.423  115.624  1.46771E-15  SWARM-A  17.701  216.322
2022-03-15T10:09:00Z  440.491  -38.353  115.639  1.44184E-15  SWARM-A  17.710  218.252
2022-03-15T10:09:30Z  441.338  -40.281  115.662  1.41556E-15  SWARM-A  17.720  220.181
2022-03-15T10:10:00Z  442.184  -42.209  115.693  1.38899E-15  SWARM-A  17.730  222.111
2022-03-15T10:10:30Z  443.027  -44.135  115.734  1.36225E-15  SWARM-A  17.741  224.040
2022-03-15T10:11:00Z  443.864  -46.060  115.787  1.33552E-15  SWARM-A  17.753  225.969
2022-03-15T10:11:30Z  444.690  -47.983  115.852  1.30887E-15  SWARM-A  17.766  227.898
2022-03-15T10:12:00Z  445.505  -49.906  115.932  1.28236E-15  SWARM-A  17.780  229.826
2022-03-15T10:12:30Z  446.303  -51.827  116.028  1.25615E-15  SWARM-A  17.794  231.755
2022-03-15T10:13:00Z  447.083  -53.746  116.145  1.23041E-15  SWARM-A  17.810  233.683
2022-03-15T10:13:30Z  447.842  -55.664  116.284  1.20503E-15  SWARM-A  17.828  235.611
2022-03-15T10:14:00Z  448.577  -57.581  116.451  1.17999E-15  SWARM-A  17.847  237.540
2022-03-15T10:14:30Z  449.284  -59.496  116.650  1.15525E-15  SWARM-A  17.869  239.468
2022-03-15T10:15:00Z  449.963  -61.409  116.887  1.13081E-15  SWARM-A  17.893  241.396
2022-03-15T10:15:30Z  450.609  -63.321  117.172  1.10668E-15  SWARM-A  17.921  243.323
2022-03-15T10:16:00Z  451.221  -65.230  117.516  1.08297E-15  SWARM-A  17.952  245.251
2022-03-15T10:16:30Z  451.796  -67.137  117.932  1.05936E-15  SWARM-A  17.988  247.179
2022-03-15T10:17:00Z  452.333  -69.041  118.440  1.03560E-15  SWARM-A  18.030  249.106
2022-03-15T10:17:30Z  452.829  -70.942  119.069  1.01215E-15  SWARM-A  18.080  251.033
2022-03-15T10:18:00Z  453.282  -72.838  119.857  9.89104E-16  SWARM-A  18.141  252.961
2022-03-15T10:18:30Z  453.691  -74.729  120.864  9.66349E-16  SWARM-A  18.217  254.888
2022-03-15T10:19:00Z  454.054  -76.612  122.182  9.43963E-16  SWARM-A  18.313  256.815
2022-03-15T10:19:30Z  454.369  -78.484  123.960  9.21816E-16  SWARM-A  18.440  258.742
2022-03-15T10:20:00Z  454.637  -80.339  126.462  8.98869E-16  SWARM-A  18.615  260.669
2022-03-15T10:20:30Z  454.855  -82.164  130.183  8.75924E-16  SWARM-A  18.871  262.596
2022-03-15T10:21:00Z  455.022  -83.933  136.172  8.53394E-16  SWARM-A  19.279  264.524
2022-03-15T10:21:30Z  455.139  -85.579  146.906  8.31455E-16  SWARM-A  20.003  266.451
2022-03-15T10:22:00Z  455.205  -86.900  168.384  8.10318E-16  SWARM-A  21.443  268.378
2022-03-15T10:22:30Z  455.218  -87.353  -153.822  7.90076E-16  SWARM-A  23.971  270.305
2022-03-15T10:23:00Z  455.181  -86.575  -120.148  7.71240E-16  SWARM-A  2.224  272.232
2022-03-15T10:23:30Z  455.091  -85.123  -102.685  7.52633E-16  SWARM-A  3.397  274.159
2022-03-15T10:24:00Z  454.951  -83.430  -93.733  7.34786E-16  SWARM-A  4.002  276.086
2022-03-15T10:24:30Z  454.759  -81.640  -88.565  7.17861E-16  SWARM-A  4.355  278.013
2022-03-15T10:25:00Z  454.518  -79.805  -85.271  7.01928E-16  SWARM-A  4.583  279.940
2022-03-15T10:25:30Z  454.227  -77.944  -83.016  6.86222E-16  SWARM-A  4.741  281.867
2022-03-15T10:26:00Z  453.889  -76.068  -81.391  6.70961E-16  SWARM-A  4.858  283.794
2022-03-15T10:26:30Z  453.503  -74.183  -80.176  6.56658E-16  SWARM-A  4.947  285.721
2022-03-15T10:27:00Z  453.072  -72.290  -79.239  6.43550E-16  SWARM-A  5.018  287.649
2022-03-15T10:27:30Z  452.598  -70.392  -78.502  6.31602E-16  SWARM-A  5.076  289.576
2022-03-15T10:28:00Z  452.081  -68.490  -77.912  6.20758E-16  SWARM-A  5.123  291.504
2022-03-15T10:28:30Z  451.524  -66.585  -77.432  6.10741E-16  SWARM-A  5.164  293.431
2022-03-15T10:29:00Z  450.929  -64.677  -77.039  6.02028E-16  SWARM-A  5.198  295.359
2022-03-15T10:29:30Z  450.298  -62.767  -76.714  5.94581E-16  SWARM-A  5.228  297.287
2022-03-15T10:30:00Z  449.633  -60.855  -76.444  5.88371E-16  SWARM-A  5.255  299.214
2022-03-15T10:30:30Z  448.937  -58.941  -76.218  5.83209E-16  SWARM-A  5.278  301.142
2022-03-15T10:31:00Z  448.213  -57.026  -76.029  5.79335E-16  SWARM-A  5.299  303.071
2022-03-15T10:31:30Z  447.462  -55.108  -75.871  5.76611E-16  SWARM-A  5.318  304.999
2022-03-15T10:32:00Z  446.689  -53.190  -75.739  5.74989E-16  SWARM-A  5.335  306.927
2022-03-15T10:32:30Z  445.895  -51.270  -75.628  5.74397E-16  SWARM-A  5.351  308.856
2022-03-15T10:33:00Z  445.083  -49.348  -75.537  5.74806E-16  SWARM-A  5.365  310.784
2022-03-15T10:33:30Z  444.257  -47.425  -75.461  5.75951E-16  SWARM-A  5.378  312.713
2022-03-15T10:34:00Z  443.419  -45.501  -75.400  5.77094E-16  SWARM-A  5.391  314.642
2022-03-15T10:34:30Z  442.573  -43.576  -75.351  5.79036E-16  SWARM-A  5.402  316.571
2022-03-15T10:35:00Z  441.721  -41.649  -75.313  5.81645E-16  SWARM-A  5.413  318.501
2022-03-15T10:35:30Z  440.867  -39.722  -75.284  5.84872E-16  SWARM-A  5.424  320.430
2022-03-15T10:36:00Z  440.013  -37.793  -75.263  5.88618E-16  SWARM-A  5.433  322.360
2022-03-15T10:36:30Z  439.163  -35.863  -75.250  5.92819E-16  SWARM-A  5.443  324.290
2022-03-15T10:37:00Z  438.319  -33.932  -75.244  5.97403E-16  SWARM-A  5.451  326.220
2022-03-15T10:37:30Z  437.484  -31.999  -75.243  6.02317E-16  SWARM-A  5.460  328.150
2022-03-15T10:38:00Z  436.662  -30.066  -75.247  6.07461E-16  SWARM-A  5.468  330.080
2022-03-15T10:38:30Z  435.855  -28.132  -75.256  6.12796E-16  SWARM-A  5.475  332.011
2022-03-15T10:39:00Z  435.066  -26.196  -75.269  6.18304E-16  SWARM-A  5.483  333.942
2022-03-15T10:39:30Z  434.297  -24.260  -75.286  6.23938E-16  SWARM-A  5.490  335.873
2022-03-15T10:40:00Z  433.551  -22.323  -75.306  6.29714E-16  SWARM-A  5.497  337.804
2022-03-15T10:40:30Z  432.831  -20.385  -75.328  6.35581E-16  SWARM-A  5.504  339.735
2022-03-15T10:41:00Z  432.138  -18.446  -75.353  6.41606E-16  SWARM-A  5.511  341.667
2022-03-15T10:41:30Z  431.474  -16.507  -75.381  6.47763E-16  SWARM-A  5.517  343.599
2022-03-15T10:42:00Z  430.842  -14.567  -75.410  6.54015E-16  SWARM-A  5.524  345.531
2022-03-15T10:42:30Z  430.244  -12.626  -75.441  6.60374E-16  SWARM-A  5.530  347.463
2022-03-15T10:43:00Z  429.680  -10.685  -75.474  6.66851E-16  SWARM-A  5.536  349.395
2022-03-15T10:43:30Z  429.153  -8.743  -75.507  6.73387E-16  SWARM-A  5.542  351.328
2022-03-15T10:44:00Z  428.664  -6.800  -75.542  6.79973E-16  SWARM-A  5.548  353.260
2022-03-15T10:44:30Z  428.214  -4.858  -75.577  6.86631E-16  SWARM-A  5.554  355.193
2022-03-15T10:45:00Z  427.804  -2.914  -75.613  6.93300E-16  SWARM-A  5.560  357.126
2022-03-15T10:45:30Z  427.435  -0.971  -75.649  6.99931E-16  SWARM-A  5.566  359.060
2022-03-15T10:46:00Z  427.107  0.973  -75.685  7.06456E-16  SWARM-A  5.572  0.993
2022-03-15T10:46:30Z  426.821  2.916  -75.721  7.12886E-16  SWARM-A  5.578  2.927
2022-03-15T10:47:00Z  426.576  4.860  -75.756  7.19110E-16  SWARM-A  5.584  4.861
2022-03-15T10:47:30Z  426.373  6.804  -75.791  7.25138E-16  SWARM-A  5.590  6.795
2022-03-15T10:48:00Z  426.212  8.748  -75.826  7.30969E-16  SWARM-A  5.596  8.729
2022-03-15T10:48:30Z  426.093  10.692  -75.859  7.36541E-16  SWARM-A  5.602  10.663
2022-03-15T10:49:00Z  426.014  12.635  -75.892  7.41816E-16  SWARM-A  5.608  12.598
2022-03-15T10:49:30Z  425.975  14.579  -75.922  7.46808E-16  SWARM-A  5.614  14.533
2022-03-15T10:50:00Z  425.975  16.522  -75.952  7.51540E-16  SWARM-A  5.621  16.468
2022-03-15T10:50:30Z  426.014  18.465  -75.979  7.56039E-16  SWARM-A  5.627  18.403
2022-03-15T10:51:00Z  426.089  20.407  -76.004  7.60289E-16  SWARM-A  5.634  20.338
2022-03-15T10:51:30Z  426.200  22.349  -76.026  7.64430E-16  SWARM-A  5.641  22.273
2022-03-15T10:52:00Z  426.345  24.290  -76.046  7.68448E-16  SWARM-A  5.648  24.209
2022-03-15T10:52:30Z  426.522  26.231  -76.062  7.72406E-16  SWARM-A  5.655  26.144
2022-03-15T10:53:00Z  426.730  28.172  -76.075  7.76390E-16  SWARM-A  5.663  28.080
2022-03-15T10:53:30Z  426.966  30.111  -76.083  7.80493E-16  SWARM-A  5.670  30.016
2022-03-15T10:54:00Z  427.228  32.050  -76.087  7.84747E-16  SWARM-A  5.678  31.952
2022-03-15T10:54:30Z  427.515  33.989  -76.086  7.89231E-16  SWARM-A  5.687  33.888
2022-03-15T10:55:00Z  427.824  35.926  -76.079  7.93996E-16  SWARM-A  5.696  35.825
2022-03-15T10:55:30Z  428.152  37.863  -76.065  7.99182E-16  SWARM-A  5.705  37.761
2022-03-15T10:56:00Z  428.498  39.798  -76.043  8.04849E-16  SWARM-A  5.715  39.698
2022-03-15T10:56:30Z  428.858  41.733  -76.014  8.11050E-16  SWARM-A  5.725  41.634
2022-03-15T10:57:00Z  429.231  43.667  -75.974  8.17815E-16  SWARM-A  5.736  43.571
2022-03-15T10:57:30Z  429.613  45.600  -75.924  8.25200E-16  SWARM-A  5.748  45.508
2022-03-15T10:58:00Z  430.003  47.532  -75.861  8.33049E-16  SWARM-A  5.760  47.445
2022-03-15T10:58:30Z  430.398  49.463  -75.784  8.41543E-16  SWARM-A  5.774  49.382
2022-03-15T10:59:00Z  430.794  51.393  -75.691  8.50643E-16  SWARM-A  5.788  51.319
2022-03-15T10:59:30Z  431.191  53.322  -75.578  8.60420E-16  SWARM-A  5.804  53.256
2022-03-15T11:00:00Z  431.585  55.249  -75.442  8.70861E-16  SWARM-A  5.821  55.194
2022-03-15T11:00:30Z  431.973  57.175  -75.281  8.81925E-16  SWARM-A  5.841  57.131
2022-03-15T11:01:00Z  432.354  59.100  -75.087  8.93535E-16  SWARM-A  5.862  59.069
2022-03-15T11:01:30Z  432.725  61.023  -74.856  9.04328E-16  SWARM-A  5.886  61.006
2022-03-15T11:02:00Z  433.084  62.945  -74.579  9.15854E-16  SWARM-A  5.912  62.944
2022-03-15T11:02:30Z  433.429  64.864  -74.246  9.27736E-16  SWARM-A  5.943  64.881
2022-03-15T11:03:00Z  433.758  66.782  -73.842  9.40115E-16  SWARM-A  5.978  66.819
2022-03-15T11:03:30Z  434.069  68.697  -73.349  9.53056E-16  SWARM-A  6.019  68.757
2022-03-15T11:04:00Z  434.359  70.608  -72.741  9.66518E-16  SWARM-A  6.068  70.695
2022-03-15T11:04:30Z  434.628  72.516  -71.978  9.80654E-16  SWARM-A  6.127  72.633
2022-03-15T11:05:00Z  434.873  74.418  -71.007  9.95513E-16  SWARM-A  6.200  74.570
2022-03-15T11:05:30Z  435.094  76.313  -69.739  1.01104E-15  SWARM-A  6.293  76.508
2022-03-15T11:06:00Z  435.289  78.198  -68.036  1.02728E-15  SWARM-A  6.415  78.446
2022-03-15T11:06:30Z  435.456  80.066  -65.653  1.04430E-15  SWARM-A  6.582  80.384
2022-03-15T11:07:00Z  435.596  81.907  -62.133  1.06214E-15  SWARM-A  6.825  82.322
2022-03-15T11:07:30Z  435.707  83.696  -56.527  1.08037E-15  SWARM-A  7.207  84.260
2022-03-15T11:08:00Z  435.788  85.375  -46.610  1.09904E-15  SWARM-A  7.877  86.198
2022-03-15T11:08:30Z  435.840  86.767  -26.892  1.11871E-15  SWARM-A  9.200  88.136
2022-03-15T11:09:00Z  435.861  87.367  9.548  1.13890E-15  SWARM-A  11.637  90.074
2022-03-15T11:09:30Z  435.852  86.710  45.257  1.15864E-15  SWARM-A  14.026  92.012
2022-03-15T11:10:00Z  435.813  85.296  64.276  1.17890E-15  SWARM-A  15.303  93.950
2022-03-15T11:10:30Z  435.745  83.609  73.886  1.19848E-15  SWARM-A  15.952  95.888
2022-03-15T11:11:00Z  435.646  81.815  79.351  1.21765E-15  SWARM-A  16.324  97.826
2022-03-15T11:11:30Z  435.519  79.973  82.797  1.23709E-15  SWARM-A  16.562  99.764
2022-03-15T11:12:00Z  435.364  78.104  85.138  1.25668E-15  SWARM-A  16.727  101.702
2022-03-15T11:12:30Z  435.182  76.219  86.815  1.27629E-15  SWARM-A  16.847  103.640
2022-03-15T11:13:00Z  434.974  74.323  88.064  1.29582E-15  SWARM-A  16.939  105.578
2022-03-15T11:13:30Z  434.742  72.421  89.024  1.31634E-15  SWARM-A  17.011  107.516
2022-03-15T11:14:00Z  434.486  70.513  89.777  1.33730E-15  SWARM-A  17.069  109.453
2022-03-15T11:14:30Z  434.208  68.601  90.379  1.35788E-15  SWARM-A  17.118  111.391
2022-03-15T11:15:00Z  433.910  66.687  90.867  1.37806E-15  SWARM-A  17.159  113.329
2022-03-15T11:15:30Z  433.594  64.769  91.267  1.39772E-15  SWARM-A  17.194  115.266
2022-03-15T11:16:00Z  433.261  62.850  91.598  1.41685E-15  SWARM-A  17.224  117.204
2022-03-15T11:16:30Z  432.914  60.928  91.872  1.43504E-15  SWARM-A  17.251  119.141
2022-03-15T11:17:00Z  432.555  59.005  92.101  1.45091E-15  SWARM-A  17.274  121.079
2022-03-15T11:17:30Z  432.185  57.080  92.292  1.46638E-15  SWARM-A  17.295  123.016
2022-03-15T11:18:00Z  431.808  55.154  92.453  1.48155E-15  SWARM-A  17.315  124.953
2022-03-15T11:18:30Z  431.426  53.227  92.587  1.49642E-15  SWARM-A  17.332  126.891
2022-03-15T11:19:00Z  431.041  51.298  92.699  1.51119E-15  SWARM-A  17.348  128.828
2022-03-15T11:19:30Z  430.655  49.368  92.792  1.52585E-15  SWARM-A  17.362  130.765
2022-03-15T11:20:00Z  430.271  47.438  92.868  1.54042E-15  SWARM-A  17.376  132.702
2022-03-15T11:20:30Z  429.892  45.506  92.930  1.55425E-15  SWARM-A  17.388  134.638
2022-03-15T11:21:00Z  429.520  43.573  92.980  1.56799E-15  SWARM-A  17.400  136.575
2022-03-15T11:21:30Z  429.157  41.639  93.019  1.58165E-15  SWARM-A  17.411  138.512
2022-03-15T11:22:00Z  428.807  39.704  93.048  1.59518E-15  SWARM-A  17.421  140.448
2022-03-15T11:22:30Z  428.471  37.769  93.069  1.60852E-15  SWARM-A  17.431  142.384
2022-03-15T11:23:00Z  428.153  35.832  93.082  1.62150E-15  SWARM-A  17.440  144.321
2022-03-15T11:23:30Z  427.853  33.895  93.089  1.63406E-15  SWARM-A  17.449  146.257
2022-03-15T11:24:00Z  427.576  31.957  93.090  1.64606E-15  SWARM-A  17.457  148.193
2022-03-15T11:24:30Z  427.322  30.018  93.086  1.65737E-15  SWARM-A  17.465  150.129
2022-03-15T11:25:00Z  427.094  28.078  93.078  1.66782E-15  SWARM-A  17.473  152.064
2022-03-15T11:25:30Z  426.895  26.138  93.065  1.67739E-15  SWARM-A  17.480  154.000
2022-03-15T11:26:00Z  426.725  24.198  93.048  1.68590E-15  SWARM-A  17.488  155.935
2022-03-15T11:26:30Z  426.587  22.256  93.029  1.69331E-15  SWARM-A  17.495  157.871
2022-03-15T11:27:00Z  426.483  20.315  93.006  1.69952E-15  SWARM-A  17.501  159.806
2022-03-15T11:27:30Z  426.414  18.372  92.981  1.70452E-15  SWARM-A  17.508  161.741
2022-03-15T11:28:00Z  426.382  16.430  92.954  1.70828E-15  SWARM-A  17.515  163.676
2022-03-15T11:28:30Z  426.387  14.487  92.924  1.71088E-15  SWARM-A  17.521  165.610
2022-03-15T11:29:00Z  426.431  12.544  92.893  1.71232E-15  SWARM-A  17.527  167.545
2022-03-15T11:29:30Z  426.515  10.600  92.861  1.71272E-15  SWARM-A  17.533  169.479
2022-03-15T11:30:00Z  426.640  8.657  92.828  1.71206E-15  SWARM-A  17.540  171.413
2022-03-15T11:30:30Z  426.806  6.713  92.793  1.71045E-15  SWARM-A  17.546  173.347
2022-03-15T11:31:00Z  427.013  4.770  92.758  1.70796E-15  SWARM-A  17.552  175.281
2022-03-15T11:31:30Z  427.261  2.826  92.722  1.70461E-15  SWARM-A  17.558  177.214
2022-03-15T11:32:00Z  427.552  0.883  92.686  1.70049E-15  SWARM-A  17.563  179.148
2022-03-15T11:32:30Z  427.883  -1.061  92.650  1.69553E-15  SWARM-A  17.569  181.081
2022-03-15T11:33:00Z  428.256  -3.004  92.614  1.68981E-15  SWARM-A  17.575  183.014
2022-03-15T11:33:30Z  428.668  -4.947  92.579  1.68333E-15  SWARM-A  17.581  184.947
2022-03-15T11:34:00Z  429.121  -6.889  92.543  1.67605E-15  SWARM-A  17.587  186.880
2022-03-15T11:34:30Z  429.612  -8.831  92.509  1.66781E-15  SWARM-A  17.593  188.812
2022-03-15T11:35:00Z  430.141  -10.773  92.475  1.65861E-15  SWARM-A  17.599  190.744
2022-03-15T11:35:30Z  430.706  -12.714  92.443  1.64834E-15  SWARM-A  17.606  192.676
2022-03-15T11:36:00Z  431.305  -14.655  92.412  1.63691E-15  SWARM-A  17.612  194.608
2022-03-15T11:36:30Z  431.938  -16.594  92.383  1.62426E-15  SWARM-A  17.618  196.540
2022-03-15T11:37:00Z  432.602  -18.534  92.356  1.61027E-15  SWARM-A  17.625  198.471
2022-03-15T11:37:30Z  433.295  -20.472  92.331  1.59489E-15  SWARM-A  17.631  200.403
2022-03-15T11:38:00Z  434.015  -22.410  92.308  1.57813E-15  SWARM-A  17.638  202.334
2022-03-15T11:38:30Z  434.760  -24.346  92.288  1.55996E-15  SWARM-A  17.645  204.265
2022-03-15T11:39:00Z  435.528  -26.282  92.272  1.54053E-15  SWARM-A  17.653  206.195
2022-03-15T11:39:30Z  436.315  -28.217  92.259  1.51978E-15  SWARM-A  17.660  208.126
2022-03-15T11:40:00Z  437.120  -30.151  92.250  1.49781E-15  SWARM-A  17.668  210.056
2022-03-15T11:40:30Z  437.939  -32.084  92.246  1.47477E-15  SWARM-A  17.676  211.986
2022-03-15T11:41:00Z  438.770  -34.016  92.247  1.45079E-15  SWARM-A  17.684  213.916
2022-03-15T11:41:30Z  439.610  -35.947  92.254  1.42602E-15  SWARM-A  17.693  215.846
2022-03-15T11:42:00Z  440.456  -37.877  92.268  1.40064E-15  SWARM-A  17.702  217.776
2022-03-15T11:42:30Z  441.305  -39.806  92.289  1.37491E-15  SWARM-A  17.712  219.705
2022-03-15T11:43:00Z  442.154  -41.733  92.318  1.34891E-15  SWARM-A  17.722  221.635
2022-03-15T11:43:30Z  443.000  -43.659  92.357  1.32285E-15  SWARM-A  17.733  223.564
2022-03-15T11:44:00Z  443.840  -45.584  92.406  1.29620E-15  SWARM-A  17.745  225.493
2022-03-15T11:44:30Z  444.671  -47.508  92.468  1.26982E-15  SWARM-A  17.757  227.421
2022-03-15T11:45:00Z  445.489  -49.431  92.544  1.24385E-15  SWARM-A  17.771  229.350
2022-03-15T11:45:30Z  446.293  -51.352  92.637  1.21846E-15  SWARM-A  17.785  231.278
2022-03-15T11:46:00Z  447.078  -53.272  92.748  1.19373E-15  SWARM-A  17.801  233.207
2022-03-15T11:46:30Z  447.843  -55.190  92.882  1.16972E-15  SWARM-A  17.818  235.135
2022-03-15T11:47:00Z  448.583  -57.107  93.041  1.14642E-15  SWARM-A  17.837  237.063
2022-03-15T11:47:30Z  449.298  -59.022  93.232  1.12248E-15  SWARM-A  17.858  238.991
2022-03-15T11:48:00Z  449.983  -60.936  93.459  1.09867E-15  SWARM-A  17.882  240.919
2022-03-15T11:48:30Z  450.636  -62.848  93.732  1.07555E-15  SWARM-A  17.908  242.847
2022-03-15T11:49:00Z  451.256  -64.758  94.060  1.05310E-15  SWARM-A  17.938  244.774
2022-03-15T11:49:30Z  451.839  -66.665  94.456  1.03132E-15  SWARM-A  17.973  246.702
2022-03-15T11:50:00Z  452.384  -68.570  94.940  1.01018E-15  SWARM-A  18.014  248.629
2022-03-15T11:50:30Z  452.888  -70.472  95.536  9.90321E-16  SWARM-A  18.062  250.556
2022-03-15T11:51:00Z  453.349  -72.369  96.281  9.71928E-16  SWARM-A  18.120  252.484
2022-03-15T11:51:30Z  453.767  -74.261  97.227  9.54007E-16  SWARM-A  18.191  254.411
2022-03-15T11:52:00Z  454.138  -76.147  98.457  9.36512E-16  SWARM-A  18.282  256.338
2022-03-15T11:52:30Z  454.462  -78.022  100.104  9.19272E-16  SWARM-A  18.400  258.265
2022-03-15T11:53:00Z  454.738  -79.881  102.392  9.02357E-16  SWARM-A  18.561  260.192
2022-03-15T11:53:30Z  454.965  -81.715  105.745  8.84408E-16  SWARM-A  18.792  262.119
2022-03-15T11:54:00Z  455.141  -83.502  111.022  8.66130E-16  SWARM-A  19.153  264.046
2022-03-15T11:54:30Z  455.266  -85.189  120.206  8.48090E-16  SWARM-A  19.773  265.973
2022-03-15T11:55:00Z  455.340  -86.624  138.193  8.30499E-16  SWARM-A  20.981  267.900
2022-03-15T11:55:30Z  455.362  -87.359  172.532  8.13523E-16  SWARM-A  23.278  269.827
2022-03-15T11:56:00Z  455.332  -86.857  -150.172  7.96472E-16  SWARM-A  1.773  271.754
2022-03-15T11:56:30Z  455.251  -85.515  -129.318  7.78699E-16  SWARM-A  3.172  273.681
2022-03-15T11:57:00Z  455.118  -83.861  -118.863  7.61380E-16  SWARM-A  3.877  275.607
2022-03-15T11:57:30Z  454.934  -82.089  -113.000  7.44713E-16  SWARM-A  4.276  277.534
2022-03-15T11:58:00Z  454.700  -80.263  -109.343  7.28863E-16  SWARM-A  4.528  279.461
2022-03-15T11:58:30Z  454.416  -78.407  -106.878  7.13910E-16  SWARM-A  4.701  281.389
2022-03-15T11:59:00Z  454.084  -76.535  -105.122  6.99978E-16  SWARM-A  4.826  283.316
2022-03-15T11:59:30Z  453.705  -74.651  -103.819  6.86827E-16  SWARM-A  4.922  285.243
2022-03-15T12:00:00Z  453.280  -72.760  -102.822  6.75572E-16  SWARM-A  4.996  287.170
2022-03-15T12:00:30Z  452.810  -70.864  -102.041  6.64754E-16  SWARM-A  5.057  289.097
2022-03-15T12:01:00Z  452.298  -68.963  -101.417  6.54675E-16  SWARM-A  5.107  291.025
2022-03-15T12:01:30Z  451.745  -67.058  -100.913  6.45346E-16  SWARM-A  5.149  292.952
2022-03-15T12:02:00Z  451.154  -65.151  -100.500  6.36213E-16  SWARM-A  5.184  294.880
2022-03-15T12:02:30Z  450.526  -63.242  -100.159  6.27798E-16  SWARM-A  5.216  296.808
2022-03-15T12:03:00Z  449.864  -61.330  -99.876  6.20327E-16  SWARM-A  5.243  298.735
2022-03-15T12:03:30Z  449.170  -59.417  -99.640  6.13841E-16  SWARM-A  5.267  300.663
2022-03-15T12:04:00Z  448.447  -57.502  -99.442  6.08193E-16  SWARM-A  5.288  302.591
2022-03-15T12:04:30Z  447.697  -55.585  -99.277  6.03402E-16  SWARM-A  5.308  304.520
2022-03-15T12:05:00Z  446.923  -53.667  -99.138  5.99461E-16  SWARM-A  5.325  306.448
2022-03-15T12:05:30Z  446.129  -51.747  -99.023  5.96309E-16  SWARM-A  5.341  308.376
2022-03-15T12:06:00Z  445.316  -49.826  -98.927  5.93945E-16  SWARM-A  5.356  310.305
2022-03-15T12:06:30Z  444.487  -47.903  -98.847  5.92301E-16  SWARM-A  5.370  312.234
2022-03-15T12:07:00Z  443.647  -45.980  -98.783  5.91292E-16  SWARM-A  5.382  314.163
2022-03-15T12:07:30Z  442.797  -44.055  -98.731  5.91011E-16  SWARM-A  5.394  316.092
2022-03-15T12:08:00Z  441.941  -42.128  -98.690  5.91446E-16  SWARM-A  5.405  318.021
2022-03-15T12:08:30Z  441.082  -40.201  -98.659  5.92527E-16  SWARM-A  5.416  319.951
2022-03-15T12:09:00Z  440.222  -38.272  -98.636  5.94222E-16  SWARM-A  5.425  321.880
2022-03-15T12:09:30Z  439.365  -36.343  -98.621  5.96532E-16  SWARM-A  5.435  323.810
2022-03-15T12:10:00Z  438.515  -34.412  -98.613  5.99456E-16  SWARM-A  5.444  325.740
2022-03-15T12:10:30Z  437.673  -32.480  -98.611  6.02954E-16  SWARM-A  5.452  327.670
2022-03-15T12:11:00Z  436.842  -30.547  -98.614  6.06983E-16  SWARM-A  5.460  329.601
2022-03-15T12:11:30Z  436.026  -28.613  -98.622  6.11523E-16  SWARM-A  5.468  331.531
2022-03-15T12:12:00Z  435.228  -26.677  -98.634  6.16547E-16  SWARM-A  5.476  333.462
2022-03-15T12:12:30Z  434.449  -24.741  -98.649  6.22060E-16  SWARM-A  5.483  335.393
2022-03-15T12:13:00Z  433.692  -22.805  -98.668  6.28009E-16  SWARM-A  5.490  337.324
2022-03-15T12:13:30Z  432.961  -20.867  -98.690  6.34361E-16  SWARM-A  5.497  339.255
2022-03-15T12:14:00Z  432.256  -18.928  -98.715  6.40966E-16  SWARM-A  5.504  341.187
2022-03-15T12:14:30Z  431.581  -16.989  -98.742  6.47940E-16  SWARM-A  5.510  343.119
2022-03-15T12:15:00Z  430.937  -15.049  -98.771  6.55211E-16  SWARM-A  5.516  345.051
2022-03-15T12:15:30Z  430.326  -13.108  -98.801  6.62757E-16  SWARM-A  5.523  346.983
2022-03-15T12:16:00Z  429.750  -11.167  -98.833  6.70534E-16  SWARM-A  5.529  348.915
2022-03-15T12:16:30Z  429.210  -9.225  -98.866  6.78429E-16  SWARM-A  5.535  350.848
2022-03-15T12:17:00Z  428.708  -7.283  -98.901  6.86459E-16  SWARM-A  5.541  352.780
2022-03-15T12:17:30Z  428.245  -5.340  -98.936  6.94582E-16  SWARM-A  5.547  354.713
2022-03-15T12:18:00Z  427.822  -3.397  -98.971  7.02804E-16  SWARM-A  5.553  356.646
2022-03-15T12:18:30Z  427.440  -1.454  -99.007  7.10973E-16  SWARM-A  5.559  358.580
2022-03-15T12:19:00Z  427.100  0.490  -99.043  7.19132E-16  SWARM-A  5.565  0.513
2022-03-15T12:19:30Z  426.801  2.434  -99.079  7.27196E-16  SWARM-A  5.571  2.447
2022-03-15T12:20:00Z  426.544  4.378  -99.115  7.35151E-16  SWARM-A  5.577  4.381
2022-03-15T12:20:30Z  426.329  6.322  -99.150  7.42939E-16  SWARM-A  5.583  6.315
2022-03-15T12:21:00Z  426.156  8.265  -99.185  7.50538E-16  SWARM-A  5.589  8.249
2022-03-15T12:21:30Z  426.025  10.209  -99.219  7.57890E-16  SWARM-A  5.595  10.183
2022-03-15T12:22:00Z  425.935  12.153  -99.251  7.64717E-16  SWARM-A  5.601  12.118
2022-03-15T12:22:30Z  425.886  14.097  -99.282  7.71206E-16  SWARM-A  5.607  14.053
2022-03-15T12:23:00Z  425.876  16.040  -99.312  7.77394E-16  SWARM-A  5.614  15.988
2022-03-15T12:23:30Z  425.904  17.983  -99.340  7.83299E-16  SWARM-A  5.620  17.923
2022-03-15T12:24:00Z  425.970  19.925  -99.365  7.88935E-16  SWARM-A  5.627  19.858
2022-03-15T12:24:30Z  426.071  21.867  -99.388  7.94441E-16  SWARM-A  5.634  21.793
2022-03-15T12:25:00Z  426.207  23.809  -99.408  7.99714E-16  SWARM-A  5.641  23.729
2022-03-15T12:25:30Z  426.376  25.750  -99.426  8.04908E-16  SWARM-A  5.648  25.664
2022-03-15T12:26:00Z  426.575  27.691  -99.439  8.10064E-16  SWARM-A  5.655  27.600
2022-03-15T12:26:30Z  426.804  29.631  -99.449  8.15292E-16  SWARM-A  5.663  29.536
2022-03-15T12:27:00Z  427.060  31.570  -99.454  8.20602E-16  SWARM-A  5.671  31.472
2022-03-15T12:27:30Z  427.340  33.508  -99.454  8.26100E-16  SWARM-A  5.679  33.409
2022-03-15T12:28:00Z  427.643  35.446  -99.448  8.31840E-16  SWARM-A  5.688  35.345
2022-03-15T12:28:30Z  427.966  37.383  -99.436  8.37903E-16  SWARM-A  5.697  37.281
2022-03-15T12:29:00Z  428.308  39.319  -99.416  8.44385E-16  SWARM-A  5.707  39.218
2022-03-15T12:29:30Z  428.665  41.254  -99.388  8.51336E-16  SWARM-A  5.717  41.155
2022-03-15T12:30:00Z  429.034  43.188  -99.351  8.58799E-16  SWARM-A  5.728  43.091
2022-03-15T12:30:30Z  429.415  45.122  -99.304  8.66752E-16  SWARM-A  5.739  45.028
2022-03-15T12:31:00Z  429.803  47.054  -99.244  8.75132E-16  SWARM-A  5.752  46.965
2022-03-15T12:31:30Z  430.196  48.985  -99.171  8.83914E-16  SWARM-A  5.765  48.903
2022-03-15T12:32:00Z  430.593  50.915  -99.081  8.91577E-16  SWARM-A  5.779  50.840
2022-03-15T12:32:30Z  430.989  52.844  -98.974  8.99489E-16  SWARM-A  5.795  52.777
2022-03-15T12:33:00Z  431.384  54.772  -98.844  9.07959E-16  SWARM-A  5.812  54.714
2022-03-15T12:33:30Z  431.774  56.699  -98.689  9.17107E-16  SWARM-A  5.830  56.652
2022-03-15T12:34:00Z  432.158  58.624  -98.504  9.26963E-16  SWARM-A  5.851  58.589
2022-03-15T12:34:30Z  432.532  60.548  -98.283  9.37842E-16  SWARM-A  5.874  60.527
2022-03-15T12:35:00Z  432.895  62.470  -98.018  9.49512E-16  SWARM-A  5.900  62.465
2022-03-15T12:35:30Z  433.244  64.390  -97.700  9.61987E-16  SWARM-A  5.930  64.402
2022-03-15T12:36:00Z  433.578  66.308  -97.315  9.75237E-16  SWARM-A  5.964  66.340
2022-03-15T12:36:30Z  433.895  68.223  -96.845  9.88832E-16  SWARM-A  6.003  68.278
2022-03-15T12:37:00Z  434.192  70.136  -96.268  1.00268E-15  SWARM-A  6.050  70.216
2022-03-15T12:37:30Z  434.467  72.045  -95.548  1.01737E-15  SWARM-A  6.106  72.154
2022-03-15T12:38:00Z  434.720  73.948  -94.634  1.03304E-15  SWARM-A  6.176  74.091
2022-03-15T12:38:30Z  434.949  75.846  -93.450  1.04963E-15  SWARM-A  6.263  76.029
2022-03-15T12:39:00Z  435.153  77.733  -91.871  1.06479E-15  SWARM-A  6.376  77.967
2022-03-15T12:39:30Z  435.330  79.606  -89.687  1.08078E-15  SWARM-A  6.530  79.905
2022-03-15T12:40:00Z  435.479  81.455  -86.509  1.09772E-15  SWARM-A  6.751  81.843
2022-03-15T12:40:30Z  435.599  83.261  -81.553  1.11556E-15  SWARM-A  7.089  83.781
2022-03-15T12:41:00Z  435.691  84.976  -73.034  1.13518E-15  SWARM-A  7.666  85.720
2022-03-15T12:41:30Z  435.752  86.469  -56.522  1.15707E-15  SWARM-A  8.775  87.658
2022-03-15T12:42:00Z  435.784  87.332  -24.061  1.17971E-15  SWARM-A  10.947  89.596
2022-03-15T12:42:30Z  435.786  86.970  14.690  1.20195E-15  SWARM-A  13.539  91.534
2022-03-15T12:43:00Z  435.757  85.681  37.391  1.22433E-15  SWARM-A  15.061  93.472
2022-03-15T12:43:30Z  435.699  84.038  48.652  1.24513E-15  SWARM-A  15.820  95.410
2022-03-15T12:44:00Z  435.612  82.264  54.869  1.26590E-15  SWARM-A  16.243  97.348
2022-03-15T12:44:30Z  435.495  80.431  58.701  1.28691E-15  SWARM-A  16.506  99.286
2022-03-15T12:45:00Z  435.350  78.567  61.263  1.30779E-15  SWARM-A  16.685  101.224
2022-03-15T12:45:30Z  435.178  76.685  63.077  1.32872E-15  SWARM-A  16.815  103.162
2022-03-15T12:46:00Z  434.980  74.792  64.417  1.34898E-15  SWARM-A  16.912  105.099
2022-03-15T12:46:30Z  434.757  72.891  65.439  1.36891E-15  SWARM-A  16.989  107.037
2022-03-15T12:47:00Z  434.510  70.984  66.238  1.38886E-15  SWARM-A  17.050  108.975
2022-03-15T12:47:30Z  434.241  69.073  66.873  1.40877E-15  SWARM-A  17.101  110.913
2022-03-15T12:48:00Z  433.952  67.159  67.387  1.42837E-15  SWARM-A  17.144  112.851
2022-03-15T12:48:30Z  433.643  65.242  67.807  1.44733E-15  SWARM-A  17.180  114.788
2022-03-15T12:49:00Z  433.318  63.323  68.153  1.46572E-15  SWARM-A  17.211  116.726
2022-03-15T12:49:30Z  432.978  61.402  68.440  1.48313E-15  SWARM-A  17.239  118.663
2022-03-15T12:50:00Z  432.626  59.479  68.680  1.49953E-15  SWARM-A  17.263  120.601
2022-03-15T12:50:30Z  432.262  57.555  68.880  1.51504E-15  SWARM-A  17.285  122.538
2022-03-15T12:51:00Z  431.891  55.629  69.048  1.52990E-15  SWARM-A  17.304  124.475
2022-03-15T12:51:30Z  431.513  53.702  69.188  1.54412E-15  SWARM-A  17.322  126.413
2022-03-15T12:52:00Z  431.132  51.774  69.305  1.55757E-15  SWARM-A  17.338  128.350
2022-03-15T12:52:30Z  430.750  49.845  69.402  1.56915E-15  SWARM-A  17.353  130.287
2022-03-15T12:53:00Z  430.369  47.914  69.483  1.58047E-15  SWARM-A  17.367  132.224
2022-03-15T12:53:30Z  429.992  45.982  69.548  1.59158E-15  SWARM-A  17.379  134.161
2022-03-15T12:54:00Z  429.622  44.050  69.601  1.60255E-15  SWARM-A  17.391  136.097
2022-03-15T12:54:30Z  429.260  42.116  69.642  1.61330E-15  SWARM-A  17.402  138.034
2022-03-15T12:55:00Z  428.910  40.182  69.674  1.62397E-15  SWARM-A  17.413  139.970
2022-03-15T12:55:30Z  428.574  38.246  69.697  1.63445E-15  SWARM-A  17.423  141.907
2022-03-15T12:56:00Z  428.254  36.310  69.712  1.64463E-15  SWARM-A  17.432  143.843
2022-03-15T12:56:30Z  427.953  34.373  69.721  1.65450E-15  SWARM-A  17.441  145.779
2022-03-15T12:57:00Z  427.673  32.435  69.723  1.66395E-15  SWARM-A  17.450  147.715
2022-03-15T12:57:30Z  427.416  30.496  69.720  1.67287E-15  SWARM-A  17.458  149.651
2022-03-15T12:58:00Z  427.184  28.557  69.713  1.68114E-15  SWARM-A  17.465  151.587
2022-03-15T12:58:30Z  426.981  26.617  69.701  1.68866E-15  SWARM-A  17.473  153.522
2022-03-15T12:59:00Z  426.806  24.677  69.685  1.69533E-15  SWARM-A  17.480  155.458
2022-03-15T12:59:30Z  426.663  22.735  69.666  1.70103E-15  SWARM-A  17.487  157.393
2022-03-15T13:00:00Z  426.554  20.794  69.644  1.70579E-15  SWARM-A  17.494  159.328
2022-03-15T13:00:30Z  426.479  18.852  69.620  1.70960E-15  SWARM-A  17.501  161.263
2022-03-15T13:01:00Z  426.440  16.909  69.593  1.71217E-15  SWARM-A  17.508  163.198
2022-03-15T13:01:30Z  426.438  14.967  69.564  1.71382E-15  SWARM-A  17.514  165.133
2022-03-15T13:02:00Z  426.475  13.024  69.534  1.71444E-15  SWARM-A  17.520  167.067
2022-03-15T13:02:30Z  426.552  11.080  69.502  1.71399E-15  SWARM-A  17.526  169.001
2022-03-15T13:03:00Z  426.669  9.137  69.468  1.71270E-15  SWARM-A  17.533  170.936
2022-03-15T13:03:30Z  426.827  7.193  69.434  1.71051E-15  SWARM-A  17.539  172.870
2022-03-15T13:04:00Z  427.027  5.250  69.399  1.70745E-15  SWARM-A  17.545  174.803
2022-03-15T13:04:30Z  427.268  3.306  69.364  1.70364E-15  SWARM-A  17.551  176.737
2022-03-15T13:05:00Z  427.550  1.363  69.328  1.69899E-15  SWARM-A  17.557  178.670
2022-03-15T13:05:30Z  427.875  -0.581  69.292  1.69373E-15  SWARM-A  17.562  180.604
2022-03-15T13:06:00Z  428.240  -2.524  69.255  1.68775E-15  SWARM-A  17.568  182.537
2022-03-15T13:06:30Z  428.646  -4.467  69.220  1.68111E-15  SWARM-A  17.574  184.469
2022-03-15T13:07:00Z  429.091  -6.409  69.184  1.67375E-15  SWARM-A  17.580  186.402
2022-03-15T13:07:30Z  429.575  -8.351  69.150  1.66561E-15  SWARM-A  17.586  188.334
2022-03-15T13:08:00Z  430.098  -10.293  69.116  1.65664E-15  SWARM-A  17.592  190.267
2022-03-15T13:08:30Z  430.656  -12.234  69.083  1.64670E-15  SWARM-A  17.599  192.199
2022-03-15T13:09:00Z  431.249  -14.175  69.052  1.63568E-15  SWARM-A  17.605  194.131
2022-03-15T13:09:30Z  431.876  -16.115  69.022  1.62272E-15  SWARM-A  17.611  196.062
2022-03-15T13:10:00Z  432.534  -18.054  68.994  1.60796E-15  SWARM-A  17.618  197.994
2022-03-15T13:10:30Z  433.222  -19.993  68.969  1.59188E-15  SWARM-A  17.624  199.925
2022-03-15T13:11:00Z  433.937  -21.930  68.945  1.57442E-15  SWARM-A  17.631  201.856
2022-03-15T13:11:30Z  434.677  -23.867  68.925  1.55564E-15  SWARM-A  17.638  203.787
2022-03-15T13:12:00Z  435.440  -25.803  68.908  1.53551E-15  SWARM-A  17.645  205.718
2022-03-15T13:12:30Z  436.223  -27.739  68.894  1.51413E-15  SWARM-A  17.653  207.648
2022-03-15T13:13:00Z  437.024  -29.673  68.884  1.49160E-15  SWARM-A  17.660  209.579
2022-03-15T13:13:30Z  437.839  -31.606  68.879  1.46820E-15  SWARM-A  17.668  211.509
2022-03-15T13:14:00Z  438.667  -33.538  68.878  1.44393E-15  SWARM-A  17.677  213.439
2022-03-15T13:14:30Z  439.505  -35.469  68.884  1.41899E-15  SWARM-A  17.685  215.369
2022-03-15T13:15:00Z  440.348  -37.399  68.896  1.39356E-15  SWARM-A  17.694  217.298
2022-03-15T13:15:30Z  441.196  -39.328  68.914  1.36786E-15  SWARM-A  17.704  219.228
2022-03-15T13:16:00Z  442.043  -41.256  68.941  1.34176E-15  SWARM-A  17.714  221.157
2022-03-15T13:16:30Z  442.889  -43.182  68.978  1.31520E-15  SWARM-A  17.725  223.086
2022-03-15T13:17:00Z  443.729  -45.108  69.024  1.28901E-15  SWARM-A  17.736  225.015
2022-03-15T13:17:30Z  444.560  -47.032  69.083  1.26351E-15  SWARM-A  17.749  226.944
2022-03-15T13:18:00Z  445.379  -48.955  69.155  1.23883E-15  SWARM-A  17.762  228.872
2022-03-15T13:18:30Z  446.184  -50.876  69.243  1.21427E-15  SWARM-A  17.776  230.801
2022-03-15T13:19:00Z  446.972  -52.796  69.350  1.18891E-15  SWARM-A  17.791  232.729
2022-03-15T13:19:30Z  447.739  -54.715  69.477  1.16491E-15  SWARM-A  17.808  234.657
2022-03-15T13:20:00Z  448.483  -56.632  69.630  1.14226E-15  SWARM-A  17.827  236.585
2022-03-15T13:20:30Z  449.201  -58.548  69.812  1.12090E-15  SWARM-A  17.847  238.513
2022-03-15T13:21:00Z  449.890  -60.462  70.030  1.10225E-15  SWARM-A  17.870  240.441
2022-03-15T13:21:30Z  450.548  -62.374  70.290  1.08526E-15  SWARM-A  17.896  242.369
2022-03-15T13:22:00Z  451.173  -64.285  70.603  1.06895E-15  SWARM-A  17.925  244.296
2022-03-15T13:22:30Z  451.762  -66.193  70.981  1.05329E-15  SWARM-A  17.958  246.224
2022-03-15T13:23:00Z  452.312  -68.098  71.440  1.03728E-15  SWARM-A  17.997  248.151
2022-03-15T13:23:30Z  452.822  -70.000  72.005  1.01968E-15  SWARM-A  18.043  250.078
2022-03-15T13:24:00Z  453.290  -71.899  72.709  1.00260E-15  SWARM-A  18.099  252.006
2022-03-15T13:24:30Z  453.715  -73.793  73.598  9.86042E-16  SWARM-A  18.166  253.933
2022-03-15T13:25:00Z  454.093  -75.680  74.748  9.69854E-16  SWARM-A  18.251  255.860
2022-03-15T13:25:30Z  454.425  -77.558  76.274  9.53466E-16  SWARM-A  18.361  257.787
2022-03-15T13:26:00Z  454.709  -79.422  78.373  9.37485E-16  SWARM-A  18.510  259.714
2022-03-15T13:26:30Z  454.943  -81.264  81.404  9.21774E-16  SWARM-A  18.720  261.641
2022-03-15T13:27:00Z  455.127  -83.065  86.080  9.06261E-16  SWARM-A  19.040  263.568
2022-03-15T13:27:30Z  455.260  -84.786  93.996  8.90734E-16  SWARM-A  19.576  265.495
2022-03-15T13:28:00Z  455.341  -86.309  109.079  8.75244E-16  SWARM-A  20.590  267.422
2022-03-15T13:28:30Z  455.371  -87.283  139.150  8.60033E-16  SWARM-A  22.603  269.349
2022-03-15T13:29:00Z  455.349  -87.090  178.639  8.44511E-16  SWARM-A  1.244  271.276
2022-03-15T13:29:30Z  455.276  -85.890  -156.541  8.27445E-16  SWARM-A  2.907  273.203
2022-03-15T13:30:00Z  455.150  -84.287  -144.242  8.09827E-16  SWARM-A  3.735  275.129
2022-03-15T13:30:30Z  454.974  -82.536  -137.551  7.92395E-16  SWARM-A  4.190  277.056
2022-03-15T13:31:00Z  454.747  -80.719  -133.474  7.76787E-16  SWARM-A  4.470  278.983
2022-03-15T13:31:30Z  454.470  -78.870  -130.773  7.63324E-16  SWARM-A  4.658  280.911
2022-03-15T13:32:00Z  454.145  -77.001  -128.872  7.50526E-16  SWARM-A  4.793  282.838
2022-03-15T13:32:30Z  453.773  -75.120  -127.474  7.38600E-16  SWARM-A  4.895  284.765
2022-03-15T13:33:00Z  453.354  -73.230  -126.411  7.27617E-16  SWARM-A  4.974  286.692
2022-03-15T13:33:30Z  452.890  -71.335  -125.583  7.17501E-16  SWARM-A  5.038  288.619
2022-03-15T13:34:00Z  452.384  -69.435  -124.925  7.08031E-16  SWARM-A  5.090  290.547
2022-03-15T13:34:30Z  451.836  -67.531  -124.394  6.99068E-16  SWARM-A  5.133  292.474
2022-03-15T13:35:00Z  451.249  -65.625  -123.961  6.90463E-16  SWARM-A  5.171  294.402
2022-03-15T13:35:30Z  450.626  -63.716  -123.604  6.82302E-16  SWARM-A  5.203  296.330
2022-03-15T13:36:00Z  449.967  -61.805  -123.308  6.74560E-16  SWARM-A  5.231  298.257
2022-03-15T13:36:30Z  449.276  -59.892  -123.061  6.67240E-16  SWARM-A  5.256  300.185
2022-03-15T13:37:00Z  448.556  -57.977  -122.855  6.60509E-16  SWARM-A  5.278  302.113
2022-03-15T13:37:30Z  447.808  -56.060  -122.682  6.54341E-16  SWARM-A  5.298  304.042
2022-03-15T13:38:00Z  447.036  -54.142  -122.537  6.48686E-16  SWARM-A  5.316  305.970
2022-03-15T13:38:30Z  446.241  -52.223  -122.416  6.43340E-16  SWARM-A  5.332  307.898
2022-03-15T13:39:00Z  445.428  -50.302  -122.316  6.38462E-16  SWARM-A  5.347  309.827
2022-03-15T13:39:30Z  444.599  -48.380  -122.232  6.34022E-16  SWARM-A  5.361  311.756
2022-03-15T13:40:00Z  443.757  -46.457  -122.164  6.29981E-16  SWARM-A  5.374  313.685
2022-03-15T13:40:30Z  442.906  -44.532  -122.109  6.26360E-16  SWARM-A  5.386  315.614
2022-03-15T13:41:00Z  442.047  -42.606  -122.066  6.23107E-16  SWARM-A  5.397  317.543
2022-03-15T13:41:30Z  441.184  -40.679  -122.033  6.20236E-16  SWARM-A  5.408  319.473
2022-03-15T13:42:00Z  440.320  -38.750  -122.008  6.17686E-16  SWARM-A  5.418  321.402
2022-03-15T13:42:30Z  439.459  -36.821  -121.991  6.15538E-16  SWARM-A  5.427  323.332
2022-03-15T13:43:00Z  438.603  -34.890  -121.982  6.13783E-16  SWARM-A  5.436  325.262
2022-03-15T13:43:30Z  437.755  -32.958  -121.978  6.12429E-16  SWARM-A  5.445  327.192
2022-03-15T13:44:00Z  436.918  -31.025  -121.980  6.11490E-16  SWARM-A  5.453  329.123
2022-03-15T13:44:30Z  436.096  -29.091  -121.987  6.10993E-16  SWARM-A  5.461  331.053
2022-03-15T13:45:00Z  435.289  -27.156  -121.998  6.10978E-16  SWARM-A  5.468  332.984
2022-03-15T13:45:30Z  434.502  -25.221  -122.013  6.11386E-16  SWARM-A  5.476  334.915
2022-03-15T13:46:00Z  433.737  -23.284  -122.031  6.12262E-16  SWARM-A  5.483  336.846
2022-03-15T13:46:30Z  432.997  -21.346  -122.052  6.13622E-16  SWARM-A  5.490  338.778
2022-03-15T13:47:00Z  432.283  -19.408  -122.076  6.15484E-16  SWARM-A  5.496  340.709
2022-03-15T13:47:30Z  431.598  -17.469  -122.103  6.17392E-16  SWARM-A  5.503  342.641
2022-03-15T13:48:00Z  430.943  -15.529  -122.131  6.19757E-16  SWARM-A  5.509  344.573
2022-03-15T13:48:30Z  430.322  -13.588  -122.161  6.22562E-16  SWARM-A  5.516  346.505
2022-03-15T13:49:00Z  429.735  -11.647  -122.193  6.25794E-16  SWARM-A  5.522  348.438
2022-03-15T13:49:30Z  429.185  -9.705  -122.226  6.29405E-16  SWARM-A  5.528  350.370
2022-03-15T13:50:00Z  428.672  -7.763  -122.260  6.33423E-16  SWARM-A  5.534  352.303
2022-03-15T13:50:30Z  428.197  -5.820  -122.295  6.37792E-16  SWARM-A  5.540  354.236
2022-03-15T13:51:00Z  427.763  -3.877  -122.330  6.42503E-16  SWARM-A  5.546  356.169
2022-03-15T13:51:30Z  427.370  -1.934  -122.366  6.47518E-16  SWARM-A  5.552  358.102
2022-03-15T13:52:00Z  427.018  0.010  -122.402  6.52837E-16  SWARM-A  5.558  0.036
2022-03-15T13:52:30Z  426.707  1.954  -122.438  6.58402E-16  SWARM-A  5.564  1.969
2022-03-15T13:53:00Z  426.439  3.898  -122.474  6.64232E-16  SWARM-A  5.570  3.903
2022-03-15T13:53:30Z  426.214  5.842  -122.510  6.70278E-16  SWARM-A  5.576  5.837
2022-03-15T13:54:00Z  426.030  7.786  -122.544  6.76551E-16  SWARM-A  5.582  7.772
2022-03-15T13:54:30Z  425.889  9.730  -122.578  6.83048E-16  SWARM-A  5.588  9.706
2022-03-15T13:55:00Z  425.789  11.674  -122.611  6.89711E-16  SWARM-A  5.594  11.641
2022-03-15T13:55:30Z  425.730  13.617  -122.643  6.96634E-16  SWARM-A  5.600  13.576
2022-03-15T13:56:00Z  425.712  15.561  -122.673  7.03744E-16  SWARM-A  5.607  15.511
2022-03-15T13:56:30Z  425.732  17.504  -122.701  7.11027E-16  SWARM-A  5.613  17.446
2022-03-15T13:57:00Z  425.790  19.447  -122.727  7.18476E-16  SWARM-A  5.620  19.381
2022-03-15T13:57:30Z  425.885  21.389  -122.751  7.26049E-16  SWARM-A  5.626  21.316
2022-03-15T13:58:00Z  426.015  23.331  -122.772  7.33841E-16  SWARM-A  5.633  23.252
2022-03-15T13:58:30Z  426.178  25.272  -122.790  7.41779E-16  SWARM-A  5.640  25.188
2022-03-15T13:59:00Z  426.373  27.213  -122.805  7.49900E-16  SWARM-A  5.648  27.123
2022-03-15T13:59:30Z  426.598  29.153  -122.815  7.58133E-16  SWARM-A  5.655  29.060
2022-03-15T14:00:00Z  426.850  31.092  -122.821  7.66531E-16  SWARM-A  5.663  30.996
2022-03-15T14:00:30Z  427.128  33.031  -122.823  7.75049E-16  SWARM-A  5.672  32.932
2022-03-15T14:01:00Z  427.429  34.969  -122.818  7.83810E-16  SWARM-A  5.680  34.868
2022-03-15T14:01:30Z  427.752  36.906  -122.808  7.92659E-16  SWARM-A  5.689  36.805
2022-03-15T14:02:00Z  428.093  38.843  -122.790  8.01448E-16  SWARM-A  5.699  38.741
2022-03-15T14:02:30Z  428.451  40.778  -122.765  8.10285E-16  SWARM-A  5.709  40.678
2022-03-15T14:03:00Z  428.822  42.713  -122.730  8.19320E-16  SWARM-A  5.719  42.615
2022-03-15T14:03:30Z  429.204  44.646  -122.686  8.28558E-16  SWARM-A  5.731  44.552
2022-03-15T14:04:00Z  429.595  46.579  -122.629  8.38017E-16  SWARM-A  5.743  46.489
2022-03-15T14:04:30Z  429.992  48.511  -122.560  8.47548E-16  SWARM-A  5.756  48.426
2022-03-15T14:05:00Z  430.393  50.441  -122.474  8.57209E-16  SWARM-A  5.770  50.363
2022-03-15T14:05:30Z  430.795  52.370  -122.371  8.66997E-16  SWARM-A  5.785  52.301
2022-03-15T14:06:00Z  431.195  54.299  -122.248  8.76831E-16  SWARM-A  5.802  54.238
2022-03-15T14:06:30Z  431.592  56.226  -122.099  8.86785E-16  SWARM-A  5.820  56.176
2022-03-15T14:07:00Z  431.982  58.151  -121.922  8.96853E-16  SWARM-A  5.840  58.113
2022-03-15T14:07:30Z  432.363  60.075  -121.711  9.06285E-16  SWARM-A  5.862  60.051
2022-03-15T14:08:00Z  432.734  61.998  -121.458  9.15964E-16  SWARM-A  5.888  61.989
2022-03-15T14:08:30Z  433.092  63.918  -121.154  9.25938E-16  SWARM-A  5.916  63.926
2022-03-15T14:09:00Z  433.434  65.837  -120.787  9.36198E-16  SWARM-A  5.949  65.864
2022-03-15T14:09:30Z  433.759  67.753  -120.341  9.46749E-16  SWARM-A  5.987  67.802
2022-03-15T14:10:00Z  434.065  69.667  -119.793  9.57620E-16  SWARM-A  6.032  69.740
2022-03-15T14:10:30Z  434.351  71.576  -119.112  9.68827E-16  SWARM-A  6.086  71.678
2022-03-15T14:11:00Z  434.614  73.482  -118.252  9.80373E-16  SWARM-A  6.151  73.616
2022-03-15T14:11:30Z  434.853  75.381  -117.144  9.92301E-16  SWARM-A  6.234  75.554
2022-03-15T14:12:00Z  435.067  77.271  -115.678  1.00462E-15  SWARM-A  6.340  77.492
2022-03-15T14:12:30Z  435.255  79.148  -113.670  1.01793E-15  SWARM-A  6.482  79.430
2022-03-15T14:13:00Z  435.415  81.004  -110.789  1.03195E-15  SWARM-A  6.682  81.368
2022-03-15T14:13:30Z  435.547  82.824  -106.382  1.04652E-15  SWARM-A  6.984  83.306
2022-03-15T14:14:00Z  435.650  84.569  -99.006  1.06172E-15  SWARM-A  7.485  85.244
2022-03-15T14:14:30Z  435.723  86.138  -85.118  1.07754E-15  SWARM-A  8.419  87.182
2022-03-15T14:15:00Z  435.767  87.218  -57.065  1.09403E-15  SWARM-A  10.297  89.120
2022-03-15T14:15:30Z  435.780  87.175  -17.005  1.11022E-15  SWARM-A  12.976  91.058
2022-03-15T14:16:00Z  435.764  86.046  9.881  1.12616E-15  SWARM-A  14.777  92.996
2022-03-15T14:16:30Z  435.717  84.459  23.160  1.14267E-15  SWARM-A  15.671  94.934
2022-03-15T14:17:00Z  435.641  82.707  30.270  1.15971E-15  SWARM-A  16.153  96.872
2022-03-15T14:17:30Z  435.535  80.885  34.547  1.17725E-15  SWARM-A  16.446  98.810
2022-03-15T14:18:00Z  435.402  79.027  37.357  1.19517E-15  SWARM-A  16.642  100.748
2022-03-15T14:18:30Z  435.240  77.149  39.321  1.21338E-15  SWARM-A  16.781  102.686
2022-03-15T14:19:00Z  435.052  75.258  40.759  1.23144E-15  SWARM-A  16.886  104.624
2022-03-15T14:19:30Z  434.839  73.359  41.848  1.25006E-15  SWARM-A  16.966  106.561
2022-03-15T14:20:00Z  434.602  71.453  42.695  1.26932E-15  SWARM-A  17.031  108.499
2022-03-15T14:20:30Z  434.342  69.543  43.366  1.28922E-15  SWARM-A  17.084  110.437
2022-03-15T14:21:00Z  434.061  67.630  43.906  1.30953E-15  SWARM-A  17.129  112.375
2022-03-15T14:21:30Z  433.761  65.714  44.347  1.32998E-15  SWARM-A  17.166  114.312
2022-03-15T14:22:00Z  433.443  63.795  44.709  1.35009E-15  SWARM-A  17.199  116.250
2022-03-15T14:22:30Z  433.110  61.874  45.009  1.36976E-15  SWARM-A  17.227  118.187
2022-03-15T14:23:00Z  432.763  59.952  45.260  1.38887E-15  SWARM-A  17.252  120.125
2022-03-15T14:23:30Z  432.405  58.028  45.469  1.40742E-15  SWARM-A  17.274  122.062
2022-03-15T14:24:00Z  432.038  56.103  45.644  1.42541E-15  SWARM-A  17.294  124.000
2022-03-15T14:24:30Z  431.665  54.176  45.790  1.44301E-15  SWARM-A  17.313  125.937
2022-03-15T14:25:00Z  431.287  52.248  45.912  1.46025E-15  SWARM-A  17.329  127.874
2022-03-15T14:25:30Z  430.907  50.319  46.014  1.47715E-15  SWARM-A  17.344  129.811
2022-03-15T14:26:00Z  430.528  48.389  46.098  1.49383E-15  SWARM-A  17.358  131.748
2022-03-15T14:26:30Z  430.152  46.457  46.167  1.51029E-15  SWARM-A  17.371  133.685
2022-03-15T14:27:00Z  429.781  44.525  46.222  1.52661E-15  SWARM-A  17.383  135.621
2022-03-15T14:27:30Z  429.419  42.592  46.266  1.54282E-15  SWARM-A  17.394  137.558
2022-03-15T14:28:00Z  429.067  40.657  46.300  1.55880E-15  SWARM-A  17.405  139.494
2022-03-15T14:28:30Z  428.728  38.722  46.325  1.57462E-15  SWARM-A  17.415  141.431
2022-03-15T14:29:00Z  428.405  36.786  46.342  1.59021E-15  SWARM-A  17.424  143.367
2022-03-15T14:29:30Z  428.100  34.849  46.352  1.60548E-15  SWARM-A  17.433  145.303
2022-03-15T14:30:00Z  427.815  32.912  46.356  1.62036E-15  SWARM-A  17.442  147.239
2022-03-15T14:30:30Z  427.553  30.973  46.354  1.63473E-15  SWARM-A  17.450  149.175
2022-03-15T14:31:00Z  427.315  29.034  46.348  1.64840E-15  SWARM-A  17.458  151.111
2022-03-15T14:31:30Z  427.104  27.094  46.337  1.66129E-15  SWARM-A  17.466  153.046
2022-03-15T14:32:00Z  426.922  25.154  46.322  1.67324E-15  SWARM-A  17.473  154.982
2022-03-15T14:32:30Z  426.771  23.213  46.304  1.68415E-15  SWARM-A  17.480  156.917
2022-03-15T14:33:00Z  426.653  21.272  46.283  1.69385E-15  SWARM-A  17.487  158.852
2022-03-15T14:33:30Z  426.568  19.330  46.259  1.70222E-15  SWARM-A  17.494  160.787
2022-03-15T14:34:00Z  426.520  17.387  46.232  1.70924E-15  SWARM-A  17.500  162.722
2022-03-15T14:34:30Z  426.508  15.445  46.204  1.71483E-15  SWARM-A  17.507  164.657
2022-03-15T14:35:00Z  426.534  13.502  46.174  1.71896E-15  SWARM-A  17.513  166.591
2022-03-15T14:35:30Z  426.599  11.558  46.142  1.72170E-15  SWARM-A  17.519  168.526
2022-03-15T14:36:00Z  426.704  9.615  46.109  1.72298E-15  SWARM-A  17.526  170.460
2022-03-15T14:36:30Z  426.850  7.672  46.075  1.72293E-15  SWARM-A  17.532  172.394
2022-03-15T14:37:00Z  427.036  5.728  46.040  1.72164E-15  SWARM-A  17.538  174.327
2022-03-15T14:37:30Z  427.264  3.784  46.004  1.71916E-15  SWARM-A  17.544  176.261
2022-03-15T14:38:00Z  427.533  1.841  45.969  1.71560E-15  SWARM-A  17.550  178.194
2022-03-15T14:38:30Z  427.844  -0.102  45.932  1.71106E-15  SWARM-A  17.555  180.128
2022-03-15T14:39:00Z  428.195  -2.046  45.896  1.70506E-15  SWARM-A  17.561  182.061
2022-03-15T14:39:30Z  428.588  -3.988  45.860  1.69818E-15  SWARM-A  17.567  183.994
2022-03-15T14:40:00Z  429.020  -5.931  45.825  1.69060E-15  SWARM-A  17.573  185.926
2022-03-15T14:40:30Z  429.491  -7.873  45.790  1.68233E-15  SWARM-A  17.579  187.859
2022-03-15T14:41:00Z  430.000  -9.815  45.756  1.67329E-15  SWARM-A  17.585  189.791
2022-03-15T14:41:30Z  430.545  -11.756  45.723  1.66345E-15  SWARM-A  17.592  191.723
2022-03-15T14:42:00Z  431.126  -13.697  45.691  1.65269E-15  SWARM-A  17.598  193.655
2022-03-15T14:42:30Z  431.741  -15.637  45.661  1.64089E-15  SWARM-A  17.604  195.587
2022-03-15T14:43:00Z  432.387  -17.577  45.633  1.62802E-15  SWARM-A  17.610  197.518
2022-03-15T14:43:30Z  433.063  -19.515  45.606  1.61390E-15  SWARM-A  17.617  199.450
2022-03-15T14:44:00Z  433.767  -21.453  45.582  1.59846E-15  SWARM-A  17.624  201.381
2022-03-15T14:44:30Z  434.497  -23.391  45.561  1.58164E-15  SWARM-A  17.631  203.312
2022-03-15T14:45:00Z  435.250  -25.327  45.543  1.56335E-15  SWARM-A  17.638  205.242
2022-03-15T14:45:30Z  436.024  -27.262  45.528  1.54365E-15  SWARM-A  17.645  207.173
2022-03-15T14:46:00Z  436.817  -29.197  45.517  1.52252E-15  SWARM-A  17.653  209.103
2022-03-15T14:46:30Z  437.625  -31.130  45.511  1.49999E-15  SWARM-A  17.661  211.034
2022-03-15T14:47:00Z  438.446  -33.063  45.509  1.47628E-15  SWARM-A  17.669  212.964
2022-03-15T14:47:30Z  439.277  -34.994  45.513  1.45144E-15  SWARM-A  17.678  214.893
2022-03-15T14:48:00Z  440.115  -36.924  45.523  1.42569E-15  SWARM-A  17.687  216.823
2022-03-15T14:48:30Z  440.957  -38.854  45.540  1.39927E-15  SWARM-A  17.696  218.753
2022-03-15T14:49:00Z  441.801  -40.782  45.565  1.37237E-15  SWARM-A  17.706  220.682
2022-03-15T14:49:30Z  442.643  -42.708  45.598  1.34525E-15  SWARM-A  17.717  222.611
2022-03-15T14:50:00Z  443.480  -44.634  45.642  1.31812E-15  SWARM-A  17.728  224.540
2022-03-15T14:50:30Z  444.309  -46.558  45.698  1.29190E-15  SWARM-A  17.740  226.469
2022-03-15T14:51:00Z  445.128  -48.482  45.766  1.26625E-15  SWARM-A  17.753  228.398
2022-03-15T14:51:30Z  445.932  -50.403  45.850  1.24118E-15  SWARM-A  17.767  230.326
2022-03-15T14:52:00Z  446.720  -52.324  45.952  1.21673E-15  SWARM-A  17.782  232.254
2022-03-15T14:52:30Z  447.488  -54.243  46.074  1.19319E-15  SWARM-A  17.798  234.183
2022-03-15T14:53:00Z  448.234  -56.161  46.219  1.17067E-15  SWARM-A  17.816  236.111
2022-03-15T14:53:30Z  448.954  -58.077  46.394  1.14919E-15  SWARM-A  17.836  238.039
2022-03-15T14:54:00Z  449.647  -59.991  46.602  1.12878E-15  SWARM-A  17.858  239.967
2022-03-15T14:54:30Z  450.309  -61.904  46.851  1.10946E-15  SWARM-A  17.883  241.894
2022-03-15T14:55:00Z  450.938  -63.815  47.150  1.09104E-15  SWARM-A  17.912  243.822
2022-03-15T14:55:30Z  451.532  -65.724  47.510  1.07342E-15  SWARM-A  17.944  245.750
2022-03-15T14:56:00Z  452.088  -67.630  47.947  1.05622E-15  SWARM-A  17.982  247.677
2022-03-15T14:56:30Z  452.605  -69.533  48.483  1.03829E-15  SWARM-A  18.026  249.605
2022-03-15T14:57:00Z  453.080  -71.433  49.149  1.02040E-15  SWARM-A  18.078  251.532
2022-03-15T14:57:30Z  453.511  -73.328  49.987  1.00247E-15  SWARM-A  18.142  253.459
2022-03-15T14:58:00Z  453.898  -75.217  51.063  9.84368E-16  SWARM-A  18.223  255.386
2022-03-15T14:58:30Z  454.238  -77.098  52.482  9.66077E-16  SWARM-A  18.325  257.313
2022-03-15T14:59:00Z  454.530  -78.966  54.414  9.47579E-16  SWARM-A  18.463  259.241
2022-03-15T14:59:30Z  454.773  -80.814  57.168  9.28916E-16  SWARM-A  18.655  261.168
2022-03-15T15:00:00Z  454.966  -82.628  61.339  9.09725E-16  SWARM-A  18.941  263.095
2022-03-15T15:00:30Z  455.109  -84.375  68.221  8.91033E-16  SWARM-A  19.408  265.022
2022-03-15T15:01:00Z  455.200  -85.967  80.953  8.72299E-16  SWARM-A  20.265  266.949
2022-03-15T15:01:30Z  455.240  -87.131  106.663  8.53824E-16  SWARM-A  21.988  268.876
2022-03-15T15:02:00Z  455.228  -87.258  146.386  8.35555E-16  SWARM-A  0.644  270.803
2022-03-15T15:02:30Z  455.164  -86.240  175.537  8.16740E-16  SWARM-A  2.596  272.730
2022-03-15T15:03:00Z  455.049  -84.700  -169.917  7.97776E-16  SWARM-A  3.574  274.657
2022-03-15T15:03:30Z  454.883  -82.974  -162.238  7.79052E-16  SWARM-A  4.094  276.584
2022-03-15T15:04:00Z  454.666  -81.169  -157.676  7.60758E-16  SWARM-A  4.407  278.511
2022-03-15T15:04:30Z  454.400  -79.326  -154.708  7.43032E-16  SWARM-A  4.613  280.438
2022-03-15T15:05:00Z  454.085  -77.461  -152.646  7.25918E-16  SWARM-A  4.759  282.365
2022-03-15T15:05:30Z  453.722  -75.582  -151.144  7.09778E-16  SWARM-A  4.867  284.292
2022-03-15T15:06:00Z  453.313  -73.694  -150.011  6.94840E-16  SWARM-A  4.951  286.219
2022-03-15T15:06:30Z  452.859  -71.800  -149.133  6.81223E-16  SWARM-A  5.018  288.147
2022-03-15T15:07:00Z  452.361  -69.901  -148.438  6.69033E-16  SWARM-A  5.073  290.074
2022-03-15T15:07:30Z  451.823  -67.998  -147.880  6.58260E-16  SWARM-A  5.118  292.002
2022-03-15T15:08:00Z  451.245  -66.092  -147.425  6.48823E-16  SWARM-A  5.157  293.930
2022-03-15T15:08:30Z  450.630  -64.184  -147.051  6.40492E-16  SWARM-A  5.190  295.857
2022-03-15T15:09:00Z  449.979  -62.273  -146.741  6.33047E-16  SWARM-A  5.219  297.785
2022-03-15T15:09:30Z  449.296  -60.360  -146.484  6.26338E-16  SWARM-A  5.244  299.713
2022-03-15T15:10:00Z  448.583  -58.446  -146.268  6.20311E-16  SWARM-A  5.267  301.641
2022-03-15T15:10:30Z  447.841  -56.530  -146.088  6.14843E-16  SWARM-A  5.288  303.570
2022-03-15T15:11:00Z  447.075  -54.612  -145.937  6.09677E-16  SWARM-A  5.306  305.498
2022-03-15T15:11:30Z  446.287  -52.693  -145.810  6.05185E-16  SWARM-A  5.323  307.426
2022-03-15T15:12:00Z  445.479  -50.773  -145.705  6.01385E-16  SWARM-A  5.338  309.355
2022-03-15T15:12:30Z  444.654  -48.851  -145.618  5.98184E-16  SWARM-A  5.352  311.284
2022-03-15T15:13:00Z  443.816  -46.927  -145.547  5.95622E-16  SWARM-A  5.365  313.213
2022-03-15T15:13:30Z  442.968  -45.003  -145.489  5.93447E-16  SWARM-A  5.377  315.142
2022-03-15T15:14:00Z  442.112  -43.077  -145.443  5.91759E-16  SWARM-A  5.389  317.071
2022-03-15T15:14:30Z  441.251  -41.150  -145.407  5.90511E-16  SWARM-A  5.400  319.001
2022-03-15T15:15:00Z  440.389  -39.222  -145.381  5.89626E-16  SWARM-A  5.410  320.931
2022-03-15T15:15:30Z  439.529  -37.292  -145.362  5.89121E-16  SWARM-A  5.419  322.861
2022-03-15T15:16:00Z  438.673  -35.362  -145.351  5.88977E-16  SWARM-A  5.428  324.791
2022-03-15T15:16:30Z  437.825  -33.430  -145.346  5.89162E-16  SWARM-A  5.437  326.721
2022-03-15T15:17:00Z  436.988  -31.498  -145.347  5.89684E-16  SWARM-A  5.445  328.651
2022-03-15T15:17:30Z  436.163  -29.564  -145.352  5.90566E-16  SWARM-A  5.453  330.582
2022-03-15T15:18:00Z  435.355  -27.629  -145.362  5.91775E-16  SWARM-A  5.461  332.513
2022-03-15T15:18:30Z  434.566  -25.693  -145.376  5.93292E-16  SWARM-A  5.468  334.444
2022-03-15T15:19:00Z  433.798  -23.757  -145.394  5.95127E-16  SWARM-A  5.476  336.375
2022-03-15T15:19:30Z  433.054  -21.819  -145.415  5.97289E-16  SWARM-A  5.482  338.306
2022-03-15T15:20:00Z  432.336  -19.881  -145.438  5.99754E-16  SWARM-A  5.489  340.238
2022-03-15T15:20:30Z  431.647  -17.942  -145.464  6.02489E-16  SWARM-A  5.496  342.170
2022-03-15T15:21:00Z  430.989  -16.002  -145.492  6.05510E-16  SWARM-A  5.502  344.102
2022-03-15T15:21:30Z  430.362  -14.062  -145.522  6.08705E-16  SWARM-A  5.509  346.034
2022-03-15T15:22:00Z  429.771  -12.121  -145.553  6.12108E-16  SWARM-A  5.515  347.966
2022-03-15T15:22:30Z  429.215  -10.179  -145.586  6.15694E-16  SWARM-A  5.521  349.899
2022-03-15T15:23:00Z  428.696  -8.237  -145.620  6.19394E-16  SWARM-A  5.527  351.831
2022-03-15T15:23:30Z  428.216  -6.294  -145.655  6.23275E-16  SWARM-A  5.533  353.764
2022-03-15T15:24:00Z  427.776  -4.351  -145.690  6.27240E-16  SWARM-A  5.539  355.698
2022-03-15T15:24:30Z  427.376  -2.408  -145.726  6.31306E-16  SWARM-A  5.545  357.631
2022-03-15T15:25:00Z  427.018  -0.464  -145.762  6.35458E-16  SWARM-A  5.551  359.564
2022-03-15T15:25:30Z  426.701  1.480  -145.798  6.39782E-16  SWARM-A  5.557  1.498
2022-03-15T15:26:00Z  426.427  3.424  -145.834  6.44244E-16  SWARM-A  5.563  3.432
2022-03-15T15:26:30Z  426.194  5.368  -145.870  6.48847E-16  SWARM-A  5.569  5.366
2022-03-15T15:27:00Z  426.005  7.312  -145.905  6.53634E-16  SWARM-A  5.575  7.300
2022-03-15T15:27:30Z  425.857  9.256  -145.939  6.58546E-16  SWARM-A  5.581  9.235
2022-03-15T15:28:00Z  425.750  11.200  -145.972  6.63712E-16  SWARM-A  5.587  11.169
2022-03-15T15:28:30Z  425.685  13.144  -146.004  6.69066E-16  SWARM-A  5.593  13.104
2022-03-15T15:29:00Z  425.660  15.087  -146.035  6.74657E-16  SWARM-A  5.599  15.039
2022-03-15T15:29:30Z  425.674  17.031  -146.063  6.80550E-16  SWARM-A  5.606  16.974
2022-03-15T15:30:00Z  425.727  18.973  -146.090  6.86693E-16  SWARM-A  5.612  18.909
2022-03-15T15:30:30Z  425.816  20.916  -146.115  6.93110E-16  SWARM-A  5.619  20.845
2022-03-15T15:31:00Z  425.940  22.858  -146.136  6.99826E-16  SWARM-A  5.626  22.780
2022-03-15T15:31:30Z  426.098  24.799  -146.155  7.06869E-16  SWARM-A  5.633  24.716
2022-03-15T15:32:00Z  426.289  26.740  -146.171  7.14290E-16  SWARM-A  5.640  26.652
2022-03-15T15:32:30Z  426.509  28.681  -146.182  7.22053E-16  SWARM-A  5.648  28.588
2022-03-15T15:33:00Z  426.758  30.620  -146.190  7.30213E-16  SWARM-A  5.656  30.524
2022-03-15T15:33:30Z  427.032  32.559  -146.192  7.38771E-16  SWARM-A  5.664  32.460
2022-03-15T15:34:00Z  427.331  34.497  -146.190  7.47780E-16  SWARM-A  5.673  34.397
2022-03-15T15:34:30Z  427.651  36.435  -146.181  7.56673E-16  SWARM-A  5.681  36.333
2022-03-15T15:35:00Z  427.990  38.371  -146.165  7.65665E-16  SWARM-A  5.691  38.270
2022-03-15T15:35:30Z  428.347  40.307  -146.142  7.75168E-16  SWARM-A  5.701  40.207
2022-03-15T15:36:00Z  428.717  42.242  -146.110  7.85315E-16  SWARM-A  5.711  42.143
2022-03-15T15:36:30Z  429.100  44.176  -146.068  7.95979E-16  SWARM-A  5.722  44.080
2022-03-15T15:37:00Z  429.492  46.109  -146.015  8.07237E-16  SWARM-A  5.734  46.017
2022-03-15T15:37:30Z  429.890  48.040  -145.948  8.19130E-16  SWARM-A  5.747  47.955
2022-03-15T15:38:00Z  430.293  49.971  -145.867  8.31631E-16  SWARM-A  5.761  49.892
2022-03-15T15:38:30Z  430.697  51.901  -145.769  8.44755E-16  SWARM-A  5.776  51.829
2022-03-15T15:39:00Z  431.101  53.829  -145.651  8.58504E-16  SWARM-A  5.792  53.766
2022-03-15T15:39:30Z  431.500  55.757  -145.509  8.72778E-16  SWARM-A  5.810  55.704
2022-03-15T15:40:00Z  431.895  57.682  -145.340  8.87589E-16  SWARM-A  5.829  57.641
2022-03-15T15:40:30Z  432.280  59.607  -145.138  9.02920E-16  SWARM-A  5.851  59.579
2022-03-15T15:41:00Z  432.656  61.530  -144.896  9.18681E-16  SWARM-A  5.875  61.517
2022-03-15T15:41:30Z  433.018  63.451  -144.605  9.34288E-16  SWARM-A  5.903  63.454
2022-03-15T15:42:00Z  433.366  65.370  -144.255  9.50363E-16  SWARM-A  5.935  65.392
2022-03-15T15:42:30Z  433.697  67.287  -143.831  9.66903E-16  SWARM-A  5.971  67.330
2022-03-15T15:43:00Z  434.009  69.201  -143.310  9.83920E-16  SWARM-A  6.014  69.268
2022-03-15T15:43:30Z  434.301  71.112  -142.666  1.00132E-15  SWARM-A  6.066  71.206
2022-03-15T15:44:00Z  434.571  73.018  -141.856  1.01911E-15  SWARM-A  6.128  73.144
2022-03-15T15:44:30Z  434.817  74.919  -140.817  1.03538E-15  SWARM-A  6.206  75.082
2022-03-15T15:45:00Z  435.038  76.812  -139.453  1.05194E-15  SWARM-A  6.305  77.020
2022-03-15T15:45:30Z  435.233  78.693  -137.601  1.06881E-15  SWARM-A  6.437  78.958
2022-03-15T15:46:00Z  435.401  80.555  -134.978  1.08591E-15  SWARM-A  6.620  80.896
2022-03-15T15:46:30Z  435.540  82.386  -131.035  1.10331E-15  SWARM-A  6.891  82.834
2022-03-15T15:47:00Z  435.651  84.155  -124.596  1.12103E-15  SWARM-A  7.329  84.772
2022-03-15T15:47:30Z  435.732  85.784  -112.831  1.14067E-15  SWARM-A  8.121  86.710
2022-03-15T15:48:00Z  435.784  87.035  -89.029  1.16075E-15  SWARM-A  9.717  88.648
2022-03-15T15:48:30Z  435.805  87.311  -49.690  1.18045E-15  SWARM-A  12.348  90.586
2022-03-15T15:49:00Z  435.796  86.384  -18.394  1.19928E-15  SWARM-A  14.442  92.524
2022-03-15T15:49:30Z  435.757  84.868  -2.654  1.21817E-15  SWARM-A  15.500  94.462
2022-03-15T15:50:00Z  435.688  83.143  5.525  1.23720E-15  SWARM-A  16.054  96.400
2022-03-15T15:50:30Z  435.590  81.334  10.319  1.25513E-15  SWARM-A  16.381  98.338
2022-03-15T15:51:00Z  435.463  79.482  13.409  1.27210E-15  SWARM-A  16.596  100.276
2022-03-15T15:51:30Z  435.309  77.608  15.541  1.28905E-15  SWARM-A  16.746  102.214
2022-03-15T15:52:00Z  435.127  75.720  17.086  1.30602E-15  SWARM-A  16.858  104.151
2022-03-15T15:52:30Z  434.919  73.822  18.247  1.32306E-15  SWARM-A  16.943  106.089
2022-03-15T15:53:00Z  434.687  71.918  19.145  1.34026E-15  SWARM-A  17.012  108.027
2022-03-15T15:53:30Z  434.432  70.009  19.853  1.35768E-15  SWARM-A  17.067  109.965
2022-03-15T15:54:00Z  434.155  68.097  20.421  1.37512E-15  SWARM-A  17.113  111.903
2022-03-15T15:54:30Z  433.859  66.181  20.883  1.39199E-15  SWARM-A  17.152  113.840
2022-03-15T15:55:00Z  433.544  64.263  21.263  1.40868E-15  SWARM-A  17.186  115.778
2022-03-15T15:55:30Z  433.214  62.343  21.577  1.42476E-15  SWARM-A  17.215  117.715
2022-03-15T15:56:00Z  432.869  60.421  21.838  1.44013E-15  SWARM-A  17.241  119.653
2022-03-15T15:56:30Z  432.513  58.497  22.056  1.45453E-15  SWARM-A  17.264  121.590
2022-03-15T15:57:00Z  432.147  56.572  22.238  1.46821E-15  SWARM-A  17.284  123.527
2022-03-15T15:57:30Z  431.774  54.646  22.391  1.48107E-15  SWARM-A  17.303  125.465
2022-03-15T15:58:00Z  431.395  52.718  22.519  1.49328E-15  SWARM-A  17.320  127.402
2022-03-15T15:58:30Z  431.014  50.789  22.625  1.50490E-15  SWARM-A  17.335  129.339
2022-03-15T15:59:00Z  430.634  48.859  22.713  1.51601E-15  SWARM-A  17.349  131.276
2022-03-15T15:59:30Z  430.255  46.928  22.785  1.52672E-15  SWARM-A  17.363  133.213
2022-03-15T16:00:00Z  429.881  44.996  22.844  1.53700E-15  SWARM-A  17.375  135.149
2022-03-15T16:00:30Z  429.515  43.063  22.890  1.54692E-15  SWARM-A  17.386  137.086
2022-03-15T16:01:00Z  429.158  41.129  22.926  1.55654E-15  SWARM-A  17.397  139.022
2022-03-15T16:01:30Z  428.814  39.194  22.953  1.56588E-15  SWARM-A  17.407  140.959
2022-03-15T16:02:00Z  428.485  37.258  22.972  1.57491E-15  SWARM-A  17.417  142.895
2022-03-15T16:02:30Z  428.173  35.321  22.984  1.58359E-15  SWARM-A  17.426  144.831
2022-03-15T16:03:00Z  427.881  33.384  22.989  1.59191E-15  SWARM-A  17.434  146.767
2022-03-15T16:03:30Z  427.611  31.446  22.988  1.59974E-15  SWARM-A  17.443  148.703
2022-03-15T16:04:00Z  427.365  29.507  22.983  1.60703E-15  SWARM-A  17.451  150.639
2022-03-15T16:04:30Z  427.146  27.567  22.973  1.61363E-15  SWARM-A  17.458  152.575
2022-03-15T16:05:00Z  426.955  25.627  22.959  1.61945E-15  SWARM-A  17.466  154.510
2022-03-15T16:05:30Z  426.794  23.686  22.941  1.62443E-15  SWARM-A  17.473  156.445
2022-03-15T16:06:00Z  426.665  21.745  22.921  1.62844E-15  SWARM-A  17.480  158.381
2022-03-15T16:06:30Z  426.570  19.803  22.897  1.63142E-15  SWARM-A  17.487  160.316
2022-03-15T16:07:00Z  426.510  17.861  22.871  1.63328E-15  SWARM-A  17.493  162.251
2022-03-15T16:07:30Z  426.487  15.918  22.843  1.63395E-15  SWARM-A  17.500  164.185
2022-03-15T16:08:00Z  426.502  13.975  22.814  1.63342E-15  SWARM-A  17.506  166.120
2022-03-15T16:08:30Z  426.555  12.032  22.782  1.63166E-15  SWARM-A  17.512  168.054
2022-03-15T16:09:00Z  426.648  10.089  22.749  1.62875E-15  SWARM-A  17.519  169.988
2022-03-15T16:09:30Z  426.782  8.145  22.716  1.62466E-15  SWARM-A  17.525  171.922
2022-03-15T16:10:00Z  426.956  6.202  22.681  1.61957E-15  SWARM-A  17.531  173.856
2022-03-15T16:10:30Z  427.172  4.258  22.645  1.61356E-15  SWARM-A  17.537  175.790
2022-03-15T16:11:00Z  427.429  2.314  22.609  1.60670E-15  SWARM-A  17.543  177.723
2022-03-15T16:11:30Z  427.728  0.371  22.573  1.59906E-15  SWARM-A  17.548  179.657
2022-03-15T16:12:00Z  428.068  -1.572  22.537  1.59084E-15  SWARM-A  17.554  181.590
2022-03-15T16:12:30Z  428.448  -3.515  22.501  1.58205E-15  SWARM-A  17.560  183.523
2022-03-15T16:13:00Z  428.868  -5.458  22.465  1.57278E-15  SWARM-A  17.566  185.456
2022-03-15T16:13:30Z  429.328  -7.400  22.430  1.56307E-15  SWARM-A  17.572  187.388
2022-03-15T16:14:00Z  429.826  -9.342  22.396  1.55292E-15  SWARM-A  17.578  189.320
2022-03-15T16:14:30Z  430.361  -11.284  22.363  1.54227E-15  SWARM-A  17.584  191.253
2022-03-15T16:15:00Z  430.931  -13.225  22.330  1.53108E-15  SWARM-A  17.591  193.185
2022-03-15T16:15:30Z  431.536  -15.165  22.300  1.51924E-15  SWARM-A  17.597  195.116
2022-03-15T16:16:00Z  432.172  -17.105  22.271  1.50665E-15  SWARM-A  17.603  197.048
2022-03-15T16:16:30Z  432.840  -19.043  22.244  1.49322E-15  SWARM-A  17.610  198.979
2022-03-15T16:17:00Z  433.535  -20.982  22.219  1.47885E-15  SWARM-A  17.617  200.911
2022-03-15T16:17:30Z  434.257  -22.919  22.197  1.46343E-15  SWARM-A  17.623  202.842
2022-03-15T16:18:00Z  435.003  -24.856  22.178  1.44688E-15  SWARM-A  17.631  204.772
2022-03-15T16:18:30Z  435.770  -26.791  22.163  1.42917E-15  SWARM-A  17.638  206.703
2022-03-15T16:19:00Z  436.556  -28.726  22.151  1.41027E-15  SWARM-A  17.645  208.634
2022-03-15T16:19:30Z  437.359  -30.660  22.143  1.39022E-15  SWARM-A  17.653  210.564
2022-03-15T16:20:00Z  438.175  -32.593  22.140  1.36860E-15  SWARM-A  17.661  212.494
2022-03-15T16:20:30Z  439.002  -34.524  22.142  1.34592E-15  SWARM-A  17.670  214.424
2022-03-15T16:21:00Z  439.837  -36.455  22.151  1.32246E-15  SWARM-A  17.679  216.354
2022-03-15T16:21:30Z  440.676  -38.384  22.166  1.29838E-15  SWARM-A  17.688  218.283
2022-03-15T16:22:00Z  441.518  -40.313  22.189  1.27391E-15  SWARM-A  17.698  220.213
2022-03-15T16:22:30Z  442.360  -42.240  22.220  1.24928E-15  SWARM-A  17.708  222.142
2022-03-15T16:23:00Z  443.197  -44.166  22.261  1.22472E-15  SWARM-A  17.719  224.071
2022-03-15T16:23:30Z  444.027  -46.091  22.314  1.20046E-15  SWARM-A  17.731  226.000
2022-03-15T16:24:00Z  444.847  -48.014  22.379  1.17486E-15  SWARM-A  17.744  227.929
2022-03-15T16:24:30Z  445.655  -49.936  22.459  1.14976E-15  SWARM-A  17.758  229.857
2022-03-15T16:25:00Z  446.446  -51.857  22.555  1.12557E-15  SWARM-A  17.772  231.786
2022-03-15T16:25:30Z  447.219  -53.777  22.672  1.10243E-15  SWARM-A  17.788  233.714
2022-03-15T16:26:00Z  447.970  -55.695  22.811  1.08042E-15  SWARM-A  17.806  235.642
2022-03-15T16:26:30Z  448.696  -57.611  22.978  1.05961E-15  SWARM-A  17.826  237.570
2022-03-15T16:27:00Z  449.396  -59.526  23.177  1.04045E-15  SWARM-A  17.847  239.498
2022-03-15T16:27:30Z  450.065  -61.440  23.415  1.02351E-15  SWARM-A  17.871  241.426
2022-03-15T16:28:00Z  450.703  -63.351  23.701  1.00768E-15  SWARM-A  17.899  243.354
2022-03-15T16:28:30Z  451.305  -65.260  24.045  9.92941E-16  SWARM-A  17.930  245.281
2022-03-15T16:29:00Z  451.871  -67.167  24.461  9.79178E-16  SWARM-A  17.966  247.209
2022-03-15T16:29:30Z  452.398  -69.071  24.971  9.66233E-16  SWARM-A  18.008  249.136
2022-03-15T16:30:00Z  452.884  -70.972  25.601  9.53294E-16  SWARM-A  18.059  251.064
2022-03-15T16:30:30Z  453.327  -72.868  26.391  9.39562E-16  SWARM-A  18.120  252.991
2022-03-15T16:31:00Z  453.725  -74.759  27.402  9.26046E-16  SWARM-A  18.195  254.918
2022-03-15T16:31:30Z  454.077  -76.642  28.724  9.12543E-16  SWARM-A  18.292  256.845
2022-03-15T16:32:00Z  454.382  -78.514  30.509  8.98856E-16  SWARM-A  18.419  258.773
2022-03-15T16:32:30Z  454.638  -80.368  33.023  8.84866E-16  SWARM-A  18.595  260.700
2022-03-15T16:33:00Z  454.844  -82.193  36.767  8.70135E-16  SWARM-A  18.853  262.627
2022-03-15T16:33:30Z  455.000  -83.961  42.801  8.54977E-16  SWARM-A  19.264  264.554
2022-03-15T16:34:00Z  455.105  -85.605  53.639  8.39689E-16  SWARM-A  19.995  266.481
2022-03-15T16:34:30Z  455.159  -86.918  75.360  8.24605E-16  SWARM-A  21.451  268.408
2022-03-15T16:35:00Z  455.161  -87.352  113.357  8.09820E-16  SWARM-A  23.992  270.335
2022-03-15T16:35:30Z  455.111  -86.558  146.790  7.94564E-16  SWARM-A  2.230  272.262
2022-03-15T16:36:00Z  455.010  -85.099  164.056  7.79069E-16  SWARM-A  3.389  274.189
2022-03-15T16:36:30Z  454.857  -83.403  172.918  7.63812E-16  SWARM-A  3.988  276.116
2022-03-15T16:37:00Z  454.654  -81.612  178.043  7.48927E-16  SWARM-A  4.338  278.043
2022-03-15T16:37:30Z  454.401  -79.776  -178.687  7.34463E-16  SWARM-A  4.565  279.970
2022-03-15T16:38:00Z  454.099  -77.915  -176.447  7.20401E-16  SWARM-A  4.722  281.897
2022-03-15T16:38:30Z  453.750  -76.039  -174.832  7.06451E-16  SWARM-A  4.838  283.825
2022-03-15T16:39:00Z  453.353  -74.153  -173.622  6.92587E-16  SWARM-A  4.927  285.752
2022-03-15T16:39:30Z  452.912  -72.260  -172.691  6.79438E-16  SWARM-A  4.998  287.679
2022-03-15T16:40:00Z  452.427  -70.362  -171.957  6.67167E-16  SWARM-A  5.055  289.607
2022-03-15T16:40:30Z  451.900  -68.460  -171.369  6.55937E-16  SWARM-A  5.102  291.534
2022-03-15T16:41:00Z  451.333  -66.555  -170.892  6.45927E-16  SWARM-A  5.143  293.462
2022-03-15T16:41:30Z  450.729  -64.647  -170.500  6.37234E-16  SWARM-A  5.177  295.390
2022-03-15T16:42:00Z  450.089  -62.737  -170.177  6.29800E-16  SWARM-A  5.207  297.318
2022-03-15T16:42:30Z  449.416  -60.824  -169.908  6.23570E-16  SWARM-A  5.233  299.246
2022-03-15T16:43:00Z  448.711  -58.910  -169.683  6.18405E-16  SWARM-A  5.257  301.174
2022-03-15T16:43:30Z  447.979  -56.995  -169.495  6.14016E-16  SWARM-A  5.277  303.102
2022-03-15T16:44:00Z  447.221  -55.077  -169.337  6.10178E-16  SWARM-A  5.296  305.030
2022-03-15T16:44:30Z  446.440  -53.158  -169.205  6.06787E-16  SWARM-A  5.313  306.959
2022-03-15T16:45:00Z  445.639  -51.238  -169.096  6.03861E-16  SWARM-A  5.329  308.888
2022-03-15T16:45:30Z  444.821  -49.317  -169.004  6.01310E-16  SWARM-A  5.343  310.816
2022-03-15T16:46:00Z  443.989  -47.394  -168.930  5.99316E-16  SWARM-A  5.357  312.745
2022-03-15T16:46:30Z  443.145  -45.469  -168.869  5.97839E-16  SWARM-A  5.369  314.675
2022-03-15T16:47:00Z  442.293  -43.544  -168.820  5.96875E-16  SWARM-A  5.381  316.604
2022-03-15T16:47:30Z  441.436  -41.617  -168.782  5.96389E-16  SWARM-A  5.392  318.533
2022-03-15T16:48:00Z  440.577  -39.689  -168.754  5.96247E-16  SWARM-A  5.402  320.463
2022-03-15T16:48:30Z  439.719  -37.760  -168.733  5.96471E-16  SWARM-A  5.412  322.393
2022-03-15T16:49:00Z  438.864  -35.830  -168.720  5.97068E-16  SWARM-A  5.421  324.323
2022-03-15T16:49:30Z  438.016  -33.899  -168.714  5.97955E-16  SWARM-A  5.429  326.253
2022-03-15T16:50:00Z  437.178  -31.966  -168.713  5.99065E-16  SWARM-A  5.438  328.183
2022-03-15T16:50:30Z  436.353  -30.033  -168.718  6.00433E-16  SWARM-A  5.446  330.114
2022-03-15T16:51:00Z  435.543  -28.098  -168.727  6.02021E-16  SWARM-A  5.454  332.045
2022-03-15T16:51:30Z  434.751  -26.163  -168.740  6.03835E-16  SWARM-A  5.461  333.976
2022-03-15T16:52:00Z  433.980  -24.226  -168.757  6.05892E-16  SWARM-A  5.468  335.907
2022-03-15T16:52:30Z  433.232  -22.289  -168.777  6.08116E-16  SWARM-A  5.475  337.838
2022-03-15T16:53:00Z  432.510  -20.351  -168.800  6.10528E-16  SWARM-A  5.482  339.770
2022-03-15T16:53:30Z  431.816  -18.412  -168.825  6.13060E-16  SWARM-A  5.489  341.701
2022-03-15T16:54:00Z  431.151  -16.472  -168.853  6.15693E-16  SWARM-A  5.495  343.633
2022-03-15T16:54:30Z  430.519  -14.532  -168.882  6.18412E-16  SWARM-A  5.502  345.566
2022-03-15T16:55:00Z  429.920  -12.591  -168.914  6.21168E-16  SWARM-A  5.508  347.498
2022-03-15T16:55:30Z  429.357  -10.649  -168.946  6.23960E-16  SWARM-A  5.514  349.430
2022-03-15T16:56:00Z  428.831  -8.707  -168.980  6.26730E-16  SWARM-A  5.520  351.363
2022-03-15T16:56:30Z  428.343  -6.765  -169.014  6.29460E-16  SWARM-A  5.526  353.296
2022-03-15T16:57:00Z  427.895  -4.822  -169.050  6.32129E-16  SWARM-A  5.532  355.229
2022-03-15T16:57:30Z  427.487  -2.878  -169.086  6.34773E-16  SWARM-A  5.538  357.162
2022-03-15T16:58:00Z  427.120  -0.935  -169.122  6.37335E-16  SWARM-A  5.544  359.096
2022-03-15T16:58:30Z  426.795  1.009  -169.158  6.39835E-16  SWARM-A  5.550  1.030
2022-03-15T16:59:00Z  426.512  2.953  -169.194  6.42268E-16  SWARM-A  5.556  2.963
2022-03-15T16:59:30Z  426.271  4.897  -169.230  6.44665E-16  SWARM-A  5.562  4.897
2022-03-15T17:00:00Z  426.072  6.841  -169.265  6.47024E-16  SWARM-A  5.568  6.832
2022-03-15T17:00:30Z  425.916  8.785  -169.299  6.49429E-16  SWARM-A  5.574  8.766
2022-03-15T17:01:00Z  425.801  10.729  -169.333  6.51883E-16  SWARM-A  5.580  10.701
2022-03-15T17:01:30Z  425.727  12.673  -169.365  6.54436E-16  SWARM-A  5.586  12.635
2022-03-15T17:02:00Z  425.694  14.616  -169.396  6.57085E-16  SWARM-A  5.592  14.570
2022-03-15T17:02:30Z  425.700  16.560  -169.426  6.59802E-16  SWARM-A  5.599  16.505
2022-03-15T17:03:00Z  425.745  18.503  -169.453  6.62729E-16  SWARM-A  5.605  18.440
2022-03-15T17:03:30Z  425.826  20.445  -169.478  6.65849E-16  SWARM-A  5.612  20.376
2022-03-15T17:04:00Z  425.943  22.387  -169.501  6.69320E-16  SWARM-A  5.619  22.311
2022-03-15T17:04:30Z  426.094  24.329  -169.520  6.73095E-16  SWARM-A  5.626  24.247
2022-03-15T17:05:00Z  426.278  26.270  -169.537  6.77160E-16  SWARM-A  5.633  26.183
2022-03-15T17:05:30Z  426.492  28.210  -169.549  6.81625E-16  SWARM-A  5.640  28.119
2022-03-15T17:06:00Z  426.734  30.150  -169.558  6.86489E-16  SWARM-A  5.648  30.055
2022-03-15T17:06:30Z  427.003  32.089  -169.562  6.91843E-16  SWARM-A  5.656  31.991
2022-03-15T17:07:00Z  427.297  34.028  -169.560  6.97689E-16  SWARM-A  5.665  33.927
2022-03-15T17:07:30Z  427.612  35.965  -169.553  7.04112E-16  SWARM-A  5.674  35.864
2022-03-15T17:08:00Z  427.948  37.902  -169.539  7.11114E-16  SWARM-A  5.683  37.800
2022-03-15T17:08:30Z  428.300  39.838  -169.518  7.18782E-16  SWARM-A  5.693  39.737
2022-03-15T17:09:00Z  428.668  41.773  -169.488  7.27123E-16  SWARM-A  5.703  41.674
2022-03-15T17:09:30Z  429.048  43.707  -169.449  7.36199E-16  SWARM-A  5.714  43.611
2022-03-15T17:10:00Z  429.437  45.640  -169.399  7.46088E-16  SWARM-A  5.726  45.548
2022-03-15T17:10:30Z  429.834  47.572  -169.336  7.56831E-16  SWARM-A  5.738  47.485
2022-03-15T17:11:00Z  430.236  49.503  -169.259  7.67649E-16  SWARM-A  5.752  49.422
2022-03-15T17:11:30Z  430.640  51.433  -169.165  7.78536E-16  SWARM-A  5.766  51.359
2022-03-15T17:12:00Z  431.043  53.362  -169.052  7.90234E-16  SWARM-A  5.782  53.296
2022-03-15T17:12:30Z  431.444  55.289  -168.916  8.02693E-16  SWARM-A  5.799  55.234
2022-03-15T17:13:00Z  431.839  57.215  -168.754  8.16067E-16  SWARM-A  5.819  57.171
2022-03-15T17:13:30Z  432.226  59.140  -168.561  8.30499E-16  SWARM-A  5.840  59.109
2022-03-15T17:14:00Z  432.604  61.064  -168.329  8.45792E-16  SWARM-A  5.864  61.047
2022-03-15T17:14:30Z  432.969  62.985  -168.052  8.61907E-16  SWARM-A  5.890  62.984
2022-03-15T17:15:00Z  433.320  64.905  -167.718  8.78803E-16  SWARM-A  5.921  64.922
2022-03-15T17:15:30Z  433.655  66.822  -167.313  8.95667E-16  SWARM-A  5.956  66.860
2022-03-15T17:16:00Z  433.971  68.737  -166.819  9.13170E-16  SWARM-A  5.998  68.798
2022-03-15T17:16:30Z  434.267  70.649  -166.208  9.31474E-16  SWARM-A  6.047  70.735
2022-03-15T17:17:00Z  434.541  72.556  -165.443  9.50516E-16  SWARM-A  6.106  72.673
2022-03-15T17:17:30Z  434.793  74.459  -164.468  9.68485E-16  SWARM-A  6.179  74.611
2022-03-15T17:18:00Z  435.019  76.354  -163.195  9.86394E-16  SWARM-A  6.273  76.549
2022-03-15T17:18:30Z  435.220  78.238  -161.482  1.00493E-15  SWARM-A  6.395  78.487
2022-03-15T17:19:00Z  435.393  80.106  -159.084  1.02408E-15  SWARM-A  6.563  80.425
2022-03-15T17:19:30Z  435.538  81.946  -155.537  1.04506E-15  SWARM-A  6.808  82.363
2022-03-15T17:20:00Z  435.655  83.734  -149.875  1.06767E-15  SWARM-A  7.194  84.301
2022-03-15T17:20:30Z  435.742  85.410  -139.832  1.09103E-15  SWARM-A  7.872  86.239
2022-03-15T17:21:00Z  435.800  86.793  -119.813  1.11517E-15  SWARM-A  9.215  88.177
2022-03-15T17:21:30Z  435.827  87.369  -83.042  1.13864E-15  SWARM-A  11.674  90.115
2022-03-15T17:22:00Z  435.824  86.688  -47.619  1.15956E-15  SWARM-A  14.044  92.053
2022-03-15T17:22:30Z  435.791  85.264  -28.887  1.18064E-15  SWARM-A  15.301  93.991
2022-03-15T17:23:00Z  435.728  83.573  -19.410  1.20219E-15  SWARM-A  15.942  95.929
2022-03-15T17:23:30Z  435.635  81.778  -14.008  1.22404E-15  SWARM-A  16.310  97.867
2022-03-15T17:24:00Z  435.514  79.935  -10.596  1.24488E-15  SWARM-A  16.546  99.805
2022-03-15T17:24:30Z  435.364  78.065  -8.276  1.26568E-15  SWARM-A  16.709  101.743
2022-03-15T17:25:00Z  435.187  76.180  -6.612  1.28655E-15  SWARM-A  16.828  103.681
2022-03-15T17:25:30Z  434.984  74.284  -5.372  1.30754E-15  SWARM-A  16.919  105.619
2022-03-15T17:26:00Z  434.756  72.381  -4.419  1.32860E-15  SWARM-A  16.991  107.556
2022-03-15T17:26:30Z  434.505  70.473  -3.670  1.35006E-15  SWARM-A  17.049  109.494
2022-03-15T17:27:00Z  434.231  68.562  -3.072  1.37165E-15  SWARM-A  17.097  111.432
2022-03-15T17:27:30Z  433.937  66.647  -2.587  1.39334E-15  SWARM-A  17.138  113.370
2022-03-15T17:28:00Z  433.624  64.729  -2.189  1.41502E-15  SWARM-A  17.173  115.307
2022-03-15T17:28:30Z  433.295  62.809  -1.861  1.43649E-15  SWARM-A  17.203  117.245
2022-03-15T17:29:00Z  432.951  60.888  -1.588  1.45650E-15  SWARM-A  17.230  119.182
2022-03-15T17:29:30Z  432.595  58.965  -1.360  1.47493E-15  SWARM-A  17.253  121.120
2022-03-15T17:30:00Z  432.228  57.040  -1.170  1.49276E-15  SWARM-A  17.274  123.057
2022-03-15T17:30:30Z  431.854  55.114  -1.010  1.50998E-15  SWARM-A  17.293  124.994
2022-03-15T17:31:00Z  431.474  53.186  -0.877  1.52650E-15  SWARM-A  17.310  126.931
2022-03-15T17:31:30Z  431.090  51.258  -0.766  1.54235E-15  SWARM-A  17.326  128.868
2022-03-15T17:32:00Z  430.706  49.328  -0.674  1.55751E-15  SWARM-A  17.341  130.805
2022-03-15T17:32:30Z  430.324  47.397  -0.598  1.57196E-15  SWARM-A  17.354  132.742
2022-03-15T17:33:00Z  429.946  45.465  -0.537  1.58572E-15  SWARM-A  17.366  134.679
2022-03-15T17:33:30Z  429.574  43.533  -0.488  1.59901E-15  SWARM-A  17.378  136.616
2022-03-15T17:34:00Z  429.213  41.599  -0.449  1.61178E-15  SWARM-A  17.389  138.552
2022-03-15T17:34:30Z  428.862  39.664  -0.420  1.62409E-15  SWARM-A  17.399  140.489
2022-03-15T17:35:00Z  428.527  37.728  -0.400  1.63602E-15  SWARM-A  17.409  142.425
2022-03-15T17:35:30Z  428.208  35.792  -0.386  1.64751E-15  SWARM-A  17.418  144.361
2022-03-15T17:36:00Z  427.908  33.854  -0.380  1.65859E-15  SWARM-A  17.427  146.297
2022-03-15T17:36:30Z  427.629  31.916  -0.379  1.66928E-15  SWARM-A  17.435  148.233
2022-03-15T17:37:00Z  427.374  29.978  -0.383  1.67951E-15  SWARM-A  17.443  150.169
2022-03-15T17:37:30Z  427.145  28.038  -0.392  1.68922E-15  SWARM-A  17.451  152.105
2022-03-15T17:38:00Z  426.944  26.098  -0.405  1.69836E-15  SWARM-A  17.459  154.040
2022-03-15T17:38:30Z  426.773  24.157  -0.422  1.70683E-15  SWARM-A  17.466  155.976
2022-03-15T17:39:00Z  426.634  22.216  -0.442  1.71455E-15  SWARM-A  17.473  157.911
2022-03-15T17:39:30Z  426.528  20.274  -0.465  1.72138E-15  SWARM-A  17.480  159.846
2022-03-15T17:40:00Z  426.457  18.332  -0.490  1.72733E-15  SWARM-A  17.486  161.781
2022-03-15T17:40:30Z  426.422  16.390  -0.518  1.73227E-15  SWARM-A  17.493  163.716
2022-03-15T17:41:00Z  426.425  14.447  -0.547  1.73613E-15  SWARM-A  17.499  165.651
2022-03-15T17:41:30Z  426.466  12.503  -0.578  1.73890E-15  SWARM-A  17.505  167.585
2022-03-15T17:42:00Z  426.547  10.560  -0.611  1.74050E-15  SWARM-A  17.512  169.519
2022-03-15T17:42:30Z  426.669  8.617  -0.645  1.74093E-15  SWARM-A  17.518  171.453
2022-03-15T17:43:00Z  426.831  6.673  -0.679  1.74015E-15  SWARM-A  17.524  173.387
2022-03-15T17:43:30Z  427.034  4.729  -0.714  1.73822E-15  SWARM-A  17.530  175.321
2022-03-15T17:44:00Z  427.279  2.786  -0.750  1.73515E-15  SWARM-A  17.536  177.255
2022-03-15T17:44:30Z  427.565  0.842  -0.786  1.73099E-15  SWARM-A  17.541  179.188
2022-03-15T17:45:00Z  427.892  -1.101  -0.823  1.72578E-15  SWARM-A  17.547  181.121
2022-03-15T17:45:30Z  428.260  -3.044  -0.859  1.71957E-15  SWARM-A  17.553  183.054
2022-03-15T17:46:00Z  428.669  -4.987  -0.895  1.71238E-15  SWARM-A  17.559  184.987
2022-03-15T17:46:30Z  429.116  -6.930  -0.930  1.70415E-15  SWARM-A  17.565  186.920
2022-03-15T17:47:00Z  429.603  -8.872  -0.964  1.69483E-15  SWARM-A  17.571  188.852
2022-03-15T17:47:30Z  430.126  -10.813  -0.998  1.68445E-15  SWARM-A  17.577  190.785
2022-03-15T17:48:00Z  430.686  -12.755  -1.031  1.67299E-15  SWARM-A  17.584  192.717
2022-03-15T17:48:30Z  431.280  -14.695  -1.062  1.66040E-15  SWARM-A  17.590  194.649
2022-03-15T17:49:00Z  431.906  -16.635  -1.091  1.64659E-15  SWARM-A  17.596  196.580
2022-03-15T17:49:30Z  432.564  -18.574  -1.118  1.63148E-15  SWARM-A  17.603  198.512
2022-03-15T17:50:00Z  433.251  -20.513  -1.144  1.61507E-15  SWARM-A  17.609  200.443
2022-03-15T17:50:30Z  433.965  -22.450  -1.166  1.59572E-15  SWARM-A  17.616  202.374
2022-03-15T17:51:00Z  434.704  -24.387  -1.186  1.57453E-15  SWARM-A  17.623  204.305
2022-03-15T17:51:30Z  435.464  -26.323  -1.203  1.55190E-15  SWARM-A  17.630  206.236
2022-03-15T17:52:00Z  436.245  -28.258  -1.216  1.52785E-15  SWARM-A  17.638  208.167
2022-03-15T17:52:30Z  437.043  -30.192  -1.224  1.50247E-15  SWARM-A  17.646  210.097
2022-03-15T17:53:00Z  437.855  -32.125  -1.229  1.47592E-15  SWARM-A  17.654  212.027
2022-03-15T17:53:30Z  438.679  -34.057  -1.228  1.44850E-15  SWARM-A  17.662  213.957
2022-03-15T17:54:00Z  439.511  -35.988  -1.221  1.42024E-15  SWARM-A  17.671  215.887
2022-03-15T17:54:30Z  440.350  -37.918  -1.207  1.39130E-15  SWARM-A  17.680  217.817
2022-03-15T17:55:00Z  441.192  -39.847  -1.187  1.36198E-15  SWARM-A  17.690  219.746
2022-03-15T17:55:30Z  442.033  -41.774  -1.157  1.33211E-15  SWARM-A  17.700  221.675
2022-03-15T17:56:00Z  442.872  -43.701  -1.119  1.30166E-15  SWARM-A  17.711  223.605
2022-03-15T17:56:30Z  443.705  -45.626  -1.069  1.27156E-15  SWARM-A  17.723  225.534
2022-03-15T17:57:00Z  444.528  -47.550  -1.007  1.24193E-15  SWARM-A  17.735  227.463
2022-03-15T17:57:30Z  445.340  -49.472  -0.931  1.21309E-15  SWARM-A  17.749  229.391
2022-03-15T17:58:00Z  446.136  -51.393  -0.839  1.18196E-15  SWARM-A  17.763  231.320
2022-03-15T17:58:30Z  446.914  -53.313  -0.727  1.15209E-15  SWARM-A  17.779  233.248
2022-03-15T17:59:00Z  447.672  -55.232  -0.594  1.12354E-15  SWARM-A  17.796  235.177
2022-03-15T17:59:30Z  448.406  -57.149  -0.434  1.09629E-15  SWARM-A  17.815  237.105
2022-03-15T18:00:00Z  449.113  -59.064  -0.243  1.07374E-15  SWARM-A  17.836  239.033
2022-03-15T18:00:30Z  449.792  -60.978  -0.016  1.05137E-15  SWARM-A  17.860  240.961
2022-03-15T18:01:00Z  450.439  -62.890  0.257  1.03015E-15  SWARM-A  17.886  242.888
2022-03-15T18:01:30Z  451.052  -64.800  0.586  1.01002E-15  SWARM-A  17.916  244.816
2022-03-15T18:02:00Z  451.629  -66.707  0.983  9.88122E-16  SWARM-A  17.951  246.744
2022-03-15T18:02:30Z  452.167  -68.612  1.468  9.66964E-16  SWARM-A  17.992  248.671
2022-03-15T18:03:00Z  452.665  -70.514  2.066  9.46651E-16  SWARM-A  18.040  250.599
2022-03-15T18:03:30Z  453.121  -72.411  2.813  9.26998E-16  SWARM-A  18.098  252.526
2022-03-15T18:04:00Z  453.533  -74.304  3.763  9.07058E-16  SWARM-A  18.170  254.453
2022-03-15T18:04:30Z  453.898  -76.189  4.999  8.87627E-16  SWARM-A  18.261  256.381
2022-03-15T18:05:00Z  454.217  -78.064  6.654  8.68578E-16  SWARM-A  18.379  258.308
2022-03-15T18:05:30Z  454.488  -79.924  8.957  8.49825E-16  SWARM-A  18.541  260.235
2022-03-15T18:06:00Z  454.709  -81.757  12.336  8.31331E-16  SWARM-A  18.775  262.162
2022-03-15T18:06:30Z  454.881  -83.543  17.667  8.12924E-16  SWARM-A  19.138  264.089
2022-03-15T18:07:00Z  455.001  -85.227  26.972  7.94718E-16  SWARM-A  19.767  266.016
2022-03-15T18:07:30Z  455.070  -86.655  45.251  7.76522E-16  SWARM-A  20.994  267.943
2022-03-15T18:08:00Z  455.088  -87.366  79.993  7.59594E-16  SWARM-A  23.319  269.871
2022-03-15T18:08:30Z  455.054  -86.836  117.057  7.45111E-16  SWARM-A  1.798  271.798
2022-03-15T18:09:00Z  454.969  -85.482  137.577  7.30579E-16  SWARM-A  3.174  273.725
2022-03-15T18:09:30Z  454.832  -83.823  147.872  7.16149E-16  SWARM-A  3.869  275.652
2022-03-15T18:10:00Z  454.644  -82.049  153.659  7.01875E-16  SWARM-A  4.263  277.579
2022-03-15T18:10:30Z  454.407  -80.221  157.276  6.88209E-16  SWARM-A  4.512  279.506
2022-03-15T18:11:00Z  454.120  -78.365  159.717  6.75204E-16  SWARM-A  4.683  281.433
2022-03-15T18:11:30Z  453.786  -76.492  161.457  6.62933E-16  SWARM-A  4.808  283.361
2022-03-15T18:12:00Z  453.404  -74.608  162.750  6.51486E-16  SWARM-A  4.902  285.288
2022-03-15T18:12:30Z  452.977  -72.717  163.739  6.40873E-16  SWARM-A  4.977  287.215
2022-03-15T18:13:00Z  452.506  -70.820  164.515  6.31183E-16  SWARM-A  5.037  289.143
2022-03-15T18:13:30Z  451.993  -68.918  165.134  6.22384E-16  SWARM-A  5.086  291.070
2022-03-15T18:14:00Z  451.440  -67.014  165.635  6.14573E-16  SWARM-A  5.128  292.998
2022-03-15T18:14:30Z  450.848  -65.106  166.045  6.07702E-16  SWARM-A  5.164  294.926
2022-03-15T18:15:00Z  450.220  -63.197  166.383  6.01779E-16  SWARM-A  5.195  296.854
2022-03-15T18:15:30Z  449.558  -61.285  166.665  5.96830E-16  SWARM-A  5.222  298.782
2022-03-15T18:16:00Z  448.865  -59.371  166.899  5.92833E-16  SWARM-A  5.246  300.710
2022-03-15T18:16:30Z  448.143  -57.456  167.096  5.89775E-16  SWARM-A  5.267  302.638
2022-03-15T18:17:00Z  447.394  -55.539  167.260  5.87571E-16  SWARM-A  5.286  304.566
2022-03-15T18:17:30Z  446.622  -53.621  167.397  5.86103E-16  SWARM-A  5.304  306.495
2022-03-15T18:18:00Z  445.830  -51.701  167.512  5.85272E-16  SWARM-A  5.320  308.423
2022-03-15T18:18:30Z  445.019  -49.779  167.607  5.84957E-16  SWARM-A  5.335  310.352
2022-03-15T18:19:00Z  444.194  -47.857  167.686  5.85123E-16  SWARM-A  5.348  312.281
2022-03-15T18:19:30Z  443.356  -45.933  167.750  5.85703E-16  SWARM-A  5.361  314.210
2022-03-15T18:20:00Z  442.509  -44.008  167.801  5.86655E-16  SWARM-A  5.372  316.139
2022-03-15T18:20:30Z  441.657  -42.081  167.842  5.87730E-16  SWARM-A  5.383  318.069
2022-03-15T18:21:00Z  440.801  -40.154  167.872  5.89019E-16  SWARM-A  5.394  319.998
2022-03-15T18:21:30Z  439.946  -38.225  167.894  5.90531E-16  SWARM-A  5.404  321.928
2022-03-15T18:22:00Z  439.093  -36.295  167.909  5.92130E-16  SWARM-A  5.413  323.858
2022-03-15T18:22:30Z  438.247  -34.364  167.917  5.93901E-16  SWARM-A  5.422  325.788
2022-03-15T18:23:00Z  437.410  -32.431  167.919  5.95783E-16  SWARM-A  5.430  327.719
2022-03-15T18:23:30Z  436.584  -30.498  167.915  5.97771E-16  SWARM-A  5.438  329.649
2022-03-15T18:24:00Z  435.773  -28.564  167.907  5.99834E-16  SWARM-A  5.446  331.580
2022-03-15T18:24:30Z  434.980  -26.629  167.895  6.01931E-16  SWARM-A  5.454  333.511
2022-03-15T18:25:00Z  434.206  -24.693  167.879  6.04027E-16  SWARM-A  5.461  335.442
2022-03-15T18:25:30Z  433.455  -22.756  167.860  6.05597E-16  SWARM-A  5.468  337.373
2022-03-15T18:26:00Z  432.729  -20.818  167.837  6.07064E-16  SWARM-A  5.475  339.305
2022-03-15T18:26:30Z  432.030  -18.879  167.813  6.08481E-16  SWARM-A  5.482  341.236
2022-03-15T18:27:00Z  431.360  -16.940  167.786  6.09850E-16  SWARM-A  5.488  343.168
2022-03-15T18:27:30Z  430.722  -14.999  167.756  6.11199E-16  SWARM-A  5.494  345.100
2022-03-15T18:28:00Z  430.117  -13.059  167.726  6.12492E-16  SWARM-A  5.501  347.032
2022-03-15T18:28:30Z  429.547  -11.117  167.693  6.13753E-16  SWARM-A  5.507  348.965
2022-03-15T18:29:00Z  429.013  -9.175  167.660  6.14968E-16  SWARM-A  5.513  350.897
2022-03-15T18:29:30Z  428.517  -7.233  167.626  6.16179E-16  SWARM-A  5.519  352.830
2022-03-15T18:30:00Z  428.060  -5.290  167.590  6.17417E-16  SWARM-A  5.525  354.763
2022-03-15T18:30:30Z  427.643  -3.347  167.555  6.18699E-16  SWARM-A  5.531  356.697
2022-03-15T18:31:00Z  427.268  -1.403  167.519  6.20331E-16  SWARM-A  5.537  358.630
2022-03-15T18:31:30Z  426.933  0.540  167.482  6.22032E-16  SWARM-A  5.543  0.564
2022-03-15T18:32:00Z  426.641  2.484  167.446  6.23781E-16  SWARM-A  5.549  2.497
2022-03-15T18:32:30Z  426.390  4.428  167.410  6.25681E-16  SWARM-A  5.555  4.431
2022-03-15T18:33:00Z  426.182  6.372  167.375  6.27669E-16  SWARM-A  5.561  6.365
2022-03-15T18:33:30Z  426.016  8.316  167.340  6.29746E-16  SWARM-A  5.567  8.300
2022-03-15T18:34:00Z  425.892  10.260  167.306  6.31903E-16  SWARM-A  5.573  10.234
2022-03-15T18:34:30Z  425.808  12.204  167.274  6.34229E-16  SWARM-A  5.579  12.169
2022-03-15T18:35:00Z  425.766  14.148  167.242  6.36674E-16  SWARM-A  5.585  14.104
2022-03-15T18:35:30Z  425.763  16.091  167.213  6.39272E-16  SWARM-A  5.592  16.039
2022-03-15T18:36:00Z  425.798  18.034  167.185  6.42046E-16  SWARM-A  5.598  17.974
2022-03-15T18:36:30Z  425.871  19.977  167.159  6.45049E-16  SWARM-A  5.605  19.909
2022-03-15T18:37:00Z  425.979  21.919  167.136  6.48219E-16  SWARM-A  5.611  21.844
2022-03-15T18:37:30Z  426.123  23.861  167.116  6.51630E-16  SWARM-A  5.618  23.780
2022-03-15T18:38:00Z  426.298  25.802  167.098  6.55269E-16  SWARM-A  5.626  25.716
2022-03-15T18:38:30Z  426.505  27.742  167.085  6.59232E-16  SWARM-A  5.633  27.652
2022-03-15T18:39:00Z  426.741  29.682  167.075  6.63519E-16  SWARM-A  5.641  29.588
2022-03-15T18:39:30Z  427.004  31.621  167.070  6.68174E-16  SWARM-A  5.649  31.524
2022-03-15T18:40:00Z  427.292  33.560  167.070  6.73272E-16  SWARM-A  5.657  33.460
2022-03-15T18:40:30Z  427.602  35.498  167.076  6.78828E-16  SWARM-A  5.666  35.396
2022-03-15T18:41:00Z  427.933  37.435  167.088  6.84912E-16  SWARM-A  5.675  37.333
2022-03-15T18:41:30Z  428.281  39.371  167.107  6.91547E-16  SWARM-A  5.685  39.269
2022-03-15T18:42:00Z  428.645  41.306  167.135  6.98760E-16  SWARM-A  5.695  41.206
2022-03-15T18:42:30Z  429.022  43.240  167.172  7.06590E-16  SWARM-A  5.706  43.143
2022-03-15T18:43:00Z  429.409  45.173  167.219  7.15094E-16  SWARM-A  5.717  45.080
2022-03-15T18:43:30Z  429.805  47.106  167.279  7.24213E-16  SWARM-A  5.729  47.017
2022-03-15T18:44:00Z  430.205  49.037  167.352  7.34007E-16  SWARM-A  5.743  48.954
2022-03-15T18:44:30Z  430.608  50.967  167.442  7.44465E-16  SWARM-A  5.757  50.891
2022-03-15T18:45:00Z  431.011  52.896  167.550  7.55587E-16  SWARM-A  5.772  52.829
2022-03-15T18:45:30Z  431.412  54.824  167.679  7.67465E-16  SWARM-A  5.789  54.766
2022-03-15T18:46:00Z  431.809  56.750  167.834  7.80010E-16  SWARM-A  5.808  56.703
2022-03-15T18:46:30Z  432.198  58.675  168.020  7.93245E-16  SWARM-A  5.829  58.641
2022-03-15T18:47:00Z  432.577  60.599  168.241  8.07016E-16  SWARM-A  5.852  60.578
2022-03-15T18:47:30Z  432.945  62.521  168.507  8.21371E-16  SWARM-A  5.878  62.516
2022-03-15T18:48:00Z  433.299  64.441  168.826  8.36309E-16  SWARM-A  5.908  64.454
2022-03-15T18:48:30Z  433.637  66.359  169.212  8.51806E-16  SWARM-A  5.942  66.391
2022-03-15T18:49:00Z  433.957  68.275  169.682  8.67890E-16  SWARM-A  5.981  68.329
2022-03-15T18:49:30Z  434.257  70.187  170.262  8.84792E-16  SWARM-A  6.028  70.267
2022-03-15T18:50:00Z  434.536  72.096  170.985  9.02276E-16  SWARM-A  6.085  72.205
2022-03-15T18:50:30Z  434.791  74.000  171.902  9.20318E-16  SWARM-A  6.154  74.143
2022-03-15T18:51:00Z  435.023  75.896  173.093  9.38944E-16  SWARM-A  6.242  76.081
2022-03-15T18:51:30Z  435.228  77.784  174.681  9.58148E-16  SWARM-A  6.356  78.019
2022-03-15T18:52:00Z  435.407  79.656  176.881  9.78017E-16  SWARM-A  6.511  79.957
2022-03-15T18:52:30Z  435.557  81.505  -179.912  9.98487E-16  SWARM-A  6.733  81.895
2022-03-15T18:53:00Z  435.680  83.309  -174.899  1.01961E-15  SWARM-A  7.076  83.832
2022-03-15T18:53:30Z  435.772  85.022  -166.255  1.04150E-15  SWARM-A  7.660  85.770
2022-03-15T18:54:00Z  435.835  86.506  -149.437  1.06420E-15  SWARM-A  8.790  87.708
2022-03-15T18:54:30Z  435.868  87.345  -116.480  1.08756E-15  SWARM-A  10.995  89.646
2022-03-15T18:55:00Z  435.870  86.949  -77.916  1.11056E-15  SWARM-A  13.575  91.584
2022-03-15T18:55:30Z  435.843  85.644  -55.627  1.13379E-15  SWARM-A  15.069  93.522
2022-03-15T18:56:00Z  435.785  83.995  -44.567  1.15777E-15  SWARM-A  15.815  95.460
2022-03-15T18:56:30Z  435.697  82.218  -38.445  1.18229E-15  SWARM-A  16.231  97.398
2022-03-15T18:57:00Z  435.581  80.384  -34.662  1.20724E-15  SWARM-A  16.492  99.336
2022-03-15T18:57:30Z  435.436  78.519  -32.130  1.23253E-15  SWARM-A  16.669  101.274
2022-03-15T18:58:00Z  435.263  76.637  -30.335  1.25800E-15  SWARM-A  16.797  103.212
2022-03-15T18:58:30Z  435.064  74.744  -29.007  1.28306E-15  SWARM-A  16.894  105.150
2022-03-15T18:59:00Z  434.839  72.842  -27.994  1.30768E-15  SWARM-A  16.970  107.088
2022-03-15T18:59:30Z  434.591  70.936  -27.202  1.33213E-15  SWARM-A  17.031  109.025
2022-03-15T19:00:00Z  434.320  69.025  -26.571  1.35629E-15  SWARM-A  17.081  110.963
2022-03-15T19:00:30Z  434.028  67.110  -26.062  1.38006E-15  SWARM-A  17.123  112.901
2022-03-15T19:01:00Z  433.717  65.193  -25.645  1.40331E-15  SWARM-A  17.160  114.838
2022-03-15T19:01:30Z  433.389  63.274  -25.301  1.42589E-15  SWARM-A  17.191  116.776
2022-03-15T19:02:00Z  433.046  61.353  -25.016  1.44777E-15  SWARM-A  17.218  118.713
2022-03-15T19:02:30Z  432.689  59.430  -24.779  1.46880E-15  SWARM-A  17.242  120.651
2022-03-15T19:03:00Z  432.322  57.506  -24.580  1.48891E-15  SWARM-A  17.264  122.588
2022-03-15T19:03:30Z  431.946  55.580  -24.414  1.50813E-15  SWARM-A  17.283  124.525
2022-03-15T19:04:00Z  431.564  53.653  -24.274  1.52633E-15  SWARM-A  17.301  126.462
2022-03-15T19:04:30Z  431.177  51.725  -24.158  1.54411E-15  SWARM-A  17.317  128.400
2022-03-15T19:05:00Z  430.790  49.795  -24.062  1.56302E-15  SWARM-A  17.332  130.337
2022-03-15T19:05:30Z  430.403  47.865  -23.983  1.58170E-15  SWARM-A  17.345  132.273
2022-03-15T19:06:00Z  430.020  45.933  -23.918  1.59966E-15  SWARM-A  17.358  134.210
2022-03-15T19:06:30Z  429.643  44.000  -23.866  1.61549E-15  SWARM-A  17.370  136.147
2022-03-15T19:07:00Z  429.275  42.067  -23.825  1.62834E-15  SWARM-A  17.381  138.084
2022-03-15T19:07:30Z  428.918  40.132  -23.794  1.64053E-15  SWARM-A  17.391  140.020
2022-03-15T19:08:00Z  428.575  38.197  -23.771  1.65212E-15  SWARM-A  17.401  141.957
2022-03-15T19:08:30Z  428.247  36.260  -23.756  1.66307E-15  SWARM-A  17.410  143.893
2022-03-15T19:09:00Z  427.939  34.323  -23.748  1.67476E-15  SWARM-A  17.419  145.829
2022-03-15T19:09:30Z  427.651  32.385  -23.746  1.68766E-15  SWARM-A  17.428  147.765
2022-03-15T19:10:00Z  427.386  30.447  -23.749  1.69990E-15  SWARM-A  17.436  149.701
2022-03-15T19:10:30Z  427.147  28.507  -23.757  1.71149E-15  SWARM-A  17.444  151.637
2022-03-15T19:11:00Z  426.935  26.567  -23.769  1.72234E-15  SWARM-A  17.451  153.572
2022-03-15T19:11:30Z  426.753  24.627  -23.785  1.73120E-15  SWARM-A  17.459  155.508
2022-03-15T19:12:00Z  426.602  22.686  -23.804  1.73658E-15  SWARM-A  17.466  157.443
2022-03-15T19:12:30Z  426.485  20.744  -23.827  1.74108E-15  SWARM-A  17.472  159.378
2022-03-15T19:13:00Z  426.402  18.802  -23.851  1.74464E-15  SWARM-A  17.479  161.313
2022-03-15T19:13:30Z  426.354  16.859  -23.878  1.74728E-15  SWARM-A  17.486  163.248
2022-03-15T19:14:00Z  426.345  14.916  -23.907  1.74896E-15  SWARM-A  17.492  165.183
2022-03-15T19:14:30Z  426.373  12.973  -23.938  1.74883E-15  SWARM-A  17.498  167.117
2022-03-15T19:15:00Z  426.442  11.030  -23.970  1.74764E-15  SWARM-A  17.505  169.052
2022-03-15T19:15:30Z  426.550  9.086  -24.004  1.74563E-15  SWARM-A  17.511  170.986
2022-03-15T19:16:00Z  426.699  7.143  -24.038  1.74283E-15  SWARM-A  17.517  172.920
2022-03-15T19:16:30Z  426.890  5.199  -24.073  1.73939E-15  SWARM-A  17.523  174.854
2022-03-15T19:17:00Z  427.122  3.255  -24.109  1.73530E-15  SWARM-A  17.529  176.787
2022-03-15T19:17:30Z  427.395  1.312  -24.145  1.73054E-15  SWARM-A  17.535  178.721
2022-03-15T19:18:00Z  427.710  -0.632  -24.181  1.72525E-15  SWARM-A  17.540  180.654
2022-03-15T19:18:30Z  428.065  -2.575  -24.218  1.71937E-15  SWARM-A  17.546  182.587
2022-03-15T19:19:00Z  428.462  -4.518  -24.254  1.71290E-15  SWARM-A  17.552  184.520
2022-03-15T19:19:30Z  428.898  -6.461  -24.289  1.70575E-15  SWARM-A  17.558  186.453
2022-03-15T19:20:00Z  429.373  -8.403  -24.324  1.69789E-15  SWARM-A  17.564  188.386
2022-03-15T19:20:30Z  429.885  -10.345  -24.358  1.68927E-15  SWARM-A  17.570  190.318
2022-03-15T19:21:00Z  430.434  -12.286  -24.390  1.67980E-15  SWARM-A  17.577  192.250
2022-03-15T19:21:30Z  431.019  -14.227  -24.422  1.66942E-15  SWARM-A  17.583  194.182
2022-03-15T19:22:00Z  431.636  -16.167  -24.452  1.65806E-15  SWARM-A  17.589  196.114
2022-03-15T19:22:30Z  432.286  -18.106  -24.479  1.64562E-15  SWARM-A  17.596  198.046
2022-03-15T19:23:00Z  432.965  -20.045  -24.505  1.63203E-15  SWARM-A  17.602  199.977
2022-03-15T19:23:30Z  433.672  -21.983  -24.529  1.61721E-15  SWARM-A  17.609  201.908
2022-03-15T19:24:00Z  434.404  -23.920  -24.549  1.60108E-15  SWARM-A  17.616  203.839
2022-03-15T19:24:30Z  435.159  -25.856  -24.566  1.58362E-15  SWARM-A  17.623  205.770
2022-03-15T19:25:00Z  435.935  -27.791  -24.580  1.56483E-15  SWARM-A  17.631  207.701
2022-03-15T19:25:30Z  436.729  -29.726  -24.590  1.54466E-15  SWARM-A  17.638  209.631
2022-03-15T19:26:00Z  437.538  -31.659  -24.595  1.52322E-15  SWARM-A  17.646  211.562
2022-03-15T19:26:30Z  438.360  -33.592  -24.596  1.50055E-15  SWARM-A  17.655  213.492
2022-03-15T19:27:00Z  439.191  -35.523  -24.590  1.47674E-15  SWARM-A  17.663  215.422
2022-03-15T19:27:30Z  440.029  -37.453  -24.579  1.45196E-15  SWARM-A  17.672  217.352
2022-03-15T19:28:00Z  440.871  -39.382  -24.560  1.42633E-15  SWARM-A  17.682  219.281
2022-03-15T19:28:30Z  441.713  -41.310  -24.533  1.40006E-15  SWARM-A  17.692  221.211
2022-03-15T19:29:00Z  442.554  -43.237  -24.496  1.37337E-15  SWARM-A  17.703  223.140
2022-03-15T19:29:30Z  443.389  -45.162  -24.449  1.34625E-15  SWARM-A  17.714  225.069
2022-03-15T19:30:00Z  444.216  -47.086  -24.391  1.31893E-15  SWARM-A  17.727  226.998
2022-03-15T19:30:30Z  445.032  -49.009  -24.318  1.29166E-15  SWARM-A  17.740  228.927
2022-03-15T19:31:00Z  445.833  -50.931  -24.230  1.26457E-15  SWARM-A  17.754  230.856
2022-03-15T19:31:30Z  446.618  -52.851  -24.123  1.23778E-15  SWARM-A  17.769  232.784
2022-03-15T19:32:00Z  447.382  -54.770  -23.995  1.21138E-15  SWARM-A  17.786  234.712
2022-03-15T19:32:30Z  448.123  -56.688  -23.842  1.18547E-15  SWARM-A  17.805  236.641
2022-03-15T19:33:00Z  448.839  -58.603  -23.660  1.15997E-15  SWARM-A  17.825  238.569
2022-03-15T19:33:30Z  449.527  -60.518  -23.441  1.13448E-15  SWARM-A  17.848  240.497
2022-03-15T19:34:00Z  450.184  -62.430  -23.180  1.10939E-15  SWARM-A  17.874  242.425
2022-03-15T19:34:30Z  450.807  -64.341  -22.866  1.08477E-15  SWARM-A  17.903  244.353
2022-03-15T19:35:00Z  451.395  -66.249  -22.486  1.06058E-15  SWARM-A  17.937  246.280
2022-03-15T19:35:30Z  451.946  -68.154  -22.025  1.03676E-15  SWARM-A  17.976  248.208
2022-03-15T19:36:00Z  452.456  -70.057  -21.457  1.01325E-15  SWARM-A  18.022  250.135
2022-03-15T19:36:30Z  452.925  -71.956  -20.750  9.90046E-16  SWARM-A  18.078  252.063
2022-03-15T19:37:00Z  453.350  -73.849  -19.854  9.65843E-16  SWARM-A  18.146  253.990
2022-03-15T19:37:30Z  453.730  -75.737  -18.697  9.41484E-16  SWARM-A  18.231  255.917
2022-03-15T19:38:00Z  454.063  -77.615  -17.159  9.17382E-16  SWARM-A  18.342  257.845
2022-03-15T19:38:30Z  454.349  -79.478  -15.040  8.93518E-16  SWARM-A  18.492  259.772
2022-03-15T19:39:00Z  454.585  -81.320  -11.975  8.69925E-16  SWARM-A  18.704  261.699
2022-03-15T19:39:30Z  454.772  -83.120  -7.235  8.46611E-16  SWARM-A  19.029  263.626
2022-03-15T19:40:00Z  454.908  -84.837  0.816  8.24110E-16  SWARM-A  19.574  265.553
2022-03-15T19:40:30Z  454.994  -86.352  16.223  8.02747E-16  SWARM-A  20.609  267.480
2022-03-15T19:41:00Z  455.027  -87.300  46.860  7.82144E-16  SWARM-A  22.660  269.408
2022-03-15T19:41:30Z  455.010  -87.067  86.224  7.61889E-16  SWARM-A  1.293  271.335
2022-03-15T19:42:00Z  454.940  -85.847  110.535  7.41543E-16  SWARM-A  2.922  273.262
2022-03-15T19:42:30Z  454.820  -84.236  122.579  7.21754E-16  SWARM-A  3.733  275.189
2022-03-15T19:43:00Z  454.648  -82.481  129.154  7.02347E-16  SWARM-A  4.180  277.116
2022-03-15T19:43:30Z  454.427  -80.663  133.171  6.83114E-16  SWARM-A  4.456  279.043
2022-03-15T19:44:00Z  454.156  -78.813  135.838  6.64985E-16  SWARM-A  4.642  280.970
2022-03-15T19:44:30Z  453.837  -76.943  137.718  6.48005E-16  SWARM-A  4.776  282.898
2022-03-15T19:45:00Z  453.470  -75.061  139.103  6.32272E-16  SWARM-A  4.876  284.825
2022-03-15T19:45:30Z  453.058  -73.171  140.155  6.17834E-16  SWARM-A  4.955  286.753
2022-03-15T19:46:00Z  452.602  -71.275  140.976  6.04457E-16  SWARM-A  5.018  288.680
2022-03-15T19:46:30Z  452.103  -69.375  141.629  5.92055E-16  SWARM-A  5.070  290.608
2022-03-15T19:47:00Z  451.563  -67.471  142.155  5.80997E-16  SWARM-A  5.113  292.535
2022-03-15T19:47:30Z  450.984  -65.565  142.585  5.71162E-16  SWARM-A  5.150  294.463
2022-03-15T19:48:00Z  450.369  -63.655  142.940  5.62638E-16  SWARM-A  5.182  296.391
2022-03-15T19:48:30Z  449.719  -61.744  143.234  5.55378E-16  SWARM-A  5.210  298.319
2022-03-15T19:49:00Z  449.037  -59.831  143.479  5.49437E-16  SWARM-A  5.235  300.247
2022-03-15T19:49:30Z  448.326  -57.916  143.683  5.44857E-16  SWARM-A  5.257  302.175
2022-03-15T19:50:00Z  447.587  -55.999  143.855  5.41512E-16  SWARM-A  5.276  304.103
2022-03-15T19:50:30Z  446.825  -54.081  143.999  5.39373E-16  SWARM-A  5.294  306.032
2022-03-15T19:51:00Z  446.041  -52.162  144.118  5.38395E-16  SWARM-A  5.311  307.960
2022-03-15T19:51:30Z  445.238  -50.241  144.218  5.38513E-16  SWARM-A  5.326  309.889
2022-03-15T19:52:00Z  444.420  -48.318  144.300  5.39550E-16  SWARM-A  5.339  311.818
2022-03-15T19:52:30Z  443.589  -46.395  144.368  5.41001E-16  SWARM-A  5.352  313.747
2022-03-15T19:53:00Z  442.748  -44.470  144.422  5.42900E-16  SWARM-A  5.364  315.676
2022-03-15T19:53:30Z  441.900  -42.544  144.465  5.45459E-16  SWARM-A  5.375  317.606
2022-03-15T19:54:00Z  441.049  -40.617  144.498  5.48628E-16  SWARM-A  5.386  319.535
2022-03-15T19:54:30Z  440.197  -38.688  144.522  5.52248E-16  SWARM-A  5.396  321.465
2022-03-15T19:55:00Z  439.348  -36.758  144.538  5.56340E-16  SWARM-A  5.405  323.395
2022-03-15T19:55:30Z  438.504  -34.828  144.548  5.60650E-16  SWARM-A  5.414  325.325
2022-03-15T19:56:00Z  437.668  -32.896  144.551  5.65242E-16  SWARM-A  5.423  327.255
2022-03-15T19:56:30Z  436.843  -30.963  144.549  5.69982E-16  SWARM-A  5.431  329.185
2022-03-15T19:57:00Z  436.032  -29.029  144.542  5.74873E-16  SWARM-A  5.439  331.116
2022-03-15T19:57:30Z  435.238  -27.094  144.531  5.79822E-16  SWARM-A  5.446  333.047
2022-03-15T19:58:00Z  434.464  -25.158  144.515  5.84717E-16  SWARM-A  5.454  334.978
2022-03-15T19:58:30Z  433.711  -23.221  144.497  5.89573E-16  SWARM-A  5.461  336.909
2022-03-15T19:59:00Z  432.982  -21.284  144.475  5.94330E-16  SWARM-A  5.468  338.840
2022-03-15T19:59:30Z  432.280  -19.345  144.451  5.98897E-16  SWARM-A  5.474  340.772
2022-03-15T20:00:00Z  431.607  -17.406  144.425  6.03342E-16  SWARM-A  5.481  342.704
2022-03-15T20:00:30Z  430.965  -15.466  144.396  6.07468E-16  SWARM-A  5.487  344.636
2022-03-15T20:01:00Z  430.355  -13.525  144.366  6.11315E-16  SWARM-A  5.494  346.568
2022-03-15T20:01:30Z  429.780  -11.584  144.334  6.14889E-16  SWARM-A  5.500  348.500
2022-03-15T20:02:00Z  429.241  -9.642  144.301  6.18149E-16  SWARM-A  5.506  350.433
2022-03-15T20:02:30Z  428.739  -7.700  144.266  6.21177E-16  SWARM-A  5.512  352.365
2022-03-15T20:03:00Z  428.275  -5.757  144.231  6.23946E-16  SWARM-A  5.518  354.298
2022-03-15T20:03:30Z  427.851  -3.814  144.196  6.26425E-16  SWARM-A  5.524  356.231
2022-03-15T20:04:00Z  427.468  -1.871  144.160  6.28585E-16  SWARM-A  5.530  358.165
2022-03-15T20:04:30Z  427.125  0.073  144.124  6.30441E-16  SWARM-A  5.536  0.098
2022-03-15T20:05:00Z  426.824  2.016  144.087  6.32111E-16  SWARM-A  5.542  2.032
2022-03-15T20:05:30Z  426.566  3.960  144.051  6.33563E-16  SWARM-A  5.548  3.966
2022-03-15T20:06:00Z  426.349  5.904  144.016  6.34772E-16  SWARM-A  5.554  5.900
2022-03-15T20:06:30Z  426.174  7.848  143.981  6.35808E-16  SWARM-A  5.560  7.834
2022-03-15T20:07:00Z  426.040  9.792  143.947  6.36719E-16  SWARM-A  5.566  9.768
2022-03-15T20:07:30Z  425.948  11.736  143.914  6.37511E-16  SWARM-A  5.572  11.703
2022-03-15T20:08:00Z  425.896  13.680  143.882  6.38200E-16  SWARM-A  5.578  13.638
2022-03-15T20:08:30Z  425.884  15.623  143.852  6.38850E-16  SWARM-A  5.585  15.572
2022-03-15T20:09:00Z  425.910  17.566  143.824  6.39496E-16  SWARM-A  5.591  17.507
2022-03-15T20:09:30Z  425.974  19.509  143.798  6.40173E-16  SWARM-A  5.598  19.443
2022-03-15T20:10:00Z  426.073  21.451  143.774  6.40939E-16  SWARM-A  5.604  21.378
2022-03-15T20:10:30Z  426.208  23.393  143.753  6.41818E-16  SWARM-A  5.611  23.313
2022-03-15T20:11:00Z  426.375  25.334  143.735  6.42871E-16  SWARM-A  5.618  25.249
2022-03-15T20:11:30Z  426.574  27.274  143.720  6.44131E-16  SWARM-A  5.626  27.185
2022-03-15T20:12:00Z  426.801  29.214  143.710  6.45666E-16  SWARM-A  5.633  29.121
2022-03-15T20:12:30Z  427.056  31.154  143.704  6.47542E-16  SWARM-A  5.641  31.057
2022-03-15T20:13:00Z  427.336  33.092  143.702  6.49766E-16  SWARM-A  5.650  32.993
2022-03-15T20:13:30Z  427.639  35.030  143.707  6.52474E-16  SWARM-A  5.658  34.929
2022-03-15T20:14:00Z  427.963  36.967  143.717  6.55630E-16  SWARM-A  5.667  36.866
2022-03-15T20:14:30Z  428.304  38.904  143.735  6.59317E-16  SWARM-A  5.677  38.802
2022-03-15T20:15:00Z  428.662  40.839  143.760  6.63645E-16  SWARM-A  5.687  40.739
2022-03-15T20:15:30Z  429.033  42.773  143.795  6.68651E-16  SWARM-A  5.697  42.676
2022-03-15T20:16:00Z  429.414  44.707  143.840  6.74360E-16  SWARM-A  5.709  44.612
2022-03-15T20:16:30Z  429.804  46.639  143.896  6.80776E-16  SWARM-A  5.721  46.549
2022-03-15T20:17:00Z  430.200  48.571  143.966  6.87954E-16  SWARM-A  5.734  48.486
2022-03-15T20:17:30Z  430.598  50.501  144.052  6.95923E-16  SWARM-A  5.748  50.424
2022-03-15T20:18:00Z  430.998  52.430  144.155  7.04644E-16  SWARM-A  5.763  52.361
2022-03-15T20:18:30Z  431.395  54.358  144.279  7.14148E-16  SWARM-A  5.780  54.298
2022-03-15T20:19:00Z  431.788  56.285  144.428  7.23577E-16  SWARM-A  5.798  56.236
2022-03-15T20:19:30Z  432.174  58.211  144.605  7.33533E-16  SWARM-A  5.818  58.173
2022-03-15T20:20:00Z  432.552  60.135  144.818  7.44339E-16  SWARM-A  5.841  60.110
2022-03-15T20:20:30Z  432.918  62.057  145.072  7.55969E-16  SWARM-A  5.866  62.048
2022-03-15T20:21:00Z  433.270  63.977  145.377  7.68378E-16  SWARM-A  5.895  63.986
2022-03-15T20:21:30Z  433.607  65.896  145.746  7.81661E-16  SWARM-A  5.927  65.923
2022-03-15T20:22:00Z  433.927  67.812  146.194  7.95955E-16  SWARM-A  5.966  67.861
2022-03-15T20:22:30Z  434.227  69.725  146.744  8.11268E-16  SWARM-A  6.011  69.799
2022-03-15T20:23:00Z  434.506  71.635  147.429  8.27562E-16  SWARM-A  6.065  71.737
2022-03-15T20:23:30Z  434.762  73.540  148.294  8.44808E-16  SWARM-A  6.131  73.675
2022-03-15T20:24:00Z  434.994  75.439  149.410  8.63143E-16  SWARM-A  6.213  75.612
2022-03-15T20:24:30Z  435.201  77.329  150.887  8.82511E-16  SWARM-A  6.320  77.550
2022-03-15T20:25:00Z  435.381  79.205  152.913  9.02594E-16  SWARM-A  6.464  79.488
2022-03-15T20:25:30Z  435.533  81.061  155.825  9.23330E-16  SWARM-A  6.666  81.426
2022-03-15T20:26:00Z  435.657  82.879  160.291  9.45140E-16  SWARM-A  6.972  83.364
2022-03-15T20:26:30Z  435.752  84.621  167.790  9.68083E-16  SWARM-A  7.480  85.302
2022-03-15T20:27:00Z  435.817  86.183  -178.034  9.92195E-16  SWARM-A  8.434  87.240
2022-03-15T20:27:30Z  435.852  87.239  -149.424  1.01746E-15  SWARM-A  10.350  89.178
2022-03-15T20:28:00Z  435.856  87.156  -109.372  1.04169E-15  SWARM-A  13.028  91.116
2022-03-15T20:28:30Z  435.831  86.005  -83.010  1.06540E-15  SWARM-A  14.794  93.054
2022-03-15T20:29:00Z  435.775  84.410  -70.007  1.08997E-15  SWARM-A  15.669  94.992
2022-03-15T20:29:30Z  435.690  82.654  -63.021  1.11530E-15  SWARM-A  16.143  96.930
2022-03-15T20:30:00Z  435.575  80.830  -58.807  1.14110E-15  SWARM-A  16.432  98.868
2022-03-15T20:30:30Z  435.432  78.972  -56.032  1.16730E-15  SWARM-A  16.626  100.806
2022-03-15T20:31:00Z  435.262  77.093  -54.089  1.19523E-15  SWARM-A  16.764  102.744
2022-03-15T20:31:30Z  435.064  75.202  -52.665  1.22378E-15  SWARM-A  16.867  104.682
2022-03-15T20:32:00Z  434.841  73.302  -51.586  1.25244E-15  SWARM-A  16.947  106.620
2022-03-15T20:32:30Z  434.594  71.396  -50.747  1.28112E-15  SWARM-A  17.011  108.557
2022-03-15T20:33:00Z  434.324  69.486  -50.081  1.30971E-15  SWARM-A  17.064  110.495
2022-03-15T20:33:30Z  434.033  67.573  -49.545  1.33810E-15  SWARM-A  17.108  112.433
2022-03-15T20:34:00Z  433.723  65.656  -49.108  1.36474E-15  SWARM-A  17.146  114.370
2022-03-15T20:34:30Z  433.395  63.738  -48.748  1.39003E-15  SWARM-A  17.178  116.308
2022-03-15T20:35:00Z  433.051  61.817  -48.450  1.41478E-15  SWARM-A  17.206  118.246
2022-03-15T20:35:30Z  432.695  59.895  -48.201  1.43888E-15  SWARM-A  17.231  120.183
2022-03-15T20:36:00Z  432.326  57.971  -47.994  1.46233E-15  SWARM-A  17.253  122.120
2022-03-15T20:36:30Z  431.949  56.045  -47.820  1.48501E-15  SWARM-A  17.273  124.058
2022-03-15T20:37:00Z  431.565  54.118  -47.674  1.50695E-15  SWARM-A  17.291  125.995
2022-03-15T20:37:30Z  431.177  52.190  -47.553  1.52746E-15  SWARM-A  17.308  127.932
2022-03-15T20:38:00Z  430.787  50.261  -47.452  1.54703E-15  SWARM-A  17.323  129.869
2022-03-15T20:38:30Z  430.397  48.331  -47.369  1.56586E-15  SWARM-A  17.337  131.806
2022-03-15T20:39:00Z  430.011  46.399  -47.301  1.58402E-15  SWARM-A  17.349  133.743
2022-03-15T20:39:30Z  429.631  44.467  -47.246  1.60155E-15  SWARM-A  17.361  135.680
2022-03-15T20:40:00Z  429.259  42.533  -47.202  1.61842E-15  SWARM-A  17.373  137.617
2022-03-15T20:40:30Z  428.897  40.599  -47.169  1.63461E-15  SWARM-A  17.383  139.553
2022-03-15T20:41:00Z  428.549  38.664  -47.144  1.65014E-15  SWARM-A  17.393  141.490
2022-03-15T20:41:30Z  428.217  36.727  -47.127  1.66501E-15  SWARM-A  17.403  143.426
2022-03-15T20:42:00Z  427.903  34.790  -47.118  1.67928E-15  SWARM-A  17.412  145.362
2022-03-15T20:42:30Z  427.609  32.853  -47.114  1.69282E-15  SWARM-A  17.420  147.298
2022-03-15T20:43:00Z  427.338  30.914  -47.116  1.70560E-15  SWARM-A  17.428  149.234
2022-03-15T20:43:30Z  427.093  28.975  -47.123  1.71757E-15  SWARM-A  17.436  151.170
2022-03-15T20:44:00Z  426.874  27.035  -47.134  1.72867E-15  SWARM-A  17.444  153.106
2022-03-15T20:44:30Z  426.685  25.094  -47.149  1.73888E-15  SWARM-A  17.451  155.041
2022-03-15T20:45:00Z  426.527  23.153  -47.167  1.74814E-15  SWARM-A  17.458  156.977
2022-03-15T20:45:30Z  426.402  21.212  -47.188  1.75646E-15  SWARM-A  17.465  158.912
2022-03-15T20:46:00Z  426.311  19.270  -47.213  1.76380E-15  SWARM-A  17.472  160.847
2022-03-15T20:46:30Z  426.257  17.327  -47.239  1.77015E-15  SWARM-A  17.479  162.782
2022-03-15T20:47:00Z  426.239  15.384  -47.268  1.77550E-15  SWARM-A  17.485  164.717
2022-03-15T20:47:30Z  426.260  13.441  -47.298  1.77983E-15  SWARM-A  17.491  166.651
2022-03-15T20:48:00Z  426.321  11.498  -47.330  1.78319E-15  SWARM-A  17.498  168.586
2022-03-15T20:48:30Z  426.422  9.554  -47.363  1.78554E-15  SWARM-A  17.504  170.520
2022-03-15T20:49:00Z  426.564  7.611  -47.397  1.78690E-15  SWARM-A  17.510  172.454
2022-03-15T20:49:30Z  426.747  5.667  -47.432  1.78733E-15  SWARM-A  17.516  174.388
2022-03-15T20:50:00Z  426.973  3.723  -47.467  1.78687E-15  SWARM-A  17.522  176.322
2022-03-15T20:50:30Z  427.239  1.780  -47.503  1.78536E-15  SWARM-A  17.528  178.256
2022-03-15T20:51:00Z  427.548  -0.164  -47.539  1.78291E-15  SWARM-A  17.534  180.189
2022-03-15T20:51:30Z  427.898  -2.107  -47.576  1.77952E-15  SWARM-A  17.539  182.122
2022-03-15T20:52:00Z  428.289  -4.050  -47.612  1.77520E-15  SWARM-A  17.545  184.055
2022-03-15T20:52:30Z  428.719  -5.993  -47.647  1.76976E-15  SWARM-A  17.551  185.988
2022-03-15T20:53:00Z  429.190  -7.936  -47.682  1.76323E-15  SWARM-A  17.557  187.921
2022-03-15T20:53:30Z  429.698  -9.878  -47.716  1.75548E-15  SWARM-A  17.563  189.853
2022-03-15T20:54:00Z  430.243  -11.819  -47.749  1.74646E-15  SWARM-A  17.570  191.786
2022-03-15T20:54:30Z  430.824  -13.760  -47.781  1.73611E-15  SWARM-A  17.576  193.718
2022-03-15T20:55:00Z  431.439  -15.700  -47.811  1.72432E-15  SWARM-A  17.582  195.649
2022-03-15T20:55:30Z  432.086  -17.640  -47.839  1.71110E-15  SWARM-A  17.589  197.581
2022-03-15T20:56:00Z  432.763  -19.579  -47.865  1.69624E-15  SWARM-A  17.595  199.513
2022-03-15T20:56:30Z  433.469  -21.517  -47.889  1.67951E-15  SWARM-A  17.602  201.444
2022-03-15T20:57:00Z  434.200  -23.454  -47.911  1.66124E-15  SWARM-A  17.609  203.375
2022-03-15T20:57:30Z  434.955  -25.391  -47.929  1.64150E-15  SWARM-A  17.616  205.306
2022-03-15T20:58:00Z  435.732  -27.326  -47.943  1.62028E-15  SWARM-A  17.623  207.237
2022-03-15T20:58:30Z  436.527  -29.261  -47.954  1.59769E-15  SWARM-A  17.631  209.167
2022-03-15T20:59:00Z  437.338  -31.194  -47.960  1.57372E-15  SWARM-A  17.639  211.098
2022-03-15T20:59:30Z  438.162  -33.127  -47.962  1.54850E-15  SWARM-A  17.647  213.028
2022-03-15T21:00:00Z  438.997  -35.058  -47.958  1.52021E-15  SWARM-A  17.656  214.958
2022-03-15T21:00:30Z  439.839  -36.989  -47.948  1.49313E-15  SWARM-A  17.665  216.888
2022-03-15T21:01:00Z  440.686  -38.918  -47.931  1.46538E-15  SWARM-A  17.674  218.817
2022-03-15T21:01:30Z  441.534  -40.846  -47.905  1.43712E-15  SWARM-A  17.684  220.747
2022-03-15T21:02:00Z  442.381  -42.773  -47.871  1.40854E-15  SWARM-A  17.695  222.676
2022-03-15T21:02:30Z  443.224  -44.699  -47.827  1.37933E-15  SWARM-A  17.706  224.605
2022-03-15T21:03:00Z  444.059  -46.624  -47.771  1.34995E-15  SWARM-A  17.718  226.534
2022-03-15T21:03:30Z  444.884  -48.547  -47.702  1.32057E-15  SWARM-A  17.731  228.463
2022-03-15T21:04:00Z  445.695  -50.469  -47.618  1.29143E-15  SWARM-A  17.745  230.392
2022-03-15T21:04:30Z  446.490  -52.389  -47.516  1.26266E-15  SWARM-A  17.760  232.320
2022-03-15T21:05:00Z  447.265  -54.309  -47.393  1.23295E-15  SWARM-A  17.777  234.249
2022-03-15T21:05:30Z  448.019  -56.226  -47.247  1.20211E-15  SWARM-A  17.795  236.177
2022-03-15T21:06:00Z  448.747  -58.143  -47.071  1.17202E-15  SWARM-A  17.815  238.105
2022-03-15T21:06:30Z  449.447  -60.057  -46.862  1.14247E-15  SWARM-A  17.837  240.033
2022-03-15T21:07:00Z  450.117  -61.970  -46.612  1.11326E-15  SWARM-A  17.862  241.961
2022-03-15T21:07:30Z  450.755  -63.881  -46.311  1.08551E-15  SWARM-A  17.890  243.889
2022-03-15T21:08:00Z  451.357  -65.790  -45.949  1.05931E-15  SWARM-A  17.923  245.816
2022-03-15T21:08:30Z  451.921  -67.696  -45.508  1.03357E-15  SWARM-A  17.961  247.744
2022-03-15T21:09:00Z  452.446  -69.599  -44.968  1.00824E-15  SWARM-A  18.005  249.671
2022-03-15T21:09:30Z  452.930  -71.499  -44.298  9.83268E-16  SWARM-A  18.058  251.599
2022-03-15T21:10:00Z  453.371  -73.394  -43.454  9.57183E-16  SWARM-A  18.123  253.526
2022-03-15T21:10:30Z  453.766  -75.283  -42.368  9.30553E-16  SWARM-A  18.203  255.453
2022-03-15T21:11:00Z  454.115  -77.163  -40.935  9.04290E-16  SWARM-A  18.307  257.380
2022-03-15T21:11:30Z  454.417  -79.031  -38.980  8.78401E-16  SWARM-A  18.446  259.308
2022-03-15T21:12:00Z  454.670  -80.878  -36.191  8.52947E-16  SWARM-A  18.640  261.235
2022-03-15T21:12:30Z  454.873  -82.691  -31.954  8.27427E-16  SWARM-A  18.931  263.162
2022-03-15T21:13:00Z  455.026  -84.435  -24.938  8.02398E-16  SWARM-A  19.407  265.089
2022-03-15T21:13:30Z  455.127  -86.018  -11.902  7.78136E-16  SWARM-A  20.284  267.016
2022-03-15T21:14:00Z  455.177  -87.158  14.419  7.54888E-16  SWARM-A  22.048  268.943
2022-03-15T21:14:30Z  455.175  -87.239  54.249  7.32427E-16  SWARM-A  0.711  270.870
2022-03-15T21:15:00Z  455.122  -86.193  82.776  7.10209E-16  SWARM-A  2.621  272.797
2022-03-15T21:15:30Z  455.017  -84.643  96.972  6.88539E-16  SWARM-A  3.576  274.724
2022-03-15T21:16:00Z  454.861  -82.912  104.497  6.67739E-16  SWARM-A  4.086  276.651
2022-03-15T21:16:30Z  454.654  -81.106  108.983  6.47932E-16  SWARM-A  4.393  278.578
2022-03-15T21:17:00Z  454.398  -79.261  111.910  6.29229E-16  SWARM-A  4.597  280.505
2022-03-15T21:17:30Z  454.093  -77.395  113.947  6.10813E-16  SWARM-A  4.741  282.432
2022-03-15T21:18:00Z  453.739  -75.516  115.433  5.93402E-16  SWARM-A  4.848  284.360
2022-03-15T21:18:30Z  453.340  -73.628  116.555  5.77310E-16  SWARM-A  4.932  286.287
2022-03-15T21:19:00Z  452.896  -71.734  117.426  5.62534E-16  SWARM-A  4.998  288.214
2022-03-15T21:19:30Z  452.408  -69.835  118.115  5.48944E-16  SWARM-A  5.052  290.142
2022-03-15T21:20:00Z  451.879  -67.932  118.669  5.36541E-16  SWARM-A  5.098  292.069
2022-03-15T21:20:30Z  451.310  -66.026  119.120  5.25220E-16  SWARM-A  5.136  293.997
2022-03-15T21:21:00Z  450.704  -64.117  119.491  5.14896E-16  SWARM-A  5.169  295.925
2022-03-15T21:21:30Z  450.063  -62.207  119.799  5.05542E-16  SWARM-A  5.198  297.852
2022-03-15T21:22:00Z  449.389  -60.294  120.055  4.97129E-16  SWARM-A  5.223  299.780
2022-03-15T21:22:30Z  448.684  -58.379  120.269  4.89633E-16  SWARM-A  5.246  301.708
2022-03-15T21:23:00Z  447.952  -56.463  120.448  4.83231E-16  SWARM-A  5.266  303.637
2022-03-15T21:23:30Z  447.194  -54.546  120.598  4.77998E-16  SWARM-A  5.284  305.565
2022-03-15T21:24:00Z  446.415  -52.627  120.723  4.74127E-16  SWARM-A  5.301  307.493
2022-03-15T21:24:30Z  445.616  -50.706  120.828  4.71720E-16  SWARM-A  5.316  309.422
2022-03-15T21:25:00Z  444.800  -48.784  120.914  4.70831E-16  SWARM-A  5.331  311.351
2022-03-15T21:25:30Z  443.970  -46.861  120.985  4.71356E-16  SWARM-A  5.344  313.280
2022-03-15T21:26:00Z  443.130  -44.937  121.042  4.72965E-16  SWARM-A  5.356  315.209
2022-03-15T21:26:30Z  442.283  -43.011  121.088  4.75330E-16  SWARM-A  5.367  317.138
2022-03-15T21:27:00Z  441.430  -41.084  121.123  4.78237E-16  SWARM-A  5.378  319.067
2022-03-15T21:27:30Z  440.577  -39.156  121.149  4.81601E-16  SWARM-A  5.388  320.997
2022-03-15T21:28:00Z  439.725  -37.226  121.167  4.85451E-16  SWARM-A  5.397  322.927
2022-03-15T21:28:30Z  438.877  -35.296  121.178  4.89907E-16  SWARM-A  5.407  324.856
2022-03-15T21:29:00Z  438.037  -33.365  121.183  4.95034E-16  SWARM-A  5.415  326.787
2022-03-15T21:29:30Z  437.207  -31.432  121.182  5.00695E-16  SWARM-A  5.423  328.717
2022-03-15T21:30:00Z  436.391  -29.498  121.176  5.06860E-16  SWARM-A  5.431  330.647
2022-03-15T21:30:30Z  435.591  -27.564  121.166  5.13431E-16  SWARM-A  5.439  332.578
2022-03-15T21:31:00Z  434.809  -25.628  121.152  5.20355E-16  SWARM-A  5.446  334.509
2022-03-15T21:31:30Z  434.048  -23.692  121.134  5.27597E-16  SWARM-A  5.454  336.440
2022-03-15T21:32:00Z  433.311  -21.754  121.113  5.35097E-16  SWARM-A  5.461  338.371
2022-03-15T21:32:30Z  432.600  -19.816  121.090  5.42820E-16  SWARM-A  5.467  340.302
2022-03-15T21:33:00Z  431.918  -17.877  121.064  5.50706E-16  SWARM-A  5.474  342.234
2022-03-15T21:33:30Z  431.265  -15.938  121.036  5.58672E-16  SWARM-A  5.480  344.166
2022-03-15T21:34:00Z  430.645  -13.997  121.006  5.66774E-16  SWARM-A  5.487  346.098
2022-03-15T21:34:30Z  430.058  -12.056  120.974  5.74916E-16  SWARM-A  5.493  348.030
2022-03-15T21:35:00Z  429.507  -10.115  120.941  5.83124E-16  SWARM-A  5.499  349.963
2022-03-15T21:35:30Z  428.993  -8.173  120.908  5.91335E-16  SWARM-A  5.505  351.895
2022-03-15T21:36:00Z  428.517  -6.230  120.873  5.99562E-16  SWARM-A  5.511  353.828
2022-03-15T21:36:30Z  428.081  -4.287  120.837  6.07760E-16  SWARM-A  5.517  355.761
2022-03-15T21:37:00Z  427.684  -2.344  120.801  6.15943E-16  SWARM-A  5.523  357.694
2022-03-15T21:37:30Z  427.328  -0.401  120.765  6.24062E-16  SWARM-A  5.529  359.627
2022-03-15T21:38:00Z  427.014  1.543  120.729  6.32109E-16  SWARM-A  5.535  1.561
2022-03-15T21:38:30Z  426.741  3.487  120.693  6.40114E-16  SWARM-A  5.541  3.495
2022-03-15T21:39:00Z  426.510  5.431  120.658  6.47806E-16  SWARM-A  5.547  5.429
2022-03-15T21:39:30Z  426.321  7.375  120.623  6.55370E-16  SWARM-A  5.553  7.363
2022-03-15T21:40:00Z  426.173  9.319  120.588  6.62795E-16  SWARM-A  5.559  9.297
2022-03-15T21:40:30Z  426.066  11.262  120.555  6.70061E-16  SWARM-A  5.565  11.231
2022-03-15T21:41:00Z  426.000  13.206  120.523  6.77178E-16  SWARM-A  5.571  13.166
2022-03-15T21:41:30Z  425.973  15.149  120.493  6.84132E-16  SWARM-A  5.578  15.101
2022-03-15T21:42:00Z  425.985  17.092  120.464  6.90940E-16  SWARM-A  5.584  17.036
2022-03-15T21:42:30Z  426.035  19.035  120.437  6.97635E-16  SWARM-A  5.591  18.971
2022-03-15T21:43:00Z  426.120  20.977  120.413  7.04265E-16  SWARM-A  5.597  20.906
2022-03-15T21:43:30Z  426.241  22.919  120.391  7.10882E-16  SWARM-A  5.604  22.842
2022-03-15T21:44:00Z  426.396  24.860  120.372  7.17531E-16  SWARM-A  5.611  24.777
2022-03-15T21:44:30Z  426.581  26.801  120.357  7.24244E-16  SWARM-A  5.619  26.713
2022-03-15T21:45:00Z  426.797  28.741  120.346  7.31008E-16  SWARM-A  5.626  28.649
2022-03-15T21:45:30Z  427.040  30.681  120.338  7.37892E-16  SWARM-A  5.634  30.585
2022-03-15T21:46:00Z  427.309  32.620  120.336  7.44933E-16  SWARM-A  5.642  32.521
2022-03-15T21:46:30Z  427.601  34.558  120.339  7.52221E-16  SWARM-A  5.651  34.457
2022-03-15T21:47:00Z  427.914  36.495  120.348  7.59765E-16  SWARM-A  5.660  36.393
2022-03-15T21:47:30Z  428.247  38.431  120.364  7.67697E-16  SWARM-A  5.669  38.330
2022-03-15T21:48:00Z  428.595  40.367  120.387  7.76016E-16  SWARM-A  5.679  40.266
2022-03-15T21:48:30Z  428.958  42.301  120.420  7.84735E-16  SWARM-A  5.689  42.203
2022-03-15T21:49:00Z  429.332  44.235  120.462  7.93901E-16  SWARM-A  5.701  44.140
2022-03-15T21:49:30Z  429.715  46.168  120.516  8.03530E-16  SWARM-A  5.712  46.077
2022-03-15T21:50:00Z  430.104  48.100  120.583  8.12811E-16  SWARM-A  5.725  48.014
2022-03-15T21:50:30Z  430.497  50.030  120.664  8.21887E-16  SWARM-A  5.739  49.951
2022-03-15T21:51:00Z  430.891  51.960  120.763  8.31540E-16  SWARM-A  5.754  51.888
2022-03-15T21:51:30Z  431.285  53.888  120.882  8.41807E-16  SWARM-A  5.770  53.826
2022-03-15T21:52:00Z  431.674  55.815  121.025  8.52751E-16  SWARM-A  5.788  55.763
2022-03-15T21:52:30Z  432.058  57.741  121.195  8.64408E-16  SWARM-A  5.808  57.700
2022-03-15T21:53:00Z  432.433  59.665  121.399  8.76941E-16  SWARM-A  5.830  59.638
2022-03-15T21:53:30Z  432.798  61.588  121.642  8.90298E-16  SWARM-A  5.854  61.575
2022-03-15T21:54:00Z  433.150  63.509  121.934  9.04441E-16  SWARM-A  5.882  63.513
2022-03-15T21:54:30Z  433.487  65.428  122.286  9.19387E-16  SWARM-A  5.914  65.451
2022-03-15T21:55:00Z  433.808  67.345  122.714  9.34964E-16  SWARM-A  5.951  67.389
2022-03-15T21:55:30Z  434.109  69.259  123.238  9.50419E-16  SWARM-A  5.994  69.326
2022-03-15T21:56:00Z  434.390  71.169  123.887  9.66538E-16  SWARM-A  6.046  71.264
2022-03-15T21:56:30Z  434.649  73.076  124.703  9.83312E-16  SWARM-A  6.108  73.202
2022-03-15T21:57:00Z  434.884  74.976  125.750  1.00078E-15  SWARM-A  6.186  75.140
2022-03-15T21:57:30Z  435.094  76.868  127.127  1.01873E-15  SWARM-A  6.287  77.078
2022-03-15T21:58:00Z  435.278  78.749  128.998  1.03551E-15  SWARM-A  6.420  79.016
2022-03-15T21:58:30Z  435.434  80.611  131.652  1.05310E-15  SWARM-A  6.605  80.954
2022-03-15T21:59:00Z  435.562  82.440  135.650  1.07154E-15  SWARM-A  6.880  82.892
2022-03-15T21:59:30Z  435.662  84.206  142.198  1.09093E-15  SWARM-A  7.325  84.830
2022-03-15T22:00:00Z  435.732  85.829  154.203  1.11164E-15  SWARM-A  8.133  86.768
2022-03-15T22:00:30Z  435.772  87.060  178.507  1.13515E-15  SWARM-A  9.762  88.706
2022-03-15T22:01:00Z  435.782  87.298  -141.972  1.15911E-15  SWARM-A  12.405  90.644
2022-03-15T22:01:30Z  435.762  86.343  -111.225  1.18320E-15  SWARM-A  14.463  92.582
2022-03-15T22:02:00Z  435.711  84.817  -95.815  1.20834E-15  SWARM-A  15.499  94.520
2022-03-15T22:02:30Z  435.632  83.089  -87.777  1.23454E-15  SWARM-A  16.043  96.458
2022-03-15T22:03:00Z  435.523  81.278  -83.050  1.25923E-15  SWARM-A  16.366  98.396
2022-03-15T22:03:30Z  435.385  79.426  -79.996  1.28430E-15  SWARM-A  16.578  100.334
2022-03-15T22:04:00Z  435.220  77.551  -77.885  1.30963E-15  SWARM-A  16.727  102.272
2022-03-15T22:04:30Z  435.028  75.663  -76.353  1.33499E-15  SWARM-A  16.838  104.210
2022-03-15T22:05:00Z  434.810  73.765  -75.200  1.36008E-15  SWARM-A  16.923  106.148
2022-03-15T22:05:30Z  434.568  71.860  -74.309  1.38436E-15  SWARM-A  16.991  108.086
2022-03-15T22:06:00Z  434.303  69.951  -73.605  1.40726E-15  SWARM-A  17.046  110.023
2022-03-15T22:06:30Z  434.017  68.039  -73.039  1.42940E-15  SWARM-A  17.092  111.961
2022-03-15T22:07:00Z  433.712  66.123  -72.580  1.45074E-15  SWARM-A  17.131  113.899
2022-03-15T22:07:30Z  433.388  64.205  -72.202  1.47128E-15  SWARM-A  17.165  115.837
2022-03-15T22:08:00Z  433.049  62.284  -71.890  1.49121E-15  SWARM-A  17.194  117.774
2022-03-15T22:08:30Z  432.697  60.362  -71.630  1.51063E-15  SWARM-A  17.219  119.712
2022-03-15T22:09:00Z  432.333  58.439  -71.413  1.52996E-15  SWARM-A  17.242  121.649
2022-03-15T22:09:30Z  431.960  56.513  -71.231  1.54929E-15  SWARM-A  17.263  123.586
2022-03-15T22:10:00Z  431.580  54.587  -71.079  1.56866E-15  SWARM-A  17.281  125.524
2022-03-15T22:10:30Z  431.195  52.659  -70.952  1.58799E-15  SWARM-A  17.298  127.461
2022-03-15T22:11:00Z  430.808  50.730  -70.846  1.60702E-15  SWARM-A  17.313  129.398
2022-03-15T22:11:30Z  430.422  48.800  -70.758  1.62543E-15  SWARM-A  17.328  131.335
2022-03-15T22:12:00Z  430.038  46.869  -70.686  1.64311E-15  SWARM-A  17.341  133.272
2022-03-15T22:12:30Z  429.660  44.936  -70.628  1.65991E-15  SWARM-A  17.353  135.209
2022-03-15T22:13:00Z  429.290  43.003  -70.582  1.67535E-15  SWARM-A  17.364  137.146
2022-03-15T22:13:30Z  428.930  41.069  -70.546  1.68918E-15  SWARM-A  17.375  139.082
2022-03-15T22:14:00Z  428.583  39.134  -70.519  1.70231E-15  SWARM-A  17.385  141.019
2022-03-15T22:14:30Z  428.251  37.198  -70.500  1.71470E-15  SWARM-A  17.395  142.955
2022-03-15T22:15:00Z  427.937  35.261  -70.489  1.72627E-15  SWARM-A  17.404  144.892
2022-03-15T22:15:30Z  427.644  33.324  -70.484  1.73705E-15  SWARM-A  17.413  146.828
2022-03-15T22:16:00Z  427.373  31.385  -70.484  1.74679E-15  SWARM-A  17.421  148.764
2022-03-15T22:16:30Z  427.127  29.446  -70.490  1.75551E-15  SWARM-A  17.429  150.700
2022-03-15T22:17:00Z  426.907  27.506  -70.500  1.76311E-15  SWARM-A  17.436  152.635
2022-03-15T22:17:30Z  426.717  25.566  -70.514  1.76957E-15  SWARM-A  17.444  154.571
2022-03-15T22:18:00Z  426.557  23.625  -70.531  1.77484E-15  SWARM-A  17.451  156.506
2022-03-15T22:18:30Z  426.430  21.684  -70.552  1.77904E-15  SWARM-A  17.458  158.442
2022-03-15T22:19:00Z  426.337  19.742  -70.575  1.78207E-15  SWARM-A  17.465  160.377
2022-03-15T22:19:30Z  426.280  17.799  -70.601  1.78396E-15  SWARM-A  17.471  162.312
2022-03-15T22:20:00Z  426.260  15.857  -70.629  1.78481E-15  SWARM-A  17.478  164.247
2022-03-15T22:20:30Z  426.278  13.914  -70.659  1.78463E-15  SWARM-A  17.484  166.181
2022-03-15T22:21:00Z  426.336  11.970  -70.690  1.78347E-15  SWARM-A  17.490  168.116
2022-03-15T22:21:30Z  426.433  10.027  -70.723  1.78138E-15  SWARM-A  17.497  170.050
2022-03-15T22:22:00Z  426.571  8.083  -70.757  1.77846E-15  SWARM-A  17.503  171.984
2022-03-15T22:22:30Z  426.751  6.139  -70.792  1.77474E-15  SWARM-A  17.509  173.918
2022-03-15T22:23:00Z  426.971  4.196  -70.827  1.77025E-15  SWARM-A  17.515  175.852
2022-03-15T22:23:30Z  427.234  2.252  -70.863  1.76506E-15  SWARM-A  17.521  177.786
2022-03-15T22:24:00Z  427.537  0.308  -70.899  1.75919E-15  SWARM-A  17.527  179.719
2022-03-15T22:24:30Z  427.882  -1.635  -70.935  1.75261E-15  SWARM-A  17.532  181.652
2022-03-15T22:25:00Z  428.268  -3.578  -70.971  1.74533E-15  SWARM-A  17.538  183.585
2022-03-15T22:25:30Z  428.693  -5.521  -71.007  1.73727E-15  SWARM-A  17.544  185.518
2022-03-15T22:26:00Z  429.158  -7.463  -71.042  1.72833E-15  SWARM-A  17.550  187.451
2022-03-15T22:26:30Z  429.661  -9.405  -71.076  1.71847E-15  SWARM-A  17.556  189.383
2022-03-15T22:27:00Z  430.201  -11.347  -71.109  1.70755E-15  SWARM-A  17.563  191.316
2022-03-15T22:27:30Z  430.776  -13.288  -71.141  1.69556E-15  SWARM-A  17.569  193.248
2022-03-15T22:28:00Z  431.386  -15.228  -71.172  1.68181E-15  SWARM-A  17.575  195.180
2022-03-15T22:28:30Z  432.028  -17.168  -71.200  1.66630E-15  SWARM-A  17.581  197.111
2022-03-15T22:29:00Z  432.700  -19.107  -71.227  1.64953E-15  SWARM-A  17.588  199.043
2022-03-15T22:29:30Z  433.401  -21.045  -71.252  1.63145E-15  SWARM-A  17.595  200.974
2022-03-15T22:30:00Z  434.128  -22.983  -71.274  1.61206E-15  SWARM-A  17.602  202.905
2022-03-15T22:30:30Z  434.879  -24.919  -71.292  1.59139E-15  SWARM-A  17.609  204.836
2022-03-15T22:31:00Z  435.651  -26.855  -71.308  1.56951E-15  SWARM-A  17.616  206.767
2022-03-15T22:31:30Z  436.443  -28.790  -71.320  1.54643E-15  SWARM-A  17.624  208.697
2022-03-15T22:32:00Z  437.251  -30.724  -71.327  1.52241E-15  SWARM-A  17.631  210.628
2022-03-15T22:32:30Z  438.073  -32.656  -71.330  1.49745E-15  SWARM-A  17.640  212.558
2022-03-15T22:33:00Z  438.905  -34.588  -71.327  1.47186E-15  SWARM-A  17.648  214.488
2022-03-15T22:33:30Z  439.746  -36.519  -71.318  1.44572E-15  SWARM-A  17.657  216.418
2022-03-15T22:34:00Z  440.592  -38.448  -71.303  1.41908E-15  SWARM-A  17.666  218.347
2022-03-15T22:34:30Z  441.440  -40.377  -71.280  1.39212E-15  SWARM-A  17.676  220.277
2022-03-15T22:35:00Z  442.287  -42.304  -71.248  1.36499E-15  SWARM-A  17.687  222.206
2022-03-15T22:35:30Z  443.130  -44.230  -71.206  1.33782E-15  SWARM-A  17.698  224.135
2022-03-15T22:36:00Z  443.966  -46.155  -71.153  1.31072E-15  SWARM-A  17.710  226.064
2022-03-15T22:36:30Z  444.792  -48.078  -71.087  1.28287E-15  SWARM-A  17.722  227.993
2022-03-15T22:37:00Z  445.605  -50.000  -71.007  1.25515E-15  SWARM-A  17.736  229.922
2022-03-15T22:37:30Z  446.403  -51.921  -70.909  1.22777E-15  SWARM-A  17.751  231.850
2022-03-15T22:38:00Z  447.181  -53.841  -70.792  1.20081E-15  SWARM-A  17.767  233.778
2022-03-15T22:38:30Z  447.938  -55.759  -70.651  1.17427E-15  SWARM-A  17.785  235.707
2022-03-15T22:39:00Z  448.670  -57.675  -70.483  1.14820E-15  SWARM-A  17.804  237.635
2022-03-15T22:39:30Z  449.376  -59.590  -70.282  1.12094E-15  SWARM-A  17.826  239.563
2022-03-15T22:40:00Z  450.051  -61.503  -70.042  1.09383E-15  SWARM-A  17.850  241.491
2022-03-15T22:40:30Z  450.694  -63.415  -69.755  1.06731E-15  SWARM-A  17.878  243.418
2022-03-15T22:41:00Z  451.303  -65.324  -69.409  1.04132E-15  SWARM-A  17.909  245.346
2022-03-15T22:41:30Z  451.875  -67.231  -68.989  1.01578E-15  SWARM-A  17.946  247.273
2022-03-15T22:42:00Z  452.407  -69.135  -68.475  9.90731E-16  SWARM-A  17.988  249.201
2022-03-15T22:42:30Z  452.898  -71.035  -67.840  9.66976E-16  SWARM-A  18.039  251.128
2022-03-15T22:43:00Z  453.347  -72.931  -67.042  9.43077E-16  SWARM-A  18.100  253.056
2022-03-15T22:43:30Z  453.751  -74.822  -66.022  9.18952E-16  SWARM-A  18.177  254.983
2022-03-15T22:44:00Z  454.108  -76.705  -64.686  8.94894E-16  SWARM-A  18.274  256.910
2022-03-15T22:44:30Z  454.419  -78.576  -62.879  8.71267E-16  SWARM-A  18.403  258.837
2022-03-15T22:45:00Z  454.681  -80.429  -60.333  8.47299E-16  SWARM-A  18.581  260.764
2022-03-15T22:45:30Z  454.893  -82.252  -56.531  8.24020E-16  SWARM-A  18.843  262.691
2022-03-15T22:46:00Z  455.055  -84.018  -50.385  8.02032E-16  SWARM-A  19.261  264.618
2022-03-15T22:46:30Z  455.166  -85.654  -39.304  7.81263E-16  SWARM-A  20.008  266.545
2022-03-15T22:47:00Z  455.225  -86.949  -17.066  7.61760E-16  SWARM-A  21.499  268.472
2022-03-15T22:47:30Z  455.233  -87.342  21.244  7.43166E-16  SWARM-A  0.061  270.399
2022-03-15T22:48:00Z  455.189  -86.514  54.090  7.24275E-16  SWARM-A  2.259  272.326
2022-03-15T22:48:30Z  455.093  -85.044  70.952  7.05816E-16  SWARM-A  3.392  274.253
2022-03-15T22:49:00Z  454.947  -83.343  79.642  6.88141E-16  SWARM-A  3.979  276.180
2022-03-15T22:49:30Z  454.749  -81.551  84.687  6.71363E-16  SWARM-A  4.324  278.107
2022-03-15T22:50:00Z  454.501  -79.714  87.916  6.55592E-16  SWARM-A  4.548  280.034
2022-03-15T22:50:30Z  454.204  -77.852  90.132  6.41081E-16  SWARM-A  4.704  281.962
2022-03-15T22:51:00Z  453.859  -75.976  91.733  6.27810E-16  SWARM-A  4.819  283.889
2022-03-15T22:51:30Z  453.467  -74.090  92.932  6.15733E-16  SWARM-A  4.907  285.816
2022-03-15T22:52:00Z  453.030  -72.197  93.857  6.04866E-16  SWARM-A  4.977  287.743
2022-03-15T22:52:30Z  452.548  -70.299  94.586  5.95274E-16  SWARM-A  5.034  289.671
2022-03-15T22:53:00Z  452.025  -68.397  95.170  5.86955E-16  SWARM-A  5.081  291.598
2022-03-15T22:53:30Z  451.462  -66.491  95.645  5.79192E-16  SWARM-A  5.121  293.526
2022-03-15T22:54:00Z  450.860  -64.584  96.034  5.72003E-16  SWARM-A  5.156  295.454
2022-03-15T22:54:30Z  450.223  -62.673  96.356  5.65882E-16  SWARM-A  5.185  297.381
2022-03-15T22:55:00Z  449.552  -60.761  96.624  5.60590E-16  SWARM-A  5.212  299.309
2022-03-15T22:55:30Z  448.851  -58.847  96.848  5.56116E-16  SWARM-A  5.235  301.237
2022-03-15T22:56:00Z  448.120  -56.931  97.035  5.52402E-16  SWARM-A  5.256  303.166
2022-03-15T22:56:30Z  447.364  -55.014  97.192  5.49228E-16  SWARM-A  5.274  305.094
2022-03-15T22:57:00Z  446.585  -53.095  97.323  5.46877E-16  SWARM-A  5.291  307.022
2022-03-15T22:57:30Z  445.786  -51.175  97.433  5.45412E-16  SWARM-A  5.307  308.951
2022-03-15T22:58:00Z  444.969  -49.254  97.523  5.44846E-16  SWARM-A  5.321  310.880
2022-03-15T22:58:30Z  444.138  -47.331  97.598  5.45159E-16  SWARM-A  5.335  312.809
2022-03-15T22:59:00Z  443.296  -45.407  97.658  5.46260E-16  SWARM-A  5.347  314.738
2022-03-15T22:59:30Z  442.445  -43.481  97.707  5.47857E-16  SWARM-A  5.359  316.667
2022-03-15T23:00:00Z  441.589  -41.554  97.745  5.49744E-16  SWARM-A  5.370  318.596
2022-03-15T23:00:30Z  440.731  -39.627  97.773  5.51723E-16  SWARM-A  5.380  320.526
2022-03-15T23:01:00Z  439.874  -37.698  97.793  5.53714E-16  SWARM-A  5.389  322.455
2022-03-15T23:01:30Z  439.020  -35.767  97.806  5.55807E-16  SWARM-A  5.399  324.385
2022-03-15T23:02:00Z  438.173  -33.836  97.812  5.58075E-16  SWARM-A  5.407  326.315
2022-03-15T23:02:30Z  437.336  -31.904  97.813  5.60510E-16  SWARM-A  5.416  328.246
2022-03-15T23:03:00Z  436.512  -29.970  97.808  5.62958E-16  SWARM-A  5.424  330.176
2022-03-15T23:03:30Z  435.703  -28.036  97.799  5.65440E-16  SWARM-A  5.432  332.107
2022-03-15T23:04:00Z  434.912  -26.101  97.786  5.67948E-16  SWARM-A  5.439  334.038
2022-03-15T23:04:30Z  434.142  -24.164  97.769  5.70428E-16  SWARM-A  5.446  335.969
2022-03-15T23:05:00Z  433.395  -22.227  97.749  5.72851E-16  SWARM-A  5.453  337.900
2022-03-15T23:05:30Z  432.674  -20.289  97.726  5.75173E-16  SWARM-A  5.460  339.831
2022-03-15T23:06:00Z  431.981  -18.350  97.701  5.77398E-16  SWARM-A  5.467  341.763
2022-03-15T23:06:30Z  431.318  -16.411  97.673  5.79502E-16  SWARM-A  5.473  343.695
2022-03-15T23:07:00Z  430.687  -14.470  97.644  5.81496E-16  SWARM-A  5.480  345.627
2022-03-15T23:07:30Z  430.089  -12.530  97.612  5.83364E-16  SWARM-A  5.486  347.559
2022-03-15T23:08:00Z  429.527  -10.588  97.580  5.85141E-16  SWARM-A  5.492  349.491
2022-03-15T23:08:30Z  429.002  -8.646  97.546  5.86813E-16  SWARM-A  5.498  351.424
2022-03-15T23:09:00Z  428.515  -6.704  97.512  5.88409E-16  SWARM-A  5.504  353.357
2022-03-15T23:09:30Z  428.068  -4.761  97.477  5.89964E-16  SWARM-A  5.510  355.290
2022-03-15T23:10:00Z  427.660  -2.818  97.441  5.91495E-16  SWARM-A  5.516  357.223
2022-03-15T23:10:30Z  427.294  -0.874  97.405  5.93013E-16  SWARM-A  5.522  359.156
2022-03-15T23:11:00Z  426.969  1.070  97.369  5.94552E-16  SWARM-A  5.528  1.090
2022-03-15T23:11:30Z  426.686  3.013  97.333  5.96138E-16  SWARM-A  5.534  3.024
2022-03-15T23:12:00Z  426.445  4.957  97.297  5.97764E-16  SWARM-A  5.540  4.958
2022-03-15T23:12:30Z  426.246  6.901  97.262  5.99483E-16  SWARM-A  5.546  6.892
2022-03-15T23:13:00Z  426.089  8.845  97.228  6.01377E-16  SWARM-A  5.552  8.826
2022-03-15T23:13:30Z  425.973  10.789  97.194  6.03421E-16  SWARM-A  5.558  10.760
2022-03-15T23:14:00Z  425.899  12.733  97.162  6.05696E-16  SWARM-A  5.564  12.695
2022-03-15T23:14:30Z  425.865  14.676  97.131  6.08247E-16  SWARM-A  5.570  14.630
2022-03-15T23:15:00Z  425.870  16.619  97.102  6.11121E-16  SWARM-A  5.577  16.565
2022-03-15T23:15:30Z  425.913  18.562  97.075  6.14311E-16  SWARM-A  5.583  18.500
2022-03-15T23:16:00Z  425.993  20.505  97.050  6.17945E-16  SWARM-A  5.590  20.435
2022-03-15T23:16:30Z  426.109  22.446  97.028  6.22026E-16  SWARM-A  5.597  22.371
2022-03-15T23:17:00Z  426.259  24.388  97.008  6.26621E-16  SWARM-A  5.604  24.306
2022-03-15T23:17:30Z  426.441  26.329  96.992  6.31750E-16  SWARM-A  5.611  26.242
2022-03-15T23:18:00Z  426.653  28.269  96.980  6.37517E-16  SWARM-A  5.619  28.178
2022-03-15T23:18:30Z  426.894  30.209  96.972  6.43853E-16  SWARM-A  5.626  30.114
2022-03-15T23:19:00Z  427.161  32.148  96.968  6.50837E-16  SWARM-A  5.635  32.050
2022-03-15T23:19:30Z  427.452  34.086  96.970  6.58222E-16  SWARM-A  5.643  33.986
2022-03-15T23:20:00Z  427.766  36.024  96.977  6.66506E-16  SWARM-A  5.652  35.922
2022-03-15T23:20:30Z  428.098  37.960  96.991  6.75472E-16  SWARM-A  5.661  37.859
2022-03-15T23:21:00Z  428.448  39.896  97.013  6.85107E-16  SWARM-A  5.671  39.795
2022-03-15T23:21:30Z  428.813  41.831  97.043  6.95339E-16  SWARM-A  5.681  41.732
2022-03-15T23:22:00Z  429.190  43.765  97.083  7.06206E-16  SWARM-A  5.692  43.669
2022-03-15T23:22:30Z  429.577  45.698  97.134  7.17244E-16  SWARM-A  5.704  45.606
2022-03-15T23:23:00Z  429.972  47.630  97.198  7.28002E-16  SWARM-A  5.717  47.543
2022-03-15T23:23:30Z  430.371  49.561  97.276  7.39249E-16  SWARM-A  5.730  49.480
2022-03-15T23:24:00Z  430.772  51.490  97.370  7.51051E-16  SWARM-A  5.745  51.417
2022-03-15T23:24:30Z  431.172  53.419  97.484  7.63372E-16  SWARM-A  5.761  53.354
2022-03-15T23:25:00Z  431.570  55.347  97.621  7.76256E-16  SWARM-A  5.778  55.292
2022-03-15T23:25:30Z  431.962  57.273  97.784  7.89655E-16  SWARM-A  5.797  57.229
2022-03-15T23:26:00Z  432.347  59.197  97.979  8.03724E-16  SWARM-A  5.819  59.167
2022-03-15T23:26:30Z  432.722  61.120  98.212  8.18354E-16  SWARM-A  5.843  61.104
2022-03-15T23:27:00Z  433.085  63.042  98.492  8.33595E-16  SWARM-A  5.869  63.042
2022-03-15T23:27:30Z  433.433  64.961  98.829  8.49475E-16  SWARM-A  5.900  64.980
2022-03-15T23:28:00Z  433.765  66.879  99.236  8.65925E-16  SWARM-A  5.936  66.917
2022-03-15T23:28:30Z  434.078  68.793  99.735  8.82890E-16  SWARM-A  5.977  68.855
2022-03-15T23:29:00Z  434.372  70.705  100.350  8.99967E-16  SWARM-A  6.027  70.793
2022-03-15T23:29:30Z  434.643  72.612  101.122  9.17776E-16  SWARM-A  6.086  72.731
2022-03-15T23:30:00Z  434.891  74.514  102.106  9.36391E-16  SWARM-A  6.160  74.669
2022-03-15T23:30:30Z  435.115  76.409  103.391  9.55783E-16  SWARM-A  6.254  76.606
2022-03-15T23:31:00Z  435.312  78.293  105.122  9.76041E-16  SWARM-A  6.378  78.544
2022-03-15T23:31:30Z  435.483  80.160  107.549  9.96094E-16  SWARM-A  6.548  80.482
2022-03-15T23:32:00Z  435.625  81.998  111.146  1.01614E-15  SWARM-A  6.796  82.420
2022-03-15T23:32:30Z  435.738  83.784  116.901  1.03706E-15  SWARM-A  7.188  84.358
2022-03-15T23:33:00Z  435.822  85.455  127.142  1.05890E-15  SWARM-A  7.879  86.296
2022-03-15T23:33:30Z  435.877  86.822  147.588  1.08178E-15  SWARM-A  9.251  88.234
2022-03-15T23:34:00Z  435.901  87.363  -175.292  1.10527E-15  SWARM-A  11.734  90.172
2022-03-15T23:34:30Z  435.894  86.650  -140.367  1.12995E-15  SWARM-A  14.071  92.110
2022-03-15T23:35:00Z  435.858  85.215  -122.026  1.15559E-15  SWARM-A  15.302  94.048
2022-03-15T23:35:30Z  435.791  83.520  -112.712  1.18218E-15  SWARM-A  15.931  95.986
2022-03-15T23:36:00Z  435.696  81.723  -107.384  1.20953E-15  SWARM-A  16.294  97.924
2022-03-15T23:36:30Z  435.571  79.879  -104.009  1.23750E-15  SWARM-A  16.528  99.862
2022-03-15T23:37:00Z  435.418  78.009  -101.710  1.26587E-15  SWARM-A  16.689  101.800
2022-03-15T23:37:30Z  435.239  76.124  -100.059  1.29236E-15  SWARM-A  16.808  103.738
2022-03-15T23:38:00Z  435.033  74.228  -98.827  1.31853E-15  SWARM-A  16.898  105.675
2022-03-15T23:38:30Z  434.802  72.325  -97.879  1.34438E-15  SWARM-A  16.970  107.613
2022-03-15T23:39:00Z  434.548  70.417  -97.134  1.36976E-15  SWARM-A  17.028  109.551
2022-03-15T23:39:30Z  434.273  68.505  -96.539  1.39437E-15  SWARM-A  17.076  111.489
2022-03-15T23:40:00Z  433.977  66.590  -96.055  1.41822E-15  SWARM-A  17.116  113.426
2022-03-15T23:40:30Z  433.663  64.673  -95.659  1.44105E-15  SWARM-A  17.151  115.364
2022-03-15T23:41:00Z  433.333  62.753  -95.332  1.46251E-15  SWARM-A  17.181  117.301
2022-03-15T23:41:30Z  432.989  60.832  -95.060  1.48352E-15  SWARM-A  17.208  119.239
2022-03-15T23:42:00Z  432.632  58.908  -94.833  1.50441E-15  SWARM-A  17.231  121.176
2022-03-15T23:42:30Z  432.266  56.984  -94.643  1.52561E-15  SWARM-A  17.252  123.113
2022-03-15T23:43:00Z  431.892  55.058  -94.484  1.54746E-15  SWARM-A  17.271  125.050
2022-03-15T23:43:30Z  431.512  53.130  -94.351  1.56984E-15  SWARM-A  17.288  126.988
2022-03-15T23:44:00Z  431.130  51.202  -94.241  1.59246E-15  SWARM-A  17.304  128.925
2022-03-15T23:44:30Z  430.747  49.272  -94.149  1.61461E-15  SWARM-A  17.319  130.862
2022-03-15T23:45:00Z  430.366  47.341  -94.073  1.63583E-15  SWARM-A  17.332  132.798
2022-03-15T23:45:30Z  429.989  45.409  -94.012  1.65541E-15  SWARM-A  17.344  134.735
2022-03-15T23:46:00Z  429.619  43.476  -93.963  1.67326E-15  SWARM-A  17.356  136.672
2022-03-15T23:46:30Z  429.259  41.543  -93.924  1.68948E-15  SWARM-A  17.367  138.608
2022-03-15T23:47:00Z  428.911  39.608  -93.895  1.70420E-15  SWARM-A  17.377  140.545
2022-03-15T23:47:30Z  428.577  37.672  -93.875  1.71762E-15  SWARM-A  17.387  142.481
2022-03-15T23:48:00Z  428.260  35.736  -93.862  1.72989E-15  SWARM-A  17.396  144.417
2022-03-15T23:48:30Z  427.963  33.799  -93.855  1.74104E-15  SWARM-A  17.405  146.353
2022-03-15T23:49:00Z  427.687  31.861  -93.854  1.75099E-15  SWARM-A  17.413  148.289
2022-03-15T23:49:30Z  427.435  29.922  -93.858  1.75967E-15  SWARM-A  17.421  150.225
2022-03-15T23:50:00Z  427.209  27.982  -93.867  1.76720E-15  SWARM-A  17.429  152.160
2022-03-15T23:50:30Z  427.011  26.042  -93.880  1.77336E-15  SWARM-A  17.436  154.096
2022-03-15T23:51:00Z  426.843  24.102  -93.897  1.77822E-15  SWARM-A  17.444  156.031
2022-03-15T23:51:30Z  426.706  22.160  -93.917  1.78181E-15  SWARM-A  17.451  157.967
2022-03-15T23:52:00Z  426.603  20.219  -93.940  1.78414E-15  SWARM-A  17.457  159.902
2022-03-15T23:52:30Z  426.535  18.277  -93.965  1.78531E-15  SWARM-A  17.464  161.836
2022-03-15T23:53:00Z  426.504  16.334  -93.992  1.78536E-15  SWARM-A  17.471  163.771
2022-03-15T23:53:30Z  426.510  14.391  -94.022  1.78440E-15  SWARM-A  17.477  165.706
2022-03-15T23:54:00Z  426.554  12.448  -94.053  1.78255E-15  SWARM-A  17.483  167.640
2022-03-15T23:54:30Z  426.638  10.505  -94.085  1.77990E-15  SWARM-A  17.489  169.574
2022-03-15T23:55:00Z  426.763  8.561  -94.119  1.77655E-15  SWARM-A  17.496  171.508
2022-03-15T23:55:30Z  426.928  6.618  -94.153  1.77258E-15  SWARM-A  17.502  173.442
2022-03-15T23:56:00Z  427.134  4.674  -94.188  1.76807E-15  SWARM-A  17.508  175.376
2022-03-15T23:56:30Z  427.381  2.731  -94.224  1.76306E-15  SWARM-A  17.514  177.310
2022-03-15T23:57:00Z  427.670  0.787  -94.260  1.75757E-15  SWARM-A  17.519  179.243
2022-03-15T23:57:30Z  428.000  -1.156  -94.296  1.75163E-15  SWARM-A  17.525  181.176
2022-03-15T23:58:00Z  428.371  -3.099  -94.332  1.74519E-15  SWARM-A  17.531  183.109
2022-03-15T23:58:30Z  428.782  -5.042  -94.368  1.73818E-15  SWARM-A  17.537  185.042
2022-03-15T23:59:00Z  429.232  -6.984  -94.403  1.73051E-15  SWARM-A  17.543  186.974
2022-03-15T23:59:30Z  429.721  -8.926  -94.437  1.72205E-15  SWARM-A  17.549  188.907
2022-03-16T00:00:00Z  430.247  -10.868  -94.471  1.71398E-15  SWARM-A  17.555  190.839
2022-03-16T00:00:30Z  430.809  -12.809  -94.503  1.70293E-15  SWARM-A  17.562  192.771
2022-03-16T00:01:00Z  431.405  -14.749  -94.534  1.69081E-15  SWARM-A  17.568  194.703
2022-03-16T00:01:30Z  432.034  -16.689  -94.563  1.67745E-15  SWARM-A  17.574  196.635
2022-03-16T00:02:00Z  432.694  -18.628  -94.590  1.66282E-15  SWARM-A  17.581  198.566
2022-03-16T00:02:30Z  433.383  -20.567  -94.615  1.64680E-15  SWARM-A  17.587  200.497
2022-03-16T00:03:00Z  434.099  -22.504  -94.638  1.62932E-15  SWARM-A  17.594  202.428
2022-03-16T00:03:30Z  434.839  -24.441  -94.657  1.61036E-15  SWARM-A  17.601  204.359
2022-03-16T00:04:00Z  435.601  -26.377  -94.674  1.58997E-15  SWARM-A  17.609  206.290
2022-03-16T00:04:30Z  436.383  -28.312  -94.686  1.56818E-15  SWARM-A  17.616  208.220
2022-03-16T00:05:00Z  437.182  -30.246  -94.695  1.54514E-15  SWARM-A  17.624  210.151
2022-03-16T00:05:30Z  437.996  -32.179  -94.699  1.52098E-15  SWARM-A  17.632  212.081
2022-03-16T00:06:00Z  438.821  -34.111  -94.697  1.49586E-15  SWARM-A  17.640  214.011
2022-03-16T00:06:30Z  439.654  -36.041  -94.690  1.46988E-15  SWARM-A  17.649  215.941
2022-03-16T00:07:00Z  440.494  -37.971  -94.676  1.44320E-15  SWARM-A  17.658  217.870
2022-03-16T00:07:30Z  441.336  -39.900  -94.655  1.41582E-15  SWARM-A  17.668  219.800
2022-03-16T00:08:00Z  442.178  -41.827  -94.625  1.38776E-15  SWARM-A  17.678  221.729
2022-03-16T00:08:30Z  443.017  -43.753  -94.586  1.35936E-15  SWARM-A  17.689  223.658
2022-03-16T00:09:00Z  443.850  -45.679  -94.536  1.33081E-15  SWARM-A  17.701  225.587
2022-03-16T00:09:30Z  444.673  -47.602  -94.473  1.30224E-15  SWARM-A  17.714  227.516
2022-03-16T00:10:00Z  445.485  -49.525  -94.397  1.27370E-15  SWARM-A  17.727  229.444
2022-03-16T00:10:30Z  446.281  -51.446  -94.303  1.24528E-15  SWARM-A  17.742  231.373
2022-03-16T00:11:00Z  447.059  -53.366  -94.191  1.21695E-15  SWARM-A  17.757  233.301
2022-03-16T00:11:30Z  447.816  -55.284  -94.056  1.18869E-15  SWARM-A  17.775  235.229
2022-03-16T00:12:00Z  448.549  -57.201  -93.895  1.16058E-15  SWARM-A  17.794  237.158
2022-03-16T00:12:30Z  449.256  -59.116  -93.703  1.13228E-15  SWARM-A  17.815  239.086
2022-03-16T00:13:00Z  449.934  -61.030  -93.474  1.10307E-15  SWARM-A  17.839  241.013
2022-03-16T00:13:30Z  450.580  -62.942  -93.199  1.07405E-15  SWARM-A  17.865  242.941
2022-03-16T00:14:00Z  451.192  -64.851  -92.868  1.04524E-15  SWARM-A  17.896  244.869
2022-03-16T00:14:30Z  451.768  -66.759  -92.467  1.01659E-15  SWARM-A  17.931  246.796
2022-03-16T00:15:00Z  452.305  -68.663  -91.979  9.88251E-16  SWARM-A  17.972  248.724
2022-03-16T00:15:30Z  452.802  -70.565  -91.377  9.60116E-16  SWARM-A  18.020  250.651
2022-03-16T00:16:00Z  453.256  -72.462  -90.623  9.32260E-16  SWARM-A  18.079  252.578
2022-03-16T00:16:30Z  453.666  -74.354  -89.665  9.04808E-16  SWARM-A  18.151  254.506
2022-03-16T00:17:00Z  454.031  -76.239  -88.418  8.77882E-16  SWARM-A  18.242  256.433
2022-03-16T00:17:30Z  454.348  -78.114  -86.746  8.52156E-16  SWARM-A  18.362  258.360
2022-03-16T00:18:00Z  454.617  -79.972  -84.417  8.27360E-16  SWARM-A  18.526  260.287
2022-03-16T00:18:30Z  454.837  -81.804  -80.995  8.03450E-16  SWARM-A  18.762  262.214
2022-03-16T00:19:00Z  455.007  -83.588  -75.585  7.80576E-16  SWARM-A  19.131  264.141
2022-03-16T00:19:30Z  455.126  -85.268  -66.117  7.58878E-16  SWARM-A  19.771  266.068
2022-03-16T00:20:00Z  455.193  -86.683  -47.481  7.38572E-16  SWARM-A  21.021  267.995
2022-03-16T00:20:30Z  455.209  -87.365  -12.365  7.19745E-16  SWARM-A  23.371  269.922
2022-03-16T00:21:00Z  455.174  -86.804  24.300  7.01833E-16  SWARM-A  1.824  271.849
2022-03-16T00:21:30Z  455.086  -85.438  44.430  6.84616E-16  SWARM-A  3.174  273.776
2022-03-16T00:22:00Z  454.948  -83.775  54.560  6.68192E-16  SWARM-A  3.858  275.703
2022-03-16T00:22:30Z  454.758  -81.999  60.275  6.52653E-16  SWARM-A  4.247  277.630
2022-03-16T00:23:00Z  454.518  -80.171  63.856  6.38459E-16  SWARM-A  4.494  279.557
2022-03-16T00:23:30Z  454.229  -78.314  66.277  6.25543E-16  SWARM-A  4.664  281.485
2022-03-16T00:24:00Z  453.892  -76.441  68.005  6.13930E-16  SWARM-A  4.787  283.412
2022-03-16T00:24:30Z  453.507  -74.557  69.290  6.03541E-16  SWARM-A  4.881  285.339
2022-03-16T00:25:00Z  453.077  -72.666  70.275  5.94323E-16  SWARM-A  4.955  287.267
2022-03-16T00:25:30Z  452.602  -70.769  71.047  5.86216E-16  SWARM-A  5.015  289.194
2022-03-16T00:26:00Z  452.085  -68.867  71.664  5.79159E-16  SWARM-A  5.064  291.122
2022-03-16T00:26:30Z  451.528  -66.963  72.163  5.73033E-16  SWARM-A  5.106  293.049
2022-03-16T00:27:00Z  450.932  -65.056  72.572  5.67728E-16  SWARM-A  5.142  294.977
2022-03-16T00:27:30Z  450.300  -63.146  72.910  5.63079E-16  SWARM-A  5.173  296.905
2022-03-16T00:28:00Z  449.634  -61.234  73.190  5.59187E-16  SWARM-A  5.200  298.833
2022-03-16T00:28:30Z  448.936  -59.320  73.424  5.55975E-16  SWARM-A  5.224  300.761
2022-03-16T00:29:00Z  448.209  -57.405  73.620  5.53407E-16  SWARM-A  5.245  302.689
2022-03-16T00:29:30Z  447.455  -55.488  73.784  5.51423E-16  SWARM-A  5.264  304.617
2022-03-16T00:30:00Z  446.678  -53.570  73.922  5.50036E-16  SWARM-A  5.282  306.546
